problem_ordinal,example_idx,step,phase,draft_latency_ms,prm_latency_ms,target_latency_ms,draft_input_tokens,draft_output_tokens,fpga_draft_ms,our,weak,strong
0,0,1,draft|draft_verify,121.47808074951172,3883.350133895874,0.0,92.0,27.0,84.07320000000001,121.47808074951172,4004.8882362453855,121.47808074951172
0,0,2,draft|draft_verify,440.45543670654297,66.50280952453613,0.0,119.0,91.0,296.702,3883.410155495874,507.0183190310791,3883.410155495874
0,0,3,draft|draft_verify,378.22461128234863,72.28827476501465,0.0,210.0,83.0,287.7052,287.7052,450.57295244736326,378.22461128234863
0,0,4,draft|draft_verify,630.4020881652832,106.47797584533691,0.0,293.0,137.0,511.18359999999996,511.18359999999996,736.9401736106201,630.4020881652832
0,0,5,draft|draft_verify,96.99296951293945,127.4557113647461,0.0,430.0,19.0,73.5164,234.053812010083,224.50869607768556,234.053812010083
1,1,1,draft|draft_verify,361.62877082824707,32.207489013671875,0.0,88.0,88.0,280.1216,361.62877082824707,393.8963302419189,361.62877082824707
1,1,2,draft|draft_verify,250.34117698669434,53.03335189819336,0.0,176.0,49.0,163.7276,163.7276,303.4345680848877,250.34117698669434
1,1,3,draft|draft_verify,182.42144584655762,61.3558292388916,0.0,225.0,39.0,134.2284,134.2284,243.83730628544922,182.42144584655762
1,1,4,draft|draft_verify,121.52862548828125,67.40164756774902,0.0,264.0,25.0,87.6764,155.13806756774903,188.99029305603028,188.99029305603028
2,2,1,draft|draft_verify,254.65083122253418,53.319692611694336,0.0,129.0,56.0,181.444,254.65083122253418,308.03056863422853,254.65083122253418
2,2,2,draft|draft_verify,212.2800350189209,75.27637481689453,0.0,185.0,47.0,157.9084,157.9084,287.6164474358154,212.2800350189209
2,2,3,draft|draft_verify|target|target_rescue_verify,488.88134956359863,175.34542083740234,586.9832038879395,232.0,107.0,379.7212,586.9832038879395,1251.2700598889405,586.9832038879395
2,2,4,draft|draft_verify,449.21207427978516,116.93096160888672,0.0,322.0,93.0,348.2748,348.2748,566.203110288672,449.21207427978516
2,2,5,draft|draft_verify,526.0443687438965,144.17552947998047,0.0,415.0,109.0,434.52439999999996,434.52439999999996,670.279985423877,526.0443687438965
2,2,6,draft|draft_verify,407.69267082214355,129.94742393493652,0.0,524.0,84.0,353.8272,353.8272,537.7001619570801,407.69267082214355
2,2,7,draft|draft_verify,354.42566871643066,137.95208930969238,0.0,608.0,74.0,325.384,325.384,492.43781722612306,354.42566871643066
2,2,8,draft|draft_verify,77.61645317077637,155.05146980285645,0.0,682.0,15.0,66.2172,293.1236303125488,232.7279349736328,293.1236303125488
3,3,1,draft|draft_verify,214.7977352142334,31.382322311401367,0.0,83.0,46.0,143.46800000000002,214.7977352142334,246.24009432563477,214.7977352142334
3,3,2,draft|draft_verify,164.0639305114746,40.128231048583984,0.0,129.0,36.0,115.668,115.668,204.2521903600586,164.0639305114746
3,3,3,draft|draft_verify,214.22958374023438,50.40550231933594,0.0,165.0,47.0,155.7004,155.7004,264.6951236595703,214.22958374023438
3,3,4,draft|draft_verify,47.74665832519531,51.74660682678223,0.0,212.0,10.0,33.3872,50.46553991933594,99.55327315197755,50.46553991933594
3,3,5,draft|draft_verify,154.7982692718506,59.94081497192383,0.0,222.0,34.0,116.5088,116.5088,214.79911144377442,154.7982692718506
3,3,6,draft|draft_verify,49.34048652648926,59.424400329589844,0.0,256.0,10.0,34.3376,60.00084217192383,108.82489485607911,60.00084217192383
3,3,7,draft|draft_verify,398.27942848205566,77.85344123840332,0.0,266.0,87.0,313.57079999999996,313.57079999999996,476.192939320459,398.27942848205566
3,3,8,draft|draft_verify,149.10888671875,93.34635734558105,0.0,353.0,32.0,119.2936,119.2936,242.51526966433104,149.10888671875
3,3,9,draft|draft_verify,63.89665603637695,92.89169311523438,0.0,385.0,13.0,48.5852,93.40638294558106,156.84835955161134,93.40638294558106
3,3,10,draft|draft_verify,36.0567569732666,97.89824485778809,0.0,398.0,7.0,25.8716,92.95170351523437,134.0150074310547,92.95170351523437
3,3,11,draft|draft_verify,160.07757186889648,135.4196071624756,0.0,405.0,29.0,111.4204,111.4204,295.55720223137206,160.07757186889648
3,3,12,draft|draft_verify,92.97943115234375,139.83392715454102,0.0,434.0,20.0,77.6464,135.47963036247558,232.87337430688478,135.47963036247558
3,3,13,draft|draft_verify,458.13655853271484,137.93087005615234,0.0,454.0,86.0,348.208,348.208,596.1274973888671,458.13655853271484
3,3,14,draft|draft_verify,79.36239242553711,128.76129150390625,0.0,540.0,12.0,48.8544,137.99093885615235,208.18369352944336,137.99093885615235
3,3,15,draft|draft_verify,299.4575500488281,130.37371635437012,0.0,552.0,47.0,198.42520000000002,198.42520000000002,429.89130400319823,299.4575500488281
3,3,16,draft|draft_verify,65.36054611206055,132.2307586669922,0.0,599.0,10.0,41.7464,130.4337539543701,197.65131277905272,130.4337539543701
3,3,17,draft|draft_verify,99.86257553100586,132.62343406677246,0.0,609.0,15.0,63.7644,132.2907666669922,232.54602159777832,132.2907666669922
3,3,18,draft|draft_verify,243.51096153259277,163.22755813598633,0.0,624.0,37.0,161.702,324.98958773598633,406.7985492685791,406.7985492685791
4,4,1,draft|draft_verify,334.80381965637207,51.404714584350586,0.0,115.0,78.0,252.31920000000002,334.80381965637207,386.26859664072265,334.80381965637207
4,4,2,draft|draft_verify,545.5474853515625,80.89995384216309,0.0,193.0,116.0,402.196,402.196,626.5075319937256,545.5474853515625
4,4,3,draft|draft_verify,661.639928817749,107.23280906677246,0.0,309.0,125.0,469.3084,469.3084,768.9328378845215,661.639928817749
4,4,4,draft|draft_verify|target|target_rescue_verify,63.143014907836914,253.9687156677246,206.73012733459473,434.0,13.0,49.9964,234.33727730063475,523.9018683101563,234.33727730063475
4,4,5,draft|draft_verify,35.83097457885742,126.07574462890625,0.0,459.0,7.0,26.75,126.9843578338623,161.96672480776368,126.9843578338623
4,4,6,draft|draft_verify,134.04607772827148,128.1912326812744,0.0,466.0,28.0,111.464,126.13575022890625,262.2973328095459,134.04607772827148
4,4,7,draft|draft_verify,36.93246841430664,128.004789352417,0.0,494.0,7.0,27.253999999999998,128.25125508127442,164.99726336672364,128.25125508127442
4,4,8,draft|draft_verify,107.91254043579102,144.4709300994873,0.0,501.0,22.0,88.9448,128.064794952417,252.4434881352783,128.064794952417
4,4,9,draft|draft_verify,268.4178352355957,130.4314136505127,0.0,523.0,56.0,233.452,233.452,398.9092936861084,268.4178352355957
4,4,10,draft|draft_verify,41.39447212219238,130.4464340209961,0.0,579.0,8.0,32.754400000000004,130.49145845051268,171.90091254318847,130.49145845051268
4,4,11,draft|draft_verify,141.0388946533203,135.04552841186523,0.0,587.0,28.0,119.3048,130.50644042099609,276.1444454651855,141.0388946533203
4,4,12,draft|draft_verify,42.86479949951172,133.29029083251953,0.0,615.0,8.0,33.3592,135.10555081186524,176.21509673203124,135.10555081186524
4,4,13,draft|draft_verify,98.93393516540527,138.75722885131836,0.0,623.0,20.0,86.26480000000001,133.35029723251952,237.75118001672365,133.35029723251952
4,4,14,draft|draft_verify,313.9991760253906,159.70849990844727,0.0,643.0,49.0,217.526,217.526,473.7677151338379,313.9991760253906
4,4,15,draft|draft_verify,273.9098072052002,155.29179573059082,0.0,692.0,61.0,279.11,279.11,429.261651735791,273.9098072052002
4,4,16,draft|draft_verify,205.30056953430176,174.7877597808838,0.0,753.0,44.0,206.26,206.26,380.14836451518556,205.30056953430176
4,4,17,draft|draft_verify,112.92314529418945,174.91602897644043,0.0,797.0,22.0,103.86319999999999,349.8238415573242,287.89919187062986,349.8238415573242
5,5,1,draft|draft_verify,56.87141418457031,21.64149284362793,0.0,97.0,12.0,37.1592,56.87141418457031,78.57291662819824,56.87141418457031
5,5,2,draft|draft_verify,112.01739311218262,29.671192169189453,0.0,109.0,25.0,78.7484,78.7484,141.74860528137208,112.01739311218262
5,5,3,draft|draft_verify,239.53628540039062,65.44876098632812,0.0,134.0,49.0,158.8892,158.8892,305.04508558671876,239.53628540039062
5,5,4,draft|draft_verify,194.90432739257812,61.28716468811035,0.0,183.0,33.0,110.03160000000001,110.03160000000001,256.25151848068845,194.90432739257812
5,5,5,draft|draft_verify,22.426366806030273,53.03621292114258,0.0,216.0,3.0,9.654,61.34719108811035,75.52258212717285,61.34719108811035
5,5,6,draft|draft_verify,160.06183624267578,82.22651481628418,0.0,219.0,32.0,109.324,109.324,242.34837665895995,160.06183624267578
5,5,7,draft|draft_verify,66.29419326782227,62.1337890625,0.0,251.0,12.0,41.224799999999995,82.28654041628418,128.48799193032227,82.28654041628418
5,5,8,draft|draft_verify,321.78592681884766,78.02867889404297,0.0,263.0,68.0,242.9176,242.9176,399.87466011289064,321.78592681884766
5,5,9,draft|draft_verify,60.697317123413086,76.97153091430664,0.0,331.0,12.0,43.3368,78.08873329404297,137.72885763771973,78.08873329404297
5,5,10,draft|draft_verify,245.05305290222168,93.26839447021484,0.0,343.0,52.0,194.4056,194.4056,338.3814889724365,245.05305290222168
5,5,11,draft|draft_verify,31.419992446899414,93.04618835449219,0.0,395.0,6.0,21.996,93.32843607021485,124.5261856013916,93.32843607021485
5,5,12,draft|draft_verify|target|target_rescue_verify,255.17964363098145,279.5069217681885,265.7291889190674,401.0,53.0,205.46200000000002,345.27550328409427,800.4757967182372,394.99314691507567
5,5,13,draft|draft_verify,102.02383995056152,128.62849235534668,0.0,434.0,20.0,77.6464,139.75346088409424,230.71234830590822,139.75346088409424
5,5,14,draft|draft_verify,149.13249015808105,140.9320831298828,0.0,454.0,30.0,118.7424,128.68850835534667,290.12459728796387,149.13249015808105
5,5,15,draft|draft_verify,92.80991554260254,138.8416290283203,0.0,484.0,17.0,67.702,140.9921071298828,231.71155817092284,140.9921071298828
5,5,16,draft|draft_verify,121.55342102050781,137.92991638183594,0.0,501.0,26.0,105.46000000000001,138.9016426283203,259.54335820234377,138.9016426283203
5,5,17,draft|draft_verify|target|target_rescue_verify,62.50452995300293,256.73437118530273,103.48820686340332,527.0,13.0,52.674800000000005,266.4171331744873,422.787118401709,266.4171331744873
5,5,18,draft|draft_verify,136.5518569946289,128.12542915344238,0.0,536.0,29.0,120.2236,128.36718559265137,264.7373093480713,136.5518569946289
5,5,19,draft|draft_verify,46.642303466796875,128.23224067687988,0.0,565.0,10.0,41.012,128.18545235344237,174.93455214367677,128.18545235344237
5,5,20,draft|draft_verify,123.20542335510254,133.1627368927002,0.0,575.0,26.0,109.9,128.2922486768799,256.42818104780275,128.2922486768799
5,5,21,draft|draft_verify|target|target_rescue_verify,286.50665283203125,306.6251277923584,490.81993103027344,601.0,62.0,270.46479999999997,490.81993103027344,1084.011761254663,490.81993103027344
5,5,22,draft|draft_verify|target|backtracking_verify,147.54223823547363,308.38537216186523,436.1710548400879,674.0,32.0,143.176,436.1710548400879,892.1586908374268,436.1710548400879
5,5,23,draft|draft_verify|target|target_rescue_verify,611.3612651824951,674.5266914367676,561.5062713623047,1444.0,132.0,853.584,1640.292259858728,1847.4543335815674,1398.0695250412232
5,5,24,draft|draft_verify,53.777456283569336,184.35335159301758,0.0,780.0,11.0,50.422,168.6316728591919,238.1908166765869,168.6316728591919
5,5,25,draft|draft_verify,264.91308212280273,177.47998237609863,0.0,791.0,58.0,278.63599999999997,278.63599999999997,442.45311089890134,264.91308212280273
5,5,26,draft|draft_verify,27.681827545166016,176.81884765625,0.0,849.0,5.0,22.5244,177.54002877609864,204.560679201416,177.54002877609864
5,5,27,draft|draft_verify,264.93144035339355,205.01947402954102,0.0,854.0,56.0,277.144,277.144,470.0109591829346,264.93144035339355
5,5,28,draft|draft_verify,283.4153175354004,204.93674278259277,0.0,910.0,56.0,284.53599999999994,284.53599999999994,488.4121051179932,283.4153175354004
5,5,29,draft|draft_verify,238.31462860107422,205.00779151916504,0.0,966.0,46.0,238.832,238.832,443.3824569202393,238.31462860107422
5,5,30,draft|draft_verify,215.9895896911621,230.3767204284668,0.0,1012.0,46.0,243.8,243.8,446.42634691962894,215.9895896911621
5,5,31,draft|draft_verify,225.2366542816162,238.66629600524902,0.0,1058.0,46.0,248.768,248.768,463.96298708686527,230.4367572284668
5,5,32,draft|draft_verify,219.86150741577148,259.13190841674805,0.0,1104.0,46.0,253.736,253.736,479.05345263251957,238.72633280524903
5,5,33,draft|draft_verify,257.6792240142822,263.5214328765869,0.0,1150.0,46.0,258.704,259.191945216748,521.2606936908692,259.191945216748
5,5,34,draft|draft_verify,215.35801887512207,261.22045516967773,0.0,1196.0,46.0,263.672,263.672,476.63851084479984,263.5814696765869
5,5,35,draft|draft_verify,232.30862617492676,277.93192863464355,0.0,1242.0,46.0,268.64,268.64,510.30059160957035,261.2804919696777
5,5,36,draft|draft_verify,221.9398021697998,278.95545959472656,0.0,1288.0,46.0,273.608,277.99196543464353,500.9552985645264,277.99196543464353
5,5,37,draft|draft_verify,231.18114471435547,281.25905990600586,0.0,1334.0,46.0,278.576,279.01549639472654,512.5002414203614,279.01549639472654
5,5,38,draft|draft_verify,230.00764846801758,309.24105644226074,0.0,1380.0,46.0,283.544,283.544,539.3087417102784,281.31909670600584
5,5,39,draft|draft_verify,217.36502647399902,319.53978538513184,0.0,1426.0,46.0,288.512,309.3010932422607,536.9648486591309,309.3010932422607
5,5,40,draft|draft_verify,236.0830307006836,333.39810371398926,0.0,1472.0,46.0,293.48,319.5998221851318,569.5411712146729,319.5998221851318
5,5,41,draft|draft_verify,219.1023826599121,335.53028106689453,0.0,1518.0,46.0,298.448,333.45814051398924,554.6927005268067,333.45814051398924
5,5,42,draft|draft_verify,217.86260604858398,337.1586799621582,0.0,1564.0,46.0,303.416,335.5903178668945,555.0813228107422,335.5903178668945
5,5,43,draft|draft_verify,223.59108924865723,356.3859462738037,0.0,1610.0,46.0,308.384,337.2187167621582,580.037072322461,337.2187167621582
5,5,44,draft|draft_verify,216.86816215515137,398.66042137145996,0.0,1656.0,46.0,313.352,356.4459830738037,615.5886203266114,356.4459830738037
5,5,45,draft|draft_verify,221.73833847045898,364.4425868988037,0.0,1702.0,46.0,318.32,398.72045817145994,586.2409621692627,398.72045817145994
5,5,46,draft|draft_verify,217.83685684204102,396.14295959472656,0.0,1748.0,46.0,323.288,364.5026236988037,614.0398532367676,364.5026236988037
5,5,47,draft|draft_verify,211.93885803222656,396.1944580078125,0.0,1794.0,46.0,328.256,396.20299639472654,608.1933528400391,396.20299639472654
5,5,48,draft|draft_verify,210.3567123413086,406.0392379760742,0.0,1840.0,46.0,333.224,396.2544948078125,616.4559871173828,396.2544948078125
5,5,49,draft|draft_verify,209.7322940826416,406.7411422729492,0.0,1886.0,46.0,338.192,406.0992747760742,616.5334731555909,406.0992747760742
5,5,50,draft|draft_verify,217.59390830993652,408.2760810852051,0.0,1932.0,46.0,343.15999999999997,406.8011790729492,625.9300261951416,406.8011790729492
5,5,51,draft|draft_verify,234.49039459228516,439.4111633300781,0.0,1978.0,46.0,348.128,408.33611788520506,673.9615947223633,408.33611788520506
5,5,52,draft|draft_verify,222.5668430328369,431.15925788879395,0.0,2024.0,46.0,353.096,870.690494818872,653.7861377216309,870.690494818872
6,6,1,draft|draft_verify,287.4746322631836,34.65390205383301,0.0,83.0,62.0,194.62959999999998,287.4746322631836,322.1885839170166,287.4746322631836
6,6,2,draft|draft_verify,130.62286376953125,33.79178047180176,0.0,145.0,29.0,93.9484,93.9484,164.474667441333,130.62286376953125
6,6,3,draft|draft_verify,297.6076602935791,58.808326721191406,0.0,174.0,65.0,218.2684,218.2684,356.4760390147705,297.6076602935791
6,6,4,draft|draft_verify,205.2907943725586,61.29765510559082,0.0,239.0,44.0,153.21519999999998,153.21519999999998,266.64848467814943,205.2907943725586
6,6,5,draft|draft_verify,274.14870262145996,78.49526405334473,0.0,283.0,58.0,209.1416,209.1416,352.70401307480466,274.14870262145996
6,6,6,draft|draft_verify,202.06379890441895,102.5545597076416,0.0,341.0,43.0,159.95,159.95,304.67839301206055,202.06379890441895
6,6,7,draft|draft_verify,139.76263999938965,99.46894645690918,0.0,384.0,28.0,106.15039999999999,205.67936885690915,239.29160885629884,239.2916088562988
7,7,1,draft|draft_verify,183.14671516418457,30.95269203186035,0.0,91.0,41.0,128.374,183.14671516418457,214.1594399960449,183.14671516418457
7,7,2,draft|draft_verify,133.38947296142578,31.026840209960938,0.0,132.0,30.0,96.33120000000001,96.33120000000001,164.47633717138672,133.38947296142578
7,7,3,draft|draft_verify,334.1870307922363,58.6552619934082,0.0,162.0,76.0,254.12,254.12,392.9023535856445,334.1870307922363
7,7,4,draft|draft_verify,189.50700759887695,60.57262420654297,0.0,238.0,42.0,146.0256,146.0256,250.13966540541992,189.50700759887695
7,7,5,draft|draft_verify,97.70703315734863,60.92953681945801,0.0,280.0,21.0,74.214,74.214,158.69658677680664,97.70703315734863
7,7,6,draft|draft_verify,15.218257904052734,87.27622032165527,0.0,301.0,3.0,10.062,60.98955361945801,102.55448062570801,60.98955361945801
7,7,7,draft|draft_verify,75.88481903076172,91.62235260009766,0.0,304.0,15.0,53.516400000000004,87.33622272165528,167.56718363085938,87.33622272165528
7,7,8,draft|draft_verify,198.6825466156006,94.40422058105469,0.0,319.0,42.0,153.996,153.996,293.14680079665527,198.6825466156006
7,7,9,draft|draft_verify,63.109636306762695,95.27039527893066,0.0,361.0,13.0,47.894000000000005,94.46425418105468,158.44004198569337,94.46425418105468
7,7,10,draft|draft_verify,69.4115161895752,94.71631050109863,0.0,374.0,14.0,52.0672,95.33040567893066,164.18783789067385,95.33040567893066
7,7,11,draft|draft_verify,75.23083686828613,94.42663192749023,0.0,388.0,17.0,64.01559999999999,94.77632170109864,169.71748239577636,94.77632170109864
7,7,12,draft|draft_verify,40.76838493347168,94.04373168945312,0.0,405.0,10.0,37.556000000000004,94.48664552749024,134.87212462292482,94.48664552749024
7,7,13,draft|draft_verify,98.97994995117188,126.2509822845459,0.0,415.0,22.0,84.6104,94.10373968945312,225.29094983571775,98.97994995117188
7,7,14,draft|draft_verify,153.51605415344238,128.8609504699707,0.0,437.0,34.0,133.5368,133.5368,282.4370318234131,153.51605415344238
7,7,15,draft|draft_verify,99.61605072021484,130.0966739654541,0.0,471.0,19.0,75.2876,128.9209776699707,229.77273988566895,128.9209776699707
7,7,16,draft|draft_verify,28.755903244018555,129.81414794921875,0.0,490.0,5.0,19.078000000000003,130.1566891654541,158.6300551932373,130.1566891654541
7,7,17,draft|draft_verify,70.18780708312988,145.28894424438477,0.0,495.0,13.0,51.7532,129.87415194921874,215.53676172751466,129.87415194921874
7,7,18,draft|draft_verify,52.875518798828125,138.33308219909668,0.0,508.0,12.0,48.00959999999999,145.34895464438478,191.2686105979248,145.34895464438478
7,7,19,draft|draft_verify,56.41436576843262,129.12416458129883,0.0,520.0,11.0,44.182,138.39309179909668,185.59853914973144,138.39309179909668
7,7,20,draft|draft_verify,56.32185935974121,130.17511367797852,0.0,531.0,11.0,44.446,129.18417338129882,186.55698183771972,129.18417338129882
7,7,21,draft|draft_verify|target|target_rescue_verify,242.80118942260742,269.7262763977051,151.91960334777832,542.0,49.0,205.8908,475.6771155977051,664.5071083680908,512.5875050203125
8,8,1,draft|draft_verify,358.57129096984863,57.08622932434082,0.0,150.0,80.0,265.624,358.57129096984863,415.71758429418946,358.57129096984863
8,8,2,draft|draft_verify|target|target_rescue_verify,1119.0626621246338,232.05804824829102,773.1831073760986,230.0,242.0,897.5584,1013.6476177241456,2124.3640113490237,1235.1518798487793
8,8,3,draft|draft_verify|target|backtracking_verify,672.2102165222168,638.8645172119141,12062.544107437134,355.0,125.0,482.998,12062.544107437134,13373.678941171265,12062.544107437134
8,8,5,draft|draft_verify,983.1430912017822,176.5267848968506,0.0,668.0,211.0,995.414,995.414,1159.730044898633,983.1430912017822
8,8,6,draft|draft_verify,992.5386905670166,230.75270652770996,0.0,879.0,211.0,1101.758,1101.758,1223.3515658947267,992.5386905670166
8,8,7,draft|draft_verify,989.9752140045166,259.6936225891113,0.0,1090.0,211.0,1208.102,1208.102,1249.729005393628,989.9752140045166
8,8,8,draft|draft_verify,956.0859203338623,312.17432022094727,0.0,1301.0,211.0,1314.446,1314.446,1268.3204093548097,956.0859203338623
8,8,9,draft|draft_verify,908.5326194763184,352.297306060791,0.0,1512.0,211.0,1420.79,1420.79,1260.8900943371095,908.5326194763184
8,8,10,draft|draft_verify,1007.2481632232666,396.44742012023926,0.0,1723.0,211.0,1527.134,1527.134,1403.755752143506,1007.2481632232666
8,8,11,draft|draft_verify,932.7430725097656,421.4932918548584,0.0,1934.0,211.0,1633.478,2055.0314606548586,1354.2965331646242,1354.296533164624
9,9,1,draft|draft_verify,96.29321098327637,30.72047233581543,0.0,108.0,21.0,65.958,96.29321098327637,127.0737001190918,96.29321098327637
9,9,2,draft|draft_verify,187.02244758605957,30.37095069885254,0.0,129.0,41.0,132.022,132.022,217.4534310849121,187.02244758605957
9,9,3,draft|draft_verify|target|target_rescue_verify,538.9523506164551,108.98995399475098,91.60184860229492,170.0,138.0,474.6432,529.1982873973755,739.604263613501,593.5074380138306
9,9,4,draft|draft_verify,715.3363227844238,77.40616798400879,0.0,178.0,156.0,542.952,542.952,792.8026155684327,715.3363227844238
9,9,5,draft|draft_verify,785.618782043457,128.05914878845215,0.0,334.0,169.0,653.7692,653.7692,913.7380660319092,785.618782043457
9,9,6,draft|draft_verify,109.68947410583496,150.68507194519043,0.0,503.0,22.0,89.0456,278.8643735336426,260.43456365102537,278.8643735336426
10,10,1,draft|draft_verify,181.90932273864746,31.655550003051758,0.0,76.0,40.0,123.78560000000002,181.90932273864746,213.62490474169923,181.90932273864746
10,10,2,draft|draft_verify,300.0750541687012,52.99711227416992,0.0,116.0,67.0,215.97080000000003,215.97080000000003,353.1322200428711,300.0750541687012
10,10,3,draft|draft_verify,459.21802520751953,61.887502670288086,0.0,183.0,97.0,331.7276,331.7276,521.1656054778076,459.21802520751953
10,10,4,draft|draft_verify,347.2485542297363,78.78661155700684,0.0,280.0,68.0,245.6512,245.6512,426.0952201867432,347.2485542297363
10,10,5,draft|draft_verify,79.21838760375977,81.89034461975098,0.0,348.0,15.0,54.994800000000005,160.7970225767578,161.16874422351074,161.16874422351074
11,11,1,draft|draft_verify,157.27591514587402,35.368919372558594,0.0,117.0,37.0,117.8972,157.27591514587402,192.70486411843262,157.27591514587402
11,11,2,draft|draft_verify,501.42836570739746,68.83811950683594,0.0,154.0,115.0,387.9164,387.9164,570.3265772142333,501.42836570739746
11,11,3,draft|draft_verify,143.4011459350586,72.02959060668945,0.0,269.0,30.0,105.8664,105.8664,215.49076054174805,143.4011459350586
11,11,4,draft|draft_verify,225.50082206726074,87.52846717834473,0.0,299.0,43.0,155.71640000000002,155.71640000000002,313.0893236456055,225.50082206726074
11,11,5,draft|draft_verify,201.02334022521973,100.85391998291016,0.0,342.0,43.0,160.0508,160.0508,301.9372946081299,201.02334022521973
11,11,6,draft|draft_verify,155.2422046661377,94.635009765625,0.0,385.0,33.0,125.54520000000001,125.54520000000001,249.9372408317627,155.2422046661377
11,11,7,draft|draft_verify,301.9688129425049,126.70040130615234,0.0,418.0,64.0,251.72,251.72,428.7292654486572,301.9688129425049
11,11,8,draft|draft_verify,156.96239471435547,127.66385078430176,0.0,482.0,33.0,132.9948,132.9948,284.6862718986572,156.96239471435547
11,11,9,draft|draft_verify,220.3071117401123,129.28318977355957,0.0,515.0,46.0,190.124,190.124,349.6503383136719,220.3071117401123
11,11,10,draft|draft_verify,220.28136253356934,128.76033782958984,0.0,561.0,44.0,186.44559999999998,186.44559999999998,349.1017355631592,220.28136253356934
11,11,11,draft|draft_verify,232.32579231262207,132.25841522216797,0.0,605.0,41.0,177.718,177.718,364.64424033479,232.32579231262207
11,11,12,draft|draft_verify,883.2941055297852,162.60170936584473,0.0,646.0,150.0,688.3296,688.3296,1045.95593489563,883.2941055297852
11,11,13,draft|draft_verify,33.89143943786621,176.32508277893066,0.0,796.0,6.0,26.808,162.66182936584474,210.27652701679688,162.66182936584474
11,11,14,draft|draft_verify,95.69740295410156,168.81871223449707,0.0,802.0,18.0,84.7488,345.26381421342774,264.57612958859863,345.26381421342774
12,12,1,draft|draft_verify,132.77959823608398,31.54468536376953,0.0,104.0,22.0,68.936,132.77959823608398,164.38430119985352,132.77959823608398
12,12,2,draft|draft_verify,304.049015045166,47.52540588378906,0.0,126.0,57.0,184.3548,184.3548,351.6344665289551,304.049015045166
12,12,3,draft|draft_verify,106.03880882263184,52.587270736694336,0.0,183.0,22.0,72.9176,72.9176,158.68609715932615,106.03880882263184
12,12,4,draft|draft_verify,322.1011161804199,67.64435768127441,0.0,205.0,68.0,233.5912,233.5912,389.80552826169435,322.1011161804199
12,12,5,draft|draft_verify,109.68208312988281,72.85714149475098,0.0,273.0,17.0,59.599599999999995,67.70441208127441,182.59923822463378,109.68208312988281
12,12,6,draft|draft_verify,355.2227020263672,99.26366806030273,0.0,290.0,70.0,254.72,254.72,454.5464260866699,355.2227020263672
12,12,7,draft|draft_verify,101.89294815063477,111.04774475097656,0.0,360.0,18.0,66.71520000000001,99.32372406030274,213.00070730161133,101.89294815063477
12,12,8,draft|draft_verify,125.0312328338623,112.37883567810059,0.0,378.0,24.0,90.40799999999999,111.10775915097656,237.4700877119629,125.0312328338623
12,12,9,draft|draft_verify|target|target_rescue_verify,168.81513595581055,266.8800354003906,728.7201881408691,402.0,34.0,130.76479999999998,728.7201881408691,1164.4753866970705,728.7201881408691
12,12,10,draft|draft_verify,87.26382255554199,155.63440322875977,0.0,509.0,13.0,52.156400000000005,133.4400177001953,242.95823618430177,133.4400177001953
12,12,11,draft|draft_verify,102.0503044128418,138.19193840026855,0.0,522.0,20.0,81.6592,155.69441362875978,240.30225881311037,155.69441362875978
12,12,12,draft|draft_verify,48.645734786987305,127.96545028686523,0.0,542.0,10.0,40.5152,138.25195440026854,176.67119307385255,138.25195440026854
12,12,13,draft|draft_verify,124.16934967041016,129.00257110595703,0.0,552.0,26.0,108.52000000000001,128.02545828686524,253.2319415763672,128.02545828686524
12,12,14,draft|draft_verify,208.72974395751953,132.53140449523926,0.0,578.0,44.0,188.2,188.2,341.3211836527588,208.72974395751953
12,12,15,draft|draft_verify,134.39559936523438,132.69519805908203,0.0,622.0,27.0,117.14520000000002,265.3466593543213,267.15081902431643,267.15081902431643
13,13,1,draft|draft_verify,325.27828216552734,50.493717193603516,0.0,118.0,73.0,236.2076,325.27828216552734,375.83205775913086,325.27828216552734
13,13,2,draft|draft_verify,60.617923736572266,50.93955993652344,0.0,191.0,13.0,42.998000000000005,50.55377559360352,111.61749407309571,60.617923736572266
13,13,3,draft|draft_verify,162.86420822143555,59.09919738769531,0.0,204.0,35.0,118.5244,118.5244,222.02343360913085,162.86420822143555
13,13,4,draft|draft_verify,359.81011390686035,78.62639427185059,0.0,239.0,74.0,260.73519999999996,260.73519999999996,438.49656737871095,359.81011390686035
13,13,5,draft|draft_verify,305.128812789917,93.32394599914551,0.0,313.0,62.0,228.30159999999998,228.30159999999998,398.5128083890625,305.128812789917
13,13,6,draft|draft_verify,501.21212005615234,128.16309928894043,0.0,375.0,101.0,391.99,391.99,629.4353001450927,501.21212005615234
13,13,7,draft|draft_verify,207.91935920715332,127.6860237121582,0.0,476.0,45.0,181.7916,181.7916,335.6654189193115,207.91935920715332
13,13,8,draft|draft_verify,104.81023788452148,137.30931282043457,0.0,521.0,22.0,89.9528,127.7460597121582,242.17956830495604,127.7460597121582
13,13,10,draft|draft_verify,251.14011764526367,157.14097023010254,0.0,668.0,50.0,224.9968,224.9968,408.34112787536617,251.14011764526367
13,13,11,draft|draft_verify,354.94112968444824,160.41016578674316,0.0,718.0,73.0,339.8876,339.8876,515.4113538711914,354.94112968444824
13,13,12,draft|draft_verify,346.96006774902344,184.126615524292,0.0,791.0,73.0,352.502,352.502,531.1467416733154,346.96006774902344
13,13,13,draft|draft_verify,105.25751113891602,177.70838737487793,0.0,864.0,20.0,97.2544,361.95507729916994,283.02591451379396,361.95507729916994
14,14,1,draft|draft_verify,504.2240619659424,66.07604026794434,0.0,142.0,112.0,374.18719999999996,504.2240619659424,570.3601918338868,504.2240619659424
14,14,3,draft|draft_verify,990.64040184021,143.55874061584473,0.0,369.0,212.0,848.98,848.98,1134.2593120560546,990.64040184021
14,14,4,draft|draft_verify,1666.8753623962402,192.7649974822998,0.0,581.0,347.0,1622.4268,1815.2520750822998,1859.70063747854,1859.70063747854
15,15,1,draft|draft_verify,210.4485034942627,34.32583808898926,0.0,93.0,47.0,147.75160000000002,210.4485034942627,244.83437918325194,210.4485034942627
15,15,2,draft|draft_verify,262.32218742370605,51.20444297790527,0.0,140.0,56.0,182.896,182.896,313.58667520161134,262.32218742370605
15,15,3,draft|draft_verify,64.37897682189941,51.37896537780762,0.0,196.0,13.0,43.142,51.26448777790527,115.81795259970703,64.37897682189941
15,15,4,draft|draft_verify,508.30602645874023,78.06944847106934,0.0,209.0,108.0,377.49840000000006,377.49840000000006,586.4355613298096,508.30602645874023
15,15,5,draft|draft_verify|target|target_rescue_verify,413.29264640808105,200.23059844970703,653.9754867553711,317.0,92.0,343.3192,653.9754867553711,1267.5588052131593,653.9754867553711
15,15,6,draft|draft_verify,71.42305374145508,127.9456615447998,0.0,418.0,14.0,53.44,100.11529922485352,199.4287264862549,100.11529922485352
15,15,7,draft|draft_verify,540.3423309326172,145.97415924072266,0.0,432.0,94.0,376.69280000000003,376.69280000000003,686.3765653733399,540.3423309326172
15,15,8,draft|draft_verify,102.51188278198242,137.78042793273926,0.0,526.0,19.0,77.6636,146.03423444072266,240.3523259147217,146.03423444072266
15,15,9,draft|draft_verify,1397.7172374725342,176.57923698425293,0.0,545.0,278.0,1252.5832,1252.5832,1574.356696856787,1397.7172374725342
15,15,10,draft|draft_verify,143.55731010437012,179.8093318939209,0.0,823.0,29.0,139.51,356.5088144781738,323.426665198291,356.5088144781738
16,16,1,draft|draft_verify,348.04320335388184,54.464101791381836,0.0,141.0,74.0,243.5656,348.04320335388184,402.5673643452637,348.04320335388184
16,16,2,draft|draft_verify,714.9066925048828,85.9372615814209,0.0,215.0,155.0,552.958,552.958,800.9040780863037,714.9066925048828
16,16,3,draft|draft_verify,407.6821804046631,147.1726894378662,0.0,370.0,89.0,342.9724,342.9724,554.9149410425293,407.6821804046631
16,16,4,draft|draft_verify,2130.8236122131348,197.08538055419922,0.0,459.0,454.0,2048.7992,2048.7992,2327.969355967334,2130.8236122131348
16,16,5,draft|draft_verify,669.1973209381104,213.7002944946289,0.0,913.0,142.0,740.5255999999999,740.5255999999999,882.9577290327393,669.1973209381104
16,16,6,draft|draft_verify,137.38107681274414,221.94600105285645,0.0,1055.0,28.0,149.63119999999998,435.76643154748535,359.38710026560057,435.76643154748535
17,17,1,draft|draft_verify|target|target_rescue_verify,320.50204277038574,77.30317115783691,323.5321044921875,107.0,69.0,221.12279999999998,359.2136835493042,721.3973736204102,359.2136835493042
17,17,2,draft|draft_verify,416.1405563354492,63.898563385009766,0.0,153.0,95.0,317.88280000000003,317.88280000000003,480.09919572045897,416.1405563354492
17,17,3,draft|draft_verify|target|target_rescue_verify,601.2582778930664,200.87838172912598,798.7606525421143,248.0,121.0,436.11800000000005,798.7606525421143,1600.9574089643065,798.7606525421143
17,17,4,draft|draft_verify|target|backtracking_verify,1395.3778743743896,271.594762802124,656.409740447998,379.0,309.0,1281.1932000000002,1417.0508286010622,2323.4426248245118,1531.2355029754517
17,17,6,draft|draft_verify|target|target_rescue_verify,576.5717029571533,270.8914279937744,571.5088844299316,559.0,122.0,530.188,665.6938115968871,1419.0321129808594,712.0775145540406
17,17,7,draft|draft_verify|target|target_rescue_verify,936.2473487854004,335.74914932250977,347.23544120788574,648.0,196.0,911.6479999999999,1079.5827314612548,1619.2920961157959,1104.1820802466552
17,17,8,draft|draft_verify,639.4929885864258,177.89363861083984,0.0,694.0,125.0,583.8843999999999,583.8843999999999,817.4467271972657,639.4929885864258
17,17,9,draft|draft_verify,274.86610412597656,179.57258224487305,0.0,819.0,43.0,208.13240000000002,208.13240000000002,454.4987207708496,274.86610412597656
17,17,10,draft|draft_verify|target|target_rescue_verify,793.449878692627,386.4636421203613,419.81959342956543,862.0,164.0,839.9728,1033.2647522601806,1599.7932454425536,986.7418309528076
17,17,11,draft|draft_verify,396.7013359069824,202.36778259277344,0.0,921.0,78.0,401.26800000000003,401.26800000000003,599.1291808997559,396.7013359069824
17,17,12,draft|draft_verify,79.98299598693848,208.43172073364258,0.0,999.0,15.0,76.86840000000001,410.91957772641604,288.4747287205811,410.91957772641604
18,18,1,draft|draft_verify|target|backtracking_verify,481.564998626709,111.52362823486328,655.9555530548096,135.0,99.0,327.5244,655.9555530548096,1249.1042591163819,655.9555530548096
18,18,2,draft|draft_verify|target|target_rescue_verify,1212.2900485992432,319.7028636932373,2688.1508827209473,475.0,239.0,1025.5084,2688.1508827209473,4220.203986213428,2688.1508827209473
18,18,3,draft|draft_verify|target|backtracking_verify,905.5943489074707,412.31298446655273,789.9880409240723,998.0,192.0,1052.5295999999998,1258.7462458332761,2107.9555278980956,1111.810994740747
18,18,4,draft|draft_verify|target|target_rescue_verify,1628.617286682129,853.0409336090088,1628.937005996704,1996.0,347.0,2797.4428,4294.404327485559,4110.655503887841,3125.578814167688
18,18,5,draft|draft_verify,291.8248176574707,94.04301643371582,0.0,365.0,63.0,239.8092,239.8092,385.92788449118655,291.8248176574707
18,18,6,draft|draft_verify,126.45077705383301,125.33974647521973,0.0,428.0,27.0,105.03960000000001,105.03960000000001,251.85054512905273,126.45077705383301
18,18,7,draft|draft_verify,45.27688026428223,125.3972053527832,0.0,455.0,9.0,34.6524,125.39976807521973,170.73409281706543,125.39976807521973
18,18,8,draft|draft_verify,160.02249717712402,136.3670825958252,0.0,464.0,30.0,119.4384,125.4572125527832,296.4496037729492,160.02249717712402
18,18,9,draft|draft_verify,72.26729393005371,128.44157218933105,0.0,494.0,14.0,55.8112,136.4271065958252,200.76887731938479,136.4271065958252
18,18,10,draft|draft_verify,104.7670841217041,151.98636054992676,0.0,508.0,19.0,76.886,128.50158338933105,256.81345987163087,128.50158338933105
18,18,11,draft|draft_verify,169.07739639282227,135.3914737701416,0.0,527.0,29.0,119.6188,152.04637574992677,304.52889336296386,169.07739639282227
18,18,12,draft|draft_verify,214.32185173034668,129.82630729675293,0.0,556.0,50.0,211.8256,211.8256,344.20819902709957,214.32185173034668
18,18,13,draft|draft_verify,391.28661155700684,153.34725379943848,0.0,606.0,86.0,379.216,379.216,544.6939341564453,391.28661155700684
18,18,14,draft|draft_verify,552.5577068328857,176.1627197265625,0.0,692.0,119.0,554.3548,554.3548,728.7805217594482,552.5577068328857
18,18,15,draft|draft_verify,957.5710296630859,209.80453491210938,0.0,811.0,202.0,1019.6887999999999,1019.6887999999999,1167.4357261751952,957.5710296630859
18,18,16,draft|draft_verify,857.5541973114014,264.1456127166748,0.0,1013.0,185.0,1019.1388,1019.1388,1121.7599580280762,857.5541973114014
18,18,17,draft|draft_verify,952.0788192749023,282.8240394592285,0.0,1198.0,185.0,1100.8348,1100.8348,1234.9630067341309,952.0788192749023
18,18,18,draft|draft_verify,867.5556182861328,331.92896842956543,0.0,1383.0,185.0,1182.5308,1182.5308,1199.5447347156983,867.5556182861328
18,18,19,draft|draft_verify,913.9771461486816,362.6880645751953,0.0,1568.0,192.0,1313.8175999999999,1313.8175999999999,1276.7253643238769,913.9771461486816
18,18,20,draft|draft_verify,847.5124835968018,404.8452377319336,0.0,1760.0,192.0,1401.8303999999998,1401.8303999999998,1252.4178749287353,847.5124835968018
18,18,21,draft|draft_verify,858.9203357696533,422.61266708374023,0.0,1952.0,193.0,1497.8588,1920.5316214837403,1281.5931572533937,1281.5931572533937
19,19,1,draft|draft_verify,250.83422660827637,31.15057945251465,0.0,110.0,57.0,182.2044,250.83422660827637,282.044851660791,250.83422660827637
19,19,2,draft|draft_verify,65.7963752746582,46.71645164489746,0.0,167.0,17.0,55.529199999999996,55.529199999999996,112.57284051955567,65.7963752746582
19,19,3,draft|draft_verify,111.66238784790039,51.06067657470703,0.0,184.0,27.0,89.81400000000001,89.81400000000001,162.78308602260742,111.66238784790039
19,19,4,draft|draft_verify,77.60834693908691,50.94408988952637,0.0,211.0,19.0,64.0556,64.0556,128.6124520286133,77.60834693908691
19,19,5,draft|draft_verify,47.28198051452637,60.2726936340332,0.0,230.0,10.0,33.776,51.00410508952637,107.61468214855958,51.00410508952637
19,19,6,draft|draft_verify,81.67362213134766,60.95290184020996,0.0,240.0,19.0,65.3084,65.3084,142.68653917155763,81.67362213134766
19,19,7,draft|draft_verify,111.38463020324707,61.66887283325195,0.0,259.0,24.0,83.83919999999999,83.83919999999999,173.11352223649902,111.38463020324707
19,19,8,draft|draft_verify,147.98450469970703,78.41134071350098,0.0,283.0,32.0,114.0856,114.0856,226.455871013208,147.98450469970703
19,19,9,draft|draft_verify,87.65554428100586,77.88205146789551,0.0,315.0,18.0,64.8792,78.47136631350098,165.59761014890137,87.65554428100586
19,19,10,draft|draft_verify,91.74823760986328,78.48954200744629,0.0,333.0,20.0,73.0408,77.94206586789551,170.2977956173096,91.74823760986328
19,19,11,draft|draft_verify,45.1054573059082,93.1541919708252,0.0,353.0,8.0,28.9576,78.5495580074463,138.3196556767334,78.5495580074463
19,19,12,draft|draft_verify,99.3502140045166,93.31488609313965,0.0,361.0,20.0,74.3176,93.2141983708252,192.72511609765627,99.3502140045166
19,19,13,draft|draft_verify,107.6517105102539,95.01242637634277,0.0,381.0,22.0,82.8968,93.37490209313965,202.72415448659666,107.6517105102539
19,19,14,draft|draft_verify,273.92101287841797,127.11310386657715,0.0,403.0,57.0,221.5836,221.5836,401.09416234499514,273.92101287841797
19,19,15,draft|draft_verify,93.03903579711914,131.5467357635498,0.0,460.0,20.0,78.83200000000001,127.17314946657714,224.64578756066896,127.17314946657714
19,19,16,draft|draft_verify,91.24445915222168,131.30640983581543,0.0,480.0,18.0,71.6112,131.6067517635498,222.6108833880371,131.6067517635498
19,19,17,draft|draft_verify,264.2831802368164,129.1656494140625,0.0,498.0,57.0,234.35160000000002,234.35160000000002,393.50887525087893,264.2831802368164
19,19,18,draft|draft_verify,454.1468620300293,133.32772254943848,0.0,555.0,85.0,364.406,364.406,587.5346525794678,454.1468620300293
19,19,19,draft|draft_verify,104.77638244628906,152.7111530303955,0.0,640.0,21.0,91.494,133.38779054943848,257.54755227668454,133.38779054943848
19,19,20,draft|draft_verify,230.70430755615234,155.2603244781494,0.0,661.0,50.0,224.1736,224.1736,386.0246720343017,230.70430755615234
19,19,21,draft|draft_verify|target|target_rescue_verify,124.7720718383789,310.138463973999,200.45137405395508,711.0,26.0,118.06,310.4496172651489,635.4219306663331,310.4496172651489
19,19,22,draft|draft_verify,262.2509002685547,156.26168251037598,0.0,722.0,56.0,259.71999999999997,259.71999999999997,418.5726275789307,262.2509002685547
19,19,23,draft|draft_verify,55.06110191345215,175.01401901245117,0.0,778.0,11.0,50.373999999999995,156.32172731037596,230.1351297259033,156.32172731037596
19,19,24,draft|draft_verify,241.55664443969727,176.4390468597412,0.0,789.0,50.0,239.2264,415.7254868597412,418.05573129943843,418.05573129943843
20,20,1,draft|draft_verify,386.57069206237793,48.42829704284668,0.0,98.0,83.0,265.66360000000003,435.0590555052246,435.0590555052246,435.0590555052246
21,21,1,draft|draft_verify,248.4760284423828,41.85342788696289,0.0,121.0,51.0,163.95,248.4760284423828,290.3894971293457,248.4760284423828
21,21,2,draft|draft_verify,237.2610569000244,53.95913124084473,0.0,172.0,54.0,180.2928,180.2928,291.28023134086914,237.2610569000244
21,21,3,draft|draft_verify,91.95399284362793,58.80570411682129,0.0,226.0,16.0,54.344,54.344,150.8197097604492,91.95399284362793
21,21,4,draft|draft_verify|target|target_rescue_verify,1286.1378192901611,224.62916374206543,295.7949638366699,242.0,287.0,1088.2972,1200.6720114710326,1806.6221764688964,1398.5126307611938
21,21,5,draft|draft_verify,307.9261779785156,78.65238189697266,0.0,275.0,64.0,230.0984,230.0984,386.63861107548826,307.9261779785156
21,21,6,draft|draft_verify,299.3431091308594,93.67513656616211,0.0,339.0,63.0,235.9404,235.9404,393.0782960970215,299.3431091308594
21,21,7,draft|draft_verify,470.83401679992676,128.34954261779785,0.0,402.0,99.0,390.3228,390.3228,599.2436386177246,470.83401679992676
21,21,8,draft|draft_verify,83.48655700683594,129.95028495788574,0.0,501.0,16.0,64.244,128.40962181779784,213.49685476472166,128.40962181779784
21,21,9,draft|draft_verify,143.0649757385254,139.40834999084473,0.0,517.0,29.0,118.9468,130.01029775788575,282.5333489293701,143.0649757385254
21,21,10,draft|draft_verify,192.0156478881836,128.51405143737793,0.0,546.0,43.0,180.614,180.614,320.58973372556153,192.0156478881836
21,21,11,draft|draft_verify,153.52201461791992,132.91144371032715,0.0,589.0,31.0,132.494,132.494,286.4934831282471,153.52201461791992
21,21,12,draft|draft_verify,482.58090019226074,154.4628143310547,0.0,620.0,109.0,487.6604,487.6604,637.1038017233154,482.58090019226074
21,21,13,draft|draft_verify,73.89235496520996,157.26780891418457,0.0,729.0,16.0,72.452,154.52290153105469,231.2201766793945,154.52290153105469
21,21,14,draft|draft_verify,139.054536819458,156.34799003601074,0.0,745.0,29.0,134.26839999999999,157.32782171418458,295.46255005546874,157.32782171418458
21,21,15,draft|draft_verify,203.1562328338623,176.18227005004883,0.0,774.0,43.0,203.59640000000002,203.59640000000002,379.39853728391114,203.1562328338623
21,21,16,draft|draft_verify,164.74103927612305,186.5558624267578,0.0,817.0,31.0,148.91,176.24230445004883,351.35692650288087,176.24230445004883
21,21,17,draft|draft_verify,518.0737972259521,201.62034034729004,0.0,848.0,109.0,546.758,546.758,719.7542247732422,518.0737972259521
21,21,18,draft|draft_verify,78.98497581481934,201.48968696594238,0.0,957.0,16.0,80.66,201.68042754729004,280.5346755807617,201.68042754729004
21,21,19,draft|draft_verify,160.83836555480957,201.80845260620117,0.0,973.0,35.0,181.2748,201.5496997659424,362.70684616101073,201.5496997659424
21,21,20,draft|draft_verify,266.21150970458984,232.3589324951172,0.0,1008.0,64.0,340.928,340.928,498.630493399707,266.21150970458984
21,21,21,draft|draft_verify,184.91244316101074,234.29179191589355,0.0,1072.0,36.0,194.88,232.4189836951172,419.2642638769043,232.4189836951172
21,21,22,draft|draft_verify,170.23825645446777,232.18703269958496,0.0,1108.0,36.0,197.904,234.35182071589355,402.48531795405273,234.35182071589355
21,21,23,draft|draft_verify,145.158052444458,268.14723014831543,0.0,1144.0,28.0,155.39839999999998,232.24706149958496,413.3653049927734,232.24706149958496
21,21,24,draft|draft_verify,142.83490180969238,257.6010227203369,0.0,1172.0,26.0,145.72,525.8682960686524,400.49594533002926,525.8682960686524
22,22,1,draft|draft_verify,228.24811935424805,35.02631187438965,0.0,133.0,47.0,152.16760000000002,228.24811935424805,263.3344688286377,228.24811935424805
22,22,2,draft|draft_verify,305.42826652526855,61.04731559753418,0.0,180.0,71.0,239.974,239.974,366.5356389228027,305.42826652526855
22,22,3,draft|draft_verify,333.8942527770996,79.56933975219727,0.0,251.0,71.0,251.90200000000002,251.90200000000002,413.52364932929686,333.8942527770996
22,22,4,draft|draft_verify|target|target_rescue_verify,821.2282657623291,270.14636993408203,880.7241916656494,322.0,171.0,657.03,880.7241916656494,1972.1589641620606,956.3615875293701
22,22,5,draft|draft_verify,606.6055297851562,129.68111038208008,0.0,463.0,130.0,536.5688,536.5688,736.3467441672364,606.6055297851562
22,22,6,draft|draft_verify,512.0394229888916,154.10733222961426,0.0,593.0,109.0,480.662,480.662,666.2068424185059,512.0394229888916
22,22,7,draft|draft_verify,455.5354118347168,156.89587593078613,0.0,702.0,96.0,446.52,446.52,612.4913645655029,455.5354118347168
22,22,8,draft|draft_verify,428.5719394683838,179.20923233032227,0.0,798.0,84.0,408.408,408.408,607.8412389987061,428.5719394683838
22,22,9,draft|draft_verify,466.81833267211914,201.61175727844238,0.0,882.0,98.0,497.9968,497.9968,668.4901683505616,466.81833267211914
22,22,10,draft|draft_verify,137.1915340423584,202.80885696411133,0.0,980.0,27.0,139.4844,404.5407142425537,340.06041260646975,404.5407142425537
23,23,1,draft|draft_verify,130.6304931640625,21.95906639099121,0.0,84.0,29.0,89.8492,130.6304931640625,152.6495827550537,130.6304931640625
23,23,2,draft|draft_verify,709.6719741821289,61.423301696777344,0.0,113.0,162.0,539.9016,539.9016,771.1554054789062,709.6719741821289
23,23,3,draft|draft_verify,538.0802154541016,93.89925003051758,0.0,275.0,109.0,398.2364,398.2364,632.0395526846191,538.0802154541016
23,23,4,draft|draft_verify,209.82694625854492,94.27738189697266,0.0,384.0,45.0,172.0764,172.0764,304.16436415551755,209.82694625854492
23,23,5,draft|draft_verify,243.28088760375977,132.82203674316406,0.0,429.0,55.0,217.01239999999999,217.01239999999999,376.16296834692383,243.28088760375977
23,23,6,draft|draft_verify|target|target_rescue_verify,788.9392375946045,278.1045436859131,367.1121597290039,484.0,166.0,700.952,840.0644046429566,1434.2160738095215,928.051642237561
23,23,7,draft|draft_verify|target|target_rescue_verify,297.3763942718506,256.76655769348145,407.6037406921387,531.0,63.0,264.51,407.6037406921387,961.8067430574707,425.81972351859133
23,23,8,draft|draft_verify|target|target_rescue_verify,337.6202583312988,265.98501205444336,402.0664691925049,596.0,70.0,305.3936,438.4461620272217,1005.7317955782471,470.67282035852054
23,23,9,draft|draft_verify,68.01676750183105,132.41863250732422,0.0,658.0,13.0,56.4476,132.99250602722168,200.49541040915528,132.99250602722168
23,23,10,draft|draft_verify,51.30267143249512,153.63335609436035,0.0,671.0,9.0,38.7996,286.17200620168455,204.99603472685547,286.17200620168455
24,24,2,draft|draft_verify,301.87082290649414,79.47850227355957,0.0,225.0,61.0,211.862,301.87082290649414,381.4093739800537,301.87082290649414
24,24,3,draft|draft_verify,226.0267734527588,88.46879005432129,0.0,286.0,39.0,139.79160000000002,139.79160000000002,314.5555947070801,226.0267734527588
24,24,4,draft|draft_verify|target|backtracking_verify,753.6182403564453,287.34278678894043,1303.4789562225342,325.0,167.0,642.0364,1303.4789562225342,2344.50011696792,1303.4789562225342
24,24,5,draft|draft_verify|target|target_rescue_verify,2426.042079925537,828.7103176116943,7752.328634262085,1028.0,536.0,3202.384,8166.683793067932,11007.141460599316,8166.683793067932
24,24,6,draft|draft_verify,1178.0214309692383,230.24320602416992,0.0,843.0,260.0,1351.0167999999999,1351.0167999999999,1408.3248449934083,1178.0214309692383
24,24,7,draft|draft_verify|target|target_rescue_verify,506.0429573059082,551.2096881866455,2009.809970855713,1103.0,109.0,612.854,2009.809970855713,3067.1227035482666,2009.809970855713
24,24,8,draft|draft_verify,907.0427417755127,333.1334590911865,0.0,1441.0,210.0,1378.1736,1378.1736,1240.2363688666992,907.0427417755127
24,24,9,draft|draft_verify|target|target_rescue_verify,1349.665880203247,773.298978805542,1001.2578964233398,1651.0,297.0,2130.7547999999997,2517.464527002771,3124.2829930321286,1736.375607206018
24,24,10,draft|draft_verify,103.59048843383789,389.38403129577637,0.0,1814.0,19.0,133.3052,776.0935358985473,493.03453492961427,776.0935358985473
25,25,1,draft|draft_verify,417.12069511413574,51.77044868469238,0.0,117.0,93.0,303.0108,417.12069511413574,468.95121819882814,417.12069511413574
25,25,2,draft|draft_verify,438.248872756958,61.914682388305664,0.0,210.0,93.0,323.5452,323.5452,500.2236295452637,438.248872756958
25,25,3,draft|draft_verify,232.98311233520508,78.31263542175293,0.0,303.0,59.0,215.614,215.614,311.355794956958,232.98311233520508
25,25,4,draft|draft_verify,504.2533874511719,142.39931106567383,0.0,362.0,109.0,420.78679999999997,420.78679999999997,646.7127857168457,504.2533874511719
25,25,5,draft|draft_verify,198.34160804748535,128.52001190185547,0.0,471.0,42.0,168.9528,168.9528,326.9216535493408,198.34160804748535
25,25,6,draft|draft_verify|target|target_rescue_verify,363.3718490600586,280.4548740386963,193.22657585144043,513.0,78.0,325.8696,466.1570994193481,837.1133613501953,503.65934847940673
25,25,7,draft|draft_verify,197.80659675598145,142.69518852233887,0.0,531.0,39.0,162.1356,162.1356,340.56181647832034,197.80659675598145
25,25,8,draft|draft_verify|target|target_rescue_verify,485.7015609741211,297.20115661621094,747.9007244110107,570.0,95.0,411.958,747.9007244110107,1530.8635180013428,747.9007244110107
25,25,9,draft|draft_verify,166.7776107788086,161.71622276306152,0.0,688.0,30.0,135.0288,148.60057830810547,328.5538575418701,166.7776107788086
25,25,10,draft|draft_verify|target|target_rescue_verify,872.4589347839355,353.7633419036865,902.7385711669922,718.0,151.0,719.03,902.7385711669922,2129.020968654614,1049.4007265357789
25,25,11,draft|draft_verify,143.4168815612793,177.0792007446289,0.0,866.0,28.0,137.384,354.02089409647215,320.5561047059082,354.02089409647215
26,26,1,draft|draft_verify,123.38995933532715,30.784130096435547,0.0,137.0,30.0,96.67920000000001,123.38995933532715,154.2341134317627,123.38995933532715
26,26,2,draft|draft_verify|target|target_rescue_verify,396.75307273864746,119.31729316711426,468.5075283050537,167.0,100.0,338.5592,468.5075283050537,984.6379742108154,468.5075283050537
26,26,3,draft|draft_verify|target|target_rescue_verify,316.06316566467285,181.79726600646973,805.124044418335,243.0,66.0,232.476,805.124044418335,1303.0445288894775,805.124044418335
26,26,4,draft|draft_verify,178.20382118225098,94.75922584533691,0.0,378.0,43.0,163.6796,163.6796,273.0230814275879,178.20382118225098
26,26,5,draft|draft_verify,148.48709106445312,127.28166580200195,0.0,421.0,34.0,132.2696,132.2696,275.8287840664551,148.48709106445312
26,26,6,draft|draft_verify,322.97325134277344,144.41728591918945,0.0,455.0,77.0,311.00440000000003,311.00440000000003,467.4505988619629,322.97325134277344
26,26,7,draft|draft_verify|target|target_rescue_verify,475.0385284423828,270.2944278717041,162.74690628051758,532.0,108.0,460.4448,595.6521003358521,908.1399489946045,610.2458287782349
26,26,8,draft|draft_verify|target|target_rescue_verify,427.7989864349365,264.50371742248535,531.1322212219238,551.0,91.0,390.014,531.1322212219238,1223.4949978793456,560.1109179461791
26,26,9,draft|draft_verify,175.37450790405273,133.65435600280762,0.0,636.0,36.0,158.256,291.97038480280764,309.08889270686035,309.08889270686035
27,27,1,draft|draft_verify,229.86388206481934,30.895233154296875,0.0,111.0,51.0,162.75,229.86388206481934,260.81915601911624,229.86388206481934
27,27,2,draft|draft_verify|target|target_rescue_verify,2284.1742038726807,222.1207618713379,934.4723224639893,162.0,504.0,1946.2608,2057.381584135669,3440.827691408008,2395.2949880083497
27,27,3,draft|draft_verify|target|target_rescue_verify,879.9071311950684,237.11705207824707,498.10147285461426,318.0,186.0,716.3040000000001,834.9226748391236,1615.1858049279297,998.5258060341919
27,27,4,draft|draft_verify,697.0524787902832,137.3755931854248,0.0,398.0,147.0,587.1036,587.1036,834.488189575708,697.0524787902832
27,27,5,draft|draft_verify|target|target_rescue_verify,353.11102867126465,259.5219612121582,666.6572093963623,545.0,74.0,314.3464,666.6572093963623,1279.3502584797852,666.6572093963623
27,27,6,draft|draft_verify,531.5980911254883,155.0920009613037,0.0,654.0,113.0,515.2924,515.2924,686.750182486792,531.5980911254883
27,27,7,draft|draft_verify,199.17750358581543,155.63726425170898,0.0,767.0,41.0,193.26999999999998,193.26999999999998,354.8748006375244,199.17750358581543
27,27,8,draft|draft_verify,64.87059593200684,174.76558685302734,0.0,808.0,12.0,55.92959999999999,330.5228935047363,239.69619238503418,330.5228935047363
28,28,1,draft|draft_verify,152.45699882507324,29.415369033813477,0.0,105.0,33.0,104.0412,152.45699882507324,181.93239425888672,152.45699882507324
28,28,2,draft|draft_verify|target|target_rescue_verify,690.324068069458,112.63394355773926,569.1623687744141,138.0,153.0,517.3596,573.7366941788696,1372.1805028016113,746.7011622483276
28,28,3,draft|draft_verify,514.7256851196289,87.32318878173828,0.0,230.0,111.0,393.942,393.942,602.1089627013672,514.7256851196289
28,28,4,draft|draft_verify,524.0592956542969,136.5952491760254,0.0,341.0,112.0,427.20079999999996,427.20079999999996,660.7146344303222,524.0592956542969
28,28,5,draft|draft_verify,478.6217212677002,137.9990577697754,0.0,453.0,102.0,414.9096,414.9096,616.6808606374756,478.6217212677002
28,28,6,draft|draft_verify,152.11844444274902,129.18853759765625,0.0,555.0,31.0,130.046,267.30770176743164,281.3670068404053,281.3670068404053
29,29,1,draft|draft_verify|target|backtracking_verify,150.0985622406006,65.84024429321289,401.5021324157715,110.0,33.0,104.4252,401.5021324157715,617.5009653495849,401.5021324157715
29,29,2,draft|draft_verify|target|target_rescue_verify,1993.2646751403809,340.79575538635254,1457.4637413024902,317.0,435.0,1805.1852,2789.5742351910094,3791.5845198292236,2977.6537103313904
29,29,3,draft|draft_verify|target|target_rescue_verify,590.9807682037354,264.74809646606445,2706.8307399749756,270.0,137.0,503.6764,2706.8307399749756,3562.6197142447754,2706.8307399749756
29,29,5,draft|draft_verify,89.61653709411621,259.68408584594727,0.0,1304.0,18.0,105.2304,392.1181484789795,349.3606373400635,392.1181484789795
30,30,1,draft|draft_verify,366.135835647583,55.362701416015625,0.0,136.0,71.0,232.582,366.135835647583,421.5585938635986,366.135835647583
30,30,2,draft|draft_verify|target|backtracking_verify,644.4344520568848,141.84832572937012,506.742000579834,207.0,124.0,435.2888,506.742000579834,1293.0848775660888,715.4187141215698
30,30,3,draft|draft_verify|target|backtracking_verify,739.0096187591553,358.8595390319824,1079.7569751739502,619.0,147.0,664.542,1473.6252594609618,2177.686250565088,1548.0928782201172
30,30,6,draft|draft_verify|target|target_rescue_verify|backtracking_verify,1906.5473079681396,912.6174449920654,3108.912944793701,1727.0,413.0,3097.1548,5336.1346865409,5928.138028153906,4145.527194509039
30,30,8,draft|draft_verify|target|target_rescue_verify,542.3598289489746,581.9258689880371,2010.190725326538,1166.0,101.0,581.8299999999999,2010.190725326538,3134.5365040635497,2010.190725326538
30,30,9,draft|draft_verify|target|target_rescue_verify,1589.9343490600586,750.1852512359619,1661.31591796875,1508.0,335.0,2304.5308,2679.683693617981,4001.4957862647707,1965.0872426780395
30,30,10,draft|draft_verify|target|target_rescue_verify,109.15517807006836,721.9574451446533,122.84350395202637,1787.0,20.0,139.3432,1097.1100867626342,954.0161431667481,1097.1100867626342
31,31,1,draft|draft_verify,323.6563205718994,31.209468841552734,0.0,105.0,68.0,217.5112,323.6563205718994,354.92584381345216,323.6563205718994
31,31,2,draft|draft_verify,321.55895233154297,58.65001678466797,0.0,173.0,71.0,238.798,238.798,380.2690259162109,321.55895233154297
31,31,3,draft|draft_verify,128.91721725463867,60.86087226867676,0.0,244.0,27.0,93.558,93.558,189.83811112331543,128.91721725463867
31,31,4,draft|draft_verify|target|target_rescue_verify,222.84698486328125,138.45086097717285,196.4428424835205,271.0,46.0,163.772,233.05746728858642,557.8007251239746,292.1324521518677
31,31,5,draft|draft_verify,120.22614479064941,84.3193531036377,0.0,296.0,25.0,89.5196,89.5196,204.60551789428712,120.22614479064941
31,31,6,draft|draft_verify,51.90873146057129,84.06758308410645,0.0,321.0,10.0,35.741600000000005,84.37937310363769,136.03632254467774,84.37937310363769
31,31,7,draft|draft_verify|target|target_rescue_verify,154.07943725585938,169.66557502746582,165.6169891357422,331.0,32.0,117.6568,202.5496131137329,489.4220270190674,238.9722503695923
31,31,8,draft|draft_verify,134.2787742614746,93.56570243835449,0.0,352.0,28.0,104.07679999999999,104.07679999999999,227.9044990998291,134.2787742614746
31,31,9,draft|draft_verify,157.73701667785645,93.54114532470703,0.0,380.0,33.0,125.16120000000001,125.16120000000001,251.33818840256347,157.73701667785645
31,31,10,draft|draft_verify,47.495126724243164,124.50575828552246,0.0,413.0,10.0,37.7288,93.60117172470703,172.06089300976564,93.60117172470703
31,31,11,draft|draft_verify,207.3652744293213,125.75316429138184,0.0,423.0,44.0,172.204,172.204,333.17847392070314,207.3652744293213
31,31,12,draft|draft_verify,117.9659366607666,125.8399486541748,0.0,467.0,25.0,99.3692,125.81319949138184,243.86590531494141,125.81319949138184
31,31,13,draft|draft_verify,204.69069480895996,136.40570640563965,0.0,492.0,48.0,195.96479999999997,195.96479999999997,341.1564396145996,204.69069480895996
31,31,14,draft|draft_verify,12.499094009399414,125.74410438537598,0.0,540.0,2.0,7.0384,136.46574480563964,138.30319999477538,136.46574480563964
31,31,15,draft|draft_verify,95.17216682434082,127.3641586303711,0.0,542.0,19.0,78.3548,125.80410598537598,222.59634065471192,125.80410598537598
31,31,16,draft|draft_verify,75.72221755981445,127.06279754638672,0.0,561.0,14.0,57.9016,127.42417383037109,202.8450263062012,127.42417383037109
31,31,17,draft|draft_verify,171.50306701660156,132.2460174560547,0.0,575.0,33.0,140.1372,140.1372,303.8091108726562,171.50306701660156
31,31,18,draft|draft_verify,59.58104133605957,131.44993782043457,0.0,608.0,10.0,41.9408,132.30604385605469,191.09098715649415,132.30604385605469
31,31,19,draft|draft_verify,345.792293548584,153.6874771118164,0.0,618.0,77.0,340.7356,340.7356,499.5398322604004,345.792293548584
31,31,20,draft|draft_verify,52.51288414001465,152.93645858764648,0.0,695.0,10.0,43.82,153.74753871181642,205.50935072766114,153.74753871181642
31,31,21,draft|draft_verify,274.5225429534912,154.76608276367188,0.0,705.0,54.0,248.0904,248.0904,429.3486689171631,274.5225429534912
31,31,22,draft|draft_verify|target|backtracking_verify,241.29605293273926,349.12848472595215,321.195125579834,759.0,47.0,221.27800000000002,395.9022799629761,911.6797008385254,415.9203328957153
31,31,23,draft|draft_verify|target|target_rescue_verify,274.57165718078613,527.3528099060059,131.2117576599121,1609.0,54.0,363.0792,626.8156481530029,933.1962679467041,538.3081053337891
31,31,24,draft|draft_verify|target|backtracking_verify,55.19247055053711,369.69852447509766,111.17386817932129,846.0,10.0,47.0816,448.5856751905518,536.124871204956,448.5856751905518
31,31,25,draft|draft_verify|target|backtracking_verify,920.5765724182129,604.428768157959,563.82155418396,1712.0,196.0,1409.6,1711.8745408789794,2088.887051560132,1222.8511132971923
31,31,26,draft|draft_verify|target|backtracking_verify,219.75183486938477,1029.2460918426514,184.07964706420898,2854.0,44.0,423.0831999999999,1338.5799322062255,1433.137608976245,1217.7111162852052
31,31,27,draft|draft_verify|target|target_rescue_verify,268.50295066833496,2032.2659015655518,562.8607273101807,4814.0,53.0,756.2044,3035.592335657141,2863.6896219440673,2547.890886325476
31,31,28,draft|draft_verify,53.09247970581055,202.36587524414062,0.0,983.0,11.0,55.294,203.22659015655518,255.51836374995116,203.22659015655518
31,31,29,draft|draft_verify,60.91904640197754,203.84883880615234,0.0,994.0,11.0,55.55799999999999,406.33473165029295,264.8278940081299,406.33473165029295
32,32,1,draft|draft_verify,189.43095207214355,21.862030029296875,0.0,77.0,41.0,127.03,189.43095207214355,211.35301490144042,189.43095207214355
32,32,2,draft|draft_verify,215.68059921264648,30.91120719909668,0.0,118.0,48.0,153.77759999999998,153.77759999999998,246.65184481174316,215.68059921264648
32,32,3,draft|draft_verify,238.66009712219238,49.89814758300781,0.0,166.0,53.0,176.13400000000001,176.13400000000001,288.6182871052002,238.66009712219238
32,32,4,draft|draft_verify,500.260591506958,77.10075378417969,0.0,219.0,109.0,383.72119999999995,383.72119999999995,577.4214324911377,500.260591506958
32,32,5,draft|draft_verify,87.77856826782227,77.00395584106445,0.0,328.0,17.0,61.7116,154.22481042524413,164.8425377088867,164.8425377088867
33,33,1,draft|draft_verify,93.58334541320801,32.39178657531738,0.0,120.0,20.0,63.328,93.58334541320801,126.0351479885254,93.58334541320801
33,33,2,draft|draft_verify,204.1800022125244,52.12068557739258,0.0,140.0,45.0,146.31,146.31,256.36072378991696,204.1800022125244
33,33,3,draft|draft_verify|target|target_rescue_verify,683.2759380340576,152.6620388031006,681.6141605377197,185.0,148.0,516.1351999999999,681.6141605377197,1517.612255774878,759.6670758356079
33,33,4,draft|draft_verify,601.2272834777832,100.68130493164062,0.0,295.0,126.0,469.02,469.02,701.9686892094238,601.2272834777832
33,33,5,draft|draft_verify,323.7738609313965,139.69779014587402,0.0,421.0,69.0,272.3676,272.3676,463.53170627727053,323.7738609313965
33,33,6,draft|draft_verify,146.57855033874512,130.4304599761963,0.0,490.0,30.0,121.248,270.2483293220703,277.0690343149414,277.0690343149414
34,34,1,draft|draft_verify,199.40733909606934,30.324459075927734,0.0,111.0,44.0,140.0056,199.40733909606934,229.79183337199706,199.40733909606934
34,34,2,draft|draft_verify,277.2393226623535,49.811601638793945,0.0,155.0,62.0,205.1704,205.1704,327.1109739011475,277.2393226623535
34,34,3,draft|draft_verify|target|backtracking_verify,1040.093183517456,268.2809829711914,1313.5838508605957,217.0,226.0,826.8199999999999,1313.5838508605957,2622.0181981492433,1313.5838508605957
34,34,4,draft|draft_verify|target|target_rescue_verify,558.779239654541,379.00567054748535,271.76475524902344,883.0,118.0,603.1736000000001,792.7365296737428,1209.6097598510498,748.3421693282837
34,34,5,draft|draft_verify,284.18588638305664,128.19886207580566,0.0,517.0,62.0,258.1672,258.1672,412.4447980588623,284.18588638305664
34,34,6,draft|draft_verify,217.20361709594727,129.52256202697754,0.0,579.0,37.0,157.814,157.814,346.7862087229248,217.20361709594727
34,34,7,draft|draft_verify|target|backtracking_verify,103.47843170166016,285.0379943847656,537.604570388794,616.0,26.0,112.36000000000001,537.604570388794,926.1810172752198,537.604570388794
34,34,8,draft|draft_verify|target|target_rescue_verify,144.4237232208252,292.79422760009766,456.25782012939453,642.0,23.0,100.51480000000001,456.25782012939453,893.5357893503174,456.25782012939453
34,34,9,draft|draft_verify,135.73360443115234,154.67143058776855,0.0,712.0,26.0,118.12,301.12856518781734,290.46505581892086,301.12856518781734
35,35,1,draft|draft_verify,311.9490146636963,30.69019317626953,0.0,87.0,78.0,247.1448,311.9490146636963,342.6992702399658,311.9490146636963
35,35,2,draft|draft_verify,156.62145614624023,50.04310607910156,0.0,165.0,39.0,128.7564,128.7564,206.7245934253418,156.62145614624023
35,35,3,draft|draft_verify,164.34884071350098,59.57984924316406,0.0,204.0,41.0,139.222,139.222,223.98872275666503,164.34884071350098
35,35,4,draft|draft_verify,270.07150650024414,78.0782699584961,0.0,245.0,66.0,232.788,232.788,348.2098292587402,270.07150650024414
35,35,5,draft|draft_verify,149.28388595581055,77.86774635314941,0.0,311.0,36.0,130.95600000000002,130.95600000000002,227.21166110895996,149.28388595581055
35,35,6,draft|draft_verify,132.16018676757812,92.87738800048828,0.0,347.0,31.0,115.07,115.07,225.0975995680664,132.16018676757812
35,35,7,draft|draft_verify|target|backtracking_verify,258.82577896118164,263.8728618621826,400.0134468078613,378.0,65.0,249.6028,400.0134468078613,922.7721396312256,400.0134468078613
35,35,8,draft|draft_verify|target|target_rescue_verify,398.6551761627197,379.2240619659424,275.0966548919678,885.0,87.0,441.3324,631.0045005829712,1053.03596262063,588.3272767456909
35,35,9,draft|draft_verify|target|backtracking_verify,299.49474334716797,281.15391731262207,330.6121826171875,473.0,65.0,264.1948,404.83181065631106,911.3208952769776,440.13175400347905
35,35,10,draft|draft_verify|target|target_rescue_verify,426.47767066955566,386.92283630371094,250.93722343444824,1062.0,88.0,483.4928,677.0142885518554,1064.3978008077147,619.9991592214111
35,35,11,draft|draft_verify|target|target_rescue_verify,188.80534172058105,261.4872455596924,369.1282272338867,576.0,40.0,170.5856,369.1282272338867,819.4808465141601,369.1282272338867
35,35,12,draft|draft_verify,187.1631145477295,152.3451805114746,0.0,634.0,39.0,171.5292,171.5292,339.5683262592041,187.1631145477295
35,35,13,draft|draft_verify,149.0480899810791,153.82862091064453,0.0,673.0,31.0,138.542,152.4052117114746,302.93673569172364,152.4052117114746
35,35,14,draft|draft_verify,659.794807434082,174.7872829437256,0.0,704.0,144.0,679.6032,679.6032,834.6422055778077,659.794807434082
35,35,15,draft|draft_verify|target|target_rescue_verify,374.25708770751953,414.17932510375977,666.4071083068848,848.0,79.0,392.87,666.4071083068848,1454.9035843181641,666.4071083068848
35,35,16,draft|draft_verify,162.75286674499512,202.90088653564453,0.0,951.0,31.0,158.558,410.0505738875244,365.71377808063966,410.0505738875244
36,36,1,draft|draft_verify,227.42962837219238,30.011653900146484,0.0,87.0,52.0,163.0712,227.42962837219238,257.50132387233884,227.42962837219238
36,36,2,draft|draft_verify,357.96523094177246,52.09183692932129,0.0,139.0,83.0,273.7324,273.7324,410.11713427109373,357.96523094177246
36,36,3,draft|draft_verify,440.16551971435547,77.44216918945312,0.0,222.0,94.0,329.8208,329.8208,517.6677641038086,440.16551971435547
36,36,4,draft|draft_verify,588.3040428161621,142.11583137512207,0.0,316.0,117.0,440.0508,440.0508,730.4799677912841,588.3040428161621
36,36,5,draft|draft_verify,149.10435676574707,126.80578231811523,0.0,433.0,29.0,113.302,269.0417304932373,275.9701622838623,275.9701622838623
37,37,1,draft|draft_verify,192.0783519744873,31.563282012939453,0.0,130.0,41.0,132.118,192.0783519744873,223.70166678742675,192.0783519744873
37,37,2,draft|draft_verify,221.82297706604004,51.48196220397949,0.0,171.0,49.0,163.1516,163.1516,273.36497847001954,221.82297706604004
37,37,3,draft|draft_verify|target|backtracking_verify,390.45214653015137,140.55442810058594,473.88601303100586,220.0,91.0,318.51800000000003,473.88601303100586,1004.9526604617431,473.88601303100586
37,37,4,draft|draft_verify|target|target_rescue_verify|backtracking_verify,922.1048355102539,393.91541481018066,1256.4730644226074,607.0,191.0,868.51,1792.2432461189392,2572.5534675430417,1845.838081629193
37,37,5,draft|draft_verify|target|target_rescue_verify,721.7757701873779,289.3106937408447,475.9175777435303,374.0,155.0,611.7244000000001,756.4398708704224,1487.064165671753,866.4912410578003
37,37,6,draft|draft_verify,399.0788459777832,144.2241668701172,0.0,449.0,84.0,338.8872,338.8872,543.3630800479004,399.0788459777832
37,37,7,draft|draft_verify,225.75855255126953,128.88097763061523,0.0,533.0,47.0,196.32760000000002,325.26861523061524,354.69956778188475,354.69956778188475
38,38,1,draft|draft_verify,216.51697158813477,31.018495559692383,0.0,85.0,48.0,150.05519999999999,216.51697158813477,247.59550554782714,216.51697158813477
38,38,2,draft|draft_verify|target|backtracking_verify,761.3835334777832,155.0121307373047,1732.422113418579,133.0,170.0,576.3208,1732.422113418579,2648.877913633667,1732.422113418579
38,38,3,draft|draft_verify|target|backtracking_verify,804.1446208953857,270.430326461792,1189.286708831787,303.0,173.0,657.2955999999999,1189.286708831787,2263.921794588965,1189.286708831787
38,38,4,draft|draft_verify|target|target_rescue_verify,1443.1109428405762,706.2644958496094,6445.912599563599,961.0,316.0,1752.884,6975.610971450806,8595.348291053784,6975.610971450806
39,39,1,draft|draft_verify,99.84517097473145,22.180557250976562,0.0,95.0,22.0,68.4824,99.84517097473145,122.085745825708,99.84517097473145
39,39,2,draft|draft_verify,238.00420761108398,30.90214729309082,0.0,117.0,53.0,170.0188,170.0188,268.9663973041748,238.00420761108398
39,39,3,draft|draft_verify,473.75035285949707,60.63199043273926,0.0,170.0,105.0,356.886,356.886,534.4424272922363,473.75035285949707
39,39,4,draft|draft_verify,281.3746929168701,77.09860801696777,0.0,275.0,60.0,215.388,215.388,358.5333489338379,281.3746929168701
39,39,5,draft|draft_verify,131.99281692504883,77.32129096984863,0.0,335.0,27.0,99.2364,176.61771256984863,209.37412949489746,209.37412949489746
40,40,1,draft|draft_verify|target|backtracking_verify,262.6824378967285,118.96228790283203,785.8948707580566,147.0,58.0,190.5368,845.3760147094727,1167.599642957617,845.3760147094727
41,41,1,draft|draft_verify,289.8132801055908,30.688762664794922,0.0,94.0,64.0,202.7312,289.8132801055908,320.5620939703857,289.8132801055908
41,41,2,draft|draft_verify,144.07038688659668,50.36640167236328,0.0,158.0,32.0,104.7856,104.7856,194.49681415895995,144.07038688659668
41,41,3,draft|draft_verify,217.60272979736328,58.788299560546875,0.0,190.0,49.0,165.3404,165.3404,276.45106855791016,217.60272979736328
41,41,4,draft|draft_verify,140.150785446167,60.33635139465332,0.0,239.0,31.0,107.294,107.294,200.54716164082032,140.150785446167
41,41,5,draft|draft_verify|target|backtracking_verify,489.15743827819824,185.62030792236328,592.9932594299316,270.0,106.0,385.61600000000004,592.9932594299316,1267.831090430493,592.9932594299316
41,41,6,draft|draft_verify|target|target_rescue_verify,729.008674621582,377.5913715362549,443.42732429504395,742.0,155.0,747.7372,936.5930097681274,1550.087494452881,917.8644843897094
41,41,7,draft|draft_verify|target|target_rescue_verify,1971.6665744781494,422.0454692840576,476.55534744262695,874.0,422.0,2307.424,2518.5070722420287,2870.327728804834,2182.749646720178
41,41,8,draft|draft_verify|target|target_rescue_verify,519.4768905639648,416.3167476654053,822.3340511322021,1266.0,110.0,661.2736,869.4920618327026,1758.1877773615722,822.3340511322021
41,41,9,draft|draft_verify|target|target_rescue_verify,285.5207920074463,309.1888427734375,568.1583881378174,653.0,60.0,268.9128,722.7528095245361,1162.9280709187012,722.7528095245361
42,42,1,draft|draft_verify,223.4940528869629,29.628515243530273,0.0,93.0,47.0,147.75160000000002,223.4940528869629,253.18260573049315,223.4940528869629
42,42,2,draft|draft_verify,224.83086585998535,51.413774490356445,0.0,140.0,50.0,162.904,162.904,276.30468035034176,224.83086585998535
42,42,3,draft|draft_verify|target|target_rescue_verify,548.0785369873047,167.14859008789062,956.1281204223633,190.0,118.0,408.5792,956.1281204223633,1671.4153418975586,956.1281204223633
42,42,4,draft|draft_verify,805.0127029418945,139.53042030334473,0.0,346.0,173.0,675.0459999999999,675.0459999999999,944.6032616452393,805.0127029418945
42,42,5,draft|draft_verify,175.7948398590088,137.66765594482422,0.0,519.0,36.0,148.428,286.1556847448242,313.522524603833,313.522524603833
43,43,1,draft|draft_verify,331.4013481140137,30.782461166381836,0.0,86.0,79.0,250.2236,331.4013481140137,362.2438724803955,331.4013481140137
43,43,2,draft|draft_verify|target|backtracking_verify,906.8489074707031,233.8263988494873,2584.812879562378,165.0,226.0,798.74,2584.812879562378,3725.5483666825685,2584.812879562378
43,43,3,draft|draft_verify|target|target_rescue_verify,2157.311201095581,317.333459854126,832.9558372497559,391.0,476.0,2083.1800000000003,2241.9071107270634,3307.660878999463,2316.038311822644
43,43,4,draft|draft_verify|target|target_rescue_verify,1606.8956851959229,330.4553031921387,1548.1045246124268,525.0,354.0,1610.7143999999998,1776.0023347960691,3485.5157962004882,1772.1836199919921
43,43,5,draft|draft_verify|target|backtracking_verify,464.993953704834,356.57548904418945,749.5296001434326,787.0,112.0,546.0151999999999,749.5296001434326,1571.1591324924561,749.5296001434326
43,43,6,draft|draft_verify|target|target_rescue_verify,179.29530143737793,404.2479991912842,452.07786560058594,899.0,44.0,221.3272,452.07786560058594,1035.6812014292482,452.07786560058594
43,43,7,draft|draft_verify,162.19139099121094,201.28893852233887,0.0,967.0,24.0,122.92079999999999,403.47295731798096,363.5403487135498,403.47295731798096
44,44,1,draft|draft_verify,196.3672637939453,31.402111053466797,0.0,117.0,42.0,134.1192,196.3672637939453,227.8294084474121,196.3672637939453
44,44,2,draft|draft_verify,231.7366600036621,50.48871040344238,0.0,159.0,46.0,151.67600000000002,151.67600000000002,282.2854072071045,231.7366600036621
44,44,3,draft|draft_verify,77.79717445373535,53.55048179626465,0.0,205.0,18.0,60.391200000000005,60.391200000000005,131.40767065,77.79717445373535
44,44,4,draft|draft_verify,822.0977783203125,97.54776954650879,0.0,223.0,174.0,628.092,628.092,919.7056870668213,822.0977783203125
44,44,5,draft|draft_verify|target|target_rescue_verify,1111.1180782318115,276.9970893859863,1630.7759284973145,397.0,242.0,994.1512,1630.7759284973145,3018.9512897151126,1630.7759284973145
44,44,6,draft|draft_verify,980.9780120849609,183.93921852111816,0.0,673.0,219.0,1037.934,1037.934,1164.977405806079,980.9780120849609
44,44,7,draft|draft_verify,338.92345428466797,200.5939483642578,0.0,892.0,72.0,364.7712,364.7712,539.5774602489257,338.92345428466797
44,44,8,draft|draft_verify,353.4820079803467,201.80130004882812,0.0,964.0,75.0,393.1164,393.1164,555.3433680291748,353.4820079803467
44,44,9,draft|draft_verify,419.6968078613281,229.06017303466797,0.0,1039.0,89.0,484.26519999999994,484.26519999999994,648.8170520959961,419.6968078613281
44,44,10,draft|draft_verify,201.07173919677734,232.0396900177002,0.0,1128.0,39.0,216.582,229.12024423466798,433.17146041447756,229.12024423466798
44,44,11,draft|draft_verify|target|target_rescue_verify,255.69438934326172,513.2913589477539,372.51853942871094,1167.0,50.0,283.67920000000004,797.030598947754,1141.5643277197264,769.0457882910157
45,45,1,draft|draft_verify,197.9062557220459,30.72524070739746,0.0,88.0,41.0,128.086,197.9062557220459,228.69152922944335,197.9062557220459
45,45,2,draft|draft_verify|target|target_rescue_verify,463.72270584106445,84.26380157470703,156.42166137695312,129.0,95.0,312.46840000000003,354.6603767873535,704.4682447927246,505.91468262841795
45,45,3,draft|draft_verify,294.6314811706543,51.26333236694336,0.0,148.0,56.0,183.952,183.952,345.95485833759767,294.6314811706543
45,45,4,draft|draft_verify,129.03833389282227,52.23441123962402,0.0,204.0,25.0,84.2204,84.2204,181.3327651324463,129.03833389282227
45,45,5,draft|draft_verify,507.39407539367676,87.51177787780762,0.0,229.0,95.0,335.02840000000003,335.02840000000003,594.9659292714844,507.39407539367676
45,45,6,draft|draft_verify,92.64659881591797,84.50508117675781,0.0,324.0,17.0,61.558,87.57185387780761,177.21169359267577,92.64659881591797
45,45,7,draft|draft_verify,274.9803066253662,100.32343864440918,0.0,341.0,51.0,190.35,190.35,375.3637860697754,274.9803066253662
45,45,8,draft|draft_verify,84.36989784240723,93.21308135986328,0.0,392.0,16.0,60.32,193.65657360427247,177.6429920022705,193.65657360427247
46,46,1,draft|draft_verify|target|backtracking_verify,182.4948787689209,60.896873474121094,283.4484577178955,85.0,45.0,140.502,283.4484577178955,526.9002459609375,283.4484577178955
46,46,2,draft|draft_verify|target|backtracking_verify,1009.697437286377,178.85613441467285,1009.1874599456787,259.0,231.0,869.694,1009.1874599456787,2197.8012164467286,1099.1856892937135
46,46,3,draft|draft_verify|target|backtracking_verify,1363.0244731903076,442.2566890716553,1287.1460914611816,790.0,279.0,1420.8924,2418.331020187915,3092.4874769231446,2360.4630933782228
46,46,4,draft|draft_verify|target|target_rescue_verify,2358.80970954895,964.3869400024414,1765.7783031463623,1829.0,437.0,3396.694,5578.320912517497,5089.035302297754,4540.436622066448
46,46,6,draft|draft_verify|target|target_rescue_verify,2139.4693851470947,1238.3441925048828,2814.6719932556152,2720.0,402.0,3964.9103999999998,7176.725109879384,6192.545892507593,5351.28409502648
46,46,7,draft|draft_verify,93.07980537414551,93.92690658569336,0.0,387.0,19.0,71.6588,137.5937991672092,187.06672715983888,137.5937991672092
46,46,8,draft|draft_verify|target|target_rescue_verify,247.43413925170898,252.30813026428223,431.3373565673828,406.0,53.0,206.086,431.3373565673828,931.139668483374,431.3373565673828
46,46,9,draft|draft_verify|target|target_rescue_verify,72.9978084564209,253.07464599609375,119.13514137268066,470.0,15.0,59.09400000000001,252.751400130188,445.26760782519534,252.751400130188
46,46,10,draft|draft_verify,90.80743789672852,127.8684139251709,0.0,483.0,19.0,75.806,126.53732299804688,218.73586702189942,126.53732299804688
46,46,11,draft|draft_verify,199.15533065795898,127.4101734161377,0.0,502.0,46.0,188.72,188.72,326.6255408740967,199.15533065795898
46,46,12,draft|draft_verify|target|target_rescue_verify,61.46979331970215,256.70313835144043,174.7279167175293,548.0,15.0,61.714800000000004,255.88179139185792,492.9608603886719,255.88179139185792
46,46,13,draft|draft_verify|target|target_rescue_verify,136.05093955993652,257.10344314575195,85.45398712158203,569.0,27.0,113.83800000000001,256.9633123485962,478.66839142727054,264.6626827328125
46,46,14,draft|draft_verify,55.724382400512695,128.47447395324707,0.0,576.0,11.0,45.525999999999996,257.08620432612304,184.25886515375976,257.08620432612304
47,47,1,draft|draft_verify|target|target_rescue_verify,649.5928764343262,224.51066970825195,3325.692653656006,126.0,146.0,488.27200000000005,3437.947988510132,4199.856316598584,3437.947988510132
48,48,1,draft|draft_verify,515.186071395874,60.324907302856445,0.0,145.0,113.0,378.4732,515.186071395874,575.5710690987305,515.186071395874
48,48,2,draft|draft_verify|target|target_rescue_verify,438.8878345489502,181.72287940979004,932.3699474334717,258.0,93.0,334.1436,932.3699474334717,1553.040735792212,932.3699474334717
48,48,3,draft|draft_verify|target|backtracking_verify,644.4606781005859,278.55801582336426,927.0246028900146,413.0,141.0,567.126,927.0246028900146,1850.1034096139647,927.0246028900146
48,48,5,draft|draft_verify|target|target_rescue_verify,353.40023040771484,329.9601078033447,883.6750984191895,698.0,75.0,345.8748,883.6750984191895,1567.095496630249,883.6750984191895
48,48,6,draft|draft_verify,657.0286750793457,201.94125175476074,0.0,843.0,141.0,711.606,711.606,859.0300396341064,657.0286750793457
48,48,7,draft|draft_verify,160.98928451538086,202.63385772705078,0.0,984.0,33.0,171.54840000000002,404.69524868181156,363.6831686424316,404.69524868181156
49,49,1,draft|draft_verify,367.1896457672119,51.81002616882324,0.0,112.0,81.0,261.75,367.1896457672119,419.0597367360352,367.1896457672119
49,49,2,draft|draft_verify|target|backtracking_verify,185.03570556640625,103.44958305358887,282.88936614990234,193.0,41.0,138.166,282.88936614990234,571.4346875698975,282.88936614990234
49,49,3,draft|draft_verify|target|backtracking_verify,994.1740036010742,312.11376190185547,1358.9298725128174,468.0,214.0,908.1200000000001,1821.7304288828004,2665.277809215747,1907.7844324838745
49,49,6,draft|draft_verify,272.449254989624,158.33687782287598,0.0,745.0,58.0,272.3432,272.3432,430.8461792125,272.449254989624
49,49,7,draft|draft_verify,104.45356369018555,173.93803596496582,0.0,803.0,21.0,99.318,332.3949769878418,278.45161645515134,332.3949769878418
50,50,1,draft|draft_verify,261.6255283355713,31.210660934448242,0.0,109.0,58.0,185.3384,261.6255283355713,292.8962356700195,261.6255283355713
50,50,2,draft|draft_verify,468.52898597717285,60.49990653991699,0.0,167.0,104.0,352.6168,352.6168,529.0889757170899,468.52898597717285
50,50,3,draft|draft_verify|target|backtracking_verify,660.269021987915,176.67698860168457,538.017749786377,271.0,140.0,515.5576,603.9562063008423,1375.0238723759767,748.6676282887573
50,50,4,draft|draft_verify|target|backtracking_verify,1194.6797370910645,399.06954765319824,650.6526470184326,769.0,240.0,1198.7304000000001,1398.3253658265992,2244.4621237626952,1394.2747029176635
50,50,5,draft|draft_verify|target|backtracking_verify,588.2713794708252,642.7993774414062,685.4970455169678,1526.0,124.0,824.6576,1681.7057239116089,1916.6279016291992,1445.319503382434
50,50,6,draft|draft_verify|target|target_rescue_verify,2067.401885986328,1330.4722309112549,3064.931631088257,2793.0,453.0,4575.6636,8057.064668748419,6462.866110385839,5548.802954734747
50,50,7,draft|draft_verify|target|backtracking_verify,117.36750602722168,264.9850845336914,213.40489387512207,536.0,23.0,94.918,280.382808545874,595.8175028360351,280.382808545874
50,50,8,draft|draft_verify|target|target_rescue_verify,615.3135299682617,521.3971138000488,305.13715744018555,1118.0,132.0,751.0896,1294.7661196701295,1441.9079068084961,1158.9900496383912
50,50,9,draft|draft_verify|target|target_rescue_verify,998.0897903442383,622.5559711456299,1435.7259273529053,1152.0,214.0,1257.7808,2442.6209132356753,3056.431860042773,2182.929903579913
50,50,10,draft|draft_verify|target|target_rescue_verify,220.3221321105957,314.62883949279785,334.65051651000977,686.0,46.0,208.59199999999998,365.96645654639894,869.6615249134034,377.69658865699466
50,50,11,draft|draft_verify,97.99671173095703,154.62398529052734,0.0,731.0,20.0,91.1896,157.31441974639893,252.6807130214844,157.31441974639893
50,50,12,draft|draft_verify,27.843713760375977,155.5655002593994,0.0,751.0,5.0,21.5836,154.68400129052733,183.46921801977538,154.68400129052733
50,50,13,draft|draft_verify,79.81252670288086,155.9460163116455,0.0,756.0,17.0,78.1468,311.6315341710449,235.81855661452636,311.6315341710449
51,51,1,draft|draft_verify,159.58333015441895,26.6721248626709,0.0,80.0,35.0,108.406,159.58333015441895,186.31548301708983,159.58333015441895
51,51,2,draft|draft_verify,365.36145210266113,51.54228210449219,0.0,115.0,82.0,265.6664,265.6664,416.9637998071533,365.36145210266113
51,51,3,draft|draft_verify,249.23062324523926,62.1495246887207,0.0,197.0,54.0,183.4728,183.4728,311.44019113395996,249.23062324523926
51,51,4,draft|draft_verify,469.46120262145996,78.79471778869629,0.0,251.0,99.0,354.8076,354.8076,548.3159996101563,469.46120262145996
51,51,5,draft|draft_verify,173.03204536437988,104.24613952636719,0.0,350.0,36.0,134.232,134.232,277.33821369074707,173.03204536437988
51,51,6,draft|draft_verify,225.89707374572754,125.5495548248291,0.0,386.0,47.0,180.0988,180.0988,351.5066661705566,225.89707374572754
51,51,8,draft|draft_verify,85.80851554870605,128.31926345825195,0.0,485.0,16.0,63.668,253.98886868308108,214.187791806958,253.98886868308108
52,52,1,draft|draft_verify,260.99681854248047,30.982494354248047,0.0,91.0,53.0,166.774,260.99681854248047,292.0393552967285,260.99681854248047
52,52,2,draft|draft_verify|target|target_rescue_verify,1520.4615592956543,190.43469429016113,257.0669651031494,144.0,316.0,1135.232,1230.5095999450805,1968.0234714889648,1615.7391592407348
52,52,3,draft|draft_verify|target|target_rescue_verify,300.20999908447266,123.8865852355957,560.8680248260498,181.0,63.0,212.43,560.8680248260498,985.0246595461182,560.8680248260498
52,52,4,draft|draft_verify,379.2853355407715,78.216552734375,0.0,272.0,80.0,288.7552,288.7552,457.5619522751465,379.2853355407715
52,52,5,draft|draft_verify,207.27133750915527,98.87242317199707,0.0,352.0,43.0,161.05880000000002,161.05880000000002,306.20379508115235,207.27133750915527
52,52,6,draft|draft_verify,243.52264404296875,139.38093185424805,0.0,395.0,45.0,173.238,173.238,382.96361189721677,243.52264404296875
52,52,7,draft|draft_verify,272.58801460266113,130.6760311126709,0.0,440.0,55.0,218.438,218.438,403.32408971533204,272.58801460266113
52,52,8,draft|draft_verify,189.50176239013672,144.2544460296631,0.0,495.0,38.0,154.70319999999998,154.70319999999998,333.81623881979976,189.50176239013672
52,52,9,draft|draft_verify,125.89573860168457,128.7691593170166,0.0,533.0,25.0,103.1708,273.14365574667966,254.72491791870118,273.14365574667966
53,53,1,draft|draft_verify,498.66724014282227,60.25362014770508,0.0,149.0,106.0,355.124,498.66724014282227,558.9809450905274,498.66724014282227
53,53,2,draft|draft_verify,109.51805114746094,60.76240539550781,0.0,255.0,21.0,73.014,73.014,170.34047334296875,109.51805114746094
53,53,3,draft|draft_verify,285.82072257995605,78.54938507080078,0.0,276.0,60.0,215.52960000000002,215.52960000000002,364.43015565075683,285.82072257995605
53,53,4,draft|draft_verify,103.98435592651367,79.41651344299316,0.0,336.0,21.0,76.902,78.60943307080078,183.46088616950684,103.98435592651367
53,53,5,draft|draft_verify,273.76437187194824,94.27642822265625,0.0,357.0,57.0,215.40120000000002,215.40120000000002,368.1008456946045,273.76437187194824
53,53,6,draft|draft_verify,191.25819206237793,126.95050239562988,0.0,414.0,40.0,155.4224,155.4224,318.2687264580078,191.25819206237793
53,53,7,draft|draft_verify,195.33705711364746,128.04293632507324,0.0,454.0,40.0,159.1664,159.1664,323.4400254387207,195.33705711364746
53,53,8,draft|draft_verify,156.84103965759277,143.99313926696777,0.0,494.0,33.0,133.9164,133.9164,300.8942053245605,156.84103965759277
53,53,9,draft|draft_verify,54.62503433227539,136.40594482421875,0.0,527.0,11.0,44.349999999999994,144.05316566696777,191.09098795649413,144.05316566696777
53,53,10,draft|draft_verify,279.67143058776855,130.78880310058594,0.0,538.0,58.0,244.0256,244.0256,410.52028008835447,279.67143058776855
53,53,11,draft|draft_verify,46.31805419921875,129.61268424987793,0.0,596.0,9.0,37.3596,130.84884950058594,175.99074564909668,130.84884950058594
53,53,12,draft|draft_verify,113.9826774597168,131.8197250366211,0.0,605.0,23.0,98.5612,129.67269144987793,245.86242089633788,129.67269144987793
53,53,13,draft|draft_verify,51.64742469787598,132.9793930053711,0.0,628.0,10.0,42.3728,131.87974343662108,184.68682570324708,131.87974343662108
53,53,14,draft|draft_verify,151.51405334472656,151.88980102539062,0.0,638.0,31.0,136.022,136.022,303.4638791701172,151.51405334472656
53,53,15,draft|draft_verify,50.217628479003906,152.49943733215332,0.0,669.0,10.0,43.2584,151.94982582539063,202.77707381115724,151.94982582539063
53,53,16,draft|draft_verify,70.58262825012207,154.13236618041992,0.0,679.0,14.0,61.5832,152.55944533215333,224.775005630542,152.55944533215333
53,53,17,draft|draft_verify,56.99610710144043,153.38373184204102,0.0,693.0,11.0,48.334,154.1923773804199,210.43984774348144,154.1923773804199
53,53,18,draft|draft_verify,185.76550483703613,155.75766563415527,0.0,704.0,38.0,173.2624,173.2624,341.58320087119137,185.76550483703613
53,53,19,draft|draft_verify,54.04019355773926,160.38846969604492,0.0,742.0,10.0,44.8352,155.81769603415526,214.4886712537842,155.81769603415526
53,53,20,draft|draft_verify,101.47571563720703,162.93883323669434,0.0,752.0,17.0,77.9932,323.44732453273923,264.47456247390136,323.44732453273923
54,54,1,draft|draft_verify,306.34117126464844,34.946441650390625,0.0,105.0,58.0,184.7912,306.34117126464844,341.34765931503904,306.34117126464844
54,54,2,draft|draft_verify,644.2441940307617,62.02983856201172,0.0,163.0,131.0,447.26200000000006,447.26200000000006,706.3341373927734,644.2441940307617
54,54,3,draft|draft_verify|target|target_rescue_verify,509.05680656433105,183.33840370178223,460.2177143096924,294.0,124.0,460.97119999999995,552.700501050891,1152.6730237758056,600.7861076152221
54,54,5,draft|draft_verify|target|target_rescue_verify,1920.6478595733643,452.52513885498047,1449.7349262237549,769.0,409.0,2127.0812,2353.40409662749,3822.9682518520995,2146.9707562008543
54,54,6,draft|draft_verify,117.22707748413086,202.00109481811523,0.0,1006.0,22.0,114.39679999999998,428.3236818456055,319.2881899022461,428.3236818456055
55,55,1,draft|draft_verify,294.6138381958008,31.59642219543457,0.0,103.0,63.0,200.8236,294.6138381958008,326.2703107912354,294.6138381958008
55,55,2,draft|draft_verify,361.67263984680176,60.28413772583008,0.0,166.0,80.0,268.6576,268.6576,422.01684157263185,361.67263984680176
55,55,3,draft|draft_verify,767.7199840545654,104.44402694702148,0.0,246.0,161.0,587.446,587.446,872.224139801587,767.7199840545654
55,55,4,draft|draft_verify|target|backtracking_verify,646.1591720581055,342.9872989654541,2822.7007389068604,407.0,134.0,535.8808,2822.7007389068604,3811.90731713042,2822.7007389068604
55,55,5,draft|draft_verify|target|target_rescue_verify,1973.513126373291,742.5401210784912,11807.077646255493,541.0,414.0,1929.5976,12178.347706794739,14523.191224907276,12178.347706794739
56,56,1,draft|draft_verify,203.33361625671387,31.33368492126465,0.0,113.0,44.0,140.212,203.33361625671387,234.7273363779785,203.33361625671387
56,56,2,draft|draft_verify,397.8755474090576,60.204505920410156,0.0,157.0,88.0,294.5288,294.5288,458.14012372946775,397.8755474090576
56,56,3,draft|draft_verify,282.99546241760254,60.617685317993164,0.0,245.0,47.0,164.5324,164.5324,343.6731853355957,282.99546241760254
56,56,4,draft|draft_verify,202.8188705444336,77.74734497070312,0.0,292.0,32.0,114.7552,114.7552,280.62624111513674,202.8188705444336
56,56,5,draft|draft_verify,272.5672721862793,107.67841339111328,0.0,324.0,55.0,203.40439999999998,203.40439999999998,380.3057295773926,272.5672721862793
56,56,6,draft|draft_verify|target|target_rescue_verify,459.1546058654785,221.30966186523438,332.430362701416,379.0,94.0,364.8632,475.5781061326172,1012.9547056321289,569.8695119980957
56,56,7,draft|draft_verify,166.88108444213867,125.90217590332031,0.0,423.0,34.0,132.428,132.428,292.843287545459,166.88108444213867
56,56,8,draft|draft_verify|target|target_rescue_verify,330.9469223022461,293.44964027404785,514.6708488464355,457.0,70.0,282.3752,514.6708488464355,1139.1274674227295,514.6708488464355
56,56,9,draft|draft_verify,147.613525390625,128.8132667541504,0.0,538.0,28.0,116.1296,146.72482013702393,276.48681454477537,147.613525390625
56,56,10,draft|draft_verify,218.30320358276367,129.52375411987305,0.0,566.0,46.0,195.632,195.632,347.88699450263675,218.30320358276367
56,56,11,draft|draft_verify,154.00338172912598,133.21948051452637,0.0,612.0,28.0,120.9248,129.58379091987305,287.2828846436523,154.00338172912598
56,56,12,draft|draft_verify,225.01444816589355,153.4252166748047,0.0,640.0,46.0,203.624,203.624,378.4997016406983,225.01444816589355
56,56,13,draft|draft_verify,135.04505157470703,154.34956550598145,0.0,686.0,28.0,125.72,153.4852534748047,289.45463948068846,153.4852534748047
56,56,14,draft|draft_verify,154.32381629943848,156.37660026550293,0.0,714.0,30.0,136.8384,154.40958790598145,310.7604405649414,154.40958790598145
56,56,15,draft|draft_verify,136.43765449523926,155.2560329437256,0.0,744.0,28.0,129.4784,156.43662426550293,291.7537098389648,156.43662426550293
56,56,16,draft|draft_verify,138.50951194763184,175.41098594665527,0.0,772.0,30.0,140.8752,155.3160553437256,313.9805218942871,155.3160553437256
56,56,17,draft|draft_verify,133.52489471435547,180.3417205810547,0.0,802.0,28.0,133.2368,175.47100994665527,313.92663769541014,175.47100994665527
56,56,18,draft|draft_verify,178.61127853393555,184.54551696777344,0.0,830.0,38.0,184.4512,184.4512,363.21682590170894,180.4017429810547
56,56,19,draft|draft_verify,137.86816596984863,178.4811019897461,0.0,868.0,28.0,137.5136,184.60554736777343,316.4092903595947,184.60554736777343
56,56,20,draft|draft_verify,244.6885108947754,202.2237777709961,0.0,896.0,38.0,190.312,190.312,446.97231906577144,244.6885108947754
56,56,21,draft|draft_verify,278.00941467285156,207.98540115356445,0.0,934.0,43.0,219.7244,219.7244,486.054850226416,278.00941467285156
56,56,22,draft|draft_verify,211.54522895812988,204.09250259399414,0.0,977.0,33.0,171.01080000000002,208.04543555356446,415.697757952124,211.54522895812988
56,56,23,draft|draft_verify,275.4216194152832,228.69110107421875,0.0,1010.0,43.0,227.3852,227.3852,504.17275488950196,275.4216194152832
56,56,24,draft|draft_verify,155.05170822143555,230.24678230285645,0.0,1053.0,33.0,176.8476,228.75113547421876,385.35851692429196,228.75113547421876
56,56,25,draft|draft_verify,205.09576797485352,234.11941528320312,0.0,1086.0,43.0,235.046,235.046,439.27521765805665,230.30680870285644
56,56,26,draft|draft_verify,173.45833778381348,259.22465324401855,0.0,1129.0,33.0,182.68439999999998,234.17944968320313,432.743017427832,234.17944968320313
56,56,27,draft|draft_verify,222.43857383728027,256.572961807251,0.0,1162.0,44.0,248.4688,259.2846796440186,479.07157084453127,259.2846796440186
56,56,28,draft|draft_verify,169.57855224609375,265.46597480773926,0.0,1206.0,33.0,188.598,256.632997007251,435.104553453833,256.632997007251
56,56,29,draft|draft_verify,216.4475917816162,275.9726047515869,0.0,1239.0,44.0,256.41519999999997,265.5260012077393,492.48023173320314,265.5260012077393
56,56,30,draft|draft_verify,165.94338417053223,278.78284454345703,0.0,1283.0,34.0,200.54,276.03263995158693,444.7862559139893,276.03263995158693
56,56,31,draft|draft_verify,217.81229972839355,281.721830368042,0.0,1317.0,44.0,264.46479999999997,278.842871743457,499.59416529643556,278.842871743457
56,56,32,draft|draft_verify,165.68732261657715,282.1207046508789,0.0,1361.0,34.0,206.7176,281.781865568042,447.8680544674561,281.781865568042
56,56,33,draft|draft_verify,236.20200157165527,314.03541564941406,0.0,1395.0,44.0,272.5144,282.1807318508789,550.2974524210694,282.1807318508789
56,56,34,draft|draft_verify,182.76739120483398,315.90747833251953,0.0,1439.0,34.0,212.8952,314.0954508494141,498.73489673735355,314.0954508494141
56,56,35,draft|draft_verify,234.25817489624023,320.13511657714844,0.0,1473.0,44.0,280.56399999999996,315.9675055325195,554.4533266733887,315.9675055325195
56,56,36,draft|draft_verify,182.48248100280762,333.80627632141113,0.0,1517.0,34.0,219.07279999999997,320.19515177714845,516.3487845242188,320.19515177714845
56,56,37,draft|draft_verify,207.01313018798828,336.9770050048828,0.0,1551.0,44.0,288.6136,333.8663035214111,544.0501703928711,333.8663035214111
56,56,38,draft|draft_verify,168.5318946838379,330.72876930236816,0.0,1595.0,33.0,218.4732,337.0370402048828,499.320690386206,337.0370402048828
56,56,39,draft|draft_verify,218.15228462219238,353.2693386077881,0.0,1628.0,44.0,296.55999999999995,330.7887957023682,571.4816584299805,330.7887957023682
56,56,40,draft|draft_verify,170.7601547241211,365.60988426208496,0.0,1672.0,33.0,224.3868,353.3293738077881,536.430065386206,353.3293738077881
56,56,41,draft|draft_verify,216.34793281555176,370.12434005737305,0.0,1705.0,44.0,304.5064,365.669910662085,586.5323080729248,365.669910662085
56,56,42,draft|draft_verify,178.02882194519043,400.7129669189453,0.0,1749.0,33.0,230.3004,370.18437525737306,578.8018152641357,370.18437525737306
56,56,43,draft|draft_verify,214.7514820098877,396.97909355163574,0.0,1782.0,44.0,312.45279999999997,400.77299331894534,611.7906107615235,400.77299331894534
56,56,44,draft|draft_verify,161.8359088897705,396.64483070373535,0.0,1826.0,33.0,236.214,397.03912875163576,558.5407659935058,397.03912875163576
56,56,45,draft|draft_verify,215.1038646697998,406.75973892211914,0.0,1859.0,44.0,320.39919999999995,396.7048571037354,621.923638791919,396.7048571037354
56,56,46,draft|draft_verify,174.38077926635742,412.25457191467285,0.0,1903.0,33.0,242.1276,406.81977412211916,586.6953775810302,406.81977412211916
56,56,47,draft|draft_verify,227.25200653076172,412.8859043121338,0.0,1936.0,44.0,328.3456,412.3145983146729,640.1979460428955,412.3145983146729
56,56,48,draft|draft_verify,170.8540916442871,439.84127044677734,0.0,1980.0,33.0,248.0412,412.9459395121338,610.7553884910644,412.9459395121338
56,56,49,draft|draft_verify,233.3698272705078,442.07215309143066,0.0,2013.0,44.0,336.292,882.0334851382081,675.5020155619385,882.0334851382081
57,57,1,draft|draft_verify|target|target_rescue_verify,324.45621490478516,64.09430503845215,436.4776611328125,101.0,72.0,229.9848,436.4776611328125,825.0882386760497,436.4776611328125
57,57,2,draft|draft_verify|target|target_rescue_verify,456.5143585205078,132.71307945251465,697.0534324645996,168.0,105.0,356.3868,697.0534324645996,1286.340954437622,697.0534324645996
57,57,3,draft|draft_verify|target|target_rescue_verify,485.91089248657227,233.23655128479004,1329.6105861663818,282.0,113.0,415.2988,1329.6105861663818,2048.8181203377444,1329.6105861663818
57,57,5,draft|draft_verify|target|target_rescue_verify,746.8795776367188,344.1767692565918,1624.4828701019287,576.0,158.0,700.264,1796.5712547302246,2715.599343395239,1796.5712547302246
58,58,1,draft|draft_verify|target|target_rescue_verify,681.4389228820801,144.20604705810547,415.0247573852539,206.0,136.0,479.096,753.6020552111328,1240.7298361254393,753.6020552111328
58,58,2,draft|draft_verify|target|backtracking_verify,330.86299896240234,161.09824180603027,661.8368625640869,270.0,69.0,247.7244,661.8368625640869,1153.8581585325196,661.8368625640869
58,58,3,draft|draft_verify|target|target_rescue_verify,1387.5484466552734,566.8580532073975,2264.9147510528564,699.0,289.0,1412.4572,3111.8328599338256,4219.381482115527,3086.924106589099
59,59,1,draft|draft_verify,137.15052604675293,32.8369140625,0.0,73.0,30.0,92.2248,137.15052604675293,170.04746410925293,137.15052604675293
59,59,2,draft|draft_verify,875.6308555603027,61.1271858215332,0.0,103.0,186.0,620.844,620.844,936.8181901818359,875.6308555603027
59,59,3,draft|draft_verify,161.31019592285156,77.46553421020508,0.0,289.0,33.0,118.17240000000001,118.17240000000001,238.83575653305664,161.31019592285156
59,59,4,draft|draft_verify,79.32162284851074,77.59737968444824,0.0,322.0,15.0,54.1212,155.18295229465332,156.97901453295898,156.97901453295898
60,60,1,draft|draft_verify,338.3824825286865,35.17746925354004,0.0,102.0,70.0,223.5872,338.3824825286865,373.62000778222654,338.3824825286865
60,60,2,draft|draft_verify,469.73323822021484,68.17960739135742,0.0,172.0,91.0,308.15000000000003,308.15000000000003,537.9729184115722,469.73323822021484
60,60,3,draft|draft_verify,185.8658790588379,68.31908226013184,0.0,263.0,34.0,119.756,119.756,254.24498851896973,185.8658790588379
60,60,4,draft|draft_verify|target|backtracking_verify,29.94990348815918,152.7559757232666,351.28307342529297,297.0,6.0,20.82,351.28307342529297,534.0489574367188,351.28307342529297
60,60,5,draft|draft_verify|target|target_rescue_verify,1263.6818885803223,313.690185546875,515.5346393585205,654.0,278.0,1325.0464,1481.9517151734374,2092.9669358857177,1420.5872037537597
60,60,6,draft|draft_verify|target|backtracking_verify|target_rescue_verify,694.3309307098389,489.97950553894043,634.4695091247559,788.0,137.0,672.7516,1357.5310933165833,1818.8400549735352,1379.1104240264222
60,60,7,draft|draft_verify|target|target_rescue_verify,1053.9724826812744,529.0811061859131,1324.1500854492188,888.0,229.0,1205.7979999999998,2397.0143321105224,2907.2638575164065,2245.188814791797
61,61,1,draft|draft_verify,101.87745094299316,31.244516372680664,0.0,133.0,22.0,70.3976,101.87745094299316,133.1819849156738,101.87745094299316
61,61,2,draft|draft_verify,267.67826080322266,51.71775817871094,0.0,155.0,59.0,195.0124,195.0124,319.4560661819336,267.67826080322266
61,61,3,draft|draft_verify,544.5153713226318,78.11927795410156,0.0,214.0,119.0,418.9852,418.9852,622.6947444767334,544.5153713226318
61,61,4,draft|draft_verify|target|target_rescue_verify,565.2790069580078,243.29113960266113,545.8495616912842,333.0,128.0,488.3656,610.0712722013305,1354.4798106519531,686.9846791593384
61,61,5,draft|draft_verify,587.1062278747559,144.14334297180176,0.0,417.0,125.0,501.4492,501.4492,731.3096708465577,587.1062278747559
61,61,6,draft|draft_verify,277.9526710510254,128.64971160888672,0.0,542.0,58.0,244.5728,244.5728,406.6624290599121,277.9526710510254
61,61,7,draft|draft_verify,205.69539070129395,133.46242904663086,0.0,600.0,42.0,181.6464,315.1688626466308,339.2178533479248,339.2178533479248
62,62,1,draft|draft_verify,354.21061515808105,31.316041946411133,0.0,92.0,81.0,257.90999999999997,354.21061515808105,385.5867219044922,354.21061515808105
62,62,2,draft|draft_verify|target|backtracking_verify,516.0439014434814,199.47361946105957,2727.65851020813,173.0,118.0,403.8056,2727.65851020813,3443.2361255126707,2727.65851020813
62,62,3,draft|draft_verify|target|target_rescue_verify,866.2126064300537,218.8584804534912,487.32995986938477,291.0,192.0,728.4408,837.9301938267456,1572.4612003529296,975.7020002567994
62,62,4,draft|draft_verify|target|backtracking_verify,436.82098388671875,253.77798080444336,754.2517185211182,366.0,93.0,357.99,754.2517185211182,1444.9107576122803,754.2517185211182
62,62,5,draft|draft_verify|target|target_rescue_verify,714.3783569335938,528.702974319458,1795.7491874694824,941.0,152.0,804.8008,2099.2627460743347,3038.890640322534,2060.1006746292114
62,62,6,draft|draft_verify|target|target_rescue_verify,1028.8722515106201,608.7226867675781,1889.4710540771484,1223.0,216.0,1306.716,2708.0537149142574,3527.126165155347,2430.209966424878
62,62,7,draft|draft_verify|target|target_rescue_verify,277.3771286010742,342.2067165374756,518.6166763305664,756.0,57.0,269.0268,689.7200345993042,1138.2605670691162,689.7200345993042
63,63,1,draft|draft_verify,853.7266254425049,92.40865707397461,0.0,149.0,173.0,593.7244,853.7266254425049,946.1954209164795,853.7266254425049
63,63,2,draft|draft_verify,176.04756355285645,80.40213584899902,0.0,322.0,37.0,135.6092,135.6092,256.5097290018555,176.04756355285645
63,63,3,draft|draft_verify,111.18316650390625,93.74094009399414,0.0,359.0,23.0,85.5724,85.5724,204.98412499790038,111.18316650390625
63,63,4,draft|draft_verify,45.983076095581055,92.50712394714355,0.0,382.0,9.0,33.2508,93.80095849399414,138.5502072427246,93.80095849399414
63,63,5,draft|draft_verify,397.85146713256836,126.96242332458496,0.0,391.0,79.0,307.31960000000004,307.31960000000004,524.8739536571534,397.85146713256836
63,63,6,draft|draft_verify,167.4952507019043,127.3813247680664,0.0,470.0,35.0,140.23,140.23,294.9366034699707,167.4952507019043
63,63,7,draft|draft_verify,285.5353355407715,127.9916763305664,0.0,505.0,53.0,218.4412,218.4412,413.5870542713379,285.5353355407715
63,63,8,draft|draft_verify,221.51541709899902,130.3110122680664,0.0,558.0,47.0,199.0876,199.0876,351.8864669670654,221.51541709899902
63,63,9,draft|draft_verify|target|target_rescue_verify,486.61279678344727,311.0067844390869,943.0828094482422,605.0,109.0,483.77239999999995,943.0828094482422,1740.7624778707764,943.0828094482422
63,63,10,draft|draft_verify,77.59213447570801,155.57479858398438,0.0,752.0,13.0,59.1548,155.50339221954346,233.2269434596924,155.50339221954346
63,63,11,draft|draft_verify,576.9786834716797,180.7842254638672,0.0,765.0,112.0,540.1544,540.1544,757.8229985355468,576.9786834716797
63,63,12,draft|draft_verify,149.95384216308594,178.89833450317383,0.0,877.0,30.0,148.1832,180.84431506386719,328.91220066625976,180.84431506386719
63,63,13,draft|draft_verify,549.659252166748,201.64966583251953,0.0,907.0,121.0,625.9100000000001,625.9100000000001,751.3690147992676,549.659252166748
63,63,14,draft|draft_verify|target|target_rescue_verify,362.17665672302246,460.85119247436523,622.3104000091553,1028.0,77.0,415.51959999999997,646.0052578371826,1445.398310806543,622.3104000091553
63,63,15,draft|draft_verify,430.1180839538574,256.4735412597656,0.0,1124.0,92.0,519.568,519.568,686.651698813623,430.1180839538574
63,63,16,draft|draft_verify,59.35382843017578,256.92105293273926,0.0,1216.0,12.0,66.70079999999999,256.53361485976563,316.33489096291504,256.53361485976563
63,63,17,draft|draft_verify,301.29480361938477,257.7173709869385,0.0,1228.0,68.0,398.0896,398.0896,559.0722290063233,301.29480361938477
63,63,18,draft|draft_verify,77.87442207336426,277.99463272094727,0.0,1296.0,17.0,98.8828,257.7774253869385,355.9290683943115,257.7774253869385
63,63,19,draft|draft_verify,245.30267715454102,279.2491912841797,0.0,1313.0,53.0,319.2796,319.2796,524.6119108387206,278.05464632094726
63,63,20,draft|draft_verify,165.6169891357422,281.53038024902344,0.0,1366.0,29.0,175.9996,279.3092336841797,447.2073925847656,279.3092336841797
63,63,21,draft|draft_verify,321.33007049560547,311.73110008239746,0.0,1395.0,58.0,361.2632,361.2632,633.1212169780028,321.33007049560547
63,63,22,draft|draft_verify,69.16522979736328,311.5880489349365,0.0,1453.0,13.0,79.34360000000001,311.79114648239744,380.8132891322998,311.79114648239744
63,63,23,draft|draft_verify,787.6784801483154,332.9646587371826,0.0,1466.0,172.0,1130.5808,1130.5808,1120.703276485498,787.6784801483154
63,63,24,draft|draft_verify,46.932220458984375,334.72466468811035,0.0,1638.0,7.0,43.727599999999995,667.809466625293,381.71689074709474,667.809466625293
64,64,1,draft|draft_verify,235.55541038513184,29.101848602294922,0.0,88.0,51.0,159.99,235.55541038513184,264.7172997874268,235.55541038513184
64,64,2,draft|draft_verify|target|target_rescue_verify,1751.4927387237549,242.57254600524902,1443.2759284973145,139.0,369.0,1344.7451999999998,1587.3780412052488,3437.4015084263183,1994.1255799290038
65,65,1,draft|draft_verify,197.8127956390381,29.74534034729004,0.0,94.0,45.0,141.4524,197.8127956390381,227.61817198632812,197.8127956390381
65,65,2,draft|draft_verify,263.5459899902344,50.824880599975586,0.0,139.0,66.0,216.252,216.252,314.43092339020995,263.5459899902344
65,65,3,draft|draft_verify,153.39279174804688,58.44879150390625,0.0,205.0,32.0,108.2824,108.2824,211.9016088519531,153.39279174804688
65,65,4,draft|draft_verify,136.3050937652588,61.20157241821289,0.0,237.0,30.0,103.6392,103.6392,197.56669018347168,136.3050937652588
65,65,5,draft|draft_verify,173.6757755279541,64.68772888183594,0.0,267.0,34.0,120.0728,120.0728,238.42353160979005,173.6757755279541
65,65,6,draft|draft_verify,149.0347385406494,79.5736312866211,0.0,301.0,31.0,111.758,111.758,228.66839462727052,149.0347385406494
65,65,7,draft|draft_verify,154.50406074523926,82.77463912963867,0.0,332.0,28.0,102.7808,102.7808,237.33872227487794,154.50406074523926
65,65,8,draft|draft_verify,139.3439769744873,98.0064868927002,0.0,360.0,27.0,100.7964,100.7964,237.4104854671875,139.3439769744873
65,65,9,draft|draft_verify,142.85016059875488,94.27165985107422,0.0,387.0,27.0,102.4812,102.4812,237.1818420498291,142.85016059875488
65,65,10,draft|draft_verify,120.67055702209473,126.50084495544434,0.0,414.0,24.0,92.39519999999999,94.33168145107422,247.23142117753906,120.67055702209473
65,65,11,draft|draft_verify,125.00977516174316,128.21650505065918,0.0,438.0,24.0,93.72,126.56086415544434,253.28629941240234,126.56086415544434
65,65,12,draft|draft_verify|target|backtracking_verify,602.7536392211914,264.3256187438965,306.86235427856445,462.0,116.0,476.44,608.6629021719482,1174.0017050436522,734.9765413931397
65,65,13,draft|draft_verify|target|backtracking_verify,312.3805522918701,409.5582962036133,162.83822059631348,1080.0,55.0,301.38199999999995,506.2211921018066,884.8371130917969,517.2197443936768
65,65,14,draft|draft_verify|target|target_rescue_verify,597.3925590515137,663.7136936187744,426.0129928588867,1732.0,100.0,710.4032,1454.4407313244628,1687.1793255291748,1341.4300903759765
65,65,15,draft|draft_verify,163.21420669555664,133.35680961608887,0.0,574.0,34.0,144.3872,144.3872,296.63104351164554,163.21420669555664
65,65,16,draft|draft_verify,159.47437286376953,134.95945930480957,0.0,608.0,29.0,125.06200000000001,133.41683681608887,294.4938553685791,159.47437286376953
65,65,17,draft|draft_verify,114.3035888671875,133.6832046508789,0.0,637.0,18.0,78.0168,135.01948250480956,248.0468079180664,135.01948250480956
65,65,18,draft|draft_verify,120.3911304473877,156.07571601867676,0.0,655.0,22.0,96.7064,289.8789526695557,276.52686406606443,289.8789526695557
66,66,1,draft|draft_verify,386.25407218933105,66.21479988098145,0.0,113.0,74.0,238.66,386.25407218933105,452.5289312703125,386.25407218933105
66,66,2,draft|draft_verify,84.29455757141113,62.14332580566406,0.0,187.0,17.0,56.2972,66.27485908098144,146.4978969770752,84.29455757141113
66,66,3,draft|draft_verify,158.2348346710205,57.94239044189453,0.0,204.0,34.0,115.0832,115.0832,216.23725231291505,158.2348346710205
66,66,4,draft|draft_verify|target|backtracking_verify,579.3864727020264,181.18977546691895,954.8919200897217,238.0,105.0,373.85880000000003,954.8919200897217,1715.528252258667,954.8919200897217
66,66,5,draft|draft_verify|target|target_rescue_verify,757.296085357666,394.20509338378906,1290.3366088867188,740.0,133.0,637.2092,1290.3366088867188,2441.897894028174,1290.3366088867188
66,66,6,draft|draft_verify,766.8123245239258,128.22461128234863,0.0,432.0,135.0,548.0892,548.0892,895.0970438062744,766.8123245239258
66,66,7,draft|draft_verify,209.72871780395508,129.32944297790527,0.0,567.0,45.0,191.4012,191.4012,339.1181967818603,209.72871780395508
66,66,8,draft|draft_verify,249.8941421508789,132.92837142944336,0.0,612.0,54.0,236.26080000000002,236.26080000000002,382.88255678032226,249.8941421508789
66,66,9,draft|draft_verify,222.25713729858398,152.64248847961426,0.0,666.0,50.0,224.7616,224.7616,374.9596657781982,222.25713729858398
66,66,10,draft|draft_verify|target|target_rescue_verify,618.5946464538574,335.21413803100586,397.31502532958984,716.0,130.0,614.8976,782.564773015503,1351.1839138144533,786.2618194693604
66,66,11,draft|draft_verify,290.86828231811523,175.63104629516602,0.0,769.0,59.0,280.4812,280.4812,466.55937581328124,290.86828231811523
66,66,12,draft|draft_verify|target|target_rescue_verify,134.4125270843506,366.32347106933594,230.93533515930176,828.0,28.0,134.9216,358.912851429834,731.7313557129883,358.912851429834
66,66,13,draft|draft_verify,267.0462131500244,178.87234687805176,0.0,858.0,56.0,277.67199999999997,277.67199999999997,445.9786048280762,267.0462131500244
66,66,14,draft|draft_verify|target|backtracking_verify,275.6056785583496,407.38630294799805,360.5799674987793,914.0,59.0,300.6652,504.41839867399904,1043.631996205127,479.3588772323486
66,66,15,draft|draft_verify|target|target_rescue_verify,368.5643672943115,617.9335117340088,180.79447746276855,1940.0,77.0,581.8684,890.8952174670044,1167.3524180910888,677.5911847613158
66,66,16,draft|draft_verify,144.91677284240723,221.9717502593994,0.0,1026.0,30.0,158.55360000000002,308.9667558670044,366.94854710180664,308.9667558670044
66,66,17,draft|draft_verify,243.4842586517334,230.5457592010498,0.0,1056.0,56.0,303.808,303.808,474.0900626527832,243.4842586517334
66,66,18,draft|draft_verify,242.79499053955078,232.13911056518555,0.0,1112.0,53.0,294.1948,294.1948,474.9941435047363,242.79499053955078
66,66,19,draft|draft_verify,280.5147171020508,257.86638259887695,0.0,1165.0,59.0,335.6044,335.6044,538.4411469009277,280.5147171020508
66,66,20,draft|draft_verify,144.03867721557617,261.4750862121582,0.0,1224.0,30.0,172.33440000000002,257.92642979887694,405.5737874277344,257.92642979887694
66,66,21,draft|draft_verify,252.26998329162598,275.50601959228516,0.0,1254.0,56.0,329.94399999999996,329.94399999999996,527.8360476839111,261.5351102121582
66,66,22,draft|draft_verify,252.01940536499023,278.7027359008789,0.0,1310.0,53.0,318.90520000000004,318.90520000000004,530.7821836658691,275.56606439228517
66,66,23,draft|draft_verify,283.0471992492676,307.572603225708,0.0,1363.0,59.0,363.166,363.166,590.6798496749756,283.0471992492676
66,66,24,draft|draft_verify,146.6832160949707,308.93468856811523,0.0,1422.0,30.0,186.11520000000002,307.632650425708,455.67792866308594,307.632650425708
66,66,25,draft|draft_verify,268.8479423522949,314.50581550598145,0.0,1452.0,56.0,356.0799999999999,356.0799999999999,583.4138026582764,308.99471256811523
66,66,26,draft|draft_verify,248.94165992736816,331.9101333618164,0.0,1508.0,53.0,343.6156,343.6156,580.9118356891845,314.56586030598146
66,66,27,draft|draft_verify,278.00583839416504,335.33549308776855,0.0,1561.0,59.0,390.7276,390.7276,613.4013786819336,331.9701757618164
66,66,28,draft|draft_verify,143.43523979187012,330.3093910217285,0.0,1620.0,30.0,199.89600000000002,335.39554028776854,473.80465481359863,335.39554028776854
66,66,29,draft|draft_verify,271.3334560394287,356.1384677886963,0.0,1650.0,56.0,382.21599999999995,382.21599999999995,627.531968628125,330.3694150217285
66,66,30,draft|draft_verify,255.57827949523926,368.25060844421387,0.0,1706.0,53.0,368.326,368.326,623.888930339453,356.1985125886963
66,66,31,draft|draft_verify,290.07887840270996,394.2294120788574,0.0,1759.0,59.0,418.2892,418.2892,684.3683376815674,368.31065084421385
66,66,32,draft|draft_verify,143.85366439819336,396.79670333862305,0.0,1818.0,30.0,213.67680000000001,394.2894592788574,540.7103917368164,394.2894592788574
66,66,33,draft|draft_verify,252.20179557800293,397.1884250640869,0.0,1848.0,56.0,408.352,408.352,649.4502654420899,396.85672733862305
66,66,34,draft|draft_verify,235.5940341949463,407.012939453125,0.0,1904.0,53.0,393.0364,397.2484698640869,642.6670160480712,397.2484698640869
66,66,35,draft|draft_verify,281.36539459228516,410.7804298400879,0.0,1957.0,59.0,445.85080000000005,445.85080000000005,692.205871632373,407.072981853125
66,66,36,draft|draft_verify,148.07629585266113,439.32509422302246,0.0,2016.0,30.0,227.4576,410.8404770400879,587.4614140756836,410.8404770400879
66,66,37,draft|draft_verify,265.669584274292,456.67409896850586,0.0,2046.0,56.0,434.48799999999994,896.1192619915283,722.4037280427979,896.1192619915283
67,67,1,draft|draft_verify,317.61980056762695,50.5375862121582,0.0,119.0,71.0,229.726,317.61980056762695,368.21744357978514,317.61980056762695
67,67,2,draft|draft_verify,449.19300079345703,60.5778694152832,0.0,190.0,99.0,340.4604,340.4604,509.83094940874025,449.19300079345703
67,67,3,draft|draft_verify|target|target_rescue_verify,520.8899974822998,191.20359420776367,761.6233825683594,289.0,114.0,421.0152,761.6233825683594,1473.7770654584228,761.6233825683594
67,67,4,draft|draft_verify,752.9165744781494,129.35209274291992,0.0,407.0,161.0,649.27,649.27,882.3287960210694,752.9165744781494
67,67,5,draft|draft_verify,1027.1310806274414,163.72346878051758,0.0,568.0,224.0,1006.8159999999999,1006.8159999999999,1190.914728607959,1027.1310806274414
67,67,6,draft|draft_verify|target|target_rescue_verify,936.2132549285889,383.1908702850342,672.8920936584473,792.0,202.0,1010.5232,1202.178796742517,1992.3563804720702,1127.8688516711059
67,67,7,draft|draft_verify,159.58023071289062,180.80878257751465,0.0,895.0,35.0,174.91,191.5954351425171,340.44904129040526,191.5954351425171
67,67,8,draft|draft_verify,165.64226150512695,203.0625343322754,0.0,930.0,33.0,167.40120000000002,383.99137130979,368.7648222374023,383.99137130979
68,68,1,draft|draft_verify,215.3029441833496,48.00677299499512,0.0,138.0,48.0,156.03359999999998,215.3029441833496,263.3697555783447,215.3029441833496
68,68,2,draft|draft_verify|target|target_rescue_verify,808.2194328308105,146.31080627441406,208.08839797973633,186.0,181.0,638.918,712.133547937207,1162.678781884961,881.4349807680176
68,68,3,draft|draft_verify,151.65400505065918,71.32291793823242,0.0,208.0,27.0,91.31160000000001,91.31160000000001,223.0369445888916,151.65400505065918
68,68,4,draft|draft_verify,127.47645378112793,70.36113739013672,0.0,235.0,27.0,92.99640000000001,92.99640000000001,197.89761277126465,127.47645378112793
68,68,5,draft|draft_verify,122.6186752319336,68.62545013427734,0.0,262.0,26.0,91.12,91.12,191.30414616621096,122.6186752319336
68,68,6,draft|draft_verify|target|target_rescue_verify,100.23999214172363,172.05429077148438,349.9126434326172,288.0,21.0,74.598,349.9126434326172,622.2669431458252,349.9126434326172
68,68,7,draft|draft_verify,191.30635261535645,100.2509593963623,0.0,342.0,39.0,144.8988,144.8988,291.6173432117188,191.30635261535645
68,68,8,draft|draft_verify,94.36178207397461,97.31173515319824,0.0,381.0,14.0,52.2856,100.3109905963623,191.73352842717287,100.3109905963623
68,68,9,draft|draft_verify,149.52850341796875,95.24345397949219,0.0,395.0,22.0,83.6024,97.37174635319825,244.83197499746095,149.52850341796875
68,68,10,draft|draft_verify|target|backtracking_verify,159.7299575805664,257.9214572906494,259.42492485046387,417.0,25.0,96.4892,259.42492485046387,677.1363597216797,288.7507062258911
68,68,11,draft|draft_verify|target|target_rescue_verify,309.33213233947754,411.8001461029053,283.1563949584961,891.0,54.0,271.7496,477.7097162514526,1004.3487166008789,515.2922485909302
68,68,12,draft|draft_verify,60.57596206665039,136.85941696166992,0.0,465.0,11.0,42.861999999999995,205.90007305145264,197.4953878283203,205.90007305145264
68,68,13,draft|draft_verify,254.94861602783203,145.81871032714844,0.0,476.0,50.0,202.4176,202.4176,400.8273663549804,254.94861602783203
68,68,14,draft|draft_verify,117.4018383026123,133.09311866760254,0.0,526.0,21.0,86.02199999999999,145.87875032714842,250.55497377021484,145.87875032714842
68,68,15,draft|draft_verify,126.89518928527832,130.2168369293213,0.0,547.0,27.0,112.46520000000001,133.15313546760254,257.17204781459964,133.15313546760254
68,68,16,draft|draft_verify,40.9388542175293,130.629301071167,0.0,574.0,9.0,36.937200000000004,130.2768585293213,171.6281624886963,130.2768585293213
68,68,17,draft|draft_verify,126.88970565795898,133.20159912109375,0.0,583.0,25.0,106.05080000000001,130.689308271167,260.15132477905274,130.689308271167
68,68,18,draft|draft_verify,40.78984260559082,133.09001922607422,0.0,608.0,8.0,33.2416,133.26161912109376,173.93986823166503,133.26161912109376
68,68,19,draft|draft_verify,52.841901779174805,133.2833766937256,0.0,616.0,10.0,42.113600000000005,133.1500256260742,186.1852864729004,133.1500256260742
68,68,20,draft|draft_verify,47.12867736816406,133.34298133850098,0.0,626.0,9.0,37.9356,133.3433846937256,180.53166590666504,133.3433846937256
68,68,21,draft|draft_verify,180.48572540283203,153.58471870422363,0.0,635.0,36.0,158.172,158.172,334.13047290705566,180.48572540283203
68,68,22,draft|draft_verify,113.42859268188477,154.4516086578369,0.0,671.0,23.0,102.04599999999999,153.64474750422363,267.94021973972167,153.64474750422363
68,68,23,draft|draft_verify,135.6956958770752,161.33475303649902,0.0,694.0,28.0,126.2384,154.5116270578369,297.0904713135742,154.5116270578369
68,68,24,draft|draft_verify,66.07747077941895,155.5006504058838,0.0,722.0,10.0,44.4032,161.39477543649903,221.63812918530272,161.39477543649903
68,68,25,draft|draft_verify,67.26241111755371,155.02643585205078,0.0,732.0,9.0,39.9708,310.6471014579346,222.3488541696045,310.6471014579346
69,69,1,draft|draft_verify|target|backtracking_verify,405.8990478515625,82.56244659423828,274.1994857788086,121.0,90.0,293.7576,447.24034314868163,762.7210522246094,447.24034314868163
69,69,2,draft|draft_verify|target|backtracking_verify,1814.4869804382324,361.88220977783203,2050.9426593780518,372.0,391.0,1653.35,2050.9426593780518,4227.3721623941165,2050.9426593780518
69,69,4,draft|draft_verify,806.8196773529053,97.9468822479248,0.0,260.0,171.0,631.734,631.734,904.8266964008301,806.8196773529053
69,69,5,draft|draft_verify|target|target_rescue_verify,332.9463005065918,254.07910346984863,325.86073875427246,431.0,67.0,265.8668,392.96640533492433,912.9461963307128,460.0459058415161
69,69,6,draft|draft_verify|target|target_rescue_verify,672.1651554107666,261.2180709838867,1019.8013782501221,471.0,142.0,590.9528,1019.8013782501221,1953.2447182447754,1019.8013782501221
69,69,7,draft|draft_verify,74.18084144592285,132.88068771362305,0.0,637.0,15.0,64.7052,130.60903549194336,207.1215411595459,130.60903549194336
69,69,9,draft|draft_verify,157.26971626281738,279.7243595123291,0.0,1355.0,30.0,181.452,181.452,437.0540997751465,157.26971626281738
69,69,10,draft|draft_verify,85.22295951843262,278.43189239501953,0.0,1385.0,16.0,96.068,558.2762887073486,363.71486471345213,558.2762887073486
70,70,1,draft|draft_verify,316.0417079925537,29.714107513427734,0.0,67.0,69.0,214.5948,316.0417079925537,345.81587070598147,316.0417079925537
70,70,2,draft|draft_verify,108.51430892944336,31.871795654296875,0.0,136.0,24.0,77.0496,77.0496,140.44612378374023,108.51430892944336
70,70,3,draft|draft_verify,44.82293128967285,30.83491325378418,0.0,160.0,7.0,22.4444,31.931814854296874,75.71785014345703,44.82293128967285
70,70,4,draft|draft_verify,238.94309997558594,52.06418037414551,0.0,167.0,39.0,128.93880000000001,128.93880000000001,291.06731154973147,238.94309997558594
70,70,5,draft|draft_verify,241.47701263427734,61.214447021484375,0.0,206.0,39.0,132.4956,132.4956,302.75149085576174,241.47701263427734
70,70,6,draft|draft_verify,110.43500900268555,65.77682495117188,0.0,245.0,19.0,65.5244,65.5244,176.27184915385743,110.43500900268555
70,70,7,draft|draft_verify,171.5104579925537,63.46440315246582,0.0,264.0,33.0,116.25240000000001,179.7768295524658,235.03488754501953,235.03488754501953
71,71,1,draft|draft_verify,390.56897163391113,35.56036949157715,0.0,94.0,88.0,281.3744,390.56897163391113,426.18941152548825,390.56897163391113
71,71,2,draft|draft_verify,137.00199127197266,57.57284164428711,0.0,182.0,31.0,103.19,103.19,194.63485771625977,137.00199127197266
71,71,3,draft|draft_verify,226.30548477172852,68.23563575744629,0.0,213.0,51.0,174.99,174.99,294.60116132917483,226.30548477172852
71,71,4,draft|draft_verify,131.3486099243164,68.14694404602051,0.0,264.0,28.0,98.3744,98.3744,199.55557637033692,131.3486099243164
71,71,5,draft|draft_verify,38.04469108581543,66.26725196838379,0.0,292.0,8.0,27.9328,68.2069664460205,104.37194945419921,68.2069664460205
71,71,6,draft|draft_verify,121.15597724914551,77.54135131835938,0.0,300.0,26.0,93.4,93.4,198.7573493675049,121.15597724914551
71,71,7,draft|draft_verify,29.23870086669922,76.62487030029297,0.0,326.0,6.0,21.168,77.60137211835938,105.92357596699219,77.60137211835938
71,71,8,draft|draft_verify,62.59465217590332,80.82747459411621,0.0,332.0,13.0,47.058800000000005,76.68487510029297,143.48213717001954,76.68487510029297
71,71,9,draft|draft_verify,154.33573722839355,96.12655639648438,0.0,345.0,29.0,107.3884,203.57497959648438,250.52231682487792,250.52231682487792
72,72,1,draft|draft_verify,340.2819633483887,31.464099884033203,0.0,103.0,65.0,207.36280000000002,340.2819633483887,371.80611523242186,340.2819633483887
72,72,2,draft|draft_verify,120.13840675354004,54.00681495666504,0.0,168.0,23.0,75.4876,75.4876,174.20524011020507,120.13840675354004
72,72,3,draft|draft_verify,174.92151260375977,53.075551986694336,0.0,191.0,37.0,124.29079999999999,124.29079999999999,228.0570941904541,174.92151260375977
72,72,4,draft|draft_verify,122.36499786376953,69.70095634460449,0.0,228.0,24.0,82.12799999999999,82.12799999999999,192.12597340837402,122.36499786376953
72,72,5,draft|draft_verify,52.423954010009766,63.77696990966797,0.0,252.0,10.0,34.251200000000004,69.76097554460449,116.26093191967774,69.76097554460449
72,72,6,draft|draft_verify,57.608842849731445,65.20962715148926,0.0,262.0,11.0,37.99,63.83697790966797,122.8784788012207,63.83697790966797
72,72,7,draft|draft_verify,30.608177185058594,64.77952003479004,0.0,273.0,5.0,16.9948,65.26963595148926,95.44770121984862,65.26963595148926
72,72,8,draft|draft_verify,161.59391403198242,82.07058906555176,0.0,278.0,33.0,117.3276,117.3276,243.72452949753418,161.59391403198242
72,72,9,draft|draft_verify,61.406612396240234,84.53583717346191,0.0,311.0,12.0,42.8088,82.13061546555176,146.00245916970215,82.13061546555176
72,72,10,draft|draft_verify,60.896873474121094,79.48160171508789,0.0,323.0,10.0,35.784800000000004,164.1374564885498,140.438483189209,164.1374564885498
73,73,1,draft|draft_verify,209.06496047973633,24.45507049560547,0.0,72.0,40.0,123.41120000000001,209.06496047973633,233.5800629753418,209.06496047973633
73,73,2,draft|draft_verify,149.32847023010254,31.46672248840332,0.0,112.0,29.0,91.7308,91.7308,180.85521591850585,149.32847023010254
73,73,3,draft|draft_verify,86.8062973022461,30.789852142333984,0.0,141.0,20.0,64.2856,64.2856,117.65616544458008,86.8062973022461
73,73,4,draft|draft_verify,106.42409324645996,51.47552490234375,0.0,161.0,27.0,88.37880000000001,88.37880000000001,157.9596397488037,106.42409324645996
73,73,5,draft|draft_verify,29.58226203918457,51.26667022705078,0.0,188.0,7.0,22.8476,51.53554650234375,80.90893786623535,51.53554650234375
73,73,6,draft|draft_verify,64.99242782592773,51.6054630279541,0.0,195.0,13.0,43.1132,51.32667582705078,116.65790125388183,64.99242782592773
73,73,7,draft|draft_verify,35.11214256286621,51.071882247924805,0.0,208.0,7.0,23.1356,51.665473427954105,86.24403041079101,51.665473427954105
73,73,8,draft|draft_verify,92.27538108825684,59.69405174255371,0.0,215.0,20.0,67.66,67.66,152.02944883081057,92.27538108825684
73,73,9,draft|draft_verify,50.37260055541992,59.74221229553223,0.0,235.0,11.0,37.342,59.75406774255371,110.17482165095214,59.75406774255371
73,73,10,draft|draft_verify,130.56325912475586,61.180830001831055,0.0,246.0,28.0,97.208,97.208,191.80411152658692,130.56325912475586
73,73,11,draft|draft_verify,71.67196273803711,61.75661087036133,0.0,274.0,15.0,52.5084,61.240852401831056,133.48858560839844,71.67196273803711
73,73,12,draft|draft_verify,72.78251647949219,77.02755928039551,0.0,289.0,14.0,49.4152,138.90419335075683,149.87008695988771,149.87008695988771
74,74,1,draft|draft_verify,335.4771137237549,31.27264976501465,0.0,97.0,74.0,235.8568,335.4771137237549,366.80982268876954,335.4771137237549
74,74,2,draft|draft_verify|target|target_rescue_verify,364.0561103820801,129.06217575073242,650.2935886383057,171.0,80.0,269.60560000000004,650.2935886383057,1143.4719387711182,650.2935886383057
74,74,3,draft|draft_verify|target|target_rescue_verify,453.30286026000977,191.82968139648438,533.6668491363525,275.0,98.0,356.68719999999996,533.6668491363525,1178.8594691928467,549.2777793582519
74,74,4,draft|draft_verify,388.64994049072266,140.2294635772705,0.0,356.0,88.0,336.08,336.08,528.9394744679931,388.64994049072266
74,74,5,draft|draft_verify,114.22610282897949,125.09632110595703,0.0,444.0,23.0,90.0604,265.44587348322756,239.3824423349365,265.44587348322756
75,75,1,draft|draft_verify,142.9598331451416,21.231889724731445,0.0,73.0,32.0,98.4616,142.9598331451416,164.25174846987304,142.9598331451416
75,75,2,draft|draft_verify,136.44766807556152,29.63113784790039,0.0,105.0,31.0,97.646,97.646,166.13883072346192,136.44766807556152
75,75,3,draft|draft_verify,405.1957130432129,50.93050003051758,0.0,136.0,76.0,249.44,249.44,456.18627387373044,405.1957130432129
75,75,4,draft|draft_verify,242.74587631225586,60.56857109069824,0.0,212.0,54.0,185.38080000000002,185.38080000000002,303.3744906029541,242.74587631225586
75,75,5,draft|draft_verify,558.3407878875732,104.06756401062012,0.0,266.0,123.0,448.902,448.902,662.4684502981934,558.3407878875732
75,75,6,draft|draft_verify,118.51978302001953,92.90742874145508,0.0,389.0,24.0,91.0152,197.0951103520752,211.4872309614746,211.4872309614746
76,76,1,draft|draft_verify,238.0218505859375,30.27963638305664,0.0,89.0,54.0,169.73520000000002,238.0218505859375,268.36153016899414,238.0218505859375
76,76,2,draft|draft_verify,253.86571884155273,51.92446708679199,0.0,143.0,51.0,166.59,166.59,305.85022672834475,253.86571884155273
76,76,3,draft|draft_verify,116.5006160736084,51.31101608276367,0.0,194.0,26.0,87.04,87.04,167.8716529563721,116.5006160736084
76,76,4,draft|draft_verify,132.798433303833,60.95457077026367,0.0,220.0,31.0,105.926,105.926,193.8130288740967,132.798433303833
76,76,5,draft|draft_verify,112.48064041137695,61.02705001831055,0.0,251.0,26.0,90.46000000000001,90.46000000000001,173.56771122968752,112.48064041137695
76,76,6,draft|draft_verify,124.59111213684082,78.33266258239746,0.0,277.0,23.0,81.2428,81.2428,202.98379311923827,124.59111213684082
76,76,7,draft|draft_verify,249.78208541870117,80.42573928833008,0.0,300.0,53.0,192.8572,192.8572,330.26786710703124,249.78208541870117
76,76,8,draft|draft_verify,323.8346576690674,104.17532920837402,0.0,353.0,68.0,257.3896,257.3896,428.0700412774414,323.8346576690674
76,76,9,draft|draft_verify,227.83541679382324,139.28675651550293,0.0,421.0,47.0,183.96280000000002,183.96280000000002,367.18221090932616,227.83541679382324
76,76,10,draft|draft_verify,79.91409301757812,126.47628784179688,0.0,468.0,16.0,63.056,139.34679411550292,206.45039365937498,139.34679411550292
76,76,11,draft|draft_verify,122.21121788024902,128.27467918395996,0.0,484.0,25.0,100.3484,126.53630064179687,250.545917064209,126.53630064179687
76,76,12,draft|draft_verify,83.92763137817383,143.8586711883545,0.0,509.0,17.0,68.662,128.33469918395997,227.8463161665283,128.33469918395997
76,76,13,draft|draft_verify,55.1602840423584,137.16483116149902,0.0,526.0,11.0,44.326,143.91868478835448,192.3851240038574,143.91868478835448
76,76,14,draft|draft_verify,61.887264251708984,128.21531295776367,0.0,537.0,14.0,57.1528,137.22483996149901,190.16258840947265,137.22483996149901
76,76,15,draft|draft_verify,41.146039962768555,127.64406204223633,0.0,551.0,8.0,32.284,128.27532415776366,168.85010840500487,128.27532415776366
76,76,16,draft|draft_verify,90.99173545837402,128.71551513671875,0.0,559.0,16.0,66.332,127.70406844223633,219.76726339509275,127.70406844223633
76,76,17,draft|draft_verify,110.15033721923828,129.20475006103516,0.0,575.0,22.0,92.67439999999999,258.0402955977539,239.41510488027342,258.0402955977539
77,77,1,draft|draft_verify,210.45613288879395,29.378175735473633,0.0,81.0,53.0,165.526,210.45613288879395,239.89435102426756,210.45613288879395
77,77,2,draft|draft_verify,88.41562271118164,30.461549758911133,0.0,134.0,23.0,73.6924,73.6924,118.93719087009278,88.41562271118164
77,77,3,draft|draft_verify,159.31415557861328,51.00440979003906,0.0,157.0,36.0,118.02000000000001,118.02000000000001,210.37859416865234,159.31415557861328
77,77,4,draft|draft_verify,116.45078659057617,51.175594329833984,0.0,193.0,26.0,86.98,86.98,167.68640172041017,116.45078659057617
77,77,5,draft|draft_verify,46.45109176635742,55.463552474975586,0.0,219.0,10.0,33.5384,51.23561512983398,101.97465224133302,51.23561512983398
77,77,6,draft|draft_verify,326.82204246520996,84.03944969177246,0.0,229.0,71.0,248.20600000000002,248.20600000000002,410.9215489569824,326.82204246520996
77,77,7,draft|draft_verify,138.63205909729004,85.0362777709961,0.0,300.0,30.0,108.024,108.024,223.72836086828613,138.63205909729004
77,77,8,draft|draft_verify,345.93701362609863,105.88812828063965,0.0,330.0,74.0,276.6784,276.6784,451.8852011067383,345.93701362609863
77,77,9,draft|draft_verify,57.89542198181152,100.49867630004883,0.0,404.0,11.0,41.397999999999996,105.94818748063965,158.45410708186034,105.94818748063965
77,77,10,draft|draft_verify,186.49578094482422,127.00819969177246,0.0,415.0,33.0,127.8492,127.8492,313.56400703659665,186.49578094482422
77,77,11,draft|draft_verify,234.3602180480957,127.25520133972168,0.0,448.0,41.0,162.646,162.646,361.67545218781737,234.3602180480957
77,77,12,draft|draft_verify,92.11444854736328,131.59465789794922,0.0,489.0,18.0,71.9784,127.31523413972168,223.7691208453125,127.31523413972168
77,77,13,draft|draft_verify,135.9384059906006,137.09282875061035,0.0,507.0,26.0,105.82000000000001,268.80752184855953,273.0912555412109,273.0912555412109
78,78,1,draft|draft_verify|target|target_rescue_verify,388.8874053955078,112.19024658203125,616.3249015808105,152.0,86.0,286.6,616.3249015808105,1117.4626223583496,616.3249015808105
78,78,2,draft|draft_verify|target|backtracking_verify,222.83053398132324,200.36745071411133,2244.385004043579,251.0,48.0,168.77999999999997,2244.385004043579,2667.6430271390136,2244.385004043579
78,78,3,draft|draft_verify|target|target_rescue_verify,172.03688621520996,170.8984375,262.67170906066895,299.0,37.0,133.62199999999999,348.12092781066895,605.6670623758789,348.12092781066895
79,79,1,draft|draft_verify|target|backtracking_verify,412.5709533691406,121.94108963012695,404.3090343475342,196.0,95.0,327.58360000000005,473.6015741842041,938.8811533468017,473.6015741842041
79,79,2,draft|draft_verify|target|backtracking_verify|target_rescue_verify,1981.7097187042236,499.3896484375,3959.144115447998,552.0,442.0,2086.6832,4440.857847652123,6440.303836189722,4335.8843663563475
79,79,3,draft|draft_verify|target|target_rescue_verify,1284.0054035186768,534.3320369720459,1958.6029052734375,846.0,289.0,1514.0636,2894.174311565753,3777.0005769641602,2664.11611508443
79,79,5,draft|draft_verify|target|target_rescue_verify,706.8250179290771,792.1395301818848,2039.886474609375,1731.0,155.0,1113.2716,2727.379608941101,3538.911146720337,2435.9562397003174
79,79,6,draft|draft_verify|target|target_rescue_verify,811.0170364379883,435.33968925476074,838.5956287384033,914.0,174.0,914.9952,1350.3950284547607,2085.012493631152,1246.4168648927491
80,80,1,draft|draft_verify|target|backtracking_verify,244.74310874938965,89.13159370422363,539.6301746368408,111.0,49.0,156.2396,539.6301746368408,873.5649162904541,539.6301746368408
80,80,2,draft|draft_verify|target|target_rescue_verify,309.6590042114258,103.20281982421875,347.3079204559326,160.0,64.0,212.7104,347.3079204559326,760.2297956915771,361.32046532353513
80,80,3,draft|draft_verify|target|backtracking_verify,492.9354190826416,130.88393211364746,519.0145969390869,213.0,79.0,273.998,519.0145969390869,1142.894011335376,558.4374483394654
80,80,4,draft|draft_verify|target|target_rescue_verify,926.0108470916748,291.72563552856445,546.5924739837646,589.0,166.0,742.5319999999999,888.4549505642822,1764.389089404004,1071.933797655957
80,80,5,draft|draft_verify,511.5363597869873,127.16388702392578,0.0,378.0,110.0,428.9728,428.9728,638.760334810913,511.5363597869873
80,80,6,draft|draft_verify|target|target_rescue_verify,387.2830867767334,260.12372970581055,543.950080871582,488.0,87.0,359.3916,543.950080871582,1191.416966954126,543.950080871582
80,80,7,draft|draft_verify,504.5487880706787,133.3322525024414,0.0,571.0,110.0,479.4616,479.4616,637.9411285731201,504.5487880706787
80,80,8,draft|draft_verify,384.74082946777344,154.51908111572266,0.0,681.0,83.0,380.398,380.398,539.3199769834961,384.74082946777344
80,80,9,draft|draft_verify,522.5257873535156,177.88052558898926,0.0,764.0,110.0,529.9504,529.9504,700.4664009425048,522.5257873535156
80,80,10,draft|draft_verify,388.85951042175293,201.8287181854248,0.0,874.0,83.0,418.3804,418.3804,590.7482950071777,388.85951042175293
80,80,11,draft|draft_verify|target|target_rescue_verify,217.13495254516602,436.56444549560547,727.4610996246338,957.0,45.0,232.5852,727.4610996246338,1381.2205336654051,727.4610996246338
80,80,12,draft|draft_verify,390.1834487915039,231.48179054260254,0.0,1067.0,83.0,456.3628,456.3628,621.7253057341064,390.1834487915039
80,80,13,draft|draft_verify,520.2574729919434,259.1574192047119,0.0,1150.0,110.0,630.928,630.928,779.4749801966552,520.2574729919434
80,80,14,draft|draft_verify,390.8505439758301,277.6906490325928,0.0,1260.0,83.0,494.3452,494.3452,668.6012594084228,390.8505439758301
80,80,15,draft|draft_verify,520.5357074737549,308.6512088775635,0.0,1343.0,110.0,681.4168,681.4168,829.2470043513183,520.5357074737549
80,80,16,draft|draft_verify,359.818696975708,314.24760818481445,0.0,1453.0,83.0,532.3276,532.3276,674.1263715605224,359.818696975708
80,80,17,draft|draft_verify,518.8760757446289,332.83042907714844,0.0,1536.0,110.0,731.9056,731.9056,851.7665928217773,518.8760757446289
80,80,18,draft|draft_verify,389.6749019622803,355.0741672515869,0.0,1646.0,83.0,570.31,570.31,744.8091356138672,389.6749019622803
80,80,19,draft|draft_verify,534.4133377075195,389.77622985839844,0.0,1729.0,110.0,782.3943999999999,782.3943999999999,924.2496555659179,534.4133377075195
80,80,20,draft|draft_verify,392.301082611084,396.4414596557617,0.0,1839.0,83.0,608.2923999999999,608.2923999999999,788.8026086668457,392.301082611084
80,80,21,draft|draft_verify,515.4874324798584,406.80885314941406,0.0,1922.0,110.0,832.8832,832.8832,922.3563736292724,515.4874324798584
80,80,22,draft|draft_verify,524.1010189056396,436.97643280029297,0.0,2032.0,83.0,646.2747999999999,1083.311299200293,961.1375181059326,961.1375181059326
81,81,1,draft|draft_verify,210.50786972045898,30.951738357543945,0.0,109.0,47.0,149.518,210.50786972045898,241.51964567800292,210.50786972045898
81,81,2,draft|draft_verify,98.61540794372559,31.29744529724121,0.0,156.0,22.0,71.5568,71.5568,129.97287084096678,98.61540794372559
81,81,3,draft|draft_verify,98.1740951538086,51.0869026184082,0.0,178.0,22.0,72.6656,72.6656,149.32101537221678,98.1740951538086
81,81,4,draft|draft_verify,195.1301097869873,60.59432029724121,0.0,200.0,44.0,149.1904,149.1904,255.7844652842285,195.1301097869873
81,81,5,draft|draft_verify,212.34607696533203,61.446428298950195,0.0,244.0,46.0,160.856,160.856,273.85254206428226,212.34607696533203
81,81,6,draft|draft_verify,262.30478286743164,77.6224136352539,0.0,290.0,42.0,151.1424,151.1424,339.98723010268554,262.30478286743164
81,81,7,draft|draft_verify,215.7604694366455,96.94528579711914,0.0,332.0,45.0,166.5852,166.5852,312.7657912337646,215.7604694366455
81,81,8,draft|draft_verify,90.52515029907227,97.35703468322754,0.0,377.0,18.0,67.4088,194.42237088034668,187.9421993822998,194.42237088034668
82,82,1,draft|draft_verify,157.69195556640625,29.64639663696289,0.0,105.0,35.0,110.446,157.69195556640625,187.39838020336913,157.69195556640625
82,82,2,draft|draft_verify,259.2029571533203,50.29106140136719,0.0,140.0,66.0,216.40800000000002,216.40800000000002,309.5540713546875,259.2029571533203
82,82,3,draft|draft_verify,517.8771018981934,84.65290069580078,0.0,206.0,119.0,416.7196,416.7196,602.5900977939941,517.8771018981934
82,82,4,draft|draft_verify,414.6227836608887,102.99301147460938,0.0,325.0,89.0,333.4684,333.4684,517.6758663354981,414.6227836608887
82,82,5,draft|draft_verify,120.95308303833008,125.57458877563477,0.0,414.0,24.0,92.39519999999999,228.68769065024412,246.58769101396484,246.58769101396484
83,83,1,draft|draft_verify|target|backtracking_verify,265.74134826660156,63.49945068359375,425.93932151794434,99.0,60.0,190.46640000000002,425.93932151794434,755.2401684681397,425.93932151794434
83,83,2,draft|draft_verify|target|target_rescue_verify,611.2205982208252,241.14012718200684,1394.49143409729,327.0,149.0,570.2428,1515.0614976882935,2246.912278700122,1515.0614976882935
83,83,3,draft|draft_verify|target|target_rescue_verify,835.2413177490234,369.65370178222656,1956.1982154846191,530.0,182.0,792.1024,2141.0250663757324,3161.153380615869,2141.0250663757324
83,83,4,draft|draft_verify|target|target_rescue_verify,1194.6992874145508,383.3270072937012,940.4478073120117,849.0,246.0,1277.556,1469.2797004468507,2518.5342988202638,1386.4229878614015
83,83,5,draft|draft_verify,393.1150436401367,127.99501419067383,0.0,524.0,94.0,397.22720000000004,397.22720000000004,521.1701330308106,393.1150436401367
83,83,6,draft|draft_verify,138.8230323791504,131.06131553649902,0.0,618.0,30.0,130.1568,130.1568,269.9443719156494,138.8230323791504
83,83,7,draft|draft_verify,171.14830017089844,151.2465476989746,0.0,648.0,36.0,159.264,310.5705764989746,322.45487666987304,322.45487666987304
84,84,1,draft|draft_verify|target|backtracking_verify,447.19743728637695,97.43595123291016,488.4641170501709,120.0,102.0,334.1904,495.975494502832,1033.157587169458,495.975494502832
84,84,2,draft|draft_verify|target|target_rescue_verify,1061.239242553711,395.7188129425049,5177.685499191284,405.0,237.0,976.7004,5177.685499191284,6634.7037442875,5177.685499191284
84,84,3,draft|draft_verify,301.90443992614746,81.60567283630371,0.0,249.0,67.0,237.038,237.038,383.5701663624512,301.90443992614746
84,84,4,draft|draft_verify,330.56116104125977,92.54789352416992,0.0,316.0,72.0,266.62080000000003,266.62080000000003,423.1691121654297,330.56116104125977
84,84,5,draft|draft_verify|target|target_rescue_verify,1084.0070247650146,259.5934867858887,642.8964138031006,388.0,240.0,980.1888000000001,1110.0457353929444,1986.5571173540038,1213.863960157959
84,84,6,draft|draft_verify,674.9253273010254,131.1783790588379,0.0,491.0,154.0,650.5496,650.5496,806.1638295598633,674.9253273010254
84,84,7,draft|draft_verify|target|target_rescue_verify,325.2742290496826,306.0884475708008,469.341516494751,645.0,78.0,350.2632,503.36748618540037,1100.7642555152343,478.378515235083
84,84,8,draft|draft_verify,544.3153381347656,175.67849159240723,0.0,719.0,132.0,625.644,625.644,720.0539353271729,544.3153381347656
84,84,9,draft|draft_verify|target|target_rescue_verify,313.762903213501,378.2999515533447,847.8214740753174,851.0,77.0,383.23479999999995,847.8214740753174,1539.944390442163,847.8214740753174
84,84,10,draft|draft_verify|target|backtracking_verify,218.3518409729004,414.14880752563477,372.21360206604004,991.0,53.0,279.094,486.22844616281736,1004.7742929645751,425.48628713571776
84,84,11,draft|draft_verify|target|target_rescue_verify|backtracking_verify,518.1546211242676,908.3397388458252,417.9577827453613,2091.0,122.0,975.0808,1865.3745931070496,1844.5122403154542,1408.4484142313172
84,84,12,draft|draft_verify|target|target_rescue_verify,482.1808338165283,486.94419860839844,239.64524269104004,1091.0,105.0,586.7676,1073.7718826083983,1208.8303591159668,969.1851164249267
85,85,1,draft|draft_verify|target|backtracking_verify,548.7964153289795,111.92846298217773,265.8054828643799,176.0,118.0,404.648,660.7849727111573,926.5904555755371,660.7849727111573
86,86,1,draft|draft_verify,310.6873035430908,31.07619285583496,0.0,81.0,71.0,223.342,310.6873035430908,341.82355319892577,310.6873035430908
86,86,2,draft|draft_verify,76.78604125976562,30.689001083374023,0.0,152.0,17.0,54.953199999999995,54.953199999999995,107.53505594313965,76.78604125976562
86,86,3,draft|draft_verify,261.7659568786621,51.442623138427734,0.0,169.0,59.0,196.96120000000002,196.96120000000002,313.26862721708983,261.7659568786621
86,86,4,draft|draft_verify,97.27311134338379,59.937238693237305,0.0,228.0,22.0,75.1856,75.1856,157.27036763662107,97.27311134338379
86,86,5,draft|draft_verify,200.7303237915039,60.85205078125,0.0,250.0,46.0,161.50400000000002,161.50400000000002,261.64241137275394,200.7303237915039
86,86,6,draft|draft_verify,53.9395809173584,77.47840881347656,0.0,296.0,11.0,38.806,60.91208758125,131.47799853083495,60.91208758125
86,86,7,draft|draft_verify,329.941987991333,103.67631912231445,0.0,307.0,74.0,272.6488,272.6488,433.6783663136475,329.941987991333
86,86,8,draft|draft_verify,174.39961433410645,93.19829940795898,0.0,381.0,42.0,160.0968,160.0968,267.6579473420654,174.39961433410645
86,86,9,draft|draft_verify,129.12440299987793,124.62210655212402,0.0,423.0,30.0,116.5848,116.5848,253.80653355200195,129.12440299987793
86,86,10,draft|draft_verify,19.069433212280273,125.50950050354004,0.0,453.0,4.0,14.756,124.68213055212402,144.63893691582032,124.68213055212402
86,86,11,draft|draft_verify,197.3891258239746,128.2055377960205,0.0,457.0,45.0,179.7852,179.7852,325.6546996199951,197.3891258239746
86,86,12,draft|draft_verify,50.79340934753418,143.91040802001953,0.0,502.0,11.0,43.75,128.2655737960205,194.7638261675537,128.2655737960205
86,86,13,draft|draft_verify,50.90832710266113,144.3781852722168,0.0,513.0,10.0,39.8888,288.40861009223636,195.34652037487794,288.40861009223636
87,87,1,draft|draft_verify,230.80706596374512,29.593944549560547,0.0,90.0,51.0,160.23000000000002,230.80706596374512,260.4610513133057,230.80706596374512
87,87,2,draft|draft_verify,160.44950485229492,31.407594680786133,0.0,141.0,36.0,116.676,116.676,191.91712833308105,160.44950485229492
87,87,3,draft|draft_verify|target|target_rescue_verify,327.040433883667,112.55216598510742,345.4933166503906,177.0,73.0,246.4028,345.4933166503906,785.145974919165,383.3765752762207
87,87,4,draft|draft_verify,47.867774963378906,58.481693267822266,0.0,228.0,10.0,33.732800000000005,56.27608299255371,106.40947623120118,56.27608299255371
87,87,5,draft|draft_verify,165.4188632965088,61.06400489807129,0.0,238.0,36.0,124.82400000000001,124.82400000000001,226.54289699458008,165.4188632965088
87,87,6,draft|draft_verify,150.24352073669434,78.37557792663574,0.0,274.0,32.0,113.416,113.416,228.67912426333007,150.24352073669434
87,87,7,draft|draft_verify|target|target_rescue_verify,562.4740123748779,187.63065338134766,576.0161876678467,306.0,120.0,448.92960000000005,576.0161876678467,1326.1809494240724,656.3494350655518
87,87,8,draft|draft_verify,64.49246406555176,93.14751625061035,0.0,399.0,13.0,48.9884,93.81532669067383,157.69999071616212,93.81532669067383
87,87,9,draft|draft_verify,67.52181053161621,125.07414817810059,0.0,412.0,14.0,53.2528,93.20752665061035,192.65596990971682,93.20752665061035
87,87,10,draft|draft_verify,35.08901596069336,125.01788139343262,0.0,426.0,7.0,26.2748,125.13415937810059,160.166902954126,125.13415937810059
87,87,11,draft|draft_verify,149.49607849121094,125.67520141601562,0.0,433.0,31.0,121.262,125.07788699343261,275.23130470722657,149.49607849121094
87,87,12,draft|draft_verify,86.85302734375,127.56776809692383,0.0,464.0,18.0,70.9584,125.73522621601562,214.48080984067383,125.73522621601562
87,87,13,draft|draft_verify,435.5757236480713,128.06057929992676,0.0,482.0,91.0,375.11,375.11,563.696375747998,435.5757236480713
87,87,14,draft|draft_verify,58.002471923828125,128.59416007995605,0.0,573.0,11.0,45.454,128.12065209992676,186.65664080378417,128.12065209992676
87,87,15,draft|draft_verify,187.17408180236816,131.06322288513184,0.0,584.0,45.0,193.19639999999998,193.19639999999998,318.29734068749997,187.17408180236816
87,87,16,draft|draft_verify,33.06221961975098,132.43579864501953,0.0,629.0,6.0,24.804,131.12325888513183,165.5580230647705,131.12325888513183
87,87,17,draft|draft_verify,92.81253814697266,130.51533699035645,0.0,635.0,19.0,82.3724,132.49580344501953,223.3878903373291,132.49580344501953
87,87,18,draft|draft_verify,95.03483772277832,153.60426902770996,0.0,654.0,21.0,92.166,284.23963801806644,248.69912355048828,284.23963801806644
88,88,1,draft|draft_verify,333.0223560333252,51.04494094848633,0.0,121.0,73.0,236.72600000000003,333.0223560333252,384.1273553818115,333.0223560333252
88,88,2,draft|draft_verify|target|target_rescue_verify,1056.2193393707275,236.81974411010742,2643.23353767395,194.0,224.0,806.6512,2643.23353767395,3936.332800354785,2643.23353767395
88,88,3,draft|draft_verify,1023.0660438537598,174.98302459716797,0.0,650.0,219.0,1025.9004,1025.9004,1198.1092436509277,1023.0660438537598
88,88,4,draft|draft_verify,1314.8510456085205,205.28292655944824,0.0,869.0,199.0,1031.3611999999998,1031.3611999999998,1520.1941313679688,1314.8510456085205
88,88,5,draft|draft_verify|target|target_rescue_verify,1594.0320491790771,537.1665954589844,1312.7119541168213,1068.0,353.0,2064.4636,2601.690477858984,3443.9708811548826,2131.2589270380613
89,89,1,draft|draft_verify,139.36829566955566,50.8882999420166,0.0,169.0,29.0,95.5612,139.36829566955566,190.31661881157225,139.36829566955566
89,89,2,draft|draft_verify|target|target_rescue_verify,380.4764747619629,121.31667137145996,361.0966205596924,198.0,83.0,285.3436,361.0966205596924,862.9498330931152,441.19487684769285
89,89,3,draft|draft_verify|target|target_rescue_verify,524.6965885162354,188.3859634399414,891.1113739013672,253.0,112.0,403.75759999999997,891.1113739013672,1604.254015457544,891.1113739013672
89,89,4,draft|draft_verify,521.5513706207275,144.07777786254883,0.0,402.0,109.0,431.15479999999997,431.15479999999997,665.6892356832764,521.5513706207275
89,89,5,draft|draft_verify,358.4764003753662,128.19290161132812,0.0,511.0,74.0,308.3896,308.3896,486.72936118669435,358.4764003753662
89,89,6,draft|draft_verify,587.0053768157959,151.95417404174805,0.0,585.0,112.0,492.2024,492.2024,739.0196404575439,587.0053768157959
89,89,7,draft|draft_verify,273.87428283691406,161.18979454040527,0.0,697.0,65.0,298.6012,298.6012,435.1241293773193,273.87428283691406
89,89,8,draft|draft_verify,239.30644989013672,174.27372932434082,0.0,762.0,49.0,231.2348,405.56856852434083,413.64021841447754,413.64021841447754
90,90,1,draft|draft_verify|target|backtracking_verify,377.28285789489746,122.47276306152344,506.300687789917,189.0,83.0,283.5724,506.300687789917,1006.1163751463379,506.300687789917
90,90,2,draft|draft_verify|target|backtracking_verify|target_rescue_verify,1762.8087997436523,629.2273998260498,7627.823829650879,543.0,375.0,1731.9468,7942.437529563904,10019.920329220582,7942.437529563904
90,90,3,draft|draft_verify|target|target_rescue_verify|backtracking_verify,936.7225170135498,563.2598400115967,2366.17374420166,783.0,219.0,1095.4859999999999,2701.0779273095277,3866.216276426807,2647.8036642074585
90,90,4,draft|draft_verify|target|target_rescue_verify|backtracking_verify,1996.8481063842773,924.2048263549805,3719.038486480713,1630.0,421.0,3063.4939999999997,6313.084016416293,6640.151756019971,5246.4381228005695
90,90,5,draft|draft_verify|target|target_rescue_verify,928.7014007568359,614.9489879608154,1711.707353591919,1263.0,202.0,1237.7336,2554.859179366571,3255.41790390957,2245.826980123407
90,90,6,draft|draft_verify|target|target_rescue_verify,1802.582025527954,905.8825969696045,5461.716890335083,1540.0,442.0,3132.3824,6542.713146494745,8170.2418664326415,5914.658188819885
90,90,7,draft|draft_verify|target|target_rescue_verify,1527.2622108459473,501.5571117401123,734.809160232544,994.0,332.0,1874.344,2375.9613773401124,2763.6887484186036,2028.8795881860597
91,91,1,draft|draft_verify|target|backtracking_verify,331.4669132232666,66.67685508728027,391.0963535308838,95.0,74.0,235.50639999999999,391.0963535308838,789.3001810414307,391.0963535308838
91,91,2,draft|draft_verify|target|target_rescue_verify,1182.4309825897217,194.8838233947754,336.8058204650879,328.0,227.0,890.9596,988.4616932973877,1714.180808049585,1279.9330758871095
91,91,3,draft|draft_verify|target|backtracking_verify,376.53136253356934,250.39219856262207,1293.2870388031006,413.0,84.0,331.716,1293.2870388031006,1920.270667099292,1293.2870388031006
91,91,4,draft|draft_verify|target|target_rescue_verify,2232.1507930755615,639.3961906433105,2313.8530254364014,936.0,484.0,2754.6176000000005,4830.076829693693,5185.460396355274,4307.610022769254
91,91,5,draft|draft_verify|target|backtracking_verify|target_rescue_verify,1360.0289821624756,780.7984352111816,2908.1778526306152,1318.0,296.0,1887.4479999999999,4476.958834563062,5049.065506804272,3949.539816725537
91,91,6,draft|draft_verify|target|target_rescue_verify,897.362470626831,666.2747859954834,1628.5691261291504,1415.0,191.0,1236.958,2584.322544660962,3192.2665355514646,2244.7270152877927
91,91,7,draft|draft_verify,412.8003120422363,126.9521713256836,0.0,413.0,89.0,352.054,352.054,539.81255456792,412.8003120422363
91,91,8,draft|draft_verify,337.50343322753906,129.33683395385742,0.0,502.0,83.0,345.1708,345.1708,466.90033358139647,337.50343322753906
91,91,9,draft|draft_verify|target|backtracking_verify,298.82168769836426,293.5206890106201,610.7995510101318,585.0,52.0,224.02640000000002,610.7995510101318,1203.2019693191162,610.7995510101318
91,91,10,draft|draft_verify|target|target_rescue_verify,927.2520542144775,632.2438716888428,781.036376953125,1320.0,189.0,1180.6524,2045.4136434431946,2340.592454056445,1792.0132976576722
91,91,11,draft|draft_verify|target|target_rescue_verify,459.78403091430664,481.7984104156494,153.7015438079834,1439.0,96.0,614.5559999999999,855.5152820078247,1095.3440619379394,700.7433129221313
91,91,12,draft|draft_verify,105.62443733215332,183.00700187683105,0.0,827.0,21.0,100.47,240.8992052078247,288.69145600898435,240.8992052078247
91,91,13,draft|draft_verify,512.5510692596436,201.7662525177002,0.0,848.0,108.0,541.5936,541.5936,714.3774081773438,512.5510692596436
91,91,14,draft|draft_verify,496.5553283691406,226.78184509277344,0.0,956.0,108.0,569.328,569.328,723.3972598619141,496.5553283691406
91,91,15,draft|draft_verify,101.29761695861816,228.52563858032227,0.0,1064.0,22.0,117.32,455.4275876730957,329.8832731389404,455.4275876730957
92,92,1,draft|draft_verify,212.68081665039062,31.46195411682129,0.0,75.0,48.0,148.9272,212.68081665039062,244.2028091672119,212.68081665039062
92,92,2,draft|draft_verify|target|backtracking_verify,247.4827766418457,100.37827491760254,824.3680000305176,123.0,56.0,180.652,824.3680000305176,1172.2890963899658,824.3680000305176
92,92,3,draft|draft_verify|target|target_rescue_verify,392.9407596588135,112.90860176086426,359.24363136291504,179.0,89.0,302.6332,359.24363136291504,865.1530639825928,449.4551317392456
92,92,4,draft|draft_verify|target|target_rescue_verify,253.95846366882324,137.76779174804688,343.2188034057617,233.0,56.0,195.172,343.2188034057617,735.0051036226319,343.2188034057617
92,92,5,draft|draft_verify,269.52338218688965,87.40830421447754,0.0,287.0,57.0,205.9932,205.9932,356.9917320013672,269.52338218688965
92,92,6,draft|draft_verify|target|target_rescue_verify,283.47039222717285,209.51437950134277,208.9216709136963,344.0,60.0,225.1584,329.97563775067135,701.966490642212,388.28762997784423
92,92,7,draft|draft_verify,276.5324115753174,125.29397010803223,0.0,373.0,59.0,225.358,225.358,401.8864288833496,276.5324115753174
92,92,8,draft|draft_verify,139.05787467956543,125.98919868469238,0.0,432.0,29.0,113.2348,251.4032391927246,265.1070965642578,265.1070965642578
93,93,1,draft|draft_verify,189.88585472106934,31.145095825195312,0.0,118.0,42.0,134.2176,189.88585472106934,221.09098414626465,189.88585472106934
93,93,2,draft|draft_verify|target|target_rescue_verify,240.4472827911377,100.54850578308105,236.39607429504395,160.0,54.0,178.7664,236.39607429504395,577.4519060692627,290.7815788826782
93,93,3,draft|draft_verify,144.96898651123047,50.19736289978027,0.0,195.0,32.0,107.5384,107.5384,195.22637501101073,144.96898651123047
93,93,4,draft|draft_verify,148.9427089691162,60.47987937927246,0.0,227.0,33.0,113.41080000000001,113.41080000000001,209.48261474838867,148.9427089691162
93,93,5,draft|draft_verify,180.7882785797119,61.99288368225098,0.0,260.0,38.0,133.8352,133.8352,242.84119266196288,180.7882785797119
93,93,6,draft|draft_verify,249.73225593566895,87.73589134216309,0.0,298.0,53.0,192.60760000000002,192.60760000000002,337.528189677832,249.73225593566895
93,93,7,draft|draft_verify|target|target_rescue_verify,267.05241203308105,208.63008499145508,367.0990467071533,351.0,55.0,206.90359999999998,367.0990467071533,842.8415877316895,371.4274985288086
93,93,8,draft|draft_verify|target|target_rescue_verify,265.244722366333,252.62737274169922,400.29096603393555,405.0,56.0,217.87599999999998,400.29096603393555,918.2231059419678,400.29096603393555
93,93,9,draft|draft_verify,980.4809093475342,152.59027481079102,0.0,466.0,241.0,1029.4940000000001,1029.4940000000001,1133.1313769583253,980.4809093475342
93,93,10,draft|draft_verify,249.56059455871582,155.73453903198242,0.0,707.0,54.0,248.34480000000002,404.13938223198244,405.35517679069824,405.35517679069824
94,94,1,draft|draft_verify,198.33087921142578,30.417680740356445,0.0,111.0,46.0,146.49200000000002,198.33087921142578,228.80859675178223,198.33087921142578
94,94,2,draft|draft_verify,384.6704959869385,60.82463264465332,0.0,157.0,88.0,294.5288,294.5288,445.55519903159177,384.6704959869385
94,94,3,draft|draft_verify,147.68433570861816,61.3255500793457,0.0,245.0,32.0,111.2584,111.2584,209.06991138796386,147.68433570861816
94,94,4,draft|draft_verify|target|target_rescue_verify,255.89299201965332,165.5406951904297,509.45210456848145,277.0,55.0,197.3132,509.45210456848145,930.9458357785645,509.45210456848145
94,94,5,draft|draft_verify,122.42388725280762,100.1582145690918,0.0,354.0,25.0,92.8604,92.8604,222.64212182189942,122.42388725280762
94,94,6,draft|draft_verify,119.37212944030762,92.68712997436523,0.0,379.0,25.0,94.3004,100.21823456909179,212.11927941467286,119.37212944030762
94,94,7,draft|draft_verify|target|target_rescue_verify,450.38604736328125,251.59144401550293,241.12462997436523,404.0,100.0,394.8704,520.7262020077515,943.1622013531494,576.2418493710327
94,94,8,draft|draft_verify,62.19363212585449,125.09441375732422,0.0,439.0,15.0,58.052400000000006,125.79572200775146,187.3480578831787,125.79572200775146
94,94,9,draft|draft_verify,180.741548538208,127.41613388061523,0.0,454.0,44.0,175.4032,175.4032,308.21771761882326,180.741548538208
94,94,10,draft|draft_verify,52.21295356750488,128.25870513916016,0.0,498.0,10.0,39.564800000000005,127.47616908061524,180.53166670666505,127.47616908061524
94,94,11,draft|draft_verify,246.3974952697754,127.95543670654297,0.0,508.0,50.0,206.1808,206.1808,374.4129719763183,246.3974952697754
94,94,12,draft|draft_verify,55.62543869018555,129.8387050628662,0.0,558.0,11.0,45.094,128.01547670654296,185.52415255305175,128.01547670654296
94,94,13,draft|draft_verify,71.990966796875,129.40573692321777,0.0,569.0,10.0,41.0984,259.364458786084,201.45671172009276,259.364458786084
95,95,1,draft|draft_verify|target|target_rescue_verify,871.551513671875,120.27192115783691,662.6987457275391,122.0,143.0,476.3548,931.7475886507934,1654.582294957251,931.7475886507934
95,95,2,draft|draft_verify,460.31761169433594,69.69451904296875,0.0,229.0,73.0,255.38840000000002,255.38840000000002,530.0721891373047,460.31761169433594
95,95,3,draft|draft_verify|target|target_rescue_verify,836.8456363677979,235.9905242919922,557.4443340301514,302.0,163.0,616.9148,734.9701925459962,1630.3406250899416,954.901028913794
95,95,4,draft|draft_verify|target|backtracking_verify,176.0232448577881,218.6868190765381,473.94561767578125,381.0,33.0,125.238,473.94561767578125,868.7157080101074,473.94561767578125
95,95,5,draft|draft_verify|target|target_rescue_verify,404.81090545654297,270.5199718475342,754.403829574585,414.0,84.0,331.9152,754.403829574585,1429.7947740786622,754.403829574585
95,95,6,draft|draft_verify,528.6946296691895,132.232666015625,0.0,537.0,113.0,483.8428,483.8428,660.9873860848145,528.6946296691895
95,95,7,draft|draft_verify,489.5899295806885,154.47568893432617,0.0,650.0,105.0,476.694,476.694,644.1257025150146,489.5899295806885
95,95,8,draft|draft_verify|target|target_rescue_verify,440.3402805328369,351.5479564666748,625.2486705780029,755.0,93.0,443.88120000000004,625.2486705780029,1417.1969819775147,625.2486705780029
95,95,9,draft|draft_verify,288.8307571411133,177.9768466949463,0.0,853.0,61.0,302.294,302.294,466.8676526360596,288.8307571411133
95,95,10,draft|draft_verify|target|target_rescue_verify,839.7886753082275,430.1331043243408,307.1560859680176,914.0,179.0,942.4251999999999,1157.5518953621704,1577.1380088005858,1054.915370670398
95,95,11,draft|draft_verify,84.98811721801758,200.92225074768066,0.0,958.0,17.0,85.9036,215.0665521621704,285.97038156569823,215.0665521621704
95,95,12,draft|draft_verify,83.24599266052246,193.19987297058105,0.0,975.0,16.0,81.30799999999999,394.24215011826175,276.5058784311035,394.24215011826175
96,96,1,draft|draft_verify,191.38455390930176,30.899524688720703,0.0,82.0,42.0,130.67520000000002,191.38455390930176,222.34411219802246,191.38455390930176
96,96,2,draft|draft_verify,264.7240161895752,46.34284973144531,0.0,124.0,59.0,190.6972,190.6972,311.1269131210205,264.7240161895752
96,96,3,draft|draft_verify,23.5903263092041,50.499677658081055,0.0,183.0,5.0,16.1308,46.40289693144531,74.15000796728515,46.40289693144531
96,96,4,draft|draft_verify,121.2761402130127,51.12624168395996,0.0,188.0,26.0,86.68,86.68,172.46240269697267,121.2761402130127
96,96,5,draft|draft_verify,42.83571243286133,51.262855529785156,0.0,214.0,9.0,30.0252,51.18626248395996,94.15857516264649,51.18626248395996
96,96,6,draft|draft_verify,120.96452713012695,59.355974197387695,0.0,223.0,26.0,88.78,88.78,180.38052212751467,120.96452713012695
96,96,7,draft|draft_verify,61.989784240722656,59.53645706176758,0.0,249.0,13.0,44.668400000000005,59.41599499738769,121.58625170249024,61.989784240722656
96,96,8,draft|draft_verify|target|target_rescue_verify,121.97089195251465,125.30899047851562,197.18384742736816,262.0,25.0,87.5612,197.18384742736816,444.52374985839845,197.18384742736816
96,96,9,draft|draft_verify,49.32737350463867,77.61502265930176,0.0,286.0,10.0,34.985600000000005,62.65449523925781,127.00240416394044,62.65449523925781
96,96,10,draft|draft_verify,127.08473205566406,76.51948928833008,0.0,296.0,27.0,96.8028,96.8028,203.66424294399414,127.08473205566406
96,96,11,draft|draft_verify,121.19555473327637,77.15821266174316,0.0,323.0,26.0,94.78,94.78,198.41378819501955,121.19555473327637
96,96,12,draft|draft_verify,80.02471923828125,91.51649475097656,0.0,349.0,17.0,62.518,77.21823346174317,171.6012275892578,80.02471923828125
96,96,13,draft|draft_verify,70.5270767211914,91.90726280212402,0.0,366.0,15.0,55.5996,91.57650835097657,162.49435152331543,91.57650835097657
96,96,14,draft|draft_verify,100.90517997741699,92.54193305969238,0.0,381.0,20.0,75.2296,91.96727480212402,193.5071290371094,100.90517997741699
96,96,15,draft|draft_verify,108.12807083129883,124.01866912841797,0.0,401.0,20.0,76.14160000000001,92.60194905969239,232.20675595971682,108.12807083129883
96,96,16,draft|draft_verify,116.99581146240234,125.25153160095215,0.0,421.0,22.0,84.9128,124.07868512841797,242.30736066335447,124.07868512841797
96,96,17,draft|draft_verify,39.446353912353516,125.7786750793457,0.0,443.0,8.0,30.4696,125.31154920095214,165.2850353916992,125.31154920095214
96,96,18,draft|draft_verify,96.01998329162598,126.48272514343262,0.0,451.0,20.0,78.4216,125.83868147934571,222.5627244350586,125.83868147934571
96,96,19,draft|draft_verify|target|backtracking_verify,57.71160125732422,252.5947093963623,64.08262252807617,471.0,12.0,47.032799999999995,252.9001054416138,374.4489427817627,252.9001054416138
96,96,20,draft|draft_verify|target|backtracking_verify|target_rescue_verify,192.21806526184082,556.3664436340332,293.29776763916016,958.0,42.0,216.8736,780.857350145105,1041.9423101350342,756.2018154069458
96,96,21,draft|draft_verify|target|target_rescue_verify,710.7276916503906,647.5708484649658,1384.9248886108398,1489.0,152.0,1003.396,2213.9752446773928,2743.2835503261963,1921.3069363277832
96,96,22,draft|draft_verify|target|target_rescue_verify,1129.530668258667,749.0565776824951,898.9856243133545,1779.0,252.0,1870.812,2919.6102759026735,2777.633071854517,2178.3289441613406
96,96,23,draft|draft_verify|target|backtracking_verify,262.89963722229004,741.0280704498291,174.6675968170166,1938.0,55.0,412.5788,1092.7950987683716,1178.6553484891358,943.1159359906617
96,96,24,draft|draft_verify|target|target_rescue_verify,340.592622756958,1391.6985988616943,497.1036911010742,3361.0,66.0,718.884,2328.8372423362007,2229.4549655197266,1950.5458650931587
96,96,25,draft|draft_verify,206.2389850616455,158.10656547546387,0.0,634.0,44.0,193.9792,193.9792,364.4055857371094,206.2389850616455
96,96,26,draft|draft_verify,84.39278602600098,154.1140079498291,0.0,678.0,18.0,79.6896,158.16660067546385,238.56680837583008,158.16660067546385
96,96,27,draft|draft_verify,93.66631507873535,155.34305572509766,0.0,696.0,20.0,89.59360000000001,154.1740223498291,249.06938680383303,154.1740223498291
96,96,28,draft|draft_verify,85.89959144592285,155.25293350219727,0.0,716.0,18.0,81.24000000000001,155.40307172509765,241.21253934812012,155.40307172509765
96,96,29,draft|draft_verify,173.63286018371582,175.53973197937012,0.0,734.0,36.0,166.488,166.488,349.23262096308594,173.63286018371582
96,96,30,draft|draft_verify,88.56964111328125,167.02580451965332,0.0,770.0,18.0,83.4432,175.59976077937011,255.65546003293457,175.59976077937011
96,96,31,draft|draft_verify,97.95880317687988,175.34852027893066,0.0,788.0,20.0,93.78880000000001,167.08581891965332,273.36733945581057,167.08581891965332
96,96,32,draft|draft_verify,88.29712867736816,177.1068572998047,0.0,808.0,18.0,84.9936,175.40853627893065,265.46400037717285,175.40853627893065
96,96,33,draft|draft_verify,65.14310836791992,175.99725723266602,0.0,826.0,13.0,61.286,177.1668716998047,241.20037600058595,177.1668716998047
96,96,34,draft|draft_verify,89.0190601348877,177.78897285461426,0.0,839.0,18.0,86.2584,176.05726763266603,266.86804738950195,176.05726763266603
96,96,35,draft|draft_verify,98.18696975708008,177.7479648590088,0.0,857.0,20.0,96.93520000000001,177.84898725461426,275.9949506160889,177.84898725461426
96,96,36,draft|draft_verify,88.78135681152344,1230.9832572937012,0.0,877.0,18.0,87.80879999999999,177.80798085900878,1319.8246285052246,177.80798085900878
96,96,37,draft|draft_verify,73.49157333374023,203.385591506958,0.0,895.0,13.0,63.2732,1231.0432716937012,276.93717524069825,1231.0432716937012
96,96,38,draft|draft_verify,88.04440498352051,202.09479331970215,0.0,908.0,18.0,89.0736,203.44560190695802,290.19921270322266,203.44560190695802
96,96,39,draft|draft_verify,96.02189064025879,210.45303344726562,0.0,926.0,20.0,100.08160000000001,202.15480771970215,306.53494008752443,202.15480771970215
96,96,40,draft|draft_verify,90.72136878967285,203.0777931213379,0.0,946.0,18.0,90.624,210.51304944726562,293.85917631101074,210.51304944726562
96,96,41,draft|draft_verify,67.69514083862305,204.82277870178223,0.0,964.0,13.0,65.2604,203.1378075213379,272.5779299404053,203.1378075213379
96,96,42,draft|draft_verify,94.2373275756836,203.9344310760498,0.0,977.0,18.0,91.8888,204.88278910178224,298.2317730517334,204.88278910178224
96,96,43,draft|draft_verify,110.09430885314941,231.1387062072754,0.0,995.0,20.0,103.22800000000001,203.9944454760498,341.2930310604248,203.9944454760498
96,96,44,draft|draft_verify,99.85995292663574,231.64844512939453,0.0,1015.0,18.0,93.4392,231.19872220727538,331.5684124560303,231.19872220727538
96,96,45,draft|draft_verify,70.2974796295166,225.54826736450195,0.0,1033.0,13.0,67.2476,231.70845952939453,295.90575739401856,231.70845952939453
96,96,46,draft|draft_verify,84.70034599304199,232.18464851379395,0.0,1046.0,18.0,94.70400000000001,225.60827776450196,316.94500890683594,225.60827776450196
96,96,47,draft|draft_verify,109.67803001403809,240.2944564819336,0.0,1064.0,20.0,106.37440000000001,232.24466291379395,350.0325024959717,232.24466291379395
96,96,48,draft|draft_verify,93.1694507598877,233.16669464111328,0.0,1084.0,18.0,96.2544,240.35447248193358,326.396159801001,240.35447248193358
96,96,49,draft|draft_verify,64.6979808807373,258.4531307220459,0.0,1102.0,13.0,69.2348,233.22670904111328,323.2111220027832,233.22670904111328
96,96,50,draft|draft_verify,93.75596046447754,260.62750816345215,0.0,1115.0,18.0,97.5192,258.5131411220459,354.4434830279297,258.5131411220459
96,96,51,draft|draft_verify,88.26446533203125,258.0103874206543,0.0,1133.0,20.0,109.52080000000001,260.68752256345215,346.33486875268557,260.68752256345215
96,96,52,draft|draft_verify,84.79118347167969,260.1776123046875,0.0,1153.0,18.0,99.06960000000001,258.0704034206543,345.0288101763672,258.0704034206543
96,96,53,draft|draft_verify,65.93918800354004,262.2416019439697,0.0,1171.0,13.0,71.22200000000001,260.2376267046875,328.2408003475098,260.2376267046875
96,96,54,draft|draft_verify,83.27984809875488,268.85318756103516,0.0,1184.0,18.0,100.3344,262.30161234396974,352.19305005979004,262.30161234396974
96,96,55,draft|draft_verify,101.26233100891113,265.5315399169922,0.0,1202.0,20.0,112.66720000000001,268.91320196103516,366.85388692590334,268.91320196103516
96,96,56,draft|draft_verify,88.95444869995117,275.67601203918457,0.0,1222.0,18.0,101.8848,265.5915559169922,364.69047513913574,265.5915559169922
96,96,57,draft|draft_verify,53.95936965942383,281.1570167541504,0.0,1240.0,13.0,73.20920000000001,275.73602643918457,335.17639681357423,275.73602643918457
96,96,58,draft|draft_verify,90.71469306945801,282.6719284057617,0.0,1253.0,18.0,103.14959999999999,281.2170271541504,373.4466358752197,281.2170271541504
96,96,59,draft|draft_verify,101.08327865600586,282.1238040924072,0.0,1271.0,20.0,115.81360000000001,282.7319428057617,383.2670987484131,282.7319428057617
96,96,60,draft|draft_verify,90.05165100097656,283.60724449157715,0.0,1291.0,18.0,104.69999999999999,282.18382009240725,373.7189098925537,282.18382009240725
96,96,61,draft|draft_verify,66.66445732116699,284.5296859741211,0.0,1309.0,13.0,75.19640000000001,283.66725889157715,351.2541536952881,283.66725889157715
96,96,62,draft|draft_verify,101.97234153747559,282.89318084716797,0.0,1322.0,18.0,105.9648,284.5896963741211,384.92553678464355,284.5896963741211
96,96,63,draft|draft_verify,98.9072322845459,312.61706352233887,0.0,1340.0,20.0,118.96000000000001,282.95319524716797,411.5843118068848,282.95319524716797
96,96,64,draft|draft_verify,88.23680877685547,313.76004219055176,0.0,1360.0,18.0,107.5152,312.6770795223389,402.0568653674072,312.6770795223389
96,96,65,draft|draft_verify,65.96899032592773,318.0985450744629,0.0,1378.0,13.0,77.1836,313.82005659055176,384.12754580039064,313.82005659055176
96,96,66,draft|draft_verify,87.81123161315918,318.79615783691406,0.0,1391.0,18.0,108.78,318.1585554744629,406.66740385007324,318.1585554744629
96,96,67,draft|draft_verify,98.83999824523926,316.27774238586426,0.0,1409.0,20.0,122.1064,318.85617223691406,415.17775663110353,318.85617223691406
96,96,68,draft|draft_verify,88.4246826171875,319.0591335296631,0.0,1429.0,18.0,110.3304,316.3377583858643,407.5438305468506,316.3377583858643
96,96,69,draft|draft_verify,65.40942192077637,336.0424041748047,0.0,1447.0,13.0,79.1708,319.1191479296631,401.51183649558106,319.1191479296631
96,96,70,draft|draft_verify,94.93088722229004,337.0018005371094,0.0,1460.0,18.0,111.5952,336.1024145748047,431.9927021593994,336.1024145748047
96,96,71,draft|draft_verify,84.7008228302002,334.4895839691162,0.0,1478.0,20.0,125.2528,337.0618149371094,419.2504227993164,337.0618149371094
96,96,72,draft|draft_verify,75.58846473693848,339.08939361572266,0.0,1498.0,18.0,113.1456,334.54959996911623,414.73787275266113,334.54959996911623
96,96,73,draft|draft_verify,64.61334228515625,337.45622634887695,0.0,1516.0,13.0,81.158,339.14940801572266,402.1295790340332,339.14940801572266
96,96,74,draft|draft_verify,74.74875450134277,338.8328552246094,0.0,1529.0,18.0,114.4104,337.51623674887696,413.64162412595215,337.51623674887696
96,96,75,draft|draft_verify,99.68829154968262,334.6831798553467,0.0,1547.0,20.0,128.3992,338.8928696246094,434.4314874050293,338.8928696246094
96,96,76,draft|draft_verify,89.28990364074707,357.8758239746094,0.0,1567.0,18.0,115.9608,334.7431958553467,447.22574201535645,334.7431958553467
96,96,77,draft|draft_verify,67.17157363891602,355.2126884460449,0.0,1585.0,13.0,83.1452,357.9358383746094,422.44427248496095,357.9358383746094
96,96,78,draft|draft_verify,90.78788757324219,358.28423500061035,0.0,1598.0,18.0,117.22559999999999,355.27269884604493,449.13213697385254,355.27269884604493
96,96,79,draft|draft_verify,96.62079811096191,371.46949768066406,0.0,1616.0,20.0,131.54559999999998,358.34424940061035,468.150311791626,358.34424940061035
96,96,80,draft|draft_verify,89.07556533813477,366.09482765197754,0.0,1636.0,18.0,118.77600000000001,371.5295136806641,455.2304073901123,371.5295136806641
96,96,81,draft|draft_verify,68.93634796142578,369.13061141967773,0.0,1654.0,13.0,85.1324,366.15484205197754,438.1269697811035,366.15484205197754
96,96,82,draft|draft_verify,91.44043922424316,396.35443687438965,0.0,1667.0,18.0,120.04079999999999,369.19062181967774,487.8548904986328,369.19062181967774
96,96,83,draft|draft_verify,98.95944595336914,393.94450187683105,0.0,1685.0,20.0,134.692,396.41445127438965,492.9639638302002,396.41445127438965
96,96,84,draft|draft_verify,82.12423324584961,394.92249488830566,0.0,1705.0,18.0,121.59119999999999,394.0045178768311,477.1067425341553,394.0045178768311
96,96,85,draft|draft_verify,67.2311782836914,395.4739570617676,0.0,1723.0,13.0,87.11959999999999,394.98250928830566,462.765145745459,394.98250928830566
96,96,86,draft|draft_verify,90.72995185852051,401.83091163635254,0.0,1736.0,18.0,122.856,395.5339674617676,492.62087789487305,395.5339674617676
96,96,87,draft|draft_verify,106.1851978302002,399.94359016418457,0.0,1754.0,20.0,137.83839999999998,401.89092603635254,506.1888039943848,401.89092603635254
96,96,88,draft|draft_verify,91.53175354003906,404.9553871154785,0.0,1774.0,18.0,124.40639999999999,400.0036061641846,496.5471550555176,400.0036061641846
96,96,89,draft|draft_verify,92.75293350219727,420.29690742492676,0.0,1792.0,13.0,89.10679999999999,825.3723193404053,513.109851327124,825.3723193404053
97,97,1,draft|draft_verify,208.80818367004395,30.92789649963379,0.0,104.0,42.0,132.84,208.80818367004395,239.79611376967773,208.80818367004395
97,97,2,draft|draft_verify,260.4813575744629,51.60093307495117,0.0,146.0,57.0,187.0428,187.0428,312.1423362494141,260.4813575744629
97,97,4,draft|draft_verify,45.24374008178711,60.12439727783203,0.0,266.0,9.0,31.023600000000002,51.660978674951174,105.42814455961914,51.660978674951174
97,97,5,draft|draft_verify,1084.707260131836,129.54235076904297,0.0,275.0,231.0,878.5260000000001,878.5260000000001,1214.3097957008788,1084.707260131836
97,97,6,draft|draft_verify,62.57319450378418,128.1142234802246,0.0,506.0,13.0,52.07,129.60253556904297,190.7474283840088,129.60253556904297
97,97,7,draft|draft_verify|target|target_rescue_verify,81.33912086486816,288.4657382965088,156.14748001098633,519.0,17.0,69.04599999999999,272.467116628479,526.0123527723633,272.467116628479
97,97,8,draft|draft_verify,68.01176071166992,136.87396049499512,0.0,535.0,14.0,57.0904,144.2328691482544,204.94573240666506,144.2328691482544
97,97,10,draft|draft_verify,96.32706642150879,132.1542263031006,0.0,625.0,20.0,86.356,136.9339716949951,228.5413087246094,136.9339716949951
97,97,11,draft|draft_verify,94.96331214904785,133.2087516784668,0.0,645.0,19.0,82.8044,265.48300918156735,228.23207902751466,265.48300918156735
98,98,1,draft|draft_verify,185.3475570678711,47.04427719116211,0.0,145.0,41.0,133.558,185.3475570678711,232.4518670590332,185.3475570678711
98,98,2,draft|draft_verify,449.6266841888428,60.913801193237305,0.0,186.0,99.0,339.51959999999997,339.51959999999997,510.6005645820801,449.6266841888428
98,98,3,draft|draft_verify,248.5964298248291,76.65133476257324,0.0,285.0,53.0,190.98520000000002,190.98520000000002,325.30780698740233,248.5964298248291
98,98,4,draft|draft_verify,584.8486423492432,142.02332496643066,0.0,338.0,125.0,477.9388,477.9388,726.9320673156739,584.8486423492432
98,98,5,draft|draft_verify,389.5566463470459,139.09673690795898,0.0,463.0,83.0,337.49559999999997,337.49559999999997,528.7134496550049,389.5566463470459
98,98,6,draft|draft_verify,184.62848663330078,129.21881675720215,0.0,546.0,39.0,163.5036,163.5036,313.90733459050296,184.62848663330078
98,98,7,draft|draft_verify|target|target_rescue_verify,503.8583278656006,11712.026834487915,531.1088562011719,585.0,108.0,474.0552,6330.128703643957,12747.054104954688,6359.931831509558
98,98,8,draft|draft_verify,277.7667045593262,160.0508689880371,0.0,663.0,57.0,256.5276,5856.0134172439575,437.8776191473633,5856.0134172439575
98,98,9,draft|draft_verify,80.05738258361816,153.63788604736328,0.0,720.0,15.0,67.494,313.8088126354004,233.75528063098145,313.8088126354004
99,99,1,draft|draft_verify,453.36008071899414,51.390886306762695,0.0,124.0,105.0,345.4044,453.36008071899414,504.81105102575685,453.36008071899414
99,99,2,draft|draft_verify,107.90157318115234,60.43434143066406,0.0,229.0,26.0,89.14,89.14,168.39593541181642,107.90157318115234
99,99,3,draft|draft_verify,49.282073974609375,60.54401397705078,0.0,255.0,12.0,41.3304,60.49436223066406,109.88609755166016,60.49436223066406
99,99,4,draft|draft_verify,94.89893913269043,60.1649284362793,0.0,267.0,23.0,80.7148,80.7148,155.12388596896972,94.89893913269043
99,99,5,draft|draft_verify,44.38281059265137,60.37187576293945,0.0,290.0,11.0,38.662,60.224946836279294,104.81469515559081,60.224946836279294
99,99,6,draft|draft_verify,82.16595649719238,76.20787620544434,0.0,301.0,20.0,71.58160000000001,71.58160000000001,158.43384870263674,82.16595649719238
99,99,7,draft|draft_verify|target|target_rescue_verify,572.1406936645508,218.9180850982666,600.8725166320801,321.0,116.0,437.524,600.8725166320801,1391.9913881948974,681.6598290136841
99,99,8,draft|draft_verify|target|target_rescue_verify,225.3396511077881,251.9826889038086,179.26764488220215,415.0,55.0,215.19799999999998,341.2493884519043,656.6500288937989,351.3910395596924
99,99,9,draft|draft_verify,100.88801383972168,126.62291526794434,0.0,437.0,18.0,69.8568,125.9913444519043,227.57094350766602,125.9913444519043
99,99,10,draft|draft_verify,182.53040313720703,127.33960151672363,0.0,455.0,34.0,134.9624,134.9624,309.9300318539307,182.53040313720703
99,99,11,draft|draft_verify,205.5342197418213,144.18625831604004,0.0,489.0,38.0,154.1704,154.1704,349.7805084578613,205.5342197418213
99,99,12,draft|draft_verify,151.9479751586914,130.97262382507324,0.0,527.0,31.0,128.03,144.24628871604003,282.98062378376466,151.9479751586914
99,99,13,draft|draft_verify,195.66965103149414,129.3506622314453,0.0,558.0,33.0,138.8316,268.2422886314453,325.0803396629394,325.0803396629394
100,100,1,draft|draft_verify|target|target_rescue_verify,289.59107398986816,62.96801567077637,387.6047134399414,92.0,56.0,176.56,387.6047134399414,740.223847900586,387.6047134399414
100,100,2,draft|draft_verify,186.98835372924805,48.00009727478027,0.0,147.0,35.0,113.8732,113.8732,235.0484790040283,186.98835372924805
100,100,3,draft|draft_verify|target|target_rescue_verify,836.014986038208,231.9200038909912,1642.564296722412,182.0,159.0,555.4908,1642.564296722412,2710.559413851611,1642.564296722412
100,100,4,draft|draft_verify,169.4812774658203,129.77337837219238,0.0,443.0,34.0,134.012,134.012,299.31468303801273,169.4812774658203
100,100,5,draft|draft_verify,156.51178359985352,130.9223175048828,0.0,477.0,32.0,128.5192,129.8334055721924,287.49412670473635,156.51178359985352
100,100,6,draft|draft_verify,139.5714282989502,145.4477310180664,0.0,509.0,29.0,118.4092,130.9823431048828,285.0791825170166,139.5714282989502
100,100,7,draft|draft_verify,285.9687805175781,128.30805778503418,0.0,538.0,60.0,252.6288,252.6288,414.3368863026123,285.9687805175781
100,100,8,draft|draft_verify,755.5980682373047,162.1553897857666,0.0,598.0,162.0,727.3055999999999,727.3055999999999,917.8135876230713,755.5980682373047
100,100,9,draft|draft_verify,316.82658195495605,174.4377613067627,0.0,760.0,72.0,342.27840000000003,342.27840000000003,491.32440086171874,316.82658195495605
100,100,10,draft|draft_verify,145.56169509887695,177.45614051818848,0.0,832.0,31.0,149.99,174.4978189067627,323.07786041706544,174.4978189067627
100,100,11,draft|draft_verify|target|target_rescue_verify,401.72839164733887,381.3059329986572,212.71538734436035,863.0,85.0,426.49879999999996,807.8648009986572,995.8097799903564,783.0943926459961
101,101,1,draft|draft_verify,369.9519634246826,51.09834671020508,0.0,112.0,85.0,275.0972,369.9519634246826,421.1103781348877,369.9519634246826
101,101,2,draft|draft_verify,54.553985595703125,51.32007598876953,0.0,197.0,14.0,46.5448,51.15841471020508,105.93407278447265,54.553985595703125
101,101,3,draft|draft_verify,171.30279541015625,60.25815010070801,0.0,211.0,41.0,139.894,139.894,231.62097831086425,171.30279541015625
101,101,4,draft|draft_verify,32.56344795227051,61.18273735046387,0.0,252.0,8.0,27.2608,60.31818290070801,93.80619170273437,60.31818290070801
101,101,5,draft|draft_verify,157.0127010345459,61.760663986206055,0.0,260.0,34.0,119.5184,119.5184,218.83339222075196,157.0127010345459
101,101,6,draft|draft_verify,497.7993965148926,98.15835952758789,0.0,294.0,108.0,399.32640000000004,399.32640000000004,596.0178424424805,497.7993965148926
101,101,7,draft|draft_verify,572.7393627166748,167.0093536376953,0.0,402.0,125.0,496.98519999999996,496.98519999999996,739.8088163543702,572.7393627166748
101,101,8,draft|draft_verify,364.4413948059082,130.12123107910156,0.0,527.0,77.0,324.1372,324.1372,494.62268748500975,364.4413948059082
101,101,9,draft|draft_verify,60.959577560424805,131.55007362365723,0.0,604.0,11.0,46.198,261.7913751027588,192.56965998408202,261.7913751027588
102,102,1,draft|draft_verify,163.37060928344727,30.224323272705078,0.0,111.0,36.0,114.156,163.37060928344727,193.65496135615234,163.37060928344727
102,102,2,draft|draft_verify,411.88979148864746,60.454368591308594,0.0,147.0,102.0,340.7352,340.7352,472.40424167995604,411.88979148864746
102,102,3,draft|draft_verify|target|target_rescue_verify,499.76134300231934,187.15524673461914,853.0881404876709,249.0,117.0,421.398,853.0881404876709,1540.0648238246094,853.0881404876709
102,102,4,draft|draft_verify,435.00328063964844,132.84921646118164,0.0,374.0,77.0,296.23,296.23,567.91255870083,435.00328063964844
102,102,5,draft|draft_verify,745.3668117523193,130.6006908416748,0.0,451.0,134.0,549.9256,549.9256,876.0276097939941,745.3668117523193
102,102,6,draft|draft_verify,97.33295440673828,129.47607040405273,0.0,585.0,15.0,62.958,260.1968804457275,226.86903681079102,260.1968804457275
103,103,1,draft|draft_verify|target|target_rescue_verify,535.4950428009033,110.6877326965332,625.9102821350098,96.0,101.0,325.03,625.9102821350098,1272.1531384324462,625.9102821350098
103,103,2,draft|draft_verify,279.3738842010498,70.0376033782959,0.0,185.0,60.0,202.644,202.644,349.4715355793457,279.3738842010498
103,103,3,draft|draft_verify,53.18403244018555,72.50857353210449,0.0,245.0,7.0,23.6684,70.0976513782959,125.75261157229004,70.0976513782959
103,103,4,draft|draft_verify|target|backtracking_verify,295.8712577819824,179.9774169921875,405.28178215026855,252.0,60.0,212.1312,405.28178215026855,881.1905049244385,405.28178215026855
103,103,5,draft|draft_verify|target|backtracking_verify,131.8798065185547,164.23439979553223,287.42408752441406,312.0,22.0,79.4192,287.42408752441406,583.598311438501,287.42408752441406
103,103,6,draft|draft_verify|target|target_rescue_verify,518.1319713592529,390.5487060546875,755.9373378753662,689.0,108.0,500.7624,1171.7026848786986,1664.6781016893067,1189.0722562379517
103,103,7,draft|draft_verify|target|backtracking_verify,78.2783031463623,371.7529773712158,166.39971733093262,795.0,15.0,70.01400000000001,459.7117802075501,616.4910098485108,459.7117802075501
103,103,8,draft|draft_verify|target|target_rescue_verify,744.5042133331299,946.0253715515137,1573.9777088165283,1615.0,153.0,1056.1691999999998,3064.4848041199702,3264.567416101172,2752.8198174531008
103,103,9,draft|draft_verify,33.69283676147461,126.27530097961426,0.0,473.0,6.0,22.932,118.25317144393921,160.02814254108887,118.25317144393921
103,103,11,draft|draft_verify,171.59342765808105,149.03903007507324,0.0,539.0,31.0,128.894,128.894,320.6924825331543,171.59342765808105
103,103,12,draft|draft_verify|target|target_rescue_verify,399.5330333709717,269.09589767456055,531.6286087036133,570.0,86.0,371.872,531.6286087036133,1200.3176085491455,534.1410510082519
103,103,13,draft|draft_verify,59.27729606628418,131.97731971740723,0.0,642.0,12.0,51.5472,134.54794883728027,191.3146253836914,134.54794883728027
103,103,14,draft|draft_verify,178.59315872192383,156.18348121643066,0.0,654.0,37.0,164.29399999999998,164.29399999999998,334.8366695383545,178.59315872192383
103,103,15,draft|draft_verify|target|backtracking_verify,46.95558547973633,311.85150146484375,87.29124069213867,691.0,9.0,39.1836,312.2292687488525,446.1583348367187,312.2292687488525
103,103,16,draft|draft_verify|target|target_rescue_verify,312.6702308654785,652.6751518249512,533.5953235626221,1399.0,65.0,406.4284,1162.7924776500245,1499.0007582530518,1069.034308515503
103,103,17,draft|draft_verify,152.0674228668213,164.4585132598877,0.0,737.0,32.0,147.8632,163.1687879562378,316.585961726709,163.1687879562378
103,103,18,draft|draft_verify|target|target_rescue_verify,199.65863227844238,354.10594940185547,199.92756843566895,769.0,40.0,188.6504,365.7634067009277,753.7521821159668,376.7716389793701
103,103,19,draft|draft_verify,345.1571464538574,178.18284034729004,0.0,793.0,75.0,362.7468,362.7468,523.4000468011475,345.1571464538574
103,103,20,draft|draft_verify,53.21192741394043,179.33940887451172,0.0,868.0,9.0,42.582,357.64231642180175,232.61134348845215,357.64231642180175
104,104,1,draft|draft_verify,275.285005569458,47.43337631225586,0.0,123.0,62.0,200.4856,275.285005569458,322.7784314817139,275.285005569458
104,104,2,draft|draft_verify|target|backtracking_verify,195.94645500183105,114.44807052612305,579.484224319458,185.0,43.0,144.2252,579.484224319458,889.9387842474121,579.484224319458
104,104,3,draft|draft_verify|target|target_rescue_verify,693.2461261749268,329.5474052429199,1453.660488128662,505.0,144.0,611.3063999999999,1618.434190750122,2476.5141347465087,1667.2970393714477
104,104,4,draft|draft_verify|target|target_rescue_verify,929.3842315673828,363.6054992675781,477.19407081604004,737.0,194.0,943.0888,1124.951704833789,1770.243956851001,1111.247136401172
104,104,5,draft|draft_verify|target|target_rescue_verify|backtracking_verify,594.210147857666,621.7014789581299,4177.525520324707,898.0,122.0,628.6336,4488.376259803772,5393.497244740503,4488.376259803772
104,104,6,draft|draft_verify|target|target_rescue_verify,482.9702377319336,281.7513942718506,417.82116889953613,467.0,101.0,414.07,555.0057779359253,1182.6028817033202,623.9060156678589
104,104,7,draft|draft_verify|target|target_rescue_verify,369.4307804107666,260.13779640197754,567.3880577087402,528.0,77.0,324.3196,567.3880577087402,1197.0166961214843,567.3880577087402
104,104,8,draft|draft_verify|target|target_rescue_verify,212.86892890930176,292.59443283081055,762.7964019775391,617.0,43.0,187.7708,762.7964019775391,1268.3197981176513,762.7964019775391
104,104,9,draft|draft_verify,97.9926586151123,157.77873992919922,0.0,738.0,20.0,91.50880000000001,304.1359723446045,255.83141454431154,304.1359723446045
105,105,1,draft|draft_verify|target|backtracking_verify,236.50431632995605,67.31057167053223,374.8290538787842,118.0,54.0,173.424,374.8290538787842,678.7039850792725,374.8290538787842
105,105,2,draft|draft_verify|target|target_rescue_verify|backtracking_verify,1162.5800132751465,279.5553207397461,893.1093215942383,347.0,269.0,1081.7308,1738.0121665519287,2335.304870809131,1818.861379827075
105,105,3,draft|draft_verify|target|target_rescue_verify,747.6692199707031,333.0106735229492,1281.9797992706299,463.0,166.0,692.636,1583.4440375775268,2362.7198255642825,1638.47725754823
105,105,4,draft|draft_verify|target|target_rescue_verify,715.0919437408447,423.86388778686523,1032.3889255523682,658.0,152.0,702.2416,1536.3941002163328,2171.404878680078,1549.2444439571777
105,105,5,draft|draft_verify|target|target_rescue_verify,208.40978622436523,200.85978507995605,458.9664936065674,339.0,44.0,163.5352,458.9664936065674,868.2961001108887,458.9664936065674
105,105,6,draft|draft_verify|target|target_rescue_verify,109.52234268188477,268.13411712646484,277.0504951477051,411.0,23.0,88.318,277.0504951477051,654.7669733560547,277.0504951477051
105,105,7,draft|draft_verify|target|target_rescue_verify,100.70633888244629,254.55784797668457,186.0330104827881,450.0,20.0,78.376,388.684922539917,541.357213341919,388.684922539917
106,106,1,draft|draft_verify,470.20578384399414,50.52018165588379,0.0,90.0,105.0,336.918,470.20578384399414,520.7860494998779,470.20578384399414
106,106,2,draft|draft_verify,94.48385238647461,51.454782485961914,0.0,195.0,21.0,70.134,70.134,145.99865167243652,94.48385238647461
106,106,3,draft|draft_verify,41.62907600402832,50.82273483276367,0.0,216.0,9.0,30.0636,51.514799285961914,92.511818036792,51.514799285961914
106,106,4,draft|draft_verify,81.79140090942383,60.43052673339844,0.0,225.0,18.0,61.2072,61.2072,142.28194204282227,81.79140090942383
106,106,5,draft|draft_verify,44.1584587097168,60.97531318664551,0.0,243.0,9.0,30.582,60.49054113339844,105.1937790963623,60.49054113339844
106,106,6,draft|draft_verify,93.48535537719727,65.63758850097656,0.0,252.0,20.0,69.3472,69.3472,159.18295987817385,93.48535537719727
106,106,7,draft|draft_verify,89.14327621459961,61.91444396972656,0.0,272.0,19.0,66.6908,66.6908,151.11773538432618,89.14327621459961
106,106,8,draft|draft_verify,116.93549156188965,77.61192321777344,0.0,291.0,25.0,89.2316,89.2316,194.6074347796631,116.93549156188965
106,106,9,draft|draft_verify,34.749507904052734,80.87563514709473,0.0,316.0,7.0,24.6908,77.67194321777343,115.68514865114746,77.67194321777343
106,106,10,draft|draft_verify|target|backtracking_verify,97.71561622619629,158.99062156677246,190.50073623657227,323.0,20.0,72.5848,190.50073623657227,447.26699002954103,190.50073623657227
106,106,11,draft|draft_verify|target|target_rescue_verify,417.891263961792,325.11019706726074,768.7873840332031,688.0,86.0,395.944,768.7873840332031,1511.8489138622558,768.7873840332031
106,106,12,draft|draft_verify|target|backtracking_verify,103.9738655090332,193.23468208312988,134.79089736938477,373.0,20.0,74.8648,259.23245557519533,432.05946096154787,259.23245557519533
106,106,13,draft|draft_verify|target|target_rescue_verify,391.2992477416992,255.13267517089844,484.6606254577637,393.0,79.0,307.694,484.6606254577637,1131.1526115703614,518.9256485271485
106,106,14,draft|draft_verify,515.0911808013916,129.24528121948242,0.0,468.0,110.0,452.5168,452.5168,644.396550020874,515.0911808013916
106,106,15,draft|draft_verify,488.59572410583496,158.99991989135742,0.0,578.0,104.0,454.216,454.216,647.6557271971924,488.59572410583496
106,106,16,draft|draft_verify,493.64590644836426,157.13763236999512,0.0,682.0,106.0,489.44000000000005,489.44000000000005,650.8436236183594,493.64590644836426
106,106,17,draft|draft_verify,440.3104782104492,178.17974090576172,0.0,788.0,102.0,496.1136,496.1136,618.5503007162109,440.3104782104492
106,106,18,draft|draft_verify,234.18307304382324,201.1568546295166,0.0,890.0,47.0,235.7404,235.7404,435.39996527333983,234.18307304382324
106,106,19,draft|draft_verify,55.56488037109375,201.76386833190918,0.0,937.0,10.0,49.047200000000004,403.0407685614258,257.3887567030029,403.0407685614258
107,107,1,draft|draft_verify|target|backtracking_verify,212.32843399047852,65.68193435668945,345.4763889312744,121.0,52.0,167.2328,345.4763889312744,623.5467988784424,345.4763889312744
107,107,2,draft|draft_verify|target|backtracking_verify|target_rescue_verify,657.3400497436523,259.14549827575684,1377.3674964904785,342.0,147.0,567.4812000000001,1506.940245628357,2293.9131621098877,1540.4430392957092
107,107,4,draft|draft_verify|target|backtracking_verify|target_rescue_verify,956.8617343902588,398.0603218078613,1016.8709754943848,615.0,177.0,805.1484,1612.1892707030884,2371.853173292505,1763.9026050933471
107,107,5,draft|draft_verify|target|backtracking_verify|target_rescue_verify,992.1581745147705,973.61159324646,12725.025415420532,1063.0,189.0,1064.694,13374.099810918173,14690.855334381762,13374.099810918173
107,107,6,draft|draft_verify|target|target_rescue_verify,1360.8119487762451,897.3517417907715,2943.90606880188,1352.0,294.0,1897.8768,5003.218328592182,5202.129994568897,4466.153477368427
108,108,1,draft|draft_verify,97.1074104309082,55.6185245513916,0.0,176.0,18.0,59.208000000000006,97.1074104309082,152.7859493822998,97.1074104309082
108,108,2,draft|draft_verify,352.0243167877197,65.26327133178711,0.0,194.0,73.0,249.34040000000002,249.34040000000002,417.34764651950684,352.0243167877197
108,108,3,draft|draft_verify,337.73136138916016,83.77909660339355,0.0,267.0,69.0,247.2348,247.2348,421.57051319255373,337.73136138916016
108,108,4,draft|draft_verify,320.0340270996094,94.4526195526123,0.0,336.0,69.0,258.49559999999997,258.49559999999997,414.5467018522217,320.0340270996094
108,108,5,draft|draft_verify,171.5872287750244,126.56426429748535,0.0,405.0,37.0,142.7804,142.7804,298.2115226725098,171.5872287750244
108,108,6,draft|draft_verify|target|target_rescue_verify,2157.032251358032,324.04232025146484,771.8801498413086,442.0,457.0,2045.3852000000002,2207.4667257257324,3253.0150870508055,2319.1137770837645
108,108,7,draft|draft_verify,453.5958766937256,131.24895095825195,0.0,560.0,98.0,423.0352,423.0352,584.9049060519776,453.5958766937256
108,108,8,draft|draft_verify,497.8680610656738,162.03045845031738,0.0,658.0,102.0,464.60159999999996,464.60159999999996,659.9586011159912,497.8680610656738
108,108,9,draft|draft_verify,464.39146995544434,179.0482997894287,0.0,760.0,99.0,474.5244,474.5244,643.4998489448731,464.39146995544434
108,108,10,draft|draft_verify,456.76708221435547,197.3555088043213,0.0,859.0,97.0,487.47799999999995,487.47799999999995,654.1826686186768,456.76708221435547
108,108,11,draft|draft_verify,507.9648494720459,227.15401649475098,0.0,956.0,103.0,542.246,542.246,735.1789483667969,507.9648494720459
108,108,12,draft|draft_verify,507.3707103729248,231.0616970062256,0.0,1059.0,103.0,567.4603999999999,567.4603999999999,738.4924897791504,507.3707103729248
108,108,13,draft|draft_verify,469.2530632019043,259.35840606689453,0.0,1162.0,101.0,580.87,580.87,728.6715500687988,469.2530632019043
108,108,14,draft|draft_verify,485.4116439819336,282.78279304504395,0.0,1263.0,103.0,617.3996,617.3996,768.2545194269776,485.4116439819336
108,108,15,draft|draft_verify,484.4043254852295,314.1000270843506,0.0,1366.0,103.0,642.614,642.614,798.5644349695801,484.4043254852295
108,108,16,draft|draft_verify,510.84446907043457,331.2692642211914,0.0,1469.0,109.0,707.7212,707.7212,842.173820491626,510.84446907043457
108,108,17,draft|draft_verify,503.72958183288574,349.81513023376465,0.0,1578.0,109.0,735.9739999999999,735.9739999999999,853.6047992666504,503.72958183288574
108,108,18,draft|draft_verify,504.8694610595703,376.48510932922363,0.0,1687.0,109.0,764.2267999999999,764.2267999999999,881.414657588794,504.8694610595703
108,108,19,draft|draft_verify,508.55040550231934,393.85151863098145,0.0,1796.0,109.0,792.4795999999999,792.4795999999999,902.4620113333008,508.55040550231934
108,108,20,draft|draft_verify,516.9799327850342,412.65058517456055,0.0,1905.0,109.0,820.7324,820.7324,929.6906051595947,516.9799327850342
108,108,21,draft|draft_verify,536.1661911010742,424.9918460845947,0.0,2014.0,109.0,848.9851999999998,1274.0371332845946,961.218124385669,961.218124385669
109,109,1,draft|draft_verify,436.2373352050781,63.895463943481445,0.0,180.0,97.0,331.03639999999996,436.2373352050781,500.19287674855957,436.2373352050781
109,109,2,draft|draft_verify|target|target_rescue_verify,126.23882293701172,131.24799728393555,204.15234565734863,277.0,23.0,81.2428,204.15234565734863,461.6991842782959,204.15234565734863
109,109,3,draft|draft_verify,51.48792266845703,78.29070091247559,0.0,303.0,11.0,38.974,65.62399864196777,129.8386323809326,65.62399864196777
109,109,4,draft|draft_verify,183.9885711669922,80.2767276763916,0.0,314.0,33.0,120.0924,120.0924,264.32532524338376,183.9885711669922
109,109,5,draft|draft_verify,47.65200614929199,78.80711555480957,0.0,347.0,9.0,32.5788,80.3367540763916,126.51912890410156,80.3367540763916
109,109,6,draft|draft_verify,177.20580101013184,101.38297080993652,0.0,356.0,36.0,134.736,134.736,278.64880062006836,177.20580101013184
109,109,7,draft|draft_verify,53.99823188781738,97.40495681762695,0.0,392.0,8.0,29.6128,101.44299960993652,151.46319510544433,101.44299960993652
109,109,8,draft|draft_verify,357.85913467407227,131.45089149475098,0.0,400.0,73.0,284.9372,284.9372,489.37008456882324,357.85913467407227
109,109,9,draft|draft_verify,95.66283226013184,136.3229751586914,0.0,473.0,15.0,59.1948,131.51094989475098,232.04581941882324,131.51094989475098
109,109,10,draft|draft_verify|target|backtracking_verify,100.99005699157715,262.30740547180176,179.18825149536133,488.0,20.0,80.1088,267.5967058945923,542.5457299587403,267.5967058945923
109,109,11,draft|draft_verify|target|target_rescue_verify,731.6811084747314,525.597095489502,1109.5571517944336,1016.0,154.0,843.3296,1792.3661207143432,2366.895478958667,1680.7176291890746
109,109,12,draft|draft_verify|target|target_rescue_verify,702.8493881225586,597.4578857421875,1558.3176612854004,1180.0,144.0,842.9664,2070.278760149341,2858.6850503501464,1930.1617482718993
109,109,13,draft|draft_verify|target|backtracking_verify,107.89632797241211,468.8892364501953,116.95218086242676,1404.0,20.0,121.8784,383.86910566064455,693.7977612850342,383.86910566064455
109,109,14,draft|draft_verify|target|backtracking_verify,621.1338043212891,964.867115020752,936.314582824707,2136.0,126.0,1021.3199999999999,2449.645751867098,2522.375602966748,2049.459556188387
109,109,15,draft|draft_verify|target|target_rescue_verify,1696.0482597351074,2321.719169616699,8107.997894287109,4524.0,354.0,4998.6672,13883.634967254564,12125.825606838916,10581.016026989671
109,109,16,draft|draft_verify,597.63503074646,234.06982421875,0.0,974.0,126.0,672.72,672.72,831.76495576521,597.63503074646
109,109,17,draft|draft_verify,288.0096435546875,232.987642288208,0.0,1100.0,63.0,349.17719999999997,349.17719999999997,521.0573362428955,288.0096435546875
109,109,18,draft|draft_verify,75.90222358703613,254.96387481689453,0.0,1163.0,12.0,65.3016,488.0715771051025,330.92610800393066,488.0715771051025
110,110,1,draft|draft_verify|target|backtracking_verify,290.7271385192871,67.80290603637695,535.7248783111572,88.0,45.0,140.8188,535.7248783111572,894.3149588668214,535.7248783111572
110,110,2,draft|draft_verify|target|backtracking_verify|target_rescue_verify,508.6255073547363,227.8592586517334,1380.737066268921,305.0,103.0,382.88120000000004,1494.6666955947876,2117.281914675391,1494.6666955947876
110,110,3,draft|draft_verify|target|backtracking_verify|target_rescue_verify,626.049280166626,460.83593368530273,1087.5091552734375,687.0,119.0,552.9388,1662.0349434533775,2174.454464325366,1735.1454236200034
110,110,4,draft|draft_verify|target|target_rescue_verify,2289.278984069824,837.9340171813965,2777.515411376953,1259.0,433.0,2772.5083999999997,5748.72169096482,5904.788759028173,5265.492275034643
110,110,5,draft|draft_verify,688.6825561523438,156.85439109802246,0.0,615.0,147.0,663.1404,663.1404,845.5970648503662,688.6825561523438
110,110,6,draft|draft_verify,136.07525825500488,163.06090354919434,0.0,762.0,26.0,121.12,320.03543304721677,299.1961826041992,320.03543304721677
111,111,1,draft|draft_verify|target|backtracking_verify,472.8422164916992,121.76322937011719,551.2402057647705,159.0,101.0,340.15,551.2402057647705,1145.9057324265868,551.2402057647705
111,111,2,draft|draft_verify|target|backtracking_verify,422.1949577331543,257.5259208679199,591.1350250244141,501.0,86.0,357.79600000000005,846.568021963147,1270.9159724254882,910.9669796963012
111,111,3,draft|draft_verify|target|target_rescue_verify,1069.7224140167236,691.2446022033691,1971.1170196533203,1173.0,231.0,1374.222,3457.458976467938,3732.1442206734127,3152.959390484662
111,111,4,draft|draft_verify|target|target_rescue_verify,2088.7668132781982,968.4982299804688,2163.3353233337402,1475.0,458.0,3183.4072,5455.832455272419,5220.660732992407,4361.1920685506175
111,111,5,draft|draft_verify|target|target_rescue_verify,395.8699703216553,286.1628532409668,1338.707685470581,446.0,90.0,363.1776,1338.707685470581,2020.8005810332031,1338.707685470581
111,111,6,draft|draft_verify|target|target_rescue_verify,479.72583770751953,314.23425674438477,294.614315032959,671.0,80.0,364.40560000000005,521.5827923721924,1088.6344734848633,636.9030300797119
111,111,7,draft|draft_verify,254.3051242828369,164.92366790771484,0.0,713.0,39.0,178.73399999999998,178.73399999999998,419.2888233905518,254.3051242828369
111,111,8,draft|draft_verify,101.05538368225098,154.76322174072266,0.0,752.0,14.0,63.8608,319.8069320484375,255.87861662297365,319.8069320484375
112,112,1,draft|draft_verify,217.0395851135254,22.338151931762695,0.0,83.0,35.0,108.6508,217.0395851135254,239.43776504528807,217.0395851135254
112,112,2,draft|draft_verify,312.50643730163574,31.189680099487305,0.0,118.0,51.0,163.59,163.59,343.75615820112307,312.50643730163574
112,112,3,draft|draft_verify,294.88658905029297,51.14388465881348,0.0,169.0,48.0,159.5304,159.5304,346.09051210910644,294.88658905029297
112,112,4,draft|draft_verify,248.88014793395996,60.502052307128906,0.0,217.0,40.0,136.9832,136.9832,309.44223224108885,248.88014793395996
112,112,5,draft|draft_verify,156.55040740966797,60.93549728393555,0.0,257.0,23.0,80.1868,141.18231568393554,217.5459230936035,217.5459230936035
113,113,1,draft|draft_verify,125.63228607177734,29.148101806640625,0.0,74.0,27.0,82.95,125.63228607177734,154.84040947841797,125.63228607177734
113,113,2,draft|draft_verify,195.46127319335938,42.64259338378906,0.0,101.0,40.0,126.1256,126.1256,238.16389857714844,195.46127319335938
113,113,3,draft|draft_verify,132.6620578765869,46.7381477355957,0.0,141.0,28.0,90.404,90.404,179.46022801218263,132.6620578765869
113,113,4,draft|draft_verify,265.7361030578613,58.66122245788574,0.0,169.0,59.0,196.96120000000002,196.96120000000002,324.45737271574706,265.7361030578613
113,113,5,draft|draft_verify,115.5858039855957,68.71318817138672,0.0,228.0,25.0,85.6028,154.37600817138673,184.35901215698243,184.35901215698243
114,114,1,draft|draft_verify,440.80519676208496,57.86848068237305,0.0,92.0,99.0,317.4108,440.80519676208496,498.733756644458,440.80519676208496
114,114,2,draft|draft_verify,162.03665733337402,60.814857482910156,0.0,191.0,36.0,120.876,120.876,222.91154361628418,162.03665733337402
114,114,3,draft|draft_verify,34.58094596862793,58.64453315734863,0.0,227.0,7.0,23.4092,60.874886282910154,93.28548472597656,60.874886282910154
114,114,4,draft|draft_verify,215.81625938415527,69.90551948547363,0.0,234.0,45.0,156.2364,156.2364,285.7818148696289,215.81625938415527
114,114,5,draft|draft_verify,115.03815650939941,68.9535140991211,0.0,279.0,22.0,77.756,146.7695316991211,184.0516882085205,184.0516882085205
115,115,1,draft|draft_verify,102.16760635375977,38.06138038635254,0.0,105.0,22.0,68.9864,102.16760635375977,140.28900434011229,102.16760635375977
115,115,2,draft|draft_verify,187.94727325439453,36.810874938964844,0.0,127.0,42.0,135.10320000000002,135.10320000000002,224.81818179335937,187.94727325439453
115,115,3,draft|draft_verify,32.619476318359375,35.52103042602539,0.0,169.0,7.0,22.573999999999998,36.87090853896484,68.20051234438476,36.87090853896484
115,115,4,draft|draft_verify,425.2641201019287,69.63443756103516,0.0,176.0,95.0,323.07160000000005,323.07160000000005,494.95863366296385,425.2641201019287
115,115,5,draft|draft_verify,112.42318153381348,17193.033933639526,0.0,271.0,23.0,80.926,17274.019952039525,17305.51713357334,17305.51713357334
116,116,1,draft|draft_verify,73.41647148132324,31.209468841552734,0.0,77.0,14.0,42.8008,73.41647148132324,104.68595152287598,73.41647148132324
116,116,2,draft|draft_verify,149.44100379943848,35.005807876586914,0.0,91.0,31.0,96.638,96.638,184.5068364760254,149.44100379943848
116,116,3,draft|draft_verify,192.7189826965332,34.41309928894043,0.0,122.0,47.0,150.9532,150.9532,227.19211958547362,192.7189826965332
116,116,4,draft|draft_verify,174.38626289367676,57.92117118835449,0.0,169.0,39.0,129.12120000000002,129.12120000000002,232.36746528203125,174.38626289367676
116,116,5,draft|draft_verify,33.28514099121094,57.160139083862305,0.0,208.0,7.0,23.1356,57.98120238835449,90.50528567507324,57.98120238835449
116,116,6,draft|draft_verify,136.90567016601562,67.24071502685547,0.0,215.0,32.0,109.0264,109.0264,204.20641079287108,136.90567016601562
116,116,7,draft|draft_verify,104.10141944885254,68.01581382751465,0.0,247.0,23.0,79.6588,79.6588,172.17725167636718,104.10141944885254
116,116,8,draft|draft_verify,54.711103439331055,68.91155242919922,0.0,270.0,10.0,34.64,68.07583222751465,123.68266386853028,68.07583222751465
116,116,9,draft|draft_verify,107.8493595123291,88.94205093383789,0.0,280.0,19.0,67.0364,157.9736265630371,196.851425646167,196.851425646167
117,117,1,draft|draft_verify,130.06854057312012,35.81809997558594,0.0,101.0,26.0,81.46000000000001,130.06854057312012,165.94666134870604,130.06854057312012
117,117,2,draft|draft_verify|target|target_rescue_verify,286.8778705596924,131.61063194274902,806.7121505737305,127.0,64.0,207.7208,806.7121505737305,1225.260704276172,806.7121505737305
117,117,3,draft|draft_verify|target|target_rescue_verify,395.9534168243408,199.70393180847168,583.4534168243408,258.0,79.0,282.422,583.4534168243408,1179.1708286571534,583.4534168243408
117,117,4,draft|draft_verify,592.0188426971436,148.80895614624023,0.0,347.0,123.0,472.61879999999996,472.61879999999996,740.8878972433838,592.0188426971436
117,117,5,draft|draft_verify,148.8363742828369,145.42293548583984,0.0,470.0,27.0,107.66040000000001,294.35201163208006,294.3193313686768,294.35201163208006
118,118,1,draft|draft_verify|target|target_rescue_verify,502.3672580718994,93.14632415771484,558.3035945892334,95.0,102.0,328.1304,558.3035945892334,1153.8772584188478,558.3035945892334
118,118,2,draft|draft_verify,455.86490631103516,68.91655921936035,0.0,176.0,95.0,323.07160000000005,392.0482352193604,524.8415415303955,524.8415415303955
119,119,1,draft|draft_verify,204.1783332824707,39.5357608795166,0.0,84.0,45.0,140.3964,204.1783332824707,243.7741301619873,204.1783332824707
119,119,2,draft|draft_verify,252.37655639648438,59.65018272399902,0.0,129.0,58.0,188.0744,188.0744,312.08678552048343,252.37655639648438
119,119,3,draft|draft_verify,319.7484016418457,77.91662216186523,0.0,187.0,65.0,220.2652,220.2652,397.7250758037109,319.7484016418457
119,119,4,draft|draft_verify,304.20851707458496,87.38851547241211,0.0,252.0,65.0,230.2492,230.2492,391.65708454699705,304.20851707458496
119,119,5,draft|draft_verify,230.6652069091797,87.96286582946777,0.0,317.0,47.0,172.4812,260.50410342946776,318.68811033864745,318.68811033864745
120,120,1,draft|draft_verify,153.67865562438965,23.395061492919922,0.0,78.0,36.0,111.38400000000001,153.67865562438965,177.13374591730957,153.67865562438965
120,120,2,draft|draft_verify,452.14056968688965,55.95898628234863,0.0,114.0,101.0,329.35,329.35,508.15963676923826,452.14056968688965
120,120,3,draft|draft_verify|target|target_rescue_verify,209.90514755249023,169.8601245880127,977.0197868347168,215.0,51.0,175.23000000000002,977.0197868347168,1356.8450997752198,977.0197868347168
120,120,4,draft|draft_verify,110.08763313293457,93.00923347473145,0.0,372.0,22.0,82.44319999999999,177.99931336873777,203.156884207666,203.156884207666
121,121,1,draft|draft_verify,233.33358764648438,39.15262222290039,0.0,105.0,53.0,168.52120000000002,233.33358764648438,272.54625226938475,233.33358764648438
121,121,2,draft|draft_verify,215.52562713623047,56.80966377258301,0.0,158.0,49.0,161.654,161.654,272.3953301088135,215.52562713623047
121,121,3,draft|draft_verify,219.03157234191895,66.17188453674316,0.0,207.0,49.0,167.2988,167.2988,285.2634960786621,219.03157234191895
121,121,4,draft|draft_verify,249.98950958251953,83.02903175354004,0.0,256.0,52.0,183.7568,183.7568,333.07858293605955,249.98950958251953
121,121,5,draft|draft_verify,181.6272735595703,78.20439338684082,0.0,308.0,39.0,141.798,141.798,259.89169814641116,181.6272735595703
121,121,6,draft|draft_verify,425.75764656066895,144.55723762512207,0.0,347.0,96.0,365.58,365.58,570.374960985791,425.75764656066895
121,121,7,draft|draft_verify,295.48001289367676,132.75766372680664,0.0,443.0,63.0,251.41559999999998,251.41559999999998,428.2977270204834,295.48001289367676
121,121,8,draft|draft_verify,108.60967636108398,144.75750923156738,0.0,506.0,24.0,97.47359999999999,277.635242558374,253.42720479265137,277.635242558374
122,122,1,draft|draft_verify,225.50415992736816,30.79700469970703,0.0,77.0,45.0,139.65720000000002,225.50415992736816,256.36120062707516,225.50415992736816
122,122,2,draft|draft_verify,107.99622535705566,30.31611442565918,0.0,122.0,25.0,79.49719999999999,79.49719999999999,138.37235978271485,107.99622535705566
122,122,3,draft|draft_verify,130.80739974975586,31.798601150512695,0.0,147.0,31.0,100.67,100.67,162.66602570026856,130.80739974975586
122,122,4,draft|draft_verify,193.7100887298584,59.45253372192383,0.0,178.0,47.0,157.1356,157.1356,253.2226600517822,193.7100887298584
122,122,5,draft|draft_verify,182.9063892364502,65.72675704956055,0.0,225.0,28.0,95.8472,95.8472,248.69316868601075,182.9063892364502
122,122,6,draft|draft_verify,38.660287857055664,69.03576850891113,0.0,253.0,7.0,23.7836,65.78677944956054,107.7560619659668,65.78677944956054
122,122,7,draft|draft_verify|target|target_rescue_verify,214.68019485473633,155.6985378265381,441.61152839660645,260.0,51.0,180.63,441.61152839660645,812.0503018778809,441.61152839660645
122,122,8,draft|draft_verify,208.79888534545898,92.1640396118164,0.0,324.0,44.0,161.9872,161.9872,301.0229601572754,208.79888534545898
122,122,9,draft|draft_verify,135.2384090423584,96.72999382019043,0.0,368.0,21.0,78.438,92.22407481181641,232.02841966254883,135.2384090423584
122,122,10,draft|draft_verify,331.4340114593506,126.1148452758789,0.0,389.0,64.0,247.3352,247.3352,457.60890793522947,331.4340114593506
122,122,11,draft|draft_verify,221.33445739746094,127.58851051330566,0.0,453.0,44.0,175.3,175.3,348.9830031107666,221.33445739746094
122,122,12,draft|draft_verify,115.84043502807617,144.56439018249512,0.0,497.0,21.0,84.63,127.64854571330567,260.46484201057126,127.64854571330567
122,122,13,draft|draft_verify,149.45673942565918,132.99250602722168,0.0,518.0,29.0,119.01400000000001,144.62440698249512,282.50926865288085,149.45673942565918
122,122,14,draft|draft_verify,94.15650367736816,134.11974906921387,0.0,547.0,17.0,70.1212,267.2322918964355,228.33626634658202,267.2322918964355
123,123,1,draft|draft_verify,271.5296745300293,36.22794151306152,0.0,117.0,58.0,186.43280000000001,271.5296745300293,307.8176624430908,271.5296745300293
123,123,2,draft|draft_verify|target|target_rescue_verify,1679.3439388275146,210.54387092590332,419.9965000152588,175.0,352.0,1305.9224,1411.2546170629516,2309.944591368677,1784.6761558904664
123,123,3,draft|draft_verify,458.24742317199707,90.48295021057129,0.0,240.0,87.0,308.20439999999996,308.20439999999996,548.7904429825684,458.24742317199707
123,123,4,draft|draft_verify,390.1667594909668,96.46248817443848,0.0,327.0,70.0,260.8472,260.8472,486.68930366540525,390.1667594909668
123,123,5,draft|draft_verify|target|target_rescue_verify,618.5178756713867,275.0413417816162,683.8786602020264,397.0,131.0,520.27,683.8786602020264,1577.4979824550292,756.0986513621948
123,123,6,draft|draft_verify,431.70619010925293,131.14166259765625,0.0,507.0,92.0,384.8152,384.8152,562.9079263069092,431.70619010925293
123,123,7,draft|draft_verify,224.40505027770996,137.28761672973633,0.0,599.0,45.0,194.7804,194.7804,361.75270300744626,224.40505027770996
123,123,8,draft|draft_verify,164.11852836608887,138.8704776763916,0.0,644.0,33.0,145.4364,145.4364,303.04903244248044,164.11852836608887
123,123,9,draft|draft_verify,129.18376922607422,155.8544635772705,0.0,677.0,20.0,88.72720000000001,294.8449836536621,285.09824880334475,294.8449836536621
124,124,1,draft|draft_verify,212.64028549194336,50.698280334472656,0.0,178.0,34.0,113.024,212.64028549194336,263.39859302641605,212.64028549194336
124,124,2,draft|draft_verify|target|backtracking_verify,213.14120292663574,124.33767318725586,215.17586708068848,212.0,44.0,150.4288,215.17586708068848,552.7147783945801,275.3700747202637
124,124,3,draft|draft_verify|target|backtracking_verify,53.39980125427246,129.06956672668457,152.54497528076172,256.0,11.0,37.846,152.54497528076172,335.07435206171874,152.54497528076172
124,124,4,draft|draft_verify|target|target_rescue_verify,472.8059768676758,331.6495418548584,850.8961200714111,534.0,98.0,416.9824,1091.2276948268493,1655.4117171939454,1147.051271694525
124,124,5,draft|draft_verify|target|target_rescue_verify,302.07324028015137,362.98155784606934,569.3240165710449,648.0,64.0,286.496,843.4542278700744,1234.4388658972657,859.0314681502258
124,124,6,draft|draft_verify,86.75932884216309,102.89120674133301,0.0,361.0,18.0,66.756,90.74538946151733,189.7105499834961,90.74538946151733
124,124,7,draft|draft_verify|target|backtracking_verify,148.36859703063965,195.15442848205566,123.19755554199219,379.0,29.0,109.67320000000001,207.31043744102783,466.7806042546875,246.00583447166747
124,124,8,draft|draft_verify|target|backtracking_verify,221.22883796691895,438.5998249053955,301.1641502380371,800.0,38.0,181.78719999999998,661.3791741980651,961.0528435103515,700.8208121649841
124,124,9,draft|draft_verify|target|target_rescue_verify,452.84581184387207,1022.1714973449707,544.628381729126,1676.0,80.0,554.9536,1985.6564476418152,2019.7057549179688,1883.5486594856873
125,125,1,draft|draft_verify,152.94599533081055,31.80694580078125,0.0,144.0,30.0,97.16640000000001,152.94599533081055,184.8129651315918,152.94599533081055
125,125,2,draft|draft_verify,256.3014030456543,55.52792549133301,0.0,174.0,56.0,187.384,187.384,311.8893733369873,256.3014030456543
125,125,3,draft|draft_verify|target|target_rescue_verify,261.99913024902344,144.74821090698242,567.6937103271484,230.0,57.0,198.3324,567.6937103271484,974.5010970831543,567.6937103271484
125,125,4,draft|draft_verify,349.87592697143555,106.13870620727539,0.0,309.0,74.0,272.9992,272.9992,456.07469237871095,349.87592697143555
125,125,5,draft|draft_verify|target|target_rescue_verify,521.2864875793457,277.24170684814453,601.3808250427246,383.0,101.0,393.90999999999997,601.3808250427246,1399.9691002702148,659.967421803418
125,125,6,draft|draft_verify,135.4053020477295,137.82286643981934,0.0,475.0,26.0,103.9,276.50374066389156,273.2881892875488,276.50374066389156
126,126,1,draft|draft_verify,132.45797157287598,34.340858459472656,0.0,140.0,28.0,90.3392,132.45797157287598,166.85885243234864,132.45797157287598
126,126,2,draft|draft_verify,526.7484188079834,64.82911109924316,0.0,168.0,118.0,402.40160000000003,402.40160000000003,591.6376243072266,526.7484188079834
126,126,3,draft|draft_verify,323.2913017272949,78.43375205993652,0.0,286.0,71.0,257.782,257.782,401.78511058723143,323.2913017272949
126,126,4,draft|draft_verify,545.2365875244141,143.1884765625,0.0,357.0,115.0,443.4572,443.4572,688.4851560869141,545.2365875244141
126,126,5,draft|draft_verify,379.87518310546875,153.7637710571289,0.0,472.0,84.0,343.4688,343.4688,533.6990213625977,379.87518310546875
126,126,6,draft|draft_verify|target|target_rescue_verify,458.0190181732178,284.5273017883301,825.0241279602051,556.0,88.0,377.84,825.0241279602051,1567.6305183217528,825.0241279602051
126,126,7,draft|draft_verify,131.52265548706055,153.0923843383789,0.0,686.0,26.0,116.56,295.4160560325439,284.6750606254394,295.4160560325439
127,127,1,draft|draft_verify,267.3044204711914,31.273603439331055,0.0,100.0,58.0,184.1072,267.3044204711914,298.63807031052244,267.3044204711914
127,127,2,draft|draft_verify,235.31413078308105,51.51200294494629,0.0,158.0,51.0,168.39000000000001,168.39000000000001,286.88617452802737,235.31413078308105
127,127,3,draft|draft_verify|target|target_rescue_verify,357.92994499206543,127.92301177978516,317.89541244506836,209.0,72.0,248.388,317.89541244506836,803.8084268169189,421.951508481958
127,127,4,draft|draft_verify|target|target_rescue_verify,402.10819244384766,179.69799041748047,392.23599433898926,254.0,84.0,300.0432,392.23599433898926,974.1022444003174,492.0172548525879
127,127,5,draft|draft_verify,273.47517013549805,101.318359375,0.0,315.0,54.0,198.4824,198.4824,374.85357271049804,273.47517013549805
127,127,6,draft|draft_verify|target|target_rescue_verify,517.8587436676025,266.0081386566162,662.1856689453125,369.0,112.0,434.65999999999997,662.1856689453125,1446.1126408695313,662.1856689453125
127,127,7,draft|draft_verify,97.23687171936035,127.02298164367676,0.0,471.0,17.0,67.2028,260.08706457198485,224.3198669630371,260.08706457198485
128,128,1,draft|draft_verify,327.32558250427246,39.97635841369629,0.0,95.0,67.0,212.64440000000002,327.32558250427246,367.36199451796875,327.32558250427246
128,128,2,draft|draft_verify,105.91483116149902,56.06651306152344,0.0,162.0,19.0,61.9388,61.9388,162.04135942302247,105.91483116149902
128,128,3,draft|draft_verify,78.16529273986816,56.61463737487793,0.0,181.0,14.0,46.0456,56.12652826152344,134.8399413147461,78.16529273986816
128,128,4,draft|draft_verify,73.4107494354248,54.570674896240234,0.0,195.0,15.0,49.854000000000006,56.67464857487793,128.04143633166504,73.4107494354248
128,128,5,draft|draft_verify,464.2012119293213,65.48953056335449,0.0,210.0,92.0,319.9504,319.9504,529.7508160926758,464.2012119293213
128,128,6,draft|draft_verify,77.99673080444336,77.13103294372559,0.0,302.0,16.0,57.08,65.54960416335449,155.18777654816893,77.99673080444336
128,128,7,draft|draft_verify,39.54195976257324,76.60150527954102,0.0,318.0,8.0,28.3696,77.19104574372558,116.20347144211425,77.19104574372558
128,128,8,draft|draft_verify,63.00044059753418,77.12006568908691,0.0,326.0,13.0,46.886,76.66151167954102,140.1805166866211,76.66151167954102
128,128,9,draft|draft_verify,56.972503662109375,80.12986183166504,0.0,339.0,12.0,43.547999999999995,77.18007608908691,137.16237509377441,77.18007608908691
128,128,10,draft|draft_verify,58.90464782714844,96.48633003234863,0.0,351.0,11.0,40.126,80.18987143166504,155.45098665949706,80.18987143166504
128,128,11,draft|draft_verify,65.17505645751953,93.71662139892578,0.0,362.0,13.0,47.9228,96.54633883234864,158.95168825644532,96.54633883234864
128,128,12,draft|draft_verify,60.22167205810547,94.93303298950195,0.0,375.0,11.0,40.702,188.76967358842774,155.2147138476074,188.76967358842774
129,129,1,draft|draft_verify,292.6490306854248,31.96406364440918,0.0,88.0,65.0,205.05880000000002,292.6490306854248,324.67314632983397,292.6490306854248
129,129,2,draft|draft_verify|target|target_rescue_verify,2031.785488128662,195.95646858215332,337.21280097961426,153.0,446.0,1681.588,1779.6265910910765,2565.0151144904294,2129.824079219739
129,129,3,draft|draft_verify,161.26608848571777,62.081098556518555,0.0,200.0,36.0,121.632,121.632,223.40721584223633,161.26608848571777
129,129,4,draft|draft_verify|target|target_rescue_verify,692.9504871368408,184.42797660827637,487.3816967010498,236.0,154.0,556.9136,649.1877115041382,1364.820283646167,785.224598640979
129,129,5,draft|draft_verify,417.7441596984863,115.9200668334961,0.0,308.0,91.0,337.526,337.526,533.7242993319824,417.7441596984863
129,129,6,draft|draft_verify,1787.3945236206055,165.7540798187256,0.0,399.0,356.0,1513.324,1513.324,1953.2088882393311,1787.3945236206055
129,129,7,draft|draft_verify,72.47662544250488,155.0426483154297,0.0,755.0,17.0,78.10839999999999,165.8143646187256,227.57928735793456,165.8143646187256
129,129,8,draft|draft_verify,58.48383903503418,154.99591827392578,0.0,772.0,10.0,45.4832,310.15858818935544,213.53976530895997,310.15858818935544
130,130,1,draft|draft_verify|target|backtracking_verify,154.77919578552246,141.06416702270508,235.68296432495117,105.0,34.0,107.2424,235.68296432495117,531.5863543331787,235.68296432495117
130,130,2,draft|draft_verify|target|target_rescue_verify|backtracking_verify,550.1503944396973,34831.41851425171,951.0529041290283,267.0,112.0,407.4872,27006.637627353295,36332.68190242044,27149.300821792993
130,130,3,draft|draft_verify|target|backtracking_verify|target_rescue_verify,570.8181858062744,251.0702610015869,1010.1723670959473,371.0,123.0,479.64599999999996,9401.30360626209,1832.1209123038086,9401.30360626209
130,130,4,draft|draft_verify|target|target_rescue_verify,610.1386547088623,226.5164852142334,406.400203704834,494.0,133.0,559.2764,672.5947490071167,1243.1154500279297,723.457003715979
130,130,5,draft|draft_verify|target|target_rescue_verify,526.2339115142822,281.1295986175537,579.709529876709,610.0,110.0,489.664,630.2888873087768,1387.1331280085449,666.858798823059
130,130,6,draft|draft_verify|target|target_rescue_verify,107.11002349853516,191.58077239990234,195.64056396484375,351.0,25.0,92.6876,332.2055917086792,494.39137986328126,332.2055917086792
131,131,1,draft|draft_verify,337.91160583496094,33.93888473510742,0.0,81.0,73.0,229.81400000000002,337.91160583496094,371.91054897006836,337.91160583496094
131,131,2,draft|draft_verify,161.6358757019043,52.073001861572266,0.0,154.0,29.0,94.5532,94.5532,213.76890076347655,161.6358757019043
131,131,3,draft|draft_verify,147.9499340057373,51.45692825317383,0.0,183.0,30.0,99.88080000000001,99.88080000000001,199.46688625891113,147.9499340057373
131,131,4,draft|draft_verify,125.47993659973145,62.055110931396484,0.0,213.0,29.0,98.518,98.518,187.59507073112792,125.47993659973145
131,131,5,draft|draft_verify,495.2836036682129,81.56347274780273,0.0,242.0,98.0,349.0048,349.0048,576.9071548160157,495.2836036682129
131,131,6,draft|draft_verify,64.82434272766113,81.17222785949707,0.0,340.0,13.0,47.2892,81.62355114780273,146.0565809871582,81.62355114780273
131,131,7,draft|draft_verify,57.81841278076172,95.34120559692383,0.0,353.0,11.0,40.174,81.23223825949707,153.21962717768554,81.23223825949707
131,131,8,draft|draft_verify,435.7779026031494,126.63674354553223,0.0,364.0,85.0,325.9004,325.9004,562.4747141486816,435.7779026031494
131,131,9,draft|draft_verify,113.41595649719238,127.1669864654541,0.0,449.0,24.0,94.32719999999999,253.92381721098633,240.64296216264648,253.92381721098633
132,132,1,draft|draft_verify,406.31651878356934,54.86011505126953,0.0,115.0,92.0,299.2024,406.31651878356934,461.2367074348389,406.31651878356934
132,132,2,draft|draft_verify,455.413818359375,61.78474426269531,0.0,207.0,91.0,315.71000000000004,315.71000000000004,517.2586354220703,455.413818359375
132,132,3,draft|draft_verify,200.59871673583984,80.10339736938477,0.0,298.0,41.0,148.246,148.246,280.7621469052246,200.59871673583984
132,132,4,draft|draft_verify,178.9531707763672,110.41593551635742,0.0,339.0,32.0,118.25200000000001,118.25200000000001,289.4291318927246,178.9531707763672
132,132,5,draft|draft_verify,234.1153621673584,95.15762329101562,0.0,371.0,51.0,193.95,193.95,329.33302625837405,234.1153621673584
132,132,6,draft|draft_verify,227.88310050964355,130.77330589294434,0.0,422.0,44.0,172.1008,172.1008,358.7164416025879,227.88310050964355
132,132,7,draft|draft_verify,318.0427551269531,149.03545379638672,0.0,466.0,66.0,267.264,267.264,467.13826172333984,318.0427551269531
132,132,8,draft|draft_verify,347.25165367126465,128.95464897155762,0.0,532.0,61.0,256.07,256.07,476.26635144282227,347.25165367126465
132,132,9,draft|draft_verify,137.37130165100098,132.12227821350098,0.0,593.0,28.0,119.6936,261.1969983850586,269.55360226450193,269.55360226450193
133,133,1,draft|draft_verify|target|backtracking_verify,171.76342010498047,62.012672424316406,233.65259170532227,116.0,37.0,117.8108,233.65259170532227,467.48871383461915,233.65259170532227
133,133,2,draft|draft_verify|target|target_rescue_verify,668.0154800415039,243.2546615600586,792.5858497619629,302.0,148.0,557.4128,1136.2068394510252,1703.9161097635254,1246.8095194925293
133,133,3,draft|draft_verify|target|target_rescue_verify,273.6847400665283,136.31653785705566,387.10522651672363,195.0,60.0,204.06,387.10522651672363,797.1665524403077,387.10522651672363
133,133,4,draft|draft_verify,111.76037788391113,67.71397590637207,0.0,256.0,24.0,83.6736,83.6736,179.5343729902832,111.76037788391113
133,133,5,draft|draft_verify,166.01181030273438,85.99376678466797,0.0,280.0,34.0,121.10239999999999,121.10239999999999,252.06560428740235,166.01181030273438
133,133,6,draft|draft_verify|target|target_rescue_verify,356.9490909576416,189.05329704284668,284.5885753631592,314.0,75.0,277.6764,372.2631085214233,830.6510233636475,451.53579947906496
133,133,7,draft|draft_verify|target|target_rescue_verify,482.3446273803711,229.0482521057129,323.1923580169678,356.0,97.0,371.5868,486.1710036528564,1034.6453151030519,596.9288310332275
133,133,8,draft|draft_verify|target|target_rescue_verify,124.50075149536133,254.1944980621338,343.25647354125977,405.0,26.0,99.7,343.25647354125977,722.011743898755,343.25647354125977
133,133,9,draft|draft_verify|target|target_rescue_verify,95.76296806335449,262.5420093536377,110.08405685424805,456.0,20.0,78.6496,258.42826970788576,468.44905027124025,258.42826970788576
133,133,10,draft|draft_verify|target|backtracking_verify,151.41797065734863,284.91687774658203,432.3408603668213,466.0,31.0,123.638,432.3408603668213,868.735733570752,432.3408603668213
133,133,11,draft|draft_verify|target|target_rescue_verify,546.0567474365234,395.79081535339355,451.4799118041992,1030.0,92.0,499.0384,894.8892889533936,1393.3875481941163,941.907636389917
134,134,1,draft|draft_verify,186.1734390258789,29.9832820892334,0.0,91.0,44.0,137.9416,186.1734390258789,216.2167563151123,186.1734390258789
134,134,2,draft|draft_verify,187.85715103149414,46.69833183288574,0.0,135.0,46.0,149.084,149.084,234.6155196643799,187.85715103149414
134,134,3,draft|draft_verify,651.9100666046143,84.29670333862305,0.0,181.0,148.0,514.7239999999999,514.7239999999999,736.2668883432373,651.9100666046143
134,134,4,draft|draft_verify,496.30141258239746,148.53954315185547,0.0,329.0,105.0,396.5724,396.5724,644.9010397342529,496.30141258239746
134,134,5,draft|draft_verify,1050.079584121704,135.93220710754395,0.0,434.0,220.0,917.3263999999999,917.3263999999999,1186.071967229248,1050.079584121704
134,134,6,draft|draft_verify,122.56669998168945,133.7423324584961,0.0,654.0,23.0,101.14840000000001,269.79473396604004,256.36905084018554,269.79473396604004
135,135,1,draft|draft_verify,116.05525016784668,33.04433822631836,0.0,120.0,25.0,79.382,116.05525016784668,149.15960839416505,116.05525016784668
135,135,2,draft|draft_verify,217.1938419342041,53.52973937988281,0.0,145.0,48.0,156.82319999999999,156.82319999999999,270.7836197140869,217.1938419342041
135,135,3,draft|draft_verify,88.31548690795898,51.78952217102051,0.0,193.0,12.0,39.693599999999996,53.589777779882816,140.1650186789795,88.31548690795898
135,135,4,draft|draft_verify,247.60746955871582,61.44094467163086,0.0,205.0,48.0,163.5912,163.5912,309.1084526303467,247.60746955871582
135,135,5,draft|draft_verify,66.12348556518555,70.93286514282227,0.0,253.0,11.0,37.774,61.50098307163086,137.1163595080078,66.12348556518555
135,135,6,draft|draft_verify,320.06216049194336,81.12454414367676,0.0,264.0,54.0,191.9952,191.9952,401.2467478356201,320.06216049194336
135,135,7,draft|draft_verify,557.2035312652588,94.12908554077148,0.0,318.0,108.0,405.4896,405.4896,651.3927032060303,557.2035312652588
135,135,8,draft|draft_verify,726.7870903015137,141.36481285095215,0.0,426.0,156.0,635.208,635.208,868.2120279524659,726.7870903015137
135,135,9,draft|draft_verify,478.60074043273926,154.63662147521973,0.0,582.0,97.0,423.6572,423.6572,633.297439507959,478.60074043273926
135,135,10,draft|draft_verify,1493.567705154419,207.1516513824463,0.0,679.0,303.0,1471.5564,1471.5564,1700.7795989368653,1493.567705154419
135,135,11,draft|draft_verify,512.134313583374,223.2992649078369,0.0,982.0,100.0,532.2031999999999,532.2031999999999,735.4936584912109,512.134313583374
135,135,12,draft|draft_verify,276.3035297393799,232.01274871826172,0.0,1082.0,57.0,312.84119999999996,312.84119999999996,508.3763240576416,276.3035297393799
135,135,13,draft|draft_verify,115.14711380004883,231.92882537841797,0.0,1139.0,21.0,115.446,464.0616364966797,347.13595597846677,464.0616364966797
136,136,1,draft|draft_verify,243.16954612731934,34.42859649658203,0.0,114.0,55.0,176.1884,243.16954612731934,277.6581866239014,243.16954612731934
136,136,2,draft|draft_verify,258.09574127197266,57.795047760009766,0.0,169.0,54.0,179.9112,179.9112,315.9508322319824,258.09574127197266
136,136,3,draft|draft_verify,270.8749771118164,62.53385543823242,0.0,223.0,58.0,200.9336,200.9336,333.4688789500488,270.8749771118164
136,136,4,draft|draft_verify,265.8557891845703,25798.71106147766,0.0,281.0,54.0,194.1576,194.1576,26064.62689386223,265.8557891845703
136,136,5,draft|draft_verify|target|target_rescue_verify,500.2434253692627,263.12923431396484,571.6779232025146,335.0,83.0,312.3052,25930.395788234644,1335.110649285742,25930.395788234644
136,136,6,draft|draft_verify,245.50867080688477,126.6472339630127,0.0,419.0,51.0,199.71,199.71,372.2159455698975,245.50867080688477
136,136,7,draft|draft_verify,245.92971801757812,128.62873077392578,0.0,470.0,52.0,209.9504,209.9504,374.6184903915039,245.92971801757812
136,136,8,draft|draft_verify,213.83142471313477,128.0069351196289,0.0,522.0,45.0,186.6492,186.6492,341.89839583276364,213.83142471313477
136,136,9,draft|draft_verify,315.22202491760254,133.48793983459473,0.0,567.0,67.0,287.4092,287.4092,448.77001835219727,315.22202491760254
136,136,10,draft|draft_verify,214.07079696655273,152.54950523376465,0.0,634.0,45.0,198.4764,198.4764,366.68033820031735,214.07079696655273
136,136,11,draft|draft_verify|target|target_rescue_verify,501.523494720459,312.5579357147217,676.9628524780273,679.0,108.0,498.19440000000003,676.9628524780273,1491.104369313208,676.9628524780273
136,136,12,draft|draft_verify|target|backtracking_verify,943.6943531036377,381.02054595947266,679.5454025268555,787.0,212.0,1060.6552000000001,1251.2256425797364,2004.3204711899657,1134.264795683374
136,136,13,draft|draft_verify|target|target_rescue_verify,719.2134857177734,482.61284828186035,1220.2050685882568,999.0,156.0,848.364,1220.2050685882568,2422.091527387891,1220.2050685882568
136,136,14,draft|draft_verify,270.94292640686035,259.3882083892822,0.0,1198.0,58.0,334.31359999999995,334.31359999999995,530.3911811961425,270.94292640686035
136,136,15,draft|draft_verify|target|target_rescue_verify,300.8127212524414,552.5102615356445,617.2683238983154,1256.0,60.0,354.2976,630.6127787678222,1470.6513546864014,617.2683238983154
136,136,16,draft|draft_verify,110.28718948364258,281.91494941711426,0.0,1352.0,23.0,138.00279999999998,276.25513076782227,392.2621573007568,276.25513076782227
136,136,17,draft|draft_verify|target|backtracking_verify,169.0971851348877,559.3478679656982,258.26239585876465,1375.0,34.0,207.82639999999998,561.7089289999633,986.7674761593506,561.7089289999633
136,136,18,draft|draft_verify|target|backtracking_verify,682.680606842041,1275.65336227417,1620.8527088165283,2820.0,150.0,1465.752,3232.9784961138917,3579.2467979327394,2449.9071029559327
136,136,19,draft|draft_verify|target|target_rescue_verify,1226.315975189209,1946.4097023010254,1031.3162803649902,4454.0,264.0,3652.3632,5961.975683360848,4204.102169055224,3535.9284585500573
136,136,20,draft|draft_verify,550.8260726928711,328.9074897766113,0.0,1538.0,119.0,793.942,793.942,879.7936576694824,550.8260726928711
136,136,21,draft|draft_verify,249.92799758911133,349.987268447876,0.0,1657.0,44.0,299.5528,328.9675849766113,599.9753012369873,328.9675849766113
136,136,22,draft|draft_verify|target|target_rescue_verify,806.0686588287354,753.6129951477051,332.1115970611572,1701.0,169.0,1204.9435999999998,1958.616730347705,1891.8533862375975,1559.7417891764403
137,137,1,draft|draft_verify,149.33443069458008,30.669450759887695,0.0,88.0,36.0,112.224,149.33443069458008,180.06391025446777,149.33443069458008
137,137,2,draft|draft_verify,115.43703079223633,30.40790557861328,0.0,124.0,27.0,86.07000000000001,86.07000000000001,145.9049579708496,115.43703079223633
137,137,3,draft|draft_verify,203.0942440032959,51.456451416015625,0.0,151.0,37.0,120.8348,120.8348,254.61072501931153,203.0942440032959
137,137,4,draft|draft_verify,143.89991760253906,51.50628089904785,0.0,188.0,31.0,103.622,103.622,195.46622330158692,143.89991760253906
137,137,5,draft|draft_verify,402.64391899108887,61.454057693481445,0.0,219.0,77.0,267.958,267.958,464.1580382845703,402.64391899108887
137,137,6,draft|draft_verify,315.69600105285645,82.49378204345703,0.0,296.0,57.0,207.2028,207.2028,398.2498286963135,315.69600105285645
137,137,7,draft|draft_verify,206.45761489868164,103.8060188293457,0.0,353.0,43.0,161.1596,161.1596,310.32366812802735,206.45761489868164
137,137,8,draft|draft_verify,127.4712085723877,125.66208839416504,0.0,396.0,30.0,114.7056,114.7056,253.19332096655273,127.4712085723877
137,137,9,draft|draft_verify,174.7138500213623,125.93579292297363,0.0,426.0,27.0,104.91480000000001,125.72211239416504,300.70966454433596,174.7138500213623
137,137,10,draft|draft_verify,47.307729721069336,125.7774829864502,0.0,453.0,7.0,26.6636,125.99581452297363,173.14521830751954,125.99581452297363
137,137,11,draft|draft_verify,116.99223518371582,127.32148170471191,0.0,460.0,25.0,98.966,125.83748858645019,244.37373688842774,125.83748858645019
137,137,12,draft|draft_verify|target|target_rescue_verify,416.52941703796387,257.8399181365967,693.8574314117432,485.0,89.0,367.2604,693.8574314117432,1368.2868377863037,693.8574314117432
137,137,13,draft|draft_verify,444.5455074310303,152.56047248840332,0.0,593.0,99.0,435.246,435.246,597.1660591194336,444.5455074310303
137,137,14,draft|draft_verify,145.22695541381836,160.53247451782227,0.0,692.0,32.0,144.5152,152.6205516884033,305.81945553164064,152.6205516884033
137,137,15,draft|draft_verify,129.7001838684082,155.37357330322266,0.0,724.0,29.0,132.8572,160.59250011782225,285.13378037163085,160.59250011782225
137,137,16,draft|draft_verify,52.36363410949707,154.3748378753662,0.0,753.0,11.0,49.774,155.43359650322265,206.79848078486327,155.43359650322265
137,137,17,draft|draft_verify,132.8897476196289,173.51078987121582,0.0,764.0,31.0,145.094,154.4348466753662,306.46056229084473,154.4348466753662
137,137,18,draft|draft_verify,39.731740951538086,166.9163703918457,0.0,795.0,9.0,41.1804,173.57081467121583,206.7081185433838,173.57081467121583
137,137,19,draft|draft_verify,63.500404357910156,174.90100860595703,0.0,804.0,13.0,60.6524,341.9373965978027,238.4614233638672,341.9373965978027
138,138,1,draft|draft_verify|target|backtracking_verify,494.7807788848877,121.35148048400879,628.042459487915,148.0,111.0,372.294,628.042459487915,1244.2348076568114,628.042459487915
138,138,3,draft|draft_verify|target|target_rescue_verify,2155.9524536132812,514.3918991088867,1702.0649909973145,727.0,460.0,2374.4312,3611.317987830322,4372.469711719483,3392.8392414436034
138,138,4,draft|draft_verify|target|target_rescue_verify,784.6226692199707,311.4476203918457,669.5692539215088,580.0,164.0,729.6544,885.4383413959229,1765.699674733325,940.4066106158936
138,138,5,draft|draft_verify|target|target_rescue_verify,272.2940444946289,306.729793548584,170.5021858215332,689.0,57.0,260.022,566.811839148584,749.5860694647461,579.0838836432129
139,139,1,draft|draft_verify,382.04503059387207,31.11886978149414,0.0,81.0,87.0,275.3868,382.04503059387207,413.22396997536623,382.04503059387207
139,139,2,draft|draft_verify,258.55135917663574,51.36251449584961,0.0,168.0,58.0,193.4096,193.4096,309.9739200724853,258.55135917663574
139,139,3,draft|draft_verify,1100.083351135254,141.92461967468262,0.0,226.0,252.0,935.2848,935.2848,1242.0681724099366,1100.083351135254
139,139,4,draft|draft_verify|target|target_rescue_verify,57.71374702453613,254.75502014160156,298.46692085266113,478.0,13.0,51.263600000000004,298.46692085266113,610.9956984187988,298.46692085266113
139,139,5,draft|draft_verify,95.85118293762207,144.23298835754395,0.0,517.0,19.0,77.2748,271.67051362834474,240.14418649516602,271.67051362834474
140,140,2,draft|draft_verify|target|target_rescue_verify,349.36046600341797,133.6066722869873,609.5232963562012,164.0,78.0,261.37440000000004,609.5232963562012,1092.5504970466063,609.5232963562012
140,140,3,draft|draft_verify|target|target_rescue_verify,574.3207931518555,191.01858139038086,411.8461608886719,261.0,122.0,443.6488,539.2181882951904,1177.2456330309083,669.890181447046
140,140,4,draft|draft_verify|target|target_rescue_verify,406.42547607421875,201.02477073669434,517.0059204101562,324.0,87.0,325.542,517.0059204101562,1124.5162368210695,517.0059204101562
140,140,5,draft|draft_verify|target|target_rescue_verify,348.6194610595703,265.1481628417969,644.726037979126,409.0,76.0,298.58,644.726037979126,1258.5537226804931,644.726037979126
140,140,6,draft|draft_verify|target|target_rescue_verify,196.80547714233398,268.72777938842773,844.2404270172119,514.0,42.0,173.184,844.2404270172119,1309.8337171479736,844.2404270172119
140,140,7,draft|draft_verify,163.8178825378418,152.3582935333252,0.0,655.0,34.0,150.80239999999998,150.80239999999998,316.236203271167,163.8178825378418
140,140,8,draft|draft_verify,83.92071723937988,152.89545059204102,0.0,689.0,16.0,71.012,305.3737841253662,236.87618063142088,305.3737841253662
141,141,1,draft|draft_verify,119.3990707397461,31.072616577148438,0.0,101.0,26.0,81.46000000000001,119.3990707397461,150.53170811689455,119.3990707397461
141,141,2,draft|draft_verify,65.89841842651367,29.903888702392578,0.0,127.0,15.0,47.5692,47.5692,95.86231912890625,65.89841842651367
141,141,3,draft|draft_verify,183.84671211242676,47.25241661071777,0.0,142.0,42.0,136.57920000000001,136.57920000000001,231.15916232314453,183.84671211242676
141,141,4,draft|draft_verify,184.1416358947754,51.23639106750488,0.0,184.0,40.0,133.89440000000002,133.89440000000002,235.43805896228028,184.1416358947754
141,141,5,draft|draft_verify,80.99985122680664,64.70847129821777,0.0,224.0,17.0,57.717999999999996,57.717999999999996,145.7683361250244,80.99985122680664
141,141,6,draft|draft_verify,208.28986167907715,61.71774864196777,0.0,241.0,45.0,156.97560000000001,156.97560000000001,270.0676463210449,208.28986167907715
141,141,7,draft|draft_verify,255.86700439453125,77.50916481018066,0.0,286.0,55.0,198.4796,198.4796,333.4362132047119,255.86700439453125
141,141,8,draft|draft_verify,209.48386192321777,94.61355209350586,0.0,341.0,45.0,167.5356,167.5356,304.1574500167236,209.48386192321777
141,141,9,draft|draft_verify,224.8859405517578,126.10983848571777,0.0,386.0,48.0,184.00799999999998,184.00799999999998,351.0558174374756,224.8859405517578
141,141,10,draft|draft_verify,229.22182083129883,126.8310546875,0.0,434.0,46.0,181.376,181.376,356.11291231879886,229.22182083129883
141,141,11,draft|draft_verify,95.32356262207031,126.82390213012695,0.0,480.0,19.0,75.6764,253.77500881762694,222.20747995219727,253.77500881762694
142,142,1,draft|draft_verify,87.02826499938965,31.03351593017578,0.0,107.0,19.0,59.5628,87.02826499938965,118.12179612956542,87.02826499938965
142,142,2,draft|draft_verify|target|target_rescue_verify,254.14586067199707,134.19437408447266,1427.0298480987549,126.0,58.0,187.66400000000002,1427.0298480987549,1815.4301292552245,1427.0298480987549
142,142,3,draft|draft_verify,410.20655632019043,141.9062614440918,0.0,353.0,92.0,351.1816,351.1816,552.1728913642822,410.20655632019043
142,142,4,draft|draft_verify|target|target_rescue_verify,113.71469497680664,250.51188468933105,239.72320556640625,445.0,24.0,94.1064,267.28229658875733,604.0098044325439,267.28229658875733
142,142,5,draft|draft_verify,93.93167495727539,125.78773498535156,0.0,480.0,22.0,87.8864,251.10369493001707,219.77942754262693,251.10369493001707
143,143,1,draft|draft_verify,269.9732780456543,31.049251556396484,0.0,108.0,61.0,195.01399999999998,269.9732780456543,301.0825784020508,269.9732780456543
143,143,2,draft|draft_verify|target|backtracking_verify,764.6579742431641,156.60858154296875,984.9379062652588,169.0,169.0,587.2412,984.9379062652588,1906.2645972513915,984.9379062652588
143,143,3,draft|draft_verify|target|target_rescue_verify,1042.8271293640137,460.0539207458496,1516.8428421020508,670.0,229.0,1086.5084,2190.0304448104125,3019.7840754119143,2146.3491741744265
143,143,4,draft|draft_verify|target|target_rescue_verify,307.05881118774414,252.3059844970703,542.8576469421387,392.0,62.0,239.8672,542.8576469421387,1102.282492226953,542.8576469421387
143,143,5,draft|draft_verify,574.0110874176025,128.2813549041748,0.0,478.0,132.0,549.8736,549.8736,702.3525479217774,574.0110874176025
143,143,6,draft|draft_verify,319.0479278564453,132.54785537719727,0.0,610.0,68.0,298.7152,298.7152,451.6558376336426,319.0479278564453
143,143,7,draft|draft_verify|target|target_rescue_verify,565.3314590454102,310.3599548339844,462.0177745819092,678.0,127.0,588.7195999999999,743.9596790169921,1337.7692900613038,720.5715380624024
143,143,8,draft|draft_verify,371.4938163757324,174.9093532562256,0.0,748.0,78.0,369.2976,369.2976,546.463232031958,371.4938163757324
143,143,9,draft|draft_verify,370.8012104034424,178.15351486206055,0.0,826.0,78.0,383.712,383.712,549.0147876655029,370.8012104034424
143,143,10,draft|draft_verify,373.0180263519287,201.768159866333,0.0,904.0,78.0,398.1264,398.1264,574.8462486182617,373.0180263519287
143,143,11,draft|draft_verify,372.4179267883301,226.88531875610352,0.0,982.0,78.0,412.5408,412.5408,599.3633079444336,372.4179267883301
143,143,12,draft|draft_verify,378.77821922302246,230.07464408874512,0.0,1060.0,78.0,426.9552,426.9552,608.9129257117676,378.77821922302246
143,143,13,draft|draft_verify,373.8899230957031,257.3087215423584,0.0,1138.0,78.0,441.3696,441.3696,631.2587070380615,373.8899230957031
143,143,14,draft|draft_verify,371.48118019104004,260.06531715393066,0.0,1216.0,78.0,455.784,455.784,631.6065597449707,371.48118019104004
143,143,15,draft|draft_verify,373.62051010131836,278.4740924835205,0.0,1294.0,78.0,470.1984,470.1984,652.1546649848389,373.62051010131836
143,143,16,draft|draft_verify,372.9255199432373,307.8904151916504,0.0,1372.0,78.0,484.6128,484.6128,680.8759975348877,372.9255199432373
143,143,17,draft|draft_verify,376.41072273254395,314.10956382751465,0.0,1450.0,78.0,499.0272,499.0272,690.5803489600586,376.41072273254395
143,143,18,draft|draft_verify,374.09281730651855,332.0426940917969,0.0,1528.0,78.0,513.4416,513.4416,706.1955737983154,374.09281730651855
143,143,19,draft|draft_verify,345.888614654541,351.3762950897217,0.0,1606.0,78.0,527.856,527.856,697.3249721442627,345.888614654541
143,143,20,draft|draft_verify,385.15305519104004,363.63816261291504,0.0,1684.0,78.0,542.2704,542.2704,748.8512802039551,385.15305519104004
143,143,21,draft|draft_verify,372.84374237060547,389.48893547058105,0.0,1762.0,78.0,556.6848,556.6848,762.3927402411865,372.84374237060547
143,143,22,draft|draft_verify,383.81505012512207,396.14367485046387,0.0,1840.0,78.0,571.0992,571.0992,780.0187873755859,389.54899787058105
143,143,23,draft|draft_verify,366.2874698638916,406.782865524292,0.0,1918.0,78.0,585.5136,585.5136,773.1303977881836,396.20373725046386
143,143,24,draft|draft_verify,365.401029586792,435.94884872436523,0.0,1996.0,78.0,599.928,1035.9369111243652,801.4099407111572,842.8518390486572
144,144,1,draft|draft_verify|target|backtracking_verify,139.65916633605957,102.9348373413086,217.18597412109375,170.0,31.0,102.326,217.18597412109375,459.8400025984619,217.18597412109375
144,144,2,draft|draft_verify|target|target_rescue_verify,1079.972743988037,276.8516540527344,828.5884857177734,402.0,236.0,970.6,1592.5931721984375,2185.473072558545,1701.9659161864747
144,144,3,draft|draft_verify|target|target_rescue_verify,1746.255874633789,403.6238193511963,656.0502052307129,514.0,386.0,1761.0879999999997,2391.891275928753,2805.990208015698,2377.0591505625425
144,144,4,draft|draft_verify|target|target_rescue_verify,1174.2422580718994,375.65040588378906,1135.6327533721924,614.0,252.0,1169.016,2018.630382698938,2685.585618927881,2023.8566407708374
144,144,5,draft|draft_verify,396.38376235961914,126.13582611083984,0.0,399.0,85.0,332.95640000000003,332.95640000000003,522.579656470459,396.38376235961914
144,144,6,draft|draft_verify,264.5103931427002,143.83912086486816,0.0,484.0,56.0,228.30399999999997,228.30399999999997,408.4095588075684,264.5103931427002
144,144,7,draft|draft_verify,245.03731727600098,15518.418550491333,0.0,540.0,52.0,218.51839999999999,218.51839999999999,15763.515909367334,245.03731727600098
144,144,8,draft|draft_verify,173.44045639038086,146.16823196411133,0.0,592.0,35.0,150.1852,15518.478592091333,319.6687163544922,15518.478592091333
144,144,9,draft|draft_verify,206.69293403625488,133.1949234008789,0.0,627.0,43.0,188.7788,188.7788,339.9478918371338,206.69293403625488
144,144,10,draft|draft_verify,167.0851707458496,153.4571647644043,0.0,670.0,35.0,156.55,156.55,320.6023635102539,167.0851707458496
144,144,11,draft|draft_verify,189.8021697998047,154.3562412261963,0.0,705.0,39.0,178.0044,178.0044,344.218442226001,189.8021697998047
144,144,12,draft|draft_verify,159.7282886505127,154.59513664245605,0.0,744.0,34.0,157.8512,157.8512,314.3834524929688,159.7282886505127
144,144,13,draft|draft_verify|target|backtracking_verify,264.7230625152588,350.2659797668457,368.26419830322266,778.0,57.0,271.9836,447.17663548342284,983.3132861853271,439.9160979986816
144,144,14,draft|draft_verify|target|target_rescue_verify,362.2438907623291,530.2224159240723,315.19150733947754,1668.0,77.0,532.2556,797.426869562036,1207.7178756258788,627.4151603243652
144,144,15,draft|draft_verify,206.18057250976562,178.80821228027344,0.0,872.0,44.0,218.5408,265.11120796203613,385.0488199900391,265.11120796203613
144,144,16,draft|draft_verify,180.54819107055664,192.93689727783203,0.0,916.0,37.0,186.93079999999998,379.927726877832,373.5451179483887,373.5451179483887
145,145,1,draft|draft_verify,777.6587009429932,79.38337326049805,0.0,145.0,172.0,588.4424,777.6587009429932,857.1022118034912,777.6587009429932
145,145,2,draft|draft_verify|target|target_rescue_verify,150.7394313812256,157.393217086792,254.00209426879883,317.0,31.0,112.91,254.00209426879883,562.1947675368165,254.00209426879883
145,145,3,draft|draft_verify,60.37092208862305,78.6583423614502,0.0,349.0,12.0,43.812,78.696608543396,139.08927405007324,78.696608543396
145,145,4,draft|draft_verify,349.92432594299316,126.01423263549805,0.0,361.0,74.0,282.1096,282.1096,475.9986177784912,349.92432594299316
145,145,5,draft|draft_verify,36.39483451843262,125.79894065856934,0.0,435.0,7.0,26.4044,126.07429183549804,162.25378077700196,126.07429183549804
145,145,6,draft|draft_verify,59.39936637878418,126.40547752380371,0.0,442.0,12.0,46.267199999999995,125.85894625856933,185.8648535025879,125.85894625856933
145,145,7,draft|draft_verify,82.47876167297363,128.14807891845703,0.0,454.0,17.0,66.55,126.46548712380371,210.68685419143065,126.46548712380371
145,145,8,draft|draft_verify,98.66213798522949,127.94256210327148,0.0,471.0,21.0,83.382,128.20809251845702,226.66471688850098,128.20809251845702
145,145,9,draft|draft_verify,90.67726135253906,128.23152542114258,0.0,492.0,18.0,72.1008,256.29411872441403,218.96880117368164,256.29411872441403
146,146,1,draft|draft_verify|target|backtracking_verify,161.33975982666016,58.444976806640625,250.95558166503906,105.0,37.0,116.8604,250.95558166503906,470.80034789833985,250.95558166503906
146,146,2,draft|draft_verify|target|target_rescue_verify,981.856107711792,193.62974166870117,589.972972869873,284.0,228.0,871.1904,1311.4593750864624,1765.5190046503662,1422.1250827982544
146,146,3,draft|draft_verify|target|backtracking_verify|target_rescue_verify,1097.566843032837,258.65936279296875,817.5859451293945,372.0,248.0,1005.7888,1608.6364930594239,2173.8723493552,1700.4145360922607
146,146,4,draft|draft_verify|target|target_rescue_verify|backtracking_verify,2204.5719623565674,631.8356990814209,2205.134391784668,867.0,464.0,2552.8887999999997,4549.568514957629,5041.602424422656,4201.251677314197
146,146,5,draft|draft_verify|target|target_rescue_verify,1374.859094619751,748.7759590148926,1213.118314743042,1128.0,276.0,1627.6799999999998,3060.465729807772,3336.8135891776856,2807.644824427523
146,146,6,draft|draft_verify|target|target_rescue_verify,766.169548034668,409.5292091369629,577.9483318328857,886.0,159.0,822.4476,1027.2723317684813,1753.7072162045165,970.9942798031494
146,146,7,draft|draft_verify|target|target_rescue_verify,501.1146068572998,397.7022171020508,508.0432891845703,1061.0,107.0,590.6188,988.3811027020507,1406.920198743921,898.8769095593506
147,147,1,draft|draft_verify,137.52484321594238,30.261993408203125,0.0,115.0,31.0,98.366,137.52484321594238,167.84686142414552,137.52484321594238
147,147,2,draft|draft_verify,736.6995811462402,77.91876792907715,0.0,146.0,167.0,570.7228,570.7228,814.6784826753174,736.6995811462402
147,147,3,draft|draft_verify|target|target_rescue_verify,466.4320945739746,219.87652778625488,1103.4178733825684,313.0,98.0,365.5336,1103.4178733825684,1789.786574142798,1103.4178733825684
147,147,4,draft|draft_verify,402.38404273986816,127.81453132629395,0.0,497.0,88.0,365.5208,365.5208,530.2586444661621,402.38404273986816
147,147,5,draft|draft_verify,96.78387641906738,127.56943702697754,0.0,585.0,20.0,84.53200000000001,255.50405475327148,224.41332944604494,255.50405475327148
148,148,1,draft|draft_verify|target|target_rescue_verify,269.68932151794434,111.09209060668945,605.1356792449951,153.0,62.0,204.8776,605.1356792449951,985.9771409696289,605.1356792449951
148,148,2,draft|draft_verify|target|backtracking_verify,250.59008598327637,126.63578987121582,338.97924423217773,252.0,54.0,190.46880000000002,338.97924423217773,716.2651632866699,338.97924423217773
148,148,3,draft|draft_verify|target|target_rescue_verify,785.5348587036133,290.9853458404541,370.88513374328613,610.0,169.0,765.0524,910.6052081202271,1447.4654734873534,931.0876668238403
148,148,4,draft|draft_verify|target|target_rescue_verify,1316.5528774261475,267.2119140625,346.41408920288086,385.0,283.0,1168.5452,1302.21138343125,1930.2391070915282,1450.2190608573974
148,148,5,draft|draft_verify|target|target_rescue_verify,1542.431116104126,295.33934593200684,334.23542976379395,436.0,330.0,1421.6496,1569.3795369660033,2172.0661557999265,1690.1610530701294
148,148,6,draft|draft_verify|target|target_rescue_verify,407.27710723876953,253.85522842407227,118.25037002563477,485.0,87.0,358.77239999999995,485.7600838120361,779.4427752884766,534.2647910508057
148,148,7,draft|draft_verify,152.9836654663086,143.04208755493164,0.0,497.0,32.0,130.0072,130.0072,296.08577862124025,152.9836654663086
148,148,8,draft|draft_verify|target|target_rescue_verify,281.6507816314697,259.17792320251465,696.5858936309814,529.0,61.0,255.63799999999998,696.5858936309814,1237.4746472649658,696.5858936309814
148,148,9,draft|draft_verify,720.4158306121826,157.58371353149414,0.0,641.0,150.0,686.5416,686.5416,878.0596641436767,720.4158306121826
148,148,10,draft|draft_verify,678.5354614257812,200.67906379699707,0.0,791.0,154.0,760.7095999999999,760.7095999999999,879.2746484227783,678.5354614257812
148,148,11,draft|draft_verify,520.7114219665527,225.73614120483398,0.0,945.0,117.0,615.1644,615.1644,746.5076567713867,520.7114219665527
148,148,12,draft|draft_verify,136.4309787750244,228.81197929382324,0.0,1062.0,31.0,166.55,454.66823889865725,365.30298286884766,454.66823889865725
149,149,1,draft|draft_verify,184.36765670776367,30.872583389282227,0.0,88.0,41.0,128.086,184.36765670776367,215.3002728970459,184.36765670776367
149,149,3,draft|draft_verify|target|target_rescue_verify,282.09424018859863,122.4360466003418,243.1020736694336,182.0,60.0,202.2192,263.4972713001709,647.6924084583741,343.3723114887695
149,149,4,draft|draft_verify|target|target_rescue_verify,388.338565826416,155.74026107788086,771.3439464569092,211.0,85.0,295.0556,771.3439464569092,1315.482841361206,771.3439464569092
149,149,5,draft|draft_verify,151.97300910949707,102.70929336547852,0.0,340.0,32.0,118.3264,118.3264,254.74232807497557,151.97300910949707
149,149,6,draft|draft_verify,120.24712562561035,92.21005439758301,0.0,372.0,24.0,90.07679999999999,195.03939256306154,212.51719922319336,212.51719922319336
150,150,1,draft|draft_verify,154.8621654510498,29.60801124572754,0.0,101.0,34.0,106.9256,154.8621654510498,184.53020389677735,154.8621654510498
150,150,2,draft|draft_verify,246.94371223449707,49.85213279724121,0.0,135.0,55.0,178.91,178.91,296.8558890317383,246.94371223449707
150,150,3,draft|draft_verify,296.6434955596924,60.0283145904541,0.0,190.0,66.0,224.20800000000003,224.20800000000003,356.7318629501465,296.6434955596924
150,150,4,draft|draft_verify,126.8606185913086,59.07177925109863,0.0,256.0,27.0,94.30680000000001,94.30680000000001,185.99241944240723,126.8606185913086
150,150,5,draft|draft_verify,76.46703720092773,59.369564056396484,0.0,283.0,15.0,52.8108,118.56137690749512,135.89661325732422,135.89661325732422
151,151,1,draft|draft_verify|target|backtracking_verify,300.0168800354004,93.68753433227539,429.1238784790039,121.0,66.0,213.44400000000002,429.1238784790039,822.8883456466797,429.1238784790039
151,151,3,draft|draft_verify|target|target_rescue_verify,279.6974182128906,156.32319450378418,482.3412895202637,243.0,66.0,232.476,482.3412895202637,918.4219550369385,482.3412895202637
151,151,4,draft|draft_verify|target|backtracking_verify,273.2841968536377,195.03450393676758,410.2909564971924,309.0,64.0,235.23919999999998,410.2909564971924,878.6697084875976,410.2909564971924
151,151,5,draft|draft_verify|target|backtracking_verify,734.1816425323486,375.6563663482666,492.9623603820801,746.0,158.0,764.3199999999999,952.2083095741332,1602.8604956626953,922.0699521064819
151,151,6,draft|draft_verify|target|backtracking_verify,648.1328010559082,631.5493583679199,634.4919204711914,1356.0,141.0,883.9739999999999,1706.5195597299316,1914.2341926950194,1470.6783607858397
151,151,7,draft|draft_verify|target|target_rescue_verify,2158.8735580444336,1283.6899757385254,2873.680830001831,2495.0,465.0,4371.893999999999,7826.220014166137,6316.30473578479,5613.199572210571
151,151,8,draft|draft_verify,223.30021858215332,130.8615207672119,0.0,591.0,47.0,202.7308,202.7308,354.2217769493652,223.30021858215332
151,151,9,draft|draft_verify,330.51085472106934,151.84950828552246,0.0,638.0,70.0,312.3488,312.3488,482.42041900659177,330.51085472106934
151,151,10,draft|draft_verify,312.2422695159912,154.59275245666504,0.0,708.0,66.0,305.016,305.016,466.89507477265624,312.2422695159912
151,151,11,draft|draft_verify,315.89674949645996,173.76446723937988,0.0,774.0,67.0,320.198,320.198,489.72127033583985,315.89674949645996
151,151,12,draft|draft_verify,306.49733543395996,177.87623405456543,0.0,841.0,65.0,320.7196,320.7196,484.4336214885254,306.49733543395996
151,151,13,draft|draft_verify|target|target_rescue_verify,469.74635124206543,411.3800525665283,629.1022300720215,906.0,100.0,514.1456,719.8957062832641,1510.2887138806152,675.4964575253296
151,151,14,draft|draft_verify,228.10602188110352,225.0998020172119,0.0,1005.0,48.0,253.83119999999997,253.83119999999997,453.2658622983154,228.10602188110352
151,151,15,draft|draft_verify,313.16184997558594,229.1407585144043,0.0,1053.0,67.0,364.39160000000004,364.39160000000004,542.3626620899902,313.16184997558594
151,151,16,draft|draft_verify,311.29956245422363,255.0203800201416,0.0,1120.0,67.0,375.00440000000003,375.00440000000003,566.3799960743652,311.29956245422363
151,151,17,draft|draft_verify|target|target_rescue_verify,436.87891960144043,518.2540416717529,593.4679508209229,1187.0,94.0,545.2088,804.3958960358765,1548.6609872941162,696.0660156373169
151,151,18,draft|draft_verify,224.66516494750977,278.2704830169678,0.0,1280.0,48.0,284.85119999999995,284.85119999999995,502.99568636447754,259.12702083587646
151,151,19,draft|draft_verify,439.9523735046387,281.31628036499023,0.0,1328.0,93.0,570.3996,570.3996,721.328728269629,439.9523735046387
151,151,20,draft|draft_verify,230.10921478271484,309.91554260253906,0.0,1421.0,48.0,300.756,300.756,540.0847957852538,281.37635476499025
151,151,21,draft|draft_verify,382.9355239868164,314.6708011627197,0.0,1469.0,81.0,522.294,522.294,697.6663899495361,382.9355239868164
151,151,22,draft|draft_verify,381.0305595397949,333.7113857269287,0.0,1550.0,79.0,524.2844,524.2844,714.8020084667237,381.0305595397949
151,151,23,draft|draft_verify,300.9648323059082,351.4723777770996,0.0,1629.0,75.0,511.2204,511.2204,652.4972700830078,333.7714489269287
151,151,24,draft|draft_verify,204.03766632080078,353.72042655944824,0.0,1704.0,48.0,332.67839999999995,351.53243777709963,557.818131280249,351.53243777709963
151,151,25,draft|draft_verify,487.84494400024414,390.66362380981445,0.0,1752.0,107.0,766.4091999999999,766.4091999999999,878.5686534100586,487.84494400024414
151,151,26,draft|draft_verify,307.7878952026367,395.3216075897217,0.0,1859.0,57.0,417.27,417.27,703.1695483923584,390.72370940981443
151,151,27,draft|draft_verify,375.91075897216797,406.7046642303467,0.0,1916.0,81.0,608.1179999999999,608.1179999999999,782.6754880025146,395.3816531897217
151,151,28,draft|draft_verify,355.3166389465332,422.2605228424072,0.0,1997.0,67.0,513.9212,936.2417764424072,777.6372153889404,829.0853054727539
152,152,1,draft|draft_verify,376.1627674102783,51.48601531982422,0.0,137.0,81.0,266.55,376.1627674102783,427.70884753010256,376.1627674102783
152,152,2,draft|draft_verify,336.08078956604004,61.27762794494629,0.0,218.0,71.0,246.358,246.358,397.4184743109863,336.08078956604004
152,152,3,draft|draft_verify|target|backtracking_verify,340.14201164245605,206.4800262451172,1110.9507083892822,289.0,71.0,258.286,1110.9507083892822,1657.6328030768555,1110.9507083892822
152,152,4,draft|draft_verify|target|target_rescue_verify,1493.4718608856201,579.2639255523682,2359.4374656677246,829.0,308.0,1608.2343999999998,3222.461323398138,4432.233498505713,3107.698784283759
152,152,5,draft|draft_verify|target|target_rescue_verify,1281.5916538238525,603.4860610961914,3678.046703338623,1226.0,218.0,1320.9279999999999,3678.046703338623,5563.184592658667,3678.046703338623
152,152,6,draft|draft_verify,281.4526557922363,129.4543743133545,0.0,551.0,69.0,293.5836,301.7430305480957,410.96708530559084,301.7430305480957
152,152,7,draft|draft_verify|target|backtracking_verify,272.9606628417969,5024.053573608398,393.66888999938965,620.0,61.0,268.74199999999996,2780.8288356041994,5690.743175249585,2785.047498445996
152,152,8,draft|draft_verify|target|backtracking_verify,494.0752983093262,473.9186763763428,463.86146545410156,1362.0,106.0,660.8,2749.0462097923705,1431.9155249397704,2749.0462097923705
152,152,9,draft|draft_verify|target|backtracking_verify,633.3091259002686,775.4859924316406,712.5527858734131,2202.0,135.0,1117.3212,2094.046494882019,2121.4080122053224,1610.0344207822877
152,152,10,draft|draft_verify|target|target_rescue_verify,1356.0457229614258,1753.3936500549316,2291.7842864990234,3895.0,295.0,3699.0379999999996,7110.579950248657,5401.283895515381,4767.587673210083
152,152,11,draft|draft_verify,621.1142539978027,201.07793807983398,0.0,841.0,134.0,674.4136000000001,674.4136000000001,822.2522992776367,621.1142539978027
152,152,12,draft|draft_verify|target|target_rescue_verify,256.5159797668457,427.6301860809326,552.8571605682373,975.0,55.0,287.774,552.8571605682373,1237.0633704160157,552.8571605682373
152,152,13,draft|draft_verify|target|target_rescue_verify,161.17429733276367,459.03563499450684,191.89977645874023,1063.0,33.0,177.6156,672.9107544349731,812.1697351860107,672.9107544349731
153,153,1,draft|draft_verify|target|backtracking_verify,75.06251335144043,170.88603973388672,286.12422943115234,340.0,15.0,54.726000000000006,286.12422943115234,532.1327945164795,286.12422943115234
153,153,2,draft|draft_verify|target|backtracking_verify,321.47693634033203,373.3854293823242,348.56224060058594,738.0,68.0,319.2976,773.6778467370361,1043.484660723242,775.8571830773682
153,153,4,draft|draft_verify|target|target_rescue_verify,497.75171279907227,770.2336311340332,12372.624397277832,961.0,107.0,565.1787999999999,12372.624397277832,13640.669826810938,12372.624397277832
153,153,5,draft|draft_verify,428.5013675689697,128.5715103149414,0.0,505.0,91.0,380.078,385.1168155670166,557.1329506839111,428.5013675689697
153,153,6,draft|draft_verify,21.182775497436523,127.7015209197998,0.0,596.0,4.0,15.7856,128.6315831149414,148.94429961723634,128.6315831149414
153,153,7,draft|draft_verify|target|backtracking_verify,424.576997756958,309.52978134155273,590.0740623474121,600.0,91.0,400.59799999999996,590.0740623474121,1324.2409142459228,590.0740623474121
153,153,8,draft|draft_verify|target|target_rescue_verify,54.662227630615234,303.5869598388672,125.98967552185059,691.0,11.0,48.286,306.61837939020995,484.298871791333,306.61837939020995
153,153,9,draft|draft_verify|target|backtracking_verify,141.01099967956543,306.90836906433105,448.84252548217773,702.0,29.0,131.3788,448.84252548217773,896.8219174260742,448.84252548217773
153,153,10,draft|draft_verify|target|target_rescue_verify,129.20546531677246,460.5903625488281,126.17111206054688,1504.0,26.0,165.64,395.995202074414,716.0269607261474,383.80938660657955
153,153,11,draft|draft_verify,56.24961853027344,154.44231033325195,0.0,785.0,11.0,50.542,230.29518127441406,210.75193766352538,230.29518127441406
153,153,12,draft|draft_verify|target|target_rescue_verify,72.90410995483398,348.1621742248535,232.2995662689209,796.0,15.0,70.0476,328.64341824567873,653.4258624486084,328.64341824567873
153,153,13,draft|draft_verify,69.16403770446777,174.64160919189453,0.0,828.0,14.0,66.232,174.08108711242676,243.86565809636232,174.08108711242676
153,153,14,draft|draft_verify,207.07178115844727,175.81558227539062,0.0,842.0,44.0,215.4448,215.4448,382.9473986338379,207.07178115844727
153,153,15,draft|draft_verify,78.13525199890137,177.43563652038574,0.0,886.0,16.0,78.104,175.8756174753906,255.6309013192871,175.8756174753906
153,153,16,draft|draft_verify,200.2887725830078,201.21097564697266,0.0,902.0,42.0,211.3632,211.3632,401.55978182998047,200.2887725830078
153,153,17,draft|draft_verify|target|target_rescue_verify,155.09486198425293,402.7395248413086,275.58135986328125,944.0,32.0,163.264,402.70079726762697,833.4757722888428,402.70079726762697
153,153,18,draft|draft_verify,171.59318923950195,202.8961181640625,0.0,982.0,35.0,182.0092,201.3697624206543,374.54933540356444,201.3697624206543
153,153,19,draft|draft_verify,174.4523048400879,225.7235050201416,0.0,1017.0,36.0,190.26,428.7396799842041,400.2358386602295,428.7396799842041
154,154,1,draft|draft_verify|target|target_rescue_verify,272.98998832702637,110.96930503845215,338.87457847595215,178.0,63.0,211.9836,338.87457847595215,722.8939222414307,338.87457847595215
154,154,2,draft|draft_verify|target|backtracking_verify,66.16353988647461,125.10108947753906,468.1117534637451,225.0,14.0,47.4184,468.1117534637451,659.4363940277588,468.1117534637451
154,154,3,draft|draft_verify|target|target_rescue_verify,251.24001502990723,150.526762008667,469.41471099853516,239.0,55.0,192.3884,469.41471099853516,871.2415320371094,469.41471099853516
154,154,4,draft|draft_verify,462.06068992614746,106.01973533630371,0.0,312.0,99.0,369.1548,369.1548,568.1405044624512,462.06068992614746
154,154,5,draft|draft_verify,408.79297256469727,127.8238296508789,0.0,411.0,86.0,339.43600000000004,339.43600000000004,536.6768710155761,408.79297256469727
154,154,6,draft|draft_verify|target|target_rescue_verify,401.0295867919922,258.314847946167,721.5797901153564,497.0,86.0,356.98,721.5797901153564,1380.9842936535156,721.5797901153564
154,154,7,draft|draft_verify,404.4942855834961,153.18608283996582,0.0,596.0,87.0,381.6828,381.6828,557.7404380234619,404.4942855834961
154,154,8,draft|draft_verify|target|target_rescue_verify,438.8155937194824,310.2102279663086,468.18065643310547,683.0,94.0,432.716,587.8811891831543,1217.2665533188965,593.9807829026367
154,154,9,draft|draft_verify,249.7086524963379,174.40295219421387,0.0,757.0,53.0,249.8908,249.8908,424.17164709055174,249.7086524963379
154,154,10,draft|draft_verify|target|target_rescue_verify,392.0478820800781,381.8662166595459,792.9873466491699,810.0,84.0,410.7984,792.9873466491699,1566.961512588794,792.9873466491699
154,154,11,draft|draft_verify,303.27486991882324,203.68719100952148,0.0,933.0,64.0,329.58799999999997,329.58799999999997,507.0221121283447,303.27486991882324
154,154,12,draft|draft_verify,109.52115058898926,202.20279693603516,0.0,997.0,22.0,113.94319999999999,203.7472422095215,311.7839651250244,203.7472422095215
154,154,13,draft|draft_verify,187.6237392425537,204.38718795776367,0.0,1019.0,29.0,152.6812,202.26281453603517,392.0709504003174,202.26281453603517
154,154,14,draft|draft_verify,139.07313346862793,221.31967544555664,0.0,1048.0,20.0,105.6448,425.82690260332026,360.4528249141846,425.82690260332026
155,155,1,draft|draft_verify|target|backtracking_verify,492.66839027404785,81.4213752746582,713.167667388916,78.0,109.0,347.174,713.167667388916,1287.317520137622,713.167667388916
155,155,2,draft|draft_verify|target|target_rescue_verify|backtracking_verify,1231.8942546844482,325.13904571533203,1810.5590343475342,365.0,234.0,941.1143999999999,2090.3083886602662,3367.652521947314,2381.088243344714
155,155,5,draft|draft_verify|target|target_rescue_verify,573.8816261291504,256.0384273529053,839.1964435577393,445.0,122.0,497.0824,839.1964435577393,1669.176594639795,839.1964435577393
155,155,6,draft|draft_verify,569.6642398834229,152.66847610473633,0.0,567.0,122.0,532.5111999999999,532.5111999999999,722.3928135881591,569.6642398834229
155,155,7,draft|draft_verify|target|target_rescue_verify,376.0337829589844,328.54437828063965,782.1543216705322,689.0,84.0,386.6952,782.1543216705322,1486.7925501101563,782.1543216705322
155,155,8,draft|draft_verify|target|target_rescue_verify,297.1670627593994,383.7406635284424,846.0328578948975,814.0,67.0,326.534,846.0328578948975,1527.0006377827392,846.0328578948975
155,155,9,draft|draft_verify,700.5496025085449,234.30204391479492,0.0,939.0,125.0,656.7964,656.7964,934.9117464233399,700.5496025085449
155,155,10,draft|draft_verify|target|target_rescue_verify,586.6572856903076,516.7942047119141,802.8955459594727,1064.0,125.0,693.9964,952.453602355957,1906.4071363616945,845.1144880462646
155,155,11,draft|draft_verify|target|target_rescue_verify,599.54833984375,505.0172805786133,762.9985809326172,1189.0,125.0,731.1964,983.7651402893067,1867.6243013549806,852.1170801330567
155,155,12,draft|draft_verify,558.0754280090332,281.693696975708,0.0,1314.0,125.0,768.3964,768.3964,839.8292249847412,558.0754280090332
155,155,13,draft|draft_verify,607.1724891662598,331.43115043640137,0.0,1439.0,131.0,845.374,845.374,938.6637444026611,607.1724891662598
155,155,14,draft|draft_verify,650.763750076294,352.8594970703125,0.0,1570.0,131.0,886.2460000000001,886.2460000000001,1003.6833519466064,650.763750076294
155,155,15,draft|draft_verify,621.8976974487305,388.8876438140869,0.0,1701.0,131.0,927.118,927.118,1010.8454460628174,621.8976974487305
155,155,16,draft|draft_verify,623.2967376708984,405.15613555908203,0.0,1832.0,131.0,967.99,967.99,1028.5129780299803,623.2967376708984
155,155,17,draft|draft_verify|target|target_rescue_verify,613.8389110565186,848.5033512115479,850.1453399658203,1963.0,131.0,1008.8620000000001,1857.4254560115478,2312.5477070338866,1462.4023670680663
156,156,1,draft|draft_verify,192.20733642578125,32.81974792480469,0.0,111.0,43.0,136.76600000000002,192.20733642578125,225.08711875058594,192.20733642578125
156,156,2,draft|draft_verify,235.95809936523438,51.96976661682129,0.0,154.0,54.0,178.00320000000002,178.00320000000002,287.98790918205566,235.95809936523438
156,156,3,draft|draft_verify|target|target_rescue_verify,163.1932258605957,131.43229484558105,403.9807319641113,208.0,37.0,125.75959999999999,403.9807319641113,698.6662822702881,403.9807319641113
156,156,4,draft|draft_verify|target|backtracking_verify,334.2325687408447,182.59811401367188,426.06186866760254,268.0,71.0,254.758,426.06186866760254,942.9526082221191,426.06186866760254
156,156,5,draft|draft_verify|target|target_rescue_verify,336.3604545593262,244.1418170928955,655.3444862365723,339.0,74.0,278.2552,655.3444862365723,1235.906817088794,655.3444862365723
156,156,6,draft|draft_verify,404.3447971343994,134.49859619140625,0.0,443.0,64.0,255.5,255.5,538.9034445258056,404.3447971343994
156,156,7,draft|draft_verify,397.45211601257324,130.7976245880127,0.0,507.0,73.0,303.4268,303.4268,528.3097990005859,397.45211601257324
156,156,8,draft|draft_verify,141.82400703430176,133.469820022583,0.0,580.0,25.0,105.878,264.3875230105957,275.3538470568848,275.3538470568848
157,157,1,draft|draft_verify,125.1535415649414,31.42404556274414,0.0,93.0,29.0,90.45400000000001,125.1535415649414,156.63761032768554,125.1535415649414
157,157,2,draft|draft_verify,218.42718124389648,32.03582763671875,0.0,122.0,49.0,157.5068,157.5068,250.52304808061524,218.42718124389648
157,157,3,draft|draft_verify|target|target_rescue_verify,614.7046089172363,129.33921813964844,455.1355838775635,171.0,121.0,413.942,478.6717058698242,1199.2395077344481,679.4343147870605
157,157,4,draft|draft_verify|target|target_rescue_verify,1479.1016578674316,293.2400703430176,2238.809823989868,237.0,322.0,1230.7592,2238.809823989868,4011.2118098003175,2238.809823989868
157,157,5,draft|draft_verify|target|target_rescue_verify,397.5393772125244,286.5297794342041,296.37813568115234,615.0,83.0,367.4092,510.7341561171021,980.5073587278808,540.8643333296264
157,157,6,draft|draft_verify|target|backtracking_verify,55.59420585632324,266.07370376586914,139.0366554260254,658.0,8.0,34.0816,276.36174800003664,460.7645714482178,276.36174800003664
157,157,7,draft|draft_verify|target|target_rescue_verify,313.1272792816162,312.8328323364258,355.2238941192627,666.0,49.0,220.17559999999997,376.65205536821287,981.2440449373047,469.6037346498291
157,157,8,draft|draft_verify,237.22076416015625,155.92646598815918,0.0,721.0,36.0,165.39600000000002,321.3824947881592,393.2072589483154,393.2072589483154
158,158,1,draft|draft_verify|target|target_rescue_verify,655.6589603424072,53.63273620605469,199.56016540527344,70.0,108.0,341.80320000000006,682.5354148454346,908.9119483537354,682.5354148454346
158,158,2,draft|draft_verify|target|backtracking_verify,450.8209228515625,88.39964866638184,738.1737232208252,98.0,75.0,239.3148,738.1737232208252,1277.4543547387696,738.1737232208252
158,158,3,draft|draft_verify|target|target_rescue_verify,746.4025020599365,136.94524765014648,521.5771198272705,173.0,123.0,421.6716,521.5771198272705,1404.9849679373535,814.9352242850098
158,158,4,draft|draft_verify|target|target_rescue_verify,429.6576976776123,176.4087677001953,595.5379009246826,255.0,68.0,241.63119999999998,595.5379009246826,1201.6644207024901,595.5379009246826
158,158,5,draft|draft_verify|target|backtracking_verify,111.8154525756836,196.7175006866455,199.0182399749756,347.0,23.0,84.9388,199.0182399749756,507.6112116373047,210.23422131900634
158,158,6,draft|draft_verify|target|target_rescue_verify,2118.2754039764404,504.45032119750977,771.5854644775391,745.0,459.0,2388.5004,3152.691240336902,3394.3715568514895,2882.4662443133425
158,158,7,draft|draft_verify|target|target_rescue_verify,415.0195121765137,507.0669651031494,606.6346168518066,861.0,87.0,436.37879999999996,1120.0564018532655,1528.7811637314699,1098.6971140297792
158,158,8,draft|draft_verify|target|target_rescue_verify,116.96386337280273,255.39255142211914,198.2417106628418,477.0,25.0,99.9452,254.52303698684693,570.6581454577637,254.52303698684693
158,158,9,draft|draft_verify,69.24962997436523,128.01170349121094,0.0,503.0,13.0,51.9836,255.76798960227052,197.32134386557618,255.76798960227052
159,159,1,draft|draft_verify|target|backtracking_verify,200.55437088012695,65.02962112426758,365.0064468383789,101.0,45.0,142.1916,365.0064468383789,630.6504748427734,365.0064468383789
159,159,2,draft|draft_verify|target|backtracking_verify|target_rescue_verify,539.7117137908936,221.7268943786621,940.2449131011963,304.0,120.0,448.3584,1084.8361233345947,1701.743617270752,1176.1894371254884
159,159,4,draft|draft_verify|target|target_rescue_verify,1310.5754852294922,443.9544677734375,2742.6836490631104,532.0,276.0,1234.32,2964.660882949829,4497.27382286604,3014.9433813911255
159,159,5,draft|draft_verify,385.5113983154297,96.36902809143066,0.0,351.0,74.0,280.3576,280.3576,481.94048560686036,385.5113983154297
159,159,6,draft|draft_verify,349.06601905822754,134.0944766998291,0.0,425.0,74.0,293.3224,293.3224,483.22055495805665,349.06601905822754
159,159,7,draft|draft_verify,360.00537872314453,133.39591026306152,0.0,499.0,74.0,306.2872,306.2872,493.46134818620607,360.00537872314453
159,159,8,draft|draft_verify,128.29136848449707,129.5166015625,0.0,573.0,26.0,109.78,133.45596946306154,257.86799084699703,133.45596946306154
159,159,9,draft|draft_verify|target|target_rescue_verify,90.34132957458496,265.60473442077637,232.8946590423584,599.0,17.0,72.118,262.4390031728882,588.9007366377198,262.4390031728882
159,159,10,draft|draft_verify,121.97542190551758,132.7662467956543,0.0,628.0,23.0,99.7756,265.62863240604247,254.80168710117186,265.62863240604247
160,160,1,draft|draft_verify|target|backtracking_verify,255.15127182006836,63.87138366699219,457.7064514160156,105.0,57.0,181.5324,457.7064514160156,776.7891525030761,457.7064514160156
160,160,2,draft|draft_verify|target|backtracking_verify,582.9532146453857,247.07388877868652,1391.8452262878418,340.0,132.0,506.4864,1515.382170677185,2221.932435311914,1515.382170677185
160,160,4,draft|draft_verify|target|target_rescue_verify,1334.364652633667,773.6210823059082,2432.8978061676025,1178.0,284.0,1711.6239999999998,4213.276028843371,4540.943768307177,3836.0166814770387
160,160,5,draft|draft_verify,711.2138271331787,133.13722610473633,0.0,464.0,153.0,636.2844,636.2844,844.411175637915,711.2138271331787
160,160,6,draft|draft_verify|target|target_rescue_verify,173.5217571258545,286.2575054168701,584.7499370574951,617.0,35.0,152.2252,584.7499370574951,1044.5892276002196,584.7499370574951
160,160,7,draft|draft_verify|target|target_rescue_verify,221.53115272521973,310.7471466064453,407.8559875488281,707.0,45.0,206.1852,407.8559875488281,940.1943228804931,407.8559875488281
160,160,8,draft|draft_verify|target|backtracking_verify,116.46556854248047,313.2326602935791,211.50875091552734,771.0,24.0,112.10159999999999,312.0499226500122,641.2669989515869,312.0499226500122
160,160,9,draft|draft_verify|target|target_rescue_verify,65.91796875,470.0777530670166,93.86205673217773,1594.0,10.0,63.2384,626.7540912138062,629.9177865491944,626.7540912138062
161,161,1,draft|draft_verify|target|backtracking_verify,332.02219009399414,69.37575340270996,258.94665718078613,84.0,74.0,233.5792,366.77012599534913,660.4046598774903,366.77012599534913
161,161,2,draft|draft_verify|target|target_rescue_verify|backtracking_verify,628.706693649292,199.68819618225098,1265.8469676971436,281.0,130.0,480.2216,1365.691065788269,2094.3019615286867,1411.4564286345521
161,161,3,draft|draft_verify|target|backtracking_verify|target_rescue_verify,1303.1730651855469,401.40795707702637,1538.740634918213,662.0,284.0,1361.1568,2451.713710320728,3243.3818843807862,2393.7299755062745
161,161,4,draft|draft_verify|target|target_rescue_verify|backtracking_verify,1403.5298824310303,864.8536205291748,2298.8598346710205,1333.0,294.0,1884.516,4365.4680291662935,4567.303572831226,3884.4819115973237
161,161,5,draft|draft_verify|target|target_rescue_verify|backtracking_verify,1974.8222827911377,827.0664215087891,3848.4668731689453,1188.0,416.0,2584.3360000000002,5839.262932836621,6650.415910268872,5229.7492156277585
161,161,6,draft|draft_verify|target|target_rescue_verify,1652.9159545898438,998.2471466064453,1814.8529529571533,2402.0,355.0,3210.3931999999995,5418.6025992445475,4466.0763381534425,3861.1253538343913
162,162,1,draft|draft_verify,491.5597438812256,52.52695083618164,0.0,114.0,108.0,353.10240000000005,491.5597438812256,544.1467811174073,491.5597438812256
162,162,2,draft|draft_verify,204.10609245300293,61.72466278076172,0.0,222.0,46.0,158.48000000000002,158.48000000000002,265.8907920337647,204.10609245300293
162,162,3,draft|draft_verify,263.6566162109375,80.75094223022461,0.0,268.0,56.0,199.792,199.792,344.4676032411621,263.6566162109375
162,162,4,draft|draft_verify,238.1889820098877,93.38903427124023,0.0,324.0,50.0,184.5424,184.5424,331.6380562811279,238.1889820098877
162,162,5,draft|draft_verify,150.62737464904785,116.18375778198242,0.0,374.0,32.0,120.856,120.856,266.8711580310303,150.62737464904785
162,162,6,draft|draft_verify,301.4662265777588,126.78837776184082,0.0,406.0,64.0,249.9056,249.9056,428.3146555395996,301.4662265777588
162,162,7,draft|draft_verify,437.18743324279785,148.637056350708,0.0,470.0,94.0,385.1744,385.1744,585.8845647935059,437.18743324279785
162,162,8,draft|draft_verify,299.4344234466553,131.65712356567383,0.0,564.0,65.0,278.17240000000004,278.17240000000004,431.1515990123291,299.4344234466553
162,162,9,draft|draft_verify,207.06462860107422,134.40299034118652,0.0,629.0,43.0,188.9804,188.9804,341.52765334226075,207.06462860107422
162,162,10,draft|draft_verify,206.90083503723145,164.63422775268555,0.0,672.0,42.0,188.7312,188.7312,371.595096389917,206.90083503723145
162,162,11,draft|draft_verify,247.77865409851074,163.15293312072754,0.0,714.0,52.0,239.816,239.816,410.99162881923826,247.77865409851074
162,162,12,draft|draft_verify,453.3085823059082,175.3849983215332,0.0,766.0,91.0,436.45399999999995,436.45399999999995,628.7536534274413,453.3085823059082
162,162,13,draft|draft_verify,384.20772552490234,206.1922550201416,0.0,857.0,70.0,348.6152,348.6152,590.460036545044,384.20772552490234
162,162,14,draft|draft_verify,425.81892013549805,202.60143280029297,0.0,927.0,70.0,360.2072,360.2072,628.480408935791,425.81892013549805
162,162,15,draft|draft_verify,353.31249237060547,231.38856887817383,0.0,997.0,70.0,371.79920000000004,371.79920000000004,584.7611172487793,353.31249237060547
162,162,16,draft|draft_verify,334.09976959228516,243.95084381103516,0.0,1067.0,70.0,383.3912,383.3912,578.1106694033203,334.09976959228516
162,162,17,draft|draft_verify,382.2364807128906,257.8926086425781,0.0,1137.0,70.0,394.9832,394.9832,640.1891453554688,382.2364807128906
162,162,18,draft|draft_verify,326.7223834991455,261.32750511169434,0.0,1207.0,70.0,406.5752,406.5752,588.1099446108399,326.7223834991455
162,162,19,draft|draft_verify,335.77895164489746,288.8038158416748,0.0,1277.0,70.0,418.1672,418.1672,624.6428234865723,335.77895164489746
162,162,20,draft|draft_verify,325.63328742980957,284.8830223083496,0.0,1347.0,70.0,429.75919999999996,429.75919999999996,610.5763657381592,325.63328742980957
162,162,21,draft|draft_verify,365.68760871887207,315.6716823577881,0.0,1417.0,70.0,441.3512,441.3512,681.4193470766602,365.68760871887207
162,162,22,draft|draft_verify,395.3874111175537,332.61895179748535,0.0,1487.0,70.0,452.9432,452.9432,728.0664189150391,395.3874111175537
162,162,23,draft|draft_verify,447.2355842590332,338.0110263824463,0.0,1557.0,70.0,464.53520000000003,464.53520000000003,785.3066666414795,447.2355842590332
162,162,24,draft|draft_verify,333.0731391906738,355.18789291381836,0.0,1627.0,70.0,476.1272,476.1272,688.3210881044922,338.07108238244626
162,162,25,draft|draft_verify,336.61532402038574,373.6999034881592,0.0,1697.0,70.0,487.7192,487.7192,710.375283508545,355.24794891381833
162,162,26,draft|draft_verify,361.8009090423584,392.06695556640625,0.0,1767.0,70.0,499.3112,499.3112,753.9279206087647,373.75995948815915
162,162,27,draft|draft_verify,358.87861251831055,397.4027633666992,0.0,1837.0,70.0,510.90319999999997,510.90319999999997,756.3414318850098,392.1270115664062
162,162,28,draft|draft_verify,343.62149238586426,413.01870346069336,0.0,1907.0,70.0,522.4952,522.4952,756.7002518465576,397.4628193666992
162,162,29,draft|draft_verify,335.61182022094727,437.9689693450928,0.0,1977.0,70.0,534.0872,534.0872,773.6408455660401,413.07875946069333
162,162,30,draft|draft_verify,354.1116714477539,430.52220344543457,0.0,2047.0,70.0,545.6792,976.2614594454346,784.6939308931885,868.6112847905273
163,163,1,draft|draft_verify|target|backtracking_verify,447.63970375061035,116.01686477661133,601.3765335083008,132.0,96.0,316.56,601.3765335083008,1165.0931788355224,601.3765335083008
163,163,2,draft|draft_verify|target|target_rescue_verify,1084.8948955535889,357.374906539917,1046.6492176055908,457.0,234.0,992.5608,1783.976775907733,2488.9792068990964,1876.310871461322
163,163,3,draft|draft_verify|target|target_rescue_verify,544.6701049804688,209.56182479858398,588.0875587463379,279.0,115.0,422.1164,588.0875587463379,1342.3795805253908,649.5111093797607
163,163,4,draft|draft_verify|target|target_rescue_verify,716.4435386657715,273.2408046722412,700.1125812530518,375.0,158.0,624.5272,761.2077287361205,1689.8570509910644,853.124067401892
163,163,5,draft|draft_verify,95.19457817077637,129.30011749267578,0.0,487.0,18.0,71.8968,265.9805342287964,224.55471006345215,265.9805342287964
164,164,1,draft|draft_verify|target|backtracking_verify,393.5084342956543,83.49132537841797,200.05393028259277,115.0,87.0,282.4044,435.3141665848633,677.1137595566651,435.3141665848633
164,164,2,draft|draft_verify|target|target_rescue_verify|backtracking_verify,997.7221488952637,282.5312614440918,1304.4133186340332,340.0,220.0,867.92,1732.0852814000855,2584.7269049733886,1861.887430295349
164,164,4,draft|draft_verify|target|target_rescue_verify,810.1580142974854,282.7472686767578,831.7000865936279,318.0,131.0,495.622,831.7000865936279,1924.665474367871,951.5917534358642
164,164,5,draft|draft_verify,697.437047958374,132.9519748687744,0.0,445.0,154.0,633.6584,633.6584,830.4491460271485,697.437047958374
164,164,6,draft|draft_verify,642.1787738800049,165.92144966125488,0.0,599.0,138.0,615.6984,615.6984,808.1603339412598,642.1787738800049
164,164,8,draft|draft_verify,86.76552772521973,201.58910751342773,0.0,924.0,15.0,74.3484,367.63067957468263,288.4146472386475,367.63067957468263
165,165,2,draft|draft_verify,181.68020248413086,36.47589683532715,0.0,132.0,40.0,129.02720000000002,181.68020248413086,218.21613131945801,181.68020248413086
165,165,3,draft|draft_verify,67.40236282348633,47.10268974304199,0.0,172.0,13.0,42.4508,42.4508,114.56506296652832,67.40236282348633
165,165,4,draft|draft_verify,55.79662322998047,51.28073692321777,0.0,185.0,12.0,39.4824,47.162700143041995,107.13736975319824,55.79662322998047
165,165,5,draft|draft_verify,78.60732078552246,51.520347595214844,0.0,197.0,17.0,56.6812,56.6812,130.1876819807373,78.60732078552246
165,165,6,draft|draft_verify,363.72852325439453,60.955047607421875,0.0,214.0,79.0,274.1852,274.1852,424.7436340618164,363.72852325439453
165,165,7,draft|draft_verify,143.99361610412598,77.92925834655762,0.0,293.0,30.0,107.5368,107.5368,221.9828984506836,143.99361610412598
165,165,8,draft|draft_verify,147.597074508667,77.91781425476074,0.0,323.0,31.0,113.342,113.342,225.57491356342774,147.597074508667
165,165,9,draft|draft_verify,153.06830406188965,92.84043312072754,0.0,354.0,32.0,119.368,119.368,245.96876278261718,153.06830406188965
165,165,10,draft|draft_verify,57.40642547607422,93.46580505371094,0.0,386.0,12.0,44.788799999999995,92.90045872072754,150.93224012978516,92.90045872072754
165,165,11,draft|draft_verify,76.06792449951172,93.34897994995117,0.0,398.0,16.0,60.536,93.52581465371094,169.47691724946287,93.52581465371094
165,165,12,draft|draft_verify,363.19732666015625,127.53033638000488,0.0,414.0,79.0,311.6252,311.6252,490.78772624016113,363.19732666015625
165,165,13,draft|draft_verify,142.83275604248047,144.76537704467773,0.0,493.0,30.0,121.45680000000002,127.59039958000488,287.6581570871582,142.83275604248047
165,165,14,draft|draft_verify,171.87738418579102,128.10683250427246,0.0,523.0,35.0,144.5548,144.82540104467773,300.04424469006346,171.87738418579102
165,165,15,draft|draft_verify|target|target_rescue_verify,198.9448070526123,263.5829448699951,98.8767147064209,558.0,43.0,181.8236,313.67510683499756,561.4645010290283,330.79631388760987
165,165,16,draft|draft_verify|target|target_rescue_verify,340.14391899108887,285.48622131347656,628.3187866210938,563.0,72.0,308.7096,628.3187866210938,1254.0089845256591,628.3187866210938
165,165,17,draft|draft_verify,28.563499450683594,156.1570167541504,0.0,664.0,4.0,16.275199999999998,142.74311065673828,184.780519404834,142.74311065673828
165,165,18,draft|draft_verify,645.6048488616943,168.25604438781738,0.0,668.0,143.0,662.4316,662.4316,813.9210076495117,645.6048488616943
165,165,19,draft|draft_verify,22.446155548095703,176.41520500183105,0.0,811.0,4.0,17.3336,168.3161587878174,198.92136374992677,168.3161587878174
165,165,20,draft|draft_verify|target|backtracking_verify,339.28680419921875,389.9064064025879,746.3185787200928,815.0,74.0,361.6504,746.3185787200928,1475.5718485218995,746.3185787200928
165,165,21,draft|draft_verify|target|target_rescue_verify,302.5174140930176,619.3938255310059,255.75566291809082,1814.0,62.0,448.04799999999994,757.8049623655029,1177.7269521421142,612.2743764585205
165,165,22,draft|draft_verify|target|target_rescue_verify,447.85046577453613,607.9027652740479,194.98276710510254,1851.0,89.0,655.7596,959.7710538370238,1250.7960693536866,751.8619196115601
165,165,23,draft|draft_verify,40.195465087890625,205.78503608703613,0.0,1006.0,7.0,34.6268,303.9513826370239,246.04050677492677,303.9513826370239
165,165,24,draft|draft_verify,444.46277618408203,228.224515914917,0.0,1013.0,74.0,396.34000000000003,396.34000000000003,672.7473512989991,444.46277618408203
165,165,25,draft|draft_verify,37.55521774291992,229.97617721557617,0.0,1087.0,7.0,35.7932,228.284575114917,267.5914005584961,228.284575114917
165,165,26,draft|draft_verify,347.9652404785156,256.96778297424316,0.0,1094.0,74.0,410.5312,410.5312,604.9930826527589,347.9652404785156
165,165,27,draft|draft_verify,42.92917251586914,257.47156143188477,0.0,1168.0,7.0,36.959599999999995,257.0278421742432,300.4607395477539,257.0278421742432
165,165,28,draft|draft_verify,363.6019229888916,262.82525062561035,0.0,1175.0,74.0,424.7224,424.7224,626.487232814502,363.6019229888916
165,165,29,draft|draft_verify,49.748897552490234,268.27073097229004,0.0,1249.0,7.0,38.126,262.88530982561036,318.0796341247803,262.88530982561036
165,165,30,draft|draft_verify,336.5588188171387,278.7802219390869,0.0,1256.0,74.0,438.9136,438.9136,615.3990999562257,336.5588188171387
165,165,31,draft|draft_verify,39.67452049255371,275.8522033691406,0.0,1330.0,7.0,39.2924,278.8402811390869,315.58672946169435,278.8402811390869
165,165,32,draft|draft_verify,349.2898941040039,308.4828853607178,0.0,1337.0,74.0,453.10479999999995,453.10479999999995,657.8328386647217,349.2898941040039
165,165,33,draft|draft_verify,38.90800476074219,315.57703018188477,0.0,1411.0,7.0,40.4588,308.5429445607178,354.54504054262696,308.5429445607178
165,165,34,draft|draft_verify,429.9197196960449,317.2013759613037,0.0,1418.0,74.0,467.296,467.296,747.1811548573487,429.9197196960449
165,165,35,draft|draft_verify,38.336992263793945,315.13261795043945,0.0,1492.0,7.0,41.6252,317.2614351613037,353.5296158142334,317.2614351613037
165,165,36,draft|draft_verify,365.68188667297363,333.4791660308838,0.0,1499.0,74.0,481.4872,481.4872,699.2211119038575,365.68188667297363
165,165,37,draft|draft_verify,40.93050956726074,334.8696231842041,0.0,1573.0,7.0,42.7916,333.5392252308838,375.86013835146485,333.5392252308838
165,165,38,draft|draft_verify,456.1495780944824,357.6023578643799,0.0,1580.0,74.0,495.6784,495.6784,813.8119951588624,456.1495780944824
165,165,39,draft|draft_verify,42.44375228881836,352.4909019470215,0.0,1654.0,7.0,43.958,357.6624170643799,394.99465983583985,357.6624170643799
165,165,40,draft|draft_verify,336.5771770477295,355.6516170501709,0.0,1661.0,74.0,509.8696,509.8696,692.2888532979005,352.5509075470215
165,165,41,draft|draft_verify,40.50421714782715,363.95859718322754,0.0,1735.0,7.0,45.124399999999994,355.7116762501709,404.5228199310547,355.7116762501709
165,165,42,draft|draft_verify,420.6407070159912,396.1505889892578,0.0,1742.0,74.0,524.0608,524.0608,816.8513552052491,420.6407070159912
165,165,43,draft|draft_verify,48.107147216796875,392.0307159423828,0.0,1816.0,7.0,46.290800000000004,396.2106481892578,440.1978687591797,396.2106481892578
165,165,44,draft|draft_verify,498.55709075927734,413.7446880340576,0.0,1823.0,74.0,538.252,538.252,912.361837993335,498.55709075927734
165,165,45,draft|draft_verify,52.869558334350586,406.5840244293213,0.0,1897.0,7.0,47.4572,413.80474723405763,459.5135883636719,413.80474723405763
165,165,46,draft|draft_verify,360.576868057251,413.59543800354004,0.0,1904.0,74.0,552.4431999999999,552.4431999999999,774.2323652607911,406.6440300293213
165,165,47,draft|draft_verify,46.40650749206543,413.8815402984619,0.0,1978.0,7.0,48.623599999999996,413.65549720354005,460.34805339052735,413.65549720354005
165,165,48,draft|draft_verify,333.266019821167,437.09373474121094,0.0,1985.0,74.0,566.6343999999999,1003.7881939412109,770.419813762378,851.0953398396729
166,166,1,draft|draft_verify,135.65492630004883,57.93309211730957,0.0,197.0,29.0,97.4428,135.65492630004883,193.6480416173584,135.65492630004883
166,166,2,draft|draft_verify,263.0946636199951,62.851667404174805,0.0,226.0,57.0,197.7948,197.7948,326.00637662416995,263.0946636199951
166,166,3,draft|draft_verify,566.9083595275879,95.71099281311035,0.0,283.0,98.0,358.5496,358.5496,662.6794307406982,566.9083595275879
166,166,4,draft|draft_verify,231.59098625183105,95.5514907836914,0.0,381.0,41.0,156.214,156.214,327.20250983552245,231.59098625183105
166,166,5,draft|draft_verify,541.8698787689209,129.5626163482666,0.0,422.0,85.0,337.5932,337.5932,671.4925631171875,541.8698787689209
166,166,6,draft|draft_verify|target|backtracking_verify,171.22697830200195,299.5409965515137,194.69952583312988,507.0,26.0,105.82000000000001,279.4532034240234,665.5275214866455,321.05749737775875
166,166,7,draft|draft_verify|target|backtracking_verify|target_rescue_verify,612.2496128082275,545.8672046661377,1601.7701625823975,1062.0,97.0,534.2492,1874.7037649154663,2759.947057656763,1874.7037649154663
166,166,8,draft|draft_verify|target|target_rescue_verify,552.077054977417,912.628173828125,2467.2582149505615,1826.0,98.0,717.76,3123.182366557145,3932.0235221561034,3075.676997502645
166,166,9,draft|draft_verify|target|target_rescue_verify,1102.900505065918,523.6878395080566,238.17873001098633,1481.0,184.0,1218.9416,1480.8456669540285,1864.827221784961,1364.8045720199464
166,166,10,draft|draft_verify,714.4975662231445,212.41426467895508,0.0,853.0,113.0,568.7836,568.7836,926.9719213020996,714.4975662231445
166,166,11,draft|draft_verify,271.498441696167,207.38935470581055,0.0,966.0,41.0,212.374,212.47435507895509,478.9478292019775,271.498441696167
166,166,12,draft|draft_verify,257.84945487976074,221.04382514953613,0.0,1007.0,41.0,216.31,216.31,478.95331282929686,257.84945487976074
166,166,13,draft|draft_verify,269.2580223083496,231.3706874847412,0.0,1048.0,41.0,220.24599999999998,221.10385794953612,500.6887425930908,269.2580223083496
166,166,14,draft|draft_verify,262.6957893371582,239.83287811279297,0.0,1089.0,41.0,224.182,231.4307202847412,502.58870024995116,262.6957893371582
166,166,15,draft|draft_verify,205.7669162750244,237.40816116333008,0.0,1130.0,41.0,228.118,239.89291091279296,443.2351102383545,239.89291091279296
166,166,16,draft|draft_verify,267.261266708374,260.61344146728516,0.0,1171.0,41.0,232.05399999999997,237.46819396333007,527.9347409756592,267.261266708374
166,166,17,draft|draft_verify,255.6157112121582,260.70690155029297,0.0,1212.0,41.0,235.98999999999998,260.67347426728514,516.3826455624512,260.67347426728514
166,166,18,draft|draft_verify,272.14956283569336,263.7767791748047,0.0,1253.0,41.0,239.926,260.76693435029296,535.9863748104981,272.14956283569336
166,166,19,draft|draft_verify,268.2230472564697,278.853178024292,0.0,1294.0,41.0,243.86199999999997,263.8368119748047,547.1362580807618,268.2230472564697
166,166,20,draft|draft_verify,258.50486755371094,291.5055751800537,0.0,1335.0,41.0,247.798,278.913210824292,550.0704755337647,278.913210824292
166,166,21,draft|draft_verify,201.3697624206543,282.63092041015625,0.0,1376.0,41.0,251.73399999999998,291.5656079800537,484.06071563081053,291.5656079800537
166,166,22,draft|draft_verify,244.06743049621582,320.2025890350342,0.0,1417.0,41.0,255.66999999999996,282.69095321015624,564.33005233125,282.69095321015624
166,166,23,draft|draft_verify,211.48967742919922,316.9131278991699,0.0,1458.0,41.0,259.606,320.26262183503417,528.4628381283692,320.26262183503417
166,166,24,draft|draft_verify,212.48912811279297,320.73473930358887,0.0,1499.0,41.0,263.542,316.9731606991699,533.2839002163819,316.9731606991699
166,166,25,draft|draft_verify,217.71502494812012,342.97728538513184,0.0,1540.0,41.0,267.478,320.79477210358885,560.752343133252,320.79477210358885
166,166,26,draft|draft_verify,203.07302474975586,339.4732475280762,0.0,1581.0,41.0,271.414,343.0373181851318,542.6063050778321,343.0373181851318
166,166,27,draft|draft_verify,258.69035720825195,336.8515968322754,0.0,1622.0,41.0,275.34999999999997,339.53328032807616,595.6019868405274,339.53328032807616
166,166,28,draft|draft_verify,205.61456680297852,359.10820960998535,0.0,1663.0,41.0,279.286,336.9116296322754,564.7828092129639,336.9116296322754
166,166,29,draft|draft_verify,198.7321376800537,377.49338150024414,0.0,1704.0,41.0,283.222,359.16824240998534,576.2855519802979,359.16824240998534
166,166,30,draft|draft_verify,217.66424179077148,369.6455955505371,0.0,1745.0,41.0,287.15799999999996,377.5534143002441,587.3698701413086,377.5534143002441
166,166,31,draft|draft_verify,201.8575668334961,395.3242301940918,0.0,1786.0,41.0,291.094,369.7056283505371,597.2418298275879,369.7056283505371
166,166,32,draft|draft_verify,204.95080947875977,415.04573822021484,0.0,1827.0,41.0,295.03,395.3842629940918,620.0565804989747,395.3842629940918
166,166,33,draft|draft_verify,331.8955898284912,406.9328308105469,0.0,1868.0,41.0,298.96599999999995,415.10577102021483,738.8884534390381,415.10577102021483
166,166,34,draft|draft_verify,215.867280960083,417.42420196533203,0.0,1909.0,41.0,302.902,406.99286361054686,633.3515157254151,406.99286361054686
166,166,35,draft|draft_verify,277.8787612915039,419.2326068878174,0.0,1950.0,41.0,306.83799999999997,417.484234765332,697.1714009793213,417.484234765332
166,166,36,draft|draft_verify,220.42369842529297,409.81316566467285,0.0,1991.0,41.0,310.774,419.29263968781737,630.2968968899659,419.29263968781737
166,166,37,draft|draft_verify,194.18668746948242,444.150447845459,0.0,2032.0,41.0,314.71,854.0836791101318,638.3971681149415,854.0836791101318
167,167,1,draft|draft_verify|target|target_rescue_verify,517.6393985748291,114.53580856323242,424.48997497558594,141.0,100.0,332.3816,574.9673828564453,1056.7252621136474,574.9673828564453
167,167,2,draft|draft_verify|target|target_rescue_verify,667.2210693359375,155.8988094329834,415.3130054473877,195.0,137.0,479.1964,557.2059143164917,1238.4929938163086,745.2305836524292
167,167,3,draft|draft_verify|target|target_rescue_verify,444.122314453125,196.4409351348877,994.5006370544434,261.0,76.0,271.94,994.5006370544434,1635.123947442456,994.5006370544434
167,167,4,draft|draft_verify,565.0877952575684,128.1261444091797,0.0,386.0,88.0,342.344,342.344,693.274010066748,565.0877952575684
167,167,5,draft|draft_verify,457.338809967041,138.52262496948242,0.0,474.0,73.0,297.7244,297.7244,595.9214933365234,457.338809967041
167,167,6,draft|draft_verify|target|backtracking_verify,306.51307106018066,281.3887596130371,543.8530445098877,547.0,47.0,197.8732,543.8530445098877,1131.8149127831055,543.8530445098877
167,167,7,draft|draft_verify|target|target_rescue_verify,362.7474308013916,265.2153968811035,187.67571449279785,594.0,64.0,278.33119999999997,410.9989496405517,815.698593375293,495.41518044194333
167,167,8,draft|draft_verify|target|backtracking_verify,84.75756645202637,270.4005241394043,159.00754928588867,613.0,17.0,72.65559999999999,267.8679741102539,514.2256534773194,267.8679741102539
167,167,9,draft|draft_verify|target|target_rescue_verify,248.02231788635254,534.1386795043945,377.99692153930664,1260.0,50.0,294.616,884.2785103979492,1160.2179589300536,837.6848282843017
167,167,10,draft|draft_verify|target|backtracking_verify,17.54307746887207,272.2361087799072,192.76833534240723,655.0,2.0,7.3144,269.7127258660522,482.60752319118654,269.7127258660522
167,167,11,draft|draft_verify|target|backtracking_verify,348.92773628234863,474.839448928833,211.78650856018066,1327.0,57.0,345.76919999999996,583.2489700644164,1035.6137393713623,586.4075063467651
167,167,12,draft|draft_verify|target|target_rescue_verify,586.108922958374,824.1708278656006,1074.8729705810547,2061.0,99.0,780.5196,1977.352826783008,2485.2128006050293,1782.9421497413819
167,167,13,draft|draft_verify,75.25157928466797,162.489652633667,0.0,735.0,14.0,63.3304,327.3838294067871,237.80124311833498,327.3838294067871
168,168,1,draft|draft_verify|target|backtracking_verify,426.1190891265869,110.72063446044922,678.5802841186523,131.0,99.0,326.5836,678.5802841186523,1215.4800869056885,678.5802841186523
168,168,2,draft|draft_verify|target|target_rescue_verify|backtracking_verify,759.6938610076904,306.0891628265381,910.8116626739502,452.0,152.0,627.5871999999999,1312.6200250568786,1976.6548081081787,1444.726686064569
168,168,3,draft|draft_verify|target|target_rescue_verify|backtracking_verify,735.1391315460205,364.22252655029297,1689.9080276489258,537.0,122.0,523.7991999999999,1872.0192909240723,2789.3297833452393,1872.0192909240723
168,168,4,draft|draft_verify|target|target_rescue_verify,891.3922309875488,418.68066787719727,1233.0718040466309,650.0,157.0,723.3404,1653.9469285312134,2543.204828511377,1821.9987595187622
168,168,5,draft|draft_verify|target|target_rescue_verify,514.8756504058838,276.874303817749,935.4074001312256,429.0,86.0,343.108,935.4074001312256,1727.2174231548584,935.4074001312256
168,168,6,draft|draft_verify|target|target_rescue_verify,321.4390277862549,259.30166244506836,361.76109313964844,544.0,59.0,249.1612,378.8720784225342,942.5618305709717,451.14990620878905
168,168,7,draft|draft_verify,94.53511238098145,128.56316566467285,0.0,599.0,18.0,76.4664,258.27401128720703,223.1582924456543,258.27401128720703
169,169,1,draft|draft_verify,170.88866233825684,33.95414352416992,0.0,127.0,36.0,115.5,170.88866233825684,204.90283466242676,170.88866233825684
169,169,2,draft|draft_verify,288.04516792297363,60.46247482299805,0.0,163.0,64.0,213.164,213.164,348.56769394597166,288.04516792297363
169,169,3,draft|draft_verify,388.81707191467285,73.45199584960938,0.0,227.0,71.0,247.87,247.87,462.3291245642822,388.81707191467285
169,169,4,draft|draft_verify|target|target_rescue_verify,1211.5540504455566,236.88220977783203,626.7788410186768,298.0,179.0,679.27,797.771248088916,2075.2752444420657,1330.0552985344727
169,169,5,draft|draft_verify,400.4960060119629,126.14035606384277,0.0,374.0,62.0,237.23199999999997,237.23199999999997,526.6964116758056,400.4960060119629
169,169,6,draft|draft_verify,306.3497543334961,127.10189819335938,0.0,436.0,46.0,181.592,181.592,433.51168932685545,306.3497543334961
169,169,7,draft|draft_verify,97.86772727966309,127.25019454956055,0.0,482.0,16.0,63.56,254.47214234291994,225.1779346292236,254.47214234291994
170,170,1,draft|draft_verify,174.47161674499512,34.424781799316406,0.0,94.0,38.0,119.09440000000001,174.47161674499512,208.9564289443115,174.47161674499512
170,170,2,draft|draft_verify,96.60148620605469,32.33456611633301,0.0,132.0,21.0,67.11,67.11,128.9960691223877,96.60148620605469
170,170,3,draft|draft_verify,246.85382843017578,52.23965644836426,0.0,153.0,55.0,181.2428,181.2428,299.15352887854004,246.85382843017578
170,170,4,draft|draft_verify,42.786598205566406,52.233219146728516,0.0,208.0,9.0,29.910000000000004,52.299700448364256,95.07982455229492,52.299700448364256
170,170,5,draft|draft_verify,233.89887809753418,61.05184555053711,0.0,217.0,51.0,175.47,175.47,295.0107644480713,233.89887809753418
170,170,6,draft|draft_verify,58.31718444824219,61.80167198181152,0.0,268.0,12.0,41.67359999999999,61.11188635053711,120.17886603005371,61.11188635053711
170,170,7,draft|draft_verify,249.0236759185791,78.887939453125,0.0,280.0,53.0,190.3612,190.3612,327.9716577717041,249.0236759185791
170,170,8,draft|draft_verify,210.2525234222412,96.3282585144043,0.0,333.0,44.0,162.916,162.916,306.6408171366455,210.2525234222412
170,170,9,draft|draft_verify,111.8631362915039,94.11096572875977,0.0,377.0,23.0,86.5228,96.3882937144043,206.03412042026366,111.8631362915039
170,170,10,draft|draft_verify,362.9477024078369,128.44061851501465,0.0,400.0,77.0,300.9724,300.9724,491.44838252285155,362.9477024078369
170,170,11,draft|draft_verify,126.69563293457031,128.1290054321289,0.0,477.0,22.0,87.73519999999999,256.6897031471436,254.8846559666992,256.6897031471436
171,171,1,draft|draft_verify,474.9009609222412,32.262325286865234,0.0,73.0,108.0,342.57360000000006,474.9009609222412,507.22337260910643,474.9009609222412
171,171,2,draft|draft_verify,87.61358261108398,52.073001861572266,0.0,181.0,19.0,62.7596,62.7596,139.74659967265626,87.61358261108398
171,171,3,draft|draft_verify,76.38144493103027,51.99456214904785,0.0,200.0,17.0,56.7964,56.7964,128.43602068007812,76.38144493103027
171,171,4,draft|draft_verify,135.9233856201172,61.61904335021973,0.0,217.0,30.0,102.2472,102.2472,197.6024529703369,135.9233856201172
171,171,5,draft|draft_verify,85.50763130187988,61.609506607055664,0.0,247.0,17.0,58.6012,123.34858755727538,147.17715150893554,147.17715150893554
172,172,1,draft|draft_verify,192.27933883666992,35.68601608276367,0.0,94.0,25.0,77.8844,192.27933883666992,228.0253749194336,192.27933883666992
172,172,2,draft|draft_verify,93.03975105285645,35.537004470825195,0.0,119.0,11.0,34.558,35.74603608276367,128.63676432368163,93.03975105285645
172,172,3,draft|draft_verify,212.3126983642578,30.689239501953125,0.0,130.0,32.0,102.7024,102.7024,243.06196346621093,212.3126983642578
172,172,4,draft|draft_verify,122.76744842529297,47.71852493286133,0.0,162.0,17.0,55.337199999999996,55.337199999999996,170.5459869581543,122.76744842529297
172,172,5,draft|draft_verify,136.14892959594727,51.023244857788086,0.0,179.0,19.0,62.6732,62.6732,187.23218965373536,136.14892959594727
172,172,6,draft|draft_verify,84.55967903137207,53.07745933532715,0.0,198.0,18.0,60.1056,60.1056,137.69715276669922,84.55967903137207
172,172,7,draft|draft_verify,141.2818431854248,59.34596061706543,0.0,216.0,17.0,57.410799999999995,57.410799999999995,200.68781740249023,141.2818431854248
172,172,8,draft|draft_verify,145.48206329345703,61.896562576293945,0.0,233.0,16.0,54.596000000000004,59.40597421706543,207.438638669751,145.48206329345703
172,172,9,draft|draft_verify,111.8628978729248,67.66319274902344,0.0,249.0,16.0,55.172,61.95657537629395,179.58610342194822,111.8628978729248
172,172,10,draft|draft_verify,97.33891487121582,68.52912902832031,0.0,265.0,17.0,59.2924,67.72320554902343,165.92805749953612,97.33891487121582
172,172,11,draft|draft_verify,171.51832580566406,89.2648696899414,0.0,282.0,23.0,81.5068,81.5068,260.84321389560546,171.51832580566406
172,172,12,draft|draft_verify,147.47071266174316,89.72978591918945,0.0,305.0,20.0,71.76400000000001,179.11469000913087,237.2605145809326,237.26051458093264
173,173,1,draft|draft_verify,186.6588592529297,37.146806716918945,0.0,109.0,29.0,91.5292,186.6588592529297,223.86568916984862,186.6588592529297
173,173,2,draft|draft_verify,212.85271644592285,35.405635833740234,0.0,138.0,38.0,123.0016,123.0016,248.31838267966307,212.85271644592285
173,173,3,draft|draft_verify,69.31209564208984,57.47556686401367,0.0,176.0,11.0,35.926,35.926,126.84767130610352,69.31209564208984
173,173,4,draft|draft_verify|target|target_rescue_verify,74.68819618225098,118.0257797241211,472.23734855651855,187.0,11.0,36.19,472.23734855651855,665.0113332628906,472.23734855651855
173,173,5,draft|draft_verify,457.52739906311035,66.84541702270508,0.0,237.0,61.0,213.58999999999997,213.58999999999997,524.4328648858154,457.52739906311035
173,173,6,draft|draft_verify,290.147066116333,86.9150161743164,0.0,298.0,38.0,137.2096,137.2096,377.12211269064943,290.147066116333
173,173,7,draft|draft_verify|target|target_rescue_verify,186.52749061584473,171.97895050048828,170.11356353759766,336.0,26.0,95.56,181.60949605024416,528.6800254539306,272.5769866660889
173,173,8,draft|draft_verify,384.67884063720703,107.31315612792969,0.0,354.0,59.0,222.7132,330.0864033279297,492.0520439651367,492.0520439651367
174,174,1,draft|draft_verify,304.5084476470947,55.00006675720215,0.0,187.0,48.0,161.56079999999997,304.5084476470947,359.56855280429687,304.5084476470947
174,174,2,draft|draft_verify,391.90053939819336,72.93915748596191,0.0,235.0,58.0,202.5752,202.5752,464.89974328415525,391.90053939819336
174,174,3,draft|draft_verify,587.0809555053711,93.45650672912598,0.0,293.0,90.0,330.4968,330.4968,680.5975342344971,587.0809555053711
174,174,4,draft|draft_verify,1222.1674919128418,133.48746299743652,0.0,383.0,199.0,800.414,800.414,1355.7151141102784,1222.1674919128418
174,174,5,draft|draft_verify,272.21226692199707,132.5697898864746,0.0,582.0,44.0,188.6128,188.6128,404.8420920084717,272.21226692199707
174,174,6,draft|draft_verify|target|target_rescue_verify,471.88448905944824,348.16479682922363,1985.3723049163818,626.0,79.0,351.3116,1985.3723049163818,2805.4816540050538,1985.3723049163818
174,174,7,draft|draft_verify,92.09537506103516,179.82172966003418,0.0,887.0,15.0,73.1052,353.964140074646,271.97711672106936,353.964140074646
175,175,1,draft|draft_verify,275.6304740905762,30.595064163208008,0.0,94.0,51.0,160.71,275.6304740905762,306.2855790537842,275.6304740905762
175,175,2,draft|draft_verify,617.0165538787842,60.645103454589844,0.0,145.0,106.0,354.11600000000004,354.11600000000004,677.721742133374,617.0165538787842
175,175,3,draft|draft_verify|target|target_rescue_verify,591.7320251464844,177.34169960021973,895.7831859588623,251.0,102.0,365.9448,895.7831859588623,1664.9169923055665,895.7831859588623
175,175,4,draft|draft_verify,166.97955131530762,114.14766311645508,0.0,355.0,25.0,92.918,207.1256831164551,281.1872344317627,281.1872344317627
176,176,1,draft|draft_verify,138.289213180542,23.966073989868164,0.0,76.0,27.0,83.07480000000001,138.289213180542,162.31530877041016,138.289213180542
176,176,2,draft|draft_verify,306.73885345458984,33.9047908782959,0.0,103.0,61.0,194.29399999999998,194.29399999999998,340.70369313288575,306.73885345458984
176,176,3,draft|draft_verify,341.3522243499756,65.86384773254395,0.0,164.0,84.0,282.1152,282.1152,407.2761392825195,341.3522243499756
176,176,4,draft|draft_verify,329.60963249206543,87.24617958068848,0.0,248.0,70.0,247.7648,247.7648,416.9158680727539,329.60963249206543
176,176,5,draft|draft_verify,209.18560028076172,100.69823265075684,0.0,318.0,51.0,187.59,187.59,309.9438737315186,209.18560028076172
176,176,6,draft|draft_verify,139.52231407165527,100.8307933807373,0.0,369.0,30.0,112.8264,112.8264,240.41313145239258,139.52231407165527
176,176,7,draft|draft_verify,90.73734283447266,98.23489189147949,0.0,399.0,16.0,60.572,199.18572207221678,189.03224752595213,199.18572207221678
177,177,1,draft|draft_verify,157.52339363098145,33.25676918029785,0.0,90.0,30.0,93.40800000000002,157.52339363098145,190.8401868112793,157.52339363098145
177,177,2,draft|draft_verify,273.71740341186523,48.33865165710449,0.0,120.0,63.0,203.35320000000002,203.35320000000002,322.11610546896975,273.71740341186523
177,177,3,draft|draft_verify,707.3214054107666,78.3538818359375,0.0,183.0,161.0,563.254,563.254,785.7354160467041,707.3214054107666
177,177,4,draft|draft_verify,389.8470401763916,140.4097080230713,0.0,344.0,96.0,364.89599999999996,364.89599999999996,530.3168249994628,389.8470401763916
177,177,5,draft|draft_verify,98.71625900268555,125.08630752563477,0.0,440.0,20.0,77.92,265.61610834870606,223.86258252832033,265.61610834870606
178,178,1,draft|draft_verify,324.9504566192627,56.426048278808594,0.0,147.0,73.0,241.21880000000002,324.9504566192627,381.4365632980713,324.9504566192627
178,178,2,draft|draft_verify,67.61980056762695,55.86361885070801,0.0,220.0,14.0,47.2624,56.486106678808596,123.54343061833497,67.61980056762695
178,178,3,draft|draft_verify,162.3067855834961,61.99836730957031,0.0,234.0,35.0,120.9724,120.9724,224.3651808930664,162.3067855834961
178,178,4,draft|draft_verify,95.05248069763184,61.47456169128418,0.0,269.0,20.0,70.1224,70.1224,156.58705838891603,95.05248069763184
178,178,5,draft|draft_verify,113.86656761169434,80.55686950683594,0.0,289.0,24.0,85.4952,85.4952,194.48345631853027,113.86656761169434
178,178,6,draft|draft_verify,94.23112869262695,78.27234268188477,0.0,313.0,20.0,72.1288,80.61688870683594,172.56348737451174,94.23112869262695
178,178,7,draft|draft_verify,71.25473022460938,78.47809791564941,0.0,333.0,15.0,54.49080000000001,156.87046859753417,149.7928401402588,156.87046859753417
179,179,1,draft|draft_verify,206.65597915649414,53.15709114074707,0.0,136.0,46.0,149.192,206.65597915649414,259.87310709724125,206.65597915649414
179,179,2,draft|draft_verify,402.49085426330566,67.94595718383789,0.0,182.0,94.0,320.8928,320.8928,470.4968866471436,402.49085426330566
179,179,3,draft|draft_verify,151.78942680358887,87.72158622741699,0.0,276.0,36.0,128.01600000000002,128.01600000000002,239.57104183100586,151.78942680358887
179,179,4,draft|draft_verify,192.51441955566406,82.85641670227051,0.0,312.0,46.0,168.2,168.2,275.4308730579346,192.51441955566406
179,179,5,draft|draft_verify,136.66391372680664,99.17926788330078,0.0,358.0,30.0,112.0608,112.0608,235.90320561010742,136.66391372680664
179,179,6,draft|draft_verify,303.15518379211426,126.27816200256348,0.0,388.0,55.0,211.6988,211.6988,429.49338979467774,303.15518379211426
179,179,7,draft|draft_verify,166.88823699951172,126.37472152709961,0.0,443.0,37.0,146.0636,146.0636,293.32298812661134,166.88823699951172
179,179,8,draft|draft_verify,88.51432800292969,127.50673294067383,0.0,480.0,22.0,87.8864,126.4347511270996,216.0810785436035,126.4347511270996
179,179,9,draft|draft_verify,128.9651393890381,143.64004135131836,0.0,502.0,27.0,109.65720000000002,271.2668134919922,272.6652023403565,272.6652023403565
180,180,1,draft|draft_verify,519.0658569335938,127.75516510009766,0.0,439.0,83.0,332.7724,519.0658569335938,646.8810884336914,519.0658569335938
180,180,2,draft|draft_verify|target|target_rescue_verify,371.6003894805908,261.5928649902344,746.7963695526123,522.0,70.0,293.1392,746.7963695526123,1380.0496800234375,746.7963695526123
180,180,3,draft|draft_verify|target|backtracking_verify,1521.669864654541,355.30781745910645,423.5577583312988,629.0,269.0,1263.1132,1440.8273239295531,2300.5956556449464,1699.3839885840941
180,180,6,draft|draft_verify|target|target_rescue_verify,133.94713401794434,471.4057445526123,334.46717262268066,1134.0,24.0,132.1392,413.4168002058594,939.8800703932372,413.4168002058594
180,180,7,draft|draft_verify,82.03482627868652,236.1471652984619,0.0,1173.0,12.0,65.56559999999999,471.91004717476807,318.24200117714844,471.91004717476807
181,181,1,draft|draft_verify,140.81645011901855,34.673452377319336,0.0,92.0,31.0,96.71,140.81645011901855,175.5499272963379,140.81645011901855
181,181,2,draft|draft_verify,127.13980674743652,38.742780685424805,0.0,123.0,32.0,102.1816,102.1816,165.94261303286135,127.13980674743652
181,181,3,draft|draft_verify,183.78853797912598,50.86064338684082,0.0,155.0,40.0,131.18,131.18,234.7092133659668,183.78853797912598
181,181,4,draft|draft_verify,109.70640182495117,51.23329162597656,0.0,195.0,24.0,80.3064,80.3064,160.99971265092773,109.70640182495117
181,181,5,draft|draft_verify,40.48752784729004,54.40378189086914,0.0,219.0,8.0,26.706400000000002,51.29331082597656,94.95131613815917,51.29331082597656
181,181,6,draft|draft_verify,483.3519458770752,82.16595649719238,0.0,227.0,104.0,367.4488,367.4488,565.5779855742676,483.3519458770752
181,181,7,draft|draft_verify|target|target_rescue_verify,725.4557609558105,257.6766014099121,958.5182666778564,331.0,156.0,599.8679999999999,958.5182666778564,1941.7107538435791,958.5182666778564
181,181,8,draft|draft_verify,261.77215576171875,143.63884925842285,0.0,435.0,41.0,161.398,161.398,405.4710378201416,261.77215576171875
181,181,9,draft|draft_verify|target|target_rescue_verify,410.36200523376465,284.82842445373535,406.9061279296875,476.0,68.0,277.168,419.6422666268677,1102.1566120171874,552.8362718606323
181,181,10,draft|draft_verify|target|target_rescue_verify,337.03112602233887,271.1327075958252,378.6928653717041,530.0,65.0,272.95,544.1427595958252,986.9167509898682,608.2238856181641
182,182,1,draft|draft_verify,159.77740287780762,30.918359756469727,0.0,103.0,32.0,100.6936,159.77740287780762,190.75578823427733,159.77740287780762
182,182,2,draft|draft_verify,258.95071029663086,32.19723701477051,0.0,135.0,43.0,139.1852,139.1852,291.2079817114014,258.95071029663086
182,182,3,draft|draft_verify,287.91046142578125,61.10191345214844,0.0,178.0,58.0,194.7776,194.7776,349.07242127792966,287.91046142578125
182,182,4,draft|draft_verify,333.90212059020996,64.03851509094238,0.0,236.0,57.0,199.1388,199.1388,398.00068128115237,333.90212059020996
182,182,5,draft|draft_verify,113.13271522521973,84.15484428405762,0.0,293.0,15.0,53.146800000000006,148.313416975,197.34757150927734,197.34757150927734
183,183,1,draft|draft_verify,228.9128303527832,22.793054580688477,0.0,80.0,34.0,105.2624,228.9128303527832,251.7659121334717,228.9128303527832
183,183,2,draft|draft_verify,425.49920082092285,58.501243591308594,0.0,114.0,80.0,258.7984,258.7984,484.06050841223146,425.49920082092285
183,183,3,draft|draft_verify|target|target_rescue_verify,555.3321838378906,142.47417449951172,800.9450435638428,194.0,99.0,341.4012,800.9450435638428,1498.8114811012451,800.9450435638428
183,183,4,draft|draft_verify,450.8640766143799,92.5300121307373,0.0,296.0,71.0,259.462,259.462,543.4541455451172,450.8640766143799
183,183,5,draft|draft_verify,145.2314853668213,108.09588432312012,0.0,367.0,22.0,82.1912,200.74597085385741,253.38738728994142,253.3873872899414
184,184,1,draft|draft_verify,133.33630561828613,34.84058380126953,0.0,104.0,29.0,91.1932,133.33630561828613,168.23691261955565,133.33630561828613
184,184,2,draft|draft_verify,481.658935546875,67.66533851623535,0.0,133.0,113.0,375.2476,375.2476,549.3843644631104,481.658935546875
184,184,3,draft|draft_verify,205.86609840393066,68.09020042419434,0.0,246.0,44.0,153.9376,153.9376,274.016334028125,205.86609840393066
184,184,4,draft|draft_verify,1566.1306381225586,142.37666130065918,0.0,290.0,273.0,1061.9292,1061.9292,1708.5675178232177,1566.1306381225586
184,184,5,draft|draft_verify,134.5202922821045,131.2546730041504,0.0,563.0,17.0,70.7356,273.75156630480956,265.8349788862549,273.75156630480956
185,185,1,draft|draft_verify,74.20468330383301,31.154155731201172,0.0,119.0,19.0,60.0812,74.20468330383301,105.41885423503417,74.20468330383301
185,185,2,draft|draft_verify,198.74024391174316,49.59607124328613,0.0,138.0,46.0,149.40800000000002,149.40800000000002,248.3963519550293,198.74024391174316
185,185,3,draft|draft_verify,65.38271903991699,54.66294288635254,0.0,184.0,14.0,46.1392,49.65610804328613,120.10567312626954,65.38271903991699
185,185,4,draft|draft_verify,194.5345401763916,57.7390193939209,0.0,198.0,42.0,142.08960000000002,142.08960000000002,252.3335931703125,194.5345401763916
185,185,5,draft|draft_verify,34.78598594665527,60.50896644592285,0.0,240.0,5.0,16.678,57.799052993920895,95.35495639257812,57.799052993920895
185,185,6,draft|draft_verify,94.05994415283203,61.02585792541504,0.0,245.0,20.0,69.028,69.028,155.1458180782471,94.05994415283203
185,185,7,draft|draft_verify,165.81106185913086,62.33620643615723,0.0,265.0,30.0,105.58800000000001,105.58800000000001,228.20729229528808,165.81106185913086
185,185,8,draft|draft_verify,442.9018497467041,92.92435646057129,0.0,295.0,70.0,255.548,255.548,535.8862622072754,442.9018497467041
185,185,9,draft|draft_verify,62.84284591674805,93.05787086486816,0.0,365.0,9.0,32.9244,92.98441246057129,155.9607239816162,92.98441246057129
185,185,10,draft|draft_verify,120.34368515014648,92.4379825592041,0.0,374.0,19.0,71.0972,93.11787806486817,212.8416829093506,120.34368515014648
185,185,11,draft|draft_verify,43.058156967163086,92.34952926635742,0.0,393.0,9.0,33.462,92.4979977592041,135.4676934335205,92.4979977592041
185,185,12,draft|draft_verify,183.0298900604248,132.53068923950195,0.0,402.0,35.0,134.6812,134.6812,315.62060729992675,183.0298900604248
185,185,13,draft|draft_verify,177.7794361114502,146.60954475402832,0.0,437.0,36.0,141.54000000000002,141.54000000000002,324.4490096654785,177.7794361114502
185,185,14,draft|draft_verify|target|target_rescue_verify,557.0573806762695,257.8458786010742,294.4777011871338,473.0,95.0,390.0748,519.0578153005371,1109.4410364644775,686.0403959768066
185,185,15,draft|draft_verify,390.21921157836914,133.54802131652832,0.0,506.0,59.0,243.8716,243.8716,523.8272800948974,390.21921157836914
185,185,16,draft|draft_verify,645.592451095581,133.6979866027832,0.0,565.0,96.0,415.284,415.284,779.3505144983643,645.592451095581
185,185,17,draft|draft_verify,39.98255729675293,152.72068977355957,0.0,661.0,6.0,25.188,133.7580634027832,192.7632518703125,133.7580634027832
185,185,18,draft|draft_verify,230.69119453430176,160.37845611572266,0.0,667.0,46.0,206.54000000000002,206.54000000000002,391.12968745002445,230.69119453430176
185,185,19,draft|draft_verify,148.0855941772461,155.5325984954834,0.0,713.0,24.0,108.89999999999999,316.03111061120603,303.6782118727295,316.03111061120603
186,186,1,draft|draft_verify,226.3326644897461,35.78758239746094,0.0,80.0,41.0,127.318,226.3326644897461,262.180279687207,226.3326644897461
186,186,2,draft|draft_verify,137.18652725219727,33.124685287475586,0.0,121.0,31.0,98.798,98.798,170.37123733967286,137.18652725219727
186,186,3,draft|draft_verify,350.08955001831055,56.90598487854004,0.0,152.0,54.0,177.74880000000002,177.74880000000002,407.0555780968506,350.08955001831055
186,186,4,draft|draft_verify,323.9121437072754,65.86933135986328,0.0,206.0,56.0,191.608,191.608,389.8415198671387,323.9121437072754
186,186,5,draft|draft_verify,391.4525508880615,88.1199836730957,0.0,262.0,52.0,184.4912,184.4912,479.6325761611572,391.4525508880615
186,186,6,draft|draft_verify,145.1253890991211,91.87746047973633,0.0,314.0,19.0,68.5052,180.11750095283202,237.06286477885743,237.06286477885743
187,187,1,draft|draft_verify,225.968599319458,40.58432579040527,0.0,106.0,38.0,120.16,225.968599319458,266.61295550986324,225.968599319458
187,187,2,draft|draft_verify,218.24359893798828,52.80923843383789,0.0,144.0,39.0,126.8412,126.8412,271.1128685718262,218.24359893798828
187,187,3,draft|draft_verify,153.16176414489746,57.999372482299805,0.0,183.0,36.0,120.20400000000001,120.20400000000001,211.22116542719726,153.16176414489746
187,187,4,draft|draft_verify,257.68113136291504,69.02718544006348,0.0,219.0,62.0,214.54,214.54,326.76836640297853,257.68113136291504
187,187,5,draft|draft_verify,152.41599082946777,86.6856575012207,0.0,281.0,32.0,113.9368,113.9368,239.16167393068847,152.41599082946777
187,187,6,draft|draft_verify,102.7061939239502,82.38863945007324,0.0,313.0,22.0,79.4696,169.19434015129394,185.15485097402342,185.15485097402342
188,188,1,draft|draft_verify,206.5119743347168,83.66727828979492,0.0,336.0,38.0,140.584,206.5119743347168,290.2392830245117,206.5119743347168
188,188,2,draft|draft_verify,388.73767852783203,104.57253456115723,0.0,374.0,62.0,237.23199999999997,237.23199999999997,493.37026268898927,388.73767852783203
188,188,3,draft|draft_verify,349.2915630340576,129.94790077209473,0.0,436.0,61.0,242.24599999999998,242.24599999999998,479.29951260615235,349.2915630340576
188,188,4,draft|draft_verify|target|target_rescue_verify,438.35997581481934,275.6388187408447,477.49996185302734,497.0,66.0,272.1,477.49996185302734,1191.5588092086914,576.2394379852417
188,188,5,draft|draft_verify|target|target_rescue_verify,302.323579788208,262.1428966522217,446.72465324401855,558.0,62.0,264.1696,446.72465324401855,1011.2511792844482,446.72465324401855
188,188,6,draft|draft_verify|target|target_rescue_verify,141.5719985961914,270.0197696685791,290.59863090515137,619.0,28.0,121.3784,425.6085157394409,702.2504215699219,425.6085157394409
189,189,1,draft|draft_verify,178.61366271972656,39.469242095947266,0.0,96.0,28.0,87.488,178.61366271972656,218.14292721567384,178.61366271972656
189,189,2,draft|draft_verify,282.3770046234131,41.1224365234375,0.0,124.0,46.0,147.89600000000002,147.89600000000002,323.55947794685056,282.3770046234131
189,189,3,draft|draft_verify,235.17370223999023,51.76687240600586,0.0,170.0,35.0,115.75,115.75,287.0006026459961,235.17370223999023
189,189,4,draft|draft_verify,305.29069900512695,61.85555458068848,0.0,205.0,52.0,177.51440000000002,177.51440000000002,367.2062951858154,305.29069900512695
189,189,5,draft|draft_verify,63.211679458618164,62.201499938964844,0.0,257.0,9.0,30.8508,61.915596180688475,125.47318659758301,63.211679458618164
189,189,6,draft|draft_verify,243.88933181762695,80.73544502258301,0.0,266.0,46.0,163.232,163.232,324.68481364021,243.88933181762695
189,189,7,draft|draft_verify,58.27927589416504,78.83524894714355,0.0,312.0,8.0,28.2688,80.79548182258301,137.17453124130859,80.79548182258301
189,189,8,draft|draft_verify,507.565975189209,101.12404823303223,0.0,320.0,79.0,294.02840000000003,294.02840000000003,608.7500866222413,507.565975189209
189,189,9,draft|draft_verify,180.9074878692627,128.32188606262207,0.0,399.0,28.0,107.1224,235.50430846262208,309.28939633188475,309.28939633188475
190,190,1,draft|draft_verify,376.4636516571045,62.09421157836914,0.0,174.0,59.0,197.65720000000002,376.4636516571045,438.6179104354736,376.4636516571045
190,190,2,draft|draft_verify|target|target_rescue_verify,594.1579341888428,152.13465690612793,294.8908805847168,233.0,96.0,339.58799999999997,415.7154052530639,1041.2435484796874,670.2853394419068
190,190,3,draft|draft_verify,187.33668327331543,69.4127082824707,0.0,261.0,28.0,98.18,98.18,256.8094139557861,187.33668327331543
190,190,4,draft|draft_verify|target|target_rescue_verify,315.9482479095459,179.96931076049805,427.20723152160645,289.0,47.0,169.39000000000001,427.20723152160645,923.1848277916504,427.20723152160645
190,190,5,draft|draft_verify,240.86785316467285,105.10540008544922,0.0,338.0,36.0,133.224,133.224,346.03328205012207,240.86785316467285
190,190,6,draft|draft_verify,196.63047790527344,108.14714431762695,0.0,374.0,32.0,120.856,120.856,304.8376478229004,196.63047790527344
190,190,7,draft|draft_verify|target|target_rescue_verify,253.71098518371582,255.28788566589355,230.4985523223877,406.0,49.0,190.2236,317.9275820329468,739.5574623719971,381.4149672166626
190,190,8,draft|draft_verify,136.15679740905762,129.40645217895508,0.0,437.0,23.0,89.6908,127.64394283294678,265.6232679880127,136.15679740905762
190,190,9,draft|draft_verify,82.16547966003418,131.25896453857422,0.0,460.0,14.0,54.7504,260.78544631752925,213.48445539860842,260.78544631752925
191,191,1,draft|draft_verify,66.72501564025879,49.04007911682129,0.0,171.0,14.0,45.733599999999996,66.72501564025879,115.82510595708008,66.72501564025879
191,191,2,draft|draft_verify,80.92117309570312,55.457353591918945,0.0,185.0,19.0,62.9324,62.9324,136.43854188762208,80.92117309570312
191,191,3,draft|draft_verify,272.1419334411621,62.70861625671387,0.0,204.0,51.0,173.91,173.91,334.910590497876,272.1419334411621
191,191,4,draft|draft_verify,134.22369956970215,65.6135082244873,0.0,255.0,22.0,76.5464,76.5464,199.89722539418946,134.22369956970215
191,191,5,draft|draft_verify,119.52352523803711,60.91761589050293,0.0,277.0,16.0,56.18,65.6735258244873,180.50115392854002,119.52352523803711
191,191,6,draft|draft_verify,86.51113510131836,76.99275016784668,0.0,293.0,18.0,63.9816,63.9816,163.56389966916504,86.51113510131836
191,191,7,draft|draft_verify,39.15238380432129,79.88524436950684,0.0,311.0,5.0,17.3596,77.05276456784668,119.09763217382812,77.05276456784668
191,191,8,draft|draft_verify,98.19507598876953,83.62579345703125,0.0,316.0,18.0,64.92,79.94524836950684,181.88088384580078,98.19507598876953
191,191,9,draft|draft_verify,151.86429023742676,82.41677284240723,0.0,334.0,22.0,80.52799999999999,83.68580785703125,234.341080679834,151.86429023742676
191,191,10,draft|draft_verify,203.6290168762207,96.68827056884766,0.0,356.0,31.0,115.71799999999999,115.71799999999999,300.37731224506837,203.6290168762207
191,191,11,draft|draft_verify,121.04010581970215,95.11423110961914,0.0,387.0,18.0,67.8168,96.74829536884765,216.2143513293213,121.04010581970215
191,191,12,draft|draft_verify,161.3302230834961,129.7295093536377,0.0,405.0,26.0,99.7,99.7,291.11975323713375,161.3302230834961
191,191,13,draft|draft_verify,76.99298858642578,129.60338592529297,0.0,431.0,15.0,57.78360000000001,129.78953015363768,206.65638651171875,129.78953015363768
191,191,14,draft|draft_verify,71.53487205505371,134.0792179107666,0.0,446.0,8.0,30.52,263.80262223605956,205.67409636582033,263.80262223605956
192,192,1,draft|draft_verify,151.79848670959473,52.3223876953125,0.0,173.0,25.0,82.4348,151.79848670959473,204.18089440490724,151.79848670959473
192,192,2,draft|draft_verify,559.8571300506592,70.7700252532959,0.0,198.0,89.0,306.646,306.646,630.6872265039551,559.8571300506592
192,192,3,draft|draft_verify,88.62066268920898,62.92128562927246,0.0,287.0,16.0,56.54,70.8300964532959,151.60196111848143,88.62066268920898
192,192,4,draft|draft_verify,141.39485359191895,79.16092872619629,0.0,303.0,20.0,71.67280000000001,71.67280000000001,220.61579831811522,141.39485359191895
192,192,5,draft|draft_verify,34.74092483520508,84.19561386108398,0.0,323.0,6.0,21.131999999999998,79.2209447261963,118.99654349628906,79.2209447261963
192,192,6,draft|draft_verify,136.4748477935791,85.65139770507812,0.0,329.0,22.0,80.276,84.25561866108399,222.18626309865724,136.4748477935791
192,192,7,draft|draft_verify,48.86746406555176,80.30867576599121,0.0,351.0,7.0,25.1948,85.71141530507812,129.23614543154298,85.71141530507812
192,192,8,draft|draft_verify,42.36745834350586,95.36075592041016,0.0,358.0,5.0,17.8108,175.78944128640137,137.788218263916,175.78944128640137
193,193,1,draft|draft_verify,204.68497276306152,33.788204193115234,0.0,133.0,35.0,112.7308,204.68497276306152,238.53320495617675,204.68497276306152
193,193,2,draft|draft_verify,120.12290954589844,60.5924129486084,0.0,168.0,24.0,78.81599999999999,78.81599999999999,180.77534169450684,120.12290954589844
193,193,3,draft|draft_verify,258.78119468688965,62.2406005859375,0.0,192.0,55.0,186.2972,186.2972,321.08183927282715,258.78119468688965
193,193,4,draft|draft_verify,219.16723251342773,61.36131286621094,0.0,247.0,42.0,146.9112,146.9112,280.58857897963867,219.16723251342773
193,193,5,draft|draft_verify,195.2357292175293,81.19416236877441,0.0,289.0,35.0,125.46039999999999,125.46039999999999,276.4899195863037,195.2357292175293
193,193,6,draft|draft_verify,88.73414993286133,82.13520050048828,0.0,324.0,14.0,50.5072,163.4494020692627,170.92936163334963,170.92936163334963
194,194,1,draft|draft_verify,238.3289337158203,70.08194923400879,0.0,253.0,47.0,165.4156,238.3289337158203,308.4709205498291,238.3289337158203
194,194,2,draft|draft_verify,544.4207191467285,105.00669479370117,0.0,300.0,73.0,267.6572,267.6572,649.4874723404297,544.4207191467285
194,194,3,draft|draft_verify,382.95578956604004,98.30832481384277,0.0,373.0,55.0,209.7548,209.7548,481.3241583798828,382.95578956604004
194,194,4,draft|draft_verify|target|target_rescue_verify,469.07901763916016,276.1261463165283,1895.1606750488281,428.0,71.0,281.63800000000003,1895.1606750488281,2640.4258958045166,1895.1606750488281
194,194,5,draft|draft_verify|target|target_rescue_verify,230.11541366577148,314.60022926330566,383.07809829711914,671.0,44.0,197.7976,383.07809829711914,927.8537764261963,387.47556349742433
194,194,6,draft|draft_verify,117.32625961303711,156.1586856842041,0.0,726.0,13.0,58.406000000000006,313.51881071585694,273.5449556972412,313.51881071585694
195,195,1,draft|draft_verify,216.06040000915527,58.55226516723633,0.0,163.0,36.0,118.524,216.06040000915527,274.6726939763916,216.06040000915527
195,195,2,draft|draft_verify,271.2240219116211,65.93585014343262,0.0,199.0,46.0,155.996,155.996,337.2199088550537,271.2240219116211
195,195,3,draft|draft_verify,166.83697700500488,62.986135482788086,0.0,245.0,31.0,107.726,107.726,229.88313728779298,166.83697700500488
195,195,5,draft|draft_verify,60.75286865234375,69.43988800048828,0.0,289.0,9.0,31.465200000000003,63.04616028278809,130.25276385283203,63.04616028278809
195,195,6,draft|draft_verify,104.55632209777832,76.69568061828613,0.0,298.0,16.0,56.936,69.49989520048828,181.31201551606443,104.55632209777832
195,195,7,draft|draft_verify,144.04702186584473,78.44042778015137,0.0,314.0,20.0,72.1744,76.75569341828613,222.54746564599608,144.04702186584473
195,195,8,draft|draft_verify,129.46534156799316,80.50823211669922,0.0,334.0,19.0,69.3692,78.50044378015137,210.0335888846924,129.46534156799316
195,195,9,draft|draft_verify,53.414344787597656,94.11334991455078,0.0,353.0,6.0,21.491999999999997,80.56824731669921,147.58769950214844,80.56824731669921
195,195,10,draft|draft_verify,47.408342361450195,94.09570693969727,0.0,359.0,9.0,32.809200000000004,94.17335471455078,141.56405650114746,94.17335471455078
195,195,11,draft|draft_verify,184.92913246154785,94.53582763671875,0.0,368.0,35.0,131.9068,226.50265563671877,279.5249880982666,279.5249880982666
196,196,1,draft|draft_verify,224.0147590637207,60.83798408508301,0.0,202.0,47.0,159.7852,224.0147590637207,284.9127807488037,224.0147590637207
196,196,2,draft|draft_verify,115.08536338806152,60.36686897277832,0.0,249.0,25.0,86.8124,86.8124,175.51225236083985,115.08536338806152
196,196,3,draft|draft_verify,208.24742317199707,77.28457450866699,0.0,274.0,42.0,149.568,149.568,285.59203128066406,208.24742317199707
196,196,4,draft|draft_verify,189.85223770141602,77.87680625915527,0.0,316.0,37.0,135.0908,135.0908,267.7890735605713,189.85223770141602
196,196,5,draft|draft_verify|target|target_rescue_verify,306.06889724731445,191.14208221435547,495.93400955200195,353.0,56.0,211.012,495.93400955200195,993.2050338136719,495.93400955200195
196,196,6,draft|draft_verify|target|target_rescue_verify,173.0644702911377,253.4959316253662,287.9672050476074,423.0,30.0,116.5848,287.9672050476074,714.5876309641113,299.8724601038208
196,196,7,draft|draft_verify|target|backtracking_verify,301.4943599700928,256.03437423706055,382.0502758026123,457.0,46.0,183.86,382.0502758026123,939.6390468097657,429.5715838886231
196,196,8,draft|draft_verify|target|backtracking_verify,610.7578277587891,395.2302932739258,484.205961227417,1016.0,104.0,562.4896,760.1648298369629,1490.2541654601318,808.433057595752
196,196,9,draft|draft_verify|target|target_rescue_verify|backtracking_verify,881.5960884094238,668.0324077606201,939.0134811401367,1688.0,150.0,1060.9488000000001,2064.9415867785647,2488.7020973101808,1885.5888751879884
196,196,10,draft|draft_verify|target|target_rescue_verify,286.58246994018555,530.036211013794,761.6465091705322,1224.0,56.0,325.984,1104.3944576456115,1578.3252349245117,1064.9929275857971
196,196,11,draft|draft_verify|target|target_rescue_verify,340.2252197265625,627.1474361419678,582.0624828338623,1333.0,53.0,321.7756,1083.2274609234069,1549.4951811023925,1101.6770806499694
196,196,12,draft|draft_verify,147.08805084228516,153.31315994262695,0.0,706.0,19.0,85.4396,156.78685903549194,300.4612259849121,156.78685903549194
196,196,13,draft|draft_verify,847.6052284240723,174.32332038879395,0.0,725.0,119.0,563.7004,563.7004,1021.9886440128662,847.6052284240723
196,196,14,draft|draft_verify,576.4412879943848,200.01602172851562,0.0,844.0,119.0,597.4012,597.4012,776.5174049229004,576.4412879943848
196,196,15,draft|draft_verify,609.229326248169,222.3947048187256,0.0,963.0,119.0,631.102,631.102,831.6841262668945,609.229326248169
196,196,16,draft|draft_verify|target|backtracking_verify,585.646390914917,513.9105319976807,804.6844005584717,1082.0,119.0,664.8027999999999,921.8181611988402,1904.3014186710693,842.6617521137573
196,196,17,draft|draft_verify|target|backtracking_verify,546.3840961456299,757.8554153442383,235.3341579437256,2402.0,106.0,922.88,1301.8677924721192,1539.6337542335937,925.371888617749
196,196,18,draft|draft_verify|target|target_rescue_verify,282.7885150909424,1549.3042469024658,583.5182666778564,3743.0,46.0,538.7479999999999,2218.907087003959,2415.6710654712647,2059.086794676078
196,196,19,draft|draft_verify|target|target_rescue_verify,132.51328468322754,1039.3154621124268,254.14180755615234,2566.0,24.0,211.18559999999997,1424.6637595742473,1426.0305735518066,1424.6637595742473
197,197,1,draft|draft_verify,210.2503776550293,49.800872802734375,0.0,152.0,32.0,104.3392,210.2503776550293,260.1112760577637,210.2503776550293
197,197,2,draft|draft_verify,229.59661483764648,56.11586570739746,0.0,184.0,43.0,144.1244,144.1244,285.77251494504395,229.59661483764648
197,197,3,draft|draft_verify,511.737585067749,79.14113998413086,0.0,227.0,92.0,323.6632,323.6632,590.9387986518799,511.737585067749
197,197,4,draft|draft_verify,366.6834831237793,107.9106330871582,0.0,319.0,64.0,236.75119999999998,236.75119999999998,474.6541674109375,366.6834831237793
197,197,5,draft|draft_verify,491.44434928894043,142.9123878479004,0.0,383.0,104.0,406.012,406.012,634.4168203368408,491.44434928894043
197,197,6,draft|draft_verify,281.65197372436523,149.55401420593262,0.0,487.0,49.0,199.5548,349.1688534059326,431.26602713029786,431.26602713029786
198,198,1,draft|draft_verify,196.05708122253418,35.060882568359375,0.0,89.0,42.0,131.364,196.05708122253418,231.17799739089355,196.05708122253418
198,198,2,draft|draft_verify,198.25053215026855,31.154155731201172,0.0,131.0,47.0,151.94680000000002,151.94680000000002,229.4647254814697,198.25053215026855
198,198,3,draft|draft_verify,233.2632541656494,51.690101623535156,0.0,178.0,53.0,177.63160000000002,177.63160000000002,285.01339818918456,233.2632541656494
198,198,4,draft|draft_verify,479.083776473999,78.33647727966309,0.0,231.0,96.0,339.13199999999995,339.13199999999995,557.480330553662,479.083776473999
198,198,5,draft|draft_verify,137.14051246643066,77.9111385345459,0.0,327.0,29.0,106.1788,106.1788,215.11167420097655,137.14051246643066
198,198,6,draft|draft_verify,95.98183631896973,98.86479377746582,0.0,356.0,19.0,70.3196,176.89597071201172,194.90664529643556,194.90664529643556
199,199,1,draft|draft_verify,195.15323638916016,31.79025650024414,0.0,119.0,46.0,147.356,195.15323638916016,227.0035296894043,195.15323638916016
199,199,2,draft|draft_verify,175.24957656860352,50.96578598022461,0.0,165.0,39.0,128.7564,128.7564,226.27539374882812,175.24957656860352
199,199,3,draft|draft_verify,297.14274406433105,61.362266540527344,0.0,204.0,66.0,226.39200000000002,226.39200000000002,358.5650634048584,297.14274406433105
199,199,4,draft|draft_verify,309.01622772216797,78.13096046447754,0.0,270.0,66.0,236.68800000000002,236.68800000000002,387.2072409866455,309.01622772216797
199,199,5,draft|draft_verify,125.3807544708252,78.53460311889648,0.0,336.0,25.0,91.8236,91.8236,203.9753775897217,125.3807544708252
199,199,6,draft|draft_verify,307.93094635009766,104.70271110534668,0.0,361.0,66.0,250.88400000000001,250.88400000000001,412.69371025544433,307.93094635009766
199,199,7,draft|draft_verify,209.0616226196289,142.23909378051758,0.0,427.0,45.0,176.6172,176.6172,351.36075240014645,209.0616226196289
199,199,8,draft|draft_verify,66.3912296295166,29363.150358200073,0.0,472.0,13.0,51.0908,29505.50949838059,29429.60159822959,29505.50949838059
200,200,1,draft|draft_verify,359.73644256591797,61.5544319152832,0.0,129.0,82.0,268.388,359.73644256591797,421.35094008120114,359.73644256591797
200,200,2,draft|draft_verify,42.27280616760254,57.727813720703125,0.0,211.0,9.0,29.9676,61.614497515283205,100.06062708830567,61.614497515283205
200,200,3,draft|draft_verify|target|target_rescue_verify,394.61469650268555,166.55635833740234,706.8471908569336,220.0,85.0,296.87,706.8471908569336,1268.0783136970215,706.8471908569336
200,200,4,draft|draft_verify,515.7310962677002,100.68917274475098,0.0,327.0,105.0,396.07320000000004,396.07320000000004,616.4803530124511,515.7310962677002
200,200,5,draft|draft_verify,555.0358295440674,143.92805099487305,0.0,432.0,109.0,438.9308,438.9308,699.0239677389404,555.0358295440674
200,200,6,draft|draft_verify,536.2045764923096,132.46560096740723,0.0,541.0,110.0,471.6136,471.6136,668.7302654597167,536.2045764923096
200,200,7,draft|draft_verify,87.59331703186035,131.84785842895508,0.0,651.0,18.0,78.588,264.4335617963623,219.50118986081543,264.4335617963623
201,201,1,draft|draft_verify,161.03005409240723,52.08396911621094,0.0,172.0,36.0,119.28,161.03005409240723,213.17405200861816,161.03005409240723
201,201,2,draft|draft_verify,180.2363395690918,61.92779541015625,0.0,208.0,41.0,139.606,139.606,242.22416777924803,180.2363395690918
201,201,3,draft|draft_verify|target|target_rescue_verify,286.5948677062988,139.6803855895996,378.57556343078613,249.0,62.0,218.932,378.57556343078613,804.9108663266845,378.57556343078613
201,201,4,draft|draft_verify|target|target_rescue_verify,265.16079902648926,170.61543464660645,411.24820709228516,306.0,57.0,208.5468,411.24820709228516,847.0844863653808,411.24820709228516
201,201,5,draft|draft_verify,304.71181869506836,100.6934642791748,0.0,367.0,61.0,232.31,232.31,405.46533177424317,304.71181869506836
201,201,6,draft|draft_verify|target|target_rescue_verify,210.4489803314209,258.7742805480957,541.0366058349609,428.0,49.0,192.75799999999998,541.0366058349609,1010.3199059144775,541.0366058349609
201,201,7,draft|draft_verify|target|backtracking_verify,67.77119636535645,272.48692512512207,320.1332092285156,515.0,13.0,52.3292,320.1332092285156,660.4513411189942,320.1332092285156
201,201,8,draft|draft_verify|target|target_rescue_verify,106.9338321685791,540.9245491027832,189.63885307312012,1090.0,18.0,96.4992,772.0474526019043,837.5572487444824,772.0474526019043
202,202,1,draft|draft_verify,251.4183521270752,31.206607818603516,0.0,123.0,55.0,177.35479999999998,251.4183521270752,282.6850039456787,251.4183521270752
202,202,2,draft|draft_verify,353.7333011627197,60.38498878479004,0.0,178.0,79.0,267.446,267.446,414.17835314750977,353.7333011627197
202,202,3,draft|draft_verify,108.95514488220215,60.44793128967285,0.0,257.0,23.0,80.1868,80.1868,169.463094571875,108.95514488220215
202,202,4,draft|draft_verify|target|target_rescue_verify,117.66886711120605,155.99846839904785,287.22119331359863,280.0,25.0,88.598,287.22119331359863,560.9485488238525,287.22119331359863
202,202,5,draft|draft_verify,109.10344123840332,76.47538185119629,0.0,311.0,23.0,83.03800000000001,83.03800000000001,185.6388414895996,109.10344123840332
202,202,6,draft|draft_verify,135.6649398803711,76.93910598754883,0.0,334.0,28.0,102.9104,179.90952838754882,212.66406826791993,212.6640682679199
203,203,1,draft|draft_verify,480.31139373779297,51.4681339263916,0.0,116.0,108.0,353.61600000000004,480.31139373779297,531.8396140641846,480.31139373779297
203,203,2,draft|draft_verify,277.0240306854248,59.45444107055664,0.0,224.0,61.0,211.718,211.718,336.53852055598145,277.0240306854248
203,203,3,draft|draft_verify|target|target_rescue_verify,810.8623027801514,268.0332660675049,1082.2458267211914,285.0,196.0,741.764,1082.2458267211914,2161.201552368848,1082.2458267211914
203,203,4,draft|draft_verify,167.52958297729492,126.0981559753418,0.0,464.0,39.0,156.0252,156.0252,293.68777015263674,167.52958297729492
203,203,5,draft|draft_verify|target|backtracking_verify,939.9192333221436,289.7963523864746,809.2105388641357,503.0,223.0,967.4155999999999,1112.3739545932372,2038.986302972754,1084.877587915381
203,203,6,draft|draft_verify|target|target_rescue_verify,518.9597606658936,460.6947898864746,349.7648239135742,1360.0,113.0,705.0652,935.4726853432373,1329.4794648659424,749.3672460091309
203,203,7,draft|draft_verify|target|target_rescue_verify,119.39311027526855,309.5967769622803,362.55383491516113,722.0,25.0,114.0572,385.20580342437745,791.60374215271,385.20580342437745
203,203,8,draft|draft_verify,121.4284896850586,154.18577194213867,0.0,773.0,24.0,112.21199999999999,309.0441796232788,275.67428082719726,309.0441796232788
204,204,1,draft|draft_verify,148.9253044128418,50.4612922668457,0.0,177.0,36.0,119.7,148.9253044128418,199.4466254796875,148.9253044128418
204,204,2,draft|draft_verify,212.3115062713623,59.83543395996094,0.0,213.0,54.0,185.508,185.508,272.20698343132324,212.3115062713623
204,204,3,draft|draft_verify,434.3078136444092,78.17697525024414,0.0,267.0,98.0,354.8248,354.8248,512.5448672946534,434.3078136444092
204,204,4,draft|draft_verify|target|target_rescue_verify,611.0818386077881,266.60966873168945,657.658576965332,365.0,131.0,510.28600000000006,657.658576965332,1535.4101891048094,744.4467777736328
204,204,5,draft|draft_verify,646.6190814971924,128.8139820098877,0.0,452.0,141.0,580.23,580.23,775.49317630708,646.6190814971924
204,204,6,draft|draft_verify|target|target_rescue_verify,205.2617073059082,281.11910820007324,797.0433235168457,593.0,38.0,163.4056,797.0433235168457,1283.484169422827,797.0433235168457
204,204,7,draft|draft_verify,68.86816024780273,151.41987800598145,0.0,705.0,14.0,62.3944,140.55955410003662,220.3480494537842,140.55955410003662
204,204,8,draft|draft_verify,69.22554969787598,151.9489288330078,0.0,719.0,13.0,58.20440000000001,303.48882843898923,221.2344889308838,303.48882843898923
205,205,1,draft|draft_verify,218.63365173339844,59.88788604736328,0.0,255.0,46.0,162.044,218.63365173339844,278.58157458076175,218.63365173339844
205,205,2,draft|draft_verify|target|target_rescue_verify,211.99822425842285,152.43220329284668,186.8269443511963,301.0,45.0,163.3116,239.58773764642334,551.3174079024658,288.27436190484616
205,205,3,draft|draft_verify,193.0999755859375,77.59237289428711,0.0,324.0,42.0,154.488,154.488,270.7523820802246,193.0999755859375
205,205,4,draft|draft_verify,134.19747352600098,91.19224548339844,0.0,366.0,32.0,120.2608,120.2608,225.4497446093994,134.19747352600098
205,205,5,draft|draft_verify,26.163578033447266,91.59398078918457,0.0,398.0,6.0,22.031999999999996,91.25227108339844,117.81756362263184,91.25227108339844
205,205,6,draft|draft_verify,302.1116256713867,124.79138374328613,0.0,404.0,65.0,253.59640000000002,253.59640000000002,426.96306141467284,302.1116256713867
205,205,7,draft|draft_verify,422.4226474761963,127.19273567199707,0.0,469.0,91.0,372.302,372.302,549.6754559481933,422.4226474761963
205,205,8,draft|draft_verify,467.0429229736328,132.6916217803955,0.0,560.0,100.0,431.936,431.936,599.7946247540283,467.0429229736328
205,205,9,draft|draft_verify,496.157169342041,154.72102165222168,0.0,660.0,100.0,455.696,455.696,650.9382709942627,496.157169342041
205,205,10,draft|draft_verify|target|backtracking_verify,93.77074241638184,309.10706520080566,291.97120666503906,760.0,22.0,101.9984,309.3946518526245,694.9090318822266,309.3946518526245
205,205,11,draft|draft_verify|target|target_rescue_verify,83.63533020019531,490.894079208374,97.67389297485352,1580.0,16.0,103.088,645.5076246087768,672.2633151834228,645.5076246087768
206,206,1,draft|draft_verify,342.3154354095459,60.38308143615723,0.0,187.0,76.0,258.62,342.3154354095459,402.7585776457031,342.3154354095459
206,206,2,draft|draft_verify,491.78290367126465,77.72040367126465,0.0,263.0,105.0,380.09880000000004,380.09880000000004,569.5633913425293,491.78290367126465
206,206,3,draft|draft_verify,191.68853759765625,92.13685989379883,0.0,368.0,41.0,154.966,154.966,283.88543029145507,191.68853759765625
206,206,4,draft|draft_verify|target|target_rescue_verify,80.38330078125,185.43195724487305,149.2323875427246,409.0,16.0,60.932,277.6888627386719,415.10765836884764,277.6888627386719
207,207,1,draft|draft_verify|target|backtracking_verify,229.22182083129883,103.23643684387207,260.3003978729248,166.0,50.0,165.9616,280.9000792532349,592.8186955480957,280.9000792532349
207,207,2,draft|draft_verify|target|backtracking_verify,513.533353805542,180.63092231750488,380.6931972503662,420.0,113.0,452.3932,542.7687515587525,1074.9175637734131,603.9089053642945
207,207,3,draft|draft_verify|target|target_rescue_verify,1053.1368255615234,467.8483009338379,1175.278663635254,809.0,223.0,1130.4524,2303.905271601701,2696.3239685306153,2226.589697163224
207,207,4,draft|draft_verify|target|target_rescue_verify,1099.9391078948975,536.5414619445801,813.6322498321533,988.0,239.0,1318.534,2154.6434856717406,2450.173010871631,1936.0485935666381
207,207,5,draft|draft_verify|target|target_rescue_verify|backtracking_verify,527.2021293640137,24607.369661331177,607.384443283081,755.0,112.0,537.4903999999999,19296.76995723992,25742.01632357827,19286.481686603936
207,207,6,draft|draft_verify|target|target_rescue_verify,564.5313262939453,605.1044464111328,811.6731643676758,853.0,112.0,563.5975999999999,7011.567421924981,1981.369026672754,7011.567421924981
207,207,7,draft|draft_verify|target|target_rescue_verify,118.00527572631836,264.56284523010254,503.12018394470215,523.0,28.0,115.1576,503.12018394470215,885.748327301123,503.12018394470215
207,207,8,draft|draft_verify,176.50294303894043,132.34448432922363,0.0,604.0,37.0,159.974,159.974,308.90745696816407,176.50294303894043
207,207,9,draft|draft_verify|target|target_rescue_verify,106.26697540283203,262.8800868988037,128.0815601348877,641.0,21.0,91.542,395.3446176280273,497.2886392365234,395.3446176280273
208,208,1,draft|draft_verify,183.31360816955566,30.825376510620117,0.0,119.0,40.0,127.81040000000002,183.31360816955566,214.1990166801758,183.31360816955566
208,208,2,draft|draft_verify,257.2453022003174,51.38373374938965,0.0,159.0,58.0,192.1784,192.1784,308.689082349707,257.2453022003174
208,208,3,draft|draft_verify,205.45721054077148,60.331106185913086,0.0,217.0,46.0,157.94,157.94,265.8483535266846,205.45721054077148
208,208,4,draft|draft_verify,325.4218101501465,76.73048973083496,0.0,263.0,70.0,250.24880000000002,250.24880000000002,402.2123558809814,325.4218101501465
208,208,5,draft|draft_verify,210.49237251281738,92.36001968383789,0.0,333.0,45.0,166.6908,166.6908,302.91242819665524,210.49237251281738
208,208,6,draft|draft_verify,104.57372665405273,93.2929515838623,0.0,378.0,21.0,78.918,185.7730240677002,197.92669503791504,197.92669503791504
209,209,1,draft|draft_verify,34.19756889343262,21.850109100341797,0.0,104.0,7.0,21.637999999999998,34.19756889343262,56.10768359377441,34.19756889343262
209,209,2,draft|draft_verify,160.7656478881836,29.331445693969727,0.0,111.0,36.0,114.156,114.156,190.15712238215332,160.7656478881836
209,209,3,draft|draft_verify,112.41292953491211,29.953479766845703,0.0,147.0,25.0,80.9372,80.9372,142.42642930175782,112.41292953491211
209,209,4,draft|draft_verify,45.50290107727051,45.82810401916504,0.0,172.0,10.0,32.5232,32.5232,91.39101309643556,45.50290107727051
209,209,5,draft|draft_verify,133.35824012756348,50.084829330444336,0.0,182.0,30.0,99.81120000000001,99.81120000000001,183.5030934580078,133.35824012756348
209,209,6,draft|draft_verify,49.559593200683594,50.17495155334473,0.0,212.0,11.0,36.79,50.144853330444334,99.79455355402831,50.144853330444334
209,209,7,draft|draft_verify,102.71477699279785,59.076786041259766,0.0,223.0,23.0,78.39160000000001,78.39160000000001,161.8515814340576,102.71477699279785
209,209,8,draft|draft_verify,19.209623336791992,59.37981605529785,0.0,246.0,4.0,13.265600000000001,59.13680444125976,78.64944259208984,59.13680444125976
209,209,9,draft|draft_verify,50.7349967956543,59.21626091003418,0.0,250.0,11.0,37.702,59.43981925529785,110.01126650568847,59.43981925529785
209,209,10,draft|draft_verify,62.7284049987793,59.67593193054199,0.0,261.0,15.0,52.071600000000004,59.27626971003418,122.46434892932129,62.7284049987793
209,209,11,draft|draft_verify,84.44976806640625,76.38955116271973,0.0,276.0,18.0,63.288000000000004,63.288000000000004,160.89933362912598,84.44976806640625
209,209,12,draft|draft_verify,51.57113075256348,76.0033130645752,0.0,294.0,11.0,38.757999999999996,76.44956556271973,127.63445261713866,76.44956556271973
209,209,13,draft|draft_verify,72.1745491027832,76.94578170776367,0.0,305.0,11.0,39.022,153.06911237233888,149.18033961054687,153.06911237233888
210,210,1,draft|draft_verify,122.1611499786377,21.929502487182617,0.0,79.0,31.0,95.774,122.1611499786377,144.15067726582032,122.1611499786377
210,210,2,draft|draft_verify,523.461103439331,52.96158790588379,0.0,110.0,101.0,328.39,328.39,576.4827721452149,523.461103439331
210,210,3,draft|draft_verify,348.4792709350586,60.93025207519531,0.0,211.0,75.0,259.3836,259.3836,409.4695830102539,348.4792709350586
210,210,4,draft|draft_verify,254.71735000610352,83.47153663635254,0.0,286.0,54.0,194.79360000000003,194.79360000000003,338.24892984245605,254.71735000610352
210,210,5,draft|draft_verify,255.0959587097168,103.49273681640625,0.0,340.0,55.0,205.478,205.478,358.64873952612305,255.0959587097168
210,210,6,draft|draft_verify|target|target_rescue_verify,83.45365524291992,227.15258598327637,419.3277359008789,395.0,17.0,64.2844,419.3277359008789,729.9939907270752,419.3277359008789
210,210,7,draft|draft_verify,84.71059799194336,125.29802322387695,0.0,457.0,17.0,66.6652,238.93432981551513,210.0686348158203,238.93432981551513
211,211,1,draft|draft_verify,210.5112075805664,30.816316604614258,0.0,84.0,47.0,146.758,210.5112075805664,241.38756178518065,210.5112075805664
211,211,2,draft|draft_verify,235.25094985961914,46.07892036437988,0.0,131.0,53.0,171.76600000000002,171.76600000000002,281.389912623999,235.25094985961914
211,211,3,draft|draft_verify,628.4105777740479,77.79979705810547,0.0,184.0,139.0,482.8892,482.8892,706.2704860321534,628.4105777740479
211,211,4,draft|draft_verify,412.89544105529785,104.09975051879883,0.0,323.0,89.0,333.046,333.046,517.0552627740967,412.89544105529785
211,211,5,draft|draft_verify,113.7540340423584,125.23174285888672,0.0,412.0,23.0,88.3708,229.45158297768555,239.0457953012451,239.0457953012451
212,212,1,draft|draft_verify|target|backtracking_verify,153.01012992858887,155.6723117828369,260.64372062683105,301.0,32.0,115.4248,260.64372062683105,569.3861879382569,260.64372062683105
212,212,2,draft|draft_verify|target|target_rescue_verify|backtracking_verify,394.6497440338135,341.42589569091797,621.0887432098389,673.0,84.0,383.50800000000004,950.181860573108,1357.2244501345704,961.3236046069214
212,212,3,draft|draft_verify|target|backtracking_verify,352.82301902770996,372.7569580078125,776.9863605499268,724.0,76.0,355.28,1023.4009595808227,1502.6263983854492,1020.9439786085327
212,212,4,draft|draft_verify|target|target_rescue_verify,784.6155166625977,32981.96840286255,1370.1543807983398,1646.0,178.0,1247.888,31134.786280503486,35136.798442723484,30671.51379716608
212,212,5,draft|draft_verify|target|target_rescue_verify,1633.0795288085938,880.2456855773926,1527.6236534118652,1372.0,368.0,2426.6848,5874.760185013555,4041.0091621978518,5874.760185013555
212,212,6,draft|draft_verify|target|backtracking_verify,186.4016056060791,257.74431228637695,135.18118858337402,571.0,39.0,165.7836,423.58794348637696,579.3871376758301,444.2059490924561
213,213,1,draft|draft_verify|target|backtracking_verify,157.65023231506348,62.200307846069336,230.604887008667,143.0,35.0,113.5468,230.604887008667,450.5154551697998,230.604887008667
213,213,2,draft|draft_verify|target|target_rescue_verify|backtracking_verify,434.44371223449707,225.36444664001465,1386.932134628296,355.0,98.0,375.3112,1499.6143579483032,2046.8003719028077,1499.6143579483032
213,213,3,draft|draft_verify|target|backtracking_verify,953.8474082946777,450.2856731414795,1206.4542770385742,801.0,221.0,1115.542,2295.1430891102823,2610.6475352747316,2133.44849740496
213,213,4,draft|draft_verify|target|target_rescue_verify,1423.8345623016357,1154.5641422271729,5857.641935348511,1725.0,317.0,2338.2364000000002,8063.5179298832645,8436.10089347732,7149.1160921849
213,213,6,draft|draft_verify,406.1474800109863,154.64305877685547,0.0,704.0,83.0,384.9244,384.9244,560.8506051878418,406.1474800109863
213,213,7,draft|draft_verify,143.39876174926758,172.95002937316895,0.0,787.0,36.0,170.94,343.95005817316894,316.4088199224365,327.71318335002445
214,214,1,draft|draft_verify,305.7870864868164,29.29520606994629,0.0,71.0,68.0,212.04399999999998,305.7870864868164,335.1423469567627,305.7870864868164
214,214,2,draft|draft_verify,104.38728332519531,30.738115310668945,0.0,139.0,24.0,77.2152,77.2152,135.18541783586426,104.38728332519531
214,214,3,draft|draft_verify,41.28694534301758,30.570030212402344,0.0,163.0,9.0,29.046000000000003,30.798134510668945,71.91698275541992,41.28694534301758
214,214,4,draft|draft_verify,185.89234352111816,50.86493492126465,0.0,172.0,42.0,139.5312,139.5312,236.8173120423828,185.89234352111816
214,214,5,draft|draft_verify,186.62476539611816,60.00995635986328,0.0,214.0,42.0,143.66400000000002,143.66400000000002,246.69475535598144,186.62476539611816
214,214,6,draft|draft_verify,165.56954383850098,60.98461151123047,0.0,256.0,35.0,122.7676,122.7676,226.61418334973143,165.56954383850098
214,214,7,draft|draft_verify|target|target_rescue_verify,123.8863468170166,165.4222011566162,259.92655754089355,291.0,25.0,89.2316,259.92655754089355,549.2951255145264,259.92655754089355
214,214,8,draft|draft_verify,138.93985748291016,84.57303047180176,0.0,327.0,28.0,102.4568,187.08985287180175,223.57291035471192,223.5729103547119
215,215,1,draft|draft_verify,205.733060836792,32.84001350402832,0.0,98.0,49.0,154.742,205.733060836792,238.63311354082032,205.733060836792
215,215,2,draft|draft_verify,92.3621654510498,33.63919258117676,0.0,147.0,22.0,71.1032,71.1032,126.06137563222656,92.3621654510498
215,215,3,draft|draft_verify,250.38480758666992,55.55391311645508,0.0,169.0,61.0,203.798,203.798,305.998769503125,250.38480758666992
215,215,4,draft|draft_verify,45.159101486206055,63.27390670776367,0.0,230.0,9.0,30.3324,55.613961916455075,108.49301539396973,55.613961916455075
215,215,5,draft|draft_verify,277.21405029296875,66.38431549072266,0.0,239.0,60.0,210.2904,210.2904,343.6584137836914,277.21405029296875
215,215,6,draft|draft_verify,62.67523765563965,83.98604393005371,0.0,299.0,11.0,38.878,66.44436349072265,146.72129038569335,66.44436349072265
215,215,7,draft|draft_verify,227.21433639526367,78.08828353881836,0.0,310.0,49.0,179.1644,179.1644,305.36265913408204,227.21433639526367
215,215,8,draft|draft_verify,105.55911064147949,92.60916709899902,0.0,359.0,24.0,89.35919999999999,89.35919999999999,198.22829694047851,105.55911064147949
215,215,9,draft|draft_verify,261.1241340637207,124.99237060546875,0.0,383.0,62.0,238.5496,238.5496,386.17655426918947,261.1241340637207
215,215,10,draft|draft_verify,53.66921424865723,125.02384185791016,0.0,445.0,12.0,46.346399999999996,125.05242020546875,178.75306570656738,125.05242020546875
215,215,11,draft|draft_verify,111.96708679199219,125.29516220092773,0.0,457.0,25.0,98.7932,250.4390336588379,237.32226899291993,250.4390336588379
216,216,1,draft|draft_verify,259.1373920440674,30.738115310668945,0.0,95.0,66.0,209.388,259.1373920440674,289.9355601547363,259.1373920440674
216,216,2,draft|draft_verify,86.16805076599121,46.68712615966797,0.0,161.0,22.0,71.8088,71.8088,132.91519452565916,86.16805076599121
216,216,3,draft|draft_verify,136.48509979248047,51.216840744018555,0.0,183.0,30.0,99.88080000000001,99.88080000000001,187.76196453649902,136.48509979248047
216,216,4,draft|draft_verify,214.31756019592285,60.70971488952637,0.0,213.0,46.0,157.508,157.508,275.08731188544925,214.31756019592285
216,216,5,draft|draft_verify,216.55559539794922,78.38678359985352,0.0,259.0,50.0,176.8984,176.8984,295.0024189978027,216.55559539794922
216,216,6,draft|draft_verify,241.94931983947754,80.10745048522949,0.0,309.0,52.0,190.244,190.244,322.116811924707,241.94931983947754
216,216,7,draft|draft_verify|target|target_rescue_verify,254.1670799255371,206.27236366271973,378.9942264556885,361.0,52.0,196.6088,378.9942264556885,839.4937116439453,378.9942264556885
216,216,8,draft|draft_verify|target|target_rescue_verify,114.24064636230469,250.91814994812012,331.02965354919434,415.0,23.0,88.5292,331.02965354919434,696.2484682596191,331.02965354919434
216,216,9,draft|draft_verify,121.98233604431152,125.22125244140625,0.0,452.0,24.0,94.49279999999999,125.45907497406006,247.26360768571777,125.45907497406006
216,216,10,draft|draft_verify,147.51338958740234,126.31058692932129,0.0,476.0,31.0,124.358,125.28127164140625,273.88400131672364,147.51338958740234
216,216,11,draft|draft_verify,242.16485023498535,127.77423858642578,0.0,507.0,50.0,206.0632,206.0632,369.9991288214111,242.16485023498535
216,216,12,draft|draft_verify,234.99155044555664,131.09159469604492,0.0,557.0,50.0,211.9432,211.9432,366.1431851416015,234.99155044555664
216,216,13,draft|draft_verify,290.5120849609375,134.01031494140625,0.0,607.0,56.0,244.54,244.54,424.58244470234376,290.5120849609375
216,216,14,draft|draft_verify|target|target_rescue_verify,286.745548248291,307.9805374145508,451.8017768859863,663.0,58.0,261.12559999999996,451.8017768859863,1046.587908948828,451.8017768859863
216,216,15,draft|draft_verify,191.32661819458008,157.32407569885254,0.0,727.0,41.0,189.43,189.43,348.7107266934326,191.32661819458008
216,216,16,draft|draft_verify|target|backtracking_verify,66.97702407836914,313.17687034606934,142.2429084777832,768.0,13.0,59.6156,314.0325540718872,522.4568133022217,314.0325540718872
216,216,17,draft|draft_verify|target|backtracking_verify,664.9177074432373,722.3937511444092,736.5100383758545,1562.0,136.0,918.4399999999998,1828.550441346234,2123.881605763501,1575.0281487894713
216,216,18,draft|draft_verify|target|backtracking_verify|target_rescue_verify,890.1717662811279,8581.303834915161,426.4063835144043,3370.0,160.0,1775.7199999999998,9604.22577118657,9897.942112710693,8718.677537467698
216,216,19,draft|draft_verify|target|target_rescue_verify,1627.2523403167725,2190.1543140411377,2300.347089767456,5128.0,304.0,4712.096,8636.753605877255,6117.813987325366,5551.909946194029
216,216,20,draft|draft_verify|target|target_rescue_verify,95.92080116271973,381.3629150390625,113.56997489929199,902.0,19.0,93.9068,373.2543322229594,590.9137063010742,373.2543322229594
216,216,21,draft|draft_verify,264.1284465789795,201.23958587646484,0.0,913.0,60.0,305.7288,507.0284338764648,465.42808045544433,465.42808045544433
217,217,1,draft|draft_verify|target|target_rescue_verify,312.50500679016113,100.5549430847168,387.401819229126,135.0,76.0,249.26,387.401819229126,800.5218299040039,387.401819229126
217,217,2,draft|draft_verify|target|target_rescue_verify,446.41971588134766,128.60369682312012,512.0360851287842,196.0,102.0,352.6128,512.0360851287842,1087.119579433252,512.0360851287842
217,217,3,draft|draft_verify,374.575138092041,87.59641647338867,0.0,280.0,89.0,323.9644,323.9644,462.23162576542967,374.575138092041
217,217,4,draft|draft_verify,435.6100559234619,136.85297966003418,0.0,369.0,90.0,346.73040000000003,346.73040000000003,572.5231075834961,435.6100559234619
217,217,5,draft|draft_verify,426.9216060638428,136.8541717529297,0.0,459.0,97.0,395.318,532.2322493529297,563.8358554167725,563.8358554167725
218,218,1,draft|draft_verify,82.73077011108398,30.302762985229492,0.0,114.0,18.0,56.6784,82.73077011108398,113.09354749631348,82.73077011108398
218,218,2,draft|draft_verify,73.1043815612793,30.008554458618164,0.0,132.0,18.0,57.412800000000004,57.412800000000004,103.17295041989746,73.1043815612793
218,218,3,draft|draft_verify,301.9366264343262,51.2394905090332,0.0,150.0,79.0,262.2044,262.2044,353.2361801433594,301.9366264343262
218,218,4,draft|draft_verify,106.82511329650879,60.12320518493652,0.0,229.0,26.0,89.14,89.14,167.00833928144533,106.82511329650879
218,218,5,draft|draft_verify,91.69173240661621,59.85522270202637,0.0,255.0,18.0,62.431200000000004,62.431200000000004,151.60696950864258,91.69173240661621
218,218,6,draft|draft_verify,379.6095848083496,78.25756072998047,0.0,273.0,79.0,285.23,285.23,457.9272087383301,379.6095848083496
218,218,7,draft|draft_verify,122.93243408203125,92.69833564758301,0.0,352.0,26.0,96.52000000000001,96.52000000000001,215.69079052961428,122.93243408203125
218,218,8,draft|draft_verify,85.71195602416992,92.3922061920166,0.0,378.0,20.0,75.09280000000001,92.75835644758301,178.16417821618654,92.75835644758301
218,218,9,draft|draft_verify,188.44962120056152,124.34577941894531,0.0,398.0,45.0,173.5548,173.5548,312.8554366195068,188.44962120056152
218,218,10,draft|draft_verify|target|target_rescue_verify,123.19159507751465,253.59416007995605,334.96928215026855,443.0,28.0,109.9736,334.96928215026855,711.8150597077392,334.96928215026855
218,218,11,draft|draft_verify,82.67045021057129,127.07090377807617,0.0,489.0,17.0,67.894,126.79708003997803,209.80136758864745,126.79708003997803
218,218,12,draft|draft_verify,198.49395751953125,136.5678310394287,0.0,506.0,42.0,172.39679999999998,172.39679999999998,335.12182215895996,198.49395751953125
218,218,13,draft|draft_verify|target|target_rescue_verify,106.53162002563477,257.6122283935547,267.9026126861572,548.0,25.0,104.03479999999999,267.9026126861572,632.1064811053467,267.9026126861572
218,218,14,draft|draft_verify,68.13955307006836,128.15093994140625,0.0,585.0,14.0,58.6504,257.01706533818356,196.35050421147463,257.01706533818356
219,219,1,draft|draft_verify,254.31370735168457,51.145076751708984,0.0,136.0,61.0,199.046,254.31370735168457,305.51883290339356,254.31370735168457
219,219,2,draft|draft_verify,258.4190368652344,60.47987937927246,0.0,197.0,61.0,207.82999999999998,207.82999999999998,318.95896504450684,258.4190368652344
219,219,3,draft|draft_verify,88.93203735351562,60.591697692871094,0.0,258.0,22.0,76.6976,76.6976,149.5837526463867,88.93203735351562
219,219,4,draft|draft_verify,72.36957550048828,61.45167350769043,0.0,280.0,18.0,63.4512,63.4512,133.8812634081787,72.36957550048828
219,219,5,draft|draft_verify,128.36599349975586,77.95286178588867,0.0,298.0,27.0,96.92760000000001,96.92760000000001,206.37887688564453,128.36599349975586
219,219,6,draft|draft_verify,274.5225429534912,93.3380126953125,0.0,325.0,59.0,218.6764,218.6764,367.9206028488037,274.5225429534912
219,219,7,draft|draft_verify|target|target_rescue_verify,209.38730239868164,227.0359992980957,204.36954498291016,384.0,45.0,172.0764,285.65443564904785,640.8528826796875,322.96533804772946
219,219,8,draft|draft_verify,452.03137397766113,127.34580039978027,0.0,409.0,94.0,371.55920000000003,371.55920000000003,579.4372495774414,452.03137397766113
219,219,9,draft|draft_verify,363.513708114624,131.42871856689453,0.0,503.0,79.0,328.286,328.286,495.00248988151856,363.513708114624
219,219,10,draft|draft_verify,361.9375228881836,132.54141807556152,0.0,582.0,79.0,343.0748,343.0748,494.5390041637451,361.9375228881836
219,219,11,draft|draft_verify,386.4753246307373,161.13567352294922,0.0,661.0,85.0,385.7756,385.7756,547.6710661536865,386.4753246307373
219,219,12,draft|draft_verify,95.81136703491211,155.64298629760742,0.0,746.0,20.0,91.87360000000001,161.19574152294922,251.51436933251955,161.19574152294922
219,219,13,draft|draft_verify,54.40211296081543,160.8433723449707,0.0,766.0,10.0,45.3536,316.6063826425781,215.30549330578614,316.6063826425781
220,220,1,draft|draft_verify,170.33696174621582,30.18951416015625,0.0,109.0,37.0,117.20599999999999,170.33696174621582,200.58650550637208,170.33696174621582
220,220,2,draft|draft_verify,233.31308364868164,52.26421356201172,0.0,146.0,52.0,170.2928,170.2928,285.63733881069334,233.31308364868164
220,220,3,draft|draft_verify,424.06487464904785,61.318397521972656,0.0,198.0,99.0,342.342,342.342,485.4433513710205,424.06487464904785
220,220,4,draft|draft_verify,292.1640872955322,78.59277725219727,0.0,297.0,63.0,229.6908,229.6908,370.8169149477295,292.1640872955322
220,220,5,draft|draft_verify,439.0368461608887,142.5154209136963,0.0,360.0,95.0,364.582,364.582,581.6123430745849,439.0368461608887
220,220,6,draft|draft_verify|target|backtracking_verify,312.2279644012451,264.83869552612305,545.706033706665,455.0,68.0,273.7912,545.706033706665,1122.832748034033,545.706033706665
220,220,7,draft|draft_verify|target|target_rescue_verify,183.52031707763672,259.1216564178467,441.75076484680176,523.0,39.0,161.406,441.75076484680176,884.4527695422852,441.75076484680176
220,220,8,draft|draft_verify|target|target_rescue_verify,147.74632453918457,261.54160499572754,235.6550693511963,587.0,31.0,132.35,263.18082729786374,645.0030236861085,278.57715183704835
220,220,9,draft|draft_verify|target|target_rescue_verify,60.172080993652344,264.911413192749,115.38362503051758,621.0,11.0,46.605999999999995,395.7422244906128,440.52712801691894,395.7422244906128
221,221,1,draft|draft_verify,395.27297019958496,54.10480499267578,0.0,136.0,87.0,286.73879999999997,395.27297019958496,449.43784479226076,395.27297019958496
221,221,2,draft|draft_verify,339.01500701904297,60.518741607666016,0.0,223.0,72.0,250.77360000000002,250.77360000000002,399.593806226709,339.01500701904297
221,221,3,draft|draft_verify|target|target_rescue_verify,2081.7511081695557,243.86334419250488,479.5265197753906,295.0,485.0,2016.31,2138.3020600962523,2805.201360137451,2203.743168265808
221,221,4,draft|draft_verify,361.9065284729004,26742.28072166443,0.0,367.0,76.0,291.02,291.02,27104.247310937328,361.9065284729004
221,221,5,draft|draft_verify,157.35483169555664,202.71754264831543,0.0,443.0,24.0,93.996,26945.11834431274,360.13239354387207,26945.11834431274
222,222,1,draft|draft_verify,199.63455200195312,31.311988830566406,0.0,136.0,44.0,142.5856,199.63455200195312,231.00657603251952,199.63455200195312
222,222,2,draft|draft_verify,248.33321571350098,51.75280570983887,0.0,180.0,55.0,184.742,184.742,300.14606542333985,248.33321571350098
222,222,3,draft|draft_verify,37.66226768493652,59.62395668029785,0.0,235.0,8.0,26.9752,51.812849709838865,97.34623076523437,51.812849709838865
222,222,4,draft|draft_verify,913.3994579315186,125.76603889465332,0.0,243.0,193.0,710.3516,710.3516,1039.225651226172,913.3994579315186
222,222,5,draft|draft_verify,845.4194068908691,147.26781845092773,0.0,436.0,187.0,773.0588,773.0588,992.7473749417969,845.4194068908691
222,222,6,draft|draft_verify|target|target_rescue_verify,796.8189716339111,333.6811065673828,1292.4554347991943,623.0,172.0,784.6136,1292.4554347991943,2423.0156506004882,1292.4554347991943
222,222,7,draft|draft_verify,983.6890697479248,204.1006088256836,0.0,834.0,211.0,1079.078,1079.078,1187.8498473736086,983.6890697479248
222,222,8,draft|draft_verify,61.45930290222168,212.79072761535645,0.0,1045.0,11.0,56.782,417.0115140410401,274.3100393175781,417.0115140410401
223,223,1,draft|draft_verify,399.242639541626,51.20229721069336,0.0,103.0,90.0,289.9128,399.242639541626,450.5050087523193,399.242639541626
223,223,2,draft|draft_verify,136.05904579162598,53.6038875579834,0.0,193.0,29.0,97.174,97.174,189.72295654960936,136.05904579162598
223,223,3,draft|draft_verify,576.641321182251,77.42547988891602,0.0,222.0,130.0,461.9552,461.9552,654.126905071167,576.641321182251
223,223,4,draft|draft_verify,585.6122970581055,142.08579063415527,0.0,352.0,132.0,510.2592,510.2592,727.7581932922608,585.6122970581055
223,223,5,draft|draft_verify,298.53343963623047,154.85668182373047,0.0,484.0,65.0,265.8844,265.8844,453.4501734599609,298.53343963623047
223,223,6,draft|draft_verify,414.9601459503174,132.16114044189453,0.0,549.0,75.0,319.4124,319.4124,547.1813463922119,414.9601459503174
223,223,7,draft|draft_verify,288.13695907592773,151.2315273284912,0.0,624.0,60.0,264.8064,264.8064,439.42853440441894,288.13695907592773
223,223,8,draft|draft_verify,97.4128246307373,152.2078514099121,0.0,684.0,18.0,79.9344,303.5594411384033,249.6806904406494,303.5594411384033
224,224,1,draft|draft_verify,157.70268440246582,30.881166458129883,0.0,100.0,34.0,106.8464,157.70268440246582,188.6438780605957,157.70268440246582
224,224,2,draft|draft_verify,79.3752670288086,29.324054718017578,0.0,134.0,17.0,54.262,54.262,108.75933534682618,79.3752670288086
224,224,3,draft|draft_verify,74.47123527526855,29.861927032470703,0.0,151.0,16.0,51.644,51.644,104.39317510773925,74.47123527526855
224,224,4,draft|draft_verify,72.41058349609375,45.59469223022461,0.0,167.0,16.0,52.22,52.22,118.06528852631835,72.41058349609375
224,224,5,draft|draft_verify,22.629737854003906,49.66282844543457,0.0,183.0,5.0,16.1308,45.65470503022461,72.35257029943847,45.65470503022461
224,224,6,draft|draft_verify,88.15836906433105,51.64313316345215,0.0,188.0,18.0,59.6976,59.6976,139.8615166277832,88.15836906433105
224,224,7,draft|draft_verify|target|target_rescue_verify,83.79077911376953,114.84789848327637,502.95162200927734,206.0,18.0,60.432,502.95162200927734,701.6503140063232,502.95162200927734
224,224,8,draft|draft_verify|target|backtracking_verify,81.89201354980469,145.91646194458008,213.3316993713379,275.0,17.0,59.6764,213.3316993713379,441.20018846572265,213.3316993713379
224,224,9,draft|draft_verify|target|backtracking_verify,94.72155570983887,238.3716106414795,125.07772445678711,597.0,19.0,80.7308,199.97662052073974,458.2309060081055,213.96737623057862
224,224,10,draft|draft_verify|target|target_rescue_verify,608.9348793029785,414.6897792816162,526.6342163085938,921.0,127.0,662.2028,1257.33183317959,1550.3189764931885,1204.0639124825684
224,224,11,draft|draft_verify,39.792776107788086,94.97857093811035,0.0,398.0,8.0,29.7136,82.93795585632324,134.83135344589843,82.93795585632324
224,224,12,draft|draft_verify,585.883617401123,137.0563507080078,0.0,406.0,126.0,502.32,502.32,723.0000689091308,585.883617401123
224,224,13,draft|draft_verify,25.907039642333984,136.8570327758789,0.0,532.0,5.0,19.4812,137.1164515080078,162.82407641821288,137.1164515080078
224,224,14,draft|draft_verify,468.51372718811035,130.1279067993164,0.0,537.0,99.0,422.0748,422.0748,598.7017131874268,468.51372718811035
224,224,15,draft|draft_verify,102.00953483581543,133.1014633178711,0.0,636.0,21.0,91.30199999999999,130.1879859993164,235.17101495368652,130.1879859993164
224,224,16,draft|draft_verify,83.6174488067627,152.52208709716797,0.0,657.0,17.0,74.3452,133.1614801178711,236.19954950393065,133.1614801178711
224,224,17,draft|draft_verify,53.91526222229004,152.01687812805176,0.0,674.0,11.0,47.878,152.58210069716796,205.9921491503418,152.58210069716796
224,224,18,draft|draft_verify|target|target_rescue_verify,47.46675491333008,305.94563484191895,137.44020462036133,685.0,10.0,43.604,458.08252976997073,490.91260237561033,458.08252976997073
225,225,1,draft|draft_verify,174.93247985839844,30.878782272338867,0.0,138.0,42.0,136.1856,174.93247985839844,205.8712957307373,174.93247985839844
225,225,2,draft|draft_verify,145.26915550231934,50.99964141845703,0.0,180.0,35.0,116.566,116.566,196.32882492077636,145.26915550231934
225,225,3,draft|draft_verify,244.79985237121582,60.56571006774902,0.0,215.0,56.0,192.796,192.796,305.42560723896486,244.79985237121582
225,225,4,draft|draft_verify|target|target_rescue_verify,125.7929801940918,141.0806179046631,411.06557846069336,271.0,29.0,102.4156,411.06557846069336,677.9991997594482,411.06557846069336
225,225,5,draft|draft_verify,55.623769760131836,78.27949523925781,0.0,333.0,11.0,39.694,70.54030895233154,133.96327379938964,70.54030895233154
225,225,6,draft|draft_verify,169.7235107421875,93.54305267333984,0.0,344.0,38.0,141.2944,141.2944,263.3265938155273,169.7235107421875
225,225,7,draft|draft_verify|target|backtracking_verify,58.57348442077637,185.88876724243164,107.06472396850586,382.0,12.0,44.6832,186.60747629455568,351.58698523171387,186.60747629455568
225,225,8,draft|draft_verify|target|target_rescue_verify,283.22339057922363,467.2055244445801,541.102409362793,787.0,60.0,287.8872,908.9025960148315,1291.5913723865967,904.2387865940552
225,225,9,draft|draft_verify,81.9711685180664,124.36819076538086,0.0,431.0,17.0,65.6668,116.80138111114502,206.39937288344726,116.80138111114502
225,225,10,draft|draft_verify,150.5744457244873,126.65176391601562,0.0,448.0,32.0,126.36160000000001,126.36160000000001,277.28623524050295,150.5744457244873
225,225,11,draft|draft_verify,71.33674621582031,126.70493125915527,0.0,480.0,15.0,59.43000000000001,126.71178951601563,198.1016894749756,126.71178951601563
225,225,12,draft|draft_verify,157.53579139709473,144.01721954345703,0.0,495.0,32.0,129.85840000000002,273.935645143457,301.6130365405518,301.6130365405518
226,226,1,draft|draft_verify,154.62374687194824,29.30927276611328,0.0,105.0,34.0,107.2424,154.62374687194824,183.99304683806153,154.62374687194824
226,226,2,draft|draft_verify,121.33598327636719,30.378103256225586,0.0,139.0,27.0,87.00600000000001,87.00600000000001,151.77410813259277,121.33598327636719
226,226,3,draft|draft_verify,187.7288818359375,50.173044204711914,0.0,166.0,42.0,138.9408,138.9408,237.9619596406494,187.7288818359375
226,226,4,draft|draft_verify,465.25096893310547,79.20002937316895,0.0,208.0,102.0,355.52160000000003,355.52160000000003,544.5110799062744,465.25096893310547
226,226,5,draft|draft_verify,296.05865478515625,93.37878227233887,0.0,310.0,64.0,235.3904,235.3904,389.4974882574951,296.05865478515625
226,226,6,draft|draft_verify,212.310791015625,93.96862983703613,0.0,374.0,44.0,167.1472,261.17586503703615,306.33945605266115,306.33945605266115
227,227,1,draft|draft_verify,148.18620681762695,21.230697631835938,0.0,74.0,33.0,101.66040000000001,148.18620681762695,169.4769308494629,148.18620681762695
227,227,2,draft|draft_verify,270.6291675567627,30.740976333618164,0.0,107.0,61.0,194.87,194.87,301.43019269038086,270.6291675567627
227,227,3,draft|draft_verify,315.8760070800781,57.96456336975098,0.0,168.0,71.0,237.958,237.958,373.9006272498291,315.8760070800781
227,227,4,draft|draft_verify,174.46184158325195,60.272216796875,0.0,239.0,35.0,121.38040000000001,121.38040000000001,234.79408638012694,174.46184158325195
227,227,5,draft|draft_verify,186.89513206481934,77.12888717651367,0.0,274.0,40.0,142.3184,219.50731917651368,264.084051241333,264.084051241333
228,228,1,draft|draft_verify,149.32918548583984,22.52936363220215,0.0,82.0,32.0,99.1312,149.32918548583984,171.91857471804198,149.32918548583984
228,228,2,draft|draft_verify,360.27979850769043,57.37471580505371,0.0,114.0,91.0,295.622,295.622,417.71458711274414,360.27979850769043
228,228,3,draft|draft_verify,405.41839599609375,69.45085525512695,0.0,205.0,90.0,311.7,311.7,474.9293232512207,405.41839599609375
228,228,5,draft|draft_verify,904.5567512512207,149.60050582885742,0.0,350.0,197.0,776.3643999999999,776.3643999999999,1054.217414680078,904.5567512512207
228,228,6,draft|draft_verify,335.56342124938965,132.23505020141602,0.0,547.0,84.0,358.4088,358.4088,467.85853865080566,335.56342124938965
228,228,7,draft|draft_verify,173.35247993469238,133.09025764465332,0.0,631.0,37.0,162.30679999999998,295.4570872446533,306.5027671793457,306.5027671793457
229,229,1,draft|draft_verify,108.5963249206543,31.453609466552734,0.0,93.0,26.0,80.98,108.5963249206543,140.10995518720705,108.5963249206543
229,229,2,draft|draft_verify,63.64560127258301,31.23760223388672,0.0,119.0,13.0,40.924400000000006,40.924400000000006,94.94321390646974,63.64560127258301
229,229,3,draft|draft_verify,317.88110733032227,51.57613754272461,0.0,132.0,63.0,205.1388,205.1388,369.5172952730469,317.88110733032227
229,229,4,draft|draft_verify,540.6899452209473,63.87186050415039,0.0,195.0,87.0,298.9164,298.9164,604.6218753250977,540.6899452209473
229,229,5,draft|draft_verify,97.30243682861328,62.92390823364258,0.0,282.0,14.0,49.196799999999996,63.93193010415039,160.28635626225588,97.30243682861328
229,229,6,draft|draft_verify|target|target_rescue_verify,576.0416984558105,183.7599277496338,458.87136459350586,296.0,114.0,422.9136,514.8536550748169,1218.7330819989502,667.9817535306274
229,229,7,draft|draft_verify,230.76891899108887,94.23112869262695,0.0,361.0,49.0,185.0396,185.0396,325.0600868837158,230.76891899108887
229,229,8,draft|draft_verify,93.20616722106934,126.58333778381348,0.0,410.0,18.0,68.7552,220.93452007644044,219.8495194048828,220.93452007644044
230,230,1,draft|draft_verify,239.34292793273926,34.30294990539551,0.0,108.0,55.0,175.4108,239.34292793273926,273.70592183813477,239.34292793273926
230,230,2,draft|draft_verify,363.9047145843506,59.54742431640625,0.0,163.0,80.0,268.0888,268.0888,423.51220290075685,363.9047145843506
230,230,3,draft|draft_verify,117.3250675201416,61.710357666015625,0.0,243.0,27.0,93.49560000000001,93.49560000000001,179.09544678615723,117.3250675201416
230,230,4,draft|draft_verify,157.59921073913574,62.416791915893555,0.0,270.0,33.0,116.7132,116.7132,220.0760290550293,157.59921073913574
230,230,5,draft|draft_verify,114.33601379394531,78.85503768920898,0.0,303.0,24.0,86.268,86.268,193.2510706831543,114.33601379394531
230,230,6,draft|draft_verify,305.5086135864258,103.76191139221191,0.0,327.0,66.0,245.58,245.58,409.3305777786377,305.5086135864258
230,230,7,draft|draft_verify,79.56457138061523,104.88009452819824,0.0,393.0,16.0,60.356,103.82196419221191,184.50467870881346,103.82196419221191
230,230,8,draft|draft_verify,137.21346855163574,127.7315616607666,0.0,409.0,29.0,111.6892,111.6892,265.00505341240233,137.21346855163574
230,230,9,draft|draft_verify,84.19489860534668,125.94103813171387,0.0,438.0,16.0,61.976,127.7915848607666,210.19594953706053,127.7915848607666
230,230,10,draft|draft_verify,62.16621398925781,127.03561782836914,0.0,454.0,13.0,50.5724,126.00105093171386,189.26184221762696,126.00105093171386
230,230,11,draft|draft_verify,90.22688865661621,132.72571563720703,0.0,467.0,18.0,71.08080000000001,259.8813582655762,223.01261869382324,259.8813582655762
231,231,1,draft|draft_verify,74.05829429626465,21.67367935180664,0.0,94.0,16.0,49.592,74.05829429626465,95.79198644807128,74.05829429626465
231,231,2,draft|draft_verify|target|backtracking_verify,604.8431396484375,93.85013580322266,351.8853187561035,110.0,137.0,451.4524,498.4375775016113,1050.6387038077637,651.8283171500489
231,231,3,draft|draft_verify|target|target_rescue_verify,1284.1756343841553,327.3959159851074,1440.018892288208,412.0,271.0,1132.55,2098.1665999329343,3051.6506594574707,2249.79223431709
231,231,4,draft|draft_verify,181.2882423400879,68.03178787231445,0.0,261.0,36.0,126.756,126.756,249.38005901240234,181.2882423400879
231,231,5,draft|draft_verify,316.58935546875,89.15090560913086,0.0,297.0,64.0,233.4248,233.4248,405.80031227788083,316.58935546875
231,231,6,draft|draft_verify|target|target_rescue_verify,473.1588363647461,236.14954948425293,418.89357566833496,361.0,95.0,364.80760000000004,482.9424507421265,1128.262037517334,591.2936871068725
231,231,7,draft|draft_verify,120.44978141784668,126.81388854980469,0.0,427.0,23.0,89.1628,244.94868169193114,247.32368836765136,247.32368836765136
232,232,1,draft|draft_verify,203.97639274597168,31.46505355834961,0.0,110.0,45.0,143.142,203.97639274597168,235.50148230432129,203.97639274597168
232,232,2,draft|draft_verify,29.320240020751953,31.081438064575195,0.0,155.0,5.0,15.862000000000002,31.52508955834961,60.46168208532715,31.52508955834961
232,232,3,draft|draft_verify,357.0139408111572,61.20777130126953,0.0,160.0,75.0,250.326,250.326,418.2817721124268,357.0139408111572
232,232,4,draft|draft_verify,153.98478507995605,68.64547729492188,0.0,235.0,30.0,103.5,172.20550129492187,222.69028637487793,222.69028637487793
233,233,1,draft|draft_verify,153.42211723327637,35.109758377075195,0.0,85.0,39.0,121.4604,153.42211723327637,188.59190681035156,153.42211723327637
233,233,2,draft|draft_verify,235.24069786071777,34.79456901550293,0.0,124.0,56.0,180.784,180.784,270.0953116762207,235.24069786071777
233,233,3,draft|draft_verify,217.1804904937744,57.106971740722656,0.0,180.0,52.0,174.45440000000002,174.45440000000002,274.34750383449705,217.1804904937744
233,233,4,draft|draft_verify,184.94200706481934,66.89929962158203,0.0,232.0,46.0,159.56,159.56,251.90134348640137,184.94200706481934
233,233,5,draft|draft_verify,149.90878105163574,88.33122253417969,0.0,278.0,32.0,113.7136,113.7136,238.30002918581542,149.90878105163574
233,233,6,draft|draft_verify,119.60458755493164,82.11183547973633,0.0,310.0,27.0,97.6764,179.84825707973633,201.77644463466797,201.77644463466797
234,234,1,draft|draft_verify,147.75896072387695,26.135921478271484,0.0,83.0,29.0,89.78200000000001,147.75896072387695,173.95490540214843,147.75896072387695
234,234,2,draft|draft_verify,209.30218696594238,33.54072570800781,0.0,112.0,48.0,153.1008,153.1008,242.9029510739502,209.30218696594238
234,234,3,draft|draft_verify|target|target_rescue_verify,450.6971836090088,135.54072380065918,665.2638912200928,160.0,106.0,357.896,665.2638912200928,1251.5618834297607,665.2638912200928
234,234,4,draft|draft_verify,145.9817886352539,73.99320602416992,0.0,263.0,28.0,98.3096,98.3096,220.03501705942384,145.9817886352539
234,234,5,draft|draft_verify,191.9093132019043,87.84961700439453,0.0,291.0,41.0,147.574,147.574,279.8189630062988,191.9093132019043
234,234,6,draft|draft_verify,259.59229469299316,104.21442985534668,0.0,332.0,54.0,200.6448,200.6448,363.86676774833984,259.59229469299316
234,234,7,draft|draft_verify,527.4126529693604,127.80189514160156,0.0,386.0,132.0,520.9488,520.9488,655.274653710962,527.4126529693604
234,234,8,draft|draft_verify|target|backtracking_verify,254.06146049499512,275.1805782318115,190.08612632751465,518.0,62.0,258.31359999999995,395.9639387159057,719.3882146543212,391.7117992109009
234,234,9,draft|draft_verify|target|target_rescue_verify,97.02277183532715,256.71958923339844,235.9786033630371,580.0,21.0,88.614,266.01010053260495,589.7809812317627,266.01010053260495
234,234,10,draft|draft_verify,96.7552661895752,137.8343105316162,0.0,609.0,18.0,76.87440000000001,266.25411954831543,234.6495911211914,266.25411954831543
235,235,1,draft|draft_verify,120.71776390075684,31.146764755249023,0.0,106.0,27.0,84.94680000000001,120.71776390075684,151.92455025600586,120.71776390075684
235,235,2,draft|draft_verify,200.77037811279297,33.995866775512695,0.0,133.0,44.0,142.276,142.276,234.82628008830565,200.77037811279297
235,235,3,draft|draft_verify,313.69709968566895,61.15317344665527,0.0,177.0,70.0,236.0072,236.0072,374.9103291323242,313.69709968566895
235,235,4,draft|draft_verify,219.59972381591797,61.875343322753906,0.0,247.0,47.0,164.75320000000002,164.75320000000002,281.53510473867186,219.59972381591797
235,235,5,draft|draft_verify,147.59540557861328,79.7731876373291,0.0,294.0,31.0,111.25399999999999,111.25399999999999,227.4286180159424,147.59540557861328
235,235,6,draft|draft_verify,133.28933715820312,77.98480987548828,0.0,325.0,26.0,94.9,172.94483067548828,211.3341678336914,211.33416783369142
236,236,1,draft|draft_verify|target|target_rescue_verify,339.28751945495605,79.0553092956543,411.8609428405762,106.0,74.0,237.43359999999998,411.8609428405762,830.2638307911866,411.8609428405762
236,236,2,draft|draft_verify,264.589786529541,65.95516204833984,0.0,168.0,55.0,183.1868,183.1868,330.60499257788086,264.589786529541
236,236,3,draft|draft_verify,184.74817276000977,70.08075714111328,0.0,223.0,40.0,137.5448,137.5448,254.88896190112305,184.74817276000977
236,236,4,draft|draft_verify,169.74472999572754,72.4477767944336,0.0,263.0,34.0,119.756,119.756,242.25253399016114,169.74472999572754
236,236,5,draft|draft_verify,229.4323444366455,87.80527114868164,0.0,297.0,47.0,170.2732,170.2732,317.29765318532714,229.4323444366455
236,236,6,draft|draft_verify,198.75502586364746,104.37536239624023,0.0,344.0,36.0,133.728,133.728,303.1904170598877,198.75502586364746
236,236,7,draft|draft_verify,112.80488967895508,96.28009796142578,0.0,380.0,22.0,82.8464,200.775506757666,209.14500524038084,209.14500524038084
237,237,1,draft|draft_verify,217.92101860046387,51.904916763305664,0.0,164.0,49.0,162.3452,217.92101860046387,269.88597456376954,217.92101860046387
237,237,2,draft|draft_verify|target|backtracking_verify,309.490442276001,123.59762191772461,439.36896324157715,213.0,69.0,238.422,439.36896324157715,872.5170826353028,439.36896324157715
237,237,3,draft|draft_verify|target|target_rescue_verify,1498.8548755645752,396.54016494750977,1029.4525623321533,564.0,310.0,1422.9104,2235.102052876709,2924.907850844238,2311.046528441284
237,237,4,draft|draft_verify|target|target_rescue_verify,703.681468963623,467.5285816192627,885.037899017334,722.0,139.0,661.0748,1454.300296923114,2056.3080608002197,1496.906965886737
237,237,5,draft|draft_verify,535.456657409668,146.82626724243164,0.0,458.0,83.0,336.5116,336.5116,682.3429910520996,535.456657409668
237,237,7,draft|draft_verify,355.9539318084717,155.14516830444336,0.0,647.0,57.0,254.37720000000002,254.37720000000002,511.15914571291506,355.9539318084717
237,237,8,draft|draft_verify,124.62925910949707,154.41203117370605,0.0,704.0,25.0,113.0204,309.6772650781494,279.10131028320313,309.6772650781494
238,238,1,draft|draft_verify,154.06560897827148,29.749393463134766,0.0,104.0,34.0,107.1632,154.06560897827148,183.87502964140626,154.06560897827148
238,238,2,draft|draft_verify,143.2805061340332,36.63921356201172,0.0,138.0,26.0,83.68,83.68,179.9797404960449,143.2805061340332
238,238,3,draft|draft_verify,165.66753387451172,52.093505859375,0.0,164.0,34.0,111.9152,111.9152,217.82106693388673,165.66753387451172
238,238,4,draft|draft_verify,183.81190299987793,62.32452392578125,0.0,198.0,40.0,135.2048,135.2048,246.1964589256592,183.81190299987793
238,238,5,draft|draft_verify,81.89892768859863,65.19341468811035,0.0,238.0,17.0,58.2556,62.38455592578125,147.15235597670898,81.89892768859863
238,238,6,draft|draft_verify,194.39053535461426,69.7176456451416,0.0,255.0,40.0,140.54000000000002,140.54000000000002,264.16821299975584,194.39053535461426
238,238,7,draft|draft_verify,57.97410011291504,82.25607872009277,0.0,295.0,11.0,38.782,152.0937651652344,140.2901876330078,152.0937651652344
239,239,1,draft|draft_verify,99.91240501403809,58.21537971496582,0.0,193.0,22.0,73.4216,99.91240501403809,158.1878023290039,99.91240501403809
239,239,2,draft|draft_verify,193.99476051330566,72.8919506072998,0.0,215.0,44.0,150.7384,150.7384,266.9467463206055,193.99476051330566
239,239,3,draft|draft_verify,172.67322540283203,68.43757629394531,0.0,259.0,37.0,130.166,130.166,241.17083129677735,172.67322540283203
239,239,4,draft|draft_verify|target|target_rescue_verify,666.475772857666,227.36859321594238,426.6383647918701,296.0,145.0,543.5036,657.2480126079712,1320.5428468654786,780.2201854656372
239,239,5,draft|draft_verify,218.6439037322998,96.28772735595703,0.0,350.0,47.0,176.1244,176.1244,314.9916686882568,218.6439037322998
239,239,6,draft|draft_verify,106.68420791625977,97.50032424926758,0.0,397.0,16.0,60.5,96.34776495595703,204.24454496552733,106.68420791625977
239,239,7,draft|draft_verify|target|target_rescue_verify,268.85008811950684,258.76736640930176,318.41325759887695,413.0,54.0,210.948,340.39172640465085,846.0907553276855,398.2938145241577
239,239,8,draft|draft_verify,174.05390739440918,127.46191024780273,0.0,459.0,36.0,143.388,143.388,301.5758464422119,174.05390739440918
239,239,9,draft|draft_verify,233.25538635253906,138.1850242614746,0.0,495.0,55.0,225.56599999999997,225.56599999999997,371.5004546140137,233.25538635253906
239,239,10,draft|draft_verify|target|target_rescue_verify,291.51296615600586,264.739990234375,343.198299407959,550.0,60.0,254.328,386.7580431171875,899.5113037983399,423.94300927319335
239,239,11,draft|draft_verify,250.00333786010742,152.6930332183838,0.0,597.0,49.0,212.2268,212.2268,402.7564102784912,250.00333786010742
239,239,12,draft|draft_verify,325.9143829345703,171.7979907989502,0.0,646.0,62.0,277.0528,277.0528,497.7724233335205,325.9143829345703
239,239,13,draft|draft_verify,242.4921989440918,157.92107582092285,0.0,708.0,50.0,229.70080000000002,229.70080000000002,400.4733147650146,242.4921989440918
239,239,14,draft|draft_verify|target|backtracking_verify,491.79840087890625,356.6598892211914,684.100866317749,758.0,101.0,483.90999999999997,684.100866317749,1532.6192372178466,684.100866317749
239,239,15,draft|draft_verify|target|target_rescue_verify,786.90505027771,776.3814926147461,976.0091304779053,1721.0,161.0,1153.846,2224.1968135000125,2539.355802170361,1857.2558637777222
239,239,16,draft|draft_verify,378.1585693359375,224.5621681213379,0.0,946.0,79.0,411.2156,411.2156,602.7808006572754,378.1585693359375
239,239,17,draft|draft_verify,360.156774520874,234.89093780517578,0.0,1025.0,79.0,426.00440000000003,426.00440000000003,595.1077755260499,360.156774520874
239,239,18,draft|draft_verify,393.79024505615234,261.4932060241699,0.0,1104.0,79.0,440.79319999999996,440.79319999999996,655.3435142803223,393.79024505615234
239,239,19,draft|draft_verify,410.20894050598145,260.1161003112793,0.0,1183.0,79.0,455.582,455.582,670.3851040172608,410.20894050598145
239,239,20,draft|draft_verify,387.46070861816406,282.5944423675537,0.0,1262.0,79.0,470.37080000000003,470.37080000000003,670.1152141857178,387.46070861816406
239,239,21,draft|draft_verify,379.8990249633789,281.93211555480957,0.0,1341.0,79.0,485.1596,485.1596,661.8912037181885,379.8990249633789
239,239,22,draft|draft_verify,398.0069160461426,315.92655181884766,0.0,1420.0,79.0,499.9484,499.9484,713.9935310649903,398.0069160461426
239,239,23,draft|draft_verify,378.76129150390625,339.71595764160156,0.0,1499.0,79.0,514.7372,514.7372,718.5373123455079,378.76129150390625
239,239,24,draft|draft_verify,367.0523166656494,336.8704319000244,0.0,1578.0,79.0,529.526,529.526,703.9828117656739,367.0523166656494
239,239,25,draft|draft_verify,405.29537200927734,367.1538829803467,0.0,1657.0,79.0,544.3148,544.3148,772.5093181896241,405.29537200927734
239,239,26,draft|draft_verify,430.647611618042,397.68433570861816,0.0,1736.0,79.0,559.1035999999999,559.1035999999999,828.3920105266602,430.647611618042
239,239,27,draft|draft_verify,325.822114944458,396.99554443359375,0.0,1815.0,79.0,573.8924,573.8924,722.8777225780518,397.74439890861817
239,239,28,draft|draft_verify,384.0205669403076,405.0633907318115,0.0,1894.0,79.0,588.6812,588.6812,789.1440208721192,397.05560763359375
239,239,29,draft|draft_verify,390.15889167785645,433.11214447021484,0.0,1973.0,79.0,603.47,1036.642207670215,823.3310993480713,838.2956616020264
240,240,1,draft|draft_verify,205.60169219970703,78.57823371887207,0.0,328.0,42.0,154.8816,205.60169219970703,284.2399595185791,205.60169219970703
240,240,2,draft|draft_verify,553.9376735687256,127.03442573547363,0.0,370.0,132.0,515.9184,515.9184,681.0322049041993,553.9376735687256
240,240,3,draft|draft_verify|target|target_rescue_verify,201.77483558654785,288.7578010559082,362.8056049346924,502.0,40.0,163.6592,362.8056049346924,853.3982735771484,362.8056049346924
240,240,4,draft|draft_verify|target|target_rescue_verify,488.116979598999,260.84136962890625,460.8914852142334,546.0,99.0,424.1916,554.6723640144531,1209.9099136421387,618.5977436134522
240,240,5,draft|draft_verify,207.96871185302734,135.04910469055176,0.0,619.0,44.0,192.4312,192.4312,343.0778517435791,207.96871185302734
240,240,6,draft|draft_verify,153.17082405090332,152.70113945007324,0.0,663.0,27.0,119.70360000000001,287.870300940625,305.9319851009766,305.9319851009766
241,241,1,draft|draft_verify,402.738094329834,54.35633659362793,0.0,108.0,79.0,254.342,402.738094329834,457.1544941234619,402.738094329834
241,241,2,draft|draft_verify|target|backtracking_verify,33.013105392456055,117.11931228637695,235.47601699829102,187.0,6.0,19.5,235.47601699829102,385.668439477124,235.47601699829102
241,241,3,draft|draft_verify|target|target_rescue_verify|backtracking_verify,489.21799659729004,262.59803771972656,1028.5413265228271,408.0,95.0,375.4108,1159.8403453826904,1780.4174368398437,1200.4972641484985
241,241,4,draft|draft_verify|target|target_rescue_verify,572.7090835571289,633.5766315460205,12219.196081161499,499.0,108.0,451.97040000000004,12219.196081161499,13425.54188266465,12219.196081161499
241,241,5,draft|draft_verify,679.8622608184814,125.13041496276855,0.0,270.0,164.0,608.3824,608.3824,805.05280698125,679.8622608184814
241,241,6,draft|draft_verify,514.3373012542725,146.37279510498047,0.0,434.0,99.0,397.8492,397.8492,660.770175559253,514.3373012542725
241,241,7,draft|draft_verify,99.48849678039551,144.60444450378418,0.0,533.0,16.0,65.396,291.09733160876465,244.15295408417967,291.09733160876465
242,242,1,draft|draft_verify,192.0769214630127,54.7947883605957,0.0,194.0,35.0,117.7084,192.0769214630127,246.9317378236084,192.0769214630127
242,242,2,draft|draft_verify|target|target_rescue_verify,1003.7386417388916,12282.191276550293,374.54676628112793,229.0,191.0,696.142,6837.297791075146,13660.536837370313,7144.894432814038
242,242,3,draft|draft_verify,234.44890975952148,86.71998977661133,0.0,284.0,50.0,179.8384,6141.0956382751465,321.22893953613277,6141.0956382751465
242,242,4,draft|draft_verify,289.87669944763184,100.14843940734863,0.0,334.0,60.0,223.7424,223.7424,390.08518685498046,289.87669944763184
242,242,5,draft|draft_verify,360.63289642333984,127.45285034179688,0.0,394.0,78.0,303.8784,303.8784,488.1458091651367,360.63289642333984
242,242,6,draft|draft_verify|target|backtracking_verify,371.0198402404785,284.7750186920166,383.18800926208496,472.0,74.0,301.5568,444.0043685460083,1039.0429273945801,513.4674087864869
242,242,7,draft|draft_verify|target|target_rescue_verify,1192.9428577423096,418.46299171447754,596.2133407592773,1075.0,272.0,1568.2744,1777.5661134572388,2207.6794078160647,1402.2345711995483
242,242,8,draft|draft_verify,432.79194831848145,133.99672508239746,0.0,583.0,95.0,414.8908,414.8908,566.8487494008789,432.79194831848145
242,242,9,draft|draft_verify|target|target_rescue_verify,649.4541168212891,351.6049385070801,823.662281036377,678.0,149.0,694.9179999999999,870.78058845354,1824.781455564746,825.3167052748291
242,242,10,draft|draft_verify,246.32596969604492,179.6278953552246,0.0,812.0,53.0,256.7548,256.7548,426.0139074512695,246.32596969604492
242,242,11,draft|draft_verify|target|backtracking_verify,373.1415271759033,374.5157718658447,206.19535446166992,865.0,80.0,401.188,588.5059499329224,953.912717503418,560.4594771088257
242,242,12,draft|draft_verify|target|target_rescue_verify,491.87707901000977,424.41368103027344,367.83337593078613,945.0,107.0,561.1084,985.5821666302734,1284.1842215710694,916.3508456402832
243,243,1,draft|draft_verify,119.79484558105469,32.3333740234375,0.0,118.0,20.0,63.2368,119.79484558105469,152.1882356044922,119.79484558105469
243,243,2,draft|draft_verify,165.98844528198242,32.12928771972656,0.0,138.0,36.0,116.424,116.424,198.17776180170898,165.98844528198242
243,243,3,draft|draft_verify,78.64069938659668,51.662445068359375,0.0,174.0,17.0,55.798,55.798,130.36315805495605,78.64069938659668
243,243,4,draft|draft_verify,191.02168083190918,59.4329833984375,0.0,191.0,43.0,144.83,144.83,250.5146986303467,191.02168083190918
243,243,5,draft|draft_verify,100.71563720703125,61.74874305725098,0.0,234.0,21.0,72.006,133.81475985725098,162.52439706428223,162.52439706428223
244,244,1,draft|draft_verify,114.12882804870605,47.29461669921875,0.0,161.0,25.0,81.7436,114.12882804870605,161.4834647479248,114.12882804870605
244,244,2,draft|draft_verify,137.1164321899414,58.937788009643555,0.0,186.0,31.0,103.478,103.478,196.11424499958497,137.1164321899414
244,244,3,draft|draft_verify|target|target_rescue_verify,107.17463493347168,137.176513671875,255.45001029968262,217.0,23.0,78.07480000000001,255.45001029968262,499.8611773050293,255.45001029968262
244,244,4,draft|draft_verify,103.33967208862305,73.34756851196289,0.0,252.0,16.0,55.28,68.5882568359375,176.74725340058592,103.33967208862305
244,244,5,draft|draft_verify,165.34161567687988,68.80378723144531,0.0,268.0,31.0,109.382,109.382,234.2054277083252,165.34161567687988
244,244,6,draft|draft_verify,37.12201118469238,88.30976486206055,0.0,299.0,7.0,24.445999999999998,68.8638120314453,125.49178164675293,68.8638120314453
244,244,7,draft|draft_verify,106.04238510131836,78.09877395629883,0.0,306.0,24.0,86.43359999999998,88.36977046206054,184.2011782576172,106.04238510131836
244,244,8,draft|draft_verify,92.6976203918457,79.48946952819824,0.0,330.0,17.0,61.788399999999996,78.15879315629883,172.24710352004394,92.6976203918457
244,244,9,draft|draft_verify,124.10855293273926,97.79548645019531,0.0,347.0,23.0,84.9388,182.79430485019532,221.96405778293456,221.96405778293456
245,245,1,draft|draft_verify,161.17024421691895,35.01701354980469,0.0,121.0,36.0,114.99600000000001,161.17024421691895,196.24728656672363,161.17024421691895
245,245,2,draft|draft_verify|target|target_rescue_verify,238.21020126342773,103.38664054870605,244.1105842590332,157.0,54.0,178.3848,244.1105842590332,585.767469271167,289.96356473778076
245,245,3,draft|draft_verify,164.16192054748535,51.85127258300781,0.0,190.0,37.0,124.20439999999999,124.20439999999999,216.07322273049317,164.16192054748535
245,245,4,draft|draft_verify,861.2256050109863,104.36868667602539,0.0,227.0,186.0,675.9000000000001,675.9000000000001,965.6544404870117,861.2256050109863
245,245,5,draft|draft_verify,51.01370811462402,104.77447509765625,0.0,413.0,11.0,41.614,104.42883547602538,155.84819201228026,104.42883547602538
245,245,6,draft|draft_verify,29.349803924560547,127.08544731140137,0.0,424.0,5.0,18.4444,231.97993520905763,156.4952552359619,231.97993520905763
246,246,1,draft|draft_verify,293.8404083251953,51.35345458984375,0.0,143.0,75.0,247.3068,293.8404083251953,345.2539229150391,293.8404083251953
246,246,2,draft|draft_verify,48.140764236450195,53.66325378417969,0.0,218.0,10.0,33.5168,51.41351458984375,101.8640260206299,51.41351458984375
246,246,3,draft|draft_verify,510.8346939086914,97.03540802001953,0.0,228.0,111.0,393.414,393.414,607.930190728711,510.8346939086914
246,246,4,draft|draft_verify,589.5051956176758,145.19810676574707,0.0,339.0,114.0,434.5752,434.5752,734.7633935834228,589.5051956176758
246,246,5,draft|draft_verify,478.1777858734131,128.38506698608398,0.0,453.0,114.0,465.492,465.492,606.6229440594971,478.1777858734131
246,246,6,draft|draft_verify,519.8783874511719,134.7060203552246,0.0,567.0,112.0,487.4072,487.4072,654.6444974063965,519.8783874511719
246,246,7,draft|draft_verify,102.42486000061035,154.62636947631836,0.0,679.0,20.0,88.8184,289.45249543154296,257.11124547692873,289.45249543154296
247,247,1,draft|draft_verify,73.9600658416748,29.55341339111328,0.0,120.0,16.0,50.528,73.9600658416748,103.57349203278808,73.9600658416748
247,247,2,draft|draft_verify,201.33495330810547,46.994924545288086,0.0,136.0,45.0,145.8876,145.8876,248.38991385339355,201.33495330810547
247,247,3,draft|draft_verify,59.48185920715332,50.36520957946777,0.0,181.0,13.0,42.71,47.05496054528808,109.9070791866211,59.48185920715332
247,247,4,draft|draft_verify,144.97852325439453,55.88579177856445,0.0,194.0,32.0,107.464,107.464,200.92434063295897,144.97852325439453
247,247,5,draft|draft_verify,244.63820457458496,62.332868576049805,0.0,226.0,52.0,180.0848,180.0848,307.03111475063474,244.63820457458496
247,247,6,draft|draft_verify,103.52730751037598,61.112403869628906,0.0,278.0,22.0,77.7056,77.7056,164.69972898000486,103.52730751037598
247,247,7,draft|draft_verify,212.2173309326172,80.97124099731445,0.0,300.0,46.0,166.904,166.904,293.2486087299317,212.2173309326172
247,247,8,draft|draft_verify,199.97429847717285,97.95808792114258,0.0,346.0,39.0,145.2636,145.2636,297.99241759831546,199.97429847717285
247,247,9,draft|draft_verify,290.18688201904297,126.65700912475586,0.0,385.0,53.0,203.4652,203.4652,416.9039335437988,290.18688201904297
247,247,10,draft|draft_verify,103.8661003112793,135.1335048675537,0.0,438.0,22.0,85.7696,126.71705152475586,239.059622778833,126.71705152475586
247,247,11,draft|draft_verify,182.20138549804688,128.04436683654785,0.0,460.0,41.0,163.798,163.798,310.3057851345947,182.20138549804688
247,247,12,draft|draft_verify,338.7939929962158,128.3125877380371,0.0,501.0,70.0,289.6616,289.6616,467.1666367342529,338.7939929962158
247,247,13,draft|draft_verify,361.419677734375,135.50758361816406,0.0,571.0,73.0,314.486,314.486,496.98731975253907,361.419677734375
247,247,14,draft|draft_verify,106.84013366699219,134.23609733581543,0.0,644.0,18.0,78.3024,269.8637537539795,241.13624540280762,269.8637537539795
248,248,1,draft|draft_verify,205.51276206970215,62.783241271972656,0.0,224.0,37.0,127.142,205.51276206970215,268.3560329416748,205.51276206970215
248,248,2,draft|draft_verify,275.0964164733887,64.62240219116211,0.0,261.0,46.0,162.692,162.692,339.77885546455076,275.0964164733887
248,248,3,draft|draft_verify,369.28820610046387,93.40023994445801,0.0,307.0,80.0,295.3912,295.3912,462.7485100449219,369.28820610046387
248,248,4,draft|draft_verify,71.79093360900879,93.66607666015625,0.0,387.0,16.0,60.14,93.460303944458,165.51702306916502,93.460303944458
248,248,5,draft|draft_verify,83.91857147216797,93.63651275634766,0.0,403.0,17.0,64.5916,93.72608946015625,177.61509782851562,93.72608946015625
248,248,6,draft|draft_verify,139.64390754699707,126.07026100158691,0.0,420.0,29.0,112.42840000000001,112.42840000000001,265.774191748584,139.64390754699707
248,248,7,draft|draft_verify,135.6332302093506,125.66184997558594,0.0,449.0,31.0,122.41399999999999,126.13028420158692,261.35510498493653,135.6332302093506
248,248,8,draft|draft_verify,32.68694877624512,125.66947937011719,0.0,480.0,7.0,27.0524,251.45135974570312,158.41643374636232,251.45135974570312
249,249,2,draft|draft_verify,63.81845474243164,58.296918869018555,0.0,198.0,14.0,46.576,63.81845474243164,122.17538481145019,63.81845474243164
249,249,3,draft|draft_verify,95.91889381408691,58.10737609863281,0.0,212.0,22.0,74.3792,74.3792,154.0862875127197,95.91889381408691
249,249,4,draft|draft_verify,97.13506698608398,67.56734848022461,0.0,234.0,21.0,72.006,72.006,164.7624322663086,97.13506698608398
249,249,5,draft|draft_verify,40.940284729003906,65.16861915588379,0.0,255.0,7.0,23.8124,67.62736528022461,106.16890948488769,67.62736528022461
249,249,6,draft|draft_verify,174.31950569152832,61.33127212524414,0.0,262.0,31.0,108.94999999999999,108.94999999999999,235.71080261677247,174.31950569152832
249,249,7,draft|draft_verify|target|backtracking_verify,275.1810550689697,173.65217208862305,468.5993194580078,293.0,62.0,225.37359999999998,468.5993194580078,917.4925962156005,468.5993194580078
249,249,8,draft|draft_verify|target|target_rescue_verify,932.1959018707275,334.4149589538574,393.81885528564453,725.0,164.0,786.3784,953.6460106769288,1660.4898473102294,1099.4635125476561
249,249,9,draft|draft_verify|target|target_rescue_verify|backtracking_verify,766.6816711425781,548.0804443359375,893.2771682739258,871.0,132.0,673.4328,1531.191822988916,2208.0993893524414,1624.4406941314942
249,249,10,draft|draft_verify|target|backtracking_verify,457.28492736816406,394.5620059967041,427.7987480163574,1050.0,91.0,497.798,695.139075798352,1279.7057541812255,654.626003166516
249,249,11,draft|draft_verify|target|target_rescue_verify|backtracking_verify,174.47710037231445,654.2551517486572,429.05521392822266,1723.0,31.0,214.142,952.1337531630371,1257.8474908491944,935.2727561613892
249,249,12,draft|draft_verify|target|target_rescue_verify|backtracking_verify,298.42257499694824,788.5308265686035,817.847490310669,1749.0,65.0,460.1884,1662.5891343476155,1904.8609438762207,1500.8233093445638
249,249,13,draft|draft_verify|target|target_rescue_verify,138.41557502746582,795.0589656829834,290.722131729126,1854.0,27.0,194.022,1050.4459141552368,1224.2566940395752,994.8394891827027
249,249,14,draft|draft_verify|target|target_rescue_verify,210.41393280029297,266.13521575927734,305.6011199951172,614.0,44.0,191.9152,458.11045095927733,782.2103037546875,476.6091837595703
250,250,1,draft|draft_verify,440.37675857543945,60.880422592163086,0.0,213.0,96.0,335.02799999999996,440.37675857543945,501.31725796760253,440.37675857543945
250,250,2,draft|draft_verify,281.984806060791,79.21433448791504,0.0,309.0,61.0,223.958,223.958,361.25918934870606,281.984806060791
250,250,3,draft|draft_verify,92.85950660705566,104.35819625854492,0.0,370.0,19.0,70.92439999999999,79.27438328791504,197.2777180656006,92.85950660705566
250,250,4,draft|draft_verify,35.88414192199707,98.57726097106934,0.0,389.0,7.0,25.742,104.41821145854492,134.52140849306642,104.41821145854492
250,250,5,draft|draft_verify,41.79191589355469,96.00281715393066,0.0,396.0,5.0,18.175600000000003,194.700087725,137.85473704748534,194.700087725
251,251,1,draft|draft_verify,125.42152404785156,55.1905632019043,0.0,168.0,27.0,88.8156,125.42152404785156,180.67210884975586,125.42152404785156
251,251,2,draft|draft_verify,116.82009696960449,52.143096923828125,0.0,195.0,25.0,83.702,83.702,169.02321389343263,116.82009696960449
251,251,3,draft|draft_verify|target|target_rescue_verify,379.52733039855957,134.1073513031006,366.3170337677002,220.0,82.0,286.0784,366.3170337677002,880.0117810693603,446.6410716501099
251,251,4,draft|draft_verify,304.5327663421631,85.70528030395508,0.0,269.0,65.0,232.8604,232.8604,390.29809864611815,304.5327663421631
251,251,5,draft|draft_verify,246.9494342803955,103.73163223266602,0.0,334.0,54.0,200.8992,200.8992,350.7411097130615,246.9494342803955
251,251,6,draft|draft_verify|target|target_rescue_verify,314.3181800842285,280.1392078399658,381.3824653625488,388.0,68.0,263.0176,403.14725831998294,975.8999076867432,454.44783840421144
251,251,7,draft|draft_verify,206.37059211730957,138.46588134765625,0.0,443.0,41.0,162.166,162.166,344.8965062649658,206.37059211730957
251,251,8,draft|draft_verify,74.86653327941895,134.64856147766113,0.0,484.0,13.0,51.436400000000006,273.2344860253174,209.5751051570801,273.2344860253174
252,252,1,draft|draft_verify,190.1416778564453,59.48328971862793,0.0,197.0,42.0,141.9912,190.1416778564453,249.68500117507324,190.1416778564453
252,252,2,draft|draft_verify,112.7479076385498,61.50627136230469,0.0,239.0,25.0,86.2364,86.2364,174.3141990008545,112.7479076385498
252,252,3,draft|draft_verify|target|target_rescue_verify,709.1984748840332,172.7151870727539,342.2281742095947,264.0,148.0,544.0064,630.4241119363769,1224.2019545663818,795.6161868204101
252,252,4,draft|draft_verify,648.5929489135742,132.521390914917,0.0,314.0,130.0,490.4384,490.4384,781.1744438284912,648.5929489135742
252,252,5,draft|draft_verify,168.7941551208496,127.38513946533203,0.0,444.0,36.0,142.128,142.128,296.23932338618164,168.7941551208496
252,252,6,draft|draft_verify|target|target_rescue_verify,586.3480567932129,263.3967399597168,1344.0921306610107,480.0,136.0,567.872,1344.0921306610107,2193.8970362139403,1344.0921306610107
252,252,7,draft|draft_verify,197.24011421203613,153.7916660308838,0.0,652.0,36.0,159.6,159.6,351.0918090429199,197.24011421203613
252,252,8,draft|draft_verify,41.00227355957031,159.90376472473145,0.0,688.0,7.0,30.0476,313.81546515561524,200.96604388430177,313.81546515561524
253,253,1,draft|draft_verify,375.14185905456543,60.256004333496094,0.0,165.0,84.0,282.31440000000003,375.14185905456543,435.4579305880615,375.14185905456543
253,253,2,draft|draft_verify,180.4523468017578,59.93318557739258,0.0,249.0,39.0,136.4172,136.4172,240.4455635791504,180.4523468017578
253,253,3,draft|draft_verify,260.01882553100586,78.26709747314453,0.0,288.0,56.0,202.432,202.432,338.3459678041504,260.01882553100586
253,253,4,draft|draft_verify,505.0969123840332,135.77842712402344,0.0,344.0,109.0,416.1212,416.1212,640.9354267080566,505.0969123840332
253,253,5,draft|draft_verify|target|target_rescue_verify,466.400146484375,266.9236660003662,671.6852188110352,453.0,100.0,406.51279999999997,671.6852188110352,1405.0691112957763,671.6852188110352
253,253,6,draft|draft_verify|target|target_rescue_verify,1783.172369003296,336.48204803466797,744.4117069244385,558.0,384.0,1791.48,1959.781331217334,2864.1264311624022,1951.4737002206298
253,253,7,draft|draft_verify,650.371789932251,159.60931777954102,0.0,678.0,123.0,569.5355999999999,569.5355999999999,810.041206111792,650.371789932251
253,253,8,draft|draft_verify,72.60274887084961,176.15008354187012,0.0,801.0,13.0,60.566,335.87951012141116,248.81284281271974,335.87951012141116
254,254,1,draft|draft_verify,181.58793449401855,31.522035598754883,0.0,132.0,40.0,129.02720000000002,181.58793449401855,213.17000209277344,181.58793449401855
254,254,2,draft|draft_verify,71.80428504943848,52.631378173828125,0.0,172.0,16.0,52.4,52.4,124.4956760232666,71.80428504943848
254,254,3,draft|draft_verify,80.63578605651855,51.54061317443848,0.0,188.0,19.0,63.062,63.062,132.23641443095704,80.63578605651855
254,254,4,draft|draft_verify,88.32883834838867,52.31475830078125,0.0,207.0,19.0,63.8828,63.8828,140.70361184916993,88.32883834838867
254,254,5,draft|draft_verify,113.07764053344727,60.797691345214844,0.0,226.0,25.0,85.4876,85.4876,173.93535187866212,113.07764053344727
254,254,6,draft|draft_verify,90.38329124450684,60.6687068939209,0.0,251.0,19.0,65.7836,65.7836,151.11201333842774,90.38329124450684
254,254,7,draft|draft_verify,23.928403854370117,60.024261474609375,0.0,270.0,5.0,16.966,60.7287220939209,84.01266932897948,60.7287220939209
254,254,8,draft|draft_verify,73.5018253326416,27545.934677124023,0.0,275.0,15.0,52.542,60.084265474609374,27619.496514456667,73.5018253326416
254,254,9,draft|draft_verify,126.10888481140137,113.7394905090332,0.0,290.0,19.0,67.4684,27545.994689124025,239.90839052043458,27545.994689124025
254,254,10,draft|draft_verify,72.65233993530273,84.90562438964844,0.0,309.0,15.0,53.684400000000004,113.7995057090332,157.61797632495117,113.7995057090332
254,254,11,draft|draft_verify,25.872468948364258,77.6822566986084,0.0,324.0,5.0,17.4844,84.96563638964844,103.61472964697265,84.96563638964844
254,254,12,draft|draft_verify,51.328420639038086,77.51250267028809,0.0,329.0,10.0,35.9144,77.7422606986084,128.90093130932618,77.7422606986084
254,254,13,draft|draft_verify,88.16337585449219,92.82350540161133,0.0,339.0,16.0,58.412,77.57251067028808,181.0468940561035,88.16337585449219
254,254,14,draft|draft_verify|target|backtracking_verify,83.56475830078125,187.96539306640625,99.90167617797852,355.0,17.0,62.7484,186.92622833481445,371.491841145166,186.92622833481445
254,254,15,draft|draft_verify|target|backtracking_verify,826.671838760376,347.123384475708,148.47970008850098,736.0,174.0,841.0896,1014.711431437854,1322.3350625245848,1000.29367019823
254,254,16,draft|draft_verify|target|target_rescue_verify|backtracking_verify,256.63161277770996,698.7740993499756,571.1450576782227,1297.0,53.0,317.2828,1280.4179636437948,1526.6108122059081,1219.7667764215048
254,254,17,draft|draft_verify|target|target_rescue_verify|backtracking_verify,1158.1861972808838,933.0606460571289,1375.0927448272705,1742.0,250.0,1833.2191999999998,3549.7741646004806,3466.399788165283,2874.741161881365
254,254,18,draft|draft_verify|target|target_rescue_verify,983.2940101623535,782.7250957489014,1124.0384578704834,1598.0,207.0,1435.3116,2837.00165063774,2890.117729381738,2384.9840608000936
254,254,19,draft|draft_verify,61.920166015625,133.18443298339844,0.0,585.0,10.0,41.444,263.69862360821537,195.16460699902345,263.69862360821537
255,255,1,draft|draft_verify,63.57216835021973,26.998281478881836,0.0,94.0,13.0,40.2044,63.57216835021973,90.63046022910157,63.57216835021973
255,255,2,draft|draft_verify,103.44386100769043,43.598175048828125,0.0,107.0,22.0,69.0872,69.0872,147.10205365651854,103.44386100769043
255,255,3,draft|draft_verify,99.6999740600586,31.327486038208008,0.0,129.0,21.0,66.96600000000001,66.96600000000001,131.0874768982666,99.6999740600586
255,255,4,draft|draft_verify,43.66898536682129,30.457258224487305,0.0,150.0,9.0,28.796400000000002,31.387502838208007,74.1862507913086,43.66898536682129
255,255,5,draft|draft_verify,199.1100311279297,51.163434982299805,0.0,159.0,44.0,144.9592,144.9592,250.33350131022948,199.1100311279297
255,255,6,draft|draft_verify,89.14017677307129,51.17654800415039,0.0,203.0,18.0,60.3096,111.5461624041504,140.37673917722168,140.37673917722168
256,256,1,draft|draft_verify,280.02452850341797,31.856060028076172,0.0,116.0,64.0,206.0576,280.02452850341797,311.9406397314941,280.02452850341797
256,256,2,draft|draft_verify|target|backtracking_verify,157.5024127960205,116.67585372924805,208.08792114257812,180.0,37.0,123.34039999999999,208.08792114257812,482.3262172678467,215.90036926064454
256,256,3,draft|draft_verify|target|target_rescue_verify,226.85885429382324,199.73158836364746,168.2116985321045,425.0,54.0,212.4744,312.40023738182373,594.8621843895752,326.78469167564697
256,256,4,draft|draft_verify|target|target_rescue_verify,258.92138481140137,157.029390335083,474.9917984008789,236.0,58.0,202.712,474.9917984008789,891.0026199473632,474.9917984008789
256,256,5,draft|draft_verify,455.707311630249,104.44450378417969,0.0,311.0,104.0,388.21360000000004,388.21360000000004,560.2118986144287,455.707311630249
256,256,6,draft|draft_verify,307.19947814941406,146.96860313415527,0.0,415.0,64.0,251.26639999999998,251.26639999999998,454.2281324835693,307.19947814941406
256,256,7,draft|draft_verify|target|target_rescue_verify,583.2364559173584,259.3362331390381,182.23905563354492,479.0,122.0,506.956,636.684214169519,1024.8718422899415,712.9646700868775
256,256,8,draft|draft_verify,247.4365234375,128.32236289978027,0.0,501.0,56.0,230.548,230.548,375.8189311372803,247.4365234375
256,256,9,draft|draft_verify,309.8714351654053,132.54117965698242,0.0,557.0,68.0,290.1928,290.1928,442.4726692223877,309.8714351654053
256,256,10,draft|draft_verify,193.76730918884277,132.94291496276855,0.0,625.0,42.0,184.1064,184.1064,326.7702577516113,193.76730918884277
256,256,11,draft|draft_verify,433.84313583374023,156.46958351135254,0.0,667.0,93.0,424.4508,424.4508,590.3727937450928,433.84313583374023
256,256,12,draft|draft_verify,429.0194511413574,183.08043479919434,0.0,760.0,93.0,444.98519999999996,444.98519999999996,612.1599603405518,429.0194511413574
256,256,13,draft|draft_verify,430.49097061157227,202.08477973937988,0.0,853.0,93.0,465.51959999999997,465.51959999999997,632.6358247509522,430.49097061157227
256,256,14,draft|draft_verify,452.0535469055176,210.30783653259277,0.0,946.0,95.0,496.7836,496.7836,662.4214594381103,452.0535469055176
256,256,15,draft|draft_verify,550.971508026123,240.92340469360352,0.0,1041.0,116.0,636.2439999999999,636.2439999999999,791.9550055197266,550.971508026123
256,256,16,draft|draft_verify,610.4846000671387,265.6588554382324,0.0,1157.0,118.0,680.1128,680.1128,876.2035499053711,610.4846000671387
256,256,17,draft|draft_verify,583.8515758514404,281.85582160949707,0.0,1275.0,119.0,719.4603999999999,719.4603999999999,865.7674926609375,583.8515758514404
256,256,18,draft|draft_verify,513.9715671539307,320.5540180206299,0.0,1394.0,115.0,727.1804,727.1804,834.5856771745606,513.9715671539307
256,256,19,draft|draft_verify,89.18476104736328,323.61578941345215,0.0,1509.0,17.0,107.06199999999998,644.289913034082,412.8605640608154,644.289913034082
257,257,1,draft|draft_verify,242.50221252441406,29.710769653320312,0.0,94.0,54.0,170.37120000000002,242.50221252441406,272.27302537773437,242.50221252441406
257,257,2,draft|draft_verify,141.45159721374512,31.215429306030273,0.0,148.0,32.0,104.0416,104.0416,172.72705211977538,141.45159721374512
257,257,3,draft|draft_verify,276.536226272583,59.63730812072754,0.0,180.0,62.0,208.8304,208.8304,336.23358399331056,276.536226272583
257,257,4,draft|draft_verify,180.29379844665527,61.23805046081543,0.0,242.0,39.0,135.7788,135.7788,241.5918801074707,180.29379844665527
257,257,5,draft|draft_verify,153.67579460144043,77.76093482971191,0.0,281.0,33.0,117.558,117.558,231.49675583115234,153.67579460144043
257,257,6,draft|draft_verify,448.4062194824219,104.54273223876953,0.0,314.0,93.0,346.5084,346.5084,553.0090261211915,448.4062194824219
257,257,7,draft|draft_verify,114.61067199707031,135.3163719177246,0.0,407.0,22.0,84.2072,239.97919615649414,249.9870615147949,249.98706151479493
258,258,1,draft|draft_verify,98.67286682128906,53.67851257324219,0.0,170.0,23.0,75.5932,98.67286682128906,152.41139779453124,98.67286682128906
258,258,2,draft|draft_verify|target|target_rescue_verify,301.46050453186035,139.1005516052246,731.8859100341797,193.0,65.0,221.1868,731.8859100341797,1172.5070181712647,731.8859100341797
258,258,3,draft|draft_verify,133.06021690368652,82.11541175842285,0.0,309.0,30.0,108.6504,108.6504,215.23565266210937,133.06021690368652
258,258,4,draft|draft_verify,132.16686248779297,103.47223281860352,0.0,339.0,30.0,110.73840000000001,110.73840000000001,235.69911930639648,132.16686248779297
258,258,5,draft|draft_verify,331.0260772705078,131.84642791748047,0.0,369.0,67.0,256.046,256.046,462.9325587879883,331.0260772705078
258,258,6,draft|draft_verify,135.36405563354492,125.62251091003418,0.0,436.0,29.0,113.5036,131.90648151748047,261.0465897435791,135.36405563354492
258,258,7,draft|draft_verify,145.34425735473633,127.34746932983398,0.0,465.0,30.0,119.50800000000001,125.68253411003418,272.7517506845703,145.34425735473633
258,258,8,draft|draft_verify,526.7593860626221,128.52072715759277,0.0,495.0,111.0,463.90199999999993,463.90199999999993,655.3402020202149,526.7593860626221
258,258,9,draft|draft_verify,501.53279304504395,155.2906036376953,0.0,606.0,108.0,479.448,479.448,656.8834830827393,501.53279304504395
258,258,10,draft|draft_verify|target|target_rescue_verify,506.7934989929199,357.70726203918457,706.8588733673096,714.0,99.0,463.7052,706.8588733673096,1571.419713599414,706.8588733673096
258,258,11,draft|draft_verify|target|target_rescue_verify,671.7414855957031,388.08417320251465,570.8200931549072,825.0,130.0,648.644,842.7461906012574,1630.7058559531251,865.8436761969605
258,258,12,draft|draft_verify,151.73625946044922,201.0657787322998,0.0,913.0,27.0,135.30360000000002,395.16788693355716,352.86205979274905,395.16788693355716
259,259,1,draft|draft_verify,132.22408294677734,50.64749717712402,0.0,163.0,29.0,95.158,132.22408294677734,182.93160332390136,132.22408294677734
259,259,2,draft|draft_verify,435.23597717285156,61.65671348571777,0.0,192.0,100.0,344.4992,344.4992,496.95277065856936,435.23597717285156
259,259,3,draft|draft_verify,217.9572582244873,78.68576049804688,0.0,292.0,45.0,162.3612,162.3612,296.70305472253415,217.9572582244873
259,259,4,draft|draft_verify|target|target_rescue_verify,260.6830596923828,199.6302604675293,405.4453372955322,337.0,55.0,205.0892,405.4453372955322,865.8187014554444,405.4453372955322
259,259,5,draft|draft_verify,185.5454444885254,95.59321403503418,0.0,391.0,39.0,149.3676,149.3676,281.1986897235596,185.5454444885254
259,259,6,draft|draft_verify,163.28167915344238,134.75370407104492,0.0,430.0,33.0,129.0012,129.0012,298.0954096244873,163.28167915344238
259,259,7,draft|draft_verify,140.1972770690918,133.25071334838867,0.0,463.0,31.0,123.422,134.81373047104492,273.5080152174805,140.1972770690918
259,259,8,draft|draft_verify,246.42205238342285,137.62474060058594,0.0,494.0,51.0,208.71,208.71,384.1068337840088,246.42205238342285
259,259,9,draft|draft_verify,114.8843765258789,134.0951919555664,0.0,545.0,26.0,108.1,137.68478140058593,249.03958928144533,137.68478140058593
259,259,10,draft|draft_verify,120.70775032043457,128.59463691711426,0.0,571.0,24.0,101.0616,134.1552127555664,249.36240643754883,134.1552127555664
259,259,11,draft|draft_verify,164.2303466796875,141.770601272583,0.0,595.0,35.0,150.43,292.260629272583,306.0609759522705,306.0609759522705
260,260,1,draft|draft_verify,163.85388374328613,31.347990036010742,0.0,141.0,36.0,116.676,163.85388374328613,195.26190257929687,163.85388374328613
260,260,2,draft|draft_verify,152.67395973205566,54.41021919250488,0.0,177.0,33.0,109.5708,109.5708,207.14420532456055,152.67395973205566
260,260,3,draft|draft_verify,129.9288272857666,59.560298919677734,0.0,210.0,29.0,98.3164,98.3164,189.54914940544433,129.9288272857666
260,260,5,draft|draft_verify,120.33605575561523,68.08018684387207,0.0,271.0,19.0,66.6476,66.6476,188.4762577994873,120.33605575561523
260,260,6,draft|draft_verify,163.4819507598877,87.36419677734375,0.0,290.0,34.0,121.89439999999999,121.89439999999999,250.90617473723145,163.4819507598877
260,260,7,draft|draft_verify,87.79621124267578,86.20572090148926,0.0,324.0,18.0,65.24640000000001,87.42422397734374,174.06194654416504,87.79621124267578
260,260,8,draft|draft_verify|target|target_rescue_verify,102.28180885314941,171.68426513671875,174.30782318115234,342.0,21.0,77.19,174.30782318115234,448.3339139710205,188.1839582215088
260,260,9,draft|draft_verify,82.14402198791504,92.64755249023438,0.0,358.0,17.0,62.8636,85.84213256835938,174.8515880781494,85.84213256835938
260,260,10,draft|draft_verify,49.30377006530762,92.76676177978516,0.0,375.0,10.0,36.908,92.70756609023438,142.13053984509278,92.70756609023438
260,260,11,draft|draft_verify,152.36401557922363,125.77581405639648,0.0,385.0,34.0,129.4184,255.25424125639648,278.19985683562015,278.1998568356201
261,261,1,draft|draft_verify,419.3694591522217,51.51176452636719,0.0,118.0,97.0,316.7516,419.3694591522217,470.94130127858887,419.3694591522217
261,261,2,draft|draft_verify,83.98604393005371,51.66959762573242,0.0,215.0,19.0,64.2284,64.2284,135.71565675578614,83.98604393005371
261,261,3,draft|draft_verify,514.0907764434814,79.13613319396973,0.0,234.0,112.0,398.69599999999997,398.69599999999997,593.2869992374511,514.0907764434814
261,261,4,draft|draft_verify,529.2115211486816,141.5688991546631,0.0,346.0,114.0,436.47360000000003,436.47360000000003,670.8405115033447,529.2115211486816
261,261,5,draft|draft_verify,517.3261165618896,130.02514839172363,0.0,460.0,109.0,446.1884,446.1884,647.4113521536133,517.3261165618896
261,261,6,draft|draft_verify,642.4741744995117,154.8025608062744,0.0,569.0,134.0,587.5912000000001,587.5912000000001,797.3368425057861,642.4741744995117
261,261,7,draft|draft_verify,91.80879592895508,154.3278694152832,0.0,703.0,18.0,80.7096,309.2505518215576,246.19667974423828,309.2505518215576
262,262,1,draft|draft_verify,213.45138549804688,22.59540557861328,0.0,68.0,47.0,144.9916,213.45138549804688,236.10682867666014,213.45138549804688
262,262,2,draft|draft_verify,53.01475524902344,35.6597900390625,0.0,115.0,14.0,43.9864,43.9864,88.73455648808593,53.01475524902344
262,262,3,draft|draft_verify,251.36613845825195,51.88608169555664,0.0,129.0,59.0,191.3932,191.3932,303.3122673538086,251.36613845825195
262,262,4,draft|draft_verify,79.25057411193848,52.576303482055664,0.0,188.0,15.0,49.61880000000001,104.5824443776123,131.88688959399414,131.88688959399414
263,263,1,draft|draft_verify,257.0631504058838,61.06424331665039,0.0,240.0,47.0,163.9804,257.0631504058838,318.18743132253417,257.0631504058838
263,263,2,draft|draft_verify,121.8571662902832,78.69434356689453,0.0,287.0,27.0,96.2412,96.2412,200.61153145717773,121.8571662902832
263,263,3,draft|draft_verify,84.2139720916748,78.52792739868164,0.0,314.0,20.0,72.1744,78.75436516689453,162.80191549035646,84.2139720916748
263,263,4,draft|draft_verify,152.88257598876953,79.20575141906738,0.0,334.0,26.0,95.44,174.7057722190674,232.1483482078369,232.14834820783693
264,264,1,draft|draft_verify,110.47172546386719,59.146881103515625,0.0,191.0,27.0,90.25080000000001,110.47172546386719,169.6786281673828,110.47172546386719
264,264,2,draft|draft_verify,202.7294635772705,68.13716888427734,0.0,218.0,47.0,161.5516,161.5516,270.92667006154784,202.7294635772705
264,264,3,draft|draft_verify,242.44117736816406,87.53395080566406,0.0,265.0,52.0,184.85840000000002,184.85840000000002,330.0351697738281,242.44117736816406
264,264,4,draft|draft_verify,383.9287757873535,104.3386459350586,0.0,317.0,81.0,301.11,301.11,488.32748652241213,383.9287757873535
264,264,5,draft|draft_verify,170.80450057983398,99.33948516845703,0.0,398.0,30.0,114.8448,114.8448,270.204009748291,170.80450057983398
264,264,6,draft|draft_verify,169.7688102722168,127.62808799743652,0.0,428.0,32.0,124.87360000000001,124.87360000000001,297.45692386965334,169.7688102722168
264,264,7,draft|draft_verify,239.95494842529297,128.0198097229004,0.0,460.0,58.0,233.3552,233.3552,368.0348045481934,239.95494842529297
264,264,8,draft|draft_verify,273.6225128173828,131.1817169189453,0.0,518.0,52.0,215.8256,215.8256,404.8642713363281,273.6225128173828
264,264,9,draft|draft_verify,193.54939460754395,130.19180297851562,0.0,570.0,43.0,183.0332,183.0332,323.8012319860596,193.54939460754395
264,264,10,draft|draft_verify|target|target_rescue_verify,89.5240306854248,267.3673629760742,139.24860954284668,613.0,16.0,68.276,397.6792131545899,496.2000160043457,397.6792131545899
265,265,1,draft|draft_verify,234.02142524719238,52.4601936340332,0.0,171.0,48.0,159.75599999999997,234.02142524719238,286.5416572812256,234.02142524719238
265,265,2,draft|draft_verify|target|target_rescue_verify,318.922758102417,123.54183197021484,378.8776397705078,219.0,73.0,253.6604,378.8776397705078,821.4022882431397,380.7537324875244
265,265,3,draft|draft_verify,183.4087371826172,77.41785049438477,0.0,277.0,39.0,138.9708,138.9708,260.886618877002,183.4087371826172
265,265,4,draft|draft_verify,1140.0175094604492,137.50576972961426,0.0,316.0,248.0,972.592,972.592,1277.5834775900635,1140.0175094604492
265,265,5,draft|draft_verify,66.75267219543457,128.7252902984619,0.0,564.0,14.0,57.9952,137.56596812961425,195.5379736938965,137.56596812961425
265,265,6,draft|draft_verify,25.27022361755371,130.07426261901855,0.0,578.0,5.0,19.922800000000002,258.9195681174805,155.40449023657226,258.9195681174805
266,266,1,draft|draft_verify,247.11346626281738,30.261993408203125,0.0,83.0,53.0,165.77560000000003,247.11346626281738,277.4355020710205,247.11346626281738
266,266,2,draft|draft_verify,171.66519165039062,31.575441360473633,0.0,136.0,41.0,132.694,132.694,203.30066581086425,171.66519165039062
266,266,3,draft|draft_verify,98.74176979064941,50.74453353881836,0.0,177.0,26.0,86.02000000000001,86.02000000000001,149.5463241294678,98.74176979064941
266,266,4,draft|draft_verify,151.8077850341797,59.181928634643555,0.0,203.0,37.0,125.32759999999999,125.32759999999999,211.04974326882325,151.8077850341797
266,266,5,draft|draft_verify,85.9673023223877,60.14728546142578,0.0,240.0,21.0,72.294,132.5013022614258,146.17460458381348,146.17460458381348
267,267,1,draft|draft_verify,68.86100769042969,31.035661697387695,0.0,157.0,16.0,51.86,68.86100769042969,99.95668218781738,68.86100769042969
267,267,2,draft|draft_verify,109.31158065795898,52.39701271057129,0.0,173.0,26.0,85.78,85.78,161.7686141685303,109.31158065795898
267,267,3,draft|draft_verify,259.8917484283447,68.71604919433594,0.0,199.0,62.0,211.612,211.612,328.6678472226807,259.8917484283447
267,267,4,draft|draft_verify,176.15056037902832,88.48357200622559,0.0,261.0,44.0,155.4856,155.4856,264.6941675852539,176.15056037902832
267,267,5,draft|draft_verify,119.58909034729004,82.41415023803711,0.0,305.0,26.0,93.7,93.7,202.06326138532717,119.58909034729004
267,267,6,draft|draft_verify,89.36929702758789,81.61568641662598,0.0,331.0,19.0,69.2396,82.47417103803711,171.04499864421388,89.36929702758789
267,267,7,draft|draft_verify,121.57320976257324,94.40016746520996,0.0,350.0,26.0,96.4,96.4,216.03339802778322,121.57320976257324
267,267,8,draft|draft_verify,85.5262279510498,93.59955787658691,0.0,376.0,18.0,67.368,94.46018826520996,179.18580022763672,94.46018826520996
267,267,9,draft|draft_verify,136.3532543182373,125.23961067199707,0.0,394.0,29.0,110.6812,110.6812,261.65288819023436,136.3532543182373
267,267,10,draft|draft_verify,52.59847640991211,124.80044364929199,0.0,423.0,11.0,41.854,125.29963387199707,177.4589288592041,125.29963387199707
267,267,11,draft|draft_verify,172.52278327941895,127.26879119873047,0.0,434.0,37.0,145.286,145.286,299.8516040781494,172.52278327941895
267,267,12,draft|draft_verify|target|backtracking_verify,20.600557327270508,254.33635711669922,86.84706687927246,471.0,4.0,14.8856,254.55700255708007,361.84398452324217,254.55700255708007
267,267,13,draft|draft_verify|target|target_rescue_verify,235.14199256896973,511.7201805114746,417.70386695861816,951.0,48.0,247.73999999999998,840.442107262915,1164.6260784390624,827.8440998318847
267,267,14,draft|draft_verify,26.625394821166992,142.84324645996094,0.0,505.0,5.0,19.222,127.93004512786865,169.52864528112792,127.93004512786865
267,267,15,draft|draft_verify,120.16439437866211,136.80696487426758,0.0,510.0,28.0,114.3152,142.90325045996093,257.03138165292967,142.90325045996093
267,267,16,draft|draft_verify,176.93424224853516,128.33523750305176,0.0,538.0,42.0,175.5456,175.5456,305.3295133515869,176.93424224853516
267,267,17,draft|draft_verify,42.2511100769043,127.99811363220215,0.0,580.0,10.0,41.336,128.39527110305175,170.30923170910646,128.39527110305175
267,267,18,draft|draft_verify,389.07599449157715,152.09579467773438,0.0,590.0,93.0,407.4492,407.4492,541.2318635693116,389.07599449157715
267,267,19,draft|draft_verify,45.14932632446289,152.07290649414062,0.0,683.0,10.0,43.5608,152.15586907773437,197.28224081860353,152.15586907773437
267,267,20,draft|draft_verify,380.2168369293213,173.431396484375,0.0,693.0,93.0,430.1916,430.1916,553.7083078136964,380.2168369293213
267,267,21,draft|draft_verify,149.3687629699707,37162.64271736145,0.0,786.0,36.0,170.856,173.491470884375,37312.07150913142,173.491470884375
267,267,22,draft|draft_verify|target|backtracking_verify,453.9942741394043,479.40778732299805,580.4276466369629,822.0,93.0,458.6748,37402.466714222945,1513.8897824993653,37402.466714222945
267,267,23,draft|draft_verify|target|backtracking_verify,102.83923149108887,602.0989418029785,148.34117889404297,1830.0,20.0,141.304,540.8133805629883,853.3393681881104,540.8133805629883
267,267,24,draft|draft_verify|target|backtracking_verify|target_rescue_verify,286.59534454345703,1005.0418376922607,409.3639850616455,2784.0,59.0,560.9692,1569.7447098846314,1701.0612144973634,1309.8249807861207
267,267,25,draft|draft_verify|target|target_rescue_verify|backtracking_verify,420.5336570739746,1613.6116981506348,757.5993537902832,3790.0,87.0,1040.9243999999999,3021.094220824518,2791.8047786148927,2400.7034778984926
267,267,26,draft|draft_verify|target|target_rescue_verify,352.1702289581299,1420.6297397613525,449.76043701171875,3925.0,70.0,856.6759999999999,2577.2060871024983,2222.6204617312014,2072.700316060628
268,268,1,draft|draft_verify,130.7821273803711,31.029939651489258,0.0,94.0,29.0,90.52120000000001,130.7821273803711,161.87209023186034,130.7821273803711
268,268,2,draft|draft_verify,265.4116153717041,47.24407196044922,0.0,123.0,60.0,193.8648,193.8648,312.7157353321533,265.4116153717041
268,268,3,draft|draft_verify,270.552396774292,60.655832290649414,0.0,183.0,60.0,202.3608,202.3608,331.2682770649414,270.552396774292
268,268,4,draft|draft_verify,237.36190795898438,61.91682815551758,0.0,243.0,52.0,182.1656,182.1656,299.33877771450193,237.36190795898438
268,268,5,draft|draft_verify,407.9411029815674,95.72267532348633,0.0,295.0,87.0,319.5564,319.5564,503.72384790505373,407.9411029815674
268,268,6,draft|draft_verify,119.06242370605469,102.68878936767578,0.0,382.0,27.0,102.1692,204.9180109676758,221.81123467373047,221.81123467373047
269,269,1,draft|draft_verify,200.49786567687988,34.0113639831543,0.0,97.0,50.0,157.8472,200.49786567687988,234.56926966003417,200.49786567687988
269,269,2,draft|draft_verify,225.99124908447266,56.88762664794922,0.0,147.0,57.0,187.1772,187.1772,282.93892133242184,225.99124908447266
269,269,3,draft|draft_verify,501.67059898376465,86.28153800964355,0.0,204.0,112.0,390.704,477.0456276096436,588.0122265934083,588.0122265934082
270,270,1,draft|draft_verify,313.77506256103516,34.9276065826416,0.0,103.0,71.0,227.038,313.77506256103516,348.76272594367674,313.77506256103516
270,270,2,draft|draft_verify,103.24311256408691,56.31566047668457,0.0,174.0,25.0,82.4924,82.4924,159.6187930407715,103.24311256408691
270,270,3,draft|draft_verify,42.39177703857422,56.757211685180664,0.0,199.0,11.0,36.478,56.37568047668457,99.20899752375487,56.37568047668457
270,270,4,draft|draft_verify,88.22798728942871,57.298898696899414,0.0,210.0,21.0,70.854,70.854,145.58690278632812,88.22798728942871
270,270,5,draft|draft_verify,95.47805786132812,67.41595268249512,0.0,231.0,23.0,78.81400000000001,78.81400000000001,162.95402894382323,95.47805786132812
270,270,6,draft|draft_verify,105.67831993103027,62.16931343078613,0.0,254.0,22.0,76.496,76.496,167.9076509618164,105.67831993103027
270,270,7,draft|draft_verify,49.283742904663086,61.96856498718262,0.0,276.0,9.0,31.215600000000002,62.229331030786135,111.3123150918457,62.229331030786135
270,270,8,draft|draft_verify,76.56359672546387,78.7210464477539,0.0,285.0,18.0,63.6552,63.6552,155.34465757321777,76.56359672546387
270,270,9,draft|draft_verify,95.6885814666748,78.50122451782227,0.0,303.0,19.0,68.03,157.34230056557618,174.24982118449708,174.24982118449708
271,271,1,draft|draft_verify,231.20546340942383,34.38997268676758,0.0,123.0,51.0,164.19,231.20546340942383,265.65547689619143,231.20546340942383
271,271,2,draft|draft_verify,36.93509101867676,48.55656623840332,0.0,174.0,8.0,25.950400000000002,34.45001348676758,85.55166365708007,36.93509101867676
271,271,3,draft|draft_verify,250.11944770812988,58.06922912597656,0.0,182.0,57.0,191.8812,191.8812,308.2487224341064,250.11944770812988
271,271,4,draft|draft_verify,95.703125,59.94606018066406,0.0,239.0,22.0,75.74,75.74,155.70920278066404,95.703125
271,271,5,draft|draft_verify,85.06655693054199,60.753822326660156,0.0,261.0,18.0,62.676,62.676,145.88039365720215,85.06655693054199
271,271,6,draft|draft_verify,117.71512031555176,78.67002487182617,0.0,279.0,25.0,88.5404,88.5404,196.44516518737794,117.71512031555176
271,271,7,draft|draft_verify,29.328346252441406,76.44295692443848,0.0,304.0,6.0,20.904,78.73004487182617,105.83130797687988,78.73004487182617
271,271,8,draft|draft_verify,172.77789115905762,77.79216766357422,0.0,310.0,37.0,134.5724,134.5724,250.63008842263184,172.77789115905762
271,271,9,draft|draft_verify,93.96028518676758,92.04244613647461,0.0,347.0,20.0,73.67920000000001,77.85219726357421,186.0627473232422,93.96028518676758
271,271,10,draft|draft_verify,117.09380149841309,91.88175201416016,0.0,367.0,25.0,93.6092,93.6092,209.03557351257325,117.09380149841309
271,271,11,draft|draft_verify,102.87857055664062,93.13511848449707,0.0,392.0,22.0,83.4512,91.94177201416015,196.07370664113768,102.87857055664062
271,271,12,draft|draft_verify,66.02191925048828,125.2291202545166,0.0,414.0,14.0,53.3152,93.19513608449707,191.3110507050049,93.19513608449707
271,271,13,draft|draft_verify,79.47921752929688,132.110595703125,0.0,428.0,16.0,61.616,257.4597399576416,211.64982603242186,257.4597399576416
272,272,1,draft|draft_verify,272.9954719543457,31.01801872253418,0.0,100.0,58.0,184.1072,272.9954719543457,304.07353707687986,272.9954719543457
272,272,2,draft|draft_verify,299.47829246520996,51.73540115356445,0.0,158.0,67.0,222.6236,222.6236,351.2737472187744,299.47829246520996
272,272,3,draft|draft_verify,164.21270370483398,60.95743179321289,0.0,225.0,37.0,127.2284,127.2284,225.23016509804688,164.21270370483398
272,272,4,draft|draft_verify|target|target_rescue_verify,150.7725715637207,122.50280380249023,241.43075942993164,262.0,37.0,130.4252,241.43075942993164,514.7661643961426,241.43075942993164
272,272,5,draft|draft_verify,157.2732925415039,85.83998680114746,0.0,294.0,34.0,122.21119999999999,122.21119999999999,243.17330654265137,157.2732925415039
272,272,6,draft|draft_verify,184.2672824859619,104.56538200378418,0.0,328.0,38.0,139.8736,139.8736,288.89269488974605,184.2672824859619
272,272,7,draft|draft_verify,315.98901748657227,126.3589859008789,0.0,366.0,72.0,275.1408,275.1408,442.40806098745117,315.98901748657227
272,272,8,draft|draft_verify,207.89384841918945,126.92093849182129,0.0,438.0,44.0,173.752,173.752,334.87482211101076,207.89384841918945
272,272,9,draft|draft_verify|target|target_rescue_verify,136.21163368225098,257.9066753387451,505.7857036590576,482.0,28.0,112.5008,505.7857036590576,899.9640350800537,505.7857036590576
272,272,10,draft|draft_verify,505.05805015563965,133.6658000946045,0.0,560.0,113.0,490.0252,490.0252,638.7839406502442,505.05805015563965
272,272,11,draft|draft_verify,113.67630958557129,152.32610702514648,0.0,673.0,22.0,97.61359999999999,286.112015119751,266.06243421071775,286.112015119751
273,273,1,draft|draft_verify,117.4931526184082,30.379056930541992,0.0,105.0,26.0,81.7,117.4931526184082,147.9322303489502,117.4931526184082
273,273,2,draft|draft_verify,80.09743690490723,29.56390380859375,0.0,131.0,18.0,57.372,57.372,109.72135511350098,80.09743690490723
273,273,3,draft|draft_verify|target|target_rescue_verify,285.60638427734375,83.33110809326172,181.55169486999512,149.0,65.0,214.4284,256.15400604663085,550.5492392406006,327.3319903239746
273,273,5,draft|draft_verify,87.56303787231445,66.24102592468262,0.0,217.0,20.0,67.75120000000001,67.75120000000001,153.8640797969971,87.56303787231445
273,273,6,draft|draft_verify,92.32258796691895,68.19868087768555,0.0,237.0,21.0,72.15,72.15,160.5812856446045,92.32258796691895
273,273,7,draft|draft_verify,88.4857177734375,68.33338737487793,0.0,258.0,22.0,76.6976,76.6976,156.8791227483154,88.4857177734375
273,273,8,draft|draft_verify,45.78971862792969,68.01867485046387,0.0,280.0,11.0,38.422,68.39340497487792,113.86840227839355,68.39340497487792
273,273,9,draft|draft_verify,48.28453063964844,78.99975776672363,0.0,291.0,10.0,35.0936,68.07868365046387,127.34429640637208,68.07868365046387
273,273,10,draft|draft_verify,50.89139938354492,77.48699188232422,0.0,301.0,11.0,38.926,79.05976576672363,128.43840006586913,79.05976576672363
273,273,11,draft|draft_verify,64.97001647949219,78.35102081298828,0.0,312.0,15.0,53.7852,77.54700068232422,143.38104929248047,77.54700068232422
273,273,12,draft|draft_verify,71.7611312866211,78.02224159240723,0.0,327.0,14.0,50.6008,78.41103281298828,149.84338407902834,78.41103281298828
273,273,13,draft|draft_verify,95.62993049621582,92.31686592102051,0.0,341.0,20.0,73.4056,78.08225279240723,188.00681241723635,95.62993049621582
273,273,14,draft|draft_verify,43.949127197265625,92.6668643951416,0.0,361.0,9.0,32.8476,92.37688192102051,136.67599879240723,92.37688192102051
273,273,15,draft|draft_verify,82.84687995910645,94.1166877746582,0.0,370.0,17.0,63.3244,92.7268715951416,177.02358133376464,92.7268715951416
273,273,16,draft|draft_verify,53.85422706604004,94.26116943359375,0.0,387.0,11.0,40.989999999999995,94.17670137465821,148.17540529963378,94.17670137465821
273,273,17,draft|draft_verify,49.42727088928223,127.64811515808105,0.0,398.0,9.0,33.558,222.02930059167483,177.13539324736328,222.02930059167483
274,274,1,draft|draft_verify,118.80803108215332,31.16750717163086,0.0,134.0,25.0,80.1884,118.80803108215332,150.0355582537842,118.80803108215332
274,274,2,draft|draft_verify,174.21603202819824,50.71377754211426,0.0,159.0,39.0,128.2092,128.2092,224.9898407703125,174.21603202819824
274,274,3,draft|draft_verify|target|target_rescue_verify,722.022294998169,129.3199062347412,216.84980392456055,198.0,155.0,546.6748,611.3948771173706,1068.2521291574708,786.7423721155395
274,274,4,draft|draft_verify|target|target_rescue_verify,554.9213886260986,156.45885467529297,414.8106575012207,226.0,121.0,429.78200000000004,508.0715241376465,1126.2509976026122,633.2109127637451
274,274,5,draft|draft_verify,31.863927841186523,67.00706481933594,0.0,291.0,6.0,20.747999999999998,78.22942733764648,98.93099746052246,78.22942733764648
274,274,6,draft|draft_verify,151.106595993042,77.51655578613281,0.0,297.0,32.0,115.1272,115.1272,228.6831773791748,151.106595993042
274,274,7,draft|draft_verify,200.4258632659912,93.42837333679199,0.0,329.0,49.0,181.3532,181.3532,293.9142758027832,200.4258632659912
274,274,8,draft|draft_verify,198.43816757202148,95.98660469055176,0.0,378.0,41.0,155.926,155.926,294.48480506257323,198.43816757202148
274,274,9,draft|draft_verify,144.98162269592285,131.84309005737305,0.0,419.0,32.0,124.20400000000001,256.107115657373,276.8847383532959,276.8847383532959
275,275,1,draft|draft_verify,120.70250511169434,31.679153442382812,0.0,100.0,26.0,81.4,120.70250511169434,152.44167935407717,120.70250511169434
275,275,2,draft|draft_verify,166.3069725036621,30.61819076538086,0.0,126.0,38.0,121.936,121.936,196.98519366904296,166.3069725036621
275,275,3,draft|draft_verify|target|target_rescue_verify,261.96813583374023,103.36065292358398,326.9317150115967,164.0,61.0,203.078,326.9317150115967,692.3205525689209,326.9317150115967
275,275,4,draft|draft_verify,246.2756633758545,60.45031547546387,0.0,212.0,55.0,188.8892,188.8892,306.78602285131836,246.2756633758545
275,275,5,draft|draft_verify,243.7751293182373,87.35346794128418,0.0,267.0,50.0,177.8392,177.8392,331.18863725952144,243.7751293182373
275,275,6,draft|draft_verify,310.375452041626,101.3936996459961,0.0,317.0,62.0,228.88719999999998,228.88719999999998,411.8292012876221,310.375452041626
275,275,7,draft|draft_verify,176.46455764770508,95.69454193115234,0.0,379.0,36.0,136.668,136.668,272.2191283788574,176.46455764770508
275,275,8,draft|draft_verify,312.558650970459,126.78384780883789,0.0,415.0,65.0,255.286,255.286,439.40255077929686,312.558650970459
275,275,9,draft|draft_verify,158.25653076171875,128.20720672607422,0.0,480.0,32.0,128.7424,257.0096323260742,286.523763087793,286.523763087793
276,276,1,draft|draft_verify,224.4558334350586,47.41501808166504,0.0,136.0,51.0,165.75,224.4558334350586,271.93089231672366,224.4558334350586
276,276,2,draft|draft_verify,41.6874885559082,51.17917060852051,0.0,187.0,9.0,29.506800000000002,47.47505888166504,92.92666636442871,47.47505888166504
276,276,3,draft|draft_verify,289.959192276001,60.91666221618652,0.0,196.0,65.0,221.6476,221.6476,350.9359064921875,289.959192276001
276,276,4,draft|draft_verify,161.17405891418457,65.6137466430664,0.0,261.0,34.0,119.5976,119.5976,226.84783275725098,161.17405891418457
276,276,5,draft|draft_verify|target|target_rescue_verify,175.69613456726074,156.2035083770752,348.9398956298828,295.0,37.0,133.2764,348.9398956298828,680.8995681742188,348.9398956298828
276,276,6,draft|draft_verify,349.63369369506836,94.39301490783691,0.0,344.0,73.0,275.2604,275.2604,444.0867670029053,349.63369369506836
276,276,7,draft|draft_verify,97.76139259338379,126.30414962768555,0.0,417.0,20.0,76.8712,220.81723893552248,224.12555822106935,224.12555822106935
277,277,1,draft|draft_verify,474.0023612976074,53.43294143676758,0.0,119.0,107.0,350.97400000000005,474.0023612976074,527.495388334375,474.0023612976074
277,277,2,draft|draft_verify,242.0029640197754,61.39683723449707,0.0,226.0,55.0,190.7036,190.7036,303.45984525427247,242.0029640197754
277,277,3,draft|draft_verify,458.20116996765137,92.77868270874023,0.0,281.0,95.0,346.75960000000003,346.75960000000003,551.0399286763916,458.20116996765137
277,277,4,draft|draft_verify,89.63704109191895,93.7047004699707,0.0,376.0,20.0,75.0016,186.60347517871094,183.40175756188967,186.60347517871094
278,278,1,draft|draft_verify,83.08744430541992,52.35576629638672,0.0,212.0,18.0,60.6768,83.08744430541992,135.50322500180664,83.08744430541992
278,278,2,draft|draft_verify,68.74871253967285,61.05232238769531,0.0,230.0,15.0,51.03,52.41578069638672,129.86104692736816,68.74871253967285
278,278,3,draft|draft_verify,265.28000831604004,61.771392822265625,0.0,245.0,58.0,203.9432,203.9432,327.11144753830564,265.28000831604004
278,278,4,draft|draft_verify,85.23726463317871,76.94458961486816,0.0,303.0,18.0,64.3896,64.3896,162.24186864804688,85.23726463317871
278,278,5,draft|draft_verify,314.3942356109619,93.80912780761719,0.0,321.0,69.0,256.0476,256.0476,408.2634186185791,314.3942356109619
278,278,6,draft|draft_verify,133.77022743225098,94.15793418884277,0.0,390.0,29.0,110.4124,110.4124,227.98818482109374,133.77022743225098
278,278,7,draft|draft_verify,72.89862632751465,125.23341178894043,0.0,419.0,15.0,57.3804,94.21795738884278,198.19205011645508,94.21795738884278
278,278,8,draft|draft_verify,124.51624870300293,127.47025489807129,0.0,434.0,26.0,101.44,125.29342378894043,252.04652440107424,125.29342378894043
278,278,9,draft|draft_verify,54.036617279052734,126.48415565490723,0.0,460.0,11.0,42.742,127.53027569807129,180.58078173395995,127.53027569807129
278,278,10,draft|draft_verify,53.87091636657715,127.80094146728516,0.0,471.0,11.0,43.006,126.54416445490723,181.7318666338623,126.54416445490723
278,278,11,draft|draft_verify|target|backtracking_verify,81.97975158691406,255.40709495544434,190.8881664276123,482.0,17.0,67.62519999999999,255.62451134500733,528.3350265699708,255.62451134500733
278,278,12,draft|draft_verify|target|target_rescue_verify,412.10317611694336,399.29747581481934,148.23246002197266,1006.0,86.0,460.81600000000003,660.5248067074097,959.6931807537353,611.811982824353
278,278,13,draft|draft_verify,25.39968490600586,128.16810607910156,0.0,585.0,5.0,19.990000000000002,199.64873790740967,153.6277949851074,199.64873790740967
278,278,14,draft|draft_verify|target|target_rescue_verify,738.9664649963379,293.3645248413086,221.30227088928223,590.0,157.0,700.8764,847.6187880206543,1253.6933863269287,885.7088530169922
278,278,15,draft|draft_verify,149.11174774169922,132.8434944152832,0.0,620.0,31.0,134.726,146.6822624206543,282.01526695698243,149.11174774169922
278,278,16,draft|draft_verify,146.74758911132812,152.8944969177246,0.0,651.0,31.0,136.958,136.958,299.70211082905274,146.74758911132812
278,278,17,draft|draft_verify|target|backtracking_verify,178.50446701049805,309.56244468688965,237.75053024291992,682.0,38.0,171.3088,326.1500527434448,725.8774723403076,333.34571975394283
278,278,18,draft|draft_verify|target|backtracking_verify,257.7211856842041,468.597412109375,232.51843452453613,1435.0,54.0,340.9464,575.3051492546874,958.8970755181152,492.0799349388916
278,278,19,draft|draft_verify|target|target_rescue_verify|backtracking_verify,713.526725769043,1054.4750690460205,1637.061595916748,2241.0,152.0,1275.9207999999999,3246.084543082849,3405.1235123318115,2683.690468851892
278,278,20,draft|draft_verify|target|target_rescue_verify,41.06020927429199,319.8535442352295,114.89701271057129,747.0,7.0,30.897199999999998,335.7326225586182,475.8707718200928,335.7326225586182
278,278,21,draft|draft_verify,31.408071517944336,159.21521186828613,0.0,759.0,6.0,26.363999999999997,159.92677211761475,190.68328818623047,159.92677211761475
278,278,22,draft|draft_verify,29.955625534057617,156.5079689025879,0.0,765.0,5.0,21.718,315.843189570874,186.5235984366455,315.843189570874
279,279,1,draft|draft_verify,99.1065502166748,33297.30796813965,0.0,120.0,24.0,76.1664,99.1065502166748,33396.47453755632,99.1065502166748
279,279,2,draft|draft_verify,311.54322624206543,136.44027709960938,0.0,144.0,47.0,153.382,33297.36798733965,448.0435409416748,33297.36798733965
279,279,3,draft|draft_verify,260.8373165130615,68.20225715637207,0.0,191.0,59.0,200.02360000000002,200.02360000000002,329.0996208694336,260.8373165130615
279,279,4,draft|draft_verify,323.02093505859375,87.39733695983887,0.0,250.0,71.0,251.734,251.734,410.4783288184326,323.02093505859375
279,279,5,draft|draft_verify,416.34654998779297,106.22620582580566,0.0,321.0,91.0,340.334,340.334,522.6328286135986,416.34654998779297
279,279,6,draft|draft_verify,224.87783432006836,143.35393905639648,0.0,412.0,46.0,179.0,179.0,368.2918101764649,224.87783432006836
279,279,7,draft|draft_verify,111.62996292114258,126.28316879272461,0.0,458.0,22.0,86.77759999999999,269.7571622491211,237.97314931386717,269.7571622491211
280,280,1,draft|draft_verify,90.16275405883789,29.15811538696289,0.0,118.0,20.0,63.2368,90.16275405883789,119.38088544580079,90.16275405883789
280,280,2,draft|draft_verify,214.51735496520996,46.514272689819336,0.0,138.0,49.0,159.35,159.35,261.0916668550293,214.51735496520996
280,280,3,draft|draft_verify,75.67143440246582,49.83949661254883,0.0,187.0,17.0,56.2972,56.2972,125.57094461501465,75.67143440246582
280,280,4,draft|draft_verify,208.36591720581055,60.13655662536621,0.0,204.0,46.0,156.536,156.536,268.5625106311768,208.36591720581055
280,280,5,draft|draft_verify|target|target_rescue_verify,360.7473373413086,148.23150634765625,346.52209281921387,250.0,74.0,262.6624,346.52209281921387,855.5609957081788,434.92314971513673
280,280,6,draft|draft_verify,305.4940700531006,88.01388740539551,0.0,297.0,65.0,237.1612,237.1612,393.5680094584961,305.4940700531006
280,280,7,draft|draft_verify,241.6858673095703,103.92260551452637,0.0,362.0,51.0,192.87,192.87,345.6685136240967,241.6858673095703
280,280,8,draft|draft_verify,134.56201553344727,125.4417896270752,0.0,413.0,27.0,104.1036,229.6054112270752,260.0638267605225,260.0638267605225
281,281,1,draft|draft_verify,137.85600662231445,30.709028244018555,0.0,97.0,30.0,93.8952,137.85600662231445,168.625058866333,137.85600662231445
281,281,2,draft|draft_verify,794.9273586273193,69.92101669311523,0.0,127.0,173.0,584.6428,584.6428,864.9085137204346,794.9273586273193
281,281,3,draft|draft_verify,378.9393901824951,92.14401245117188,0.0,300.0,70.0,256.376,256.376,471.14345863366697,378.9393901824951
281,281,4,draft|draft_verify,388.7605667114258,141.5882110595703,0.0,370.0,90.0,346.944,346.944,530.4088497709961,388.7605667114258
281,281,5,draft|draft_verify,89.31350708007812,127.22492218017578,0.0,460.0,16.0,62.768,268.93321803974607,216.5984420602539,268.93321803974607
282,282,1,draft|draft_verify,145.20025253295898,61.36274337768555,0.0,278.0,30.0,106.4928,145.20025253295898,206.62301991064453,145.20025253295898
282,282,2,draft|draft_verify|target|target_rescue_verify,481.28366470336914,175.75860023498535,219.67196464538574,308.0,99.0,368.214,456.1533793174927,876.7743087837403,569.2230440208618
282,282,3,draft|draft_verify,125.17595291137695,78.52864265441895,0.0,334.0,26.0,95.44,95.44,203.76461636579592,125.17595291137695
282,282,4,draft|draft_verify,132.00974464416504,97.32532501220703,0.0,360.0,26.0,97.0,97.0,229.39509045637206,132.00974464416504
282,282,5,draft|draft_verify,73.43459129333496,93.13130378723145,0.0,386.0,12.0,44.788799999999995,97.38534581220704,166.6259046805664,97.38534581220704
282,282,6,draft|draft_verify,236.1452579498291,126.09148025512695,0.0,398.0,53.0,205.0876,205.0876,362.29678060495604,236.1452579498291
282,282,7,draft|draft_verify,234.11846160888672,127.9146671295166,0.0,451.0,54.0,215.78160000000003,215.78160000000003,362.0931719384033,234.11846160888672
282,282,8,draft|draft_verify,231.2619686126709,130.80143928527832,0.0,505.0,54.0,222.6504,222.6504,362.1234510979492,231.2619686126709
282,282,9,draft|draft_verify,87.18013763427734,129.319429397583,0.0,559.0,17.0,70.582,130.86148248527832,216.55958063186034,130.86148248527832
282,282,10,draft|draft_verify,232.36918449401855,132.0946216583252,0.0,576.0,49.0,209.80759999999998,209.80759999999998,364.52384535234376,232.36918449401855
282,282,11,draft|draft_verify,104.91824150085449,133.3761215209961,0.0,625.0,22.0,95.1944,265.59079997932133,238.35438062185057,265.59079997932133
283,283,1,draft|draft_verify|target|backtracking_verify,207.75866508483887,115.84329605102539,339.71285820007324,191.0,45.0,151.6956,339.71285820007324,663.3748553359375,339.71285820007324
283,283,2,draft|draft_verify|target|target_rescue_verify,379.7132968902588,139.36471939086914,339.7231101989746,236.0,81.0,285.558,355.3004244954346,858.8611912801025,449.4557213856934
283,283,3,draft|draft_verify|target|target_rescue_verify,267.25029945373535,165.45724868774414,472.69678115844727,286.0,57.0,205.8588,472.69678115844727,905.4643748999267,472.69678115844727
283,283,4,draft|draft_verify,201.88593864440918,100.26812553405762,0.0,359.0,43.0,161.76440000000002,161.76440000000002,302.2140985784668,201.88593864440918
283,283,5,draft|draft_verify,272.1753120422363,138.19050788879395,0.0,402.0,59.0,229.3948,229.3948,410.42586713103026,272.1753120422363
283,283,6,draft|draft_verify,144.53577995300293,127.06613540649414,0.0,461.0,30.0,119.2296,265.37671449528807,271.66193935949707,271.66193935949707
284,284,1,draft|draft_verify|target|backtracking_verify,94.04444694519043,44.68131065368652,175.72355270385742,91.0,21.0,65.142,175.72355270385742,314.50932710273435,175.72355270385742
284,284,2,draft|draft_verify|target|backtracking_verify|target_rescue_verify,540.5499935150146,134.53435897827148,481.86278343200684,226.0,99.0,348.9276,690.819840149707,1157.007215125293,882.4422336647217
284,284,3,draft|draft_verify|target|target_rescue_verify,607.6228618621826,255.23686408996582,758.9013576507568,454.0,128.0,525.2464,1108.946672497351,1621.8211860029053,1191.3231343595337
284,284,4,draft|draft_verify,333.13989639282227,65.93775749206543,0.0,163.0,76.0,254.3,254.3,399.13771468488767,333.13989639282227
284,284,5,draft|draft_verify|target|target_rescue_verify,335.7415199279785,153.18036079406738,369.7853088378906,239.0,74.0,260.73519999999996,446.3754892349243,858.7672487599366,488.9819399220459
285,285,1,draft|draft_verify|target|backtracking_verify,359.377384185791,113.88206481933594,463.7417793273926,140.0,80.0,263.728,463.7417793273926,937.0612923325195,463.7417793273926
285,285,2,draft|draft_verify|target|target_rescue_verify,925.4262447357178,309.7994327545166,1051.8097877502441,434.0,201.0,833.4300000000001,1591.7446292410095,2287.0956260404782,1683.7408739767272
285,285,3,draft|draft_verify|target|target_rescue_verify,442.7785873413086,182.30676651000977,380.3892135620117,300.0,100.0,370.15999999999997,461.3734632550048,1005.53464741333,533.9920505963134
285,285,4,draft|draft_verify|target|target_rescue_verify,266.481876373291,232.12003707885742,734.9810600280762,359.0,61.0,231.158,734.9810600280762,1233.6430222802246,734.9810600280762
285,285,5,draft|draft_verify,153.69391441345215,128.76176834106445,0.0,477.0,33.0,132.6108,132.6108,282.51570915451657,153.69391441345215
285,285,6,draft|draft_verify,127.89344787597656,145.5700397491455,0.0,510.0,24.0,97.69439999999999,274.45185369021,273.52350682512207,274.45185369021
286,286,1,draft|draft_verify,213.7758731842041,31.99934959411621,0.0,112.0,46.0,146.60000000000002,213.7758731842041,245.83525957832032,213.7758731842041
286,286,2,draft|draft_verify|target|backtracking_verify,755.4507255554199,135.84017753601074,427.020788192749,158.0,165.0,568.2108000000001,636.1910207680054,1318.3718232841798,823.4309463234252
286,286,3,draft|draft_verify|target|target_rescue_verify,1239.4979000091553,345.16072273254395,1886.2559795379639,547.0,279.0,1258.7628,1886.2559795379639,3470.974825479663,1886.2559795379639
286,286,4,draft|draft_verify,33.34522247314453,66.47586822509766,0.0,238.0,6.0,20.112,172.58036136627197,99.88109549824219,172.58036136627197
286,286,5,draft|draft_verify,55.7403564453125,62.577247619628906,0.0,244.0,12.0,41.04,66.53587302509766,118.3776136649414,66.53587302509766
286,286,6,draft|draft_verify,48.093557357788086,61.4171028137207,0.0,256.0,11.0,37.846,62.63725721962891,109.57066897150878,62.63725721962891
286,286,7,draft|draft_verify,59.69691276550293,61.37418746948242,0.0,267.0,14.0,48.7288,61.4771116137207,121.13111143498534,61.4771116137207
286,286,8,draft|draft_verify,45.39823532104492,64.83578681945801,0.0,281.0,10.0,34.8776,61.43419866948242,110.29403014050294,61.43419866948242
286,286,9,draft|draft_verify,64.19539451599121,79.2086124420166,0.0,291.0,13.0,45.878,64.895794819458,143.46401735800782,64.895794819458
286,286,10,draft|draft_verify,280.60007095336914,95.30949592590332,0.0,304.0,59.0,215.7532,215.7532,375.96961407927245,280.60007095336914
286,286,11,draft|draft_verify,128.25512886047363,94.17843818664551,0.0,363.0,27.0,100.98360000000001,100.98360000000001,222.49358864711914,128.25512886047363
286,286,12,draft|draft_verify,43.976783752441406,94.51961517333984,0.0,390.0,9.0,33.4044,94.2384597866455,138.55640612578125,94.2384597866455
286,286,13,draft|draft_verify,148.53644371032715,127.70485877990723,0.0,399.0,31.0,118.814,118.814,276.3013272902344,148.53644371032715
286,286,14,draft|draft_verify,115.46754837036133,128.3094882965088,0.0,430.0,24.0,93.27839999999999,127.76488357990722,243.83705586687012,127.76488357990722
286,286,15,draft|draft_verify,201.74551010131836,129.25481796264648,0.0,454.0,44.0,175.4032,175.4032,331.06036326396486,201.74551010131836
286,286,16,draft|draft_verify,147.9475498199463,138.4570598602295,0.0,498.0,31.0,125.942,129.31485316264647,286.4646344801758,147.9475498199463
286,286,17,draft|draft_verify,240.92888832092285,135.69402694702148,0.0,529.0,39.0,161.9532,161.9532,376.68294646794436,240.92888832092285
286,286,18,draft|draft_verify|target|target_rescue_verify,320.57785987854004,267.35544204711914,386.84821128845215,568.0,67.0,287.5676,421.3053746235596,974.8415668141113,454.3156345020996
286,286,19,draft|draft_verify,247.33233451843262,153.2609462738037,0.0,623.0,52.0,228.6776,228.6776,400.6533223922363,247.33233451843262
286,286,20,draft|draft_verify,36.6215705871582,155.09653091430664,0.0,675.0,7.0,29.8604,308.4775243881104,191.77810710146485,308.4775243881104
287,287,1,draft|draft_verify,299.5467185974121,31.648874282836914,0.0,89.0,67.0,211.69400000000002,299.5467185974121,331.255646480249,299.5467185974121
287,287,2,draft|draft_verify,89.85662460327148,31.918048858642578,0.0,156.0,20.0,64.9696,64.9696,121.83468946191407,89.85662460327148
287,287,3,draft|draft_verify|target|target_rescue_verify,250.09965896606445,111.51432991027832,411.9703769683838,176.0,55.0,184.2236,411.9703769683838,773.6444098447266,411.9703769683838
287,287,4,draft|draft_verify,191.50757789611816,61.63763999938965,0.0,237.0,43.0,149.4668,149.4668,253.20525229550782,191.50757789611816
287,287,5,draft|draft_verify,266.7405605316162,87.95928955078125,0.0,280.0,63.0,227.1612,227.1612,354.7599004823975,266.7405605316162
287,287,6,draft|draft_verify,125.60105323791504,87.70942687988281,0.0,343.0,21.0,77.238,175.78878363066406,213.37049691779785,213.37049691779785
288,288,1,draft|draft_verify,175.51898956298828,56.31399154663086,0.0,186.0,42.0,140.9088,175.51898956298828,231.89301470961914,175.51898956298828
288,288,2,draft|draft_verify,37.78648376464844,63.45415115356445,0.0,228.0,8.0,26.8576,56.374025146630856,101.30064131821288,56.374025146630856
288,288,3,draft|draft_verify,131.17599487304688,66.44606590270996,0.0,236.0,31.0,107.078,107.078,197.68208557575684,131.17599487304688
288,288,4,draft|draft_verify,250.22029876708984,83.29248428344727,0.0,267.0,59.0,210.6028,210.6028,333.5728302505371,250.22029876708984
288,288,5,draft|draft_verify,76.10535621643066,83.4200382232666,0.0,326.0,17.0,61.6348,83.35253148344727,159.58540803969726,83.35253148344727
288,288,6,draft|draft_verify,189.3770694732666,90.29650688171387,0.0,343.0,44.0,163.94799999999998,163.94799999999998,279.7336115549805,189.3770694732666
288,288,7,draft|draft_verify,190.14525413513184,125.03933906555176,0.0,387.0,44.0,168.4888,168.4888,315.2446284006836,190.14525413513184
288,288,8,draft|draft_verify,201.0643482208252,126.59907341003418,0.0,431.0,49.0,193.1036,193.1036,327.7234608308594,201.0643482208252
288,288,9,draft|draft_verify,46.01573944091797,126.7549991607666,0.0,480.0,10.0,39.176,126.65911261003419,172.83074660168458,126.65911261003419
288,288,10,draft|draft_verify,231.71210289001465,137.33315467834473,0.0,490.0,56.0,229.096,229.096,369.1053023683594,231.71210289001465
288,288,11,draft|draft_verify,38.47360610961914,127.70342826843262,0.0,546.0,9.0,36.3996,137.3931994783447,166.23704157805176,137.3931994783447
288,288,12,draft|draft_verify,174.13687705993652,128.2179355621338,0.0,555.0,38.0,160.0312,160.0312,302.4148430220703,174.13687705993652
288,288,13,draft|draft_verify,27.51302719116211,127.9752254486084,0.0,593.0,5.0,20.0668,128.27796596213378,155.5482566397705,128.27796596213378
288,288,14,draft|draft_verify|target|target_rescue_verify,220.92771530151367,267.7419185638428,395.42508125305176,598.0,46.0,199.088,395.42508125305176,884.1547519184082,395.42508125305176
288,288,15,draft|draft_verify,34.34467315673828,134.10210609436035,0.0,653.0,7.0,29.543599999999998,133.8709592819214,168.50678485109864,133.8709592819214
288,288,16,draft|draft_verify,96.43435478210449,159.84249114990234,0.0,660.0,19.0,83.4524,134.16211169436036,256.33686113200685,134.16211169436036
288,288,17,draft|draft_verify,50.37808418273926,153.50961685180664,0.0,679.0,11.0,47.998,159.90250634990235,203.9477098345459,159.90250634990235
288,288,18,draft|draft_verify|target|target_rescue_verify,138.4284496307373,309.77749824523926,155.37166595458984,690.0,29.0,130.57240000000002,308.51839797442625,603.6376370305663,308.51839797442625
288,288,19,draft|draft_verify,31.211376190185547,155.4551124572754,0.0,709.0,6.0,25.763999999999996,154.88874912261963,186.72649344746094,154.88874912261963
288,288,20,draft|draft_verify|target|target_rescue_verify,117.29788780212402,312.3166561126709,176.93161964416504,715.0,25.0,113.654,311.73346531361085,606.60618355896,311.73346531361085
288,288,21,draft|draft_verify,87.03851699829102,155.55500984191895,0.0,734.0,18.0,81.9744,156.15832805633545,242.65354124020996,156.15832805633545
288,288,22,draft|draft_verify,467.14305877685547,179.2163848876953,0.0,752.0,100.0,477.5552,477.5552,646.4195236645508,467.14305877685547
288,288,23,draft|draft_verify|target|target_rescue_verify,50.969839096069336,357.4635982513428,226.26185417175293,852.0,10.0,47.211200000000005,358.0682720133667,634.755299519165,358.0682720133667
288,288,24,draft|draft_verify|target|backtracking_verify,242.88654327392578,406.99052810668945,257.1685314178467,882.0,51.0,255.26999999999998,458.82530485334473,907.1056435984619,446.44184812727053
288,288,25,draft|draft_verify|target|target_rescue_verify,184.93294715881348,601.4759540557861,182.2059154510498,1851.0,44.0,319.57359999999994,620.371612227893,968.6748518656494,504.2932762812378
288,288,26,draft|draft_verify|target|target_rescue_verify,64.67938423156738,408.05578231811523,77.51202583312988,954.0,15.0,75.35640000000001,708.8537713460083,550.3072043828125,708.8537713460083
289,289,1,draft|draft_verify,152.72212028503418,31.173229217529297,0.0,97.0,34.0,106.6088,152.72212028503418,183.95537670256348,152.72212028503418
289,289,2,draft|draft_verify,137.986421585083,31.747817993164062,0.0,131.0,31.0,99.518,99.518,169.79426437824708,137.986421585083
289,289,3,draft|draft_verify,122.09105491638184,51.25784873962402,0.0,162.0,27.0,88.44120000000001,88.44120000000001,173.40892525600586,122.09105491638184
289,289,4,draft|draft_verify,224.3063449859619,58.61711502075195,0.0,189.0,50.0,168.6664,168.6664,282.9835000067138,224.3063449859619
289,289,5,draft|draft_verify,279.59251403808594,61.934471130371094,0.0,239.0,61.0,213.878,213.878,341.58703396845704,279.59251403808594
289,289,6,draft|draft_verify,158.60342979431152,78.9947509765625,0.0,300.0,34.0,122.68639999999999,122.68639999999999,237.65820797087403,158.60342979431152
289,289,7,draft|draft_verify,157.81760215759277,96.57883644104004,0.0,334.0,32.0,117.88,214.51886204104005,254.4564641986328,254.45646419863283
290,290,1,draft|draft_verify|target|backtracking_verify,311.16652488708496,66.30063056945801,327.3811340332031,95.0,69.0,219.1644,344.376895371814,704.9083446897462,344.376895371814
290,290,2,draft|draft_verify|target|backtracking_verify,1459.7275257110596,315.7811164855957,2085.9436988830566,310.0,329.0,1317.7564,2597.6243500057253,3861.512604279712,2739.5954757167847
290,290,3,draft|draft_verify|target|target_rescue_verify,2130.952835083008,958.7550163269043,3063.809871673584,1292.0,478.0,3124.5487999999996,6261.377225441229,6153.578105483496,5267.781260524237
290,290,4,draft|draft_verify|target|target_rescue_verify,738.0900382995605,521.9404697418213,1737.309217453003,790.0,156.0,770.616,2030.7860858328675,2997.399850294385,1998.2794523239136
290,290,5,draft|draft_verify,602.8013229370117,152.39715576171875,0.0,558.0,137.0,597.6795999999999,597.6795999999999,755.2585882987305,602.8013229370117
290,290,6,draft|draft_verify,169.13747787475586,157.8235626220703,0.0,695.0,41.0,186.358,344.2415954220703,327.02107329682616,327.02107329682616
291,291,1,draft|draft_verify,287.0829105377197,35.48383712768555,0.0,119.0,63.0,203.2044,287.0829105377197,322.6267980654053,287.0829105377197
291,291,2,draft|draft_verify,512.2792720794678,62.87550926208496,0.0,182.0,113.0,388.41880000000003,388.41880000000003,575.2148717415528,512.2792720794678
291,291,3,draft|draft_verify,478.0855178833008,94.57111358642578,0.0,295.0,109.0,403.4204,403.4204,572.7167186697266,478.0855178833008
291,291,4,draft|draft_verify,198.10771942138672,127.7315616607666,0.0,404.0,43.0,166.3004,166.3004,325.8993154821533,198.10771942138672
291,291,5,draft|draft_verify,109.73119735717773,132.01522827148438,0.0,447.0,21.0,82.23,259.866841132251,241.8064424286621,259.866841132251
292,292,1,draft|draft_verify,202.52656936645508,38.58590126037598,0.0,124.0,44.0,141.3472,202.52656936645508,241.17250582683104,202.52656936645508
292,292,2,draft|draft_verify,158.84900093078613,53.498268127441406,0.0,168.0,35.0,115.5868,115.5868,212.40729705822753,158.84900093078613
292,292,3,draft|draft_verify|target|target_rescue_verify,989.8996353149414,147.8426456451416,158.6768627166748,203.0,215.0,776.5228000000001,850.5042948225708,1296.4793156767578,1063.8811301375122
292,292,4,draft|draft_verify,161.65661811828613,63.21454048156738,0.0,220.0,35.0,119.83,119.83,224.9311865998535,161.65661811828613
292,292,5,draft|draft_verify|target|target_rescue_verify,428.0667304992676,24584.969520568848,332.60655403137207,255.0,92.0,329.77840000000003,12622.323233884423,25345.70287869949,12720.611564383691
292,292,6,draft|draft_verify|target|target_rescue_verify,163.85746002197266,253.69572639465332,422.14465141296387,300.0,30.0,108.024,12419.39264748175,839.7578618295898,12419.39264748175
292,292,8,draft|draft_verify,169.33155059814453,93.7049388885498,0.0,385.0,34.0,129.4184,129.4184,263.0965166866944,169.33155059814453
292,292,9,draft|draft_verify,109.79032516479492,125.58674812316895,0.0,419.0,25.0,96.6044,222.25116812316895,235.43709328796388,235.43709328796388
293,293,1,draft|draft_verify,213.4087085723877,31.780719757080078,0.0,116.0,50.0,160.0816,213.4087085723877,245.24946832946776,213.4087085723877
293,293,2,draft|draft_verify,112.2596263885498,50.94099044799805,0.0,166.0,24.0,78.70559999999999,78.70559999999999,163.26063603654785,112.2596263885498
293,293,3,draft|draft_verify,152.8317928314209,62.592506408691406,0.0,190.0,32.0,107.16640000000001,107.16640000000001,215.4843248401123,152.8317928314209
293,293,4,draft|draft_verify|target|target_rescue_verify,162.26530075073242,123.40402603149414,366.58477783203125,222.0,34.0,116.5088,366.58477783203125,652.3141318142578,366.58477783203125
293,293,5,draft|draft_verify,70.7240104675293,60.58907508850098,0.0,279.0,17.0,59.83,61.70201301574707,131.37309915603026,70.7240104675293
293,293,6,draft|draft_verify,60.78505516052246,76.89642906188965,0.0,296.0,15.0,53.247600000000006,60.649088688500974,137.7414962224121,60.78505516052246
293,293,7,draft|draft_verify,113.12627792358398,78.88674736022949,0.0,311.0,26.0,94.06,173.0067681602295,192.0730460838135,192.0730460838135
294,294,1,draft|draft_verify,341.7212963104248,72.85594940185547,0.0,195.0,72.0,246.00240000000002,341.7212963104248,414.63730331228027,341.7212963104248
294,294,2,draft|draft_verify,403.0191898345947,79.19573783874512,0.0,267.0,85.0,306.3452,306.3452,482.27499567333984,403.0191898345947
294,294,3,draft|draft_verify|target|target_rescue_verify,2271.5466022491455,300.1565933227539,491.7631149291992,352.0,480.0,2058.1632,2208.301880661377,3063.5266945010985,2421.6852829105223
294,294,4,draft|draft_verify,309.30018424987793,127.73370742797852,0.0,423.0,62.0,244.4056,244.4056,437.09394127785646,309.30018424987793
294,294,5,draft|draft_verify,407.21917152404785,128.62324714660645,0.0,485.0,91.0,375.758,375.758,535.9024914706542,407.21917152404785
294,294,6,draft|draft_verify,357.2075366973877,134.02628898620605,0.0,576.0,78.0,337.512,337.512,491.29388808359374,357.2075366973877
294,294,7,draft|draft_verify,426.5425205230713,154.7079086303711,0.0,654.0,83.0,375.08439999999996,375.08439999999996,581.3104955534424,426.5425205230713
294,294,8,draft|draft_verify|target|target_rescue_verify,377.53820419311523,330.4579257965088,343.77241134643555,737.0,86.0,405.94,571.2290316982544,1051.8286101360595,542.8272358913696
294,294,9,draft|draft_verify,162.72902488708496,175.60601234436035,0.0,785.0,32.0,151.43439999999998,165.2289628982544,338.39506283144533,165.2289628982544
294,294,10,draft|draft_verify,164.81828689575195,179.79693412780762,0.0,817.0,32.0,153.8152,175.66603794436034,344.6752466235596,175.66603794436034
294,294,11,draft|draft_verify,136.16228103637695,177.95133590698242,0.0,849.0,32.0,156.196,179.8569597278076,314.1736425433594,179.8569597278076
294,294,12,draft|draft_verify,149.8723030090332,179.74495887756348,0.0,881.0,32.0,158.5768,178.0113615069824,329.6772874865967,178.0113615069824
294,294,13,draft|draft_verify,155.3032398223877,208.2228660583496,0.0,913.0,32.0,160.9576,179.80498447756347,363.5861314807373,179.80498447756347
294,294,14,draft|draft_verify,152.80985832214355,204.65397834777832,0.0,945.0,32.0,163.33839999999998,208.2828916583496,357.5238622699219,208.2828916583496
294,294,15,draft|draft_verify,169.11602020263672,204.29015159606934,0.0,977.0,32.0,165.7192,204.7140039477783,373.4661973987061,204.7140039477783
294,294,16,draft|draft_verify,166.8684482574463,210.0672721862793,0.0,1009.0,32.0,168.1,204.35017719606932,376.9957460437256,204.35017719606932
294,294,17,draft|draft_verify,153.0745029449463,230.28111457824707,0.0,1041.0,32.0,170.4808,210.12729778627929,383.4156431231934,210.12729778627929
294,294,18,draft|draft_verify,156.0373306274414,231.76217079162598,0.0,1073.0,32.0,172.8616,230.34114017824706,387.8595270190674,230.34114017824706
294,294,19,draft|draft_verify,143.3887481689453,233.5050106048584,0.0,1105.0,32.0,175.2424,231.82219639162597,376.9537843738037,231.82219639162597
294,294,20,draft|draft_verify,144.1197395324707,258.46266746520996,0.0,1137.0,32.0,177.6232,233.5650362048584,402.6424325976807,233.5650362048584
294,294,21,draft|draft_verify,155.3783416748047,260.67304611206055,0.0,1169.0,32.0,180.004,258.52269306521,416.11141338686525,258.52269306521
294,294,22,draft|draft_verify,155.8859348297119,261.7020606994629,0.0,1201.0,32.0,182.38479999999998,260.73307171206056,417.6480211291748,260.73307171206056
294,294,23,draft|draft_verify,155.82847595214844,260.3285312652588,0.0,1233.0,32.0,184.7656,261.7620862994629,416.21703281740724,261.7620862994629
294,294,24,draft|draft_verify,157.5779914855957,271.46434783935547,0.0,1265.0,32.0,187.1464,260.3885568652588,429.1023649249512,260.3885568652588
294,294,25,draft|draft_verify,154.3428897857666,277.9850959777832,0.0,1297.0,32.0,189.5272,271.5243734393555,432.3880113635498,271.5243734393555
294,294,26,draft|draft_verify,153.11217308044434,279.21295166015625,0.0,1329.0,32.0,191.90800000000002,278.0451215777832,432.3851503406006,278.0451215777832
294,294,27,draft|draft_verify,153.0916690826416,278.84674072265625,0.0,1361.0,32.0,194.28879999999998,279.27297726015627,431.99843540529787,279.27297726015627
294,294,28,draft|draft_verify,154.50191497802734,308.73799324035645,0.0,1393.0,32.0,196.6696,278.90676632265627,463.2999338183838,278.90676632265627
294,294,29,draft|draft_verify,157.6542854309082,314.19825553894043,0.0,1425.0,32.0,199.0504,308.79801884035646,471.91256656984865,308.79801884035646
294,294,30,draft|draft_verify,156.84032440185547,313.6944770812988,0.0,1457.0,32.0,201.4312,314.25828113894045,470.5948270831543,314.25828113894045
294,294,31,draft|draft_verify,160.01272201538086,315.7212734222412,0.0,1489.0,32.0,203.812,313.75450268129885,475.7940210376221,313.75450268129885
294,294,32,draft|draft_verify,155.5778980255127,331.5415382385254,0.0,1521.0,32.0,206.19279999999998,315.7812990222412,487.1794618640381,315.7812990222412
294,294,33,draft|draft_verify,158.74886512756348,331.707239151001,0.0,1553.0,32.0,208.5736,331.6015638385254,490.51612987856447,331.6015638385254
294,294,34,draft|draft_verify,156.01086616516113,333.9211940765381,0.0,1585.0,32.0,210.9544,331.767264751001,489.99208584169924,331.767264751001
294,294,35,draft|draft_verify,157.55701065063477,330.4624557495117,0.0,1617.0,32.0,213.3352,333.9812196765381,488.0794920001465,333.9812196765381
294,294,36,draft|draft_verify,156.4314365386963,352.53190994262695,0.0,1649.0,32.0,215.716,330.52248134951174,509.02337208132326,330.52248134951174
294,294,37,draft|draft_verify,157.52577781677246,362.1647357940674,0.0,1681.0,32.0,218.09679999999997,352.59193554262697,519.7505392108399,352.59193554262697
294,294,38,draft|draft_verify,157.59539604187012,363.0812168121338,0.0,1713.0,32.0,220.4776,362.2247613940674,520.7366384540039,362.2247613940674
294,294,39,draft|draft_verify,153.65910530090332,389.67299461364746,0.0,1745.0,32.0,222.8584,363.1412424121338,543.3921255145508,363.1412424121338
294,294,40,draft|draft_verify,162.71305084228516,393.4214115142822,0.0,1777.0,32.0,225.23919999999998,389.7330202136475,556.1944879565674,389.7330202136475
294,294,41,draft|draft_verify,155.7142734527588,392.9898738861084,0.0,1809.0,32.0,227.62,393.48143711428224,548.7641729388672,393.48143711428224
294,294,42,draft|draft_verify,157.79876708984375,396.2702751159668,0.0,1841.0,32.0,230.0008,393.0498994861084,554.1290678058106,393.0498994861084
294,294,43,draft|draft_verify,154.11019325256348,405.00473976135254,0.0,1873.0,32.0,232.3816,396.3303007159668,559.174958613916,396.3303007159668
294,294,45,draft|draft_verify,151.27205848693848,410.90941429138184,0.0,1937.0,32.0,237.14319999999998,405.06476536135256,562.2414983783203,405.06476536135256
294,294,46,draft|draft_verify,145.06220817565918,410.6030464172363,0.0,1969.0,32.0,239.524,410.96943989138185,555.7252801928955,410.96943989138185
294,294,47,draft|draft_verify,159.041166305542,443.7370300292969,0.0,2001.0,32.0,241.9048,410.66307201723635,602.8382219348389,410.66307201723635
294,294,48,draft|draft_verify,159.6090793609619,425.25482177734375,0.0,2033.0,32.0,244.2856,869.1119030066407,584.9239267383057,869.1119030066407
295,295,1,draft|draft_verify,155.8370590209961,31.404733657836914,0.0,127.0,35.0,112.2412,155.8370590209961,187.301820678833,155.8370590209961
295,295,2,draft|draft_verify,193.47047805786133,50.894975662231445,0.0,162.0,44.0,145.2688,145.2688,244.42548892009276,193.47047805786133
295,295,3,draft|draft_verify,274.28388595581055,60.94861030578613,0.0,206.0,62.0,212.6368,212.6368,335.2925458615967,274.28388595581055
295,295,4,draft|draft_verify|target|target_rescue_verify,340.73448181152344,165.29035568237305,458.42647552490234,268.0,73.0,262.12760000000003,458.42647552490234,964.5113714187988,458.42647552490234
295,295,5,draft|draft_verify,317.7173137664795,104.12049293518066,0.0,336.0,69.0,258.49559999999997,258.49559999999997,421.8978619016602,317.7173137664795
295,295,6,draft|draft_verify,128.39245796203613,142.00139045715332,0.0,405.0,27.0,103.60440000000001,104.18054813518066,270.4538700191895,128.39245796203613
295,295,7,draft|draft_verify,214.3728733062744,127.55513191223145,0.0,432.0,46.0,181.16,181.16,341.9880420185059,214.3728733062744
295,295,8,draft|draft_verify|target|target_rescue_verify,170.17340660095215,257.274866104126,169.14844512939453,478.0,37.0,149.0876,277.785062652063,596.6567474344727,298.87086925301514
295,295,9,draft|draft_verify,327.12459564208984,129.852294921875,0.0,499.0,70.0,289.3304,289.3304,457.0369465639648,327.12459564208984
295,295,10,draft|draft_verify,139.93430137634277,129.20618057250977,0.0,569.0,29.0,122.44120000000001,259.17855469438473,269.2005051488525,269.2005051488525
296,296,1,draft|draft_verify,184.6907138824463,30.991792678833008,0.0,114.0,42.0,133.824,184.6907138824463,215.7425401612793,184.6907138824463
296,296,2,draft|draft_verify,279.16502952575684,51.99170112609863,0.0,156.0,64.0,212.1056,212.1056,331.21678185185544,279.16502952575684
296,296,3,draft|draft_verify,488.4662628173828,78.99904251098633,0.0,220.0,109.0,383.9804,383.9804,567.5253925283691,488.4662628173828
296,296,4,draft|draft_verify|target|backtracking_verify,443.387508392334,201.53427124023438,534.4903469085693,329.0,94.0,353.70320000000004,534.4903469085693,1179.4722017411377,544.2147192124512
296,296,5,draft|draft_verify|target|target_rescue_verify,254.03141975402832,384.7007751464844,285.08615493774414,839.0,54.0,265.1352,649.8960183464844,923.8783930382568,638.7922381005127
297,297,1,draft|draft_verify|target|backtracking_verify,466.68052673339844,94.1014289855957,194.17643547058105,137.0,113.0,376.32280000000003,513.7913316261963,755.0184815895752,513.7913316261963
297,297,2,draft|draft_verify|target|target_rescue_verify,504.60362434387207,172.3763942718506,310.9571933746338,414.0,111.0,442.518,528.7662859359252,987.9973007903565,590.8519102797974
297,297,3,draft|draft_verify|target|target_rescue_verify,613.6670112609863,235.4743480682373,349.00426864624023,474.0,136.0,565.928,683.7252828341186,1198.2057367754637,731.464294095105
297,297,4,draft|draft_verify|target|target_rescue_verify,512.6574039459229,179.91209030151367,285.5668067932129,272.0,112.0,408.8192,498.83533475075683,978.1963906406494,602.6735386966797
297,297,5,draft|draft_verify,183.26425552368164,80.72733879089355,0.0,315.0,39.0,142.4364,142.4364,264.0516255145752,183.26425552368164
297,297,6,draft|draft_verify,185.06145477294922,94.83551979064941,0.0,354.0,40.0,149.8064,149.8064,279.9570065635986,185.06145477294922
297,297,7,draft|draft_verify,181.9906234741211,126.79862976074219,0.0,394.0,39.0,149.6412,149.6412,308.8492844348633,181.9906234741211
297,297,8,draft|draft_verify,215.39664268493652,127.83098220825195,0.0,433.0,40.0,157.20080000000002,157.20080000000002,343.28765689318845,215.39664268493652
297,297,9,draft|draft_verify,180.6025505065918,129.67658042907715,0.0,473.0,39.0,156.846,156.846,310.33916213566897,180.6025505065918
297,297,10,draft|draft_verify,228.58428955078125,132.08651542663574,0.0,512.0,40.0,164.5952,164.5952,360.73083697741697,228.58428955078125
297,297,11,draft|draft_verify,186.6440773010254,129.4569969177246,0.0,552.0,39.0,164.0508,164.0508,316.16110541875,186.6440773010254
297,297,12,draft|draft_verify,185.7452392578125,133.162260055542,0.0,591.0,40.0,171.9896,171.9896,318.96753131335447,185.7452392578125
297,297,13,draft|draft_verify,183.96711349487305,135.03766059875488,0.0,631.0,39.0,171.25560000000002,171.25560000000002,319.06480529362796,183.96711349487305
297,297,14,draft|draft_verify,189.666748046875,154.23822402954102,0.0,670.0,40.0,179.38400000000001,179.38400000000001,343.965004076416,189.666748046875
297,297,15,draft|draft_verify,184.85426902770996,156.22425079345703,0.0,710.0,39.0,178.4604,178.4604,341.138551021167,184.85426902770996
297,297,16,draft|draft_verify,222.54014015197754,154.5722484588623,0.0,749.0,40.0,186.7784,186.7784,377.1724206108398,222.54014015197754
297,297,17,draft|draft_verify,249.14240837097168,176.95069313049316,0.0,789.0,39.0,185.6652,185.6652,426.15313270146487,249.14240837097168
297,297,18,draft|draft_verify,240.8287525177002,183.91180038452148,0.0,828.0,40.0,194.1728,194.1728,424.80058490222166,240.8287525177002
297,297,19,draft|draft_verify,188.66467475891113,178.85875701904297,0.0,868.0,39.0,192.87,192.87,367.5834629779541,188.66467475891113
297,297,20,draft|draft_verify,181.80179595947266,201.19071006774902,0.0,907.0,40.0,201.5672,201.5672,383.05253802722166,181.80179595947266
297,297,21,draft|draft_verify,180.1614761352539,202.68702507019043,0.0,947.0,39.0,200.07479999999998,201.25074206774903,382.90853240544436,201.25074206774903
297,297,22,draft|draft_verify,189.78619575500488,204.15854454040527,0.0,986.0,40.0,208.9616,208.9616,394.00477229541013,202.74705627019043
297,297,23,draft|draft_verify,183.76660346984863,228.60455513000488,0.0,1026.0,39.0,207.27960000000002,207.27960000000002,412.43118979985354,204.21857654040528
297,297,24,draft|draft_verify,192.77119636535645,231.9180965423584,0.0,1065.0,40.0,216.356,228.66458633000488,424.7493249077148,228.66458633000488
297,297,25,draft|draft_verify,188.40742111206055,234.82918739318848,0.0,1105.0,39.0,214.4844,231.9781285423584,423.29663970524905,231.9781285423584
297,297,26,draft|draft_verify,189.59879875183105,256.7296028137207,0.0,1144.0,40.0,223.7504,234.88921859318847,446.38843356555174,234.88921859318847
297,297,27,draft|draft_verify,183.441162109375,262.4084949493408,0.0,1184.0,39.0,221.6892,256.7896348137207,445.90968825871585,256.7896348137207
297,297,28,draft|draft_verify,189.9261474609375,258.2859992980957,0.0,1223.0,40.0,231.1448,262.46852614934085,448.2721787590332,262.46852614934085
297,297,29,draft|draft_verify,187.64615058898926,281.6495895385742,0.0,1263.0,39.0,228.894,258.3460312980957,469.3557713275635,258.3460312980957
297,297,30,draft|draft_verify,187.78657913208008,280.764102935791,0.0,1302.0,40.0,238.5392,281.70962073857424,468.6107140678711,281.70962073857424
297,297,31,draft|draft_verify,189.8958683013916,281.33392333984375,0.0,1342.0,39.0,236.09879999999998,280.824134935791,471.2898228412354,280.824134935791
297,297,32,draft|draft_verify,181.79988861083984,309.82375144958496,0.0,1381.0,40.0,245.93359999999998,281.3939545398438,491.6836720604248,281.3939545398438
297,297,33,draft|draft_verify,177.9036521911621,313.1988048553467,0.0,1421.0,39.0,243.3036,309.88378344958494,491.1624882465088,309.88378344958494
297,297,34,draft|draft_verify,184.58938598632812,316.97916984558105,0.0,1460.0,40.0,253.328,313.2588360553467,501.62858783190916,313.2588360553467
297,297,35,draft|draft_verify,191.38193130493164,332.4713706970215,0.0,1500.0,39.0,250.5084,317.03920184558103,523.9133332019532,317.03920184558103
297,297,36,draft|draft_verify,188.51351737976074,332.012414932251,0.0,1539.0,40.0,260.7224,332.5314018970215,520.5859643120117,332.5314018970215
297,297,37,draft|draft_verify,192.04211235046387,334.15913581848145,0.0,1579.0,39.0,257.71320000000003,332.07244693225095,526.2612793689453,332.07244693225095
297,297,38,draft|draft_verify,195.0218677520752,358.4306240081787,0.0,1618.0,40.0,268.1168,334.21916701848147,553.5125237602539,334.21916701848147
297,297,39,draft|draft_verify,193.4645175933838,356.20713233947754,0.0,1658.0,39.0,264.918,358.4906560081787,549.7316811328614,358.4906560081787
297,297,40,draft|draft_verify,195.34850120544434,364.23492431640625,0.0,1697.0,40.0,275.51120000000003,356.26716353947756,559.6434575218506,356.26716353947756
297,297,41,draft|draft_verify,192.7638053894043,399.03950691223145,0.0,1737.0,39.0,272.1228,364.2949563164062,591.8633435016358,364.2949563164062
297,297,43,draft|draft_verify,188.76099586486816,398.0443477630615,0.0,1816.0,39.0,279.32759999999996,399.09953811223147,586.8653748279297,399.09953811223147
297,297,44,draft|draft_verify,180.67073822021484,405.64823150634766,0.0,1855.0,40.0,290.29999999999995,398.10437896306155,586.3790017265625,398.10437896306155
297,297,45,draft|draft_verify,189.53824043273926,411.97967529296875,0.0,1895.0,39.0,286.5324,405.70826350634763,601.577946925708,405.70826350634763
297,297,46,draft|draft_verify,193.90630722045898,413.4349822998047,0.0,1934.0,40.0,297.6944,412.0397064929688,607.4013215202637,412.0397064929688
297,297,47,draft|draft_verify,194.79751586914062,438.9305114746094,0.0,1974.0,39.0,293.7372,413.49501429980467,633.78805854375,413.49501429980467
297,297,48,draft|draft_verify,196.57182693481445,437.04962730407715,0.0,2013.0,40.0,305.0888,876.1002019786865,633.6814862388916,876.1002019786865
298,298,1,draft|draft_verify,124.29285049438477,21.744489669799805,0.0,74.0,27.0,82.95,124.29285049438477,146.09736176418457,124.29285049438477
298,298,2,draft|draft_verify,517.1289443969727,50.91738700866699,0.0,101.0,115.0,373.4156,373.4156,568.1064234056397,517.1289443969727
298,298,3,draft|draft_verify|target|backtracking_verify,569.4053173065186,172.00875282287598,1269.3593502044678,216.0,123.0,434.26199999999994,1269.3593502044678,2010.8335187338623,1269.3593502044678
298,298,4,draft|draft_verify|target|target_rescue_verify,2089.1926288604736,447.0808506011963,5774.049758911133,339.0,462.0,1956.588,5997.590184211731,8310.383607972803,5997.590184211731
299,299,1,draft|draft_verify,348.926305770874,31.402111053466797,0.0,95.0,82.0,261.7784,348.926305770874,380.3884824243408,348.926305770874
299,299,2,draft|draft_verify,59.54790115356445,50.52685737609863,0.0,177.0,14.0,45.9208,45.9208,110.13476972966308,59.54790115356445
299,299,3,draft|draft_verify,37.70589828491211,50.96030235290527,0.0,191.0,8.0,26.236,50.58686857609863,88.72620703781737,50.58686857609863
299,299,4,draft|draft_verify,51.01203918457031,52.25729942321777,0.0,199.0,12.0,39.852,51.02030875290527,103.32934820778809,51.02030875290527
299,299,5,draft|draft_verify|target|target_rescue_verify,268.9487934112549,128.00884246826172,482.3267459869385,211.0,63.0,216.894,482.3267459869385,879.3444322664551,482.3267459869385
299,299,6,draft|draft_verify,74.53632354736328,61.812639236450195,0.0,285.0,14.0,49.2904,64.00442123413086,136.4089739838135,74.53632354736328
299,299,7,draft|draft_verify|target|backtracking_verify,39.12043571472168,171.56529426574707,95.6270694732666,299.0,8.0,28.0504,147.71530396932374,306.3728058537354,147.71530396932374
299,299,8,draft|draft_verify|target|backtracking_verify,144.5908546447754,235.0010871887207,167.97637939453125,614.0,22.0,94.64,212.20056119436035,547.6283388280274,262.1514158391357
299,299,9,draft|draft_verify|target|backtracking_verify|target_rescue_verify,247.59221076965332,405.51185607910156,309.9243640899658,962.0,46.0,238.39999999999998,717.8317037082642,963.0884677387207,727.0239144779175
299,299,10,draft|draft_verify|target|backtracking_verify,134.02867317199707,398.1797695159912,194.91338729858398,990.0,24.0,124.19039999999998,540.250928462085,727.1818491865722,550.089201634082
299,299,11,draft|draft_verify|target|target_rescue_verify,546.3998317718506,970.0644016265869,910.2122783660889,1690.0,110.0,772.192,2470.486312319458,2426.7365997645265,2244.6941440913088
300,300,1,draft|draft_verify|target|backtracking_verify,342.53621101379395,107.6502799987793,380.7554244995117,151.0,78.0,258.97200000000004,396.4214134131836,831.001977912085,396.4214134131836
300,300,2,draft|draft_verify|target|target_rescue_verify,457.0310115814209,280.3759574890137,1170.5524921417236,440.0,107.0,432.6364,1310.7404708862305,1908.0195468121583,1310.7404708862305
300,300,3,draft|draft_verify|target|target_rescue_verify,377.2857189178467,193.53294372558594,613.257884979248,296.0,84.0,308.4096,613.257884979248,1184.1366148226807,613.257884979248
300,300,4,draft|draft_verify|target|target_rescue_verify,418.7655448913574,252.4435520172119,357.58042335510254,397.0,100.0,393.2072,519.489056008606,1028.8496002636718,545.0474008999633
300,300,5,draft|draft_verify,76.64370536804199,124.76897239685059,0.0,446.0,17.0,66.2428,251.05076200545653,201.47269136489257,251.05076200545653
301,301,1,draft|draft_verify|target|backtracking_verify,217.07630157470703,59.76271629333496,310.5144500732422,96.0,45.0,141.6636,310.5144500732422,587.4135039412841,310.5144500732422
301,301,2,draft|draft_verify|target|backtracking_verify|target_rescue_verify,608.8757514953613,200.90532302856445,653.0411243438721,285.0,139.0,516.3404,993.6000656433595,1462.8823100677978,1086.1354171387206
301,301,3,draft|draft_verify|target|target_rescue_verify,890.4447555541992,1192.3015117645264,23994.391918182373,574.0,190.0,848.7584,24709.77282524109,26077.198337501097,24709.77282524109
301,301,4,draft|draft_verify,241.89448356628418,60.2564811706543,0.0,202.0,55.0,187.5932,238.46030235290527,302.2110087369385,241.89448356628418
301,301,5,draft|draft_verify,235.49461364746094,88.00554275512695,0.0,257.0,51.0,180.27,180.27,323.5601972025879,235.49461364746094
301,301,6,draft|draft_verify|target|target_rescue_verify,388.319730758667,195.51801681518555,435.8370304107666,308.0,76.0,280.4,435.8370304107666,1019.7348387846191,486.13879996625974
301,301,7,draft|draft_verify,357.8474521636963,126.2362003326416,0.0,366.0,81.0,310.518,310.518,484.1437172963379,357.8474521636963
301,301,8,draft|draft_verify,243.01791191101074,136.29841804504395,0.0,447.0,56.0,223.42,223.42,379.3763747560547,243.01791191101074
301,301,9,draft|draft_verify,351.9251346588135,131.00767135620117,0.0,503.0,74.0,306.988,306.988,482.99286521501466,351.9251346588135
301,301,10,draft|draft_verify,525.1154899597168,157.8381061553955,0.0,577.0,111.0,485.54999999999995,485.54999999999995,683.0136849151123,525.1154899597168
301,301,11,draft|draft_verify,191.2214756011963,153.8410186767578,0.0,688.0,41.0,185.68599999999998,185.68599999999998,345.1225270779541,191.2214756011963
301,301,12,draft|draft_verify,265.08307456970215,155.22336959838867,0.0,729.0,57.0,265.398,265.398,420.36648976809084,265.08307456970215
301,301,13,draft|draft_verify|target|backtracking_verify,294.6145534515381,354.2523384094238,533.376932144165,786.0,64.0,307.36159999999995,533.376932144165,1182.303875205127,533.376932144165
301,301,14,draft|draft_verify|target|backtracking_verify,472.47886657714844,544.5518493652344,138.72528076171875,1721.0,100.0,707.7896,980.1256046826172,1155.8160767041015,744.8148712597656
301,301,15,draft|draft_verify|target|target_rescue_verify,714.6115303039551,995.3179359436035,821.7587471008301,2687.0,154.0,1456.9207999999999,2664.1146455052976,2531.7483365483886,1921.8053758092528
301,301,16,draft|draft_verify,139.19639587402344,204.99753952026367,0.0,958.0,28.0,143.3456,404.12114910898435,344.2539577942871,404.12114910898435
302,302,1,draft|draft_verify|target|target_rescue_verify,401.23701095581055,110.8713150024414,323.44865798950195,156.0,92.0,308.15680000000003,456.73274205703126,835.6170575477539,456.73274205703126
302,302,2,draft|draft_verify,340.40021896362305,60.7149600982666,0.0,204.0,76.0,261.68,261.68,401.1752398618896,340.40021896362305
302,302,3,draft|draft_verify,111.17148399353027,61.26046180725098,0.0,280.0,24.0,84.99839999999999,84.99839999999999,172.49196500078125,111.17148399353027
302,302,4,draft|draft_verify,116.54329299926758,77.56590843200684,0.0,304.0,25.0,89.9804,89.9804,194.16922143127442,116.54329299926758
302,302,5,draft|draft_verify,214.19024467468262,96.81558609008789,0.0,329.0,45.0,166.26839999999999,166.26839999999999,311.0658667647705,214.19024467468262
302,302,6,draft|draft_verify,175.0171184539795,92.9415225982666,0.0,374.0,40.0,151.6784,151.6784,268.0186730522461,175.0171184539795
302,302,7,draft|draft_verify,213.47403526306152,124.17840957641602,0.0,414.0,47.0,183.19,183.19,337.7124824394775,213.47403526306152
302,302,8,draft|draft_verify,25.208234786987305,124.73773956298828,0.0,461.0,6.0,22.787999999999997,124.23844717641602,150.0059791499756,124.23844717641602
302,302,9,draft|draft_verify,115.12374877929688,126.42884254455566,0.0,467.0,24.0,95.32079999999999,124.79774436298828,241.61261052385254,124.79774436298828
302,302,10,draft|draft_verify,151.1702537536621,144.20294761657715,0.0,491.0,35.0,141.9436,141.9436,295.43322937023925,151.1702537536621
302,302,11,draft|draft_verify|target|target_rescue_verify,574.7113227844238,263.11516761779785,649.2679119110107,526.0,131.0,560.518,692.1356886088989,1487.1545071132323,706.3290113933227
302,302,12,draft|draft_verify,146.4834213256836,132.4300765991211,0.0,631.0,29.0,126.60759999999999,264.04768360802,278.9735211248047,278.9735211248047
303,303,1,draft|draft_verify,192.40617752075195,30.5941104888916,0.0,124.0,42.0,134.808,192.40617752075195,223.06032160964355,192.40617752075195
303,303,2,draft|draft_verify|target|backtracking_verify,400.9275436401367,119.03834342956543,496.0064888000488,166.0,89.0,299.8876,496.0064888000488,1016.032447069751,496.0064888000488
303,303,3,draft|draft_verify|target|target_rescue_verify,462.2528553009033,274.8241424560547,774.867057800293,501.0,99.0,413.6076,1007.2193149421876,1512.004134757251,1055.8645702430908
303,303,4,draft|draft_verify|target|backtracking_verify,315.3119087219238,260.13827323913574,198.77243041992188,618.0,68.0,300.0016,430.1307910195679,774.2826667809815,445.4410997414917
303,303,5,draft|draft_verify|target|target_rescue_verify|backtracking_verify,949.0175247192383,579.4985294342041,1055.302381515503,1025.0,204.0,1134.5544,2321.0649254055056,2583.878598868945,2135.528050124744
303,303,6,draft|draft_verify|target|target_rescue_verify|backtracking_verify,1405.5650234222412,717.5047397613525,867.8197860717773,1180.0,303.0,1834.6812,3011.2085829156454,2990.949791655371,2582.0924063378866
303,303,7,draft|draft_verify|target|target_rescue_verify|backtracking_verify,2249.5429515838623,804.6431541442871,1480.7686805725098,1286.0,493.0,3224.486,4882.2614765685785,4535.015180700659,3907.318428152442
303,303,9,draft|draft_verify|target|target_rescue_verify,328.19437980651855,311.86556816101074,737.0302677154541,630.0,70.0,311.024,737.0302677154541,1377.1502716829834,737.0302677154541
303,303,10,draft|draft_verify,119.82965469360352,154.86788749694824,0.0,750.0,25.0,115.67,155.93278408050537,274.75756219055177,155.93278408050537
303,303,11,draft|draft_verify,170.6562042236328,166.0442352294922,0.0,775.0,35.0,165.118,331.22226322949217,336.760467453125,336.760467453125
304,304,1,draft|draft_verify,94.95353698730469,30.867815017700195,0.0,108.0,21.0,65.958,94.95353698730469,125.88136880500488,94.95353698730469
304,304,2,draft|draft_verify,287.6424789428711,46.44274711608887,0.0,129.0,57.0,184.758,184.758,334.14527165896,287.6424789428711
304,304,3,draft|draft_verify,217.91863441467285,58.34197998046875,0.0,186.0,50.0,168.3136,168.3136,276.32065439514156,217.91863441467285
304,304,4,draft|draft_verify,226.64356231689453,60.20498275756836,0.0,236.0,51.0,177.75,177.75,286.9085858744629,226.64356231689453
304,304,5,draft|draft_verify|target|backtracking_verify,297.8041172027588,155.30109405517578,394.8652744293213,287.0,61.0,220.79,394.8652744293213,848.0305344872559,394.8652744293213
304,304,6,draft|draft_verify|target|target_rescue_verify,392.90595054626465,232.90395736694336,472.3837375640869,348.0,98.0,373.6816,490.1936570834717,1098.253723877295,509.41800762973634
304,304,7,draft|draft_verify,289.6552085876465,126.90401077270508,0.0,418.0,62.0,243.6736,243.6736,416.6192689603516,289.6552085876465
304,304,8,draft|draft_verify,266.86954498291016,137.2077465057373,0.0,480.0,61.0,248.582,248.582,404.13734028864747,266.86954498291016
304,304,9,draft|draft_verify,227.92506217956543,129.23407554626465,0.0,541.0,45.0,188.6556,188.6556,357.21917372583005,227.92506217956543
304,304,10,draft|draft_verify,316.1046504974365,132.23600387573242,0.0,586.0,70.0,303.7376,303.7376,448.4007103731689,316.1046504974365
304,304,11,draft|draft_verify,287.9219055175781,152.63700485229492,0.0,656.0,63.0,283.11,283.11,440.61896076987307,287.9219055175781
304,304,12,draft|draft_verify,283.89978408813477,155.47490119934082,0.0,719.0,62.0,287.74,287.74,439.4347348874756,283.89978408813477
304,304,13,draft|draft_verify,262.42828369140625,174.07584190368652,0.0,781.0,46.0,218.852,218.852,436.56416239509275,262.42828369140625
304,304,14,draft|draft_verify,395.19214630126953,177.72150039672852,0.0,827.0,71.0,348.66999999999996,348.66999999999996,572.973703497998,395.19214630126953
304,304,15,draft|draft_verify,244.2605495452881,201.6608715057373,0.0,898.0,63.0,319.1196,319.1196,445.9814714510254,244.2605495452881
304,304,16,draft|draft_verify,257.11965560913086,202.34441757202148,0.0,961.0,62.0,323.1688,323.1688,459.52412278115236,257.11965560913086
304,304,17,draft|draft_verify,207.29804039001465,228.24954986572266,0.0,1023.0,46.0,244.988,244.988,435.60762705573734,207.29804039001465
304,304,18,draft|draft_verify,344.2234992980957,225.5532741546631,0.0,1069.0,71.0,389.326,389.326,569.8368302527588,344.2234992980957
304,304,19,draft|draft_verify,276.40557289123535,255.6300163269043,0.0,1140.0,63.0,355.12919999999997,355.12919999999997,532.0956396181397,276.40557289123535
304,304,20,draft|draft_verify,345.5336093902588,259.3390941619873,0.0,1203.0,62.0,358.59759999999994,358.59759999999994,604.932753152246,345.5336093902588
304,304,21,draft|draft_verify,240.6625747680664,285.9833240509033,0.0,1265.0,46.0,271.124,271.124,526.7059356189698,259.3991437619873
304,304,22,draft|draft_verify,365.3135299682617,285.05587577819824,0.0,1311.0,71.0,429.98199999999997,429.98199999999997,650.42946254646,365.3135299682617
304,304,23,draft|draft_verify,294.0549850463867,308.21824073791504,0.0,1382.0,63.0,391.13879999999995,391.13879999999995,602.3332761843018,294.0549850463867
304,304,24,draft|draft_verify,264.46080207824707,316.93196296691895,0.0,1445.0,62.0,394.02639999999997,394.02639999999997,581.452814645166,308.27829113791506
304,304,25,draft|draft_verify,214.98537063598633,331.5083980560303,0.0,1507.0,46.0,297.26,316.99201256691896,546.5538054920166,316.99201256691896
304,304,26,draft|draft_verify,325.96826553344727,334.06615257263184,0.0,1553.0,71.0,470.63800000000003,470.63800000000003,660.0944749060791,331.56843485603025
304,304,27,draft|draft_verify,330.28411865234375,352.83446311950684,0.0,1624.0,63.0,427.1484,427.1484,683.1786321718506,334.1262093726318
304,304,28,draft|draft_verify,295.4118251800537,362.6284599304199,0.0,1687.0,62.0,429.4552,429.4552,658.1003347104736,352.89451351950686
304,304,29,draft|draft_verify,223.49238395690918,389.74690437316895,0.0,1749.0,46.0,323.39599999999996,362.68850953041994,613.2993251300782,362.68850953041994
304,304,30,draft|draft_verify,299.6087074279785,395.2348232269287,0.0,1795.0,71.0,511.294,511.294,694.9035874549072,389.8069411731689
304,304,31,draft|draft_verify,292.91558265686035,402.7373790740967,0.0,1866.0,63.0,463.15799999999996,463.15799999999996,695.713012130957,395.2948800269287
304,304,32,draft|draft_verify,263.1981372833252,406.76259994506836,0.0,1929.0,62.0,464.88399999999996,464.88399999999996,670.0207868283935,402.7974294740967
304,304,33,draft|draft_verify,187.79325485229492,409.56854820251465,0.0,1991.0,46.0,349.532,406.8226495450684,597.4218398548096,406.8226495450684
304,304,34,draft|draft_verify,336.1246585845947,457.61847496032715,0.0,2037.0,71.0,551.9499999999999,1009.6285317603271,793.8031903449219,867.3071167628418
305,305,1,draft|draft_verify|target|backtracking_verify,181.31375312805176,65.63258171081543,266.6020393371582,133.0,37.0,119.2796,266.6020393371582,513.6084037760254,266.6020393371582
305,305,2,draft|draft_verify|target|backtracking_verify,459.87606048583984,225.4481315612793,840.6209945678711,341.0,92.0,348.56080000000003,953.3450603485107,1526.0052602149904,1049.332730040735
305,305,4,draft|draft_verify|target|target_rescue_verify,1708.526372909546,529.3104648590088,1517.4460411071777,830.0,364.0,1926.3344000000002,3379.117439320626,3755.3431700757324,3161.309412230172
305,305,5,draft|draft_verify|target|target_rescue_verify,1009.8044872283936,535.8109474182129,1216.2261009216309,708.0,209.0,1005.4300000000001,2015.4614282244752,2761.9017027682376,2019.8359154528687
305,305,6,draft|draft_verify,163.94901275634766,142.78268814086914,0.0,472.0,33.0,132.2268,276.79545139542233,306.79172729721677,306.79172729721677
306,306,1,draft|draft_verify,115.06032943725586,29.92415428161621,0.0,124.0,26.0,82.84,115.06032943725586,145.0445045188721,115.06032943725586
306,306,2,draft|draft_verify,454.20098304748535,59.86952781677246,0.0,150.0,113.0,379.8172,379.8172,514.1306012642578,454.20098304748535
306,306,3,draft|draft_verify|target|backtracking_verify,342.5126075744629,139.00017738342285,288.4969711303711,263.0,81.0,290.74199999999996,360.3021534917114,770.0698208882568,412.07276106617434
306,306,4,draft|draft_verify|target|target_rescue_verify,805.0317764282227,313.4629726409912,724.8671054840088,650.0,172.0,795.6944000000001,952.4860239204957,1843.4219921532226,961.8234003487182
306,306,5,draft|draft_verify|target|backtracking_verify,370.56708335876465,270.62249183654785,872.0991611480713,397.0,84.0,328.5288,872.0991611480713,1513.3488035433838,872.0991611480713
306,306,6,draft|draft_verify|target|target_rescue_verify|backtracking_verify,1494.4062232971191,524.5516300201416,1157.2082042694092,1023.0,312.0,1775.4456,2747.523674249811,3176.22630718667,2466.48429754693
306,306,7,draft|draft_verify|target|backtracking_verify|target_rescue_verify,1591.0732746124268,860.4493141174316,7665.50874710083,1261.0,355.0,2240.9996,8095.733404159546,10117.091619830688,8095.733404159546
306,306,10,draft|draft_verify|target|target_rescue_verify,1186.708927154541,1621.8061447143555,1367.6133155822754,4658.0,249.0,3561.174,5542.485772762622,4176.188586651172,3168.0206999171633
306,306,11,draft|draft_verify|target|target_rescue_verify,375.8416175842285,1259.406328201294,1134.951114654541,2941.0,78.0,774.564,2601.5059479285646,2770.2591228400634,2202.783565512793
307,307,1,draft|draft_verify|target|target_rescue_verify,344.41280364990234,101.1052131652832,434.82327461242676,125.0,86.0,281.09200000000004,434.82327461242676,880.4013602276123,434.82327461242676
307,307,2,draft|draft_verify|target|target_rescue_verify,409.2860221862793,129.75120544433594,553.6105632781982,193.0,92.0,316.23760000000004,553.6105632781982,1092.7078645088136,553.6105632781982
307,307,3,draft|draft_verify|target|target_rescue_verify,415.09509086608887,222.82648086547852,1214.080572128296,270.0,89.0,321.8524,1214.080572128296,1852.0622150598633,1214.080572128296
307,307,4,draft|draft_verify,244.25578117370605,135.42819023132324,0.0,471.0,52.0,210.0728,210.0728,379.7440130050293,244.25578117370605
307,307,5,draft|draft_verify,113.41714859008789,140.66290855407715,0.0,523.0,23.0,94.2316,276.21115878540036,254.14007554416503,276.21115878540036
308,308,1,draft|draft_verify,162.54568099975586,31.171560287475586,0.0,117.0,36.0,114.66000000000001,162.54568099975586,193.77727008723144,162.54568099975586
308,308,2,draft|draft_verify,142.38429069519043,47.005414962768555,0.0,153.0,32.0,104.4136,104.4136,189.44973125795897,142.38429069519043
308,308,3,draft|draft_verify|target|target_rescue_verify,925.107479095459,177.14595794677734,829.3190002441406,185.0,210.0,748.164,836.7971469733886,1931.632605286377,1013.7406260688476
308,308,4,draft|draft_verify,234.99274253845215,93.16015243530273,0.0,320.0,49.0,180.3164,180.3164,328.2129341737549,234.99274253845215
308,308,5,draft|draft_verify,275.12645721435547,96.07982635498047,0.0,369.0,58.0,220.9064,220.9064,371.2663299693359,275.12645721435547
308,308,6,draft|draft_verify,237.78057098388672,132.19690322875977,0.0,427.0,51.0,200.67000000000002,200.67000000000002,370.0375150126465,237.78057098388672
308,308,7,draft|draft_verify,44.85344886779785,127.3036003112793,0.0,478.0,9.0,35.094,132.25694402875976,172.21705637907715,132.25694402875976
308,308,8,draft|draft_verify,228.2121181488037,143.89562606811523,0.0,487.0,49.0,199.5548,199.5548,372.16778341691895,228.2121181488037
308,308,9,draft|draft_verify,223.86860847473145,130.540132522583,0.0,536.0,49.0,205.19959999999998,205.19959999999998,354.46878019731446,223.86860847473145
308,308,10,draft|draft_verify,265.76876640319824,132.80320167541504,0.0,585.0,57.0,246.0444,246.0444,398.6320136786133,265.76876640319824
308,308,11,draft|draft_verify,240.25607109069824,152.94790267944336,0.0,642.0,51.0,226.47,226.47,393.2640145701416,240.25607109069824
308,308,12,draft|draft_verify,307.481050491333,161.6063117980957,0.0,693.0,67.0,307.36760000000004,307.36760000000004,469.1474158894287,307.481050491333
308,308,13,draft|draft_verify|target|backtracking_verify,66.05076789855957,332.0789337158203,314.33820724487305,760.0,12.0,54.66239999999999,327.76584185600586,712.527918459253,327.76584185600586
308,308,14,draft|draft_verify|target|target_rescue_verify,79.36930656433105,322.13330268859863,200.14715194702148,772.0,14.0,64.4848,488.23278074650875,601.7097723999511,488.23278074650875
309,309,1,draft|draft_verify,93.13583374023438,37.00375556945801,0.0,110.0,20.0,62.87200000000001,93.13583374023438,130.1996053096924,93.13583374023438
309,309,2,draft|draft_verify,198.65942001342773,31.607389450073242,0.0,130.0,39.0,125.5644,125.5644,230.32684066350097,198.65942001342773
309,309,3,draft|draft_verify|target|target_rescue_verify,491.3525581359863,115.0057315826416,217.7283763885498,169.0,107.0,363.694,421.2569513913208,824.1467517071777,548.9155095273071
309,309,4,draft|draft_verify|target|target_rescue_verify,276.89671516418457,129.39763069152832,324.37634468078613,197.0,61.0,207.82999999999998,324.37634468078613,730.730739336499,341.65557930994873
309,309,5,draft|draft_verify,303.80892753601074,91.85576438903809,0.0,245.0,65.0,229.174,229.174,395.7247439250488,303.80892753601074
309,309,6,draft|draft_verify|target|target_rescue_verify,311.290979385376,181.26726150512695,302.07276344299316,310.0,63.0,231.6252,322.31888115256345,794.6910547334961,401.9846605379395
309,309,7,draft|draft_verify|target|target_rescue_verify,326.7335891723633,221.3270664215088,464.4951820373535,354.0,68.0,257.55039999999997,464.4951820373535,1012.6158920312256,464.4951820373535
309,309,8,draft|draft_verify|target|target_rescue_verify,397.7844715118408,254.19306755065918,383.17298889160156,427.0,86.0,342.70000000000005,469.85660257532965,1035.2105967541015,524.9410740871704
309,309,9,draft|draft_verify|target|backtracking_verify,449.17798042297363,257.3285102844238,705.1501274108887,485.0,95.0,392.78200000000004,705.1501274108887,1411.7166941182861,705.1501274108887
309,309,10,draft|draft_verify|target|target_rescue_verify,444.0474510192871,264.01829719543457,606.5020561218262,580.0,70.0,302.744,606.5020561218262,1314.6278603365479,606.5020561218262
309,309,11,draft|draft_verify,560.5728626251221,154.25682067871094,0.0,668.0,89.0,405.90999999999997,405.90999999999997,714.889754503833,560.5728626251221
309,309,12,draft|draft_verify,237.20550537109375,155.81226348876953,0.0,757.0,37.0,173.1932,173.1932,393.0777984598633,237.20550537109375
309,309,13,draft|draft_verify,140.15531539916992,175.55665969848633,0.0,794.0,27.0,127.87800000000001,331.4889743872559,315.7719966976563,331.4889743872559
310,310,1,draft|draft_verify,409.95264053344727,47.16038703918457,0.0,121.0,68.0,220.084,409.95264053344727,457.17308197263185,409.95264053344727
310,310,2,draft|draft_verify|target|backtracking_verify,310.8530044555664,128.04722785949707,385.4174613952637,189.0,68.0,231.01839999999999,385.4174613952637,824.3777481103272,385.4174613952637
310,310,3,draft|draft_verify|target|target_rescue_verify,722.6846218109131,252.39229202270508,523.66042137146,505.0,127.0,536.4044,662.6606476113525,1498.7974368050782,848.9408694222657
310,310,4,draft|draft_verify|target|target_rescue_verify,1810.4135990142822,453.7172317504883,1587.3205661773682,650.0,389.0,1902.8283999999999,3036.83691810155,3851.5117081421386,2944.4221171158324
310,310,5,draft|draft_verify|target|target_rescue_verify,231.4624786376953,185.3044033050537,173.10070991516113,353.0,48.0,180.2856,272.99784005252684,589.9276302579101,324.17471869022216
310,310,6,draft|draft_verify|target|target_rescue_verify,1261.077880859375,255.2471160888672,391.7219638824463,376.0,229.0,925.6315999999999,1053.3153412444335,1908.1071440306885,1388.7616221038086
310,310,7,draft|draft_verify|target|target_rescue_verify,339.24198150634766,254.38594818115234,466.6018486022949,437.0,72.0,287.2392,466.6018486022949,1060.2898358897949,466.6018486022949
310,310,8,draft|draft_verify,334.7814083099365,132.05742835998535,0.0,512.0,71.0,295.75,295.75,466.89889346992186,334.7814083099365
310,310,9,draft|draft_verify,345.7350730895996,133.70037078857422,0.0,583.0,63.0,272.2476,272.2476,479.49549427817385,345.7350730895996
310,310,10,draft|draft_verify|target|target_rescue_verify,499.62806701660156,320.53256034851074,571.7148780822754,646.0,96.0,433.75199999999995,594.0783569742553,1391.9355822473876,659.9544239908569
310,310,11,draft|draft_verify|target|backtracking_verify,135.41603088378906,316.35546684265137,200.9134292602539,722.0,28.0,128.0528,318.50403599558103,652.7449493866943,318.50403599558103
310,310,12,draft|draft_verify|target|target_rescue_verify,966.2842750549316,838.0472660064697,4458.326578140259,1497.0,210.0,1406.2631999999999,4877.350211143494,6262.71828720166,4877.350211143494
310,310,13,draft|draft_verify,796.0522174835205,178.70044708251953,0.0,754.0,171.0,833.2860000000001,833.2860000000001,974.81280136604,796.0522174835205
310,310,14,draft|draft_verify,180.0217628479004,202.7137279510498,0.0,925.0,36.0,182.53199999999998,182.53199999999998,382.7955195989502,180.0217628479004
310,310,15,draft|draft_verify|target|target_rescue_verify,2001.2521743774414,520.8284854888916,952.2709846496582,961.0,364.0,2040.4616,2300.936133944446,3474.411935715991,2261.726708321887
310,310,16,draft|draft_verify,133.73136520385742,231.24098777770996,0.0,1100.0,31.0,169.286,260.4142427444458,365.0323777815674,260.4142427444458
310,310,17,draft|draft_verify,22.168636322021484,226.17077827453613,0.0,1131.0,4.0,19.6376,231.30101257770997,248.39941779655763,231.30101257770997
310,310,18,draft|draft_verify|target|target_rescue_verify,242.8581714630127,514.0295028686523,572.7005004882812,1135.0,54.0,302.78639999999996,572.7005004882812,1329.6482180199464,572.7005004882812
310,310,19,draft|draft_verify,427.39319801330566,277.61387825012207,0.0,1226.0,91.0,535.814,535.814,705.0671490634277,427.39319801330566
310,310,20,draft|draft_verify,415.2412414550781,283.77318382263184,0.0,1317.0,90.0,549.2231999999999,549.2231999999999,699.07449727771,415.2412414550781
310,310,21,draft|draft_verify,654.2294025421143,316.725492477417,0.0,1407.0,121.0,769.9100000000001,769.9100000000001,971.0149918195312,654.2294025421143
310,310,22,draft|draft_verify,432.10864067077637,332.9639434814453,0.0,1528.0,90.0,594.2927999999999,594.2927999999999,765.1326561522217,432.10864067077637
310,310,23,draft|draft_verify,546.3225841522217,352.0393371582031,0.0,1618.0,121.0,830.678,830.678,898.4220181104248,546.3225841522217
310,310,24,draft|draft_verify,459.9730968475342,393.99099349975586,0.0,1739.0,89.0,632.1052,632.1052,854.0241615472901,459.9730968475342
310,310,25,draft|draft_verify,409.73782539367676,396.5885639190674,0.0,1828.0,89.0,650.9019999999999,650.9019999999999,806.3864605127442,409.73782539367676
310,310,26,draft|draft_verify,524.4905948638916,409.1074466705322,0.0,1917.0,120.0,909.0311999999999,909.0311999999999,933.6581375344239,524.4905948638916
310,310,27,draft|draft_verify,416.37635231018066,425.31275749206543,0.0,2037.0,89.0,695.0427999999999,1120.4156286920654,841.7491810022461,841.7491810022461
311,311,1,draft|draft_verify,178.27153205871582,30.130386352539062,0.0,106.0,42.0,133.0368,178.27153205871582,208.46195201125488,178.27153205871582
311,311,2,draft|draft_verify|target|backtracking_verify,245.51653861999512,106.68230056762695,310.20164489746094,148.0,56.0,183.952,310.20164489746094,662.460528885083,310.20164489746094
311,311,3,draft|draft_verify|target|target_rescue_verify,513.667106628418,279.90150451660156,1350.6278991699219,400.0,116.0,459.328,1490.5786514282227,2144.2566031149413,1490.5786514282227
311,311,4,draft|draft_verify|target|backtracking_verify,263.8437747955322,178.42888832092285,629.2753219604492,303.0,54.0,196.95600000000002,629.2753219604492,1071.6080282769044,629.2753219604492
311,311,5,draft|draft_verify|target|target_rescue_verify,916.1956310272217,282.0405960083008,659.6724987030029,357.0,186.0,733.62,874.7004468041504,1857.9688745385254,1057.276077831372
311,311,6,draft|draft_verify|target|target_rescue_verify,435.23240089416504,272.7797031402588,501.3105869293213,465.0,92.0,375.6424,512.0923251701295,1209.3827645637452,571.6823260642944
311,311,7,draft|draft_verify|target|target_rescue_verify,543.4896945953369,264.44315910339355,637.0604038238525,542.0,116.0,498.52,637.0604038238525,1445.053350322583,675.7713669470337
311,311,8,draft|draft_verify|target|target_rescue_verify,1323.857307434082,346.127986907959,699.7053623199463,643.0,293.0,1394.1916,1567.3158278539795,2369.750891061987,1496.9815352880614
311,311,9,draft|draft_verify|target|backtracking_verify,360.17465591430664,333.46104621887207,391.97278022766113,755.0,75.0,355.998,522.788583109436,1085.6685423608399,526.9652390237427
311,311,10,draft|draft_verify|target|target_rescue_verify,1366.142749786377,604.1514873504639,686.4690780639648,1644.0,277.0,1975.718,2277.853965275232,2656.8235368008054,1668.2787150616089
311,311,11,draft|draft_verify|target|target_rescue_verify,954.186201095581,638.5021209716797,380.6483745574951,1892.0,206.0,1572.7599999999998,1892.0712252858395,1973.396861424756,1273.4974263814208
311,311,12,draft|draft_verify,124.23563003540039,232.42974281311035,0.0,1065.0,25.0,133.814,319.25106048583984,356.72539284851075,319.25106048583984
311,311,13,draft|draft_verify,136.51371002197266,231.4763069152832,0.0,1090.0,27.0,146.34840000000003,464.0260913283936,368.0500385372559,464.0260913283936
312,312,1,draft|draft_verify|target|target_rescue_verify,221.909761428833,71.60305976867676,444.99731063842773,113.0,48.0,153.21359999999999,444.99731063842773,738.5701702359374,444.99731063842773
312,312,2,draft|draft_verify|target|target_rescue_verify,333.10890197753906,128.36909294128418,403.58567237854004,182.0,73.0,247.26680000000002,403.58567237854004,865.1237256973633,403.58567237854004
312,312,3,draft|draft_verify|target|backtracking_verify,315.20724296569824,169.9850559234619,426.2993335723877,245.0,68.0,240.0232,426.2993335723877,911.5516868615479,426.2993335723877
312,312,4,draft|draft_verify|target|target_rescue_verify,836.7400169372559,466.95637702941895,2538.8219356536865,624.0,179.0,818.5372,2772.300124168396,3842.578472820361,2772.300124168396
312,312,5,draft|draft_verify|target|target_rescue_verify,550.6505966186523,259.06872749328613,624.1793632507324,520.0,118.0,501.2432,630.8376581466431,1433.958781762671,680.2450547652954
312,312,6,draft|draft_verify,100.51727294921875,135.14161109924316,0.0,619.0,18.0,77.2824,264.73598924588623,235.7188984484619,264.73598924588623
313,313,1,draft|draft_verify|target|backtracking_verify,285.7508659362793,112.67733573913574,208.2374095916748,184.0,64.0,216.3392,342.14958500584714,606.7256624670898,342.14958500584714
313,313,2,draft|draft_verify|target|target_rescue_verify,748.7187385559082,285.30287742614746,695.826530456543,461.0,171.0,713.742,1275.692560097882,1729.9082832385986,1310.6692986537903
313,313,3,draft|draft_verify|target|backtracking_verify,304.9139976501465,231.91142082214355,116.60575866699219,564.0,64.0,273.7952,389.8109616110718,653.4912283392822,420.92975926121824
313,313,4,draft|draft_verify|target|target_rescue_verify,1380.8910846710205,565.9401416778564,1020.1842784881592,963.0,296.0,1636.108,2599.012489386365,2967.075741637036,2343.7955740573852
313,313,5,draft|draft_verify,176.76973342895508,89.90120887756348,0.0,296.0,36.0,129.696,129.696,266.73097110651855,176.76973342895508
313,313,6,draft|draft_verify,123.37732315063477,84.82003211975098,0.0,332.0,25.0,91.5932,91.5932,208.25737527038575,123.37732315063477
313,313,7,draft|draft_verify|target|target_rescue_verify,195.83868980407715,200.93536376953125,275.0728130340576,357.0,41.0,153.91,275.0728130340576,671.9068994076661,296.36640448884276
313,313,8,draft|draft_verify,119.85445022583008,100.95977783203125,0.0,395.0,25.0,95.222,100.46768188476562,220.87424805786134,119.85445022583008
313,313,9,draft|draft_verify,146.56901359558105,136.8997097015381,0.0,420.0,31.0,120.326,120.326,283.52874809711915,146.56901359558105
313,313,10,draft|draft_verify,80.95049858093262,126.33800506591797,0.0,451.0,17.0,66.4348,136.9597345015381,207.34851724685058,136.9597345015381
313,313,11,draft|draft_verify|target|target_rescue_verify,510.6022357940674,276.2258052825928,386.4717483520508,468.0,107.0,439.7596,577.9325882412963,1173.359875028711,648.7752240353637
313,313,12,draft|draft_verify,72.26061820983887,136.45601272583008,0.0,522.0,14.0,56.684799999999996,138.1129026412964,208.77664213566896,138.1129026412964
313,313,13,draft|draft_verify,379.06694412231445,138.68451118469238,0.0,536.0,78.0,330.12,330.12,517.8115177070068,379.06694412231445
313,313,14,draft|draft_verify,52.58679389953613,129.669189453125,0.0,614.0,12.0,50.80799999999999,138.74457358469238,182.31599295266113,138.74457358469238
313,313,15,draft|draft_verify,172.52278327941895,131.44159317016602,0.0,626.0,38.0,166.336,166.336,304.0244068495849,172.52278327941895
313,313,16,draft|draft_verify|target|target_rescue_verify,302.02364921569824,314.09287452697754,495.6700801849365,664.0,64.0,288.91519999999997,495.6700801849365,1111.8466551276124,495.6700801849365
313,313,17,draft|draft_verify|target|target_rescue_verify,362.7758026123047,333.5614204406738,380.8772563934326,722.0,78.0,364.4928,531.3335726203369,1077.274541846411,529.6165752326416
313,313,18,draft|draft_verify,273.1485366821289,175.92835426330566,0.0,780.0,58.0,277.1312,277.1312,449.13693734543455,273.1485366821289
313,313,19,draft|draft_verify,280.8094024658203,187.29162216186523,0.0,838.0,58.0,285.0656,285.0656,468.1610710276855,280.8094024658203
313,313,20,draft|draft_verify,142.08626747131348,200.83284378051758,0.0,896.0,29.0,144.41559999999998,187.35166856186524,342.97913445183104,187.35166856186524
313,313,21,draft|draft_verify,72.26181030273438,204.1916847229004,0.0,925.0,14.0,69.2584,200.89286698051757,276.5135062256348,200.89286698051757
313,313,22,draft|draft_verify,384.9005699157715,206.3910961151123,0.0,939.0,78.0,404.5944,404.5944,591.3517284308838,384.9005699157715
313,313,23,draft|draft_verify,41.94784164428711,204.6184539794922,0.0,1017.0,7.0,34.7852,206.4511585151123,246.6263012237793,206.4511585151123
313,313,24,draft|draft_verify|target|target_rescue_verify,736.6032600402832,490.27299880981445,776.2706279754639,1024.0,169.0,931.9772,1177.1738346049074,2003.2070220255614,981.7998946451904
313,313,25,draft|draft_verify,64.90969657897949,243.28064918518066,0.0,1129.0,12.0,64.404,245.13649940490723,308.25035536416016,245.13649940490723
313,313,26,draft|draft_verify,60.81986427307129,235.01992225646973,0.0,1141.0,11.0,59.086,243.34065878518066,295.899795329541,243.34065878518066
313,313,27,draft|draft_verify,325.49595832824707,261.6262435913086,0.0,1152.0,59.0,333.7948,333.7948,587.1822491195556,325.49595832824707
313,313,28,draft|draft_verify,168.6859130859375,260.81275939941406,0.0,1211.0,35.0,200.6956,261.6862907913086,429.55870048535155,261.6862907913086
313,313,29,draft|draft_verify,261.6410255432129,280.54022789001465,0.0,1246.0,54.0,316.9056,316.9056,542.2412966332275,261.6410255432129
313,313,30,draft|draft_verify,247.6937770843506,360.08167266845703,0.0,1300.0,54.0,323.7744,323.7744,607.8354929528076,280.60027109001464
313,313,31,draft|draft_verify,255.5234432220459,284.70373153686523,0.0,1354.0,54.0,330.6432,360.141715868457,540.2872179589111,360.141715868457
313,313,32,draft|draft_verify,198.23789596557617,314.685583114624,0.0,1408.0,42.0,261.1536,284.76377473686523,512.9835126802002,284.76377473686523
313,313,33,draft|draft_verify,61.61642074584961,316.131591796875,0.0,1450.0,12.0,72.8784,314.745616714624,377.8080221427246,314.745616714624
313,313,34,draft|draft_verify|target|target_rescue_verify,227.34379768371582,636.3017559051514,232.3009967803955,1462.0,49.0,311.8748,634.4025185494506,1096.0065895692628,634.4025185494506
313,313,35,draft|draft_verify,90.7595157623291,319.1404342651367,0.0,1491.0,18.0,112.86,318.1508779525757,409.9599644274658,318.1508779525757
313,313,36,draft|draft_verify,109.05885696411133,335.4308605194092,0.0,1509.0,20.0,126.6664,319.2004486651367,444.5497334835205,319.2004486651367
313,313,37,draft|draft_verify,92.38219261169434,335.12306213378906,0.0,1529.0,13.0,81.5324,670.6739490531983,427.5652651454834,670.6739490531983
314,314,1,draft|draft_verify|target|target_rescue_verify,557.0077896118164,95.45731544494629,207.88240432739258,155.0,123.0,416.40119999999996,604.7965457342896,860.4076077841553,604.7965457342896
314,314,2,draft|draft_verify|target|backtracking_verify,336.70878410339355,121.84953689575195,585.0021839141846,182.0,75.0,254.2332,585.0021839141846,1043.62056491333,585.0021839141846
314,314,5,draft|draft_verify|target|target_rescue_verify,105.73863983154297,353.33251953125,219.1791534423828,829.0,24.0,115.30319999999999,468.69573873125,678.3103320051757,459.13117856279297
315,315,1,draft|draft_verify|target|target_rescue_verify,993.2234287261963,122.4508285522461,659.2650413513184,109.0,163.0,541.8764,1054.5089734023193,1774.999429029761,1054.5089734023193
315,315,2,draft|draft_verify|target|target_rescue_verify,667.3510074615479,235.71252822875977,1943.5467720031738,216.0,118.0,415.88,1943.5467720031738,2846.6704020934812,1943.5467720031738
315,315,3,draft|draft_verify|target|target_rescue_verify,634.4892978668213,650.1119136810303,12134.902477264404,519.0,144.0,616.1112,12459.95843410492,13419.563804012256,12459.95843410492
316,316,1,draft|draft_verify|target|backtracking_verify,237.70737648010254,123.14009666442871,479.5341491699219,212.0,52.0,178.37120000000002,479.5341491699219,840.4416639144531,479.5341491699219
316,316,2,draft|draft_verify|target|backtracking_verify,613.8436794281006,326.7655372619629,859.5888614654541,552.0,135.0,586.6812,1261.6098916791993,1800.2581861555177,1288.7723711073
316,316,3,draft|draft_verify|target|target_rescue_verify,1560.7919692993164,794.0025329589844,1879.3730735778809,1373.0,322.0,2105.9336,4039.4828396643834,4234.227833436182,3494.3412089637
316,316,4,draft|draft_verify|target|target_rescue_verify,1256.3340663909912,649.6479511260986,1288.0489826202393,1268.0,260.0,1615.1968,2778.9998602109986,3194.091208137329,2420.1371266019896
316,316,5,draft|draft_verify|target|backtracking_verify|target_rescue_verify,805.213212966919,525.9358882904053,1366.412878036499,979.0,174.0,941.9831999999999,2019.7016944360535,2697.622118493823,1882.9317074029723
316,316,6,draft|draft_verify|target|backtracking_verify|target_rescue_verify,1496.8478679656982,897.6490497589111,1870.377540588379,1747.0,327.0,2433.2652,4428.284696791346,4264.934719912988,3491.8673647570436
316,316,7,draft|draft_verify|target|target_rescue_verify,850.7275581359863,748.1083869934082,919.252872467041,1985.0,184.0,1440.2984000000001,2498.4716930282475,2518.1489647964354,1908.9008511642332
316,316,8,draft|draft_verify,390.0115489959717,178.2090663909912,0.0,809.0,83.0,405.5884,405.5884,568.2806817869629,390.0115489959717
316,316,9,draft|draft_verify,157.7460765838623,179.7032356262207,0.0,892.0,28.0,139.0688,178.26913279099122,337.509334610083,178.26913279099122
316,316,10,draft|draft_verify,71.93732261657715,200.1049518585205,0.0,920.0,15.0,74.214,379.9282218847412,272.1022864750977,379.9282218847412
317,317,1,draft|draft_verify|target|backtracking_verify,280.853271484375,83.26053619384766,266.74938201904297,132.0,57.0,185.1612,322.54358518129885,630.9232352972656,322.54358518129885
317,317,2,draft|draft_verify|target|target_rescue_verify|backtracking_verify,462.85295486450195,255.9504508972168,948.3644962310791,361.0,103.0,396.59000000000003,1076.3397216796875,1667.227984392798,1129.0581235529542
317,317,3,draft|draft_verify|target|target_rescue_verify,909.5449447631836,341.2513732910156,1146.4002132415771,492.0,194.0,829.6048,1658.8035917890502,2397.256686495776,1738.743736552234
317,317,4,draft|draft_verify|target|target_rescue_verify,1064.4147396087646,279.2999744415283,1052.5329113006592,351.0,225.0,894.9276,1192.1828985214233,2396.307805350952,1343.774894050293
318,318,1,draft|draft_verify,79.41079139709473,39.19029235839844,0.0,137.0,15.0,47.90520000000001,79.41079139709473,118.66109575549316,79.41079139709473
318,318,2,draft|draft_verify,215.18611907958984,50.85921287536621,0.0,152.0,47.0,154.26520000000002,154.26520000000002,266.10536955495604,215.18611907958984
318,318,3,draft|draft_verify,450.85954666137695,61.36822700500488,0.0,199.0,102.0,353.34000000000003,353.34000000000003,512.2878552663818,450.85954666137695
318,318,4,draft|draft_verify,163.10739517211914,77.08740234375,0.0,301.0,35.0,126.4396,126.4396,240.25482551586913,163.10739517211914
318,318,5,draft|draft_verify,234.50922966003418,93.09530258178711,0.0,336.0,49.0,182.1596,182.1596,327.6645714418213,234.50922966003418
318,318,6,draft|draft_verify,147.12858200073242,93.91951560974121,0.0,385.0,26.0,98.5,192.47953640974123,241.10811841047362,241.10811841047365
319,319,1,draft|draft_verify,164.0770435333252,30.38763999938965,0.0,108.0,36.0,113.90400000000001,164.0770435333252,194.52471233271484,164.0770435333252
319,319,2,draft|draft_verify,441.56837463378906,58.64691734313965,0.0,144.0,99.0,329.64119999999997,329.64119999999997,500.27537117692873,441.56837463378906
319,319,3,draft|draft_verify,457.17811584472656,78.58657836914062,0.0,243.0,99.0,352.926,352.926,535.8247734138672,457.17811584472656
319,319,4,draft|draft_verify,135.66303253173828,97.18799591064453,0.0,342.0,29.0,107.1868,107.1868,232.9110516423828,135.66303253173828
319,319,5,draft|draft_verify,166.35680198669434,92.88382530212402,0.0,371.0,36.0,135.996,135.996,259.30065608881836,166.35680198669434
319,319,6,draft|draft_verify,179.87394332885742,125.55408477783203,0.0,407.0,38.0,146.8888,146.8888,305.4880585066894,179.87394332885742
319,319,7,draft|draft_verify|target|target_rescue_verify,372.39694595336914,255.2816867828369,500.78701972961426,445.0,63.0,251.7132,500.78701972961426,1128.5257028658202,500.78701972961426
319,319,8,draft|draft_verify,163.71464729309082,128.2522678375244,0.0,521.0,33.0,135.99,264.3022942375244,292.0269415306152,292.0269415306152
320,320,1,draft|draft_verify,99.72929954528809,30.660152435302734,0.0,102.0,22.0,68.8352,99.72929954528809,130.4494695805908,99.72929954528809
320,320,2,draft|draft_verify,367.8116798400879,51.59258842468262,0.0,124.0,85.0,277.51640000000003,277.51640000000003,419.4643362647705,367.8116798400879
320,320,3,draft|draft_verify,592.0040607452393,78.77182960510254,0.0,209.0,129.0,454.24920000000003,454.24920000000003,670.8359935503418,592.0040607452393
320,320,4,draft|draft_verify,501.34825706481934,142.16256141662598,0.0,338.0,102.0,387.0336,387.0336,643.5709000814453,501.34825706481934
320,320,5,draft|draft_verify,127.79641151428223,126.63078308105469,0.0,440.0,26.0,101.80000000000001,268.91344689768067,254.48721539533693,268.91344689768067
321,321,1,draft|draft_verify|target|target_rescue_verify,575.4969120025635,126.4183521270752,671.3476181030273,142.0,119.0,398.5948,671.3476181030273,1373.322977432666,671.3476181030273
321,321,3,draft|draft_verify|target|target_rescue_verify,482.67197608947754,357.1493625640869,371.05822563171387,783.0,107.0,519.8956000000001,698.5303668820435,1210.9396498852784,661.306742971521
321,321,4,draft|draft_verify,83.83965492248535,175.11749267578125,0.0,835.0,16.0,76.268,353.7521867578247,259.0171603982666,353.7521867578247
322,322,1,draft|draft_verify,211.90357208251953,30.30848503112793,0.0,100.0,47.0,148.5244,211.90357208251953,242.27209471364745,211.90357208251953
322,322,2,draft|draft_verify,1963.749647140503,139.48655128479004,0.0,147.0,428.0,1598.3128000000002,1598.3128000000002,2103.296540825293,1963.749647140503
322,322,3,draft|draft_verify,2099.9252796173096,215.98315238952637,0.0,575.0,433.0,2063.3372,2063.3372,2315.968778406836,2099.9252796173096
322,322,4,draft|draft_verify,496.0596561431885,228.93261909484863,0.0,1008.0,107.0,577.1356000000001,806.1283046948487,725.0523608380371,725.0523608380371
323,323,1,draft|draft_verify|target|target_rescue_verify,476.0472774505615,86.44890785217285,422.09529876708984,115.0,106.0,346.55600000000004,519.331816176648,984.6515688698242,519.331816176648
323,323,2,draft|draft_verify,126.36876106262207,51.286935806274414,0.0,179.0,21.0,69.366,69.366,177.71571366889648,126.36876106262207
323,323,3,draft|draft_verify,168.11537742614746,62.84379959106445,0.0,200.0,38.0,128.5072,128.5072,231.0192074172119,168.11537742614746
323,323,4,draft|draft_verify,204.7131061553955,69.02623176574707,0.0,238.0,44.0,153.112,153.112,273.7993731211426,204.7131061553955
323,323,5,draft|draft_verify,313.5685920715332,88.15193176269531,0.0,282.0,61.0,220.07,220.07,401.7805726342285,313.5685920715332
323,323,6,draft|draft_verify|target|target_rescue_verify,348.18387031555176,203.00984382629395,214.80846405029297,343.0,77.0,290.5756,392.14058351314696,766.0622397921386,449.7488538286987
323,323,7,draft|draft_verify,65.38581848144531,93.80173683166504,0.0,371.0,12.0,44.392799999999994,195.366668344812,159.24756491311035,195.366668344812
324,324,1,draft|draft_verify,224.42889213562012,51.87821388244629,0.0,174.0,44.0,146.5072,224.42889213562012,276.3671412180664,224.42889213562012
324,324,2,draft|draft_verify,302.844762802124,65.57583808898926,0.0,218.0,65.0,225.0268,225.0268,368.48065289111327,302.844762802124
324,324,3,draft|draft_verify|target|target_rescue_verify,312.43252754211426,159.33704376220703,468.9304828643799,283.0,65.0,235.01080000000002,468.9304828643799,940.7601061687012,468.9304828643799
324,324,4,draft|draft_verify|target|target_rescue_verify,340.72184562683105,213.49596977233887,456.32147789001465,355.0,74.0,281.0584,456.32147789001465,1010.5993524891846,456.32147789001465
324,324,5,draft|draft_verify|target|target_rescue_verify,335.77919006347656,255.0644874572754,372.8630542755127,425.0,72.0,285.19440000000003,412.7867013286377,963.7667893962646,463.37149139211425
324,324,6,draft|draft_verify|target|backtracking_verify,378.8442611694336,268.2785987854004,438.6863708496094,481.0,82.0,336.8168,471.01616499270017,1085.8692964044433,513.0436261621338
324,324,7,draft|draft_verify|target|target_rescue_verify,868.0450916290283,547.8947162628174,791.7013168334961,1112.0,191.0,1098.79,1905.621848413861,2207.7012775253415,1674.8769400428894
324,324,8,draft|draft_verify,466.7530059814453,154.33478355407715,0.0,633.0,100.0,449.2808,449.2808,621.1478695355224,466.7530059814453
324,324,9,draft|draft_verify,544.3587303161621,176.88584327697754,0.0,733.0,116.0,551.236,551.236,721.3046663931397,544.3587303161621
324,324,10,draft|draft_verify,641.273021697998,202.30674743652344,0.0,849.0,136.0,687.4279999999999,687.4279999999999,843.6398779345215,641.273021697998
324,324,11,draft|draft_verify,754.1155815124512,234.63749885559082,0.0,985.0,160.0,865.604,865.604,988.813208368042,754.1155815124512
324,324,12,draft|draft_verify,842.9388999938965,278.7361145019531,0.0,1145.0,180.0,1047.156,1047.156,1121.7351584958496,842.9388999938965
324,324,14,draft|draft_verify,946.556568145752,352.24223136901855,0.0,1517.0,204.0,1374.2568,1374.2568,1298.8589627147705,946.556568145752
324,324,15,draft|draft_verify,984.3637943267822,395.8008289337158,0.0,1721.0,212.0,1533.6327999999999,1533.6327999999999,1380.224792860498,984.3637943267822
324,324,16,draft|draft_verify,1115.464448928833,426.6970157623291,0.0,1933.0,232.0,1801.8056000000001,2228.562801362329,1542.2216502911622,1542.2216502911622
325,325,1,draft|draft_verify,421.5695858001709,52.28233337402344,0.0,114.0,93.0,302.3484,421.5695858001709,473.91199357419436,421.5695858001709
325,325,2,draft|draft_verify,108.26277732849121,51.98812484741211,0.0,207.0,23.0,77.5468,77.5468,160.3109205759033,108.26277732849121
325,325,3,draft|draft_verify,80.89375495910645,60.82797050476074,0.0,230.0,13.0,44.1212,52.048143247412106,141.7817358638672,80.89375495910645
325,325,4,draft|draft_verify,89.91289138793945,66.97678565979004,0.0,243.0,19.0,65.438,65.438,156.9496922477295,89.91289138793945
325,325,5,draft|draft_verify,122.15375900268555,67.98076629638672,0.0,262.0,25.0,87.5612,87.5612,190.19454529907227,122.15375900268555
325,325,6,draft|draft_verify,97.49245643615723,80.22785186767578,0.0,287.0,19.0,67.33879999999999,68.04078629638671,177.78032350383302,97.49245643615723
325,325,7,draft|draft_verify,495.12195587158203,95.36004066467285,0.0,306.0,97.0,360.0668,360.0668,590.5420741362549,495.12195587158203
325,325,8,draft|draft_verify|target|target_rescue_verify,416.7318344116211,261.08813285827637,448.03643226623535,403.0,90.0,353.9928,484.59693842913816,1125.9164715361328,547.3359728407593
325,325,9,draft|draft_verify|target|target_rescue_verify,426.9275665283203,283.2961082458496,431.2865734100342,465.0,75.0,304.49399999999997,446.20211412292474,1141.5703081842041,568.6356806512451
325,325,10,draft|draft_verify|target|backtracking_verify,177.5989532470703,273.21791648864746,215.67940711975098,527.0,37.0,153.32119999999998,289.9901878443237,666.5563064554688,314.26794109139405
325,325,11,draft|draft_verify|target|target_rescue_verify,1900.033712387085,500.75554847717285,1416.036605834961,1113.0,423.0,2555.4636,2805.9017126385866,3816.886205099219,2150.4718250256715
325,325,12,draft|draft_verify,182.95812606811523,132.9021453857422,0.0,566.0,35.0,148.0636,250.37777423858643,315.9202994538574,250.37777423858643
325,325,13,draft|draft_verify,214.75481986999512,133.21590423583984,0.0,601.0,43.0,186.15800000000002,186.15800000000002,348.03075850583497,214.75481986999512
325,325,14,draft|draft_verify|target|backtracking_verify,97.05972671508789,324.4016170501709,1481.6629886627197,644.0,22.0,96.15199999999999,1481.6629886627197,1903.1843500279786,1481.6629886627197
325,325,16,draft|draft_verify,362.4413013458252,177.87480354309082,0.0,777.0,66.0,315.78000000000003,315.78000000000003,540.376157688916,362.4413013458252
325,325,17,draft|draft_verify,342.35119819641113,181.03432655334473,0.0,843.0,68.0,336.1816,336.1816,523.4455791497559,342.35119819641113
325,325,18,draft|draft_verify,734.5879077911377,209.89465713500977,0.0,911.0,121.0,627.062,627.062,944.5426617261475,734.5879077911377
325,325,19,draft|draft_verify,149.0952968597412,232.73921012878418,0.0,1032.0,32.0,169.81119999999999,209.95475393500976,381.8945325885254,209.95475393500976
325,325,20,draft|draft_verify,323.76861572265625,235.05401611328125,0.0,1064.0,67.0,366.134,366.134,558.8826854359374,323.76861572265625
325,325,21,draft|draft_verify,413.64097595214844,263.6697292327881,0.0,1131.0,89.0,503.6956,503.6956,677.3707763849366,413.64097595214844
325,325,22,draft|draft_verify,128.248929977417,263.16380500793457,0.0,1220.0,22.0,125.1824,263.72980043278807,391.4727525853516,263.72980043278807
325,325,23,draft|draft_verify,87.22758293151855,263.5974884033203,0.0,1242.0,17.0,96.8092,263.22382260793455,350.88508493483886,263.22382260793455
325,325,24,draft|draft_verify,168.98441314697266,277.91380882263184,0.0,1259.0,35.0,204.61239999999998,263.6575020033203,446.9582499696045,263.6575020033203
325,325,25,draft|draft_verify,208.71520042419434,279.6182632446289,0.0,1294.0,43.0,256.0124,277.9738368226318,488.39349806882325,277.9738368226318
325,325,26,draft|draft_verify,122.01476097106934,279.2811393737793,0.0,1337.0,22.0,131.0792,279.6782976446289,401.3559179448486,279.6782976446289
325,325,27,draft|draft_verify|target|target_rescue_verify,693.7541961669922,632.4172019958496,1056.9369792938232,1359.0,148.0,930.3223999999999,1246.5911193979248,2383.168495856665,1056.9369792938232
325,325,28,draft|draft_verify,552.7656078338623,335.674524307251,0.0,1519.0,90.0,592.3704,592.3704,888.5002041411133,552.7656078338623
325,325,29,draft|draft_verify,331.9404125213623,353.05166244506836,0.0,1609.0,67.0,452.462,452.462,685.0521285664306,335.73459630725097
325,325,30,draft|draft_verify,421.7402935028076,367.31481552124023,0.0,1676.0,90.0,625.9056,625.9056,789.1151810240478,421.7402935028076
325,325,31,draft|draft_verify,170.1037883758545,391.6821479797363,0.0,1766.0,32.0,224.42079999999999,367.3748875212402,561.8459619555908,367.3748875212402
325,325,32,draft|draft_verify,338.41586112976074,396.20137214660645,0.0,1798.0,66.0,475.05600000000004,475.05600000000004,734.6772860763672,391.74217357973635
325,325,33,draft|draft_verify,435.1811408996582,408.3209037780762,0.0,1864.0,89.0,658.5052,658.5052,843.5621158777344,435.1811408996582
325,325,34,draft|draft_verify,115.2491569519043,410.09020805358887,0.0,1953.0,22.0,162.1256,408.38097497807615,525.3993826054932,408.38097497807615
325,325,35,draft|draft_verify,87.1274471282959,412.35828399658203,0.0,1975.0,17.0,124.9564,410.15022565358885,499.5457447248779,410.15022565358885
325,325,36,draft|draft_verify,173.40397834777832,408.5357189178467,0.0,1992.0,35.0,264.42519999999996,412.418297596582,581.999725265625,412.418297596582
325,325,37,draft|draft_verify,211.11655235290527,428.2650947570801,0.0,2027.0,43.0,329.8988,836.9208760749268,639.4416815099853,836.9208760749268
326,326,1,draft|draft_verify|target|backtracking_verify,409.4057083129883,104.0952205657959,547.4016666412354,131.0,93.0,306.10200000000003,547.4016666412354,1060.9626699200196,547.4016666412354
326,326,2,draft|draft_verify|target|target_rescue_verify,911.2584590911865,332.9801559448242,1630.598783493042,442.0,204.0,850.5168,1915.6114719051393,2874.8975617290525,1976.3531309963257
326,326,3,draft|draft_verify|target|target_rescue_verify,1566.7221546173096,541.1686897277832,2017.052173614502,711.0,336.0,1671.036,3085.4988729030883,4125.003286759595,2981.185027520398
326,326,4,draft|draft_verify,424.98040199279785,135.5898380279541,0.0,547.0,89.0,380.35479999999995,380.35479999999995,560.630311220752,424.98040199279785
326,326,5,draft|draft_verify,123.94952774047852,131.94894790649414,0.0,636.0,24.0,104.64959999999999,267.6588763344482,255.95849484697266,267.6588763344482
327,327,1,draft|draft_verify|target|backtracking_verify,203.4590244293213,62.358856201171875,295.6967353820801,87.0,40.0,124.8152,295.6967353820801,561.5746480125732,295.6967353820801
327,327,2,draft|draft_verify|target|target_rescue_verify,1224.8563766479492,208.8797092437744,750.5788803100586,258.0,283.0,1082.5916,1187.091681021887,2184.375192601782,1329.3564576698363
327,327,3,draft|draft_verify|target|backtracking_verify|target_rescue_verify,1023.9739418029785,285.1536273956299,953.0043601989746,406.0,213.0,872.0699999999999,1562.4975710462097,2262.192099797583,1714.4015128491883
327,327,4,draft|draft_verify|target|target_rescue_verify,1271.2137699127197,520.0111865997314,964.0657901763916,903.0,268.0,1433.6696000000002,2331.771658767981,2755.3509610888427,2169.3158286807006
327,327,5,draft|draft_verify|target|target_rescue_verify,1141.5150165557861,529.5705795288086,1486.6688251495361,693.0,238.0,1144.9256,2285.4981376213746,3157.814611634131,2282.0875541771607
327,327,6,draft|draft_verify|target|backtracking_verify,593.8434600830078,258.5000991821289,846.4741706848145,445.0,127.0,518.2604,846.4741706848145,1698.8778315499512,846.4741706848145
327,327,7,draft|draft_verify|target|backtracking_verify|target_rescue_verify,1427.0477294921875,616.7409420013428,1712.2666835784912,1157.0,282.0,1684.7111999999997,3003.4604738902526,3756.1155806720217,2745.7970033824404
327,327,8,draft|draft_verify|target|target_rescue_verify|backtracking_verify,1057.554006576538,955.1334381103516,1342.1087265014648,2126.0,225.0,1849.1676,3539.9114627596027,3354.8563511883544,2748.2978693361406
327,327,9,draft|draft_verify|target|target_rescue_verify,1340.5334949493408,762.0491981506348,743.9560890197754,1626.0,262.0,1852.5248,2796.0999527228637,2846.598991719751,2284.108647672205
327,327,10,draft|draft_verify,175.29058456420898,175.0190258026123,0.0,833.0,30.0,145.1208,190.5122995376587,350.3696343668213,190.5122995376587
327,327,11,draft|draft_verify|target|target_rescue_verify,207.5958251953125,356.8129539489746,348.77514839172363,863.0,47.0,232.7596,589.6325915489746,913.2439651360107,564.4688167442871
328,328,1,draft|draft_verify,188.93980979919434,31.270265579223633,0.0,89.0,42.0,131.364,188.93980979919434,220.27010897841797,188.93980979919434
328,328,2,draft|draft_verify,98.75726699829102,30.715465545654297,0.0,131.0,22.0,70.2968,70.2968,129.5327501439453,98.75726699829102
328,328,3,draft|draft_verify,38.774967193603516,30.900239944458008,0.0,153.0,8.0,25.5976,30.775483145654295,69.73521353806152,38.774967193603516
328,328,4,draft|draft_verify|target|target_rescue_verify,132.249116897583,101.49431228637695,272.7947235107422,161.0,29.0,95.0236,272.7947235107422,506.59817589470214,272.7947235107422
328,328,5,draft|draft_verify,29.518842697143555,50.37403106689453,0.0,200.0,6.0,19.656,50.74715614318848,79.95287856403809,50.74715614318848
328,328,6,draft|draft_verify,107.11026191711426,55.155277252197266,0.0,206.0,22.0,74.07679999999999,74.07679999999999,162.3255567693115,107.11026191711426
328,328,7,draft|draft_verify,153.25045585632324,62.78562545776367,0.0,228.0,33.0,113.48760000000001,113.48760000000001,216.0961077140869,153.25045585632324
328,328,8,draft|draft_verify,63.082218170166016,65.54031372070312,0.0,261.0,13.0,45.014,62.84565185776367,128.68254229086915,63.082218170166016
328,328,9,draft|draft_verify,85.2048397064209,69.08512115478516,0.0,274.0,16.0,56.072,65.60032412070312,154.34997366120604,85.2048397064209
328,328,10,draft|draft_verify,137.42756843566895,86.85708045959473,0.0,290.0,32.0,114.60640000000001,114.60640000000001,224.34467449526366,137.42756843566895
328,328,11,draft|draft_verify,99.59745407104492,83.91737937927246,0.0,322.0,23.0,83.61880000000001,86.91710605959473,183.57485185031737,99.59745407104492
328,328,12,draft|draft_verify,56.459665298461914,96.64154052734375,0.0,345.0,13.0,47.4332,83.97739777927247,153.16121622580567,83.97739777927247
328,328,13,draft|draft_verify,76.49898529052734,91.5689468383789,0.0,358.0,16.0,59.096000000000004,96.70155092734375,168.12794492890623,96.70155092734375
328,328,14,draft|draft_verify,174.2570400238037,93.55354309082031,0.0,374.0,37.0,140.102,140.102,267.87061271462403,174.2570400238037
328,328,15,draft|draft_verify,25.96116065979004,125.93817710876465,0.0,411.0,5.0,18.3196,93.6135726908203,151.95934176855468,93.6135726908203
328,328,16,draft|draft_verify,68.10307502746582,126.50942802429199,0.0,416.0,14.0,53.3776,125.99818110876465,194.67251425175783,125.99818110876465
328,328,17,draft|draft_verify,44.53539848327637,131.02960586547852,0.0,430.0,9.0,34.1724,126.569439224292,175.62501154875488,126.569439224292
328,328,18,draft|draft_verify,124.23157691955566,127.75611877441406,0.0,439.0,26.0,101.74000000000001,131.08961306547852,252.04771649396974,131.08961306547852
328,328,19,draft|draft_verify,121.03509902954102,128.07416915893555,0.0,465.0,23.0,91.1692,127.81613957441407,249.16928658847655,127.81613957441407
328,328,20,draft|draft_verify,63.23742866516113,143.91279220581055,0.0,488.0,13.0,51.5516,128.13418755893554,207.2102312709717,128.13418755893554
328,328,21,draft|draft_verify,75.91414451599121,137.6955509185791,0.0,501.0,16.0,64.244,143.97280260581056,213.6697082345703,143.97280260581056
328,328,22,draft|draft_verify,177.9487133026123,129.7593116760254,0.0,517.0,38.0,156.6568,156.6568,307.76805537863765,177.9487133026123
328,328,23,draft|draft_verify,31.585693359375,128.91650199890137,0.0,555.0,5.0,19.702,129.81934207602538,160.56219935827636,129.81934207602538
328,328,24,draft|draft_verify,73.19188117980957,130.25832176208496,0.0,560.0,14.0,57.870400000000004,128.97650599890136,203.51021414189455,128.97650599890136
328,328,25,draft|draft_verify,47.12843894958496,129.6403408050537,0.0,574.0,9.0,36.937200000000004,130.31833296208495,176.82878695463867,130.31833296208495
328,328,26,draft|draft_verify,134.22322273254395,143.62859725952148,0.0,583.0,27.0,114.7116,129.7003480050537,277.91184159206546,134.22322273254395
328,328,27,draft|draft_verify,131.1197280883789,144.9899673461914,0.0,610.0,23.0,98.8252,143.68861885952148,276.1697138345703,143.68861885952148
328,328,28,draft|draft_verify,85.66808700561523,155.2126407623291,0.0,633.0,13.0,55.7276,145.0499857461914,240.94073816794435,145.0499857461914
328,328,29,draft|draft_verify,90.93022346496582,154.38246726989746,0.0,646.0,16.0,69.464,155.2726511623291,245.37270353486326,155.2726511623291
328,328,30,draft|draft_verify|target|target_rescue_verify,193.71271133422852,315.4582977294922,411.7143154144287,662.0,39.0,174.0828,411.7143154144287,920.9453556781494,411.7143154144287
328,328,31,draft|draft_verify,60.991525650024414,156.03232383728027,0.0,720.0,10.0,44.36,157.7291488647461,217.0838574873047,157.7291488647461
328,328,32,draft|draft_verify,91.88294410705566,159.2717170715332,0.0,730.0,18.0,81.8112,156.09233183728028,251.21467557858887,156.09233183728028
328,328,33,draft|draft_verify,49.55267906188965,156.0819149017334,0.0,748.0,9.0,40.278,159.3317314715332,205.69460116362305,159.3317314715332
328,328,34,draft|draft_verify,146.01612091064453,176.55205726623535,0.0,757.0,29.0,135.0748,156.1419221017334,322.6282013768799,156.1419221017334
328,328,35,draft|draft_verify,67.61026382446289,177.08921432495117,0.0,786.0,16.0,74.50399999999999,176.61208046623534,244.75949094941404,176.61208046623534
328,328,36,draft|draft_verify,291.9924259185791,178.38001251220703,0.0,802.0,56.0,270.28,270.28,470.43248323078615,291.9924259185791
328,328,37,draft|draft_verify,185.99939346313477,201.62272453308105,0.0,858.0,42.0,207.03359999999998,207.03359999999998,387.6821515962158,185.99939346313477
328,328,38,draft|draft_verify,59.19623374938965,194.45085525512695,0.0,900.0,13.0,63.4172,201.68275813308105,253.7070994045166,201.68275813308105
328,328,39,draft|draft_verify,75.75845718383789,205.47819137573242,0.0,913.0,16.0,79.076,194.51086565512696,281.2966613595703,194.51086565512696
328,328,40,draft|draft_verify,317.6093101501465,207.9911231994629,0.0,929.0,59.0,302.7532,302.7532,525.6604805496094,317.6093101501465
328,328,41,draft|draft_verify,51.14436149597168,206.54702186584473,0.0,988.0,10.0,50.1488,208.0511703994629,257.7513913618164,208.0511703994629
328,328,42,draft|draft_verify,89.46609497070312,228.70182991027832,0.0,998.0,18.0,92.7456,206.60702986584474,318.22793928098145,206.60702986584474
328,328,43,draft|draft_verify,49.0419864654541,232.1641445159912,0.0,1016.0,9.0,45.4236,228.76184431027832,281.2661381814453,228.76184431027832
328,328,44,draft|draft_verify,167.52004623413086,231.2624454498291,0.0,1025.0,30.0,158.484,232.2241517159912,398.84251568395996,232.2241517159912
328,328,45,draft|draft_verify,77.45146751403809,241.00232124328613,0.0,1055.0,16.0,84.18799999999999,231.3224694498291,318.5138015573242,231.3224694498291
328,328,46,draft|draft_verify,297.6226806640625,259.6421241760254,0.0,1071.0,54.0,294.6456,294.6456,557.3248480400879,297.6226806640625
328,328,47,draft|draft_verify,232.59663581848145,255.77259063720703,0.0,1125.0,42.0,233.3064,259.7021673760254,488.4292600556885,259.7021673760254
328,328,48,draft|draft_verify,73.7905502319336,262.41040229797363,0.0,1167.0,13.0,71.10679999999999,255.83262423720703,336.26096292990724,255.83262423720703
328,328,49,draft|draft_verify,78.51815223693848,251.62434577941895,0.0,1180.0,16.0,88.68799999999999,262.47041269797364,330.2025108163574,262.47041269797364
328,328,50,draft|draft_verify,242.51437187194824,284.35802459716797,0.0,1196.0,58.0,334.03999999999996,334.03999999999996,526.9324428691162,251.68435857941896
328,328,51,draft|draft_verify,68.40968132019043,285.54224967956543,0.0,1254.0,10.0,55.894400000000005,284.41807099716794,354.01193899975584,284.41807099716794
328,328,52,draft|draft_verify,112.14613914489746,281.57639503479004,0.0,1264.0,18.0,103.5984,285.6022576795654,393.7825485796875,285.6022576795654
328,328,53,draft|draft_verify,40.73810577392578,280.7505130767822,0.0,1282.0,9.0,50.5308,281.63640943479004,321.548626050708,281.63640943479004
328,328,54,draft|draft_verify,125.05650520324707,280.76863288879395,0.0,1291.0,31.0,183.038,280.8105202767822,405.885162892041,280.8105202767822
328,328,55,draft|draft_verify,67.1834945678711,283.1852436065674,0.0,1322.0,16.0,93.8,280.82865768879395,350.42875097443846,280.82865768879395
328,328,56,draft|draft_verify,300.08554458618164,317.24047660827637,0.0,1338.0,60.0,365.9088,365.9088,617.3860691944581,300.08554458618164
328,328,57,draft|draft_verify,214.02740478515625,316.84398651123047,0.0,1398.0,48.0,298.16159999999996,317.30052460827636,530.9314296963867,317.30052460827636
328,328,58,draft|draft_verify,62.841176986694336,318.648099899292,0.0,1446.0,13.0,79.142,316.90402491123047,381.54928728598634,316.90402491123047
328,328,59,draft|draft_verify,79.56218719482422,315.86718559265137,0.0,1459.0,16.0,98.732,318.708110299292,395.48938558747557,318.708110299292
328,328,60,draft|draft_verify,283.22482109069824,334.45215225219727,0.0,1475.0,59.0,378.7564,378.7564,617.7370205428955,315.92719839265135
328,328,61,draft|draft_verify,52.10566520690918,336.20285987854004,0.0,1534.0,10.0,61.9424,334.51219945219725,388.3685330854492,334.51219945219725
328,328,62,draft|draft_verify,118.3464527130127,335.96253395080566,0.0,1544.0,18.0,115.0224,336.26286787854,454.36900106381836,336.26286787854
328,328,63,draft|draft_verify,63.363075256347656,335.4825973510742,0.0,1562.0,9.0,55.906800000000004,336.02254835080566,398.90567980742185,336.02254835080566
328,328,64,draft|draft_verify,181.51092529296875,355.24702072143555,0.0,1571.0,32.0,209.9128,335.5426045510742,536.8179716144043,335.5426045510742
328,328,65,draft|draft_verify,82.17644691467285,354.999303817749,0.0,1603.0,16.0,103.916,355.30704632143556,437.23576353242186,355.30704632143556
328,328,66,draft|draft_verify,284.49225425720215,369.4465160369873,0.0,1619.0,60.0,405.6984,405.6984,653.9988182941895,355.059316617749
328,328,67,draft|draft_verify,239.50982093811035,391.04461669921875,0.0,1679.0,48.0,329.85839999999996,369.5065640369873,630.614476037329,369.5065640369873
328,328,68,draft|draft_verify|target|backtracking_verify,47.09053039550781,799.0882396697998,793.5280799865723,1727.0,10.0,66.1112,793.5280799865723,1639.7668580518798,793.5280799865723
328,328,69,draft|draft_verify|target|target_rescue_verify,937.6926422119141,811.4528656005859,723.5949039459229,1737.0,199.0,1443.8347999999999,1849.6213920002929,2472.800570958423,1343.479234212207
328,328,71,draft|draft_verify,49.33881759643555,404.80828285217285,0.0,1870.0,8.0,54.4432,810.5947220524658,454.2071068486084,810.5947220524658
329,329,1,draft|draft_verify,391.5126323699951,51.12791061401367,0.0,110.0,88.0,284.7152,391.5126323699951,442.70061338400876,391.5126323699951
329,329,4,draft|draft_verify|target|backtracking_verify,289.89505767822266,189.88466262817383,467.1468734741211,355.0,51.0,192.03,467.1468734741211,946.9866345805176,467.1468734741211
329,329,5,draft|draft_verify|target|target_rescue_verify,919.2636013031006,425.54402351379395,560.034990310669,835.0,204.0,1041.9864,1254.818574956897,1904.9027783275635,1132.0957762599976
329,329,7,draft|draft_verify|target|backtracking_verify,731.7335605621338,463.7782573699951,395.0366973876953,1287.0,157.0,961.8332,1193.7824542849976,1590.6086409198242,963.6828148471313
329,329,9,draft|draft_verify|target|backtracking_verify|target_rescue_verify,523.8986015319824,754.4209957122803,1163.7499332427979,1714.0,109.0,771.2252,1918.976000605609,2442.1296176870605,1671.6494021375916
329,329,10,draft|draft_verify|target|target_rescue_verify|backtracking_verify,1200.1688480377197,1322.164535522461,3449.15509223938,2812.0,237.0,2340.0252,5741.3258973616375,5971.54866539956,4601.469545399357
329,329,11,draft|draft_verify|target|backtracking_verify,1131.3457489013672,699.1333961486816,679.7270774841309,2142.0,222.0,1832.1311999999998,2181.7580756743405,2510.26640013418,1480.9726245757079
329,329,13,draft|draft_verify|target|target_rescue_verify,821.9306468963623,1682.2824478149414,1713.5567665100098,3879.0,177.0,2183.862,4728.195359119125,4217.830002821313,3366.264006015487
329,329,14,draft|draft_verify,285.5100631713867,307.4042797088623,0.0,1383.0,62.0,384.9496,692.4139293088623,592.974392480249,592.974392480249
330,330,1,draft|draft_verify,124.06539916992188,47.183990478515625,0.0,162.0,27.0,88.44120000000001,124.06539916992188,171.3094112484375,124.06539916992188
330,330,2,draft|draft_verify,271.4672088623047,59.9360466003418,0.0,189.0,60.0,203.21040000000002,203.21040000000002,331.4633034626465,271.4672088623047
330,330,3,draft|draft_verify|target|backtracking_verify,137.71963119506836,166.11814498901367,798.4232902526855,249.0,31.0,108.014,798.4232902526855,1102.3210912367676,798.4232902526855
330,330,4,draft|draft_verify|target|target_rescue_verify,717.0360088348389,400.91824531555176,916.0258769989014,661.0,155.0,717.7996,1476.5613464861144,2034.040255149292,1475.7977553209535
330,330,5,draft|draft_verify,621.0153102874756,133.26454162597656,0.0,436.0,134.0,545.1376,545.1376,754.3399591134521,621.0153102874756
330,330,6,draft|draft_verify,268.8593864440918,134.9484920501709,0.0,570.0,55.0,235.286,235.286,403.8679224942627,268.8593864440918
330,330,7,draft|draft_verify,402.44197845458984,153.81145477294922,0.0,625.0,83.0,369.3772,369.3772,556.313499627539,402.44197845458984
330,330,8,draft|draft_verify|target|target_rescue_verify,787.3532772064209,333.65845680236816,573.2386112213135,708.0,174.0,829.4639999999999,996.353367601184,1694.3104844301024,954.242644807605
330,330,9,draft|draft_verify,96.03667259216309,175.34804344177246,0.0,797.0,16.0,74.9,342.2372846429565,271.4447288339355,342.2372846429565
331,331,1,draft|draft_verify,183.22396278381348,31.26382827758789,0.0,137.0,44.0,142.68880000000001,183.22396278381348,214.54782626140135,183.22396278381348
331,331,2,draft|draft_verify,264.41025733947754,60.51826477050781,0.0,181.0,64.0,215.8856,215.8856,324.9885733099853,264.41025733947754
331,331,3,draft|draft_verify,329.09178733825684,77.00634002685547,0.0,245.0,75.0,265.422,265.422,406.1581873651123,329.09178733825684
331,331,4,draft|draft_verify|target|target_rescue_verify,482.4674129486084,233.63184928894043,486.64283752441406,320.0,113.0,425.5132,542.3892150444702,1202.802190161963,599.3434279930786
331,331,5,draft|draft_verify,155.38763999938965,100.91590881347656,0.0,394.0,35.0,134.0284,134.0284,256.3635768128662,155.38763999938965
331,331,6,draft|draft_verify,246.4773654937744,127.5477409362793,0.0,429.0,55.0,217.01239999999999,217.01239999999999,374.0851504300537,246.4773654937744
331,331,7,draft|draft_verify|target|backtracking_verify,227.0834445953369,272.2499370574951,226.8693447113037,484.0,49.0,199.2092,335.3942077287476,726.2627655641357,363.2684523240845
331,331,8,draft|draft_verify|target|target_rescue_verify,2112.507104873657,858.0965995788574,11982.841968536377,1049.0,459.0,2722.6572,11982.841968536377,14953.506040188891,11982.841968536377
331,331,9,draft|draft_verify,1272.7935314178467,181.46061897277832,0.0,556.0,270.0,1221.0095999999999,1221.0095999999999,1454.314366390625,1272.7935314178467
331,331,10,draft|draft_verify,270.40624618530273,179.79669570922852,0.0,826.0,57.0,278.4348,278.4348,450.2629874945313,270.40624618530273
331,331,11,draft|draft_verify,955.9588432312012,229.4301986694336,0.0,883.0,196.0,1021.6279999999999,1021.6279999999999,1185.4491987006347,955.9588432312012
331,331,12,draft|draft_verify|target|target_rescue_verify,319.5371627807617,466.0327434539795,384.69886779785156,1079.0,68.0,374.1304,607.2068261269898,1170.3288284325927,552.6135889077515
331,331,13,draft|draft_verify,123.6870288848877,233.81900787353516,0.0,1132.0,23.0,126.3868,466.8953980005249,357.56605515842284,466.8953980005249
332,332,1,draft|draft_verify,163.832426071167,50.62437057495117,0.0,153.0,35.0,114.36280000000001,163.832426071167,214.51682464611815,163.832426071167
332,332,2,draft|draft_verify|target|target_rescue_verify,461.5132808685303,123.01230430603027,606.3196659088135,188.0,101.0,347.11,606.3196659088135,1190.905331883374,606.3196659088135
332,332,3,draft|draft_verify|target|target_rescue_verify,403.9757251739502,172.74856567382812,634.3319416046143,279.0,85.0,308.7644,634.3319416046143,1211.1163004523926,634.3319416046143
332,332,4,draft|draft_verify|target|target_rescue_verify,383.38160514831543,264.8608684539795,556.9617748260498,370.0,81.0,311.286,556.9617748260498,1205.2643132283447,556.9617748260498
332,332,5,draft|draft_verify|target|target_rescue_verify,512.9175186157227,267.3957347869873,350.5713939666748,460.0,111.0,454.662,588.4199561934936,1130.9447361693847,646.6754748092163
332,332,6,draft|draft_verify|target|backtracking_verify,354.3410301208496,324.0842819213867,2095.435380935669,512.0,68.0,282.9568,2095.435380935669,2773.920747377905,2095.435380935669
332,332,7,draft|draft_verify|target|target_rescue_verify,278.62000465393066,264.3587589263916,426.0406494140625,580.0,44.0,188.4064,426.0406494140625,969.0794481943848,426.0406494140625
332,332,8,draft|draft_verify|target|target_rescue_verify,338.8562202453613,286.78083419799805,203.73010635375977,643.0,72.0,322.3416,465.79207469899904,829.4272183971191,482.30669494436034
332,332,9,draft|draft_verify,127.78973579406738,162.72401809692383,0.0,671.0,26.0,115.66,306.1744559959228,290.57377469099123,306.1744559959228
333,333,1,draft|draft_verify|target|target_rescue_verify,444.760799407959,77.26526260375977,270.6470489501953,95.0,94.0,301.4744,483.4535059098389,792.7331861619141,483.4535059098389
333,333,2,draft|draft_verify,155.6715965270996,31.80694580078125,0.0,136.0,38.0,122.824,122.824,187.53857272788085,155.6715965270996
333,333,3,draft|draft_verify,242.645263671875,51.64813995361328,0.0,174.0,57.0,190.806,190.806,294.35344922548825,242.645263671875
333,333,4,draft|draft_verify,241.1203384399414,61.43808364868164,0.0,231.0,56.0,194.908,194.908,302.61846688862306,241.1203384399414
333,333,5,draft|draft_verify|target|backtracking_verify,549.9448776245117,181.52785301208496,279.9110412597656,287.0,126.0,466.62,557.4440273060425,1011.4438726963623,640.7689049305542
333,333,6,draft|draft_verify|target|target_rescue_verify,827.7163505554199,486.0341548919678,2114.0308380126953,740.0,192.0,934.2624,2357.047915458679,3427.841497060083,2357.047915458679
333,333,7,draft|draft_verify|target|target_rescue_verify,676.9969463348389,453.4153938293457,174.33977127075195,1091.0,154.0,870.8696,1097.6374201146728,1304.8122346349364,903.7647664495117
333,333,8,draft|draft_verify|target|target_rescue_verify,1021.350622177124,458.38093757629395,825.3538608551025,1182.0,199.0,1180.0988,1409.349427988147,2305.145579808521,1250.601250165271
333,333,9,draft|draft_verify,438.54355812072754,151.5810489654541,0.0,590.0,95.0,416.47,416.47,590.1846830861816,438.54355812072754
333,333,10,draft|draft_verify,326.4944553375244,153.40018272399902,0.0,685.0,70.0,320.132,320.132,479.9546940615234,326.4944553375244
333,333,11,draft|draft_verify|target|target_rescue_verify,456.2370777130127,327.7132511138916,321.0902214050293,755.0,100.0,478.268,642.1847055569458,1105.1006302319336,620.1537832699585
333,333,12,draft|draft_verify,415.99011421203613,175.92620849609375,0.0,796.0,89.0,432.94359999999995,432.94359999999995,591.9763939081299,415.99011421203613
333,333,13,draft|draft_verify,257.03907012939453,202.6350498199463,0.0,885.0,54.0,270.9864,473.6814930199463,459.7341631493408,459.7341631493408
334,334,1,draft|draft_verify,487.23912239074707,51.666975021362305,0.0,104.0,109.0,353.91319999999996,487.23912239074707,538.9661846121094,487.23912239074707
334,334,2,draft|draft_verify,73.64749908447266,52.161216735839844,0.0,213.0,16.0,53.876000000000005,53.876000000000005,125.8687286203125,73.64749908447266
334,334,3,draft|draft_verify,46.076059341430664,59.10849571228027,0.0,229.0,10.0,33.754400000000004,52.221229535839846,105.24456305371095,52.221229535839846
334,334,4,draft|draft_verify,55.29594421386719,61.21563911437988,0.0,239.0,12.0,40.907999999999994,59.16850371228028,116.57159292824707,59.16850371228028
334,334,5,draft|draft_verify|target|target_rescue_verify,370.73659896850586,138.43917846679688,64.22877311706543,251.0,78.0,277.452,346.7316516333984,573.4646129523682,440.0162506019043
334,334,6,draft|draft_verify,78.37462425231934,59.76462364196777,0.0,253.0,16.0,55.316,69.21958923339844,138.1992606942871,78.37462425231934
334,334,7,draft|draft_verify|target|backtracking_verify,177.52504348754883,157.23371505737305,239.98641967773438,269.0,37.0,131.03,239.98641967773438,574.8052078226563,256.20193061623536
334,334,8,draft|draft_verify|target|target_rescue_verify,1047.0082759857178,354.11596298217773,1246.629238128662,609.0,226.0,1038.5,1246.629238128662,2647.8136578965577,1246.629238128662
334,334,9,draft|draft_verify,56.93387985229492,78.83214950561523,0.0,325.0,11.0,39.501999999999995,177.05798149108887,135.82603815791015,177.05798149108887
334,334,10,draft|draft_verify,86.52687072753906,78.84526252746582,0.0,336.0,18.0,65.736,78.89215830561524,165.43214765500488,86.52687072753906
334,334,11,draft|draft_verify,56.916236877441406,93.93572807312012,0.0,354.0,11.0,40.198,78.90527692746582,150.91197375056151,78.90527692746582
334,334,12,draft|draft_verify,69.3197250366211,93.30487251281738,0.0,365.0,14.0,51.7864,93.99573687312012,162.6846087494385,93.99573687312012
334,334,13,draft|draft_verify,45.47739028930664,93.3377742767334,0.0,379.0,9.0,33.193200000000004,93.36488371281739,138.87517176604004,93.36488371281739
334,334,14,draft|draft_verify,87.69369125366211,94.58017349243164,0.0,388.0,18.0,67.8576,93.3977814767334,182.33387914609375,93.3977814767334
334,334,15,draft|draft_verify,50.91142654418945,127.12550163269043,0.0,406.0,9.0,33.711600000000004,94.64018789243164,178.09693537687988,94.64018789243164
334,334,16,draft|draft_verify,75.66308975219727,126.01447105407715,0.0,415.0,17.0,65.0524,127.18550883269043,201.7375744062744,127.18550883269043
334,334,17,draft|draft_verify|target|target_rescue_verify,241.6059970855713,255.38182258605957,191.18809700012207,432.0,57.0,225.4812,353.2321568930298,688.2359622717529,369.35695397860104
334,334,18,draft|draft_verify,56.76841735839844,126.95932388305664,0.0,454.0,11.0,42.598,127.69091129302979,183.78775004145507,127.69091129302979
334,334,19,draft|draft_verify,90.03973007202148,127.93493270874023,0.0,465.0,18.0,70.9992,127.01933268305665,218.03467718076172,127.01933268305665
334,334,20,draft|draft_verify,54.29553985595703,128.47471237182617,0.0,483.0,11.0,43.294,127.99494710874023,182.8302610277832,127.99494710874023
334,334,21,draft|draft_verify,71.11525535583496,147.71628379821777,0.0,494.0,15.0,59.900400000000005,128.53472117182616,218.89155115405273,128.53472117182616
334,334,22,draft|draft_verify,56.59008026123047,145.12276649475098,0.0,509.0,9.0,35.6892,147.77629579821777,201.77285395598145,147.77629579821777
334,334,23,draft|draft_verify,96.78387641906738,131.7734718322754,0.0,518.0,16.0,64.856,145.18277369475098,228.61736105134275,145.18277369475098
334,334,24,draft|draft_verify,122.62582778930664,131.6514015197754,0.0,534.0,25.0,103.2284,131.8334846322754,254.33724930908204,131.8334846322754
334,334,25,draft|draft_verify,186.63668632507324,132.4899196624756,0.0,559.0,35.0,147.4924,147.4924,319.1866339875488,186.63668632507324
334,334,26,draft|draft_verify,395.54429054260254,153.43332290649414,0.0,594.0,79.0,345.3212,345.3212,549.0376766490967,395.54429054260254
334,334,27,draft|draft_verify,45.789241790771484,153.96547317504883,0.0,673.0,10.0,43.3448,153.49338610649414,199.81472296582032,153.49338610649414
334,334,28,draft|draft_verify,83.05168151855469,155.66277503967285,0.0,683.0,17.0,75.3436,154.02548117504884,238.77447015822753,154.02548117504884
334,334,29,draft|draft_verify,110.96882820129395,162.5535488128662,0.0,700.0,26.0,117.4,155.72278863967284,273.5823978141602,155.72278863967284
334,334,30,draft|draft_verify,48.25735092163086,156.08835220336914,0.0,726.0,11.0,49.126,162.6135696128662,204.405711925,162.6135696128662
334,334,31,draft|draft_verify,67.0022964477539,156.53133392333984,0.0,737.0,16.0,72.74,156.14836100336913,223.59364317109373,156.14836100336913
334,334,32,draft|draft_verify,88.37699890136719,176.57065391540527,0.0,753.0,18.0,82.7496,156.59134672333985,265.00766721677246,156.59134672333985
334,334,33,draft|draft_verify|target|target_rescue_verify,617.4294948577881,402.85515785217285,901.9536972045898,771.0,134.0,652.0696,901.9536972045898,1922.2984571145507,901.9536972045898
334,334,34,draft|draft_verify,290.6665802001953,206.29215240478516,0.0,909.0,62.0,315.556,315.556,497.0187822049805,290.6665802001953
334,334,35,draft|draft_verify,29.494762420654297,204.64253425598145,0.0,971.0,4.0,18.485599999999998,206.35220200478517,234.19729987663575,206.35220200478517
334,334,36,draft|draft_verify,45.12834548950195,203.38964462280273,0.0,975.0,8.0,39.4072,408.1521884787842,248.57799651230468,408.1521884787842
335,335,1,draft|draft_verify|target|backtracking_verify,343.37925910949707,82.96608924865723,300.2760410308838,119.0,79.0,256.4012,384.9223669338257,726.6814525890381,384.9223669338257
335,335,3,draft|draft_verify|target|target_rescue_verify,835.6566429138184,301.10907554626465,1969.3536758422852,463.0,174.0,727.74,2119.9082136154175,3106.179533502368,2119.9082136154175
336,336,1,draft|draft_verify|target|backtracking_verify,539.5779609680176,103.3015251159668,551.159143447876,126.0,101.0,332.23,591.288804326001,1194.0987103318603,591.288804326001
336,336,2,draft|draft_verify|target|target_rescue_verify,1081.1002254486084,293.5659885406494,944.1549777984619,442.0,235.0,988.6652,1680.977368304718,2318.8813797877197,1773.4123937533263
336,336,3,draft|draft_verify|target|target_rescue_verify,852.6167869567871,418.1852340698242,1017.1618461608887,592.0,177.0,795.4331999999999,1617.7131902328124,2288.0240087875,1674.8967771895996
336,336,4,draft|draft_verify|target|target_rescue_verify,830.9688568115234,276.3044834136963,707.8197002410889,381.0,174.0,693.6936,831.9059809068481,1815.1531796663085,969.1812377183716
336,336,5,draft|draft_verify|target|target_rescue_verify,268.18132400512695,267.4703598022461,208.62817764282227,497.0,58.0,238.4168,372.21202630112305,744.3399078501952,401.97655030625003
336,336,6,draft|draft_verify|target|target_rescue_verify,465.1627540588379,291.4736270904541,1057.1870803833008,525.0,112.0,476.2184,1057.1870803833008,1813.8835511325929,1057.1870803833008
336,336,7,draft|draft_verify,204.47158813476562,163.9108657836914,0.0,695.0,43.0,195.6332,195.6332,368.44248831845704,204.47158813476562
336,336,8,draft|draft_verify,128.2646656036377,156.3708782196045,0.0,738.0,26.0,119.68,320.4017992032959,284.69556462324215,320.4017992032959
337,337,1,draft|draft_verify,175.9939193725586,33.272743225097656,0.0,111.0,39.0,123.83160000000001,175.9939193725586,209.32669379765625,175.9939193725586
337,337,3,draft|draft_verify,381.8950653076172,65.71388244628906,0.0,185.0,78.0,265.2552,265.2552,447.66901015390624,381.8950653076172
337,337,4,draft|draft_verify|target|target_rescue_verify,353.9614677429199,165.65418243408203,536.2284183502197,263.0,71.0,253.918,536.2284183502197,1055.9041253272217,536.2284183502197
337,337,5,draft|draft_verify|target|target_rescue_verify,289.81804847717285,250.9315013885498,674.3371486663818,339.0,59.0,220.6252,674.3371486663818,1215.1467457321046,674.3371486663818
337,337,6,draft|draft_verify|target|target_rescue_verify,677.361011505127,258.3291530609131,478.8374900817871,434.0,137.0,557.206,686.4306861304566,1414.5877642478272,806.5856976355835
337,337,7,draft|draft_verify|target|target_rescue_verify,274.20830726623535,259.8748207092285,425.8005619049072,507.0,60.0,248.2392,425.8005619049072,959.9437378803711,425.8005619049072
337,337,8,draft|draft_verify|target|target_rescue_verify,164.21103477478027,262.7379894256592,425.4121780395508,572.0,34.0,144.22879999999998,425.4121780395508,852.4212294399903,425.4121780395508
337,337,9,draft|draft_verify,315.765380859375,152.3284912109375,0.0,637.0,67.0,298.4972,298.4972,468.1539256703125,315.765380859375
337,337,10,draft|draft_verify,305.2194118499756,154.22892570495605,0.0,704.0,65.0,299.6764,299.6764,459.5083895549316,305.2194118499756
337,337,11,draft|draft_verify,316.31016731262207,174.14617538452148,0.0,769.0,67.0,319.406,319.406,490.51639629714356,316.31016731262207
337,337,12,draft|draft_verify,309.5228672027588,179.16297912597656,0.0,836.0,65.0,319.9516,319.9516,488.74589832873534,309.5228672027588
337,337,13,draft|draft_verify,318.05944442749023,202.0714282989502,0.0,901.0,67.0,340.3148,340.3148,520.1909263264404,318.05944442749023
337,337,14,draft|draft_verify,332.28182792663574,204.26678657531738,0.0,968.0,67.0,350.9276,350.9276,536.6086681019531,332.28182792663574
337,337,15,draft|draft_verify,312.6866817474365,229.2623519897461,0.0,1035.0,67.0,361.5404,361.5404,542.0090873371826,312.6866817474365
337,337,16,draft|draft_verify,322.58057594299316,240.2970790863037,0.0,1102.0,67.0,372.15319999999997,372.15319999999997,562.9377086292968,322.58057594299316
337,337,17,draft|draft_verify,429.9793243408203,258.7924003601074,0.0,1169.0,67.0,382.76599999999996,382.76599999999996,688.8317783009277,429.9793243408203
337,337,18,draft|draft_verify,283.6465835571289,272.1850872039795,0.0,1236.0,67.0,393.3788,393.3788,555.8917243611083,283.6465835571289
337,337,19,draft|draft_verify,312.1647834777832,279.5858383178711,0.0,1303.0,67.0,403.9916,403.9916,591.8106753956542,312.1647834777832
337,337,20,draft|draft_verify,310.2612495422363,308.5048198699951,0.0,1370.0,67.0,414.6044,414.6044,618.8261230122314,310.2612495422363
337,337,21,draft|draft_verify,312.3965263366699,318.67218017578125,0.0,1437.0,67.0,425.2172,425.2172,631.1287601124511,312.3965263366699
337,337,22,draft|draft_verify,306.15806579589844,331.0284614562988,0.0,1504.0,67.0,435.83,435.83,637.2465808521972,318.73223377578125
337,337,23,draft|draft_verify,303.1504154205322,332.7476978302002,0.0,1571.0,67.0,446.44280000000003,446.44280000000003,635.9581668507324,331.08851505629883
337,337,24,draft|draft_verify,309.22961235046387,355.4809093475342,0.0,1638.0,67.0,457.05559999999997,457.05559999999997,664.770575297998,332.8077514302002
337,337,25,draft|draft_verify,359.8504066467285,365.1885986328125,0.0,1705.0,67.0,467.6684,467.6684,725.099058879541,359.8504066467285
337,337,26,draft|draft_verify,356.0473918914795,391.5557861328125,0.0,1772.0,67.0,478.2812,478.2812,747.6632316242919,365.2486522328125
337,337,27,draft|draft_verify,303.4663200378418,405.90882301330566,0.0,1839.0,67.0,488.894,488.894,709.4351966511474,391.6158397328125
337,337,28,draft|draft_verify,347.3684787750244,407.4718952178955,0.0,1906.0,67.0,499.5068,499.5068,754.9004275929199,405.96887661330567
337,337,29,draft|draft_verify,321.9752311706543,408.0228805541992,0.0,1973.0,67.0,510.1196,510.1196,730.0581653248535,407.5319488178955
337,337,30,draft|draft_verify,318.6817169189453,423.84791374206543,0.0,2040.0,67.0,520.7324,944.6403673420655,742.5896842610107,831.9909014962647
338,338,1,draft|draft_verify|target|target_rescue_verify,410.9182357788086,82.45587348937988,391.8190002441406,103.0,92.0,296.58160000000004,452.20624612349854,885.2531831123291,452.20624612349854
338,338,2,draft|draft_verify,218.0044651031494,52.644968032836914,0.0,163.0,48.0,158.8536,158.8536,270.7094715359863,218.0044651031494
338,338,3,draft|draft_verify,822.0722675323486,104.09998893737793,0.0,211.0,179.0,642.1036,642.1036,926.2323996697265,822.0722675323486
338,338,4,draft|draft_verify,81.89177513122559,92.87428855895996,0.0,390.0,17.0,64.0924,104.16013213737793,174.82607729018554,104.16013213737793
338,338,5,draft|draft_verify,426.49364471435547,126.7249584197998,0.0,407.0,91.0,358.90999999999997,358.90999999999997,553.2786759341552,426.49364471435547
338,338,6,draft|draft_verify,150.24447441101074,142.6255702972412,0.0,498.0,31.0,125.942,126.7850312197998,292.93006950825196,150.24447441101074
338,338,7,draft|draft_verify,341.65191650390625,127.92563438415527,0.0,529.0,75.0,315.86039999999997,315.86039999999997,469.63761088806154,341.65191650390625
338,338,8,draft|draft_verify,568.1970119476318,153.106689453125,0.0,604.0,134.0,598.7632000000001,598.7632000000001,721.3638086007568,568.1970119476318
338,338,9,draft|draft_verify,243.79491806030273,155.0745964050293,0.0,738.0,43.0,199.9676,199.9676,398.92954886533204,243.79491806030273
338,338,10,draft|draft_verify,276.84497833251953,176.58329010009766,0.0,781.0,57.0,272.3868,272.3868,453.4883140326172,276.84497833251953
338,338,11,draft|draft_verify,206.72941207885742,178.2543659210205,0.0,838.0,35.0,170.2588,354.9577296211181,385.0438059998779,385.0438059998779
339,339,1,draft|draft_verify,214.32948112487793,35.19415855407715,0.0,94.0,39.0,122.28120000000001,214.32948112487793,249.58367087895508,214.32948112487793
339,339,2,draft|draft_verify,529.3476581573486,53.31921577453613,0.0,133.0,103.0,340.7756,340.7756,582.7269563318848,529.3476581573486
339,339,3,draft|draft_verify|target|backtracking_verify,258.5113048553467,124.34697151184082,120.52321434020996,236.0,56.0,195.56799999999998,257.8015305559204,503.4415355073975,320.7448354112671
339,339,5,draft|draft_verify|target|backtracking_verify,611.3080978393555,343.1432247161865,752.9845237731934,665.0,132.0,608.6664000000001,780.2981179580934,1707.4959519287354,782.9398157974488
339,339,6,draft|draft_verify|target|target_rescue_verify,1459.5985412597656,780.665397644043,3117.952346801758,1294.0,316.0,2004.6319999999998,4733.8816487045415,5358.276538505566,4188.848189964307
339,339,7,draft|draft_verify|target|target_rescue_verify,1492.3415184020996,533.1687927246094,1877.044677734375,1087.0,310.0,1810.7672,2077.4118443623047,3902.6152368610838,1877.044677734375
339,339,8,draft|draft_verify|target|target_rescue_verify,801.4326095581055,289.4620895385742,114.72868919372559,529.0,172.0,746.0360000000001,890.8271823692871,1205.6835258904052,946.2237919273925
339,339,9,draft|draft_verify|target|backtracking_verify,293.0560111999512,262.0420455932617,813.5099411010742,541.0,63.0,265.998,813.5099411010742,1368.668048294287,813.5099411010742
339,339,10,draft|draft_verify|target|target_rescue_verify,821.8843936920166,453.11546325683594,454.46324348449707,1279.0,176.0,1079.26,1305.877872428418,1729.5232412333496,1048.5022661204346
339,339,11,draft|draft_verify,107.79070854187012,159.38735008239746,0.0,757.0,22.0,101.84719999999999,226.55773162841797,267.23807622426756,226.55773162841797
339,339,12,draft|draft_verify,149.00612831115723,165.10820388793945,0.0,779.0,31.0,146.17399999999998,159.44736768239747,314.1743569990967,159.44736768239747
339,339,13,draft|draft_verify,62.02530860900879,175.5199432373047,0.0,810.0,11.0,51.141999999999996,340.74818072524414,237.60526064631347,340.74818072524414
340,340,1,draft|draft_verify,376.178503036499,42.29736328125,0.0,79.0,69.0,216.5532,376.178503036499,418.53592151774905,376.178503036499
340,340,2,draft|draft_verify,192.0299530029297,47.3477840423584,0.0,148.0,39.0,127.206,127.206,239.43776824528808,192.0299530029297
340,340,3,draft|draft_verify,68.17245483398438,50.384521484375,0.0,187.0,13.0,42.8828,47.407815242358396,118.61698671835937,68.17245483398438
340,340,4,draft|draft_verify,228.8341522216797,60.32729148864746,0.0,200.0,46.0,156.104,156.104,289.2214805103272,228.8341522216797
340,340,5,draft|draft_verify,53.163766860961914,60.05501747131348,0.0,246.0,11.0,37.606,60.38732828864746,113.27879313227538,60.38732828864746
340,340,6,draft|draft_verify,110.9769344329834,60.84179878234863,0.0,257.0,23.0,80.1868,80.1868,171.87875161533202,110.9769344329834
340,340,7,draft|draft_verify,62.98637390136719,63.127994537353516,0.0,280.0,13.0,45.5612,60.90181718234863,126.17437883872071,62.98637390136719
340,340,8,draft|draft_verify,168.69544982910156,77.83126831054688,0.0,293.0,35.0,125.7868,125.7868,246.58674613964843,168.69544982910156
340,340,9,draft|draft_verify,25.065183639526367,78.08375358581543,0.0,328.0,5.0,17.5228,77.89129631054688,103.20894122534179,77.89129631054688
340,340,10,draft|draft_verify,170.2880859375,93.71399879455566,0.0,333.0,37.0,136.5596,136.5596,264.06211433205567,170.2880859375
340,340,11,draft|draft_verify,26.208162307739258,92.96917915344238,0.0,370.0,5.0,17.926000000000002,93.77402839455566,119.23734546118163,93.77402839455566
340,340,12,draft|draft_verify,225.04138946533203,127.73966789245605,0.0,375.0,48.0,182.76719999999997,182.76719999999997,352.8410957577881,225.04138946533203
340,340,13,draft|draft_verify,113.04426193237305,125.21600723266602,0.0,423.0,27.0,104.72760000000001,127.79970629245605,238.32029076503906,127.79970629245605
340,340,14,draft|draft_verify,89.12181854248047,125.63586235046387,0.0,450.0,22.0,86.3744,125.27602883266601,214.81769849294432,125.27602883266601
340,340,15,draft|draft_verify,312.27779388427734,127.40516662597656,0.0,472.0,71.0,289.03,289.03,439.7430173102539,312.27779388427734
340,340,16,draft|draft_verify,126.37805938720703,127.7930736541748,0.0,543.0,29.0,120.694,127.46522342597656,254.23115624138183,127.46522342597656
340,340,17,draft|draft_verify,119.45557594299316,128.20768356323242,0.0,572.0,21.0,88.23,256.12079721740724,247.72327630622559,256.12079721740724
341,341,1,draft|draft_verify,445.61123847961426,51.10883712768555,0.0,116.0,90.0,292.6896,445.61123847961426,496.7801476072998,445.61123847961426
341,341,2,draft|draft_verify,225.45385360717773,60.19997596740723,0.0,206.0,53.0,181.126,181.126,285.71387197458495,225.45385360717773
341,341,3,draft|draft_verify,49.56865310668945,60.15276908874512,0.0,259.0,8.0,27.3784,60.26001836740723,109.78142859543456,60.26001836740723
341,341,4,draft|draft_verify|target|backtracking_verify,382.4584484100342,157.10926055908203,456.82501792907715,267.0,77.0,276.71320000000003,456.82501792907715,996.4527884981933,461.0731402895752
341,341,5,draft|draft_verify|target|backtracking_verify,81.3448429107666,232.96332359313965,102.3855209350586,664.0,16.0,70.112,195.09630487611082,416.7537002389648,197.8865175073364
341,341,7,draft|draft_verify,31.004667282104492,127.23851203918457,0.0,450.0,6.0,22.656,116.48166179656982,158.30318412128906,116.48166179656982
341,341,8,draft|draft_verify,109.98868942260742,127.80594825744629,0.0,456.0,23.0,90.694,127.29851683918457,237.8546560800537,127.29851683918457
341,341,9,draft|draft_verify|target|target_rescue_verify,410.63904762268066,268.64051818847656,447.7212429046631,479.0,78.0,319.5864,453.9667214942383,1127.0608711158202,545.0193691169189
341,341,10,draft|draft_verify,121.02937698364258,132.42053985595703,0.0,548.0,24.0,99.79199999999999,134.32025909423828,253.5099360395996,134.32025909423828
341,341,11,draft|draft_verify,68.66836547851562,132.77888298034668,0.0,572.0,13.0,53.9708,132.48055905595703,201.50725885886231,132.48055905595703
341,341,12,draft|draft_verify,91.77088737487793,132.70068168640137,0.0,585.0,18.0,75.8952,132.8388933803467,224.5315834612793,132.8388933803467
341,341,13,draft|draft_verify,138.8106346130371,145.02882957458496,0.0,603.0,21.0,89.718,132.76069608640137,283.89948098762204,138.8106346130371
341,341,14,draft|draft_verify,239.09759521484375,142.625093460083,0.0,624.0,37.0,161.702,161.702,381.78271827492676,239.09759521484375
341,341,15,draft|draft_verify,717.4580097198486,153.91135215759277,0.0,661.0,9.0,38.607600000000005,142.68512306008301,871.4293690774414,717.4580097198486
341,341,16,draft|draft_verify|target|backtracking_verify,216.72487258911133,308.9756965637207,350.7726192474365,670.0,44.0,197.69439999999997,352.24228348186034,876.5332236002686,371.2727560709717
341,341,17,draft|draft_verify|target|backtracking_verify,83.75263214111328,616.0268783569336,201.1113166809082,1436.0,18.0,110.616,717.1236797900146,900.9508415789551,717.1236797900146
341,341,18,draft|draft_verify|target|target_rescue_verify,216.39418601989746,1242.5096035003662,472.306489944458,2908.0,40.0,388.8608,1985.6603029587097,1931.2703114647218,1813.193688978607
342,342,1,draft|draft_verify,488.0354404449463,50.39238929748535,0.0,91.0,113.0,363.95799999999997,488.0354404449463,538.4879201424317,488.0354404449463
342,342,2,draft|draft_verify,222.8553295135498,61.894893646240234,0.0,204.0,50.0,170.4304,170.4304,284.81026315979,222.8553295135498
342,342,3,draft|draft_verify,378.2622814178467,77.68011093139648,0.0,254.0,93.0,333.2604,333.2604,456.0024667492432,378.2622814178467
342,342,4,draft|draft_verify,341.0320281982422,104.52485084533691,0.0,347.0,73.0,275.77880000000005,275.77880000000005,445.6169374435791,341.0320281982422
342,342,5,draft|draft_verify|target|target_rescue_verify,465.3003215789795,257.21120834350586,924.1626262664795,420.0,99.0,394.5564,924.1626262664795,1646.7342353889649,924.1626262664795
342,342,6,draft|draft_verify|target|target_rescue_verify,266.43967628479004,268.45526695251465,367.145299911499,571.0,56.0,239.78799999999998,374.0756782762573,902.1002879488037,400.7273545610474
342,342,7,draft|draft_verify|target|target_rescue_verify,443.162202835083,307.2972297668457,464.9171829223633,629.0,96.0,429.876,583.5846916834228,1215.436692324292,596.8708945185058
342,342,8,draft|draft_verify,334.2928886413574,154.37054634094238,0.0,703.0,70.0,323.1128,323.1128,488.7234909822998,334.2928886413574
342,342,9,draft|draft_verify,453.3982276916504,176.35035514831543,0.0,773.0,108.0,522.3336,522.3336,629.8086692399659,453.3982276916504
342,342,10,draft|draft_verify,252.88963317871094,201.34639739990234,0.0,881.0,58.0,290.948,290.948,454.2960769786133,252.88963317871094
342,342,11,draft|draft_verify|target|target_rescue_verify,260.08152961730957,405.2393436431885,349.61748123168945,939.0,65.0,335.7724,538.4521238215942,1014.9984064921875,462.76125343890385
342,342,12,draft|draft_verify,512.2959613800049,230.67927360534668,0.0,989.0,113.0,605.3404,605.3404,743.0353253853516,512.2959613800049
342,342,13,draft|draft_verify|target|backtracking_verify,263.6582851409912,462.9073143005371,243.9279556274414,1102.0,58.0,321.1808,552.6945035502686,970.5536014689696,495.1719886912598
342,342,14,draft|draft_verify|target|backtracking_verify,475.0025272369385,774.085283279419,329.8773765563965,2297.0,100.0,844.6472,1231.7499216397096,1579.0252670727539,862.1052488766479
342,342,15,draft|draft_verify|target|target_rescue_verify,1346.466302871704,1321.2227821350098,738.2173538208008,3607.0,291.0,3446.91,4873.0571354184085,3405.9666716275146,2772.6134382901123
342,342,16,draft|draft_verify|target|target_rescue_verify|backtracking_verify,972.1682071685791,1967.3776626586914,8829.076290130615,3812.0,205.0,2504.8892,10140.661398569742,11768.682323957886,10140.661398569742
342,342,17,draft|draft_verify|target|target_rescue_verify,500.37264823913574,622.1623420715332,960.5622291564941,1340.0,108.0,667.9392,979.0804574357667,2083.157305867163,960.5622291564941
342,342,18,draft|draft_verify,109.70211029052734,315.48070907592773,0.0,1498.0,22.0,139.1936,311.0811710357666,425.24283696645506,311.0811710357666
342,342,19,draft|draft_verify,637.5436782836914,329.8306465148926,0.0,1520.0,156.0,1042.176,1042.176,967.434449598584,637.5436782836914
342,342,20,draft|draft_verify,123.19159507751465,356.2314510345459,0.0,1676.0,22.0,148.16479999999999,329.89077131489256,479.4830637120605,329.89077131489256
342,342,21,draft|draft_verify,783.8044166564941,395.4119682312012,0.0,1698.0,162.0,1152.3455999999999,1152.3455999999999,1179.2765144876953,783.8044166564941
342,342,22,draft|draft_verify,113.64364624023438,399.5060920715332,0.0,1860.0,23.0,164.8252,395.47209783120115,513.2097567117676,395.47209783120115
342,342,23,draft|draft_verify,742.2120571136475,410.07423400878906,0.0,1883.0,160.0,1208.2808,1208.2808,1152.3464191224366,742.2120571136475
342,342,24,draft|draft_verify,110.90731620788574,446.25139236450195,0.0,2043.0,23.0,174.4876,856.4457727732911,557.2187269723877,856.4457727732911
343,343,1,draft|draft_verify,394.61207389831543,56.1983585357666,0.0,124.0,78.0,253.9824,394.61207389831543,450.870494834082,394.61207389831543
343,343,2,draft|draft_verify,117.37203598022461,50.32968521118164,0.0,202.0,24.0,80.69279999999999,80.69279999999999,167.76174039140625,117.37203598022461
343,343,3,draft|draft_verify,52.681684494018555,59.01765823364258,0.0,226.0,11.0,37.126,50.38970441118164,111.75935152766112,52.681684494018555
343,343,4,draft|draft_verify|target|target_rescue_verify,301.2213706970215,123.80647659301758,355.4575443267822,237.0,63.0,220.7628,355.4575443267822,780.5454420168213,363.1846593935303
343,343,5,draft|draft_verify,26.451826095581055,61.12098693847656,0.0,289.0,5.0,17.148400000000002,61.90323829650879,87.63281703405761,61.90323829650879
343,343,6,draft|draft_verify|target|target_rescue_verify,221.49085998535156,162.02044486999512,318.15409660339355,294.0,46.0,166.256,318.15409660339355,701.7254382587403,318.15409660339355
343,343,7,draft|draft_verify,42.99664497375488,78.44233512878418,0.0,342.0,8.0,28.7728,81.01022243499756,121.49898650253905,81.01022243499756
343,343,8,draft|draft_verify,138.153076171875,101.6390323638916,0.0,350.0,29.0,107.7244,107.7244,239.8521317357666,138.153076171875
343,343,9,draft|draft_verify,72.22294807434082,95.00956535339355,0.0,379.0,15.0,56.0364,101.6990555638916,167.29252542773438,101.6990555638916
343,343,10,draft|draft_verify,150.42829513549805,126.30462646484375,0.0,394.0,33.0,126.2364,126.2364,276.79294800034177,150.42829513549805
343,343,11,draft|draft_verify,45.29380798339844,126.40786170959473,0.0,427.0,9.0,34.1148,126.36465286484375,171.76167689299317,126.36465286484375
343,343,12,draft|draft_verify,148.0104923248291,129.41741943359375,0.0,436.0,31.0,121.478,126.46786890959473,277.48793655842286,148.0104923248291
343,343,13,draft|draft_verify,225.58140754699707,144.67430114746094,0.0,467.0,47.0,189.0412,189.0412,370.315746294458,225.58140754699707
343,343,14,draft|draft_verify,96.87972068786621,138.4725570678711,0.0,514.0,20.0,81.2944,144.73433874746092,235.41229375573732,144.73433874746092
343,343,15,draft|draft_verify,223.00481796264648,128.92746925354004,0.0,534.0,47.0,196.43800000000002,196.43800000000002,351.9923248161865,223.00481796264648
343,343,16,draft|draft_verify,64.29195404052734,129.14419174194336,0.0,581.0,13.0,54.230000000000004,128.98750685354003,193.4961561824707,128.98750685354003
343,343,17,draft|draft_verify,97.89156913757324,131.0582160949707,0.0,594.0,20.0,84.9424,129.20420214194337,229.00980123254396,129.20420214194337
343,343,18,draft|draft_verify,251.0983943939209,162.8439426422119,0.0,614.0,54.0,236.5152,236.5152,414.0023802361328,251.0983943939209
343,343,19,draft|draft_verify,64.5437240600586,153.87606620788574,0.0,668.0,13.0,56.735600000000005,162.9039858422119,218.47980066794435,162.9039858422119
343,343,20,draft|draft_verify,89.08820152282715,154.12592887878418,0.0,681.0,20.0,88.9096,153.93607660788575,243.27414640161135,153.93607660788575
343,343,21,draft|draft_verify|target|target_rescue_verify,246.72174453735352,14693.8796043396,365.72909355163574,701.0,59.0,271.0156,7618.015449369799,15306.39048962859,7593.721593907153
343,343,22,draft|draft_verify,69.36430931091309,178.06077003479004,0.0,755.0,13.0,59.241200000000006,7346.9398021698,247.48508974570314,7346.9398021698
343,343,23,draft|draft_verify,99.87616539001465,174.78132247924805,0.0,768.0,20.0,92.8768,178.12078043479005,274.7175038692627,178.12078043479005
343,343,24,draft|draft_verify|target|backtracking_verify,245.38779258728027,357.9444885253906,441.82538986206055,788.0,53.0,253.7596,441.82538986206055,1045.2177133747314,441.82538986206055
343,343,25,draft|draft_verify|target|target_rescue_verify,115.62299728393555,569.2956447601318,534.4741344451904,1682.0,23.0,155.4268,534.4741344451904,1219.4527948892578,534.4741344451904
343,343,26,draft|draft_verify,97.20921516418457,178.5280704498291,0.0,854.0,20.0,96.7984,284.6478223800659,275.7973016140137,284.6478223800659
343,343,27,draft|draft_verify,248.9147186279297,201.85542106628418,0.0,874.0,53.0,264.4924,264.4924,450.83018209421385,248.9147186279297
343,343,28,draft|draft_verify,60.66298484802246,202.22043991088867,0.0,927.0,13.0,64.1948,201.91546346628417,262.94343515891114,201.91546346628417
343,343,29,draft|draft_verify,99.49874877929688,204.12945747375488,0.0,940.0,20.0,100.72,202.28045031088868,303.6882222530518,202.28045031088868
343,343,30,draft|draft_verify,226.15528106689453,205.46817779541016,0.0,960.0,47.0,243.4684,243.4684,431.6834964623047,226.15528106689453
343,343,31,draft|draft_verify,82.20887184143066,226.98497772216797,0.0,1007.0,13.0,66.4988,205.52821539541014,309.25385996359864,205.52821539541014
343,343,32,draft|draft_verify,98.73723983764648,221.03381156921387,0.0,1020.0,20.0,104.368,227.04498812216798,319.83106740686037,227.04498812216798
343,343,33,draft|draft_verify,258.6827278137207,225.87180137634277,0.0,1040.0,54.0,290.7024,290.7024,484.6145723900635,258.6827278137207
343,343,34,draft|draft_verify,75.00052452087402,230.7145595550537,0.0,1094.0,13.0,69.0044,225.93184457634277,305.77509447592774,225.93184457634277
343,343,35,draft|draft_verify,101.16219520568848,231.72831535339355,0.0,1107.0,20.0,108.3352,230.77456995505372,332.95052655908205,230.77456995505372
343,343,36,draft|draft_verify,298.97618293762207,258.4807872772217,0.0,1127.0,54.0,301.7688,301.7688,557.5170134148437,298.97618293762207
343,343,37,draft|draft_verify,80.38473129272461,261.7499828338623,0.0,1181.0,13.0,71.50999999999999,258.5408304772217,342.1947245265869,258.5408304772217
343,343,38,draft|draft_verify,96.65274620056152,264.56308364868164,0.0,1194.0,20.0,112.3024,261.8099932338623,361.2758458492432,261.8099932338623
343,343,39,draft|draft_verify,246.64831161499023,272.8707790374756,0.0,1214.0,53.0,306.9244,306.9244,519.5791330524657,264.62309964868166
343,343,40,draft|draft_verify,66.05672836303711,276.8206596374512,0.0,1267.0,13.0,73.9868,272.9308214374756,342.9373984004883,272.9308214374756
343,343,41,draft|draft_verify,97.02396392822266,280.2538871765137,0.0,1280.0,20.0,116.22399999999999,276.8806700374512,377.33786710473635,276.8806700374512
343,343,42,draft|draft_verify,249.23372268676758,282.3007106781006,0.0,1300.0,53.0,317.6572,317.6572,531.5944757648681,280.3139031765137
343,343,43,draft|draft_verify,65.6895637512207,284.6331596374512,0.0,1353.0,13.0,76.4636,282.3607530781006,350.3827337886719,282.3607530781006
343,343,44,draft|draft_verify|target|backtracking_verify,100.65221786499023,625.281810760498,164.83664512634277,1366.0,20.0,120.1456,597.3940914177002,890.8306897518311,597.3940914177002
343,343,45,draft|draft_verify|target|backtracking_verify,508.44597816467285,953.7973403930664,358.16025733947754,2772.0,108.0,1035.6768,1512.6355565965332,1820.4636622972168,985.4047347612061
343,343,46,draft|draft_verify|target|backtracking_verify,212.29124069213867,1588.9973640441895,238.68417739868164,4320.0,39.0,507.69239999999996,1898.2924111346924,2040.0328133350097,1867.4986813312257
343,343,47,draft|draft_verify|target|target_rescue_verify,2435.879707336426,3277.301073074341,837.9170894622803,7265.0,525.0,10973.333999999999,14593.29905733673,6551.158289873047,6055.8447646731565
343,343,48,draft|draft_verify,256.5326690673828,335.8957767486572,0.0,1472.0,54.0,345.65279999999996,345.65279999999996,592.48848901604,327.7301073074341
343,343,49,draft|draft_verify,114.64786529541016,339.57529067993164,0.0,1526.0,23.0,147.19,335.9558199486572,454.2831743753418,335.9558199486572
343,343,50,draft|draft_verify,283.51449966430664,337.8608226776123,0.0,1549.0,62.0,409.25199999999995,409.25199999999995,621.4353719419189,339.63530907993163
343,343,51,draft|draft_verify,58.046817779541016,355.7126522064209,0.0,1611.0,10.0,63.6056,693.6935324840332,413.8194779859619,693.6935324840332
344,344,1,draft|draft_verify,380.9080123901367,55.199623107910156,0.0,123.0,79.0,257.15000000000003,380.9080123901367,436.1676986980469,380.9080123901367
344,344,2,draft|draft_verify|target|target_rescue_verify,487.75506019592285,128.42941284179688,417.0267581939697,202.0,102.0,354.0672,418.34198802089844,1033.2713128316896,552.0298482168213
344,344,3,draft|draft_verify|target|target_rescue_verify,1385.2415084838867,217.9257869720459,511.43693923950195,262.0,309.0,1194.7068,1303.729940686023,2114.6644818954346,1494.2646491699097
344,344,4,draft|draft_verify,317.5339698791504,93.71471405029297,0.0,343.0,67.0,251.9276,251.9276,411.30873752944336,317.5339698791504
344,344,5,draft|draft_verify,74.45597648620605,93.68348121643066,0.0,410.0,14.0,53.1904,93.77476765029297,168.19946890263674,93.77476765029297
344,344,6,draft|draft_verify,69.15807723999023,125.59890747070312,0.0,424.0,14.0,53.6272,93.74349241643067,194.81699591069338,93.74349241643067
344,344,7,draft|draft_verify,640.831470489502,129.0304660797119,0.0,438.0,128.0,520.3696,649.4601684797119,769.9220389692139,769.9220389692139
345,345,1,draft|draft_verify,571.7694759368896,59.091806411743164,0.0,122.0,124.0,410.1968,571.7694759368896,630.9213815486328,571.7694759368896
345,345,2,draft|draft_verify,144.15812492370605,61.347007751464844,0.0,246.0,29.0,100.7356,100.7356,205.5651558751709,144.15812492370605
345,345,3,draft|draft_verify|target|backtracking_verify,278.1217098236084,156.90112113952637,513.463020324707,275.0,56.0,200.716,513.463020324707,948.5458960878418,513.463020324707
345,345,4,draft|draft_verify|target|target_rescue_verify|backtracking_verify,722.1322059631348,437.9160404205322,825.5658149719238,687.0,157.0,737.1931999999999,1478.473263401361,1985.6741869555908,1463.4122693644958
345,345,5,draft|draft_verify|target|target_rescue_verify,249.12261962890625,351.9618511199951,67.13008880615234,824.0,51.0,248.31,424.3509663599975,668.2746003550537,425.16358598890383
345,345,6,draft|draft_verify|target|target_rescue_verify,506.3929557800293,381.79659843444824,562.2670650482178,832.0,108.0,537.4848,728.4431856172241,1450.5167056626954,697.3513413972535
345,345,7,draft|draft_verify|target|target_rescue_verify,300.6010055541992,403.31506729125977,247.80964851379395,971.0,67.0,351.4028,553.1203872456299,951.7857749592529,502.3185927998291
345,345,8,draft|draft_verify,249.97735023498535,132.1866512298584,0.0,536.0,57.0,239.4588,239.4588,382.2240470648437,249.97735023498535
345,345,9,draft|draft_verify|target|target_rescue_verify,393.6004638671875,281.71730041503906,80.33585548400879,593.0,88.0,385.5656,526.4843206075195,755.7136901662353,534.519184474707
345,345,10,draft|draft_verify,265.9273147583008,132.7049732208252,0.0,599.0,57.0,247.926,247.926,398.692333579126,265.9273147583008
345,345,12,draft|draft_verify|target|target_rescue_verify,386.5165710449219,309.16333198547363,283.9188575744629,704.0,63.0,290.25239999999997,444.8941163927368,979.6588110048584,541.1582874376587
345,345,13,draft|draft_verify,226.1483669281006,155.77077865600586,0.0,746.0,48.0,224.61599999999999,224.61599999999999,381.97918398410644,226.1483669281006
345,345,14,draft|draft_verify,186.6469383239746,174.7891902923584,0.0,794.0,39.0,186.1212,186.1212,361.49615981633303,186.6469383239746
345,345,15,draft|draft_verify|target|backtracking_verify,144.94705200195312,354.2654514312744,228.4557819366455,833.0,34.0,164.89999999999998,352.0419744079956,727.7283125698731,352.0419744079956
345,345,16,draft|draft_verify|target|backtracking_verify,317.4090385437012,717.897891998291,431.29968643188477,1734.0,62.0,436.33599999999996,1190.4693118146606,1466.666666573877,1071.5423503583618
345,345,17,draft|draft_verify|target|target_rescue_verify,2055.3195476531982,1666.8386459350586,992.5932884216309,3592.0,444.0,5329.324799999999,7532.313936709399,4714.811837209887,4258.308684362598
345,345,18,draft|draft_verify,127.91180610656738,201.36308670043945,0.0,929.0,31.0,156.974,208.35483074188232,329.33491760700684,208.35483074188232
345,345,19,draft|draft_verify,123.55542182922363,201.19380950927734,0.0,960.0,28.0,143.4752,201.42311150043946,324.80925373850096,201.42311150043946
345,345,20,draft|draft_verify,263.1387710571289,226.47976875305176,0.0,988.0,62.0,327.12159999999994,327.12159999999994,489.6785894101807,263.1387710571289
345,345,21,draft|draft_verify,128.10873985290527,228.36732864379883,0.0,1050.0,29.0,154.7644,226.53981835305177,356.5360916967041,226.53981835305177
345,345,22,draft|draft_verify,171.67949676513672,230.03578186035156,0.0,1079.0,41.0,223.22199999999998,228.42735184379882,401.77531142548827,228.42735184379882
345,345,23,draft|draft_verify,125.091552734375,230.84783554077148,0.0,1120.0,29.0,159.4684,230.09581466035155,355.9994114751465,230.09581466035155
345,345,24,draft|draft_verify,153.8393497467041,249.0861415863037,0.0,1149.0,35.0,195.63639999999998,230.90785874077147,402.9855193330078,230.90785874077147
345,345,25,draft|draft_verify,140.61498641967773,256.6821575164795,0.0,1184.0,29.0,163.7692,249.1461695863037,397.3571671361572,249.1461695863037
345,345,26,draft|draft_verify,145.8117961883545,258.8932514190674,0.0,1213.0,35.0,200.85879999999997,256.7421807164795,404.76507560742186,256.7421807164795
345,345,27,draft|draft_verify,140.8674716949463,257.97343254089355,0.0,1248.0,29.0,168.07,258.95327941906737,398.90092743583983,258.95327941906737
345,345,28,draft|draft_verify,173.44164848327637,275.63953399658203,0.0,1277.0,35.0,206.0812,258.03345574089354,449.1412104798584,258.03345574089354
345,345,29,draft|draft_verify,144.61541175842285,277.8024673461914,0.0,1312.0,29.0,172.3708,275.699561996582,422.47790230461425,275.699561996582
345,345,30,draft|draft_verify,164.23940658569336,280.9317111968994,0.0,1341.0,35.0,211.3036,277.8624905461914,445.23114578259276,277.8624905461914
345,345,31,draft|draft_verify,147.4621295928955,309.6790313720703,0.0,1376.0,31.0,189.158,280.9917391968994,457.2011857649658,280.9917391968994
345,345,32,draft|draft_verify,160.35151481628418,308.5751533508301,0.0,1407.0,35.0,216.68919999999997,309.7390561720703,468.98669616711425,309.7390561720703
345,345,33,draft|draft_verify,147.88460731506348,313.9767646789551,0.0,1442.0,31.0,193.91,308.63518135083007,461.92139679401856,308.63518135083007
345,345,34,draft|draft_verify,165.2052402496338,313.1413459777832,0.0,1473.0,35.0,222.07479999999998,314.0367894789551,478.406614227417,314.0367894789551
345,345,35,draft|draft_verify,145.90954780578613,332.93771743774414,0.0,1508.0,31.0,198.66199999999998,313.2013739777832,478.9072900435303,313.2013739777832
345,345,36,draft|draft_verify,163.09833526611328,331.0129642486572,0.0,1539.0,35.0,227.4604,332.99774223774415,494.1713275147705,332.99774223774415
345,345,37,draft|draft_verify,145.88284492492676,335.7579708099365,0.0,1574.0,31.0,203.414,331.0729922486572,481.7008405348633,331.0729922486572
345,345,38,draft|draft_verify,163.39421272277832,330.594539642334,0.0,1605.0,36.0,239.652,335.81799560993653,494.0487811651123,335.81799560993653
345,345,39,draft|draft_verify,151.96657180786133,351.95350646972656,0.0,1641.0,32.0,215.12079999999997,330.654568442334,503.9801038775879,330.654568442334
345,345,40,draft|draft_verify,168.00761222839355,364.44592475891113,0.0,1673.0,36.0,245.36399999999998,352.0135320697266,532.5135657873047,352.0135320697266
345,345,41,draft|draft_verify,154.0994644165039,365.7820224761963,0.0,1709.0,32.0,220.18,364.50595355891113,519.9415124927002,364.50595355891113
345,345,42,draft|draft_verify,172.5609302520752,391.1595344543457,0.0,1741.0,36.0,251.07599999999996,365.8420480761963,563.780493506421,365.8420480761963
345,345,43,draft|draft_verify,154.24275398254395,392.0257091522217,0.0,1777.0,32.0,225.23919999999998,391.2195632543457,546.3284887347656,391.2195632543457
345,345,44,draft|draft_verify,154.56056594848633,397.568941116333,0.0,1809.0,36.0,256.788,392.0857347522217,552.1895358648194,392.0857347522217
345,345,45,draft|draft_verify,128.33333015441895,399.2581367492676,0.0,1845.0,32.0,230.2984,397.628969916333,527.6514925036865,397.628969916333
345,345,46,draft|draft_verify,168.11275482177734,409.1970920562744,0.0,1877.0,36.0,262.5,399.3181623492676,577.3698756780518,399.3181623492676
345,345,47,draft|draft_verify,153.84483337402344,409.9459648132324,0.0,1913.0,32.0,235.3576,409.2571208562744,563.8508237872559,409.2571208562744
345,345,48,draft|draft_verify,220.77679634094238,411.37099266052246,0.0,1945.0,36.0,268.212,410.00599041323244,632.2078178014649,410.00599041323244
345,345,49,draft|draft_verify,155.5631160736084,441.39862060546875,0.0,1981.0,32.0,240.4168,411.43102146052246,597.0217622790772,411.43102146052246
345,345,50,draft|draft_verify,180.60803413391113,442.3501491546631,0.0,2013.0,36.0,273.924,883.8688241601319,623.0182120885743,883.8688241601319
346,346,1,draft|draft_verify,241.0273551940918,30.997753143310547,0.0,91.0,50.0,157.1416,241.0273551940918,272.0851483374023,241.0273551940918
346,346,2,draft|draft_verify|target|target_rescue_verify,351.6576290130615,86.1818790435791,274.57642555236816,141.0,77.0,253.7308,296.8818011217895,712.4759952090087,394.80863013485106
346,346,3,draft|draft_verify,76.07698440551758,56.757211685180664,0.0,176.0,16.0,52.544000000000004,52.544000000000004,132.89420889069822,76.07698440551758
346,346,4,draft|draft_verify,305.3722381591797,68.98713111877441,0.0,192.0,68.0,231.5008,231.5008,374.4194236779541,305.3722381591797
346,346,5,draft|draft_verify,122.21145629882812,68.30787658691406,0.0,260.0,26.0,91.0,91.0,190.5793536857422,122.21145629882812
346,346,6,draft|draft_verify,275.1462459564209,87.9218578338623,0.0,286.0,60.0,216.9456,216.9456,363.1281517902832,275.1462459564209
346,346,7,draft|draft_verify|target|backtracking_verify,29.94513511657715,168.26438903808594,92.54717826843262,346.0,6.0,21.407999999999998,172.17410515290527,290.8167072230957,172.17410515290527
346,346,8,draft|draft_verify|target|backtracking_verify,827.4924755096436,381.2997341156006,575.9727954864502,706.0,186.0,888.576,1079.2860158578003,1784.8251539116943,1018.2024913674438
346,346,9,draft|draft_verify|target|backtracking_verify,108.80255699157715,761.8396282196045,267.2555446624756,1337.0,21.0,124.94999999999999,1003.7466038157877,1137.9577466736573,1003.7466038157877
346,346,10,draft|draft_verify|target|target_rescue_verify,2058.1812858581543,1711.5318775177002,3029.2460918426514,2716.0,438.0,4335.2880000000005,8428.624314660101,6799.019605618506,6151.517600518256
346,346,11,draft|draft_verify,25.46095848083496,138.51189613342285,0.0,528.0,5.0,19.442800000000002,142.62765645980835,164.0328586142578,142.62765645980835
346,346,12,draft|draft_verify,151.52478218078613,129.55832481384277,0.0,533.0,35.0,145.3708,145.3708,281.1431349946289,151.52478218078613
346,346,13,draft|draft_verify,49.8967170715332,129.00090217590332,0.0,568.0,9.0,36.822,129.61835281384276,178.95762644743652,129.61835281384276
346,346,14,draft|draft_verify,258.61072540283203,132.7667236328125,0.0,577.0,38.0,161.9848,161.9848,391.43747943564455,258.61072540283203
346,346,15,draft|draft_verify,53.28869819641113,132.401704788208,0.0,615.0,8.0,33.3592,132.8267540328125,185.75040938461913,132.8267540328125
346,346,17,draft|draft_verify,194.45466995239258,153.76520156860352,0.0,661.0,34.0,151.2776,151.2776,348.27989872099613,194.45466995239258
346,346,18,draft|draft_verify,34.73973274230957,151.46183967590332,0.0,695.0,7.0,30.1484,153.82522876860352,186.2615780182129,153.82522876860352
346,346,19,draft|draft_verify|target|target_rescue_verify,163.44690322875977,306.7793846130371,274.7361660003662,702.0,35.0,159.1612,312.61092030651855,745.0224818421631,316.8966235352783
346,346,20,draft|draft_verify,40.39597511291504,153.2423496246338,0.0,731.0,8.0,35.308,153.38969230651855,193.69833113754882,153.38969230651855
346,346,21,draft|draft_verify,196.57611846923828,153.83672714233398,0.0,739.0,42.0,195.324,195.324,350.47287921157226,196.57611846923828
346,346,22,draft|draft_verify,140.2599811553955,174.84378814697266,0.0,781.0,30.0,141.5016,153.89676074233398,315.16379330236816,153.89676074233398
346,346,23,draft|draft_verify,105.9579849243164,174.72267150878906,0.0,811.0,22.0,104.5688,174.90381214697265,280.74067403310545,174.90381214697265
346,346,24,draft|draft_verify,46.47994041442871,175.5664348602295,0.0,833.0,10.0,46.8008,174.78268910878907,222.1063832746582,174.78268910878907
346,346,25,draft|draft_verify,85.53743362426758,183.2602024078369,0.0,843.0,20.0,96.2968,175.6264428602295,268.8576520321045,175.6264428602295
346,346,26,draft|draft_verify,304.1656017303467,200.3498077392578,0.0,863.0,67.0,334.29560000000004,334.29560000000004,504.5754630696045,304.1656017303467
346,346,27,draft|draft_verify,413.9389991760254,204.04553413391113,0.0,930.0,95.0,493.174,493.174,618.0446093099365,413.9389991760254
346,346,28,draft|draft_verify,30.416250228881836,224.67684745788574,0.0,1025.0,6.0,29.555999999999997,204.10561013391114,255.15310248676758,204.10561013391114
346,346,29,draft|draft_verify,195.75834274291992,228.1959056854248,0.0,1031.0,46.0,245.85199999999998,245.85199999999998,424.01428522834476,224.73685225788574
346,346,30,draft|draft_verify|target|target_rescue_verify,128.7691593170166,486.5450859069824,486.82308197021484,1077.0,27.0,145.5372,486.82308197021484,1102.197348794214,486.82308197021484
346,346,31,draft|draft_verify|target|target_rescue_verify,259.1698169708252,515.2585506439209,313.4438991546631,1150.0,63.0,356.6172,614.3065257219605,1087.932317169409,516.8591426927857
346,346,32,draft|draft_verify,27.872562408447266,256.7451000213623,0.0,1197.0,5.0,25.8652,257.62927532196045,284.67766642980956,257.62927532196045
346,346,33,draft|draft_verify,54.213762283325195,258.99696350097656,0.0,1202.0,10.0,54.7712,515.8620755223388,313.27073378430174,515.8620755223388
347,347,1,draft|draft_verify|target|target_rescue_verify,439.2271041870117,139.75191116333008,863.806962966919,205.0,100.0,347.58799999999997,863.806962966919,1442.8460583172607,863.806962966919
347,347,2,draft|draft_verify|target|backtracking_verify,356.3692569732666,197.9506015777588,519.7896957397461,346.0,80.0,302.78560000000004,519.7896957397461,1074.1696182907715,519.7896957397461
347,347,4,draft|draft_verify|target|target_rescue_verify,1276.9300937652588,419.21281814575195,947.8061199188232,1042.0,287.0,1637.4171999999999,2056.6902477457515,2644.0092614298337,1696.2031415110107
348,348,1,draft|draft_verify,752.2687911987305,78.03750038146973,0.0,206.0,166.0,590.864,752.2687911987305,830.3664243802002,752.2687911987305
348,348,3,draft|draft_verify|target|target_rescue_verify,660.9961986541748,257.627010345459,461.87758445739746,513.0,108.0,455.5656,584.4391915727294,1380.5608798570313,789.8697902269043
348,348,4,draft|draft_verify,637.0201110839844,154.97756004333496,0.0,585.0,136.0,601.8919999999999,601.8919999999999,792.0577799273193,637.0201110839844
348,348,5,draft|draft_verify|target|backtracking_verify,518.829345703125,328.366756439209,259.03940200805664,721.0,106.0,499.26800000000003,663.5114630196045,1106.2955889503905,683.0728087227295
348,348,6,draft|draft_verify|target|backtracking_verify,848.029613494873,431.6060543060303,1563.4465217590332,827.0,192.0,974.1432,1563.4465217590332,2843.1423431599364,1563.4465217590332
348,348,7,draft|draft_verify|target|backtracking_verify,1044.7092056274414,999.6528625488281,1877.929925918579,2116.0,238.0,1954.328,3643.0928002709106,3922.3521844948486,2733.474005898352
348,348,8,draft|draft_verify|target|target_rescue_verify,899.3980884552002,1549.7918128967285,1769.4871425628662,3561.0,200.0,2322.4936,4793.705032455851,4218.737203914795,3370.6095209110517
348,348,9,draft|draft_verify|target|target_rescue_verify,281.97526931762695,770.6854343414307,297.454833984375,2542.0,49.0,436.2908,1207.0362735414305,1350.1755768434327,1052.7207428590577
349,349,1,draft|draft_verify,244.12178993225098,31.076669692993164,0.0,106.0,54.0,171.8976,244.12178993225098,275.25850282524414,244.12178993225098
349,349,2,draft|draft_verify|target|backtracking_verify,882.5540542602539,135.8470916748047,264.30511474609375,160.0,196.0,683.264,751.2477026374023,1282.7664174811523,950.5377568976562
349,349,3,draft|draft_verify|target|target_rescue_verify,999.5229244232178,298.2451915740967,405.22289276123047,555.0,196.0,868.124,1017.3067525870483,1703.0511655585449,1148.705677010266
349,349,4,draft|draft_verify|target|target_rescue_verify,408.4210395812988,321.4836120605469,581.2251567840576,663.0,90.0,409.5288,581.2251567840576,1311.1898804259033,581.2251567840576
349,349,5,draft|draft_verify|target|target_rescue_verify|backtracking_verify,879.1608810424805,443.0973529815674,1291.6169166564941,778.0,170.0,837.9328,1816.1244090644227,2613.935286680542,1857.3524901069031
349,349,6,draft|draft_verify|target|backtracking_verify|target_rescue_verify,889.272928237915,410.14909744262695,562.9763603210449,715.0,201.0,968.31,1557.4701640424926,1862.4585468015869,1478.4330922804077
349,349,7,draft|draft_verify|target|target_rescue_verify,781.3029289245605,639.9950981140137,1196.3839530944824,1219.0,172.0,1029.212,2139.460192638452,2617.7421177330566,1891.5511215630127
349,349,8,draft|draft_verify,211.06529235839844,127.3956298828125,0.0,441.0,50.0,198.3016,198.3016,338.5209622412109,211.06529235839844
349,349,9,draft|draft_verify,135.26463508605957,146.1954116821289,0.0,491.0,29.0,117.1996,127.4556698828125,281.52006996818847,135.26463508605957
349,349,10,draft|draft_verify,92.0863151550293,138.24033737182617,0.0,520.0,21.0,85.734,146.2554348821289,230.38666932685547,146.2554348821289
349,349,11,draft|draft_verify|target|target_rescue_verify,255.87701797485352,257.12013244628906,350.2974510192871,541.0,62.0,261.6808,390.3009158231445,863.3546510404296,384.49713379799806
349,349,12,draft|draft_verify|target|target_rescue_verify,247.6799488067627,267.0280933380127,219.36726570129395,592.0,51.0,220.47,354.04408746900634,734.1353486460694,381.25403627576907
349,349,13,draft|draft_verify,150.1007080078125,134.6578598022461,0.0,620.0,31.0,134.726,269.4438846022461,284.8185926100586,284.8185926100586
350,350,1,draft|draft_verify|target|backtracking_verify,371.9503879547119,103.06763648986816,428.33542823791504,121.0,67.0,216.76280000000003,428.33542823791504,903.4135062824951,428.33542823791504
350,350,2,draft|draft_verify|target|target_rescue_verify|backtracking_verify,740.8120632171631,265.6073570251465,1329.6153545379639,375.0,156.0,616.236,1480.309319837842,2336.0948995802737,1604.885383055005
350,350,3,draft|draft_verify|target|target_rescue_verify,1208.1875801086426,588.3595943450928,1923.2590198516846,865.0,262.0,1375.8344,3148.366951455367,3719.86640390542,2980.7201315640095
350,350,4,draft|draft_verify|target|target_rescue_verify,689.2297267913818,456.79259300231934,670.4490184783936,821.0,149.0,745.7116,1423.5906731909363,1816.5314574720946,1367.108799982318
350,350,5,draft|draft_verify|target|target_rescue_verify,739.9420738220215,288.24377059936523,1256.260633468628,482.0,162.0,682.4832,1256.260633468628,2284.5066074900146,1256.260633468628
350,350,6,draft|draft_verify,160.11977195739746,153.76996994018555,0.0,695.0,33.0,149.35320000000002,149.35320000000002,313.949768297583,160.11977195739746
350,350,7,draft|draft_verify,323.75431060791016,155.18832206726074,0.0,728.0,68.0,317.6896,472.93797646726074,479.0026870751709,479.0026870751709
351,351,1,draft|draft_verify,150.42471885681152,36.33379936218262,0.0,127.0,34.0,108.98479999999999,150.42471885681152,186.81854541899415,150.42471885681152
351,351,2,draft|draft_verify,448.23551177978516,61.121463775634766,0.0,161.0,99.0,333.6396,333.6396,509.41705475541994,448.23551177978516
351,351,3,draft|draft_verify|target|target_rescue_verify,511.3551616668701,183.2277774810791,862.673282623291,260.0,110.0,398.104,862.673282623291,1557.3163097712402,862.673282623291
351,351,4,draft|draft_verify,355.4646968841553,142.59576797485352,0.0,404.0,84.0,329.9232,329.9232,498.1205320590088,355.4646968841553
351,351,5,draft|draft_verify,1165.3790473937988,154.84213829040527,0.0,488.0,264.0,1149.0240000000001,1149.0240000000001,1320.281396884204,1165.3790473937988
351,351,6,draft|draft_verify,173.43688011169434,155.2424430847168,0.0,752.0,41.0,191.82999999999998,191.82999999999998,328.7393559964111,173.43688011169434
351,351,7,draft|draft_verify,379.5514106750488,175.49991607666016,0.0,793.0,79.0,382.574,382.574,555.111389951709,379.5514106750488
351,351,8,draft|draft_verify,444.89336013793945,201.41029357910156,0.0,872.0,93.0,469.71479999999997,469.71479999999997,646.3637281170411,444.89336013793945
351,351,9,draft|draft_verify,158.16164016723633,201.4787197113037,0.0,965.0,32.0,164.82639999999998,403.00911329040525,359.70038547854006,403.00911329040525
352,352,1,draft|draft_verify|target|backtracking_verify,352.327823638916,67.15083122253418,255.22732734680176,88.0,78.0,247.32960000000003,385.9633016501831,674.766044608252,385.9633016501831
352,352,2,draft|draft_verify|target|backtracking_verify,350.75879096984863,150.94661712646484,326.2903690338135,291.0,69.0,251.1516,326.6849637632324,828.055832330127,426.292154733081
352,352,3,draft|draft_verify|target|target_rescue_verify,1453.7456035614014,465.0440216064453,1775.3889560699463,575.0,323.0,1496.1772,3067.3667804520023,3694.238839637793,3024.9351840134036
352,352,4,draft|draft_verify,834.5522880554199,88.20486068725586,0.0,184.0,179.0,630.5692,630.5692,922.8172919426758,834.5522880554199
352,352,5,draft|draft_verify,492.97189712524414,143.01776885986328,0.0,363.0,109.0,421.046,421.046,636.0497531851074,492.97189712524414
352,352,6,draft|draft_verify|target|target_rescue_verify,793.9529418945312,280.14159202575684,564.6805763244629,472.0,177.0,744.7452,884.8761376128784,1638.835251844751,934.0838795074096
352,352,8,draft|draft_verify,536.6067886352539,228.0893325805664,0.0,990.0,113.0,605.6092,605.6092,764.7562116158203,536.6067886352539
352,352,9,draft|draft_verify,776.0312557220459,257.63916969299316,0.0,1103.0,153.0,869.3915999999999,869.3915999999999,1033.730547815039,776.0312557220459
352,352,10,draft|draft_verify,141.92628860473633,251.64794921875,0.0,1256.0,28.0,162.656,509.4072637117432,393.6342602234863,509.4072637117432
353,353,1,draft|draft_verify,232.49053955078125,30.99203109741211,0.0,126.0,50.0,161.2576,232.49053955078125,263.5426106481933,232.49053955078125
353,353,2,draft|draft_verify|target|target_rescue_verify,714.7338390350342,128.94725799560547,174.79991912841797,176.0,157.0,545.8748,610.4085545978028,1018.5411417590576,779.2675936328369
353,353,3,draft|draft_verify|target|target_rescue_verify,226.52411460876465,126.16801261901855,219.9532985687256,197.0,50.0,169.6072,232.75124630950927,572.7054657965087,289.66816091827394
353,353,4,draft|draft_verify|target|target_rescue_verify,139.13273811340332,135.71691513061523,217.64850616455078,228.0,31.0,106.502,217.64850616455078,492.55818420856934,217.64850616455078
353,353,5,draft|draft_verify|target|target_rescue_verify,101.24754905700684,8588.862419128418,171.94437980651855,256.0,21.0,73.062,4367.553226364209,8862.114364791943,4395.738775421216
353,353,6,draft|draft_verify,213.70291709899902,88.61517906188965,0.0,279.0,43.0,153.7004,4294.431209564209,302.3781305608887,4294.431209564209
353,353,7,draft|draft_verify,190.5829906463623,92.22745895385742,0.0,322.0,39.0,143.0748,143.0748,282.87048080021975,190.5829906463623
353,353,8,draft|draft_verify|target|target_rescue_verify,236.56582832336426,192.90637969970703,261.00945472717285,361.0,49.0,185.0396,281.55282904985353,690.5417019502441,333.0790573732178
353,353,9,draft|draft_verify,201.92265510559082,124.76420402526855,0.0,394.0,43.0,165.29240000000001,165.29240000000001,326.7468935308594,201.92265510559082
353,353,10,draft|draft_verify,228.31106185913086,125.84280967712402,0.0,437.0,49.0,193.7948,193.7948,354.2139107362549,228.31106185913086
353,353,11,draft|draft_verify,144.26875114440918,143.8271999359131,0.0,486.0,31.0,125.078,125.90284887712403,288.1559758803223,144.26875114440918
353,353,12,draft|draft_verify|target|target_rescue_verify,94.5432186126709,265.40350914001465,218.32561492919922,517.0,20.0,81.4312,276.6489953059204,578.3323586818848,276.6489953059204
353,353,13,draft|draft_verify,152.21881866455078,128.4322738647461,0.0,546.0,32.0,133.6528,133.6528,280.7111181292969,152.21881866455078
353,353,14,draft|draft_verify|target|target_rescue_verify,109.1315746307373,255.19847869873047,106.69517517089844,578.0,23.0,97.1356,256.15155721411134,471.0852469003662,256.15155721411134
353,353,15,draft|draft_verify|target|target_rescue_verify,205.71446418762207,262.9539966583252,351.46546363830566,588.0,44.0,189.232,351.46546363830566,820.193959684253,351.46546363830566
353,353,16,draft|draft_verify,106.01401329040527,134.48739051818848,0.0,641.0,22.0,96.0008,131.4769983291626,240.56142140859373,131.4769983291626
353,353,17,draft|draft_verify|target|backtracking_verify,134.16242599487305,311.8109703063965,552.1712303161621,663.0,27.0,119.70360000000001,552.1712303161621,998.2046482174317,552.1712303161621
353,353,18,draft|draft_verify|target|target_rescue_verify,461.21907234191895,660.4042053222656,437.38651275634766,1442.0,95.0,608.6812,1322.737686369873,1559.0698664205322,1175.275558711792
353,353,19,draft|draft_verify,104.81929779052734,175.140380859375,0.0,793.0,19.0,89.19800000000001,340.3014473899414,280.01969384990235,340.3014473899414
354,354,1,draft|draft_verify,339.0543460845947,30.397653579711914,0.0,92.0,69.0,218.6748,339.0543460845947,369.51205486430666,339.0543460845947
354,354,2,draft|draft_verify,204.5116424560547,52.1090030670166,0.0,161.0,44.0,145.16559999999998,145.16559999999998,256.6806807230713,204.5116424560547
354,354,3,draft|draft_verify,132.04050064086914,59.41581726074219,0.0,205.0,29.0,97.9804,97.9804,191.51634110161132,132.04050064086914
354,354,4,draft|draft_verify|target|backtracking_verify,162.6431941986084,125.77605247497559,253.80635261535645,234.0,36.0,124.488,253.80635261535645,542.2856280889405,253.80635261535645
354,354,5,draft|draft_verify|target|target_rescue_verify,497.50280380249023,217.23675727844238,115.64493179321289,538.0,101.0,431.11,539.7884594392212,830.4445736741454,606.1812632417115
354,354,6,draft|draft_verify|target|backtracking_verify,117.6307201385498,190.81425666809082,96.99463844299316,560.0,24.0,100.45439999999999,204.0855261732666,405.4996344496338,213.0978676725952
354,354,7,draft|draft_verify|target|target_rescue_verify,1459.9273204803467,536.7453098297119,867.9587841033936,870.0,280.0,1479.896,2505.8831715936885,2864.691638413452,2485.9144920740355
354,354,9,draft|draft_verify,162.81628608703613,145.84803581237793,0.0,497.0,35.0,142.4332,142.4332,308.72434989941405,162.81628608703613
354,354,11,draft|draft_verify|target|target_rescue_verify,426.6245365142822,308.00533294677734,538.3594036102295,621.0,87.0,386.8428,540.9055360733887,1273.0493426712892,580.6872725876709
354,354,12,draft|draft_verify,413.36894035339355,156.02684020996094,0.0,708.0,88.0,409.57759999999996,409.57759999999996,569.4558509633545,413.36894035339355
354,354,13,draft|draft_verify,396.8620300292969,181.5640926361084,0.0,796.0,88.0,427.952,427.952,578.4861930654052,396.8620300292969
354,354,14,draft|draft_verify,408.9384078979492,208.54854583740234,0.0,884.0,87.0,441.126,441.126,617.5470233353516,408.9384078979492
354,354,15,draft|draft_verify,450.9563446044922,224.5926856994629,0.0,971.0,87.0,459.08279999999996,459.08279999999996,675.6090999039551,450.9563446044922
354,354,16,draft|draft_verify,413.8774871826172,235.11719703674316,0.0,1058.0,88.0,482.6576,482.6576,649.0547546193603,413.8774871826172
354,354,17,draft|draft_verify,438.39526176452637,257.3542594909668,0.0,1146.0,88.0,501.032,501.032,695.8095916554931,438.39526176452637
354,354,18,draft|draft_verify,431.1718940734863,280.63416481018066,0.0,1234.0,87.0,513.366,513.366,711.866128483667,431.1718940734863
354,354,19,draft|draft_verify,469.50554847717285,282.73916244506836,0.0,1321.0,92.0,562.5928,562.5928,752.3047845222412,469.50554847717285
354,354,20,draft|draft_verify,431.7500591278076,314.97669219970703,0.0,1413.0,89.0,563.2539999999999,563.2539999999999,746.7868225275147,431.7500591278076
354,354,21,draft|draft_verify,483.4778308868408,336.0886573791504,0.0,1502.0,88.0,575.3648000000001,575.3648000000001,819.6265586659912,483.4778308868408
354,354,22,draft|draft_verify,438.2967948913574,349.9588966369629,0.0,1590.0,92.0,621.3424,621.3424,788.3157651283203,438.2967948913574
354,354,23,draft|draft_verify,428.73144149780273,361.8509769439697,0.0,1682.0,91.0,634.31,634.31,790.6424912417724,428.73144149780273
354,354,24,draft|draft_verify,412.19353675842285,394.8547840118408,0.0,1773.0,88.0,631.9495999999999,631.9495999999999,807.1083911702636,412.19353675842285
354,354,25,draft|draft_verify,435.12773513793945,406.4960479736328,0.0,1861.0,92.0,680.5288,680.5288,841.6838567115723,435.12773513793945
354,354,26,draft|draft_verify,477.0042896270752,421.2322235107422,0.0,1953.0,89.0,677.3019999999999,677.3019999999999,898.2965843378174,477.0042896270752
354,354,27,draft|draft_verify,465.5613899230957,431.55574798583984,0.0,2042.0,90.0,704.0832,1135.6990199858399,897.1772099089355,897.1772099089355
355,355,1,draft|draft_verify|target|backtracking_verify,342.24963188171387,84.56540107727051,408.2622528076172,115.0,72.0,232.37040000000002,408.2622528076172,835.1373433666015,408.2622528076172
355,355,2,draft|draft_verify|target|target_rescue_verify,492.7973747253418,187.31307983398438,614.243745803833,358.0,109.0,419.75,614.243745803833,1294.4142875631592,614.243745803833
355,355,3,draft|draft_verify,184.14568901062012,65.61613082885742,0.0,199.0,42.0,142.188,142.188,249.82185343947754,184.14568901062012
355,355,4,draft|draft_verify,167.72961616516113,68.81570816040039,0.0,241.0,35.0,121.5436,121.5436,236.6053523255615,167.72961616516113
355,355,5,draft|draft_verify,117.66600608825684,68.90320777893066,0.0,276.0,28.0,99.152,99.152,186.62923626718748,117.66600608825684
355,355,6,draft|draft_verify,172.6818084716797,87.72969245910645,0.0,304.0,36.0,130.368,130.368,260.47152973078613,172.6818084716797
355,355,7,draft|draft_verify,132.95793533325195,104.17699813842773,0.0,340.0,28.0,103.2992,103.2992,237.1949558716797,132.95793533325195
355,355,8,draft|draft_verify,177.83808708190918,95.84474563598633,0.0,368.0,38.0,143.4256,143.4256,273.74286311789547,177.83808708190918
355,355,9,draft|draft_verify,94.51603889465332,96.10414505004883,0.0,406.0,20.0,76.3696,95.90477603598633,190.68019994470217,95.90477603598633
355,355,11,draft|draft_verify,84.95855331420898,130.57637214660645,0.0,464.0,18.0,70.9584,96.16416105004883,215.59493986081543,96.16416105004883
355,355,12,draft|draft_verify,158.63537788391113,144.9146270751953,0.0,482.0,36.0,145.32,145.32,303.61003375910644,158.63537788391113
355,355,13,draft|draft_verify,92.80729293823242,137.17079162597656,0.0,518.0,20.0,81.4768,144.9746558751953,230.038100564209,144.9746558751953
355,355,14,draft|draft_verify,191.73574447631836,134.25517082214355,0.0,538.0,38.0,158.5216,158.5216,326.0509456984619,191.73574447631836
355,355,15,draft|draft_verify,60.15968322753906,128.58152389526367,0.0,576.0,10.0,41.2496,134.31520122214354,188.80121512280274,134.31520122214354
355,355,16,draft|draft_verify,152.55331993103027,132.38120079040527,0.0,586.0,38.0,162.784,162.784,284.9945511214355,152.55331993103027
355,355,17,draft|draft_verify,137.1457576751709,132.77363777160645,0.0,624.0,28.0,121.7024,132.44123119040526,269.9794178467773,137.1457576751709
355,355,18,draft|draft_verify,162.47010231018066,155.68089485168457,0.0,652.0,36.0,159.6,159.6,318.21102596186523,162.47010231018066
355,355,19,draft|draft_verify,122.70569801330566,156.57782554626465,0.0,688.0,20.0,89.2288,155.74092365168457,279.34353955957033,155.74092365168457
355,355,20,draft|draft_verify,225.61335563659668,164.72506523132324,0.0,708.0,38.0,173.61759999999998,173.61759999999998,390.3984512679199,225.61335563659668
355,355,21,draft|draft_verify,71.12979888916016,156.43763542175293,0.0,746.0,10.0,44.9216,164.78509563132323,227.62744231091307,164.78509563132323
355,355,22,draft|draft_verify,181.976318359375,174.9136447906494,0.0,756.0,38.0,177.88,177.88,356.9499935500244,181.976318359375
355,355,23,draft|draft_verify,109.41386222839355,177.14619636535645,0.0,794.0,18.0,84.42240000000001,174.9736751906494,286.62007299375,174.9736751906494
355,355,24,draft|draft_verify,214.57314491271973,175.91571807861328,0.0,812.0,36.0,173.04000000000002,177.20621076535645,390.548891791333,214.57314491271973
355,355,25,draft|draft_verify,98.92797470092773,190.3233528137207,0.0,848.0,20.0,96.5248,175.97574687861328,289.31134351464846,175.97574687861328
355,355,26,draft|draft_verify,203.77087593078613,200.46329498291016,0.0,868.0,38.0,187.8256,190.3833688137207,404.29420131369625,203.77087593078613
355,355,27,draft|draft_verify,62.967538833618164,201.94745063781738,0.0,906.0,10.0,48.3776,200.52332538291014,264.97499747143553,200.52332538291014
355,355,28,draft|draft_verify,200.89197158813477,202.52180099487305,0.0,916.0,38.0,192.088,202.0074586378174,403.4738029830078,202.0074586378174
355,355,29,draft|draft_verify,167.13666915893555,203.06015014648438,0.0,954.0,28.0,143.0864,202.58183139487303,370.2568417054199,202.58183139487303
355,355,30,draft|draft_verify,162.37926483154297,212.25595474243164,0.0,982.0,36.0,187.32,203.12017254648438,374.6952483739746,203.12017254648438
355,355,31,draft|draft_verify,110.0308895111084,226.05252265930176,0.0,1018.0,20.0,104.27680000000001,212.31598354243164,336.1434281704102,212.31598354243164
355,355,32,draft|draft_verify,215.61074256896973,230.30805587768555,0.0,1038.0,38.0,202.9216,226.11253865930175,445.97882884665523,226.11253865930175
355,355,33,draft|draft_verify,59.99016761779785,225.47578811645508,0.0,1076.0,10.0,52.0496,230.36808627768553,285.5259637342529,230.36808627768553
355,355,34,draft|draft_verify,190.02842903137207,231.65297508239746,0.0,1086.0,38.0,207.184,225.5357961164551,421.7414345137695,225.5357961164551
355,355,35,draft|draft_verify,100.06999969482422,232.76686668395996,0.0,1124.0,18.0,97.88640000000001,231.71300548239745,332.8968807787842,231.71300548239745
355,355,36,draft|draft_verify,179.94284629821777,260.03026962280273,0.0,1142.0,36.0,200.76,232.82688108395996,440.0331447210205,232.82688108395996
355,355,37,draft|draft_verify,93.78337860107422,257.5500011444092,0.0,1178.0,20.0,111.5728,260.09029842280273,351.3933957454834,260.09029842280273
355,355,38,draft|draft_verify,181.70785903930664,260.8323097229004,0.0,1198.0,38.0,217.12959999999998,257.6100171444092,442.600199162207,257.6100171444092
355,355,39,draft|draft_verify,55.450439453125,263.3357048034668,0.0,1236.0,10.0,55.5056,260.8923401229004,318.8461522565918,260.8923401229004
355,355,40,draft|draft_verify,185.1348876953125,277.618408203125,0.0,1246.0,38.0,221.392,263.3957128034668,462.81332629843746,263.3957128034668
355,355,41,draft|draft_verify,88.82451057434082,279.7412872314453,0.0,1284.0,18.0,104.4144,277.678438603125,368.62581220578613,277.678438603125
355,355,42,draft|draft_verify,178.17330360412598,281.7220687866211,0.0,1302.0,36.0,214.2,279.8013016314453,459.95540119074707,279.8013016314453
355,355,43,draft|draft_verify,100.2054214477539,292.33551025390625,0.0,1338.0,20.0,118.8688,281.7820975866211,392.6009477016602,281.7820975866211
355,355,44,draft|draft_verify,207.26752281188965,281.635046005249,0.0,1358.0,38.0,231.3376,292.39552625390627,488.96259921713863,292.39552625390627
355,355,45,draft|draft_verify,50.53305625915527,308.269739151001,0.0,1396.0,10.0,58.961600000000004,281.69507640524904,358.86280341015623,281.69507640524904
355,355,46,draft|draft_verify,176.58424377441406,321.96545600891113,0.0,1406.0,38.0,235.6,308.32974715100096,498.60973018332515,308.32974715100096
355,355,47,draft|draft_verify,134.4447135925293,316.0743713378906,0.0,1444.0,28.0,174.83839999999998,322.02548640891115,450.5791073304199,322.02548640891115
355,355,48,draft|draft_verify,157.22036361694336,320.6591606140137,0.0,1472.0,36.0,228.48,316.1343937378906,477.93955303095703,316.1343937378906
355,355,49,draft|draft_verify,111.59920692443848,335.8154296875,0.0,1508.0,20.0,126.6208,320.71918941401367,447.4746526119385,320.71918941401367
355,355,50,draft|draft_verify,207.89813995361328,335.38079261779785,0.0,1528.0,38.0,246.43359999999998,335.8754456875,543.3389629714111,335.8754456875
355,355,51,draft|draft_verify,50.40574073791504,334.81788635253906,0.0,1566.0,10.0,62.6336,335.44082301779787,385.2836350904541,335.44082301779787
355,355,52,draft|draft_verify,174.01862144470215,338.7007713317871,0.0,1576.0,38.0,250.696,334.87789435253904,512.7794231764892,334.87789435253904
355,355,53,draft|draft_verify,119.52924728393555,329.79583740234375,0.0,1614.0,18.0,117.8784,338.7608017317871,449.3850990862793,338.7608017317871
355,355,54,draft|draft_verify,230.1168441772461,355.621337890625,0.0,1632.0,36.0,241.92000000000002,329.85585180234375,585.7982108678711,329.85585180234375
355,355,55,draft|draft_verify,131.84022903442383,356.6124439239502,0.0,1668.0,20.0,133.9168,355.681366690625,488.51268895837404,355.681366690625
355,355,56,draft|draft_verify,219.16675567626953,368.92056465148926,0.0,1688.0,38.0,260.6416,356.6724599239502,588.1473507277587,356.6724599239502
355,355,57,draft|draft_verify,64.89229202270508,368.757963180542,0.0,1726.0,10.0,66.08959999999999,368.9805950514893,433.71026320324705,368.9805950514893
355,355,58,draft|draft_verify,221.18449211120605,395.81990242004395,0.0,1736.0,38.0,264.904,368.817971180542,617.06442493125,368.817971180542
355,355,59,draft|draft_verify,92.85926818847656,393.41259002685547,0.0,1774.0,18.0,124.40639999999999,395.87993282004396,486.33187261533203,395.87993282004396
355,355,60,draft|draft_verify,170.84407806396484,403.4464359283447,0.0,1792.0,36.0,255.36,393.47260442685547,574.3505427923096,393.47260442685547
355,355,61,draft|draft_verify,94.00582313537598,399.69706535339355,0.0,1828.0,20.0,141.21280000000002,403.5064647283447,493.76290448876955,403.5064647283447
355,355,62,draft|draft_verify,186.5863800048828,408.968448638916,0.0,1848.0,38.0,274.8496,399.7570813533936,595.6148590437988,399.7570813533936
355,355,63,draft|draft_verify,54.49962615966797,408.62536430358887,0.0,1886.0,10.0,69.54560000000001,409.02847903891603,463.1849984632568,409.02847903891603
355,355,64,draft|draft_verify,182.24096298217773,409.4538688659668,0.0,1896.0,38.0,279.11199999999997,408.68537230358885,591.7548622481445,408.68537230358885
355,355,65,draft|draft_verify,92.26250648498535,420.57347297668457,0.0,1934.0,18.0,130.93439999999998,409.5138992659668,512.8959938616699,409.5138992659668
355,355,66,draft|draft_verify,185.17184257507324,411.4384651184082,0.0,1952.0,36.0,268.8,420.63348737668457,596.6703364934815,420.63348737668457
355,355,67,draft|draft_verify,103.1649112701416,439.75162506103516,0.0,1988.0,20.0,148.5088,411.4984939184082,542.9765523311768,411.4984939184082
355,355,68,draft|draft_verify,184.06224250793457,439.96405601501465,0.0,2008.0,38.0,289.0576,439.8116410610352,624.0863289229492,439.8116410610352
355,355,69,draft|draft_verify,56.539297103881836,433.8531494140625,0.0,2046.0,10.0,73.0016,873.9372438290771,490.4524545179443,873.9372438290771
356,356,1,draft|draft_verify|target|target_rescue_verify,453.4740447998047,103.60956192016602,671.2403297424316,98.0,95.0,305.4748,723.0451107025146,1228.3840124624023,723.0451107025146
357,357,1,draft|draft_verify,107.42926597595215,31.464099884033203,0.0,127.0,24.0,76.55279999999999,107.42926597595215,138.95338505998535,107.42926597595215
357,357,2,draft|draft_verify,81.99906349182129,31.795978546142578,0.0,151.0,20.0,64.7416,64.7416,113.85505803796387,81.99906349182129
357,357,3,draft|draft_verify,82.32402801513672,51.33366584777832,0.0,171.0,20.0,65.65360000000001,65.65360000000001,133.71770986291506,82.32402801513672
357,357,4,draft|draft_verify,276.74078941345215,60.96529960632324,0.0,191.0,63.0,213.918,213.918,337.7661394197754,276.74078941345215
357,357,5,draft|draft_verify,22.190093994140625,60.533761978149414,0.0,254.0,5.0,16.8124,61.025350006323244,82.78385997229003,61.025350006323244
357,357,6,draft|draft_verify,169.57998275756836,61.942338943481445,0.0,259.0,36.0,126.58800000000001,126.58800000000001,231.5823505010498,169.57998275756836
357,357,7,draft|draft_verify,111.1750602722168,83.4493637084961,0.0,295.0,23.0,82.1932,82.1932,194.68444238071288,111.1750602722168
357,357,8,draft|draft_verify,58.78448486328125,86.34090423583984,0.0,318.0,12.0,42.9936,83.5093821084961,145.1853986991211,83.5093821084961
357,357,9,draft|draft_verify,298.92516136169434,101.17125511169434,0.0,330.0,63.0,234.6012,234.6012,400.1564668733887,298.92516136169434
357,357,10,draft|draft_verify,164.9949550628662,126.55210494995117,0.0,393.0,35.0,133.9468,133.9468,291.60708801281737,164.9949550628662
357,357,11,draft|draft_verify,57.58547782897949,126.52873992919922,0.0,428.0,12.0,45.8976,126.61213294995117,184.1742273581787,126.61213294995117
357,357,12,draft|draft_verify,255.20873069763184,135.15615463256836,0.0,440.0,55.0,218.438,218.438,390.4249293302002,255.20873069763184
357,357,13,draft|draft_verify,158.63943099975586,146.62957191467285,0.0,495.0,30.0,121.596,135.21619863256836,305.3290269144287,158.63943099975586
357,357,14,draft|draft_verify,98.44827651977539,128.5378932952881,0.0,525.0,17.0,69.2764,146.68959591467285,227.04618341506347,146.68959591467285
357,357,15,draft|draft_verify,69.29588317871094,134.89270210266113,0.0,542.0,13.0,53.1068,128.59790689528808,204.24859568137208,128.59790689528808
357,357,16,draft|draft_verify,238.5690212249756,140.1970386505127,0.0,555.0,49.0,207.3884,207.3884,378.8260990754883,238.5690212249756
357,357,17,draft|draft_verify,87.14461326599121,134.13500785827637,0.0,604.0,18.0,76.6704,140.2570778505127,221.33963552426758,140.2570778505127
357,357,18,draft|draft_verify,64.40043449401855,131.38294219970703,0.0,622.0,13.0,55.4108,134.19502225827637,195.8433870937256,134.19502225827637
357,357,19,draft|draft_verify,214.5366668701172,156.49652481079102,0.0,635.0,40.0,176.108,176.108,371.0932236809082,214.5366668701172
357,357,20,draft|draft_verify,151.05175971984863,154.77991104125977,0.0,675.0,30.0,134.124,156.55655681079102,305.8916947611084,156.55655681079102
357,357,21,draft|draft_verify|target|target_rescue_verify,302.837610244751,331.5093517303467,473.8495349884033,705.0,57.0,262.1724,473.8495349884033,1108.256542563501,473.8495349884033
357,357,22,draft|draft_verify,41.702985763549805,167.022705078125,0.0,756.0,7.0,31.0268,332.83738654329835,208.78569644167482,332.83738654329835
358,358,1,draft|draft_verify|target|target_rescue_verify,335.3159427642822,64.19587135314941,349.4687080383301,86.0,74.0,233.9296,367.47393764085695,749.0405813557618,367.47393764085695
358,358,2,draft|draft_verify,453.6774158477783,64.86749649047852,0.0,137.0,102.0,338.3112,338.3112,518.6049939382568,453.6774158477783
358,358,3,draft|draft_verify,168.17688941955566,62.51692771911621,0.0,239.0,36.0,124.908,124.908,230.75384593867187,168.17688941955566
358,358,4,draft|draft_verify,183.81023406982422,88.02127838134766,0.0,275.0,38.0,135.1672,135.1672,271.89154285117183,183.81023406982422
358,358,6,draft|draft_verify,56.72407150268555,109.53307151794434,0.0,366.0,11.0,40.486,88.08130878134766,166.31715182062987,88.08130878134766
358,358,8,draft|draft_verify,298.67053031921387,126.99294090270996,0.0,423.0,46.0,180.188,180.188,425.7235080219238,298.67053031921387
358,358,9,draft|draft_verify,216.52960777282715,128.1726360321045,0.0,469.0,46.0,185.156,185.156,344.7622806049317,216.52960777282715
358,358,10,draft|draft_verify,256.73627853393555,128.6451816558838,0.0,515.0,46.0,190.124,190.124,385.4414969898193,256.73627853393555
358,358,11,draft|draft_verify,224.55620765686035,132.4782371520996,0.0,561.0,46.0,195.09199999999998,195.09199999999998,357.09448160896,224.55620765686035
358,358,12,draft|draft_verify|target|backtracking_verify,211.83180809020996,266.0825252532959,342.72098541259766,607.0,46.0,200.06,342.72098541259766,820.6953555561036,344.93310751685794
358,358,13,draft|draft_verify|target|target_rescue_verify,238.2955551147461,311.8607997894287,352.75983810424805,653.0,48.0,214.12559999999996,370.1160382947143,902.9762314084228,394.28599340946045
358,358,14,draft|draft_verify,162.40525245666504,161.0705852508545,0.0,701.0,33.0,149.814,317.0610115455688,323.5358641075195,323.5358641075195
359,359,1,draft|draft_verify,206.1288356781006,77.08024978637695,0.0,283.0,43.0,154.1036,206.1288356781006,283.26911986447755,206.1288356781006
359,359,2,draft|draft_verify|target|backtracking_verify,998.3692169189453,274.1127014160156,960.5751037597656,326.0,213.0,831.366,968.4825211080079,2233.1171924947266,1135.4857380269532
359,359,3,draft|draft_verify|target|target_rescue_verify,1683.0427646636963,426.19943618774414,940.3445720672607,1018.0,365.0,2096.3068,2309.466810093872,3049.6470649187013,1896.2027747575685
359,359,4,draft|draft_verify|target|target_rescue_verify,1722.3515510559082,552.208662033081,1112.7753257751465,1396.0,371.0,2469.142,2745.30662781654,3387.395835664136,1998.5161788724488
359,359,5,draft|draft_verify,186.24234199523926,156.09073638916016,0.0,742.0,41.0,190.87,276.1043310165405,342.3931111843994,276.1043310165405
359,359,6,draft|draft_verify,1015.6519412994385,194.6091651916504,0.0,783.0,221.0,1106.038,1106.038,1210.321283291089,1015.6519412994385
359,359,7,draft|draft_verify,345.91102600097656,228.54304313659668,0.0,1004.0,68.0,362.0704,362.0704,574.5141235375733,345.91102600097656
359,359,8,draft|draft_verify,1169.2836284637451,266.69955253601074,0.0,1072.0,219.0,1246.6907999999999,1246.6907999999999,1436.0433561997559,1169.2836284637451
359,359,9,draft|draft_verify,1217.7889347076416,315.8087730407715,0.0,1291.0,203.0,1257.694,1257.694,1533.6578701484132,1217.7889347076416
359,359,10,draft|draft_verify,1003.2956600189209,352.5726795196533,0.0,1494.0,207.0,1383.894,1383.894,1355.928505138574,1003.2956600189209
359,359,11,draft|draft_verify,964.4453525543213,395.97344398498535,0.0,1701.0,207.0,1486.2348,1486.2348,1360.4789621393065,964.4453525543213
359,359,12,draft|draft_verify,923.0773448944092,433.9461326599121,0.0,1908.0,207.0,1588.5756,2022.5818982599121,1357.0836431543212,1357.0836431543212
360,360,1,draft|draft_verify,255.71942329406738,33.00833702087402,0.0,111.0,57.0,182.3388,255.71942329406738,288.7878059149414,255.71942329406738
360,360,2,draft|draft_verify,308.1018924713135,52.892446517944336,0.0,168.0,68.0,227.64159999999998,227.64159999999998,361.0543933892578,308.1018924713135
360,360,3,draft|draft_verify,116.1646842956543,61.50412559509277,0.0,236.0,27.0,93.0588,93.0588,177.72883149074707,116.1646842956543
360,360,4,draft|draft_verify,137.6655101776123,60.837745666503906,0.0,263.0,30.0,105.4488,105.4488,198.5632798441162,137.6655101776123
360,360,5,draft|draft_verify,221.43030166625977,78.49407196044922,0.0,293.0,46.0,166.148,166.148,299.984410426709,221.43030166625977
360,360,6,draft|draft_verify,293.7743663787842,103.83296012878418,0.0,339.0,63.0,235.9404,339.83341052878416,397.6673769075684,397.6673769075684
361,361,1,draft|draft_verify,202.16083526611328,30.007123947143555,0.0,104.0,45.0,142.5084,202.16083526611328,232.22799521325683,202.16083526611328
361,361,2,draft|draft_verify,348.7575054168701,51.25141143798828,0.0,149.0,79.0,262.0172,262.0172,400.0689800548584,348.7575054168701
361,361,3,draft|draft_verify,95.21746635437012,63.93241882324219,0.0,228.0,18.0,61.3296,61.3296,159.2098995776123,95.21746635437012
361,361,4,draft|draft_verify,74.68986511230469,65.66405296325684,0.0,246.0,15.0,51.567600000000006,63.99243322324219,140.41393007556152,74.68986511230469
361,361,5,draft|draft_verify,147.28665351867676,68.61472129821777,0.0,261.0,29.0,101.7436,101.7436,215.96139801689452,147.28665351867676
361,361,6,draft|draft_verify,119.93885040283203,79.6966552734375,0.0,290.0,24.0,85.5504,165.3070744734375,199.69552487626953,199.69552487626953
362,362,1,draft|draft_verify|target|backtracking_verify,118.20793151855469,105.17001152038574,285.9046459197998,164.0,19.0,62.0252,285.9046459197998,509.34260415874024,285.9046459197998
362,362,2,draft|draft_verify|target|target_rescue_verify|backtracking_verify,562.6373291015625,251.9845962524414,580.6753635406494,385.0,102.0,398.4264,877.8126105596557,1395.3573704946534,1042.0235396612184
362,362,3,draft|draft_verify|target|target_rescue_verify,421.35071754455566,408.9345932006836,605.2207946777344,707.0,79.0,366.47479999999996,1110.7942206523926,1435.5661686229737,1165.6701381969483
362,362,4,draft|draft_verify|target|target_rescue_verify,409.3294143676758,364.1533851623535,558.4123134613037,788.0,87.0,421.3116,991.9005344605347,1331.9551825913331,979.9183488282105
362,362,5,draft|draft_verify|target|target_rescue_verify,322.1020698547363,273.6239433288574,306.9651126861572,591.0,65.0,282.31960000000004,419.1916236644288,902.751177869751,458.9740935191651
362,362,6,draft|draft_verify,105.23509979248047,84.02633666992188,0.0,326.0,22.0,80.1248,136.8119716644287,189.32145406240232,136.8119716644287
362,362,7,draft|draft_verify,57.169437408447266,81.64739608764648,0.0,348.0,12.0,43.785599999999995,84.08635426992187,138.87684309609375,84.08635426992187
362,362,8,draft|draft_verify|target|target_rescue_verify,169.99173164367676,194.28634643554688,140.4557228088379,360.0,36.0,135.072,232.27520201777344,504.7938296880615,267.1949336614502
362,362,9,draft|draft_verify,96.41242027282715,103.51800918579102,0.0,376.0,20.0,75.0016,97.14317321777344,199.99044545861818,97.14317321777344
362,362,10,draft|draft_verify,99.10225868225098,93.61577033996582,0.0,396.0,19.0,72.0476,197.25381072575684,192.7780442222168,197.25381072575684
363,363,1,draft|draft_verify|target|target_rescue_verify,358.506441116333,80.13606071472168,159.77787971496582,126.0,79.0,257.71160000000003,398.63453467369385,598.4804447460206,398.63453467369385
363,363,2,draft|draft_verify|target|backtracking_verify,144.59633827209473,84.66529846191406,281.6178798675537,142.0,32.0,103.5952,281.6178798675537,510.9395422015625,281.6178798675537
363,363,3,draft|draft_verify|target|backtracking_verify,335.24179458618164,168.26963424682617,277.10986137390137,357.0,74.0,281.4088,365.6036763234131,780.6813494069092,419.43667090959474
363,363,5,draft|draft_verify|target|target_rescue_verify,316.2806034088135,177.50215530395508,531.9380760192871,279.0,67.0,241.79000000000002,531.9380760192871,1025.7808883320556,531.9380760192871
363,363,6,draft|draft_verify,233.2763671875,101.53412818908691,0.0,346.0,44.0,164.2576,164.2576,334.87053057658693,233.2763671875
363,363,7,draft|draft_verify,97.25260734558105,95.44205665588379,0.0,390.0,19.0,71.7884,197.0962352449707,192.75467920146485,197.0962352449707
364,364,1,draft|draft_verify,113.31963539123535,32.724857330322266,0.0,128.0,24.0,76.60799999999999,113.31963539123535,146.10451192155762,113.31963539123535
364,364,2,draft|draft_verify,355.0610542297363,52.915096282958984,0.0,152.0,79.0,262.5788,262.5788,408.0362137126953,355.0610542297363
364,364,3,draft|draft_verify,178.3146858215332,60.52827835083008,0.0,231.0,37.0,127.7468,127.7468,238.9029937723633,178.3146858215332
364,364,4,draft|draft_verify,441.1125183105469,78.05252075195312,0.0,268.0,98.0,355.0576,355.0576,519.2251174625001,441.1125183105469
364,364,5,draft|draft_verify,154.08825874328613,96.09866142272949,0.0,366.0,25.0,93.55160000000001,189.7102814227295,250.24694016601563,250.24694016601563
365,365,1,draft|draft_verify,157.99832344055176,34.999847412109375,0.0,106.0,35.0,110.5276,157.99832344055176,193.05819885266112,157.99832344055176
365,365,2,draft|draft_verify,270.0369358062744,51.24974250793457,0.0,141.0,61.0,199.766,199.766,321.346727114209,270.0369358062744
365,365,3,draft|draft_verify,277.37951278686523,61.003923416137695,0.0,202.0,62.0,212.0512,212.0512,338.44348580300294,277.37951278686523
365,365,4,draft|draft_verify,321.57301902770996,79.08058166503906,0.0,264.0,70.0,250.4144,250.4144,400.713656692749,321.57301902770996
365,365,5,draft|draft_verify,186.05566024780273,93.05500984191895,0.0,334.0,38.0,140.4064,233.52144024191892,279.17070048972164,279.1707004897217
366,366,1,draft|draft_verify,176.8665313720703,29.34861183166504,0.0,100.0,38.0,119.6272,176.8665313720703,206.27517360373534,176.8665313720703
366,366,2,draft|draft_verify|target|target_rescue_verify,455.49702644348145,127.7017593383789,876.8022060394287,138.0,94.0,311.072,876.8022060394287,1460.061067021289,876.8022060394287
366,366,3,draft|draft_verify,456.41136169433594,103.81889343261719,0.0,278.0,98.0,357.38559999999995,357.38559999999995,560.2903335269532,456.41136169433594
366,366,4,draft|draft_verify,93.44649314880371,93.99247169494629,0.0,376.0,18.0,67.368,197.93145792756349,187.49897924375,197.93145792756349
367,367,1,draft|draft_verify|target|target_rescue_verify,333.6665630340576,156.86583518981934,263.03648948669434,275.0,68.0,244.8472,412.1595350289673,753.6289421105713,412.1595350289673
367,367,2,draft|draft_verify|target|backtracking_verify,776.0879993438721,208.39190483093262,384.58871841430664,312.0,162.0,616.7952,721.0512820154663,1369.1287521891113,880.3440813593384
367,367,3,draft|draft_verify|target|target_rescue_verify,1108.6604595184326,548.0754375457764,1899.113655090332,843.0,220.0,1132.2968,2492.9703817044983,3555.909728154541,2469.334041222931
367,367,4,draft|draft_verify|target|backtracking_verify|target_rescue_verify,941.1356449127197,587.4793529510498,1431.6904544830322,1154.0,203.0,1191.2764,2347.7913043548033,2960.365614746802,2097.6505492675233
367,367,5,draft|draft_verify|target|target_rescue_verify,1196.218490600586,777.9457569122314,894.2384719848633,1988.0,260.0,2062.7488,3132.2848495222165,2868.4629274976805,2265.7545401228026
367,367,6,draft|draft_verify,314.7461414337158,178.61080169677734,0.0,839.0,68.0,335.5384,335.5384,493.4169975304932,314.7461414337158
367,367,7,draft|draft_verify|target|backtracking_verify,426.37109756469727,411.15641593933105,359.6022129058838,907.0,88.0,451.12879999999996,656.7670783696655,1197.189796809912,632.0093759343628
367,367,8,draft|draft_verify|target|target_rescue_verify,390.4573917388916,615.6492233276367,311.74755096435547,1956.0,82.0,623.5568,1239.2660889276367,1317.9142316308837,1006.1666806665282
368,368,1,draft|draft_verify,127.09331512451172,48.68435859680176,0.0,161.0,28.0,91.7,127.09331512451172,175.83769612131346,127.09331512451172
368,368,2,draft|draft_verify,77.63791084289551,51.444053649902344,0.0,189.0,16.0,53.012,53.012,129.14197729279783,77.63791084289551
368,368,3,draft|draft_verify,167.54412651062012,63.91620635986328,0.0,205.0,37.0,125.5004,125.5004,231.5203624704834,167.54412651062012
368,368,4,draft|draft_verify,181.3662052154541,61.77330017089844,0.0,242.0,37.0,128.6972,128.6972,243.19953498635255,181.3662052154541
368,368,5,draft|draft_verify,116.09053611755371,83.2517147064209,0.0,279.0,25.0,88.5404,88.5404,199.40227082397462,116.09053611755371
368,368,6,draft|draft_verify,180.0999641418457,83.59265327453613,0.0,304.0,31.0,111.97399999999999,111.97399999999999,263.75264221638184,180.0999641418457
368,368,7,draft|draft_verify,131.67381286621094,79.35237884521484,0.0,335.0,26.0,95.5,95.5,211.08621251142577,131.67381286621094
368,368,8,draft|draft_verify,88.15479278564453,101.30071640014648,0.0,361.0,18.0,66.756,79.41239964521485,189.51552358579102,88.15479278564453
368,368,9,draft|draft_verify,96.65226936340332,100.49104690551758,0.0,379.0,18.0,67.49040000000001,201.91179210566406,197.2033306689209,201.91179210566406
369,369,1,draft|draft_verify,128.2353401184082,34.53350067138672,0.0,97.0,29.0,90.7228,128.2353401184082,162.8288639897949,128.2353401184082
369,369,2,draft|draft_verify,248.26931953430176,51.697731018066406,0.0,126.0,56.0,181.048,181.048,300.0270953523682,248.26931953430176
369,369,3,draft|draft_verify,95.25775909423828,52.100419998168945,0.0,182.0,21.0,69.51,69.51,147.41819589240723,95.25775909423828
369,369,4,draft|draft_verify,119.7957992553711,55.73391914367676,0.0,203.0,23.0,77.3356,77.3356,175.58973679904784,119.7957992553711
369,369,5,draft|draft_verify,82.12709426879883,60.6083869934082,0.0,226.0,16.0,54.344,55.793937543676755,142.795494062207,82.12709426879883
369,369,6,draft|draft_verify,124.75848197937012,60.44483184814453,0.0,242.0,25.0,86.4092,86.4092,185.26333382751466,124.75848197937012
369,369,7,draft|draft_verify,81.15673065185547,62.531471252441406,0.0,267.0,16.0,55.82,60.50485184814453,143.74821470429686,81.15673065185547
369,369,8,draft|draft_verify|target|target_rescue_verify,283.90026092529297,164.05844688415527,262.94541358947754,283.0,60.0,216.5208,298.61007144207764,710.9641693989258,365.9895323673706
369,369,9,draft|draft_verify,94.69461441040039,77.71086692810059,0.0,317.0,19.0,68.6348,82.02922344207764,172.465496538501,94.69461441040039
369,369,10,draft|draft_verify,175.19354820251465,94.79546546936035,0.0,336.0,37.0,136.8188,136.8188,270.049043271875,175.19354820251465
369,369,11,draft|draft_verify|target|target_rescue_verify,232.56802558898926,258.06570053100586,340.46101570129395,373.0,49.0,186.422,340.46101570129395,831.1547810212891,361.6609150544922
369,369,12,draft|draft_verify,138.84639739990234,126.47390365600586,0.0,423.0,29.0,112.63,255.56677712150878,265.3803242559082,265.3803242559082
370,370,1,draft|draft_verify|target|backtracking_verify,151.2589454650879,53.02834510803223,244.49849128723145,71.0,33.0,101.43,244.49849128723145,448.84580826035153,244.49849128723145
370,370,2,draft|draft_verify|target|target_rescue_verify,512.9246711730957,100.79002380371094,379.69183921813965,210.0,113.0,395.9452,446.40030230185545,993.4666245949463,563.3797734749512
370,370,3,draft|draft_verify|target|backtracking_verify,376.2331008911133,117.64216423034668,504.5175552368164,147.0,83.0,275.3068,504.5175552368164,998.4528867582763,504.5175552368164
370,370,4,draft|draft_verify|target|target_rescue_verify,370.3949451446533,176.3019561767578,873.4936714172363,230.0,80.0,280.79200000000003,873.4936714172363,1420.2506367386475,873.4936714172363
370,370,6,draft|draft_verify,121.08373641967773,126.07288360595703,0.0,435.0,25.0,97.526,223.65890360595702,247.21664002563477,247.21664002563477
371,371,1,draft|draft_verify,394.21844482421875,14907.488107681274,0.0,113.0,87.0,281.9916,394.21844482421875,15301.766622105493,394.21844482421875
371,371,2,draft|draft_verify,289.19386863708496,71.02084159851074,0.0,200.0,46.0,156.104,14907.548177281275,360.2747470355957,14907.548177281275
371,371,3,draft|draft_verify|target|target_rescue_verify,440.97328186035156,188.16637992858887,1069.305658340454,246.0,92.0,327.81280000000004,1069.305658340454,1698.5053937293947,1069.305658340454
371,371,4,draft|draft_verify,327.0144462585449,127.06470489501953,0.0,425.0,77.0,305.5324,305.5324,454.13921275356444,327.0144462585449
371,371,5,draft|draft_verify,253.51572036743164,137.29619979858398,0.0,502.0,54.0,222.2688,222.2688,390.8719633660156,253.51572036743164
371,371,6,draft|draft_verify,149.6880054473877,129.06646728515625,0.0,556.0,30.0,125.8416,266.4827342837402,278.81449673254394,278.81449673254394
372,372,1,draft|draft_verify,276.5235900878906,64.11170959472656,0.0,193.0,66.0,224.67600000000002,276.5235900878906,340.6953524826172,276.5235900878906
372,372,2,draft|draft_verify,130.7849884033203,61.045169830322266,0.0,259.0,31.0,108.734,108.734,191.8901830336426,130.7849884033203
372,372,3,draft|draft_verify,317.4550533294678,78.79972457885742,0.0,290.0,70.0,254.72,254.72,396.31483390832517,317.4550533294678
372,372,4,draft|draft_verify,740.8289909362793,143.99361610412598,0.0,360.0,162.0,635.3424,635.3424,884.8827366404053,740.8289909362793
372,372,5,draft|draft_verify,738.1863594055176,134.28211212158203,0.0,522.0,160.0,688.9232,688.9232,872.5285995270996,738.1863594055176
372,372,6,draft|draft_verify|target|target_rescue_verify,507.8768730163574,313.5197162628174,812.6404285430908,682.0,126.0,585.12,812.6404285430908,1634.0971186222655,812.6404285430908
372,372,7,draft|draft_verify,147.28641510009766,176.85222625732422,0.0,810.0,29.0,138.6364,333.6721075887329,324.19866455742186,333.6721075887329
373,373,1,draft|draft_verify,254.96411323547363,51.702022552490234,0.0,132.0,57.0,185.1612,254.96411323547363,306.72618138796383,254.96411323547363
373,373,2,draft|draft_verify|target|target_rescue_verify,385.62655448913574,142.73452758789062,376.1565685272217,189.0,77.0,262.486,376.1565685272217,904.577712204248,457.05387988308104
373,373,3,draft|draft_verify,213.21511268615723,61.565399169921875,0.0,243.0,51.0,178.59,178.59,274.8405526560791,213.21511268615723
373,373,4,draft|draft_verify,240.96155166625977,86.5635871887207,0.0,294.0,58.0,210.6464,210.6464,327.5851852549805,240.96155166625977
373,373,5,draft|draft_verify,233.51645469665527,99.68447685241699,0.0,352.0,54.0,203.18880000000001,203.18880000000001,333.26097474907226,233.51645469665527
373,373,6,draft|draft_verify,57.518959045410156,107.73158073425293,0.0,406.0,14.0,53.0656,99.74452005241699,165.31055097966308,99.74452005241699
373,373,7,draft|draft_verify,37.91189193725586,126.71208381652832,0.0,420.0,7.0,26.1884,234.56368135078125,164.6839813537842,234.56368135078125
374,374,1,draft|draft_verify,73.79770278930664,31.176328659057617,0.0,157.0,16.0,51.86,73.79770278930664,105.03404424836425,73.79770278930664
374,374,2,draft|draft_verify,293.7166690826416,58.75825881958008,0.0,173.0,68.0,228.4456,228.4456,352.5349823022217,293.7166690826416
374,374,3,draft|draft_verify|target|target_rescue_verify,554.3479919433594,222.853422164917,1701.3750076293945,241.0,126.0,452.82,1701.3750076293945,2478.6365225376708,1701.3750076293945
374,374,4,draft|draft_verify,274.1360664367676,128.89480590820312,0.0,514.0,65.0,270.4924,270.4924,403.0909243449707,274.1360664367676
374,374,5,draft|draft_verify,102.28562355041504,128.85141372680664,0.0,579.0,20.0,84.2584,257.86628763500977,231.1970532772217,257.86628763500977
375,375,1,draft|draft_verify,245.1467514038086,78.1562328338623,0.0,273.0,54.0,193.14000000000001,245.1467514038086,323.3630274376709,245.1467514038086
375,375,2,draft|draft_verify,122.93577194213867,78.74727249145508,0.0,327.0,29.0,106.1788,106.1788,201.74306763359374,122.93577194213867
375,375,3,draft|draft_verify,53.26986312866211,78.15980911254883,0.0,356.0,11.0,40.245999999999995,78.80729569145508,131.48968104121093,78.80729569145508
375,375,4,draft|draft_verify,401.8588066101074,126.40666961669922,0.0,367.0,92.0,354.2392,354.2392,528.3255498268067,401.8588066101074
375,375,5,draft|draft_verify,72.3121166229248,126.35588645935059,0.0,459.0,16.0,62.732,126.46674321669921,198.72801588227537,126.46674321669921
375,375,6,draft|draft_verify,761.6655826568604,131.55174255371094,0.0,475.0,168.0,706.2072000000001,706.2072000000001,893.2774596105713,761.6655826568604
375,375,7,draft|draft_verify,59.46660041809082,132.11727142333984,0.0,643.0,12.0,51.5736,131.61187695371095,191.64388144143066,131.61187695371095
375,375,8,draft|draft_verify,193.52173805236816,151.76773071289062,0.0,655.0,43.0,191.6012,191.6012,345.3495031652588,193.52173805236816
375,375,9,draft|draft_verify,74.36513900756836,151.67522430419922,0.0,698.0,16.0,71.336,151.82776511289063,226.10037611176756,151.82776511289063
375,375,10,draft|draft_verify,75.1640796661377,152.91833877563477,0.0,714.0,16.0,71.912,151.73523710419923,228.14243124177244,151.73523710419923
375,375,11,draft|draft_verify|target|backtracking_verify,105.43656349182129,308.5801601409912,264.85133171081543,730.0,19.0,86.4764,307.3284468461304,678.9280705436279,307.3284468461304
375,375,12,draft|draft_verify|target|target_rescue_verify,182.05595016479492,309.89956855773926,303.2872676849365,749.0,38.0,177.2584,487.21799895773927,795.3028168074707,492.01554912253414
376,376,1,draft|draft_verify|target|target_rescue_verify,214.6017551422119,103.8658618927002,450.2673149108887,182.0,47.0,157.5772,450.2673149108887,768.7949695458008,450.2673149108887
376,376,2,draft|draft_verify|target|target_rescue_verify,330.491304397583,216.37511253356934,2154.9601554870605,236.0,72.0,252.98880000000003,2154.9601554870605,2701.8866300182126,2154.9601554870605
376,376,3,draft|draft_verify|target|target_rescue_verify,267.7314281463623,271.1200714111328,360.5036735534668,561.0,56.0,238.468,374.0880805055664,899.4152179109619,403.3515086519287
376,376,4,draft|draft_verify|target|backtracking_verify,163.01918029785156,262.3097896575928,300.3387451171875,602.0,34.0,146.60479999999998,300.3387451171875,725.7277422726319,300.3387451171875
376,376,5,draft|draft_verify|target|target_rescue_verify,346.5414047241211,568.6171054840088,884.4091892242432,1272.0,72.0,429.5232,1298.2506813251282,1799.627757032373,1215.2688860492492
376,376,6,draft|draft_verify|target|backtracking_verify,548.7589836120605,612.8895282745361,508.1791877746582,1400.0,116.0,735.328,1449.144832893231,1669.8877924612548,1262.5758165052916
376,376,7,draft|draft_verify|target|target_rescue_verify,540.8720970153809,1234.473466873169,853.6248207092285,2988.0,112.0,1132.3616,2852.804588645944,2629.0304741977784,2261.315085661325
376,376,8,draft|draft_verify|target|target_rescue_verify,810.0876808166504,702.5041580200195,994.0948486328125,1532.0,170.0,1143.7552,2167.740878831421,2506.7468234694825,1834.0733596480713
376,376,9,draft|draft_verify|target|target_rescue_verify,338.08255195617676,380.95569610595703,823.1453895568848,845.0,76.0,377.06,823.1453895568848,1542.2436984190185,823.1453895568848
376,376,10,draft|draft_verify,200.29139518737793,203.36604118347168,0.0,980.0,48.0,251.01119999999997,251.01119999999997,403.7174747708496,200.29139518737793
376,376,11,draft|draft_verify,134.93108749389648,205.0952911376953,0.0,1028.0,27.0,142.4796,408.58139232116696,340.0864002315918,408.58139232116696
377,377,1,draft|draft_verify|target|backtracking_verify,84.23495292663574,62.92581558227539,155.89094161987305,118.0,18.0,56.8416,155.89094161987305,303.1117245287842,155.89094161987305
377,377,2,draft|draft_verify|target|target_rescue_verify,597.0988273620605,225.97241401672363,1036.3268852233887,272.0,136.0,500.47999999999996,1188.182861924237,1859.4582354021727,1284.8016892862975
377,377,3,draft|draft_verify,365.01073837280273,69.24200057983398,0.0,213.0,82.0,284.7176,284.7176,434.3128045526367,365.01073837280273
377,377,4,draft|draft_verify|target|target_rescue_verify,415.0576591491699,20606.86159133911,344.0682888031006,295.0,89.0,327.1324,10630.623266869556,21366.047610491383,10718.548526018725
377,377,5,draft|draft_verify,1021.9123363494873,138.99803161621094,0.0,342.0,223.0,881.6347999999999,10303.430795669556,1160.9705463656983,10303.430795669556
377,377,6,draft|draft_verify,101.79638862609863,128.59368324279785,0.0,565.0,21.0,87.894,267.7119100590088,230.45008866889648,267.7119100590088
378,378,1,draft|draft_verify,296.314001083374,58.47883224487305,0.0,170.0,69.0,231.4044,296.314001083374,354.8528885282471,296.314001083374
378,378,2,draft|draft_verify,126.35278701782227,59.346914291381836,0.0,239.0,29.0,100.26520000000001,100.26520000000001,185.7597245092041,126.35278701782227
378,378,3,draft|draft_verify,214.34307098388672,77.58617401123047,0.0,268.0,48.0,170.6976,170.6976,291.9892833951172,214.34307098388672
378,378,4,draft|draft_verify,206.04300498962402,77.55041122436523,0.0,316.0,46.0,168.632,168.632,283.6534530139893,206.04300498962402
378,378,5,draft|draft_verify,197.33476638793945,93.16110610961914,0.0,362.0,42.0,158.2272,251.44833970961915,290.5559060975586,290.5559060975586
379,379,1,draft|draft_verify,180.90343475341797,60.75000762939453,0.0,213.0,40.0,136.6088,180.90343475341797,241.7134743828125,180.90343475341797
379,379,2,draft|draft_verify,287.2500419616699,78.50289344787598,0.0,253.0,62.0,219.5176,219.5176,365.8129850095459,287.2500419616699
379,379,3,draft|draft_verify,296.2369918823242,92.97800064086914,0.0,315.0,63.0,232.3692,232.3692,389.2750429231934,296.2369918823242
379,379,4,draft|draft_verify|target|target_rescue_verify,307.6624870300293,251.29389762878418,485.16845703125,378.0,67.0,257.4716,485.16845703125,1044.1848952900634,485.16845703125
379,379,5,draft|draft_verify,227.48112678527832,128.279447555542,0.0,451.0,49.0,195.4076,195.4076,355.8206135408203,227.48112678527832
379,379,6,draft|draft_verify,291.52393341064453,129.09483909606934,0.0,500.0,63.0,259.8972,259.8972,420.6788229067139,291.52393341064453
379,379,7,draft|draft_verify,302.8576374053955,132.66468048095703,0.0,563.0,64.0,273.644,273.644,435.5823690863525,302.8576374053955
379,379,8,draft|draft_verify,350.9485721588135,153.1813144683838,0.0,627.0,74.0,328.7128,328.7128,504.1899458271973,350.9485721588135
379,379,9,draft|draft_verify,230.15475273132324,160.8879566192627,0.0,701.0,49.0,224.2076,224.2076,391.10274855058594,230.15475273132324
379,379,10,draft|draft_verify,189.04662132263184,155.80058097839355,0.0,750.0,38.0,177.3472,177.3472,344.90723270102535,189.04662132263184
379,379,11,draft|draft_verify,114.6392822265625,158.1587791442871,0.0,788.0,23.0,108.2236,314.0794089226806,272.8580797708496,314.0794089226806
380,380,1,draft|draft_verify,114.89224433898926,31.17537498474121,0.0,129.0,25.0,79.9004,114.89224433898926,146.12763932373048,114.89224433898926
380,380,2,draft|draft_verify,369.71521377563477,59.21220779418945,0.0,154.0,84.0,280.1232,280.1232,428.9874887698242,369.71521377563477
380,380,3,draft|draft_verify|target|target_rescue_verify,925.9350299835205,222.0017910003662,741.5940761566162,238.0,204.0,751.128,862.1890587001832,1889.591060340503,1036.9960886837036
380,380,4,draft|draft_verify|target|target_rescue_verify,364.7606372833252,220.51095962524414,366.72425270080566,360.0,79.0,301.5164,411.83194301262205,952.0559128093751,475.07618029594727
380,380,5,draft|draft_verify,346.83918952941895,128.1142234802246,0.0,417.0,75.0,295.9692,295.9692,475.0134730096436,346.83918952941895
380,380,6,draft|draft_verify,151.23558044433594,127.94661521911621,0.0,492.0,30.0,121.3872,256.18092269934084,279.24221966345215,279.24221966345215
381,381,1,draft|draft_verify,133.84079933166504,32.72533416748047,0.0,82.0,30.0,92.8512,133.84079933166504,166.6261574991455,133.84079933166504
381,381,2,draft|draft_verify,130.47075271606445,29.145240783691406,0.0,112.0,28.0,88.5248,88.5248,159.67601589975587,130.47075271606445
381,381,3,draft|draft_verify,170.06969451904297,35.331010818481445,0.0,140.0,38.0,123.17920000000001,123.17920000000001,205.4607357375244,170.06969451904297
381,381,4,draft|draft_verify,443.7108039855957,60.874223709106445,0.0,178.0,97.0,330.5756,330.5756,504.64510529470215,443.7108039855957
381,381,5,draft|draft_verify,296.7495918273926,79.40030097961426,0.0,275.0,63.0,226.4172,226.4172,376.20994320700686,296.7495918273926
381,381,6,draft|draft_verify,236.69004440307617,103.59454154968262,0.0,338.0,51.0,189.99,189.99,340.3446267527588,236.69004440307617
381,381,7,draft|draft_verify,445.66893577575684,126.5115737915039,0.0,389.0,99.0,387.2652,387.2652,572.2405887672608,445.66893577575684
381,381,8,draft|draft_verify,140.20085334777832,127.8986930847168,0.0,488.0,32.0,129.3376,257.2963186847168,268.15957203249513,268.15957203249513
382,382,1,draft|draft_verify|target|backtracking_verify,360.29982566833496,118.76726150512695,256.9925785064697,202.0,80.0,275.4832,419.74352042089845,736.1197296799317,419.74352042089845
382,382,2,draft|draft_verify|target|target_rescue_verify,191.209077835083,204.16784286499023,428.8153648376465,523.0,43.0,178.2956,428.8153648376465,824.2523199377197,428.8153648376465
382,382,3,draft|draft_verify|target|target_rescue_verify,120.6049919128418,135.76006889343262,239.31503295898438,260.0,29.0,101.6764,239.31503295898438,495.7401169652588,239.31503295898438
382,382,4,draft|draft_verify,138.22507858276367,86.76576614379883,0.0,296.0,29.0,104.0956,104.0956,225.0508679265625,138.22507858276367
382,382,5,draft|draft_verify,108.07251930236816,83.88471603393555,0.0,325.0,23.0,83.77720000000001,86.82578934379883,192.0172537363037,108.07251930236816
382,382,6,draft|draft_verify,141.77680015563965,100.47602653503418,0.0,348.0,30.0,111.3648,111.3648,242.31285069067383,141.77680015563965
382,382,7,draft|draft_verify,45.89080810546875,100.20756721496582,0.0,378.0,9.0,33.174,100.53605053503418,146.15838252043457,100.53605053503418
382,382,8,draft|draft_verify,345.6757068634033,125.98371505737305,0.0,387.0,73.0,282.6908,282.6908,471.71948032077637,345.6757068634033
382,382,9,draft|draft_verify,334.5978260040283,143.76425743103027,0.0,460.0,72.0,291.15840000000003,291.15840000000003,478.4221410350586,334.5978260040283
382,382,10,draft|draft_verify|target|target_rescue_verify,339.8127555847168,258.45813751220703,473.33288192749023,532.0,73.0,307.7468,473.33288192749023,1071.663833424414,473.33288192749023
382,382,11,draft|draft_verify,336.6122245788574,151.46589279174805,0.0,604.0,72.0,315.696,315.696,488.13817497060546,336.6122245788574
382,382,12,draft|draft_verify,330.9612274169922,154.22463417053223,0.0,676.0,72.0,327.9648,327.9648,485.2459191875244,330.9612274169922
382,382,13,draft|draft_verify,346.0423946380615,174.50809478759766,0.0,748.0,72.0,340.2336,340.2336,520.6105470256591,346.0423946380615
382,382,14,draft|draft_verify,163.52510452270508,174.43108558654785,0.0,820.0,34.0,163.8704,174.56815238759765,338.01621730925297,174.56815238759765
382,382,15,draft|draft_verify,60.09626388549805,175.74048042297363,0.0,854.0,12.0,57.14399999999999,350.29160280952146,235.89675390847168,350.29160280952146
383,383,1,draft|draft_verify,167.96422004699707,59.615373611450195,0.0,228.0,36.0,123.98400000000001,167.96422004699707,227.63962245844726,167.96422004699707
383,383,2,draft|draft_verify,81.56585693359375,59.16929244995117,0.0,264.0,17.0,59.254,59.67540241145019,140.7951629835449,81.56585693359375
383,383,3,draft|draft_verify,86.14015579223633,60.08768081665039,0.0,281.0,18.0,63.492000000000004,63.492000000000004,146.28785100888672,86.14015579223633
383,383,4,draft|draft_verify,71.7616081237793,75.81686973571777,0.0,299.0,15.0,53.348400000000005,60.14769521665039,147.63848985949707,71.7616081237793
383,383,5,draft|draft_verify,71.77901268005371,76.03096961975098,0.0,314.0,15.0,53.8524,75.87688173571777,147.8699942998047,75.87688173571777
383,383,6,draft|draft_verify,52.628517150878906,76.70831680297852,0.0,329.0,11.0,39.598,76.09098161975098,129.3968427538574,76.09098161975098
383,383,7,draft|draft_verify,43.49231719970703,77.25334167480469,0.0,340.0,9.0,32.4444,76.76832560297852,120.80566607451172,76.76832560297852
383,383,8,draft|draft_verify,95.48377990722656,93.28532218933105,0.0,349.0,20.0,73.7704,77.31334887480469,188.82911809655764,95.48377990722656
383,383,9,draft|draft_verify,117.4461841583252,92.9710865020752,0.0,369.0,18.0,67.0824,93.34533818933106,210.4772850604004,117.4461841583252
383,383,10,draft|draft_verify,92.19002723693848,92.73123741149902,0.0,387.0,14.0,52.4728,93.0311009020752,184.98127584843752,93.0311009020752
383,383,11,draft|draft_verify,118.32547187805176,124.90057945251465,0.0,401.0,18.0,68.388,92.79124861149903,243.2860657305664,118.32547187805176
383,383,13,draft|draft_verify,76.8885612487793,132.84993171691895,0.0,431.0,9.0,34.1916,124.96059385251465,209.79850016569824,124.96059385251465
383,383,14,draft|draft_verify,72.84712791442871,125.24032592773438,0.0,440.0,15.0,58.086000000000006,132.90993891691895,198.1474658421631,132.90993891691895
383,383,15,draft|draft_verify,73.12440872192383,124.69696998596191,0.0,455.0,15.0,58.59,125.30033792773438,197.88139070788574,125.30033792773438
383,383,16,draft|draft_verify,54.476261138916016,124.96709823608398,0.0,470.0,11.0,42.982,124.75698198596191,179.503368175,124.75698198596191
383,383,17,draft|draft_verify,46.59914970397949,126.42812728881836,0.0,481.0,9.0,35.1516,125.02710703608399,173.08728419279785,125.02710703608399
383,383,18,draft|draft_verify,106.39786720275879,145.75791358947754,0.0,490.0,22.0,88.3904,126.48813448881836,252.2157983922363,126.48813448881836
383,383,19,draft|draft_verify,63.86566162109375,138.25631141662598,0.0,512.0,12.0,48.115199999999994,145.81793118947755,202.18198263771973,145.81793118947755
383,383,20,draft|draft_verify,105.06772994995117,130.01203536987305,0.0,524.0,21.0,85.926,138.31632101662598,235.13978211982422,138.31632101662598
383,383,21,draft|draft_verify,43.05076599121094,129.03785705566406,0.0,545.0,8.0,32.1832,130.07205216987305,172.148629446875,130.07205216987305
383,383,22,draft|draft_verify,51.1624813079834,129.17041778564453,0.0,553.0,10.0,40.7528,129.09786345566405,180.39290709362794,129.09786345566405
383,383,23,draft|draft_verify,34.351348876953125,128.16262245178223,0.0,563.0,7.0,28.2476,129.23042578564454,162.57397692873536,129.23042578564454
383,383,24,draft|draft_verify,44.01063919067383,127.8986930847168,0.0,570.0,9.0,36.8604,128.22262805178224,171.96933947539063,128.22262805178224
383,383,25,draft|draft_verify,74.81741905212402,130.55658340454102,0.0,579.0,16.0,67.05199999999999,127.9587002847168,205.43401525666502,127.9587002847168
383,383,26,draft|draft_verify,51.14436149597168,131.08181953430176,0.0,595.0,11.0,45.982,130.61659620454103,182.28618983027343,130.61659620454103
383,383,27,draft|draft_verify,33.82062911987305,131.2549114227295,0.0,606.0,7.0,28.866799999999998,131.14182833430175,165.13554614260255,131.14182833430175
383,383,28,draft|draft_verify,56.31375312805176,131.61230087280273,0.0,613.0,12.0,50.7816,131.3149170227295,187.9860636008545,131.3149170227295
383,383,29,draft|draft_verify,43.59102249145508,132.34782218933105,0.0,625.0,9.0,37.9164,131.67231047280274,175.99885188078613,131.67231047280274
383,383,30,draft|draft_verify,85.26039123535156,158.64229202270508,0.0,634.0,18.0,77.8944,132.40782938933106,243.96269765805664,132.40782938933106
383,383,31,draft|draft_verify,74.5384693145752,152.7080535888672,0.0,652.0,16.0,69.68,158.70230642270508,227.30653570344236,158.70230642270508
383,383,32,draft|draft_verify,34.13701057434082,152.65226364135742,0.0,668.0,7.0,29.7596,152.7680663888672,186.84927981569825,152.7680663888672
383,383,33,draft|draft_verify,47.68824577331543,153.79810333251953,0.0,675.0,9.0,38.876400000000004,306.570379773877,201.54635630583496,306.570379773877
384,384,1,draft|draft_verify,332.54218101501465,55.2515983581543,0.0,160.0,76.0,253.76,332.54218101501465,387.8538401731689,332.54218101501465
384,384,2,draft|draft_verify,44.30413246154785,60.50753593444824,0.0,236.0,9.0,30.4476,55.3116591581543,104.8716755959961,55.3116591581543
384,384,3,draft|draft_verify|target|target_rescue_verify,538.3594036102295,167.04845428466797,638.5622024536133,245.0,116.0,416.548,638.5622024536133,1344.0301531485106,638.5622024536133
384,384,4,draft|draft_verify,356.32944107055664,104.22825813293457,0.0,345.0,75.0,283.182,283.182,460.61775920349123,356.32944107055664
384,384,5,draft|draft_verify,357.8195571899414,142.0283317565918,0.0,420.0,75.0,296.502,296.502,499.9079489465332,357.8195571899414
384,384,6,draft|draft_verify,355.7312488555908,128.57341766357422,0.0,495.0,75.0,309.822,309.822,484.36472651916506,355.7312488555908
384,384,7,draft|draft_verify,365.9365177154541,132.87353515625,0.0,570.0,73.0,314.3132,314.3132,498.8701112717041,365.9365177154541
384,384,8,draft|draft_verify,156.3723087310791,134.57679748535156,0.0,643.0,32.0,140.8696,140.8696,291.0091318164307,156.3723087310791
384,384,9,draft|draft_verify,58.15696716308594,159.1782569885254,0.0,675.0,10.0,43.388000000000005,293.87508807387695,217.39523215161134,293.87508807387695
