dataset,method,run_tag,example_idx,problem_ordinal,step,phase,draft_latency_ms,prm_latency_ms,target_latency_ms,draft_input_tokens,draft_output_tokens,prm_input_tokens,prm_output_rewards,target_input_tokens,target_output_tokens,draft_calls,prm_calls,target_calls
gaokao2023en,bbeam1,step-profile-config1-bbeam1-gaokao2023en-exclusive0817,0,0,1,draft|draft_verify,107.54895210266113,5072.937726974487,0.0,92,27,66,1,0,0,1,1,0
gaokao2023en,bbeam1,step-profile-config1-bbeam1-gaokao2023en-exclusive0817,0,0,2,draft|draft_verify,359.05909538269043,57.33013153076172,0.0,119,91,159,2,0,0,1,1,0
gaokao2023en,bbeam1,step-profile-config1-bbeam1-gaokao2023en-exclusive0817,0,0,3,draft|draft_verify,320.6150531768799,67.52514839172363,0.0,210,83,244,3,0,0,1,1,0
gaokao2023en,bbeam1,step-profile-config1-bbeam1-gaokao2023en-exclusive0817,0,0,4,draft|draft_verify,523.1287479400635,102.76579856872559,0.0,293,137,383,4,0,0,1,1,0
gaokao2023en,bbeam1,step-profile-config1-bbeam1-gaokao2023en-exclusive0817,0,0,5,draft|draft_verify,78.39679718017578,124.96042251586914,0.0,430,19,404,5,0,0,1,1,0
gaokao2023en,bbeam1,step-profile-config1-bbeam1-gaokao2023en-exclusive0817,1,1,1,draft|draft_verify,324.2030143737793,30.53903579711914,0.0,88,88,122,1,0,0,1,1,0
gaokao2023en,bbeam1,step-profile-config1-bbeam1-gaokao2023en-exclusive0817,1,1,2,draft|draft_verify,180.82499504089355,49.72076416015625,0.0,176,49,173,2,0,0,1,1,0
gaokao2023en,bbeam1,step-profile-config1-bbeam1-gaokao2023en-exclusive0817,1,1,3,draft|draft_verify,150.27451515197754,59.4632625579834,0.0,225,39,214,3,0,0,1,1,0
gaokao2023en,bbeam1,step-profile-config1-bbeam1-gaokao2023en-exclusive0817,1,1,4,draft|draft_verify,106.84466361999512,59.29827690124512,0.0,264,25,241,4,0,0,1,1,0
gaokao2023en,bbeam1,step-profile-config1-bbeam1-gaokao2023en-exclusive0817,2,2,1,draft|draft_verify,208.85801315307617,45.763254165649414,0.0,129,56,131,1,0,0,1,1,0
gaokao2023en,bbeam1,step-profile-config1-bbeam1-gaokao2023en-exclusive0817,2,2,2,draft|draft_verify,175.4894256591797,49.83019828796387,0.0,185,47,180,2,0,0,1,1,0
gaokao2023en,bbeam1,step-profile-config1-bbeam1-gaokao2023en-exclusive0817,2,2,3,draft|draft_verify|target|target_rescue_verify,415.01665115356445,163.14959526062012,2003.312587738037,232,107,566,6,232,95,1,2,1
gaokao2023en,bbeam1,step-profile-config1-bbeam1-gaokao2023en-exclusive0817,2,2,4,draft|draft_verify,403.1486511230469,99.49874877929688,0.0,327,98,377,4,0,0,1,1,0
gaokao2023en,bbeam1,step-profile-config1-bbeam1-gaokao2023en-exclusive0817,2,2,5,draft|draft_verify,423.8705635070801,148.41914176940918,0.0,425,109,488,5,0,0,1,1,0
gaokao2023en,bbeam1,step-profile-config1-bbeam1-gaokao2023en-exclusive0817,2,2,6,draft|draft_verify,357.84244537353516,128.46946716308594,0.0,534,84,574,6,0,0,1,1,0
gaokao2023en,bbeam1,step-profile-config1-bbeam1-gaokao2023en-exclusive0817,2,2,7,draft|draft_verify,282.24921226501465,151.46136283874512,0.0,618,74,650,7,0,0,1,1,0
gaokao2023en,bbeam1,step-profile-config1-bbeam1-gaokao2023en-exclusive0817,2,2,8,draft|draft_verify,71.55513763427734,151.29399299621582,0.0,692,15,667,8,0,0,1,1,0
gaokao2023en,bbeam1,step-profile-config1-bbeam1-gaokao2023en-exclusive0817,3,3,1,draft|draft_verify,170.78161239624023,29.921770095825195,0.0,83,46,75,1,0,0,1,1,0
gaokao2023en,bbeam1,step-profile-config1-bbeam1-gaokao2023en-exclusive0817,3,3,2,draft|draft_verify,133.76426696777344,29.38532829284668,0.0,129,36,113,2,0,0,1,1,0
gaokao2023en,bbeam1,step-profile-config1-bbeam1-gaokao2023en-exclusive0817,3,3,3,draft|draft_verify,171.67425155639648,49.55697059631348,0.0,165,47,162,3,0,0,1,1,0
gaokao2023en,bbeam1,step-profile-config1-bbeam1-gaokao2023en-exclusive0817,3,3,4,draft|draft_verify,37.74547576904297,49.64494705200195,0.0,212,10,174,4,0,0,1,1,0
gaokao2023en,bbeam1,step-profile-config1-bbeam1-gaokao2023en-exclusive0817,3,3,5,draft|draft_verify,125.03409385681152,59.02099609375,0.0,222,34,210,5,0,0,1,1,0
gaokao2023en,bbeam1,step-profile-config1-bbeam1-gaokao2023en-exclusive0817,3,3,6,draft|draft_verify,38.977622985839844,59.24510955810547,0.0,256,10,222,6,0,0,1,1,0
gaokao2023en,bbeam1,step-profile-config1-bbeam1-gaokao2023en-exclusive0817,3,3,7,draft|draft_verify,331.2981128692627,76.97272300720215,0.0,266,87,311,7,0,0,1,1,0
gaokao2023en,bbeam1,step-profile-config1-bbeam1-gaokao2023en-exclusive0817,3,3,8,draft|draft_verify,127.5629997253418,91.57609939575195,0.0,353,32,345,8,0,0,1,1,0
gaokao2023en,bbeam1,step-profile-config1-bbeam1-gaokao2023en-exclusive0817,3,3,9,draft|draft_verify,51.831722259521484,92.15927124023438,0.0,385,13,360,9,0,0,1,1,0
gaokao2023en,bbeam1,step-profile-config1-bbeam1-gaokao2023en-exclusive0817,3,3,10,draft|draft_verify,27.880430221557617,92.58055686950684,0.0,398,7,369,10,0,0,1,1,0
gaokao2023en,bbeam1,step-profile-config1-bbeam1-gaokao2023en-exclusive0817,3,3,11,draft|draft_verify,111.45853996276855,124.10688400268555,0.0,405,29,400,11,0,0,1,1,0
gaokao2023en,bbeam1,step-profile-config1-bbeam1-gaokao2023en-exclusive0817,3,3,12,draft|draft_verify,78.17935943603516,124.31812286376953,0.0,434,20,422,12,0,0,1,1,0
gaokao2023en,bbeam1,step-profile-config1-bbeam1-gaokao2023en-exclusive0817,3,3,13,draft|draft_verify,330.7061195373535,135.68520545959473,0.0,454,86,510,13,0,0,1,1,0
gaokao2023en,bbeam1,step-profile-config1-bbeam1-gaokao2023en-exclusive0817,3,3,14,draft|draft_verify,47.19972610473633,126.75714492797852,0.0,540,12,524,14,0,0,1,1,0
gaokao2023en,bbeam1,step-profile-config1-bbeam1-gaokao2023en-exclusive0817,3,3,15,draft|draft_verify,180.46045303344727,127.58326530456543,0.0,552,47,573,15,0,0,1,1,0
gaokao2023en,bbeam1,step-profile-config1-bbeam1-gaokao2023en-exclusive0817,3,3,16,draft|draft_verify,39.94441032409668,129.14347648620605,0.0,599,10,585,16,0,0,1,1,0
gaokao2023en,bbeam1,step-profile-config1-bbeam1-gaokao2023en-exclusive0817,3,3,17,draft|draft_verify,59.34643745422363,130.96284866333008,0.0,609,15,602,17,0,0,1,1,0
gaokao2023en,bbeam1,step-profile-config1-bbeam1-gaokao2023en-exclusive0817,3,3,18,draft|draft_verify,146.24738693237305,150.75421333312988,0.0,624,37,641,18,0,0,1,1,0
gaokao2023en,bbeam1,step-profile-config1-bbeam1-gaokao2023en-exclusive0817,4,4,1,draft|draft_verify,317.3367977142334,50.77362060546875,0.0,115,78,139,1,0,0,1,1,0
gaokao2023en,bbeam1,step-profile-config1-bbeam1-gaokao2023en-exclusive0817,4,4,2,draft|draft_verify,473.4025001525879,77.66604423522949,0.0,193,116,257,2,0,0,1,1,0
gaokao2023en,bbeam1,step-profile-config1-bbeam1-gaokao2023en-exclusive0817,4,4,3,draft|draft_verify,480.6995391845703,92.8492546081543,0.0,309,125,384,3,0,0,1,1,0
gaokao2023en,bbeam1,step-profile-config1-bbeam1-gaokao2023en-exclusive0817,4,4,4,draft|draft_verify|target|target_rescue_verify,51.17058753967285,250.1969337463379,391.3555145263672,434,13,797,8,434,12,1,2,1
gaokao2023en,bbeam1,step-profile-config1-bbeam1-gaokao2023en-exclusive0817,4,4,5,draft|draft_verify,44.94524002075195,125.05340576171875,0.0,446,10,410,5,0,0,1,1,0
gaokao2023en,bbeam1,step-profile-config1-bbeam1-gaokao2023en-exclusive0817,4,4,6,draft|draft_verify,111.81020736694336,125.59199333190918,0.0,456,26,438,6,0,0,1,1,0
gaokao2023en,bbeam1,step-profile-config1-bbeam1-gaokao2023en-exclusive0817,4,4,7,draft|draft_verify,32.12904930114746,125.45108795166016,0.0,482,8,448,7,0,0,1,1,0
gaokao2023en,bbeam1,step-profile-config1-bbeam1-gaokao2023en-exclusive0817,4,4,8,draft|draft_verify,77.33511924743652,126.24549865722656,0.0,490,20,470,8,0,0,1,1,0
gaokao2023en,bbeam1,step-profile-config1-bbeam1-gaokao2023en-exclusive0817,4,4,9,draft|draft_verify,274.8894691467285,127.46214866638184,0.0,510,65,537,9,0,0,1,1,0
gaokao2023en,bbeam1,step-profile-config1-bbeam1-gaokao2023en-exclusive0817,4,4,10,draft|draft_verify,83.00042152404785,127.73346900939941,0.0,575,17,556,10,0,0,1,1,0
gaokao2023en,bbeam1,step-profile-config1-bbeam1-gaokao2023en-exclusive0817,4,4,11,draft|draft_verify,211.82656288146973,130.55920600891113,0.0,592,47,605,11,0,0,1,1,0
gaokao2023en,bbeam1,step-profile-config1-bbeam1-gaokao2023en-exclusive0817,4,4,12,draft|draft_verify,479.59446907043457,155.0600528717041,0.0,639,107,714,12,0,0,1,1,0
gaokao2023en,bbeam1,step-profile-config1-bbeam1-gaokao2023en-exclusive0817,4,4,13,draft|draft_verify,163.1031036376953,154.9968719482422,0.0,746,42,758,13,0,0,1,1,0
gaokao2023en,bbeam1,step-profile-config1-bbeam1-gaokao2023en-exclusive0817,4,4,14,draft|draft_verify,89.6615982055664,174.83282089233398,0.0,788,22,782,14,0,0,1,1,0
gaokao2023en,bbeam1,step-profile-config1-bbeam1-gaokao2023en-exclusive0817,5,5,1,draft|draft_verify,45.78971862792969,20.310640335083008,0.0,97,12,55,1,0,0,1,1,0
gaokao2023en,bbeam1,step-profile-config1-bbeam1-gaokao2023en-exclusive0817,5,5,2,draft|draft_verify,90.17634391784668,28.311967849731445,0.0,109,25,82,2,0,0,1,1,0
gaokao2023en,bbeam1,step-profile-config1-bbeam1-gaokao2023en-exclusive0817,5,5,3,draft|draft_verify,176.65696144104004,45.88484764099121,0.0,134,49,133,3,0,0,1,1,0
gaokao2023en,bbeam1,step-profile-config1-bbeam1-gaokao2023en-exclusive0817,5,5,4,draft|draft_verify,119.65370178222656,49.401044845581055,0.0,183,33,168,4,0,0,1,1,0
gaokao2023en,bbeam1,step-profile-config1-bbeam1-gaokao2023en-exclusive0817,5,5,5,draft|draft_verify,11.636972427368164,50.55546760559082,0.0,216,3,173,5,0,0,1,1,0
gaokao2023en,bbeam1,step-profile-config1-bbeam1-gaokao2023en-exclusive0817,5,5,6,draft|draft_verify,116.65892601013184,59.13591384887695,0.0,219,32,207,6,0,0,1,1,0
gaokao2023en,bbeam1,step-profile-config1-bbeam1-gaokao2023en-exclusive0817,5,5,7,draft|draft_verify,45.6392765045166,59.08083915710449,0.0,251,12,221,7,0,0,1,1,0
gaokao2023en,bbeam1,step-profile-config1-bbeam1-gaokao2023en-exclusive0817,5,5,8,draft|draft_verify,257.098913192749,76.4167308807373,0.0,263,68,291,8,0,0,1,1,0
gaokao2023en,bbeam1,step-profile-config1-bbeam1-gaokao2023en-exclusive0817,5,5,9,draft|draft_verify,46.42939567565918,76.74717903137207,0.0,331,12,305,9,0,0,1,1,0
gaokao2023en,bbeam1,step-profile-config1-bbeam1-gaokao2023en-exclusive0817,5,5,10,draft|draft_verify,196.6714859008789,92.36836433410645,0.0,343,52,359,10,0,0,1,1,0
gaokao2023en,bbeam1,step-profile-config1-bbeam1-gaokao2023en-exclusive0817,5,5,11,draft|draft_verify,23.998737335205078,92.87381172180176,0.0,395,6,367,11,0,0,1,1,0
gaokao2023en,bbeam1,step-profile-config1-bbeam1-gaokao2023en-exclusive0817,5,5,12,draft|draft_verify|target|target_rescue_verify,201.82538032531738,250.44608116149902,786.9656085968018,401,53,824,24,401,33,1,2,1
gaokao2023en,bbeam1,step-profile-config1-bbeam1-gaokao2023en-exclusive0817,5,5,13,draft|draft_verify,78.34362983703613,124.94969367980957,0.0,434,20,424,13,0,0,1,1,0
gaokao2023en,bbeam1,step-profile-config1-bbeam1-gaokao2023en-exclusive0817,5,5,14,draft|draft_verify,114.64953422546387,126.251220703125,0.0,454,30,456,14,0,0,1,1,0
gaokao2023en,bbeam1,step-profile-config1-bbeam1-gaokao2023en-exclusive0817,5,5,15,draft|draft_verify,66.49065017700195,126.80721282958984,0.0,484,17,475,15,0,0,1,1,0
gaokao2023en,bbeam1,step-profile-config1-bbeam1-gaokao2023en-exclusive0817,5,5,16,draft|draft_verify,99.84517097473145,135.21933555603027,0.0,501,26,503,16,0,0,1,1,0
gaokao2023en,bbeam1,step-profile-config1-bbeam1-gaokao2023en-exclusive0817,5,5,17,draft|draft_verify|target|target_rescue_verify,51.09572410583496,252.79736518859863,226.973295211792,527,13,1032,34,527,9,1,2,1
gaokao2023en,bbeam1,step-profile-config1-bbeam1-gaokao2023en-exclusive0817,5,5,18,draft|draft_verify,111.81187629699707,126.83796882629395,0.0,536,29,545,18,0,0,1,1,0
gaokao2023en,bbeam1,step-profile-config1-bbeam1-gaokao2023en-exclusive0817,5,5,19,draft|draft_verify,39.81518745422363,124.88961219787598,0.0,565,10,557,19,0,0,1,1,0
gaokao2023en,bbeam1,step-profile-config1-bbeam1-gaokao2023en-exclusive0817,5,5,20,draft|draft_verify|target|backtracking_verify,100.21042823791504,260.38098335266113,493.96324157714844,575,26,1167,40,575,23,1,2,1
gaokao2023en,bbeam1,step-profile-config1-bbeam1-gaokao2023en-exclusive0817,5,5,21,draft|draft_verify|target|target_rescue_verify,410.57348251342773,436.35082244873047,1687.7858638763428,1199,106,1946,63,601,82,2,3,1
gaokao2023en,bbeam1,step-profile-config1-bbeam1-gaokao2023en-exclusive0817,5,5,22,draft|draft_verify|target|backtracking_verify,402.9548168182373,458.36758613586426,552.8309345245361,1325,105,2103,66,683,26,2,3,1
gaokao2023en,bbeam1,step-profile-config1-bbeam1-gaokao2023en-exclusive0817,5,5,23,draft|draft_verify|target|target_rescue_verify,388.8087272644043,765.1195526123047,1827.0156383514404,2139,101,3696,115,1418,88,3,5,2
gaokao2023en,bbeam1,step-profile-config1-bbeam1-gaokao2023en-exclusive0817,5,5,24,draft|draft_verify,267.26412773132324,172.73211479187012,0.0,728,70,790,24,0,0,1,1,0
gaokao2023en,bbeam1,step-profile-config1-bbeam1-gaokao2023en-exclusive0817,5,5,25,draft|draft_verify,77.50940322875977,172.96552658081055,0.0,798,20,812,25,0,0,1,1,0
gaokao2023en,bbeam1,step-profile-config1-bbeam1-gaokao2023en-exclusive0817,5,5,26,draft|draft_verify,182.8603744506836,175.71353912353516,0.0,818,46,860,26,0,0,1,1,0
gaokao2023en,bbeam1,step-profile-config1-bbeam1-gaokao2023en-exclusive0817,5,5,27,draft|draft_verify,36.86976432800293,175.02975463867188,0.0,864,9,871,27,0,0,1,1,0
gaokao2023en,bbeam1,step-profile-config1-bbeam1-gaokao2023en-exclusive0817,5,5,28,draft|draft_verify,179.01945114135742,198.7476348876953,0.0,873,46,919,28,0,0,1,1,0
gaokao2023en,bbeam1,step-profile-config1-bbeam1-gaokao2023en-exclusive0817,5,5,29,draft|draft_verify,62.94441223144531,199.1441249847412,0.0,919,16,937,29,0,0,1,1,0
gaokao2023en,bbeam1,step-profile-config1-bbeam1-gaokao2023en-exclusive0817,5,5,30,draft|draft_verify,157.76348114013672,201.18355751037598,0.0,935,41,980,30,0,0,1,1,0
gaokao2023en,bbeam1,step-profile-config1-bbeam1-gaokao2023en-exclusive0817,5,5,31,draft|draft_verify,85.35599708557129,201.83134078979492,0.0,976,22,1004,31,0,0,1,1,0
gaokao2023en,bbeam1,step-profile-config1-bbeam1-gaokao2023en-exclusive0817,5,5,32,draft|draft_verify,131.82663917541504,217.23628044128418,0.0,998,34,1040,32,0,0,1,1,0
gaokao2023en,bbeam1,step-profile-config1-bbeam1-gaokao2023en-exclusive0817,5,5,33,draft|draft_verify,301.24449729919434,223.41251373291016,0.0,1032,78,1120,33,0,0,1,1,0
gaokao2023en,bbeam1,step-profile-config1-bbeam1-gaokao2023en-exclusive0817,5,5,34,draft|draft_verify,226.26423835754395,255.32293319702148,0.0,1110,59,1181,34,0,0,1,1,0
gaokao2023en,bbeam1,step-profile-config1-bbeam1-gaokao2023en-exclusive0817,5,5,35,draft|draft_verify,30.422449111938477,253.8313865661621,0.0,1169,7,1190,35,0,0,1,1,0
gaokao2023en,bbeam1,step-profile-config1-bbeam1-gaokao2023en-exclusive0817,5,5,36,draft|draft_verify,141.75796508789062,256.730318069458,0.0,1176,37,1229,36,0,0,1,1,0
gaokao2023en,bbeam1,step-profile-config1-bbeam1-gaokao2023en-exclusive0817,5,5,37,draft|draft_verify,33.269405364990234,254.93335723876953,0.0,1213,8,1239,37,0,0,1,1,0
gaokao2023en,bbeam1,step-profile-config1-bbeam1-gaokao2023en-exclusive0817,5,5,38,draft|draft_verify,120.12195587158203,252.95209884643555,0.0,1221,31,1272,38,0,0,1,1,0
gaokao2023en,bbeam1,step-profile-config1-bbeam1-gaokao2023en-exclusive0817,5,5,39,draft|draft_verify,33.46586227416992,267.6706314086914,0.0,1252,8,1282,39,0,0,1,1,0
gaokao2023en,bbeam1,step-profile-config1-bbeam1-gaokao2023en-exclusive0817,5,5,40,draft|draft_verify,108.86955261230469,274.39117431640625,0.0,1260,28,1312,40,0,0,1,1,0
gaokao2023en,bbeam1,step-profile-config1-bbeam1-gaokao2023en-exclusive0817,5,5,41,draft|draft_verify,38.33127021789551,275.03371238708496,0.0,1288,9,1323,41,0,0,1,1,0
gaokao2023en,bbeam1,step-profile-config1-bbeam1-gaokao2023en-exclusive0817,5,5,42,draft|draft_verify|target|target_rescue_verify,110.05854606628418,559.3469142913818,753.3068656921387,1297,28,2706,84,1297,28,1,2,1
gaokao2023en,bbeam1,step-profile-config1-bbeam1-gaokao2023en-exclusive0817,5,5,43,draft|draft_verify,65.00935554504395,278.8882255554199,0.0,1325,16,1371,43,0,0,1,1,0
gaokao2023en,bbeam1,step-profile-config1-bbeam1-gaokao2023en-exclusive0817,5,5,44,draft|draft_verify,101.54461860656738,280.1527976989746,0.0,1341,26,1399,44,0,0,1,1,0
gaokao2023en,bbeam1,step-profile-config1-bbeam1-gaokao2023en-exclusive0817,5,5,45,draft|draft_verify,127.87413597106934,307.89852142333984,0.0,1367,33,1434,45,0,0,1,1,0
gaokao2023en,bbeam1,step-profile-config1-bbeam1-gaokao2023en-exclusive0817,5,5,46,draft|draft_verify,124.31669235229492,309.86499786376953,0.0,1400,32,1468,46,0,0,1,1,0
gaokao2023en,bbeam1,step-profile-config1-bbeam1-gaokao2023en-exclusive0817,5,5,47,draft|draft_verify,30.671119689941406,309.83471870422363,0.0,1432,7,1477,47,0,0,1,1,0
gaokao2023en,bbeam1,step-profile-config1-bbeam1-gaokao2023en-exclusive0817,5,5,48,draft|draft_verify,128.91793251037598,310.8029365539551,0.0,1439,33,1512,48,0,0,1,1,0
gaokao2023en,bbeam1,step-profile-config1-bbeam1-gaokao2023en-exclusive0817,5,5,49,draft|draft_verify,22.42565155029297,310.7566833496094,0.0,1472,5,1519,49,0,0,1,1,0
gaokao2023en,bbeam1,step-profile-config1-bbeam1-gaokao2023en-exclusive0817,5,5,50,draft|draft_verify|target|target_rescue_verify,94.01369094848633,658.0586433410645,560.5301856994629,1477,24,3090,100,1477,24,1,2,1
gaokao2023en,bbeam1,step-profile-config1-bbeam1-gaokao2023en-exclusive0817,5,5,51,draft|draft_verify,43.25556755065918,362.9910945892334,0.0,1501,9,1556,51,0,0,1,1,0
gaokao2023en,bbeam1,step-profile-config1-bbeam1-gaokao2023en-exclusive0817,5,5,52,draft|draft_verify,86.08531951904297,330.1565647125244,0.0,1510,20,1578,52,0,0,1,1,0
gaokao2023en,bbeam1,step-profile-config1-bbeam1-gaokao2023en-exclusive0817,5,5,53,draft|draft_verify,50.18925666809082,329.50425148010254,0.0,1530,12,1592,53,0,0,1,1,0
gaokao2023en,bbeam1,step-profile-config1-bbeam1-gaokao2023en-exclusive0817,5,5,54,draft|draft_verify,86.55929565429688,329.71715927124023,0.0,1542,22,1616,54,0,0,1,1,0
gaokao2023en,bbeam1,step-profile-config1-bbeam1-gaokao2023en-exclusive0817,5,5,55,draft|draft_verify,53.55215072631836,333.43958854675293,0.0,1564,13,1631,55,0,0,1,1,0
gaokao2023en,bbeam1,step-profile-config1-bbeam1-gaokao2023en-exclusive0817,5,5,56,draft|draft_verify,68.97258758544922,328.524112701416,0.0,1577,17,1650,56,0,0,1,1,0
gaokao2023en,bbeam1,step-profile-config1-bbeam1-gaokao2023en-exclusive0817,5,5,57,draft|draft_verify,15.95926284790039,328.01365852355957,0.0,1594,3,1655,57,0,0,1,1,0
gaokao2023en,bbeam1,step-profile-config1-bbeam1-gaokao2023en-exclusive0817,5,5,58,draft|draft_verify,58.631181716918945,350.5516052246094,0.0,1597,14,1671,58,0,0,1,1,0
gaokao2023en,bbeam1,step-profile-config1-bbeam1-gaokao2023en-exclusive0817,5,5,59,draft|draft_verify,113.3880615234375,351.4413833618164,0.0,1611,29,1702,59,0,0,1,1,0
gaokao2023en,bbeam1,step-profile-config1-bbeam1-gaokao2023en-exclusive0817,5,5,60,draft|draft_verify,133.50796699523926,361.1412048339844,0.0,1640,34,1738,60,0,0,1,1,0
gaokao2023en,bbeam1,step-profile-config1-bbeam1-gaokao2023en-exclusive0817,5,5,61,draft|draft_verify|target|target_rescue_verify,281.1703681945801,776.900053024292,1218.463659286499,1674,73,3609,122,1674,56,1,2,1
gaokao2023en,bbeam1,step-profile-config1-bbeam1-gaokao2023en-exclusive0817,5,5,62,draft|draft_verify,347.14698791503906,391.14975929260254,0.0,1730,90,1888,62,0,0,1,1,0
gaokao2023en,bbeam1,step-profile-config1-bbeam1-gaokao2023en-exclusive0817,5,5,63,draft|draft_verify,31.853437423706055,391.95823669433594,0.0,1820,7,1897,63,0,0,1,1,0
gaokao2023en,bbeam1,step-profile-config1-bbeam1-gaokao2023en-exclusive0817,5,5,64,draft|draft_verify,136.8730068206787,403.31339836120605,0.0,1827,35,1934,64,0,0,1,1,0
gaokao2023en,bbeam1,step-profile-config1-bbeam1-gaokao2023en-exclusive0817,5,5,65,draft|draft_verify,259.38868522644043,405.4584503173828,0.0,1862,67,2003,65,0,0,1,1,0
gaokao2023en,bbeam1,step-profile-config1-bbeam1-gaokao2023en-exclusive0817,5,5,66,draft|draft_verify,343.7926769256592,434.94129180908203,0.0,1929,90,2095,66,0,0,1,1,0
gaokao2023en,bbeam1,step-profile-config1-bbeam1-gaokao2023en-exclusive0817,5,5,67,draft|draft_verify,31.820058822631836,421.54479026794434,0.0,2019,7,2104,67,0,0,1,1,0
gaokao2023en,bbeam1,step-profile-config1-bbeam1-gaokao2023en-exclusive0817,5,5,68,draft|draft_verify,137.15028762817383,421.3550090789795,0.0,2026,35,2141,68,0,0,1,1,0
gaokao2023en,bbeam1,step-profile-config1-bbeam1-gaokao2023en-exclusive0817,6,6,1,draft|draft_verify,226.83000564575195,28.953075408935547,0.0,83,62,92,1,0,0,1,1,0
gaokao2023en,bbeam1,step-profile-config1-bbeam1-gaokao2023en-exclusive0817,6,6,2,draft|draft_verify,106.99772834777832,29.47068214416504,0.0,145,29,123,2,0,0,1,1,0
gaokao2023en,bbeam1,step-profile-config1-bbeam1-gaokao2023en-exclusive0817,6,6,3,draft|draft_verify,233.11281204223633,57.17802047729492,0.0,174,65,190,3,0,0,1,1,0
gaokao2023en,bbeam1,step-profile-config1-bbeam1-gaokao2023en-exclusive0817,6,6,4,draft|draft_verify,162.1856689453125,59.438228607177734,0.0,239,44,236,4,0,0,1,1,0
gaokao2023en,bbeam1,step-profile-config1-bbeam1-gaokao2023en-exclusive0817,6,6,5,draft|draft_verify,216.78757667541504,76.39193534851074,0.0,283,58,296,5,0,0,1,1,0
gaokao2023en,bbeam1,step-profile-config1-bbeam1-gaokao2023en-exclusive0817,6,6,6,draft|draft_verify,162.71710395812988,91.552734375,0.0,341,43,341,6,0,0,1,1,0
gaokao2023en,bbeam1,step-profile-config1-bbeam1-gaokao2023en-exclusive0817,6,6,7,draft|draft_verify,109.98916625976562,93.0628776550293,0.0,384,28,371,7,0,0,1,1,0
gaokao2023en,bbeam1,step-profile-config1-bbeam1-gaokao2023en-exclusive0817,7,7,1,draft|draft_verify,149.25122261047363,30.464887619018555,0.0,91,41,78,1,0,0,1,1,0
gaokao2023en,bbeam1,step-profile-config1-bbeam1-gaokao2023en-exclusive0817,7,7,2,draft|draft_verify,107.87034034729004,29.407262802124023,0.0,132,30,110,2,0,0,1,1,0
gaokao2023en,bbeam1,step-profile-config1-bbeam1-gaokao2023en-exclusive0817,7,7,3,draft|draft_verify,271.8477249145508,57.3422908782959,0.0,162,76,188,3,0,0,1,1,0
gaokao2023en,bbeam1,step-profile-config1-bbeam1-gaokao2023en-exclusive0817,7,7,4,draft|draft_verify,154.0353298187256,59.20600891113281,0.0,238,42,232,4,0,0,1,1,0
gaokao2023en,bbeam1,step-profile-config1-bbeam1-gaokao2023en-exclusive0817,7,7,5,draft|draft_verify,78.75657081604004,59.95297431945801,0.0,280,21,255,5,0,0,1,1,0
gaokao2023en,bbeam1,step-profile-config1-bbeam1-gaokao2023en-exclusive0817,7,7,6,draft|draft_verify,12.11857795715332,77.26049423217773,0.0,301,3,260,6,0,0,1,1,0
gaokao2023en,bbeam1,step-profile-config1-bbeam1-gaokao2023en-exclusive0817,7,7,7,draft|draft_verify,57.08742141723633,75.79660415649414,0.0,304,15,277,7,0,0,1,1,0
gaokao2023en,bbeam1,step-profile-config1-bbeam1-gaokao2023en-exclusive0817,7,7,8,draft|draft_verify,158.73479843139648,91.3553237915039,0.0,319,42,321,8,0,0,1,1,0
gaokao2023en,bbeam1,step-profile-config1-bbeam1-gaokao2023en-exclusive0817,7,7,9,draft|draft_verify,51.723480224609375,91.11809730529785,0.0,361,13,336,9,0,0,1,1,0
gaokao2023en,bbeam1,step-profile-config1-bbeam1-gaokao2023en-exclusive0817,7,7,10,draft|draft_verify,54.149627685546875,92.0863151550293,0.0,374,14,352,10,0,0,1,1,0
gaokao2023en,bbeam1,step-profile-config1-bbeam1-gaokao2023en-exclusive0817,7,7,11,draft|draft_verify,65.38057327270508,92.17262268066406,0.0,388,17,371,11,0,0,1,1,0
gaokao2023en,bbeam1,step-profile-config1-bbeam1-gaokao2023en-exclusive0817,7,7,12,draft|draft_verify,38.69819641113281,92.7882194519043,0.0,405,10,383,12,0,0,1,1,0
gaokao2023en,bbeam1,step-profile-config1-bbeam1-gaokao2023en-exclusive0817,7,7,13,draft|draft_verify,83.80365371704102,124.13668632507324,0.0,415,22,407,13,0,0,1,1,0
gaokao2023en,bbeam1,step-profile-config1-bbeam1-gaokao2023en-exclusive0817,7,7,14,draft|draft_verify,128.78727912902832,124.73845481872559,0.0,437,34,443,14,0,0,1,1,0
gaokao2023en,bbeam1,step-profile-config1-bbeam1-gaokao2023en-exclusive0817,7,7,15,draft|draft_verify,72.73364067077637,125.74219703674316,0.0,471,19,464,15,0,0,1,1,0
gaokao2023en,bbeam1,step-profile-config1-bbeam1-gaokao2023en-exclusive0817,7,7,16,draft|draft_verify,20.20740509033203,126.48940086364746,0.0,490,5,471,16,0,0,1,1,0
gaokao2023en,bbeam1,step-profile-config1-bbeam1-gaokao2023en-exclusive0817,7,7,17,draft|draft_verify,50.25076866149902,142.3814296722412,0.0,495,13,486,17,0,0,1,1,0
gaokao2023en,bbeam1,step-profile-config1-bbeam1-gaokao2023en-exclusive0817,7,7,18,draft|draft_verify,46.39244079589844,135.6055736541748,0.0,508,12,500,18,0,0,1,1,0
gaokao2023en,bbeam1,step-profile-config1-bbeam1-gaokao2023en-exclusive0817,7,7,19,draft|draft_verify,42.62232780456543,126.39069557189941,0.0,520,11,513,19,0,0,1,1,0
gaokao2023en,bbeam1,step-profile-config1-bbeam1-gaokao2023en-exclusive0817,7,7,20,draft|draft_verify,43.49827766418457,126.75070762634277,0.0,531,11,526,20,0,0,1,1,0
gaokao2023en,bbeam1,step-profile-config1-bbeam1-gaokao2023en-exclusive0817,7,7,21,draft|draft_verify|target|target_rescue_verify,185.7001781463623,258.5487365722656,364.4123077392578,542,49,1114,42,542,9,1,2,1
gaokao2023en,bbeam1,step-profile-config1-bbeam1-gaokao2023en-exclusive0817,8,8,1,draft|draft_verify|target|backtracking_verify,330.6608200073242,98.17743301391602,728.5177707672119,150,80,307,2,150,35,1,2,1
gaokao2023en,bbeam1,step-profile-config1-bbeam1-gaokao2023en-exclusive0817,8,8,2,draft|draft_verify|target|target_rescue_verify,1946.7272758483887,372.90406227111816,4495.213747024536,415,467,1308,8,415,219,2,4,2
gaokao2023en,bbeam1,step-profile-config1-bbeam1-gaokao2023en-exclusive0817,8,8,3,draft|draft_verify|target|backtracking_verify|target_rescue_verify,1418.6012744903564,455.08289337158203,6822.798490524292,634,377,1783,12,634,338,2,4,2
gaokao2023en,bbeam1,step-profile-config1-bbeam1-gaokao2023en-exclusive0817,8,8,4,draft|draft_verify|target|target_rescue_verify,1349.4594097137451,839.4696712493896,6061.388254165649,1406,341,3162,24,1406,297,3,6,3
gaokao2023en,bbeam1,step-profile-config1-bbeam1-gaokao2023en-exclusive0817,8,8,5,draft|draft_verify|target|target_rescue_verify,902.9958248138428,626.4300346374512,8302.82974243164,1085,219,2617,20,1085,412,2,4,2
gaokao2023en,bbeam1,step-profile-config1-bbeam1-gaokao2023en-exclusive0817,8,8,6,draft|draft_verify|target|target_rescue_verify,304.3982982635498,296.9176769256592,2142.1594619750977,603,79,1301,12,603,105,1,2,1
gaokao2023en,bbeam1,step-profile-config1-bbeam1-gaokao2023en-exclusive0817,8,8,7,draft|draft_verify|target|backtracking_verify,151.94320678710938,437.82591819763184,10980.845928192139,708,39,1914,14,708,545,1,2,1
gaokao2023en,bbeam1,step-profile-config1-bbeam1-gaokao2023en-exclusive0817,8,8,8,draft|draft_verify|target|target_rescue_verify,1365.778923034668,440.45519828796387,6014.765501022339,747,350,2060,16,747,298,1,2,1
gaokao2023en,bbeam1,step-profile-config1-bbeam1-gaokao2023en-exclusive0817,8,8,9,draft|draft_verify,211.49539947509766,226.47333145141602,0.0,1045,43,1049,9,0,0,1,1,0
gaokao2023en,bbeam1,step-profile-config1-bbeam1-gaokao2023en-exclusive0817,9,9,1,draft|draft_verify,77.75473594665527,29.69956398010254,0.0,108,21,75,1,0,0,1,1,0
gaokao2023en,bbeam1,step-profile-config1-bbeam1-gaokao2023en-exclusive0817,9,9,2,draft|draft_verify,157.52124786376953,29.415607452392578,0.0,129,41,118,2,0,0,1,1,0
gaokao2023en,bbeam1,step-profile-config1-bbeam1-gaokao2023en-exclusive0817,9,9,3,draft|draft_verify|target|target_rescue_verify,517.554521560669,106.98723793029785,226.3638973236084,170,138,386,6,170,8,1,2,1
gaokao2023en,bbeam1,step-profile-config1-bbeam1-gaokao2023en-exclusive0817,9,9,4,draft|draft_verify,578.6409378051758,85.65139770507812,0.0,178,156,286,4,0,0,1,1,0
gaokao2023en,bbeam1,step-profile-config1-bbeam1-gaokao2023en-exclusive0817,9,9,5,draft|draft_verify,664.6389961242676,137.29023933410645,0.0,334,169,457,5,0,0,1,1,0
gaokao2023en,bbeam1,step-profile-config1-bbeam1-gaokao2023en-exclusive0817,9,9,6,draft|draft_verify,89.28608894348145,142.50588417053223,0.0,503,22,481,6,0,0,1,1,0
gaokao2023en,bbeam1,step-profile-config1-bbeam1-gaokao2023en-exclusive0817,10,10,1,draft|draft_verify,149.519681930542,21.528244018554688,0.0,76,40,62,1,0,0,1,1,0
gaokao2023en,bbeam1,step-profile-config1-bbeam1-gaokao2023en-exclusive0817,10,10,2,draft|draft_verify,244.0173625946045,45.819997787475586,0.0,116,67,131,2,0,0,1,1,0
gaokao2023en,bbeam1,step-profile-config1-bbeam1-gaokao2023en-exclusive0817,10,10,3,draft|draft_verify,358.3207130432129,59.89789962768555,0.0,183,97,230,3,0,0,1,1,0
gaokao2023en,bbeam1,step-profile-config1-bbeam1-gaokao2023en-exclusive0817,10,10,4,draft|draft_verify,260.34998893737793,76.61676406860352,0.0,280,68,300,4,0,0,1,1,0
gaokao2023en,bbeam1,step-profile-config1-bbeam1-gaokao2023en-exclusive0817,10,10,5,draft|draft_verify,62.070369720458984,76.64179801940918,0.0,348,15,317,5,0,0,1,1,0
gaokao2023en,bbeam1,step-profile-config1-bbeam1-gaokao2023en-exclusive0817,11,11,1,draft|draft_verify,137.37225532531738,29.612064361572266,0.0,117,37,100,1,0,0,1,1,0
gaokao2023en,bbeam1,step-profile-config1-bbeam1-gaokao2023en-exclusive0817,11,11,2,draft|draft_verify,420.7959175109863,59.413909912109375,0.0,154,115,217,2,0,0,1,1,0
gaokao2023en,bbeam1,step-profile-config1-bbeam1-gaokao2023en-exclusive0817,11,11,3,draft|draft_verify,115.19813537597656,59.61871147155762,0.0,269,30,249,3,0,0,1,1,0
gaokao2023en,bbeam1,step-profile-config1-bbeam1-gaokao2023en-exclusive0817,11,11,4,draft|draft_verify,164.56294059753418,76.41887664794922,0.0,299,43,294,4,0,0,1,1,0
gaokao2023en,bbeam1,step-profile-config1-bbeam1-gaokao2023en-exclusive0817,11,11,5,draft|draft_verify,165.37809371948242,91.54009819030762,0.0,342,43,339,5,0,0,1,1,0
gaokao2023en,bbeam1,step-profile-config1-bbeam1-gaokao2023en-exclusive0817,11,11,6,draft|draft_verify,127.07018852233887,92.48566627502441,0.0,385,33,374,6,0,0,1,1,0
gaokao2023en,bbeam1,step-profile-config1-bbeam1-gaokao2023en-exclusive0817,11,11,7,draft|draft_verify,245.98288536071777,124.68576431274414,0.0,418,64,440,7,0,0,1,1,0
gaokao2023en,bbeam1,step-profile-config1-bbeam1-gaokao2023en-exclusive0817,11,11,8,draft|draft_verify,127.83980369567871,125.54574012756348,0.0,482,33,475,8,0,0,1,1,0
gaokao2023en,bbeam1,step-profile-config1-bbeam1-gaokao2023en-exclusive0817,11,11,9,draft|draft_verify,176.6204833984375,125.85210800170898,0.0,515,46,523,9,0,0,1,1,0
gaokao2023en,bbeam1,step-profile-config1-bbeam1-gaokao2023en-exclusive0817,11,11,10,draft|draft_verify,168.70498657226562,126.67298316955566,0.0,561,44,569,10,0,0,1,1,0
gaokao2023en,bbeam1,step-profile-config1-bbeam1-gaokao2023en-exclusive0817,11,11,11,draft|draft_verify,156.8603515625,129.9145221710205,0.0,605,41,612,11,0,0,1,1,0
gaokao2023en,bbeam1,step-profile-config1-bbeam1-gaokao2023en-exclusive0817,11,11,12,draft|draft_verify,568.727970123291,154.28709983825684,0.0,646,150,764,12,0,0,1,1,0
gaokao2023en,bbeam1,step-profile-config1-bbeam1-gaokao2023en-exclusive0817,11,11,13,draft|draft_verify,24.766206741333008,172.93572425842285,0.0,796,6,772,13,0,0,1,1,0
gaokao2023en,bbeam1,step-profile-config1-bbeam1-gaokao2023en-exclusive0817,11,11,14,draft|draft_verify,74.59330558776855,164.60490226745605,0.0,802,18,792,14,0,0,1,1,0
gaokao2023en,bbeam1,step-profile-config1-bbeam1-gaokao2023en-exclusive0817,12,12,1,draft|draft_verify,81.5877914428711,29.76846694946289,0.0,104,22,72,1,0,0,1,1,0
gaokao2023en,bbeam1,step-profile-config1-bbeam1-gaokao2023en-exclusive0817,12,12,2,draft|draft_verify,206.9985866546631,45.54414749145508,0.0,126,57,131,2,0,0,1,1,0
gaokao2023en,bbeam1,step-profile-config1-bbeam1-gaokao2023en-exclusive0817,12,12,3,draft|draft_verify,81.52580261230469,48.79617691040039,0.0,183,22,155,3,0,0,1,1,0
gaokao2023en,bbeam1,step-profile-config1-bbeam1-gaokao2023en-exclusive0817,12,12,4,draft|draft_verify,249.76348876953125,59.04245376586914,0.0,205,68,225,4,0,0,1,1,0
gaokao2023en,bbeam1,step-profile-config1-bbeam1-gaokao2023en-exclusive0817,12,12,5,draft|draft_verify,66.61415100097656,59.5395565032959,0.0,273,17,244,5,0,0,1,1,0
gaokao2023en,bbeam1,step-profile-config1-bbeam1-gaokao2023en-exclusive0817,12,12,6,draft|draft_verify,280.05123138427734,78.23991775512695,0.0,290,70,316,6,0,0,1,1,0
gaokao2023en,bbeam1,step-profile-config1-bbeam1-gaokao2023en-exclusive0817,12,12,7,draft|draft_verify,69.18907165527344,91.36724472045898,0.0,360,18,336,7,0,0,1,1,0
gaokao2023en,bbeam1,step-profile-config1-bbeam1-gaokao2023en-exclusive0817,12,12,8,draft|draft_verify,91.33291244506836,92.12493896484375,0.0,378,24,362,8,0,0,1,1,0
gaokao2023en,bbeam1,step-profile-config1-bbeam1-gaokao2023en-exclusive0817,12,12,9,draft|draft_verify|target|target_rescue_verify,128.5843849182129,265.6519412994385,2203.63187789917,402,34,865,18,402,104,1,2,1
gaokao2023en,bbeam1,step-profile-config1-bbeam1-gaokao2023en-exclusive0817,12,12,10,draft|draft_verify,52.644968032836914,147.88246154785156,0.0,506,13,483,10,0,0,1,1,0
gaokao2023en,bbeam1,step-profile-config1-bbeam1-gaokao2023en-exclusive0817,12,12,11,draft|draft_verify,77.52537727355957,136.16371154785156,0.0,519,20,505,11,0,0,1,1,0
gaokao2023en,bbeam1,step-profile-config1-bbeam1-gaokao2023en-exclusive0817,12,12,12,draft|draft_verify,40.36545753479004,126.13844871520996,0.0,539,10,517,12,0,0,1,1,0
gaokao2023en,bbeam1,step-profile-config1-bbeam1-gaokao2023en-exclusive0817,12,12,13,draft|draft_verify,99.62916374206543,126.97052955627441,0.0,549,26,545,13,0,0,1,1,0
gaokao2023en,bbeam1,step-profile-config1-bbeam1-gaokao2023en-exclusive0817,12,12,14,draft|draft_verify,167.9513454437256,130.0959587097168,0.0,575,44,591,14,0,0,1,1,0
gaokao2023en,bbeam1,step-profile-config1-bbeam1-gaokao2023en-exclusive0817,12,12,15,draft|draft_verify,105.98182678222656,130.69725036621094,0.0,619,27,620,15,0,0,1,1,0
gaokao2023en,bbeam1,step-profile-config1-bbeam1-gaokao2023en-exclusive0817,13,13,1,draft|draft_verify,268.07284355163574,49.85928535461426,0.0,118,73,137,1,0,0,1,1,0
gaokao2023en,bbeam1,step-profile-config1-bbeam1-gaokao2023en-exclusive0817,13,13,2,draft|draft_verify,54.125308990478516,49.09706115722656,0.0,191,13,152,2,0,0,1,1,0
gaokao2023en,bbeam1,step-profile-config1-bbeam1-gaokao2023en-exclusive0817,13,13,3,draft|draft_verify,126.08122825622559,56.41293525695801,0.0,204,35,189,3,0,0,1,1,0
gaokao2023en,bbeam1,step-profile-config1-bbeam1-gaokao2023en-exclusive0817,13,13,4,draft|draft_verify,276.30090713500977,75.2415657043457,0.0,239,74,265,4,0,0,1,1,0
gaokao2023en,bbeam1,step-profile-config1-bbeam1-gaokao2023en-exclusive0817,13,13,5,draft|draft_verify,245.46408653259277,90.41881561279297,0.0,313,62,329,5,0,0,1,1,0
gaokao2023en,bbeam1,step-profile-config1-bbeam1-gaokao2023en-exclusive0817,13,13,6,draft|draft_verify,379.3365955352783,125.47135353088379,0.0,375,101,432,6,0,0,1,1,0
gaokao2023en,bbeam1,step-profile-config1-bbeam1-gaokao2023en-exclusive0817,13,13,7,draft|draft_verify,175.0771999359131,126.93548202514648,0.0,476,45,479,7,0,0,1,1,0
gaokao2023en,bbeam1,step-profile-config1-bbeam1-gaokao2023en-exclusive0817,13,13,8,draft|draft_verify,84.20205116271973,136.60645484924316,0.0,521,22,503,8,0,0,1,1,0
gaokao2023en,bbeam1,step-profile-config1-bbeam1-gaokao2023en-exclusive0817,13,13,9,draft|draft_verify|target|target_rescue_verify,7840.086221694946,699.7354030609131,3226.266384124756,543,2048,3211,18,543,153,1,2,1
gaokao2023en,bbeam1,step-profile-config1-bbeam1-gaokao2023en-exclusive0817,13,13,10,draft|draft_verify,317.08645820617676,159.53969955444336,0.0,696,84,744,10,0,0,1,1,0
gaokao2023en,bbeam1,step-profile-config1-bbeam1-gaokao2023en-exclusive0817,13,13,11,draft|draft_verify,148.11420440673828,173.91681671142578,0.0,780,39,785,11,0,0,1,1,0
gaokao2023en,bbeam1,step-profile-config1-bbeam1-gaokao2023en-exclusive0817,13,13,12,draft|draft_verify,159.55662727355957,173.71273040771484,0.0,819,42,829,12,0,0,1,1,0
gaokao2023en,bbeam1,step-profile-config1-bbeam1-gaokao2023en-exclusive0817,13,13,13,draft|draft_verify,99.99203681945801,176.6953468322754,0.0,861,26,857,13,0,0,1,1,0
gaokao2023en,bbeam1,step-profile-config1-bbeam1-gaokao2023en-exclusive0817,13,13,14,draft|draft_verify,644.411563873291,223.7706184387207,0.0,887,171,1030,14,0,0,1,1,0
gaokao2023en,bbeam1,step-profile-config1-bbeam1-gaokao2023en-exclusive0817,13,13,15,draft|draft_verify,207.6423168182373,227.3859977722168,0.0,1058,55,1087,15,0,0,1,1,0
gaokao2023en,bbeam1,step-profile-config1-bbeam1-gaokao2023en-exclusive0817,13,13,16,draft|draft_verify,151.472806930542,237.2419834136963,0.0,1113,39,1128,16,0,0,1,1,0
gaokao2023en,bbeam1,step-profile-config1-bbeam1-gaokao2023en-exclusive0817,13,13,17,draft|draft_verify,161.6809368133545,255.5825710296631,0.0,1152,42,1172,17,0,0,1,1,0
gaokao2023en,bbeam1,step-profile-config1-bbeam1-gaokao2023en-exclusive0817,13,13,18,draft|draft_verify,102.76293754577637,246.45447731018066,0.0,1194,26,1200,18,0,0,1,1,0
gaokao2023en,bbeam1,step-profile-config1-bbeam1-gaokao2023en-exclusive0817,13,13,19,draft|draft_verify,659.7375869750977,279.8418998718262,0.0,1220,171,1373,19,0,0,1,1,0
gaokao2023en,bbeam1,step-profile-config1-bbeam1-gaokao2023en-exclusive0817,13,13,20,draft|draft_verify,213.24992179870605,305.38368225097656,0.0,1391,55,1430,20,0,0,1,1,0
gaokao2023en,bbeam1,step-profile-config1-bbeam1-gaokao2023en-exclusive0817,13,13,21,draft|draft_verify,155.82609176635742,309.5366954803467,0.0,1446,39,1471,21,0,0,1,1,0
gaokao2023en,bbeam1,step-profile-config1-bbeam1-gaokao2023en-exclusive0817,13,13,22,draft|draft_verify,164.60585594177246,311.38134002685547,0.0,1485,42,1515,22,0,0,1,1,0
gaokao2023en,bbeam1,step-profile-config1-bbeam1-gaokao2023en-exclusive0817,13,13,23,draft|draft_verify,103.82461547851562,328.6306858062744,0.0,1527,26,1543,23,0,0,1,1,0
gaokao2023en,bbeam1,step-profile-config1-bbeam1-gaokao2023en-exclusive0817,13,13,24,draft|draft_verify,656.6042900085449,351.79758071899414,0.0,1553,171,1716,24,0,0,1,1,0
gaokao2023en,bbeam1,step-profile-config1-bbeam1-gaokao2023en-exclusive0817,13,13,25,draft|draft_verify,212.8911018371582,361.5686893463135,0.0,1724,55,1773,25,0,0,1,1,0
gaokao2023en,bbeam1,step-profile-config1-bbeam1-gaokao2023en-exclusive0817,13,13,26,draft|draft_verify,152.5864601135254,386.1215114593506,0.0,1779,39,1814,26,0,0,1,1,0
gaokao2023en,bbeam1,step-profile-config1-bbeam1-gaokao2023en-exclusive0817,13,13,27,draft|draft_verify,164.0019416809082,391.45827293395996,0.0,1818,42,1858,27,0,0,1,1,0
gaokao2023en,bbeam1,step-profile-config1-bbeam1-gaokao2023en-exclusive0817,13,13,28,draft|draft_verify,102.33330726623535,391.801118850708,0.0,1860,26,1886,28,0,0,1,1,0
gaokao2023en,bbeam1,step-profile-config1-bbeam1-gaokao2023en-exclusive0817,13,13,29,draft|draft_verify,646.026611328125,432.45577812194824,0.0,1886,171,2059,29,0,0,1,1,0
gaokao2023en,bbeam1,step-profile-config1-bbeam1-gaokao2023en-exclusive0817,14,14,1,draft|draft_verify,405.7302474975586,60.513973236083984,0.0,142,112,200,1,0,0,1,1,0
gaokao2023en,bbeam1,step-profile-config1-bbeam1-gaokao2023en-exclusive0817,14,14,2,draft|draft_verify|target|target_rescue_verify,2550.6982803344727,279.75010871887207,1958.1072330474854,254,680,1178,4,254,94,1,2,1
gaokao2023en,bbeam1,step-profile-config1-bbeam1-gaokao2023en-exclusive0817,14,14,3,draft|draft_verify|target|target_rescue_verify,1988.250970840454,328.5565376281738,4630.348682403564,348,509,1335,6,348,230,1,2,1
gaokao2023en,bbeam1,step-profile-config1-bbeam1-gaokao2023en-exclusive0817,14,14,4,draft|draft_verify|target|target_rescue_verify,1743.8061237335205,400.0582695007324,5096.897602081299,578,425,1738,8,578,253,1,2,1
gaokao2023en,bbeam1,step-profile-config1-bbeam1-gaokao2023en-exclusive0817,14,14,5,draft|draft_verify|target|target_rescue_verify,8063.994646072388,884.8569393157959,10076.42126083374,831,2048,4118,10,831,500,1,2,1
gaokao2023en,bbeam1,step-profile-config1-bbeam1-gaokao2023en-exclusive0817,15,15,1,draft|draft_verify,174.30448532104492,28.95379066467285,0.0,93,47,86,1,0,0,1,1,0
gaokao2023en,bbeam1,step-profile-config1-bbeam1-gaokao2023en-exclusive0817,15,15,2,draft|draft_verify,207.88955688476562,50.33993721008301,0.0,140,56,144,2,0,0,1,1,0
gaokao2023en,bbeam1,step-profile-config1-bbeam1-gaokao2023en-exclusive0817,15,15,3,draft|draft_verify,48.423051834106445,49.88455772399902,0.0,196,13,159,3,0,0,1,1,0
gaokao2023en,bbeam1,step-profile-config1-bbeam1-gaokao2023en-exclusive0817,15,15,4,draft|draft_verify,408.998966217041,77.21352577209473,0.0,209,108,269,4,0,0,1,1,0
gaokao2023en,bbeam1,step-profile-config1-bbeam1-gaokao2023en-exclusive0817,15,15,5,draft|draft_verify|target|target_rescue_verify,366.3749694824219,196.29335403442383,2118.2045936584473,317,92,735,10,317,101,1,2,1
gaokao2023en,bbeam1,step-profile-config1-bbeam1-gaokao2023en-exclusive0817,15,15,6,draft|draft_verify,57.662248611450195,135.13898849487305,0.0,418,14,388,6,0,0,1,1,0
gaokao2023en,bbeam1,step-profile-config1-bbeam1-gaokao2023en-exclusive0817,15,15,7,draft|draft_verify,377.3632049560547,142.4238681793213,0.0,432,94,484,7,0,0,1,1,0
gaokao2023en,bbeam1,step-profile-config1-bbeam1-gaokao2023en-exclusive0817,15,15,8,draft|draft_verify,75.76775550842285,135.67161560058594,0.0,526,19,505,8,0,0,1,1,0
gaokao2023en,bbeam1,step-profile-config1-bbeam1-gaokao2023en-exclusive0817,15,15,9,draft|draft_verify,1060.2941513061523,174.6532917022705,0.0,545,278,785,9,0,0,1,1,0
gaokao2023en,bbeam1,step-profile-config1-bbeam1-gaokao2023en-exclusive0817,15,15,10,draft|draft_verify,119.18497085571289,178.45702171325684,0.0,823,29,816,10,0,0,1,1,0
gaokao2023en,bbeam1,step-profile-config1-bbeam1-gaokao2023en-exclusive0817,16,16,1,draft|draft_verify,271.925687789917,50.70614814758301,0.0,141,74,162,1,0,0,1,1,0
gaokao2023en,bbeam1,step-profile-config1-bbeam1-gaokao2023en-exclusive0817,16,16,2,draft|draft_verify,582.9904079437256,77.76927947998047,0.0,215,155,319,2,0,0,1,1,0
gaokao2023en,bbeam1,step-profile-config1-bbeam1-gaokao2023en-exclusive0817,16,16,3,draft|draft_verify,345.13378143310547,124.8619556427002,0.0,370,89,410,3,0,0,1,1,0
gaokao2023en,bbeam1,step-profile-config1-bbeam1-gaokao2023en-exclusive0817,16,16,4,draft|draft_verify,1761.061191558838,191.21170043945312,0.0,459,454,866,4,0,0,1,1,0
gaokao2023en,bbeam1,step-profile-config1-bbeam1-gaokao2023en-exclusive0817,16,16,5,draft|draft_verify,537.4565124511719,203.1991481781006,0.0,913,142,1010,5,0,0,1,1,0
gaokao2023en,bbeam1,step-profile-config1-bbeam1-gaokao2023en-exclusive0817,16,16,6,draft|draft_verify,112.65087127685547,218.74141693115234,0.0,1055,28,1040,6,0,0,1,1,0
gaokao2023en,bbeam1,step-profile-config1-bbeam1-gaokao2023en-exclusive0817,17,17,1,draft|draft_verify|target|target_rescue_verify,256.96802139282227,60.89138984680176,954.6253681182861,107,69,221,2,107,46,1,2,1
gaokao2023en,bbeam1,step-profile-config1-bbeam1-gaokao2023en-exclusive0817,17,17,2,draft|draft_verify,361.91439628601074,68.08114051818848,0.0,153,95,196,2,0,0,1,1,0
gaokao2023en,bbeam1,step-profile-config1-bbeam1-gaokao2023en-exclusive0817,17,17,3,draft|draft_verify|target|target_rescue_verify,477.89692878723145,191.56408309936523,3719.6755409240723,248,121,701,6,248,184,1,2,1
gaokao2023en,bbeam1,step-profile-config1-bbeam1-gaokao2023en-exclusive0817,17,17,4,draft|draft_verify|target|target_rescue_verify,806.3857555389404,271.84510231018066,3040.0593280792236,432,206,1124,8,432,150,1,2,1
gaokao2023en,bbeam1,step-profile-config1-bbeam1-gaokao2023en-exclusive0817,17,17,5,draft|draft_verify|target|target_rescue_verify,192.55590438842773,298.1574535369873,2539.2138957977295,582,49,1246,10,582,125,1,2,1
gaokao2023en,bbeam1,step-profile-config1-bbeam1-gaokao2023en-exclusive0817,17,17,6,draft|draft_verify,320.24192810058594,154.8757553100586,0.0,707,82,745,6,0,0,1,1,0
gaokao2023en,bbeam1,step-profile-config1-bbeam1-gaokao2023en-exclusive0817,17,17,7,draft|draft_verify,431.42032623291016,182.79337882995605,0.0,789,109,856,7,0,0,1,1,0
gaokao2023en,bbeam1,step-profile-config1-bbeam1-gaokao2023en-exclusive0817,17,17,8,draft|draft_verify,245.3455924987793,199.59592819213867,0.0,898,64,922,8,0,0,1,1,0
gaokao2023en,bbeam1,step-profile-config1-bbeam1-gaokao2023en-exclusive0817,17,17,9,draft|draft_verify,325.49452781677246,211.36784553527832,0.0,962,84,1008,9,0,0,1,1,0
gaokao2023en,bbeam1,step-profile-config1-bbeam1-gaokao2023en-exclusive0817,17,17,10,draft|draft_verify|target|target_rescue_verify,914.379358291626,486.588716506958,927.8562068939209,1046,232,2292,20,1046,40,1,2,1
gaokao2023en,bbeam1,step-profile-config1-bbeam1-gaokao2023en-exclusive0817,17,17,11,draft|draft_verify|target|target_rescue_verify,247.82752990722656,494.6005344390869,2690.601348876953,1086,63,2299,22,1086,132,1,2,1
gaokao2023en,bbeam1,step-profile-config1-bbeam1-gaokao2023en-exclusive0817,17,17,12,draft|draft_verify,232.1767807006836,257.23791122436523,0.0,1218,59,1245,12,0,0,1,1,0
gaokao2023en,bbeam1,step-profile-config1-bbeam1-gaokao2023en-exclusive0817,17,17,13,draft|draft_verify|target|target_rescue_verify,498.2893466949463,556.9055080413818,1227.3955345153809,1277,129,2682,26,1277,59,1,2,1
gaokao2023en,bbeam1,step-profile-config1-bbeam1-gaokao2023en-exclusive0817,17,17,14,draft|draft_verify,400.0983238220215,305.63926696777344,0.0,1336,103,1411,14,0,0,1,1,0
gaokao2023en,bbeam1,step-profile-config1-bbeam1-gaokao2023en-exclusive0817,17,17,15,draft|draft_verify,86.8520736694336,307.76286125183105,0.0,1439,20,1433,15,0,0,1,1,0
gaokao2023en,bbeam1,step-profile-config1-bbeam1-gaokao2023en-exclusive0817,18,18,1,draft|draft_verify,365.4332160949707,50.89974403381348,0.0,135,99,180,1,0,0,1,1,0
gaokao2023en,bbeam1,step-profile-config1-bbeam1-gaokao2023en-exclusive0817,18,18,2,draft|draft_verify|target|target_rescue_verify,607.4874401092529,195.30510902404785,3760.4763507843018,234,161,709,4,234,184,1,2,1
gaokao2023en,bbeam1,step-profile-config1-bbeam1-gaokao2023en-exclusive0817,18,18,3,draft|draft_verify|target|target_rescue_verify,7958.275556564331,671.5061664581299,2561.9442462921143,418,2048,2910,6,418,126,1,2,1
gaokao2023en,bbeam1,step-profile-config1-bbeam1-gaokao2023en-exclusive0817,18,18,4,draft|draft_verify|target|backtracking_verify,373.3556270599365,272.747278213501,1919.8102951049805,544,96,1182,8,544,94,1,2,1
gaokao2023en,bbeam1,step-profile-config1-bbeam1-gaokao2023en-exclusive0817,18,18,5,draft|draft_verify|target|target_rescue_verify,1551.1410236358643,502.7172565460205,3133.3281993865967,1278,393,2327,15,640,154,2,3,1
gaokao2023en,bbeam1,step-profile-config1-bbeam1-gaokao2023en-exclusive0817,18,18,6,draft|draft_verify|target|target_rescue_verify,1393.6407566070557,630.0866603851318,3521.740674972534,1667,354,2857,18,794,174,2,3,1
gaokao2023en,bbeam1,step-profile-config1-bbeam1-gaokao2023en-exclusive0817,18,18,7,draft|draft_verify|target|target_rescue_verify,651.3893604278564,675.1120090484619,2603.6550998687744,1980,164,3114,21,968,128,2,3,1
gaokao2023en,bbeam1,step-profile-config1-bbeam1-gaokao2023en-exclusive0817,18,18,8,draft|draft_verify|target|backtracking_verify,552.5531768798828,529.7098159790039,2587.5370502471924,1083,139,2352,16,1083,127,1,2,1
gaokao2023en,bbeam1,step-profile-config1-bbeam1-gaokao2023en-exclusive0817,18,18,9,draft|draft_verify|target|target_rescue_verify,301.23043060302734,543.2126522064209,2614.5894527435303,1222,76,2566,18,1222,122,1,2,1
gaokao2023en,bbeam1,step-profile-config1-bbeam1-gaokao2023en-exclusive0817,18,18,10,draft|draft_verify,69.16046142578125,275.9568691253662,0.0,1344,15,1323,10,0,0,1,1,0
gaokao2023en,bbeam1,step-profile-config1-bbeam1-gaokao2023en-exclusive0817,19,19,1,draft|draft_verify,213.35124969482422,30.006885528564453,0.0,110,57,113,1,0,0,1,1,0
gaokao2023en,bbeam1,step-profile-config1-bbeam1-gaokao2023en-exclusive0817,19,19,2,draft|draft_verify,64.15724754333496,45.08852958679199,0.0,167,17,132,2,0,0,1,1,0
gaokao2023en,bbeam1,step-profile-config1-bbeam1-gaokao2023en-exclusive0817,19,19,3,draft|draft_verify,100.47340393066406,49.54361915588379,0.0,184,27,161,3,0,0,1,1,0
gaokao2023en,bbeam1,step-profile-config1-bbeam1-gaokao2023en-exclusive0817,19,19,4,draft|draft_verify,70.80984115600586,49.99423027038574,0.0,211,19,182,4,0,0,1,1,0
gaokao2023en,bbeam1,step-profile-config1-bbeam1-gaokao2023en-exclusive0817,19,19,5,draft|draft_verify,37.3232364654541,59.02910232543945,0.0,230,10,194,5,0,0,1,1,0
gaokao2023en,bbeam1,step-profile-config1-bbeam1-gaokao2023en-exclusive0817,19,19,6,draft|draft_verify,73.33660125732422,59.0975284576416,0.0,240,19,215,6,0,0,1,1,0
gaokao2023en,bbeam1,step-profile-config1-bbeam1-gaokao2023en-exclusive0817,19,19,7,draft|draft_verify,95.03173828125,59.409141540527344,0.0,259,24,241,7,0,0,1,1,0
gaokao2023en,bbeam1,step-profile-config1-bbeam1-gaokao2023en-exclusive0817,19,19,8,draft|draft_verify,126.85060501098633,75.96492767333984,0.0,283,32,275,8,0,0,1,1,0
gaokao2023en,bbeam1,step-profile-config1-bbeam1-gaokao2023en-exclusive0817,19,19,9,draft|draft_verify,71.73347473144531,76.63202285766602,0.0,315,18,295,9,0,0,1,1,0
gaokao2023en,bbeam1,step-profile-config1-bbeam1-gaokao2023en-exclusive0817,19,19,10,draft|draft_verify,79.00738716125488,77.2097110748291,0.0,333,20,317,10,0,0,1,1,0
gaokao2023en,bbeam1,step-profile-config1-bbeam1-gaokao2023en-exclusive0817,19,19,11,draft|draft_verify,33.263444900512695,91.17317199707031,0.0,353,8,327,11,0,0,1,1,0
gaokao2023en,bbeam1,step-profile-config1-bbeam1-gaokao2023en-exclusive0817,19,19,12,draft|draft_verify,80.39450645446777,92.68498420715332,0.0,361,20,349,12,0,0,1,1,0
gaokao2023en,bbeam1,step-profile-config1-bbeam1-gaokao2023en-exclusive0817,19,19,13,draft|draft_verify,87.16917037963867,92.61870384216309,0.0,381,22,373,13,0,0,1,1,0
gaokao2023en,bbeam1,step-profile-config1-bbeam1-gaokao2023en-exclusive0817,19,19,14,draft|draft_verify,226.22323036193848,125.42009353637695,0.0,403,57,432,14,0,0,1,1,0
gaokao2023en,bbeam1,step-profile-config1-bbeam1-gaokao2023en-exclusive0817,19,19,15,draft|draft_verify,78.24015617370605,127.05755233764648,0.0,460,20,454,15,0,0,1,1,0
gaokao2023en,bbeam1,step-profile-config1-bbeam1-gaokao2023en-exclusive0817,19,19,16,draft|draft_verify,73.38452339172363,126.45959854125977,0.0,480,18,474,16,0,0,1,1,0
gaokao2023en,bbeam1,step-profile-config1-bbeam1-gaokao2023en-exclusive0817,19,19,17,draft|draft_verify,223.50215911865234,127.21061706542969,0.0,498,57,533,17,0,0,1,1,0
gaokao2023en,bbeam1,step-profile-config1-bbeam1-gaokao2023en-exclusive0817,19,19,18,draft|draft_verify,330.4257392883301,132.1556568145752,0.0,555,85,620,18,0,0,1,1,0
gaokao2023en,bbeam1,step-profile-config1-bbeam1-gaokao2023en-exclusive0817,19,19,19,draft|draft_verify|target|backtracking_verify,83.91594886779785,282.7010154724121,235.13317108154297,640,21,1275,38,640,10,1,2,1
gaokao2023en,bbeam1,step-profile-config1-bbeam1-gaokao2023en-exclusive0817,19,19,20,draft|draft_verify|target|backtracking_verify,383.3012580871582,461.7893695831299,1034.1103076934814,1311,96,2070,60,661,50,2,3,1
gaokao2023en,bbeam1,step-profile-config1-bbeam1-gaokao2023en-exclusive0817,19,19,21,draft|draft_verify|target|target_rescue_verify,261.80434226989746,834.2461585998535,6109.965085983276,2118,64,3828,105,1422,294,3,5,2
gaokao2023en,bbeam1,step-profile-config1-bbeam1-gaokao2023en-exclusive0817,19,19,22,draft|draft_verify,197.9074478149414,154.57987785339355,0.0,708,50,746,22,0,0,1,1,0
gaokao2023en,bbeam1,step-profile-config1-bbeam1-gaokao2023en-exclusive0817,19,19,23,draft|draft_verify,47.03378677368164,154.56461906433105,0.0,758,11,759,23,0,0,1,1,0
gaokao2023en,bbeam1,step-profile-config1-bbeam1-gaokao2023en-exclusive0817,19,19,24,draft|draft_verify,217.24534034729004,174.29018020629883,0.0,769,56,817,24,0,0,1,1,0
gaokao2023en,bbeam1,step-profile-config1-bbeam1-gaokao2023en-exclusive0817,19,19,25,draft|draft_verify,44.87204551696777,172.3482608795166,0.0,825,11,830,25,0,0,1,1,0
gaokao2023en,bbeam1,step-profile-config1-bbeam1-gaokao2023en-exclusive0817,19,19,26,draft|draft_verify,200.51217079162598,177.4437427520752,0.0,836,50,882,26,0,0,1,1,0
gaokao2023en,bbeam1,step-profile-config1-bbeam1-gaokao2023en-exclusive0817,20,20,1,draft|draft_verify,306.60390853881836,30.394315719604492,0.0,98,83,127,1,0,0,1,1,0
gaokao2023en,bbeam1,step-profile-config1-bbeam1-gaokao2023en-exclusive0817,20,20,2,draft|draft_verify|target|target_rescue_verify,2213.430166244507,254.3625831604004,3417.0308113098145,181,581,1006,4,181,167,1,2,1
gaokao2023en,bbeam1,step-profile-config1-bbeam1-gaokao2023en-exclusive0817,20,20,3,draft|draft_verify|target|target_rescue_verify,1109.2565059661865,283.7839126586914,2556.647777557373,348,287,1009,6,348,126,1,2,1
gaokao2023en,bbeam1,step-profile-config1-bbeam1-gaokao2023en-exclusive0817,20,20,4,draft|draft_verify,722.4743366241455,132.17926025390625,0.0,474,186,612,4,0,0,1,1,0
gaokao2023en,bbeam1,step-profile-config1-bbeam1-gaokao2023en-exclusive0817,20,20,5,draft|draft_verify,66.33949279785156,132.2305202484131,0.0,660,16,630,5,0,0,1,1,0
gaokao2023en,bbeam1,step-profile-config1-bbeam1-gaokao2023en-exclusive0817,21,21,1,draft|draft_verify,201.03764533996582,30.99370002746582,0.0,121,51,118,1,0,0,1,1,0
gaokao2023en,bbeam1,step-profile-config1-bbeam1-gaokao2023en-exclusive0817,21,21,2,draft|draft_verify,204.64515686035156,50.2316951751709,0.0,172,54,174,2,0,0,1,1,0
gaokao2023en,bbeam1,step-profile-config1-bbeam1-gaokao2023en-exclusive0817,21,21,3,draft|draft_verify,58.686256408691406,56.44679069519043,0.0,226,16,192,3,0,0,1,1,0
gaokao2023en,bbeam1,step-profile-config1-bbeam1-gaokao2023en-exclusive0817,21,21,4,draft|draft_verify|target|target_rescue_verify,1108.365774154663,223.4477996826172,745.2199459075928,242,287,708,8,242,33,1,2,1
gaokao2023en,bbeam1,step-profile-config1-bbeam1-gaokao2023en-exclusive0817,21,21,5,draft|draft_verify,244.6901798248291,77.61073112487793,0.0,275,64,293,5,0,0,1,1,0
gaokao2023en,bbeam1,step-profile-config1-bbeam1-gaokao2023en-exclusive0817,21,21,6,draft|draft_verify,239.52388763427734,93.20831298828125,0.0,339,63,358,6,0,0,1,1,0
gaokao2023en,bbeam1,step-profile-config1-bbeam1-gaokao2023en-exclusive0817,21,21,7,draft|draft_verify,375.87451934814453,127.08687782287598,0.0,402,99,459,7,0,0,1,1,0
gaokao2023en,bbeam1,step-profile-config1-bbeam1-gaokao2023en-exclusive0817,21,21,8,draft|draft_verify,62.22224235534668,126.60765647888184,0.0,501,16,477,8,0,0,1,1,0
gaokao2023en,bbeam1,step-profile-config1-bbeam1-gaokao2023en-exclusive0817,21,21,9,draft|draft_verify,111.31525039672852,136.1987590789795,0.0,517,29,508,9,0,0,1,1,0
gaokao2023en,bbeam1,step-profile-config1-bbeam1-gaokao2023en-exclusive0817,21,21,10,draft|draft_verify,165.23337364196777,127.6099681854248,0.0,546,43,553,10,0,0,1,1,0
gaokao2023en,bbeam1,step-profile-config1-bbeam1-gaokao2023en-exclusive0817,21,21,11,draft|draft_verify,119.56906318664551,130.69725036621094,0.0,589,31,586,11,0,0,1,1,0
gaokao2023en,bbeam1,step-profile-config1-bbeam1-gaokao2023en-exclusive0817,21,21,12,draft|draft_verify,411.2882614135742,153.02371978759766,0.0,620,109,697,12,0,0,1,1,0
gaokao2023en,bbeam1,step-profile-config1-bbeam1-gaokao2023en-exclusive0817,21,21,13,draft|draft_verify,62.16263771057129,154.2041301727295,0.0,729,16,715,13,0,0,1,1,0
gaokao2023en,bbeam1,step-profile-config1-bbeam1-gaokao2023en-exclusive0817,21,21,14,draft|draft_verify,113.4793758392334,154.8311710357666,0.0,745,29,746,14,0,0,1,1,0
gaokao2023en,bbeam1,step-profile-config1-bbeam1-gaokao2023en-exclusive0817,21,21,15,draft|draft_verify,165.27152061462402,174.79944229125977,0.0,774,43,791,15,0,0,1,1,0
gaokao2023en,bbeam1,step-profile-config1-bbeam1-gaokao2023en-exclusive0817,21,21,16,draft|draft_verify,120.54300308227539,182.9214096069336,0.0,817,31,824,16,0,0,1,1,0
gaokao2023en,bbeam1,step-profile-config1-bbeam1-gaokao2023en-exclusive0817,21,21,17,draft|draft_verify,420.13001441955566,200.01888275146484,0.0,848,109,935,17,0,0,1,1,0
gaokao2023en,bbeam1,step-profile-config1-bbeam1-gaokao2023en-exclusive0817,21,21,18,draft|draft_verify,63.45725059509277,200.2694606781006,0.0,957,16,953,18,0,0,1,1,0
gaokao2023en,bbeam1,step-profile-config1-bbeam1-gaokao2023en-exclusive0817,21,21,19,draft|draft_verify,141.70551300048828,199.9979019165039,0.0,973,35,990,19,0,0,1,1,0
gaokao2023en,bbeam1,step-profile-config1-bbeam1-gaokao2023en-exclusive0817,21,21,20,draft|draft_verify,249.88555908203125,220.63446044921875,0.0,1008,64,1056,20,0,0,1,1,0
gaokao2023en,bbeam1,step-profile-config1-bbeam1-gaokao2023en-exclusive0817,21,21,21,draft|draft_verify,140.33269882202148,228.03688049316406,0.0,1072,36,1094,21,0,0,1,1,0
gaokao2023en,bbeam1,step-profile-config1-bbeam1-gaokao2023en-exclusive0817,21,21,22,draft|draft_verify,138.41581344604492,230.19671440124512,0.0,1108,36,1132,22,0,0,1,1,0
gaokao2023en,bbeam1,step-profile-config1-bbeam1-gaokao2023en-exclusive0817,21,21,23,draft|draft_verify,116.09888076782227,257.1539878845215,0.0,1144,28,1162,23,0,0,1,1,0
gaokao2023en,bbeam1,step-profile-config1-bbeam1-gaokao2023en-exclusive0817,21,21,24,draft|draft_verify,105.5457592010498,255.5077075958252,0.0,1172,26,1190,24,0,0,1,1,0
gaokao2023en,bbeam1,step-profile-config1-bbeam1-gaokao2023en-exclusive0817,22,22,1,draft|draft_verify,177.5209903717041,31.247615814208984,0.0,133,47,126,1,0,0,1,1,0
gaokao2023en,bbeam1,step-profile-config1-bbeam1-gaokao2023en-exclusive0817,22,22,2,draft|draft_verify,266.44253730773926,59.757232666015625,0.0,180,71,199,2,0,0,1,1,0
gaokao2023en,bbeam1,step-profile-config1-bbeam1-gaokao2023en-exclusive0817,22,22,3,draft|draft_verify,277.89306640625,76.10058784484863,0.0,251,71,272,3,0,0,1,1,0
gaokao2023en,bbeam1,step-profile-config1-bbeam1-gaokao2023en-exclusive0817,22,22,4,draft|draft_verify|target|target_rescue_verify,675.7290363311768,283.72669219970703,2557.7070713043213,322,171,842,8,322,123,1,2,1
gaokao2023en,bbeam1,step-profile-config1-bbeam1-gaokao2023en-exclusive0817,22,22,5,draft|draft_verify|target|target_rescue_verify,279.13928031921387,254.8198699951172,1533.3216190338135,445,70,943,10,445,75,1,2,1
gaokao2023en,bbeam1,step-profile-config1-bbeam1-gaokao2023en-exclusive0817,22,22,6,draft|draft_verify,222.1529483795166,127.54559516906738,0.0,520,56,532,6,0,0,1,1,0
gaokao2023en,bbeam1,step-profile-config1-bbeam1-gaokao2023en-exclusive0817,22,22,7,draft|draft_verify,111.93323135375977,127.41565704345703,0.0,576,28,562,7,0,0,1,1,0
gaokao2023en,bbeam1,step-profile-config1-bbeam1-gaokao2023en-exclusive0817,23,23,1,draft|draft_verify,112.17188835144043,20.914554595947266,0.0,84,29,60,1,0,0,1,1,0
gaokao2023en,bbeam1,step-profile-config1-bbeam1-gaokao2023en-exclusive0817,23,23,2,draft|draft_verify,615.7104969024658,58.8221549987793,0.0,113,162,224,2,0,0,1,1,0
gaokao2023en,bbeam1,step-profile-config1-bbeam1-gaokao2023en-exclusive0817,23,23,3,draft|draft_verify,422.4550724029541,91.52674674987793,0.0,275,109,335,3,0,0,1,1,0
gaokao2023en,bbeam1,step-profile-config1-bbeam1-gaokao2023en-exclusive0817,23,23,4,draft|draft_verify,172.32155799865723,92.61941909790039,0.0,384,45,382,4,0,0,1,1,0
gaokao2023en,bbeam1,step-profile-config1-bbeam1-gaokao2023en-exclusive0817,23,23,5,draft|draft_verify,212.65697479248047,124.60017204284668,0.0,429,55,439,5,0,0,1,1,0
gaokao2023en,bbeam1,step-profile-config1-bbeam1-gaokao2023en-exclusive0817,23,23,6,draft|draft_verify|target|target_rescue_verify,641.6261196136475,274.3651866912842,1052.2758960723877,484,166,1093,12,484,45,1,2,1
gaokao2023en,bbeam1,step-profile-config1-bbeam1-gaokao2023en-exclusive0817,23,23,7,draft|draft_verify|target|backtracking_verify,203.89103889465332,267.7745819091797,2356.529712677002,529,53,1145,14,529,116,1,2,1
gaokao2023en,bbeam1,step-profile-config1-bbeam1-gaokao2023en-exclusive0817,23,23,8,draft|draft_verify|target|target_rescue_verify,689.3963813781738,431.7739009857178,1775.3307819366455,1227,170,1949,24,582,87,2,3,1
gaokao2023en,bbeam1,step-profile-config1-bbeam1-gaokao2023en-exclusive0817,23,23,9,draft|draft_verify,87.81909942626953,153.74064445495605,0.0,755,21,739,9,0,0,1,1,0
gaokao2023en,bbeam1,step-profile-config1-bbeam1-gaokao2023en-exclusive0817,24,24,1,draft|draft_verify,258.38756561279297,50.362586975097656,0.0,156,69,171,1,0,0,1,1,0
gaokao2023en,bbeam1,step-profile-config1-bbeam1-gaokao2023en-exclusive0817,24,24,2,draft|draft_verify,229.12359237670898,59.36098098754883,0.0,225,61,234,2,0,0,1,1,0
gaokao2023en,bbeam1,step-profile-config1-bbeam1-gaokao2023en-exclusive0817,24,24,3,draft|draft_verify,149.51109886169434,75.4542350769043,0.0,286,39,275,3,0,0,1,1,0
gaokao2023en,bbeam1,step-profile-config1-bbeam1-gaokao2023en-exclusive0817,24,24,4,draft|draft_verify,650.0203609466553,125.3042221069336,0.0,325,167,444,4,0,0,1,1,0
gaokao2023en,bbeam1,step-profile-config1-bbeam1-gaokao2023en-exclusive0817,24,24,5,draft|draft_verify|target|target_rescue_verify,1069.8907375335693,294.19851303100586,2034.984827041626,492,277,1263,10,492,94,1,2,1
gaokao2023en,bbeam1,step-profile-config1-bbeam1-gaokao2023en-exclusive0817,24,24,6,draft|draft_verify|target|target_rescue_verify,576.6370296478271,295.56775093078613,1950.443983078003,586,142,1322,12,586,96,1,2,1
gaokao2023en,bbeam1,step-profile-config1-bbeam1-gaokao2023en-exclusive0817,24,24,7,draft|draft_verify,669.8973178863525,175.95815658569336,0.0,682,174,814,7,0,0,1,1,0
gaokao2023en,bbeam1,step-profile-config1-bbeam1-gaokao2023en-exclusive0817,24,24,8,draft|draft_verify,526.6637802124023,201.41077041625977,0.0,856,135,951,8,0,0,1,1,0
gaokao2023en,bbeam1,step-profile-config1-bbeam1-gaokao2023en-exclusive0817,24,24,9,draft|draft_verify,530.937671661377,229.39419746398926,0.0,991,137,1090,9,0,0,1,1,0
gaokao2023en,bbeam1,step-profile-config1-bbeam1-gaokao2023en-exclusive0817,24,24,10,draft|draft_verify|target|target_rescue_verify,699.8975276947021,522.6225852966309,2827.731132507324,1128,174,2491,20,1128,133,1,2,1
gaokao2023en,bbeam1,step-profile-config1-bbeam1-gaokao2023en-exclusive0817,24,24,11,draft|draft_verify,480.96489906311035,279.7114849090576,0.0,1261,121,1348,11,0,0,1,1,0
gaokao2023en,bbeam1,step-profile-config1-bbeam1-gaokao2023en-exclusive0817,24,24,12,draft|draft_verify|target|target_rescue_verify,942.4405097961426,656.796932220459,2184.9303245544434,1382,236,3041,24,1382,105,1,2,1
gaokao2023en,bbeam1,step-profile-config1-bbeam1-gaokao2023en-exclusive0817,24,24,13,draft|draft_verify,138.5056972503662,312.64400482177734,0.0,1487,34,1491,13,0,0,1,1,0
gaokao2023en,bbeam1,step-profile-config1-bbeam1-gaokao2023en-exclusive0817,25,25,1,draft|draft_verify,350.7664203643799,50.53281784057617,0.0,117,93,156,1,0,0,1,1,0
gaokao2023en,bbeam1,step-profile-config1-bbeam1-gaokao2023en-exclusive0817,25,25,2,draft|draft_verify,363.9795780181885,59.844970703125,0.0,210,93,251,2,0,0,1,1,0
gaokao2023en,bbeam1,step-profile-config1-bbeam1-gaokao2023en-exclusive0817,25,25,3,draft|draft_verify,225.50630569458008,77.40926742553711,0.0,303,59,312,3,0,0,1,1,0
gaokao2023en,bbeam1,step-profile-config1-bbeam1-gaokao2023en-exclusive0817,25,25,4,draft|draft_verify,415.5609607696533,135.67328453063965,0.0,362,109,423,4,0,0,1,1,0
gaokao2023en,bbeam1,step-profile-config1-bbeam1-gaokao2023en-exclusive0817,25,25,5,draft|draft_verify,167.73629188537598,125.59700012207031,0.0,471,42,467,5,0,0,1,1,0
gaokao2023en,bbeam1,step-profile-config1-bbeam1-gaokao2023en-exclusive0817,25,25,6,draft|draft_verify|target|target_rescue_verify,309.4596862792969,270.5707550048828,519.9339389801025,513,78,1034,12,513,18,1,2,1
gaokao2023en,bbeam1,step-profile-config1-bbeam1-gaokao2023en-exclusive0817,25,25,7,draft|draft_verify,154.82640266418457,127.0751953125,0.0,531,39,528,7,0,0,1,1,0
gaokao2023en,bbeam1,step-profile-config1-bbeam1-gaokao2023en-exclusive0817,25,25,8,draft|draft_verify|target|target_rescue_verify,357.2041988372803,276.0591506958008,2177.917957305908,570,95,1262,16,570,107,1,2,1
gaokao2023en,bbeam1,step-profile-config1-bbeam1-gaokao2023en-exclusive0817,25,25,9,draft|draft_verify,122.05028533935547,152.17089653015137,0.0,677,30,669,9,0,0,1,1,0
gaokao2023en,bbeam1,step-profile-config1-bbeam1-gaokao2023en-exclusive0817,25,25,10,draft|draft_verify|target|target_rescue_verify,486.62734031677246,363.9943599700928,3034.9349975585938,707,125,1617,20,707,150,1,2,1
gaokao2023en,bbeam1,step-profile-config1-bbeam1-gaokao2023en-exclusive0817,25,25,11,draft|draft_verify,115.98587036132812,175.4288673400879,0.0,857,28,851,11,0,0,1,1,0
gaokao2023en,bbeam1,step-profile-config1-bbeam1-gaokao2023en-exclusive0817,26,26,1,draft|draft_verify,112.26534843444824,30.637741088867188,0.0,137,30,113,1,0,0,1,1,0
gaokao2023en,bbeam1,step-profile-config1-bbeam1-gaokao2023en-exclusive0817,26,26,2,draft|draft_verify|target|target_rescue_verify,370.80836296081543,128.64017486572266,2342.4582481384277,167,100,444,4,167,114,1,2,1
gaokao2023en,bbeam1,step-profile-config1-bbeam1-gaokao2023en-exclusive0817,26,26,3,draft|draft_verify|target|target_rescue_verify,466.2976264953613,243.89386177062988,3160.562038421631,281,121,739,6,281,156,1,2,1
gaokao2023en,bbeam1,step-profile-config1-bbeam1-gaokao2023en-exclusive0817,26,26,4,draft|draft_verify,128.48234176635742,124.66645240783691,0.0,437,32,421,4,0,0,1,1,0
gaokao2023en,bbeam1,step-profile-config1-bbeam1-gaokao2023en-exclusive0817,26,26,5,draft|draft_verify,200.63114166259766,125.58794021606445,0.0,469,52,475,5,0,0,1,1,0
gaokao2023en,bbeam1,step-profile-config1-bbeam1-gaokao2023en-exclusive0817,26,26,6,draft|draft_verify,207.30090141296387,127.28524208068848,0.0,521,54,531,6,0,0,1,1,0
gaokao2023en,bbeam1,step-profile-config1-bbeam1-gaokao2023en-exclusive0817,26,26,7,draft|draft_verify|target|target_rescue_verify,206.25758171081543,273.59724044799805,2130.009651184082,575,54,1223,14,575,103,1,2,1
gaokao2023en,bbeam1,step-profile-config1-bbeam1-gaokao2023en-exclusive0817,26,26,8,draft|draft_verify,141.09206199645996,152.38022804260254,0.0,678,35,673,8,0,0,1,1,0
gaokao2023en,bbeam1,step-profile-config1-bbeam1-gaokao2023en-exclusive0817,27,27,1,draft|draft_verify,189.06855583190918,29.748916625976562,0.0,111,51,108,1,0,0,1,1,0
gaokao2023en,bbeam1,step-profile-config1-bbeam1-gaokao2023en-exclusive0817,27,27,2,draft|draft_verify|target|target_rescue_verify,1948.0819702148438,191.97440147399902,631.7093372344971,162,504,752,4,162,29,1,2,1
gaokao2023en,bbeam1,step-profile-config1-bbeam1-gaokao2023en-exclusive0817,27,27,3,draft|draft_verify,317.2740936279297,60.06002426147461,0.0,191,86,226,3,0,0,1,1,0
gaokao2023en,bbeam1,step-profile-config1-bbeam1-gaokao2023en-exclusive0817,27,27,4,draft|draft_verify,196.59733772277832,75.97708702087402,0.0,277,51,279,4,0,0,1,1,0
gaokao2023en,bbeam1,step-profile-config1-bbeam1-gaokao2023en-exclusive0817,27,27,5,draft|draft_verify|target|target_rescue_verify,1477.278709411621,245.3176975250244,572.9084014892578,328,386,972,10,328,25,1,2,1
gaokao2023en,bbeam1,step-profile-config1-bbeam1-gaokao2023en-exclusive0817,27,27,6,draft|draft_verify,111.17839813232422,91.88318252563477,0.0,353,28,335,6,0,0,1,1,0
gaokao2023en,bbeam1,step-profile-config1-bbeam1-gaokao2023en-exclusive0817,27,27,7,draft|draft_verify,231.048583984375,123.98672103881836,0.0,381,60,397,7,0,0,1,1,0
gaokao2023en,bbeam1,step-profile-config1-bbeam1-gaokao2023en-exclusive0817,27,27,8,draft|draft_verify,40.37046432495117,123.6569881439209,0.0,441,10,408,8,0,0,1,1,0
gaokao2023en,bbeam1,step-profile-config1-bbeam1-gaokao2023en-exclusive0817,27,27,9,draft|draft_verify,232.1920394897461,125.82254409790039,0.0,451,61,470,9,0,0,1,1,0
gaokao2023en,bbeam1,step-profile-config1-bbeam1-gaokao2023en-exclusive0817,27,27,10,draft|draft_verify,169.6021556854248,126.80816650390625,0.0,512,44,516,10,0,0,1,1,0
gaokao2023en,bbeam1,step-profile-config1-bbeam1-gaokao2023en-exclusive0817,27,27,11,draft|draft_verify,109.78913307189941,127.70247459411621,0.0,556,28,546,11,0,0,1,1,0
gaokao2023en,bbeam1,step-profile-config1-bbeam1-gaokao2023en-exclusive0817,27,27,12,draft|draft_verify,52.19125747680664,127.31194496154785,0.0,584,13,560,12,0,0,1,1,0
gaokao2023en,bbeam1,step-profile-config1-bbeam1-gaokao2023en-exclusive0817,27,27,13,draft|draft_verify|target|target_rescue_verify,436.26904487609863,279.91414070129395,525.7217884063721,597,115,1261,26,597,22,1,2,1
gaokao2023en,bbeam1,step-profile-config1-bbeam1-gaokao2023en-exclusive0817,27,27,14,draft|draft_verify|target|target_rescue_verify,461.0424041748047,287.11867332458496,1115.5614852905273,619,121,1346,28,619,54,1,2,1
gaokao2023en,bbeam1,step-profile-config1-bbeam1-gaokao2023en-exclusive0817,27,27,15,draft|draft_verify,224.3175506591797,152.57024765014648,0.0,673,58,700,15,0,0,1,1,0
gaokao2023en,bbeam1,step-profile-config1-bbeam1-gaokao2023en-exclusive0817,27,27,16,draft|draft_verify,227.36763954162598,153.86152267456055,0.0,731,59,761,16,0,0,1,1,0
gaokao2023en,bbeam1,step-profile-config1-bbeam1-gaokao2023en-exclusive0817,27,27,17,draft|draft_verify|target|backtracking_verify,297.680139541626,387.67528533935547,3562.9286766052246,790,78,1780,34,790,176,1,2,1
gaokao2023en,bbeam1,step-profile-config1-bbeam1-gaokao2023en-exclusive0817,27,27,18,draft|draft_verify|target|target_rescue_verify,328.768253326416,574.6140480041504,978.3565998077393,1834,84,2756,54,868,45,2,3,1
gaokao2023en,bbeam1,step-profile-config1-bbeam1-gaokao2023en-exclusive0817,27,27,19,draft|draft_verify,208.50753784179688,226.7448902130127,0.0,1005,54,1036,19,0,0,1,1,0
gaokao2023en,bbeam1,step-profile-config1-bbeam1-gaokao2023en-exclusive0817,27,27,20,draft|draft_verify,185.84203720092773,227.78081893920898,0.0,1059,46,1084,20,0,0,1,1,0
gaokao2023en,bbeam1,step-profile-config1-bbeam1-gaokao2023en-exclusive0817,27,27,21,draft|draft_verify,298.2139587402344,255.17964363098145,0.0,1105,71,1157,21,0,0,1,1,0
gaokao2023en,bbeam1,step-profile-config1-bbeam1-gaokao2023en-exclusive0817,27,27,22,draft|draft_verify,115.59796333312988,254.0740966796875,0.0,1176,28,1187,22,0,0,1,1,0
gaokao2023en,bbeam1,step-profile-config1-bbeam1-gaokao2023en-exclusive0817,27,27,23,draft|draft_verify,186.61975860595703,258.29172134399414,0.0,1204,45,1234,23,0,0,1,1,0
gaokao2023en,bbeam1,step-profile-config1-bbeam1-gaokao2023en-exclusive0817,27,27,24,draft|draft_verify,281.5589904785156,272.902250289917,0.0,1249,68,1304,24,0,0,1,1,0
gaokao2023en,bbeam1,step-profile-config1-bbeam1-gaokao2023en-exclusive0817,27,27,25,draft|draft_verify,144.608736038208,277.7109146118164,0.0,1317,37,1343,25,0,0,1,1,0
gaokao2023en,bbeam1,step-profile-config1-bbeam1-gaokao2023en-exclusive0817,27,27,26,draft|draft_verify,15.163898468017578,275.35295486450195,0.0,1354,3,1347,26,0,0,1,1,0
gaokao2023en,bbeam1,step-profile-config1-bbeam1-gaokao2023en-exclusive0817,27,27,27,draft|draft_verify,165.42935371398926,278.9177894592285,0.0,1357,43,1392,27,0,0,1,1,0
gaokao2023en,bbeam1,step-profile-config1-bbeam1-gaokao2023en-exclusive0817,27,27,28,draft|draft_verify,51.08976364135742,277.4491310119629,0.0,1400,11,1405,28,0,0,1,1,0
gaokao2023en,bbeam1,step-profile-config1-bbeam1-gaokao2023en-exclusive0817,28,28,1,draft|draft_verify,122.67827987670898,28.846025466918945,0.0,105,33,84,1,0,0,1,1,0
gaokao2023en,bbeam1,step-profile-config1-bbeam1-gaokao2023en-exclusive0817,28,28,2,draft|draft_verify|target|target_rescue_verify,596.0736274719238,117.3098087310791,1353.618860244751,138,153,390,4,138,65,1,2,1
gaokao2023en,bbeam1,step-profile-config1-bbeam1-gaokao2023en-exclusive0817,28,28,3,draft|draft_verify,289.5498275756836,66.78366661071777,0.0,203,74,227,3,0,0,1,1,0
gaokao2023en,bbeam1,step-profile-config1-bbeam1-gaokao2023en-exclusive0817,28,28,4,draft|draft_verify,290.80891609191895,85.37173271179199,0.0,277,76,305,4,0,0,1,1,0
gaokao2023en,bbeam1,step-profile-config1-bbeam1-gaokao2023en-exclusive0817,28,28,5,draft|draft_verify,315.5179023742676,133.23545455932617,0.0,353,80,387,5,0,0,1,1,0
gaokao2023en,bbeam1,step-profile-config1-bbeam1-gaokao2023en-exclusive0817,28,28,6,draft|draft_verify,139.40072059631348,124.47047233581543,0.0,433,34,423,6,0,0,1,1,0
gaokao2023en,bbeam1,step-profile-config1-bbeam1-gaokao2023en-exclusive0817,29,29,1,draft|draft_verify|target|backtracking_verify,123.21829795837402,61.36584281921387,1010.584831237793,110,33,196,2,110,49,1,2,1
gaokao2023en,bbeam1,step-profile-config1-bbeam1-gaokao2023en-exclusive0817,29,29,2,draft|draft_verify|target|target_rescue_verify,784.7352027893066,252.53915786743164,4126.292943954468,302,214,816,8,302,202,2,4,2
gaokao2023en,bbeam1,step-profile-config1-bbeam1-gaokao2023en-exclusive0817,29,29,3,draft|draft_verify|target|target_rescue_verify,783.6480140686035,434.38220024108887,11126.408338546753,504,206,1569,12,504,551,2,4,2
gaokao2023en,bbeam1,step-profile-config1-bbeam1-gaokao2023en-exclusive0817,29,29,4,draft|draft_verify|target|target_rescue_verify,8547.896146774292,1067.7807331085205,14158.74719619751,1055,2197,4821,16,1055,702,2,4,2
gaokao2023en,bbeam1,step-profile-config1-bbeam1-gaokao2023en-exclusive0817,29,29,5,draft|draft_verify|target|target_rescue_verify,2189.241409301758,1036.0512733459473,14399.549961090088,1757,571,4618,20,1757,713,2,4,2
gaokao2023en,bbeam1,step-profile-config1-bbeam1-gaokao2023en-exclusive0817,29,29,6,draft|draft_verify,139.01090621948242,328.2895088195801,0.0,1553,29,1539,6,0,0,1,1,0
gaokao2023en,bbeam1,step-profile-config1-bbeam1-gaokao2023en-exclusive0817,30,30,1,draft|draft_verify,260.30898094177246,51.03921890258789,0.0,136,71,154,1,0,0,1,1,0
gaokao2023en,bbeam1,step-profile-config1-bbeam1-gaokao2023en-exclusive0817,30,30,2,draft|draft_verify,461.761474609375,77.38494873046875,0.0,207,124,280,2,0,0,1,1,0
gaokao2023en,bbeam1,step-profile-config1-bbeam1-gaokao2023en-exclusive0817,30,30,3,draft|draft_verify,256.9406032562256,93.07503700256348,0.0,331,68,350,3,0,0,1,1,0
gaokao2023en,bbeam1,step-profile-config1-bbeam1-gaokao2023en-exclusive0817,30,30,4,draft|draft_verify|target|target_rescue_verify,2751.077175140381,438.04311752319336,9532.591581344604,399,729,1902,8,399,469,1,2,1
gaokao2023en,bbeam1,step-profile-config1-bbeam1-gaokao2023en-exclusive0817,30,30,5,draft|draft_verify|target|target_rescue_verify,7822.118759155273,871.8338012695312,8595.956802368164,868,2049,4120,10,868,426,1,2,1
gaokao2023en,bbeam1,step-profile-config1-bbeam1-gaokao2023en-exclusive0817,30,30,6,draft|draft_verify,97.49054908752441,257.7390670776367,0.0,1294,22,1273,6,0,0,1,1,0
gaokao2023en,bbeam1,step-profile-config1-bbeam1-gaokao2023en-exclusive0817,31,31,1,draft|draft_verify,256.4833164215088,30.24435043334961,0.0,105,68,119,1,0,0,1,1,0
gaokao2023en,bbeam1,step-profile-config1-bbeam1-gaokao2023en-exclusive0817,31,31,2,draft|draft_verify,271.01755142211914,58.08091163635254,0.0,173,71,192,2,0,0,1,1,0
gaokao2023en,bbeam1,step-profile-config1-bbeam1-gaokao2023en-exclusive0817,31,31,3,draft|draft_verify,111.19580268859863,59.415578842163086,0.0,244,27,221,3,0,0,1,1,0
gaokao2023en,bbeam1,step-profile-config1-bbeam1-gaokao2023en-exclusive0817,31,31,4,draft|draft_verify|target|target_rescue_verify,194.7469711303711,153.4900665283203,825.0043392181396,271,46,529,8,271,37,1,2,1
gaokao2023en,bbeam1,step-profile-config1-bbeam1-gaokao2023en-exclusive0817,31,31,5,draft|draft_verify,130.6138038635254,76.69997215270996,0.0,308,33,295,5,0,0,1,1,0
gaokao2023en,bbeam1,step-profile-config1-bbeam1-gaokao2023en-exclusive0817,31,31,6,draft|draft_verify,89.95461463928223,76.66635513305664,0.0,341,23,320,6,0,0,1,1,0
gaokao2023en,bbeam1,step-profile-config1-bbeam1-gaokao2023en-exclusive0817,31,31,7,draft|draft_verify,345.1080322265625,124.34864044189453,0.0,364,89,411,7,0,0,1,1,0
gaokao2023en,bbeam1,step-profile-config1-bbeam1-gaokao2023en-exclusive0817,31,31,8,draft|draft_verify,89.15495872497559,125.3352165222168,0.0,453,23,436,8,0,0,1,1,0
gaokao2023en,bbeam1,step-profile-config1-bbeam1-gaokao2023en-exclusive0817,31,31,9,draft|draft_verify,131.67619705200195,125.89883804321289,0.0,476,33,471,9,0,0,1,1,0
gaokao2023en,bbeam1,step-profile-config1-bbeam1-gaokao2023en-exclusive0817,31,31,10,draft|draft_verify,28.360605239868164,125.66566467285156,0.0,509,7,480,10,0,0,1,1,0
gaokao2023en,bbeam1,step-profile-config1-bbeam1-gaokao2023en-exclusive0817,31,31,11,draft|draft_verify,152.18567848205566,127.08115577697754,0.0,516,40,522,11,0,0,1,1,0
gaokao2023en,bbeam1,step-profile-config1-bbeam1-gaokao2023en-exclusive0817,31,31,12,draft|draft_verify,73.67300987243652,127.58493423461914,0.0,556,19,543,12,0,0,1,1,0
gaokao2023en,bbeam1,step-profile-config1-bbeam1-gaokao2023en-exclusive0817,31,31,13,draft|draft_verify,242.95687675476074,130.5081844329834,0.0,575,64,609,13,0,0,1,1,0
gaokao2023en,bbeam1,step-profile-config1-bbeam1-gaokao2023en-exclusive0817,31,31,14,draft|draft_verify,133.93664360046387,149.90997314453125,0.0,639,35,646,14,0,0,1,1,0
gaokao2023en,bbeam1,step-profile-config1-bbeam1-gaokao2023en-exclusive0817,31,31,15,draft|draft_verify,251.09267234802246,152.41527557373047,0.0,674,66,714,15,0,0,1,1,0
gaokao2023en,bbeam1,step-profile-config1-bbeam1-gaokao2023en-exclusive0817,31,31,16,draft|draft_verify,92.27132797241211,153.7797451019287,0.0,740,24,740,16,0,0,1,1,0
gaokao2023en,bbeam1,step-profile-config1-bbeam1-gaokao2023en-exclusive0817,31,31,17,draft|draft_verify,92.64326095581055,154.97827529907227,0.0,764,17,759,17,0,0,1,1,0
gaokao2023en,bbeam1,step-profile-config1-bbeam1-gaokao2023en-exclusive0817,31,31,18,draft|draft_verify|target|target_rescue_verify,689.1350746154785,418.0643558502197,3873.713254928589,781,170,1877,36,781,185,1,2,1
gaokao2023en,bbeam1,step-profile-config1-bbeam1-gaokao2023en-exclusive0817,31,31,19,draft|draft_verify,70.07765769958496,201.01523399353027,0.0,966,17,965,19,0,0,1,1,0
gaokao2023en,bbeam1,step-profile-config1-bbeam1-gaokao2023en-exclusive0817,31,31,20,draft|draft_verify,591.2539958953857,229.722261428833,0.0,983,154,1121,20,0,0,1,1,0
gaokao2023en,bbeam1,step-profile-config1-bbeam1-gaokao2023en-exclusive0817,31,31,21,draft|draft_verify,60.32061576843262,229.47978973388672,0.0,1137,15,1138,21,0,0,1,1,0
gaokao2023en,bbeam1,step-profile-config1-bbeam1-gaokao2023en-exclusive0817,31,31,22,draft|draft_verify,79.35380935668945,246.71483039855957,0.0,1152,20,1160,22,0,0,1,1,0
gaokao2023en,bbeam1,step-profile-config1-bbeam1-gaokao2023en-exclusive0817,31,31,23,draft|draft_verify,44.95120048522949,252.74109840393066,0.0,1172,11,1173,23,0,0,1,1,0
gaokao2023en,bbeam1,step-profile-config1-bbeam1-gaokao2023en-exclusive0817,31,31,24,draft|draft_verify|target|target_rescue_verify,83.5275650024414,591.6290283203125,6789.084434509277,1183,20,2703,48,1183,333,1,2,1
gaokao2023en,bbeam1,step-profile-config1-bbeam1-gaokao2023en-exclusive0817,31,31,25,draft|draft_verify,53.06243896484375,310.5578422546387,0.0,1516,11,1521,25,0,0,1,1,0
gaokao2023en,bbeam1,step-profile-config1-bbeam1-gaokao2023en-exclusive0817,31,31,26,draft|draft_verify,42.60373115539551,312.9911422729492,0.0,1527,9,1532,26,0,0,1,1,0
gaokao2023en,bbeam1,step-profile-config1-bbeam1-gaokao2023en-exclusive0817,32,32,1,draft|draft_verify,153.77092361450195,21.962404251098633,0.0,77,41,64,1,0,0,1,1,0
gaokao2023en,bbeam1,step-profile-config1-bbeam1-gaokao2023en-exclusive0817,32,32,2,draft|draft_verify,177.90889739990234,29.277563095092773,0.0,118,48,113,2,0,0,1,1,0
gaokao2023en,bbeam1,step-profile-config1-bbeam1-gaokao2023en-exclusive0817,32,32,3,draft|draft_verify,196.04015350341797,49.820899963378906,0.0,166,53,168,3,0,0,1,1,0
gaokao2023en,bbeam1,step-profile-config1-bbeam1-gaokao2023en-exclusive0817,32,32,4,draft|draft_verify,420.93658447265625,77.00920104980469,0.0,219,109,279,4,0,0,1,1,0
gaokao2023en,bbeam1,step-profile-config1-bbeam1-gaokao2023en-exclusive0817,32,32,5,draft|draft_verify,70.47128677368164,76.47109031677246,0.0,328,17,298,5,0,0,1,1,0
gaokao2023en,bbeam1,step-profile-config1-bbeam1-gaokao2023en-exclusive0817,33,33,1,draft|draft_verify,75.13880729675293,30.951738357543945,0.0,120,20,86,1,0,0,1,1,0
gaokao2023en,bbeam1,step-profile-config1-bbeam1-gaokao2023en-exclusive0817,33,33,2,draft|draft_verify,167.372465133667,51.818132400512695,0.0,140,45,133,2,0,0,1,1,0
gaokao2023en,bbeam1,step-profile-config1-bbeam1-gaokao2023en-exclusive0817,33,33,3,draft|draft_verify|target|target_rescue_verify,558.2363605499268,140.794038772583,374.8130798339844,185,148,432,6,185,15,1,2,1
gaokao2023en,bbeam1,step-profile-config1-bbeam1-gaokao2023en-exclusive0817,33,33,4,draft|draft_verify,434.05890464782715,84.18989181518555,0.0,200,111,262,4,0,0,1,1,0
gaokao2023en,bbeam1,step-profile-config1-bbeam1-gaokao2023en-exclusive0817,33,33,5,draft|draft_verify,69.30708885192871,82.75556564331055,0.0,311,18,281,5,0,0,1,1,0
gaokao2023en,bbeam1,step-profile-config1-bbeam1-gaokao2023en-exclusive0817,33,33,6,draft|draft_verify,532.71484375,124.34101104736328,0.0,329,137,420,6,0,0,1,1,0
gaokao2023en,bbeam1,step-profile-config1-bbeam1-gaokao2023en-exclusive0817,33,33,7,draft|draft_verify,126.06310844421387,125.3211498260498,0.0,466,29,451,7,0,0,1,1,0
gaokao2023en,bbeam1,step-profile-config1-bbeam1-gaokao2023en-exclusive0817,34,34,1,draft|draft_verify,171.97728157043457,30.33304214477539,0.0,111,44,101,1,0,0,1,1,0
gaokao2023en,bbeam1,step-profile-config1-bbeam1-gaokao2023en-exclusive0817,34,34,2,draft|draft_verify,238.41357231140137,49.988508224487305,0.0,155,62,165,2,0,0,1,1,0
gaokao2023en,bbeam1,step-profile-config1-bbeam1-gaokao2023en-exclusive0817,34,34,3,draft|draft_verify,895.4918384552002,124.35483932495117,0.0,217,226,393,3,0,0,1,1,0
gaokao2023en,bbeam1,step-profile-config1-bbeam1-gaokao2023en-exclusive0817,34,34,4,draft|draft_verify|target|target_rescue_verify,156.20827674865723,275.6798267364502,4817.302703857422,443,41,1063,8,443,232,1,2,1
gaokao2023en,bbeam1,step-profile-config1-bbeam1-gaokao2023en-exclusive0817,34,34,5,draft|draft_verify,111.14645004272461,150.09713172912598,0.0,675,26,655,5,0,0,1,1,0
gaokao2023en,bbeam1,step-profile-config1-bbeam1-gaokao2023en-exclusive0817,35,35,1,draft|draft_verify,294.879674911499,29.848814010620117,0.0,87,78,111,1,0,0,1,1,0
gaokao2023en,bbeam1,step-profile-config1-bbeam1-gaokao2023en-exclusive0817,35,35,2,draft|draft_verify,145.77579498291016,49.165964126586914,0.0,165,39,152,2,0,0,1,1,0
gaokao2023en,bbeam1,step-profile-config1-bbeam1-gaokao2023en-exclusive0817,35,35,3,draft|draft_verify,156.90922737121582,58.701515197753906,0.0,204,41,195,3,0,0,1,1,0
gaokao2023en,bbeam1,step-profile-config1-bbeam1-gaokao2023en-exclusive0817,35,35,4,draft|draft_verify,262.540340423584,76.25317573547363,0.0,245,66,263,4,0,0,1,1,0
gaokao2023en,bbeam1,step-profile-config1-bbeam1-gaokao2023en-exclusive0817,35,35,5,draft|draft_verify,137.5253200531006,76.2784481048584,0.0,311,36,301,5,0,0,1,1,0
gaokao2023en,bbeam1,step-profile-config1-bbeam1-gaokao2023en-exclusive0817,35,35,6,draft|draft_verify,118.38984489440918,91.05658531188965,0.0,347,31,334,6,0,0,1,1,0
gaokao2023en,bbeam1,step-profile-config1-bbeam1-gaokao2023en-exclusive0817,35,35,7,draft|draft_verify|target|backtracking_verify,255.5243968963623,248.22330474853516,1136.2113952636719,378,65,792,14,378,55,1,2,1
gaokao2023en,bbeam1,step-profile-config1-bbeam1-gaokao2023en-exclusive0817,35,35,8,draft|draft_verify|target|target_rescue_verify,340.5568599700928,375.84853172302246,939.0552043914795,876,87,1325,24,443,39,2,3,1
gaokao2023en,bbeam1,step-profile-config1-bbeam1-gaokao2023en-exclusive0817,35,35,9,draft|draft_verify,255.74493408203125,142.87114143371582,0.0,464,65,491,9,0,0,1,1,0
gaokao2023en,bbeam1,step-profile-config1-bbeam1-gaokao2023en-exclusive0817,35,35,10,draft|draft_verify,262.51935958862305,127.68244743347168,0.0,529,65,558,10,0,0,1,1,0
gaokao2023en,bbeam1,step-profile-config1-bbeam1-gaokao2023en-exclusive0817,35,35,11,draft|draft_verify|target|backtracking_verify,48.34628105163574,258.6040496826172,911.7834568023682,594,12,1176,22,594,44,1,2,1
gaokao2023en,bbeam1,step-profile-config1-bbeam1-gaokao2023en-exclusive0817,35,35,12,draft|draft_verify|target|target_rescue_verify,156.67033195495605,261.3222599029541,583.765983581543,606,39,1213,24,606,26,1,2,1
gaokao2023en,bbeam1,step-profile-config1-bbeam1-gaokao2023en-exclusive0817,35,35,13,draft|draft_verify|target|target_rescue_verify,97.7945327758789,282.3905944824219,811.5167617797852,632,25,1268,26,632,39,1,2,1
gaokao2023en,bbeam1,step-profile-config1-bbeam1-gaokao2023en-exclusive0817,35,35,14,draft|draft_verify,155.65800666809082,152.22597122192383,0.0,671,40,683,14,0,0,1,1,0
gaokao2023en,bbeam1,step-profile-config1-bbeam1-gaokao2023en-exclusive0817,35,35,15,draft|draft_verify,96.41146659851074,151.95918083190918,0.0,711,24,709,15,0,0,1,1,0
gaokao2023en,bbeam1,step-profile-config1-bbeam1-gaokao2023en-exclusive0817,36,36,1,draft|draft_verify,190.9337043762207,28.644084930419922,0.0,87,52,85,1,0,0,1,1,0
gaokao2023en,bbeam1,step-profile-config1-bbeam1-gaokao2023en-exclusive0817,36,36,2,draft|draft_verify,304.42047119140625,49.57008361816406,0.0,139,83,170,2,0,0,1,1,0
gaokao2023en,bbeam1,step-profile-config1-bbeam1-gaokao2023en-exclusive0817,36,36,3,draft|draft_verify,350.4502773284912,75.97589492797852,0.0,222,94,266,3,0,0,1,1,0
gaokao2023en,bbeam1,step-profile-config1-bbeam1-gaokao2023en-exclusive0817,36,36,4,draft|draft_verify,441.0998821258545,124.08995628356934,0.0,316,117,385,4,0,0,1,1,0
gaokao2023en,bbeam1,step-profile-config1-bbeam1-gaokao2023en-exclusive0817,36,36,5,draft|draft_verify,115.52762985229492,124.27330017089844,0.0,433,29,416,5,0,0,1,1,0
gaokao2023en,bbeam1,step-profile-config1-bbeam1-gaokao2023en-exclusive0817,37,37,1,draft|draft_verify,155.77125549316406,29.617786407470703,0.0,130,41,117,1,0,0,1,1,0
gaokao2023en,bbeam1,step-profile-config1-bbeam1-gaokao2023en-exclusive0817,37,37,2,draft|draft_verify,183.48336219787598,50.31704902648926,0.0,171,49,168,2,0,0,1,1,0
gaokao2023en,bbeam1,step-profile-config1-bbeam1-gaokao2023en-exclusive0817,37,37,3,draft|draft_verify|target|backtracking_verify,343.2447910308838,161.98015213012695,1877.8176307678223,220,91,523,6,220,92,1,2,1
gaokao2023en,bbeam1,step-profile-config1-bbeam1-gaokao2023en-exclusive0817,37,37,4,draft|draft_verify|target|target_rescue_verify,425.52971839904785,197.25704193115234,1769.1080570220947,311,113,722,8,311,83,1,2,1
gaokao2023en,bbeam1,step-profile-config1-bbeam1-gaokao2023en-exclusive0817,37,37,5,draft|draft_verify|target|target_rescue_verify,498.11267852783203,268.7842845916748,1320.8339214324951,394,129,889,10,394,64,1,2,1
gaokao2023en,bbeam1,step-profile-config1-bbeam1-gaokao2023en-exclusive0817,37,37,6,draft|draft_verify|target|target_rescue_verify,271.47936820983887,280.8213233947754,2627.0689964294434,458,69,1026,12,458,129,1,2,1
gaokao2023en,bbeam1,step-profile-config1-bbeam1-gaokao2023en-exclusive0817,37,37,7,draft|draft_verify|target|target_rescue_verify,282.84478187561035,262.6960277557373,1196.8705654144287,587,73,1221,14,587,58,1,2,1
gaokao2023en,bbeam1,step-profile-config1-bbeam1-gaokao2023en-exclusive0817,37,37,8,draft|draft_verify,186.28883361816406,150.99763870239258,0.0,645,47,652,8,0,0,1,1,0
gaokao2023en,bbeam1,step-profile-config1-bbeam1-gaokao2023en-exclusive0817,38,38,1,draft|draft_verify,185.99414825439453,29.934167861938477,0.0,85,48,79,1,0,0,1,1,0
gaokao2023en,bbeam1,step-profile-config1-bbeam1-gaokao2023en-exclusive0817,38,38,2,draft|draft_verify,664.5066738128662,61.64669990539551,0.0,133,170,251,2,0,0,1,1,0
gaokao2023en,bbeam1,step-profile-config1-bbeam1-gaokao2023en-exclusive0817,38,38,3,draft|draft_verify,665.3571128845215,140.24639129638672,0.0,303,173,426,3,0,0,1,1,0
gaokao2023en,bbeam1,step-profile-config1-bbeam1-gaokao2023en-exclusive0817,38,38,4,draft|draft_verify|target|target_rescue_verify,649.0309238433838,342.59939193725586,10276.34859085083,476,169,1528,8,476,503,1,2,1
gaokao2023en,bbeam1,step-profile-config1-bbeam1-gaokao2023en-exclusive0817,39,39,1,draft|draft_verify,83.6942195892334,20.732641220092773,0.0,95,22,63,1,0,0,1,1,0
gaokao2023en,bbeam1,step-profile-config1-bbeam1-gaokao2023en-exclusive0817,39,39,2,draft|draft_verify,195.19448280334473,29.216289520263672,0.0,117,53,118,2,0,0,1,1,0
gaokao2023en,bbeam1,step-profile-config1-bbeam1-gaokao2023en-exclusive0817,39,39,3,draft|draft_verify,398.9851474761963,58.57253074645996,0.0,170,105,225,3,0,0,1,1,0
gaokao2023en,bbeam1,step-profile-config1-bbeam1-gaokao2023en-exclusive0817,39,39,4,draft|draft_verify,235.95690727233887,75.8676528930664,0.0,275,60,287,4,0,0,1,1,0
gaokao2023en,bbeam1,step-profile-config1-bbeam1-gaokao2023en-exclusive0817,39,39,5,draft|draft_verify,107.45501518249512,76.7371654510498,0.0,335,27,316,5,0,0,1,1,0
gaokao2023en,bbeam1,step-profile-config1-bbeam1-gaokao2023en-exclusive0817,40,40,1,draft|draft_verify,214.7524356842041,50.940513610839844,0.0,147,58,152,1,0,0,1,1,0
gaokao2023en,bbeam1,step-profile-config1-bbeam1-gaokao2023en-exclusive0817,40,40,2,draft|draft_verify|target|target_rescue_verify,774.0480899810791,179.92115020751953,3033.6356163024902,205,201,657,4,205,148,1,2,1
gaokao2023en,bbeam1,step-profile-config1-bbeam1-gaokao2023en-exclusive0817,40,40,3,draft|draft_verify|target|target_rescue_verify,666.5158271789551,305.74750900268555,7272.770881652832,353,166,1135,6,353,361,1,2,1
gaokao2023en,bbeam1,step-profile-config1-bbeam1-gaokao2023en-exclusive0817,40,40,4,draft|draft_verify,1295.1431274414062,204.50425148010254,0.0,714,337,1004,4,0,0,1,1,0
gaokao2023en,bbeam1,step-profile-config1-bbeam1-gaokao2023en-exclusive0817,41,41,1,draft|draft_verify,236.6468906402588,30.522584915161133,0.0,94,64,105,1,0,0,1,1,0
gaokao2023en,bbeam1,step-profile-config1-bbeam1-gaokao2023en-exclusive0817,41,41,2,draft|draft_verify,118.90721321105957,49.338579177856445,0.0,158,32,139,2,0,0,1,1,0
gaokao2023en,bbeam1,step-profile-config1-bbeam1-gaokao2023en-exclusive0817,41,41,3,draft|draft_verify,183.78210067749023,57.79242515563965,0.0,190,49,190,3,0,0,1,1,0
gaokao2023en,bbeam1,step-profile-config1-bbeam1-gaokao2023en-exclusive0817,41,41,4,draft|draft_verify,117.07329750061035,59.17978286743164,0.0,239,31,223,4,0,0,1,1,0
gaokao2023en,bbeam1,step-profile-config1-bbeam1-gaokao2023en-exclusive0817,41,41,5,draft|draft_verify,398.1201648712158,92.28229522705078,0.0,270,106,331,5,0,0,1,1,0
gaokao2023en,bbeam1,step-profile-config1-bbeam1-gaokao2023en-exclusive0817,41,41,6,draft|draft_verify|target|target_rescue_verify,336.7154598236084,266.33501052856445,1705.216407775879,376,89,834,12,376,79,1,2,1
gaokao2023en,bbeam1,step-profile-config1-bbeam1-gaokao2023en-exclusive0817,41,41,7,draft|draft_verify,238.4796142578125,125.78487396240234,0.0,455,62,476,7,0,0,1,1,0
gaokao2023en,bbeam1,step-profile-config1-bbeam1-gaokao2023en-exclusive0817,41,41,8,draft|draft_verify,527.9254913330078,128.57651710510254,0.0,517,138,616,8,0,0,1,1,0
gaokao2023en,bbeam1,step-profile-config1-bbeam1-gaokao2023en-exclusive0817,41,41,9,draft|draft_verify,330.48319816589355,158.1408977508545,0.0,655,86,704,9,0,0,1,1,0
gaokao2023en,bbeam1,step-profile-config1-bbeam1-gaokao2023en-exclusive0817,41,41,10,draft|draft_verify,109.29012298583984,153.4435749053955,0.0,741,27,733,10,0,0,1,1,0
gaokao2023en,bbeam1,step-profile-config1-bbeam1-gaokao2023en-exclusive0817,42,42,1,draft|draft_verify,173.31838607788086,28.62071990966797,0.0,93,47,86,1,0,0,1,1,0
gaokao2023en,bbeam1,step-profile-config1-bbeam1-gaokao2023en-exclusive0817,42,42,2,draft|draft_verify,183.18986892700195,49.32713508605957,0.0,140,50,138,2,0,0,1,1,0
gaokao2023en,bbeam1,step-profile-config1-bbeam1-gaokao2023en-exclusive0817,42,42,3,draft|draft_verify|target|target_rescue_verify,439.098596572876,165.6513214111328,2564.404010772705,190,118,522,6,190,124,1,2,1
gaokao2023en,bbeam1,step-profile-config1-bbeam1-gaokao2023en-exclusive0817,42,42,4,draft|draft_verify,252.3782253265381,97.81503677368164,0.0,314,66,332,4,0,0,1,1,0
gaokao2023en,bbeam1,step-profile-config1-bbeam1-gaokao2023en-exclusive0817,42,42,5,draft|draft_verify,619.6131706237793,136.36493682861328,0.0,380,165,499,5,0,0,1,1,0
gaokao2023en,bbeam1,step-profile-config1-bbeam1-gaokao2023en-exclusive0817,42,42,6,draft|draft_verify,111.9222640991211,127.2280216217041,0.0,545,28,529,6,0,0,1,1,0
gaokao2023en,bbeam1,step-profile-config1-bbeam1-gaokao2023en-exclusive0817,43,43,1,draft|draft_verify,293.2617664337158,29.633045196533203,0.0,86,79,111,1,0,0,1,1,0
gaokao2023en,bbeam1,step-profile-config1-bbeam1-gaokao2023en-exclusive0817,43,43,2,draft|draft_verify|target|backtracking_verify,855.6022644042969,138.8847827911377,412.2908115386963,165,226,471,4,165,19,1,2,1
gaokao2023en,bbeam1,step-profile-config1-bbeam1-gaokao2023en-exclusive0817,43,43,3,draft|draft_verify|target|target_rescue_verify,1978.3439636230469,376.4631748199463,4770.626068115234,575,517,1565,9,391,232,2,3,1
gaokao2023en,bbeam1,step-profile-config1-bbeam1-gaokao2023en-exclusive0817,43,43,4,draft|draft_verify,145.04528045654297,59.59606170654297,0.0,225,39,216,4,0,0,1,1,0
gaokao2023en,bbeam1,step-profile-config1-bbeam1-gaokao2023en-exclusive0817,43,43,5,draft|draft_verify,114.57061767578125,60.14823913574219,0.0,264,30,248,5,0,0,1,1,0
gaokao2023en,bbeam1,step-profile-config1-bbeam1-gaokao2023en-exclusive0817,43,43,6,draft|draft_verify,141.51525497436523,76.52401924133301,0.0,294,37,287,6,0,0,1,1,0
gaokao2023en,bbeam1,step-profile-config1-bbeam1-gaokao2023en-exclusive0817,43,43,7,draft|draft_verify|target|target_rescue_verify,130.04708290100098,177.95872688293457,602.9736995697021,331,34,639,14,331,27,1,2,1
gaokao2023en,bbeam1,step-profile-config1-bbeam1-gaokao2023en-exclusive0817,43,43,8,draft|draft_verify,115.40102958679199,98.358154296875,0.0,358,30,348,8,0,0,1,1,0
gaokao2023en,bbeam1,step-profile-config1-bbeam1-gaokao2023en-exclusive0817,43,43,9,draft|draft_verify|target|target_rescue_verify,111.57703399658203,185.23001670837402,554.7580718994141,388,29,755,18,388,26,1,2,1
gaokao2023en,bbeam1,step-profile-config1-bbeam1-gaokao2023en-exclusive0817,43,43,10,draft|draft_verify,270.7347869873047,126.17254257202148,0.0,414,70,448,10,0,0,1,1,0
gaokao2023en,bbeam1,step-profile-config1-bbeam1-gaokao2023en-exclusive0817,43,43,11,draft|draft_verify,111.57846450805664,126.4200210571289,0.0,484,29,479,11,0,0,1,1,0
gaokao2023en,bbeam1,step-profile-config1-bbeam1-gaokao2023en-exclusive0817,43,43,12,draft|draft_verify,14.242172241210938,141.88051223754883,0.0,513,3,484,12,0,0,1,1,0
gaokao2023en,bbeam1,step-profile-config1-bbeam1-gaokao2023en-exclusive0817,43,43,13,draft|draft_verify|target|target_rescue_verify,65.93775749206543,262.70532608032227,610.6224060058594,516,17,1017,26,516,28,1,2,1
gaokao2023en,bbeam1,step-profile-config1-bbeam1-gaokao2023en-exclusive0817,43,43,14,draft|draft_verify|target|backtracking_verify,202.61406898498535,296.01359367370605,3343.353748321533,544,52,1249,28,544,165,1,2,1
gaokao2023en,bbeam1,step-profile-config1-bbeam1-gaokao2023en-exclusive0817,43,43,15,draft|draft_verify|target|target_rescue_verify,100.89445114135742,262.22872734069824,579.4045925140381,596,26,1193,30,596,27,1,2,1
gaokao2023en,bbeam1,step-profile-config1-bbeam1-gaokao2023en-exclusive0817,43,43,16,draft|draft_verify,71.7153549194336,131.27779960632324,0.0,623,18,617,16,0,0,1,1,0
gaokao2023en,bbeam1,step-profile-config1-bbeam1-gaokao2023en-exclusive0817,43,43,17,draft|draft_verify,79.27417755126953,131.45732879638672,0.0,641,19,638,17,0,0,1,1,0
gaokao2023en,bbeam1,step-profile-config1-bbeam1-gaokao2023en-exclusive0817,44,44,1,draft|draft_verify,164.2286777496338,30.57551383972168,0.0,117,42,105,1,0,0,1,1,0
gaokao2023en,bbeam1,step-profile-config1-bbeam1-gaokao2023en-exclusive0817,44,44,2,draft|draft_verify,177.95658111572266,50.774574279785156,0.0,159,46,153,2,0,0,1,1,0
gaokao2023en,bbeam1,step-profile-config1-bbeam1-gaokao2023en-exclusive0817,44,44,3,draft|draft_verify,67.18564033508301,49.36051368713379,0.0,205,18,173,3,0,0,1,1,0
gaokao2023en,bbeam1,step-profile-config1-bbeam1-gaokao2023en-exclusive0817,44,44,4,draft|draft_verify|target|backtracking_verify,673.3608245849609,153.03492546081543,610.6655597686768,223,174,553,8,223,29,1,2,1
gaokao2023en,bbeam1,step-profile-config1-bbeam1-gaokao2023en-exclusive0817,44,44,5,draft|draft_verify|target|target_rescue_verify,1444.5042610168457,408.88142585754395,9307.864665985107,649,373,1739,15,397,458,2,3,1
gaokao2023en,bbeam1,step-profile-config1-bbeam1-gaokao2023en-exclusive0817,44,44,6,draft|draft_verify,112.47730255126953,92.07606315612793,0.0,383,29,368,6,0,0,1,1,0
gaokao2023en,bbeam1,step-profile-config1-bbeam1-gaokao2023en-exclusive0817,44,44,7,draft|draft_verify,938.065767288208,131.23130798339844,0.0,412,237,607,7,0,0,1,1,0
gaokao2023en,bbeam1,step-profile-config1-bbeam1-gaokao2023en-exclusive0817,44,44,8,draft|draft_verify,113.47508430480957,133.2409381866455,0.0,649,29,638,8,0,0,1,1,0
gaokao2023en,bbeam1,step-profile-config1-bbeam1-gaokao2023en-exclusive0817,44,44,9,draft|draft_verify,769.493818283081,174.68595504760742,0.0,678,185,825,9,0,0,1,1,0
gaokao2023en,bbeam1,step-profile-config1-bbeam1-gaokao2023en-exclusive0817,44,44,10,draft|draft_verify,305.3545951843262,199.90015029907227,0.0,863,74,901,10,0,0,1,1,0
gaokao2023en,bbeam1,step-profile-config1-bbeam1-gaokao2023en-exclusive0817,44,44,11,draft|draft_verify,307.7707290649414,201.89714431762695,0.0,937,75,978,11,0,0,1,1,0
gaokao2023en,bbeam1,step-profile-config1-bbeam1-gaokao2023en-exclusive0817,44,44,12,draft|draft_verify,356.4004898071289,228.67679595947266,0.0,1012,89,1069,12,0,0,1,1,0
gaokao2023en,bbeam1,step-profile-config1-bbeam1-gaokao2023en-exclusive0817,44,44,13,draft|draft_verify,155.97915649414062,230.58795928955078,0.0,1101,39,1110,13,0,0,1,1,0
gaokao2023en,bbeam1,step-profile-config1-bbeam1-gaokao2023en-exclusive0817,44,44,14,draft|draft_verify|target|target_rescue_verify,80.51252365112305,458.651065826416,631.7534446716309,1140,20,2264,28,1140,20,1,2,1
gaokao2023en,bbeam1,step-profile-config1-bbeam1-gaokao2023en-exclusive0817,44,44,15,draft|draft_verify,122.1621036529541,253.77178192138672,0.0,1160,30,1164,15,0,0,1,1,0
gaokao2023en,bbeam1,step-profile-config1-bbeam1-gaokao2023en-exclusive0817,45,45,1,draft|draft_verify,149.98936653137207,29.90579605102539,0.0,88,41,75,1,0,0,1,1,0
gaokao2023en,bbeam1,step-profile-config1-bbeam1-gaokao2023en-exclusive0817,45,45,2,draft|draft_verify|target|target_rescue_verify,367.7709102630615,117.9201602935791,2508.453369140625,129,95,372,4,129,123,1,2,1
gaokao2023en,bbeam1,step-profile-config1-bbeam1-gaokao2023en-exclusive0817,45,45,3,draft|draft_verify,488.1448745727539,102.80394554138184,0.0,252,124,326,3,0,0,1,1,0
gaokao2023en,bbeam1,step-profile-config1-bbeam1-gaokao2023en-exclusive0817,45,45,4,draft|draft_verify,135.96534729003906,103.00612449645996,0.0,376,36,364,4,0,0,1,1,0
gaokao2023en,bbeam1,step-profile-config1-bbeam1-gaokao2023en-exclusive0817,45,45,5,draft|draft_verify,106.31752014160156,131.97731971740723,0.0,412,27,393,5,0,0,1,1,0
gaokao2023en,bbeam1,step-profile-config1-bbeam1-gaokao2023en-exclusive0817,46,46,1,draft|draft_verify,163.27261924743652,30.043601989746094,0.0,85,45,76,1,0,0,1,1,0
gaokao2023en,bbeam1,step-profile-config1-bbeam1-gaokao2023en-exclusive0817,46,46,2,draft|draft_verify,456.8054676055908,60.12558937072754,0.0,130,120,198,2,0,0,1,1,0
gaokao2023en,bbeam1,step-profile-config1-bbeam1-gaokao2023en-exclusive0817,46,46,3,draft|draft_verify,457.6730728149414,92.41199493408203,0.0,250,121,321,3,0,0,1,1,0
gaokao2023en,bbeam1,step-profile-config1-bbeam1-gaokao2023en-exclusive0817,46,46,4,draft|draft_verify|target|target_rescue_verify,418.3359146118164,278.70917320251465,4306.760787963867,371,111,966,8,371,209,1,2,1
gaokao2023en,bbeam1,step-profile-config1-bbeam1-gaokao2023en-exclusive0817,46,46,5,draft|draft_verify|target|target_rescue_verify,365.5116558074951,259.59157943725586,635.462760925293,580,95,1192,10,580,29,1,2,1
gaokao2023en,bbeam1,step-profile-config1-bbeam1-gaokao2023en-exclusive0817,47,47,1,draft|draft_verify|target|target_rescue_verify,538.0957126617432,91.58539772033691,959.1538906097412,126,146,338,2,126,46,1,2,1
gaokao2023en,bbeam1,step-profile-config1-bbeam1-gaokao2023en-exclusive0817,47,47,2,draft|draft_verify,185.84465980529785,56.52904510498047,0.0,172,50,171,2,0,0,1,1,0
gaokao2023en,bbeam1,step-profile-config1-bbeam1-gaokao2023en-exclusive0817,47,47,3,draft|draft_verify,159.621000289917,66.97440147399902,0.0,222,43,216,3,0,0,1,1,0
gaokao2023en,bbeam1,step-profile-config1-bbeam1-gaokao2023en-exclusive0817,47,47,4,draft|draft_verify,261.1579895019531,85.88337898254395,0.0,265,69,287,4,0,0,1,1,0
gaokao2023en,bbeam1,step-profile-config1-bbeam1-gaokao2023en-exclusive0817,47,47,5,draft|draft_verify,289.6406650543213,98.91915321350098,0.0,334,77,366,5,0,0,1,1,0
gaokao2023en,bbeam1,step-profile-config1-bbeam1-gaokao2023en-exclusive0817,47,47,6,draft|draft_verify,263.61703872680664,125.38766860961914,0.0,411,70,438,6,0,0,1,1,0
gaokao2023en,bbeam1,step-profile-config1-bbeam1-gaokao2023en-exclusive0817,47,47,7,draft|draft_verify|target|target_rescue_verify,267.578125,276.3357162475586,2242.1960830688477,481,70,1056,14,481,106,1,2,1
gaokao2023en,bbeam1,step-profile-config1-bbeam1-gaokao2023en-exclusive0817,47,47,8,draft|draft_verify,30.24148941040039,131.0722827911377,0.0,587,7,555,8,0,0,1,1,0
gaokao2023en,bbeam1,step-profile-config1-bbeam1-gaokao2023en-exclusive0817,47,47,9,draft|draft_verify|target|target_rescue_verify,454.5605182647705,281.7816734313965,756.2692165374756,594,120,1269,18,594,36,1,2,1
gaokao2023en,bbeam1,step-profile-config1-bbeam1-gaokao2023en-exclusive0817,47,47,10,draft|draft_verify,77.77142524719238,132.476806640625,0.0,630,20,614,10,0,0,1,1,0
gaokao2023en,bbeam1,step-profile-config1-bbeam1-gaokao2023en-exclusive0817,47,47,11,draft|draft_verify,91.44067764282227,132.5998306274414,0.0,650,20,636,11,0,0,1,1,0
gaokao2023en,bbeam1,step-profile-config1-bbeam1-gaokao2023en-exclusive0817,47,47,12,draft|draft_verify,77.23021507263184,150.4213809967041,0.0,670,20,658,12,0,0,1,1,0
gaokao2023en,bbeam1,step-profile-config1-bbeam1-gaokao2023en-exclusive0817,47,47,13,draft|draft_verify|target|target_rescue_verify,261.23809814453125,343.9221382141113,2249.3863105773926,690,69,1499,26,690,110,1,2,1
gaokao2023en,bbeam1,step-profile-config1-bbeam1-gaokao2023en-exclusive0817,47,47,14,draft|draft_verify,316.8303966522217,176.2404441833496,0.0,800,83,855,14,0,0,1,1,0
gaokao2023en,bbeam1,step-profile-config1-bbeam1-gaokao2023en-exclusive0817,47,47,15,draft|draft_verify|target|target_rescue_verify,141.1581039428711,377.81643867492676,1128.9758682250977,883,37,1805,30,883,54,1,2,1
gaokao2023en,bbeam1,step-profile-config1-bbeam1-gaokao2023en-exclusive0817,47,47,16,draft|draft_verify,281.16917610168457,202.5153636932373,0.0,937,74,987,16,0,0,1,1,0
gaokao2023en,bbeam1,step-profile-config1-bbeam1-gaokao2023en-exclusive0817,47,47,17,draft|draft_verify,282.9720973968506,223.8006591796875,0.0,1011,75,1064,17,0,0,1,1,0
gaokao2023en,bbeam1,step-profile-config1-bbeam1-gaokao2023en-exclusive0817,47,47,18,draft|draft_verify,281.3448905944824,231.11248016357422,0.0,1086,74,1140,18,0,0,1,1,0
gaokao2023en,bbeam1,step-profile-config1-bbeam1-gaokao2023en-exclusive0817,47,47,19,draft|draft_verify,283.3993434906006,257.7097415924072,0.0,1160,75,1217,19,0,0,1,1,0
gaokao2023en,bbeam1,step-profile-config1-bbeam1-gaokao2023en-exclusive0817,47,47,20,draft|draft_verify,283.10084342956543,275.94661712646484,0.0,1235,74,1293,20,0,0,1,1,0
gaokao2023en,bbeam1,step-profile-config1-bbeam1-gaokao2023en-exclusive0817,47,47,21,draft|draft_verify,284.229040145874,279.42609786987305,0.0,1309,75,1370,21,0,0,1,1,0
gaokao2023en,bbeam1,step-profile-config1-bbeam1-gaokao2023en-exclusive0817,47,47,22,draft|draft_verify,279.3595790863037,309.39316749572754,0.0,1384,74,1446,22,0,0,1,1,0
gaokao2023en,bbeam1,step-profile-config1-bbeam1-gaokao2023en-exclusive0817,47,47,23,draft|draft_verify,282.54079818725586,315.9208297729492,0.0,1458,75,1523,23,0,0,1,1,0
gaokao2023en,bbeam1,step-profile-config1-bbeam1-gaokao2023en-exclusive0817,47,47,24,draft|draft_verify,281.0513973236084,330.08480072021484,0.0,1533,74,1599,24,0,0,1,1,0
gaokao2023en,bbeam1,step-profile-config1-bbeam1-gaokao2023en-exclusive0817,47,47,25,draft|draft_verify,287.17875480651855,351.08470916748047,0.0,1607,75,1676,25,0,0,1,1,0
gaokao2023en,bbeam1,step-profile-config1-bbeam1-gaokao2023en-exclusive0817,47,47,26,draft|draft_verify,282.6564311981201,353.3201217651367,0.0,1682,74,1752,26,0,0,1,1,0
gaokao2023en,bbeam1,step-profile-config1-bbeam1-gaokao2023en-exclusive0817,47,47,27,draft|draft_verify,284.12723541259766,388.81921768188477,0.0,1756,75,1829,27,0,0,1,1,0
gaokao2023en,bbeam1,step-profile-config1-bbeam1-gaokao2023en-exclusive0817,47,47,28,draft|draft_verify,281.66890144348145,392.5952911376953,0.0,1831,74,1905,28,0,0,1,1,0
gaokao2023en,bbeam1,step-profile-config1-bbeam1-gaokao2023en-exclusive0817,47,47,29,draft|draft_verify,285.7353687286377,403.54180335998535,0.0,1905,75,1982,29,0,0,1,1,0
gaokao2023en,bbeam1,step-profile-config1-bbeam1-gaokao2023en-exclusive0817,47,47,30,draft|draft_verify,279.85143661499023,432.61098861694336,0.0,1980,74,2058,30,0,0,1,1,0
gaokao2023en,bbeam1,step-profile-config1-bbeam1-gaokao2023en-exclusive0817,48,48,1,draft|draft_verify,442.04258918762207,60.08148193359375,0.0,145,113,204,1,0,0,1,1,0
gaokao2023en,bbeam1,step-profile-config1-bbeam1-gaokao2023en-exclusive0817,48,48,2,draft|draft_verify|target|target_rescue_verify,353.2688617706299,162.70112991333008,1980.9370040893555,258,93,600,4,258,95,1,2,1
gaokao2023en,bbeam1,step-profile-config1-bbeam1-gaokao2023en-exclusive0817,48,48,3,draft|draft_verify,294.62742805480957,103.1951904296875,0.0,353,78,381,3,0,0,1,1,0
gaokao2023en,bbeam1,step-profile-config1-bbeam1-gaokao2023en-exclusive0817,48,48,4,draft|draft_verify|target|target_rescue_verify,246.28376960754395,278.1856060028076,2744.9376583099365,431,66,967,8,431,135,1,2,1
gaokao2023en,bbeam1,step-profile-config1-bbeam1-gaokao2023en-exclusive0817,48,48,5,draft|draft_verify|target|target_rescue_verify,635.6716156005859,325.8097171783447,2644.0558433532715,566,168,1338,10,566,130,1,2,1
gaokao2023en,bbeam1,step-profile-config1-bbeam1-gaokao2023en-exclusive0817,48,48,6,draft|draft_verify|target|target_rescue_verify,1897.4504470825195,422.79553413391113,1305.3457736968994,696,505,1872,12,696,63,1,2,1
gaokao2023en,bbeam1,step-profile-config1-bbeam1-gaokao2023en-exclusive0817,48,48,7,draft|draft_verify|target|target_rescue_verify,7879.748821258545,756.7951679229736,2023.0343341827393,759,2048,3581,14,759,99,1,2,1
gaokao2023en,bbeam1,step-profile-config1-bbeam1-gaokao2023en-exclusive0817,48,48,8,draft|draft_verify|target|target_rescue_verify,152.19902992248535,394.2093849182129,1932.10768699646,858,39,1770,16,858,95,1,2,1
gaokao2023en,bbeam1,step-profile-config1-bbeam1-gaokao2023en-exclusive0817,48,48,9,draft|draft_verify,160.63213348388672,199.92923736572266,0.0,953,40,955,9,0,0,1,1,0
gaokao2023en,bbeam1,step-profile-config1-bbeam1-gaokao2023en-exclusive0817,49,49,1,draft|draft_verify,296.39744758605957,50.60553550720215,0.0,112,81,140,1,0,0,1,1,0
gaokao2023en,bbeam1,step-profile-config1-bbeam1-gaokao2023en-exclusive0817,49,49,2,draft|draft_verify,151.69358253479004,50.5070686340332,0.0,193,41,183,2,0,0,1,1,0
gaokao2023en,bbeam1,step-profile-config1-bbeam1-gaokao2023en-exclusive0817,49,49,3,draft|draft_verify,403.74135971069336,76.74098014831543,0.0,234,107,292,3,0,0,1,1,0
gaokao2023en,bbeam1,step-profile-config1-bbeam1-gaokao2023en-exclusive0817,49,49,4,draft|draft_verify,813.4915828704834,154.4349193572998,0.0,341,215,509,4,0,0,1,1,0
gaokao2023en,bbeam1,step-profile-config1-bbeam1-gaokao2023en-exclusive0817,49,49,5,draft|draft_verify|target|target_rescue_verify,737.8067970275879,320.66988945007324,3995.114803314209,556,194,1408,10,556,192,1,2,1
gaokao2023en,bbeam1,step-profile-config1-bbeam1-gaokao2023en-exclusive0817,49,49,6,draft|draft_verify,178.65371704101562,155.43079376220703,0.0,748,46,751,6,0,0,1,1,0
gaokao2023en,bbeam1,step-profile-config1-bbeam1-gaokao2023en-exclusive0817,49,49,7,draft|draft_verify|target|target_rescue_verify,376.9495487213135,354.84981536865234,1700.251817703247,794,100,1689,14,794,83,1,2,1
gaokao2023en,bbeam1,step-profile-config1-bbeam1-gaokao2023en-exclusive0817,49,49,8,draft|draft_verify,83.82081985473633,177.66475677490234,0.0,877,20,858,8,0,0,1,1,0
gaokao2023en,bbeam1,step-profile-config1-bbeam1-gaokao2023en-exclusive0817,50,50,1,draft|draft_verify,211.46345138549805,30.927658081054688,0.0,109,58,113,1,0,0,1,1,0
gaokao2023en,bbeam1,step-profile-config1-bbeam1-gaokao2023en-exclusive0817,50,50,2,draft|draft_verify,394.777774810791,60.27531623840332,0.0,167,104,219,2,0,0,1,1,0
gaokao2023en,bbeam1,step-profile-config1-bbeam1-gaokao2023en-exclusive0817,50,50,3,draft|draft_verify,533.1594944000244,92.57650375366211,0.0,271,140,361,3,0,0,1,1,0
gaokao2023en,bbeam1,step-profile-config1-bbeam1-gaokao2023en-exclusive0817,50,50,4,draft|draft_verify,427.9458522796631,144.00720596313477,0.0,411,113,476,4,0,0,1,1,0
gaokao2023en,bbeam1,step-profile-config1-bbeam1-gaokao2023en-exclusive0817,50,50,5,draft|draft_verify,189.7439956665039,126.61457061767578,0.0,524,50,528,5,0,0,1,1,0
gaokao2023en,bbeam1,step-profile-config1-bbeam1-gaokao2023en-exclusive0817,50,50,6,draft|draft_verify|target|target_rescue_verify,346.6775417327881,298.51603507995605,3552.6742935180664,574,92,1321,12,574,170,1,2,1
gaokao2023en,bbeam1,step-profile-config1-bbeam1-gaokao2023en-exclusive0817,50,50,7,draft|draft_verify|target|target_rescue_verify,127.01749801635742,309.6151351928711,1017.878532409668,744,32,1483,14,744,49,1,2,1
gaokao2023en,bbeam1,step-profile-config1-bbeam1-gaokao2023en-exclusive0817,50,50,8,draft|draft_verify,69.63133811950684,156.18896484375,0.0,793,16,768,8,0,0,1,1,0
gaokao2023en,bbeam1,step-profile-config1-bbeam1-gaokao2023en-exclusive0817,51,51,1,draft|draft_verify,128.98874282836914,21.592378616333008,0.0,80,35,61,1,0,0,1,1,0
gaokao2023en,bbeam1,step-profile-config1-bbeam1-gaokao2023en-exclusive0817,51,51,2,draft|draft_verify,297.3980903625488,49.21722412109375,0.0,115,82,145,2,0,0,1,1,0
gaokao2023en,bbeam1,step-profile-config1-bbeam1-gaokao2023en-exclusive0817,51,51,3,draft|draft_verify,196.9597339630127,60.333967208862305,0.0,197,54,201,3,0,0,1,1,0
gaokao2023en,bbeam1,step-profile-config1-bbeam1-gaokao2023en-exclusive0817,51,51,4,draft|draft_verify,372.4663257598877,77.01969146728516,0.0,251,99,302,4,0,0,1,1,0
gaokao2023en,bbeam1,step-profile-config1-bbeam1-gaokao2023en-exclusive0817,51,51,5,draft|draft_verify,138.54742050170898,91.58635139465332,0.0,350,36,340,5,0,0,1,1,0
gaokao2023en,bbeam1,step-profile-config1-bbeam1-gaokao2023en-exclusive0817,51,51,6,draft|draft_verify|target|backtracking_verify,179.7962188720703,255.3081512451172,1071.0601806640625,386,47,783,12,386,52,1,2,1
gaokao2023en,bbeam1,step-profile-config1-bbeam1-gaokao2023en-exclusive0817,51,51,7,draft|draft_verify|target|target_rescue_verify,8085.808515548706,763.9796733856201,1308.1421852111816,871,2101,3336,21,433,58,2,3,1
gaokao2023en,bbeam1,step-profile-config1-bbeam1-gaokao2023en-exclusive0817,51,51,8,draft|draft_verify,66.09559059143066,126.0826587677002,0.0,490,16,466,8,0,0,1,1,0
gaokao2023en,bbeam1,step-profile-config1-bbeam1-gaokao2023en-exclusive0817,52,52,1,draft|draft_verify|target|backtracking_verify,197.83282279968262,87.74757385253906,2523.7505435943604,91,53,252,2,91,125,1,2,1
gaokao2023en,bbeam1,step-profile-config1-bbeam1-gaokao2023en-exclusive0817,52,52,2,draft|draft_verify|target|target_rescue_verify,1600.170612335205,298.6412048339844,3784.179449081421,360,420,955,6,144,187,2,3,1
gaokao2023en,bbeam1,step-profile-config1-bbeam1-gaokao2023en-exclusive0817,52,52,3,draft|draft_verify|target|target_rescue_verify,1261.653184890747,557.9802989959717,10289.65163230896,651,326,1937,12,651,509,2,4,2
gaokao2023en,bbeam1,step-profile-config1-bbeam1-gaokao2023en-exclusive0817,52,52,4,draft|draft_verify,104.59136962890625,127.5792121887207,0.0,566,25,543,4,0,0,1,1,0
gaokao2023en,bbeam1,step-profile-config1-bbeam1-gaokao2023en-exclusive0817,53,53,1,draft|draft_verify,397.80712127685547,59.418439865112305,0.0,149,106,202,1,0,0,1,1,0
gaokao2023en,bbeam1,step-profile-config1-bbeam1-gaokao2023en-exclusive0817,53,53,2,draft|draft_verify,80.82246780395508,58.93230438232422,0.0,255,21,225,2,0,0,1,1,0
gaokao2023en,bbeam1,step-profile-config1-bbeam1-gaokao2023en-exclusive0817,53,53,3,draft|draft_verify,230.85975646972656,77.00133323669434,0.0,276,60,287,3,0,0,1,1,0
gaokao2023en,bbeam1,step-profile-config1-bbeam1-gaokao2023en-exclusive0817,53,53,4,draft|draft_verify,81.07638359069824,77.1791934967041,0.0,336,21,310,4,0,0,1,1,0
gaokao2023en,bbeam1,step-profile-config1-bbeam1-gaokao2023en-exclusive0817,53,53,5,draft|draft_verify,217.96488761901855,92.68307685852051,0.0,357,57,369,5,0,0,1,1,0
gaokao2023en,bbeam1,step-profile-config1-bbeam1-gaokao2023en-exclusive0817,53,53,6,draft|draft_verify,163.41233253479004,140.8059597015381,0.0,414,40,411,6,0,0,1,1,0
gaokao2023en,bbeam1,step-profile-config1-bbeam1-gaokao2023en-exclusive0817,53,53,7,draft|draft_verify,162.05430030822754,124.68290328979492,0.0,454,40,453,7,0,0,1,1,0
gaokao2023en,bbeam1,step-profile-config1-bbeam1-gaokao2023en-exclusive0817,53,53,8,draft|draft_verify,127.87127494812012,142.2436237335205,0.0,494,33,488,8,0,0,1,1,0
gaokao2023en,bbeam1,step-profile-config1-bbeam1-gaokao2023en-exclusive0817,53,53,9,draft|draft_verify,43.32232475280762,136.061429977417,0.0,527,11,501,9,0,0,1,1,0
gaokao2023en,bbeam1,step-profile-config1-bbeam1-gaokao2023en-exclusive0817,53,53,10,draft|draft_verify,217.8170680999756,127.00772285461426,0.0,538,58,561,10,0,0,1,1,0
gaokao2023en,bbeam1,step-profile-config1-bbeam1-gaokao2023en-exclusive0817,53,53,11,draft|draft_verify,35.69173812866211,127.14147567749023,0.0,596,9,572,11,0,0,1,1,0
gaokao2023en,bbeam1,step-profile-config1-bbeam1-gaokao2023en-exclusive0817,53,53,12,draft|draft_verify,87.78595924377441,131.12831115722656,0.0,605,23,597,12,0,0,1,1,0
gaokao2023en,bbeam1,step-profile-config1-bbeam1-gaokao2023en-exclusive0817,53,53,13,draft|draft_verify,41.31293296813965,129.72378730773926,0.0,628,10,609,13,0,0,1,1,0
gaokao2023en,bbeam1,step-profile-config1-bbeam1-gaokao2023en-exclusive0817,53,53,14,draft|draft_verify,118.7598705291748,149.99079704284668,0.0,638,31,642,14,0,0,1,1,0
gaokao2023en,bbeam1,step-profile-config1-bbeam1-gaokao2023en-exclusive0817,53,53,15,draft|draft_verify,40.30299186706543,149.9927043914795,0.0,669,10,654,15,0,0,1,1,0
gaokao2023en,bbeam1,step-profile-config1-bbeam1-gaokao2023en-exclusive0817,53,53,16,draft|draft_verify,57.49988555908203,151.41963958740234,0.0,679,14,670,16,0,0,1,1,0
gaokao2023en,bbeam1,step-profile-config1-bbeam1-gaokao2023en-exclusive0817,53,53,17,draft|draft_verify,43.85709762573242,151.05795860290527,0.0,693,11,683,17,0,0,1,1,0
gaokao2023en,bbeam1,step-profile-config1-bbeam1-gaokao2023en-exclusive0817,53,53,18,draft|draft_verify,147.83525466918945,153.33938598632812,0.0,704,38,723,18,0,0,1,1,0
gaokao2023en,bbeam1,step-profile-config1-bbeam1-gaokao2023en-exclusive0817,53,53,19,draft|draft_verify,40.75884819030762,152.4639129638672,0.0,742,10,735,19,0,0,1,1,0
gaokao2023en,bbeam1,step-profile-config1-bbeam1-gaokao2023en-exclusive0817,53,53,20,draft|draft_verify,70.38640975952148,154.17718887329102,0.0,752,17,754,20,0,0,1,1,0
gaokao2023en,bbeam1,step-profile-config1-bbeam1-gaokao2023en-exclusive0817,54,54,1,draft|draft_verify,212.54682540893555,30.080080032348633,0.0,105,58,110,1,0,0,1,1,0
gaokao2023en,bbeam1,step-profile-config1-bbeam1-gaokao2023en-exclusive0817,54,54,2,draft|draft_verify,496.4151382446289,59.30519104003906,0.0,163,131,243,2,0,0,1,1,0
gaokao2023en,bbeam1,step-profile-config1-bbeam1-gaokao2023en-exclusive0817,54,54,3,draft|draft_verify|target|target_rescue_verify,489.8960590362549,271.5299129486084,11213.67621421814,294,124,1169,6,294,555,1,2,1
gaokao2023en,bbeam1,step-profile-config1-bbeam1-gaokao2023en-exclusive0817,54,54,4,draft|draft_verify|target|target_rescue_verify,1607.5568199157715,547.5654602050781,10701.601266860962,849,410,2544,8,849,530,1,2,1
gaokao2023en,bbeam1,step-profile-config1-bbeam1-gaokao2023en-exclusive0817,54,54,5,draft|draft_verify,101.29404067993164,277.36353874206543,0.0,1379,23,1357,5,0,0,1,1,0
gaokao2023en,bbeam1,step-profile-config1-bbeam1-gaokao2023en-exclusive0817,55,55,1,draft|draft_verify,235.23783683776855,30.54213523864746,0.0,103,63,112,1,0,0,1,1,0
gaokao2023en,bbeam1,step-profile-config1-bbeam1-gaokao2023en-exclusive0817,55,55,2,draft|draft_verify,301.8836975097656,58.85004997253418,0.0,166,80,194,2,0,0,1,1,0
gaokao2023en,bbeam1,step-profile-config1-bbeam1-gaokao2023en-exclusive0817,55,55,3,draft|draft_verify,632.4388980865479,91.96686744689941,0.0,246,161,357,3,0,0,1,1,0
gaokao2023en,bbeam1,step-profile-config1-bbeam1-gaokao2023en-exclusive0817,55,55,4,draft|draft_verify|target|backtracking_verify,523.5826969146729,281.47220611572266,3449.9526023864746,407,134,1022,8,407,170,1,2,1
gaokao2023en,bbeam1,step-profile-config1-bbeam1-gaokao2023en-exclusive0817,55,55,5,draft|draft_verify|target|target_rescue_verify,1896.2030410766602,648.3454704284668,5993.522644042969,1118,495,2835,20,1118,288,2,4,2
gaokao2023en,bbeam1,step-profile-config1-bbeam1-gaokao2023en-exclusive0817,55,55,6,draft|draft_verify,511.8110179901123,154.22940254211426,0.0,672,135,763,6,0,0,1,1,0
gaokao2023en,bbeam1,step-profile-config1-bbeam1-gaokao2023en-exclusive0817,55,55,7,draft|draft_verify,135.31804084777832,173.98667335510254,0.0,807,34,799,7,0,0,1,1,0
gaokao2023en,bbeam1,step-profile-config1-bbeam1-gaokao2023en-exclusive0817,56,56,1,draft|draft_verify,161.43131256103516,30.37738800048828,0.0,113,44,103,1,0,0,1,1,0
gaokao2023en,bbeam1,step-profile-config1-bbeam1-gaokao2023en-exclusive0817,56,56,2,draft|draft_verify,322.0710754394531,59.30781364440918,0.0,157,88,193,2,0,0,1,1,0
gaokao2023en,bbeam1,step-profile-config1-bbeam1-gaokao2023en-exclusive0817,56,56,3,draft|draft_verify,176.26047134399414,59.89980697631836,0.0,245,47,242,3,0,0,1,1,0
gaokao2023en,bbeam1,step-profile-config1-bbeam1-gaokao2023en-exclusive0817,56,56,4,draft|draft_verify,122.81012535095215,76.34687423706055,0.0,292,32,276,4,0,0,1,1,0
gaokao2023en,bbeam1,step-profile-config1-bbeam1-gaokao2023en-exclusive0817,56,56,5,draft|draft_verify,213.39082717895508,91.05801582336426,0.0,324,55,333,5,0,0,1,1,0
gaokao2023en,bbeam1,step-profile-config1-bbeam1-gaokao2023en-exclusive0817,56,56,6,draft|draft_verify|target|target_rescue_verify,358.5963249206543,233.20937156677246,1058.6507320404053,379,94,810,12,379,47,1,2,1
gaokao2023en,bbeam1,step-profile-config1-bbeam1-gaokao2023en-exclusive0817,56,56,7,draft|draft_verify,118.896484375,125.16927719116211,0.0,426,26,410,7,0,0,1,1,0
gaokao2023en,bbeam1,step-profile-config1-bbeam1-gaokao2023en-exclusive0817,56,56,8,draft|draft_verify,177.83141136169434,126.27315521240234,0.0,452,46,458,8,0,0,1,1,0
gaokao2023en,bbeam1,step-profile-config1-bbeam1-gaokao2023en-exclusive0817,56,56,9,draft|draft_verify,101.38797760009766,142.9152488708496,0.0,498,26,486,9,0,0,1,1,0
gaokao2023en,bbeam1,step-profile-config1-bbeam1-gaokao2023en-exclusive0817,56,56,10,draft|draft_verify,178.52330207824707,127.68292427062988,0.0,524,46,534,10,0,0,1,1,0
gaokao2023en,bbeam1,step-profile-config1-bbeam1-gaokao2023en-exclusive0817,56,56,11,draft|draft_verify|target|target_rescue_verify,159.7898006439209,256.27708435058594,683.2780838012695,570,42,1145,22,570,31,1,2,1
gaokao2023en,bbeam1,step-profile-config1-bbeam1-gaokao2023en-exclusive0817,56,56,12,draft|draft_verify,149.12152290344238,130.3427219390869,0.0,601,38,607,12,0,0,1,1,0
gaokao2023en,bbeam1,step-profile-config1-bbeam1-gaokao2023en-exclusive0817,56,56,13,draft|draft_verify,120.18704414367676,132.31587409973145,0.0,639,31,640,13,0,0,1,1,0
gaokao2023en,bbeam1,step-profile-config1-bbeam1-gaokao2023en-exclusive0817,56,56,14,draft|draft_verify,146.21400833129883,157.23371505737305,0.0,670,38,680,14,0,0,1,1,0
gaokao2023en,bbeam1,step-profile-config1-bbeam1-gaokao2023en-exclusive0817,56,56,15,draft|draft_verify,119.23837661743164,152.50658988952637,0.0,708,31,713,15,0,0,1,1,0
gaokao2023en,bbeam1,step-profile-config1-bbeam1-gaokao2023en-exclusive0817,56,56,16,draft|draft_verify,177.2308349609375,153.34200859069824,0.0,739,46,761,16,0,0,1,1,0
gaokao2023en,bbeam1,step-profile-config1-bbeam1-gaokao2023en-exclusive0817,56,56,17,draft|draft_verify,119.70376968383789,174.28135871887207,0.0,785,31,794,17,0,0,1,1,0
gaokao2023en,bbeam1,step-profile-config1-bbeam1-gaokao2023en-exclusive0817,56,56,18,draft|draft_verify,177.9181957244873,176.29694938659668,0.0,816,46,842,18,0,0,1,1,0
gaokao2023en,bbeam1,step-profile-config1-bbeam1-gaokao2023en-exclusive0817,56,56,19,draft|draft_verify,123.73661994934082,177.18935012817383,0.0,862,31,875,19,0,0,1,1,0
gaokao2023en,bbeam1,step-profile-config1-bbeam1-gaokao2023en-exclusive0817,56,56,20,draft|draft_verify,119.42672729492188,199.6324062347412,0.0,893,30,907,20,0,0,1,1,0
gaokao2023en,bbeam1,step-profile-config1-bbeam1-gaokao2023en-exclusive0817,56,56,21,draft|draft_verify,121.55914306640625,200.1190185546875,0.0,923,31,940,21,0,0,1,1,0
gaokao2023en,bbeam1,step-profile-config1-bbeam1-gaokao2023en-exclusive0817,56,56,22,draft|draft_verify,117.51413345336914,201.3411521911621,0.0,954,30,972,22,0,0,1,1,0
gaokao2023en,bbeam1,step-profile-config1-bbeam1-gaokao2023en-exclusive0817,56,56,23,draft|draft_verify,124.20511245727539,204.01763916015625,0.0,984,31,1005,23,0,0,1,1,0
gaokao2023en,bbeam1,step-profile-config1-bbeam1-gaokao2023en-exclusive0817,56,56,24,draft|draft_verify,118.68000030517578,226.0744571685791,0.0,1015,30,1037,24,0,0,1,1,0
gaokao2023en,bbeam1,step-profile-config1-bbeam1-gaokao2023en-exclusive0817,56,56,25,draft|draft_verify,125.85616111755371,227.31542587280273,0.0,1045,32,1071,25,0,0,1,1,0
gaokao2023en,bbeam1,step-profile-config1-bbeam1-gaokao2023en-exclusive0817,56,56,26,draft|draft_verify,118.1783676147461,229.89130020141602,0.0,1077,30,1103,26,0,0,1,1,0
gaokao2023en,bbeam1,step-profile-config1-bbeam1-gaokao2023en-exclusive0817,56,56,27,draft|draft_verify,126.71613693237305,230.26037216186523,0.0,1107,32,1137,27,0,0,1,1,0
gaokao2023en,bbeam1,step-profile-config1-bbeam1-gaokao2023en-exclusive0817,56,56,28,draft|draft_verify,118.85762214660645,254.96268272399902,0.0,1139,30,1169,28,0,0,1,1,0
gaokao2023en,bbeam1,step-profile-config1-bbeam1-gaokao2023en-exclusive0817,56,56,29,draft|draft_verify,132.38859176635742,255.32054901123047,0.0,1169,32,1203,29,0,0,1,1,0
gaokao2023en,bbeam1,step-profile-config1-bbeam1-gaokao2023en-exclusive0817,56,56,30,draft|draft_verify,119.99058723449707,257.28511810302734,0.0,1201,30,1235,30,0,0,1,1,0
gaokao2023en,bbeam1,step-profile-config1-bbeam1-gaokao2023en-exclusive0817,56,56,31,draft|draft_verify,132.3831081390381,257.71284103393555,0.0,1231,32,1269,31,0,0,1,1,0
gaokao2023en,bbeam1,step-profile-config1-bbeam1-gaokao2023en-exclusive0817,56,56,32,draft|draft_verify,181.243896484375,277.4016857147217,0.0,1263,46,1317,32,0,0,1,1,0
gaokao2023en,bbeam1,step-profile-config1-bbeam1-gaokao2023en-exclusive0817,56,56,33,draft|draft_verify,126.78170204162598,279.43897247314453,0.0,1309,32,1351,33,0,0,1,1,0
gaokao2023en,bbeam1,step-profile-config1-bbeam1-gaokao2023en-exclusive0817,56,56,34,draft|draft_verify,180.79376220703125,279.59513664245605,0.0,1341,46,1399,34,0,0,1,1,0
gaokao2023en,bbeam1,step-profile-config1-bbeam1-gaokao2023en-exclusive0817,56,56,35,draft|draft_verify,132.31515884399414,307.32226371765137,0.0,1387,32,1433,35,0,0,1,1,0
gaokao2023en,bbeam1,step-profile-config1-bbeam1-gaokao2023en-exclusive0817,56,56,36,draft|draft_verify,149.82867240905762,312.91699409484863,0.0,1419,38,1473,36,0,0,1,1,0
gaokao2023en,bbeam1,step-profile-config1-bbeam1-gaokao2023en-exclusive0817,56,56,37,draft|draft_verify,126.39594078063965,313.2784366607666,0.0,1457,32,1507,37,0,0,1,1,0
gaokao2023en,bbeam1,step-profile-config1-bbeam1-gaokao2023en-exclusive0817,56,56,38,draft|draft_verify,150.02942085266113,329.2236328125,0.0,1489,38,1547,38,0,0,1,1,0
gaokao2023en,bbeam1,step-profile-config1-bbeam1-gaokao2023en-exclusive0817,56,56,39,draft|draft_verify,126.58500671386719,330.00826835632324,0.0,1527,32,1581,39,0,0,1,1,0
gaokao2023en,bbeam1,step-profile-config1-bbeam1-gaokao2023en-exclusive0817,56,56,40,draft|draft_verify,121.68526649475098,331.7227363586426,0.0,1559,30,1613,40,0,0,1,1,0
gaokao2023en,bbeam1,step-profile-config1-bbeam1-gaokao2023en-exclusive0817,56,56,41,draft|draft_verify,127.49505043029785,327.01945304870605,0.0,1589,32,1647,41,0,0,1,1,0
gaokao2023en,bbeam1,step-profile-config1-bbeam1-gaokao2023en-exclusive0817,56,56,42,draft|draft_verify,119.87948417663574,351.1619567871094,0.0,1621,30,1679,42,0,0,1,1,0
gaokao2023en,bbeam1,step-profile-config1-bbeam1-gaokao2023en-exclusive0817,56,56,43,draft|draft_verify,128.44276428222656,350.66986083984375,0.0,1651,32,1713,43,0,0,1,1,0
gaokao2023en,bbeam1,step-profile-config1-bbeam1-gaokao2023en-exclusive0817,56,56,44,draft|draft_verify,120.5294132232666,361.8144989013672,0.0,1683,30,1745,44,0,0,1,1,0
gaokao2023en,bbeam1,step-profile-config1-bbeam1-gaokao2023en-exclusive0817,56,56,45,draft|draft_verify,130.16605377197266,362.00737953186035,0.0,1713,32,1779,45,0,0,1,1,0
gaokao2023en,bbeam1,step-profile-config1-bbeam1-gaokao2023en-exclusive0817,56,56,46,draft|draft_verify,120.90277671813965,387.52031326293945,0.0,1745,30,1811,46,0,0,1,1,0
gaokao2023en,bbeam1,step-profile-config1-bbeam1-gaokao2023en-exclusive0817,56,56,47,draft|draft_verify,127.55274772644043,389.6291255950928,0.0,1775,32,1845,47,0,0,1,1,0
gaokao2023en,bbeam1,step-profile-config1-bbeam1-gaokao2023en-exclusive0817,56,56,48,draft|draft_verify,120.13387680053711,393.0480480194092,0.0,1807,30,1877,48,0,0,1,1,0
gaokao2023en,bbeam1,step-profile-config1-bbeam1-gaokao2023en-exclusive0817,56,56,49,draft|draft_verify,127.6400089263916,394.608736038208,0.0,1837,32,1911,49,0,0,1,1,0
gaokao2023en,bbeam1,step-profile-config1-bbeam1-gaokao2023en-exclusive0817,56,56,50,draft|draft_verify,121.58560752868652,404.42776679992676,0.0,1869,30,1943,50,0,0,1,1,0
gaokao2023en,bbeam1,step-profile-config1-bbeam1-gaokao2023en-exclusive0817,56,56,51,draft|draft_verify,128.50570678710938,404.31737899780273,0.0,1899,32,1977,51,0,0,1,1,0
gaokao2023en,bbeam1,step-profile-config1-bbeam1-gaokao2023en-exclusive0817,56,56,52,draft|draft_verify,121.00601196289062,405.54094314575195,0.0,1931,30,2009,52,0,0,1,1,0
gaokao2023en,bbeam1,step-profile-config1-bbeam1-gaokao2023en-exclusive0817,56,56,53,draft|draft_verify,128.86452674865723,408.308744430542,0.0,1961,32,2043,53,0,0,1,1,0
gaokao2023en,bbeam1,step-profile-config1-bbeam1-gaokao2023en-exclusive0817,56,56,54,draft|draft_verify,125.12612342834473,435.06669998168945,0.0,1993,30,2075,54,0,0,1,1,0
gaokao2023en,bbeam1,step-profile-config1-bbeam1-gaokao2023en-exclusive0817,56,56,55,draft|draft_verify,128.21578979492188,421.00977897644043,0.0,2023,32,2109,55,0,0,1,1,0
gaokao2023en,bbeam1,step-profile-config1-bbeam1-gaokao2023en-exclusive0817,57,57,1,draft|draft_verify|target|target_rescue_verify,267.2269344329834,66.72143936157227,1318.0198669433594,101,72,229,2,101,63,1,2,1
gaokao2023en,bbeam1,step-profile-config1-bbeam1-gaokao2023en-exclusive0817,57,57,2,draft|draft_verify,379.81605529785156,67.4138069152832,0.0,164,102,214,2,0,0,1,1,0
gaokao2023en,bbeam1,step-profile-config1-bbeam1-gaokao2023en-exclusive0817,57,57,3,draft|draft_verify|target|target_rescue_verify,1411.7488861083984,215.17348289489746,1426.1071681976318,266,351,852,6,266,69,1,2,1
gaokao2023en,bbeam1,step-profile-config1-bbeam1-gaokao2023en-exclusive0817,57,57,4,draft|draft_verify|target|target_rescue_verify,972.2177982330322,275.99430084228516,2330.18159866333,335,253,942,8,335,115,1,2,1
gaokao2023en,bbeam1,step-profile-config1-bbeam1-gaokao2023en-exclusive0817,57,57,5,draft|draft_verify,337.60619163513184,146.6820240020752,0.0,450,88,492,5,0,0,1,1,0
gaokao2023en,bbeam1,step-profile-config1-bbeam1-gaokao2023en-exclusive0817,57,57,6,draft|draft_verify,343.4422016143799,128.70407104492188,0.0,538,90,584,6,0,0,1,1,0
gaokao2023en,bbeam1,step-profile-config1-bbeam1-gaokao2023en-exclusive0817,57,57,7,draft|draft_verify,264.3773555755615,151.1363983154297,0.0,628,68,654,7,0,0,1,1,0
gaokao2023en,bbeam1,step-profile-config1-bbeam1-gaokao2023en-exclusive0817,58,58,1,draft|draft_verify|target|target_rescue_verify,518.2623863220215,128.3421516418457,654.5896530151367,206,136,469,2,206,29,1,2,1
gaokao2023en,bbeam1,step-profile-config1-bbeam1-gaokao2023en-exclusive0817,58,58,2,draft|draft_verify,383.24689865112305,85.70003509521484,0.0,235,101,284,2,0,0,1,1,0
gaokao2023en,bbeam1,step-profile-config1-bbeam1-gaokao2023en-exclusive0817,58,58,3,draft|draft_verify|target|target_rescue_verify,371.08397483825684,194.98252868652344,801.4397621154785,336,97,707,6,336,38,1,2,1
gaokao2023en,bbeam1,step-profile-config1-bbeam1-gaokao2023en-exclusive0817,58,58,4,draft|draft_verify|target|target_rescue_verify,707.0164680480957,271.8615531921387,4652.527093887329,374,177,1060,8,374,231,1,2,1
gaokao2023en,bbeam1,step-profile-config1-bbeam1-gaokao2023en-exclusive0817,58,58,5,draft|draft_verify|target|target_rescue_verify,830.0933837890625,350.45409202575684,4232.035398483276,605,217,1545,10,605,210,1,2,1
gaokao2023en,bbeam1,step-profile-config1-bbeam1-gaokao2023en-exclusive0817,58,58,6,draft|draft_verify,1080.0058841705322,228.23858261108398,0.0,815,283,1054,6,0,0,1,1,0
gaokao2023en,bbeam1,step-profile-config1-bbeam1-gaokao2023en-exclusive0817,58,58,7,draft|draft_verify|target|target_rescue_verify,7843.851566314697,879.8313140869141,1146.7905044555664,1098,2049,4212,14,1098,52,1,2,1
gaokao2023en,bbeam1,step-profile-config1-bbeam1-gaokao2023en-exclusive0817,58,58,8,draft|draft_verify|target|target_rescue_verify,1883.3014965057373,752.4135112762451,14558.340787887573,1150,488,3430,16,1150,722,1,2,1
gaokao2023en,bbeam1,step-profile-config1-bbeam1-gaokao2023en-exclusive0817,59,59,1,draft|draft_verify,113.91735076904297,20.509719848632812,0.0,73,30,50,1,0,0,1,1,0
gaokao2023en,bbeam1,step-profile-config1-bbeam1-gaokao2023en-exclusive0817,59,59,2,draft|draft_verify,687.6049041748047,59.83877182006836,0.0,103,186,238,2,0,0,1,1,0
gaokao2023en,bbeam1,step-profile-config1-bbeam1-gaokao2023en-exclusive0817,59,59,3,draft|draft_verify,127.57253646850586,75.07848739624023,0.0,289,33,273,3,0,0,1,1,0
gaokao2023en,bbeam1,step-profile-config1-bbeam1-gaokao2023en-exclusive0817,59,59,4,draft|draft_verify,62.31093406677246,75.6235122680664,0.0,322,15,290,4,0,0,1,1,0
gaokao2023en,bbeam1,step-profile-config1-bbeam1-gaokao2023en-exclusive0817,60,60,1,draft|draft_verify,257.526159286499,33.9047908782959,0.0,102,70,118,1,0,0,1,1,0
gaokao2023en,bbeam1,step-profile-config1-bbeam1-gaokao2023en-exclusive0817,60,60,2,draft|draft_verify,335.77704429626465,66.30444526672363,0.0,172,91,211,2,0,0,1,1,0
gaokao2023en,bbeam1,step-profile-config1-bbeam1-gaokao2023en-exclusive0817,60,60,3,draft|draft_verify,132.033109664917,66.41674041748047,0.0,263,34,247,3,0,0,1,1,0
gaokao2023en,bbeam1,step-profile-config1-bbeam1-gaokao2023en-exclusive0817,60,60,4,draft|draft_verify,24.147748947143555,66.67637825012207,0.0,297,6,255,4,0,0,1,1,0
gaokao2023en,bbeam1,step-profile-config1-bbeam1-gaokao2023en-exclusive0817,60,60,5,draft|draft_verify|target|target_rescue_verify,850.4478931427002,203.03106307983398,565.3975009918213,303,223,761,10,303,24,1,2,1
gaokao2023en,bbeam1,step-profile-config1-bbeam1-gaokao2023en-exclusive0817,60,60,6,draft|draft_verify,74.89657402038574,76.29752159118652,0.0,327,19,302,6,0,0,1,1,0
gaokao2023en,bbeam1,step-profile-config1-bbeam1-gaokao2023en-exclusive0817,60,60,7,draft|draft_verify,120.47052383422852,90.76762199401855,0.0,346,31,335,7,0,0,1,1,0
gaokao2023en,bbeam1,step-profile-config1-bbeam1-gaokao2023en-exclusive0817,60,60,8,draft|draft_verify,86.42339706420898,91.26639366149902,0.0,377,22,359,8,0,0,1,1,0
gaokao2023en,bbeam1,step-profile-config1-bbeam1-gaokao2023en-exclusive0817,60,60,9,draft|draft_verify|target|target_rescue_verify,351.4900207519531,250.54430961608887,641.6516304016113,399,91,843,18,399,30,1,2,1
gaokao2023en,bbeam1,step-profile-config1-bbeam1-gaokao2023en-exclusive0817,60,60,10,draft|draft_verify|target|target_rescue_verify,330.94310760498047,280.5001735687256,2113.7917041778564,429,86,976,20,429,104,1,2,1
gaokao2023en,bbeam1,step-profile-config1-bbeam1-gaokao2023en-exclusive0817,60,60,11,draft|draft_verify,390.98572731018066,128.4041404724121,0.0,533,101,600,11,0,0,1,1,0
gaokao2023en,bbeam1,step-profile-config1-bbeam1-gaokao2023en-exclusive0817,60,60,12,draft|draft_verify,113.1436824798584,130.68795204162598,0.0,634,29,631,12,0,0,1,1,0
gaokao2023en,bbeam1,step-profile-config1-bbeam1-gaokao2023en-exclusive0817,60,60,13,draft|draft_verify,44.77381706237793,149.02520179748535,0.0,663,10,643,13,0,0,1,1,0
gaokao2023en,bbeam1,step-profile-config1-bbeam1-gaokao2023en-exclusive0817,61,61,1,draft|draft_verify,83.03618431091309,29.9835205078125,0.0,133,22,101,1,0,0,1,1,0
gaokao2023en,bbeam1,step-profile-config1-bbeam1-gaokao2023en-exclusive0817,61,61,2,draft|draft_verify,216.35174751281738,49.231767654418945,0.0,155,59,162,2,0,0,1,1,0
gaokao2023en,bbeam1,step-profile-config1-bbeam1-gaokao2023en-exclusive0817,61,61,3,draft|draft_verify,446.36082649230957,75.54364204406738,0.0,214,119,283,3,0,0,1,1,0
gaokao2023en,bbeam1,step-profile-config1-bbeam1-gaokao2023en-exclusive0817,61,61,4,draft|draft_verify|target|target_rescue_verify,488.7101650238037,265.2764320373535,2130.00750541687,333,128,799,8,333,101,1,2,1
gaokao2023en,bbeam1,step-profile-config1-bbeam1-gaokao2023en-exclusive0817,61,61,5,draft|draft_verify,240.82565307617188,132.57265090942383,0.0,434,60,448,5,0,0,1,1,0
gaokao2023en,bbeam1,step-profile-config1-bbeam1-gaokao2023en-exclusive0817,61,61,6,draft|draft_verify,239.55011367797852,141.55101776123047,0.0,494,60,510,6,0,0,1,1,0
gaokao2023en,bbeam1,step-profile-config1-bbeam1-gaokao2023en-exclusive0817,61,61,7,draft|draft_verify,323.58479499816895,131.40177726745605,0.0,554,82,594,7,0,0,1,1,0
gaokao2023en,bbeam1,step-profile-config1-bbeam1-gaokao2023en-exclusive0817,61,61,8,draft|draft_verify,171.7813014984131,132.51471519470215,0.0,636,42,638,8,0,0,1,1,0
gaokao2023en,bbeam1,step-profile-config1-bbeam1-gaokao2023en-exclusive0817,62,62,1,draft|draft_verify,317.6851272583008,30.63511848449707,0.0,92,81,119,1,0,0,1,1,0
gaokao2023en,bbeam1,step-profile-config1-bbeam1-gaokao2023en-exclusive0817,62,62,2,draft|draft_verify,442.8832530975342,59.175729751586914,0.0,173,118,239,2,0,0,1,1,0
gaokao2023en,bbeam1,step-profile-config1-bbeam1-gaokao2023en-exclusive0817,62,62,3,draft|draft_verify|target|target_rescue_verify,768.1417465209961,245.1493740081787,2252.511978149414,291,192,782,6,291,108,1,2,1
gaokao2023en,bbeam1,step-profile-config1-bbeam1-gaokao2023en-exclusive0817,62,62,4,draft|draft_verify,304.0437698364258,124.73106384277344,0.0,399,78,429,4,0,0,1,1,0
gaokao2023en,bbeam1,step-profile-config1-bbeam1-gaokao2023en-exclusive0817,62,62,5,draft|draft_verify,96.71854972839355,125.95033645629883,0.0,477,24,455,5,0,0,1,1,0
gaokao2023en,bbeam1,step-profile-config1-bbeam1-gaokao2023en-exclusive0817,62,62,6,draft|draft_verify,132.080078125,142.54140853881836,0.0,501,34,491,6,0,0,1,1,0
gaokao2023en,bbeam1,step-profile-config1-bbeam1-gaokao2023en-exclusive0817,62,62,7,draft|draft_verify,67.37208366394043,135.61534881591797,0.0,535,16,509,7,0,0,1,1,0
gaokao2023en,bbeam1,step-profile-config1-bbeam1-gaokao2023en-exclusive0817,63,63,1,draft|draft_verify,683.1681728363037,78.0801773071289,0.0,149,173,268,1,0,0,1,1,0
gaokao2023en,bbeam1,step-profile-config1-bbeam1-gaokao2023en-exclusive0817,63,63,2,draft|draft_verify,149.77145195007324,76.29704475402832,0.0,322,37,307,2,0,0,1,1,0
gaokao2023en,bbeam1,step-profile-config1-bbeam1-gaokao2023en-exclusive0817,63,63,3,draft|draft_verify,90.32607078552246,90.99555015563965,0.0,359,23,332,3,0,0,1,1,0
gaokao2023en,bbeam1,step-profile-config1-bbeam1-gaokao2023en-exclusive0817,63,63,4,draft|draft_verify,36.11612319946289,91.18914604187012,0.0,382,9,343,4,0,0,1,1,0
gaokao2023en,bbeam1,step-profile-config1-bbeam1-gaokao2023en-exclusive0817,63,63,5,draft|draft_verify,315.11640548706055,124.73249435424805,0.0,391,79,424,5,0,0,1,1,0
gaokao2023en,bbeam1,step-profile-config1-bbeam1-gaokao2023en-exclusive0817,63,63,6,draft|draft_verify,139.64104652404785,125.75531005859375,0.0,470,35,461,6,0,0,1,1,0
gaokao2023en,bbeam1,step-profile-config1-bbeam1-gaokao2023en-exclusive0817,63,63,7,draft|draft_verify,205.86776733398438,126.65677070617676,0.0,505,53,516,7,0,0,1,1,0
gaokao2023en,bbeam1,step-profile-config1-bbeam1-gaokao2023en-exclusive0817,63,63,8,draft|draft_verify,182.04879760742188,127.85577774047852,0.0,558,47,565,8,0,0,1,1,0
gaokao2023en,bbeam1,step-profile-config1-bbeam1-gaokao2023en-exclusive0817,63,63,9,draft|draft_verify|target|target_rescue_verify,436.7518424987793,316.50447845458984,3494.720458984375,605,109,1410,18,605,167,1,2,1
gaokao2023en,bbeam1,step-profile-config1-bbeam1-gaokao2023en-exclusive0817,63,63,10,draft|draft_verify,56.37240409851074,152.03237533569336,0.0,772,13,749,10,0,0,1,1,0
gaokao2023en,bbeam1,step-profile-config1-bbeam1-gaokao2023en-exclusive0817,63,63,11,draft|draft_verify|target|target_rescue_verify,517.1718597412109,396.23451232910156,3364.3789291381836,785,133,1801,22,785,166,1,2,1
gaokao2023en,bbeam1,step-profile-config1-bbeam1-gaokao2023en-exclusive0817,63,63,12,draft|draft_verify,111.78874969482422,199.7227668762207,0.0,951,27,946,12,0,0,1,1,0
gaokao2023en,bbeam1,step-profile-config1-bbeam1-gaokao2023en-exclusive0817,63,63,13,draft|draft_verify,494.187593460083,227.10061073303223,0.0,978,123,1071,13,0,0,1,1,0
gaokao2023en,bbeam1,step-profile-config1-bbeam1-gaokao2023en-exclusive0817,63,63,14,draft|draft_verify,34.726858139038086,225.15273094177246,0.0,1101,8,1081,14,0,0,1,1,0
gaokao2023en,bbeam1,step-profile-config1-bbeam1-gaokao2023en-exclusive0817,63,63,15,draft|draft_verify,342.177152633667,255.22565841674805,0.0,1109,85,1167,15,0,0,1,1,0
gaokao2023en,bbeam1,step-profile-config1-bbeam1-gaokao2023en-exclusive0817,63,63,16,draft|draft_verify,22.42422103881836,254.011869430542,0.0,1194,5,1174,16,0,0,1,1,0
gaokao2023en,bbeam1,step-profile-config1-bbeam1-gaokao2023en-exclusive0817,63,63,17,draft|draft_verify,484.7102165222168,275.5861282348633,0.0,1199,120,1296,17,0,0,1,1,0
gaokao2023en,bbeam1,step-profile-config1-bbeam1-gaokao2023en-exclusive0817,63,63,18,draft|draft_verify,22.4609375,274.10292625427246,0.0,1319,5,1303,18,0,0,1,1,0
gaokao2023en,bbeam1,step-profile-config1-bbeam1-gaokao2023en-exclusive0817,63,63,19,draft|draft_verify,541.5279865264893,308.351993560791,0.0,1324,140,1445,19,0,0,1,1,0
gaokao2023en,bbeam1,step-profile-config1-bbeam1-gaokao2023en-exclusive0817,63,63,20,draft|draft_verify|target|backtracking_verify,90.57426452636719,626.1515617370605,736.9897365570068,1464,23,2952,40,1464,35,1,2,1
gaokao2023en,bbeam1,step-profile-config1-bbeam1-gaokao2023en-exclusive0817,63,63,21,draft|draft_verify|target|target_rescue_verify,884.0065002441406,982.7649593353271,3576.526641845703,2986,223,4821,63,1487,170,2,3,1
gaokao2023en,bbeam1,step-profile-config1-bbeam1-gaokao2023en-exclusive0817,63,63,22,draft|draft_verify,93.57929229736328,350.9368896484375,0.0,1665,23,1675,22,0,0,1,1,0
gaokao2023en,bbeam1,step-profile-config1-bbeam1-gaokao2023en-exclusive0817,63,63,23,draft|draft_verify,205.23858070373535,360.0006103515625,0.0,1688,53,1730,23,0,0,1,1,0
gaokao2023en,bbeam1,step-profile-config1-bbeam1-gaokao2023en-exclusive0817,63,63,24,draft|draft_verify,54.07524108886719,361.5245819091797,0.0,1741,13,1745,24,0,0,1,1,0
gaokao2023en,bbeam1,step-profile-config1-bbeam1-gaokao2023en-exclusive0817,63,63,25,draft|draft_verify,506.55174255371094,392.43149757385254,0.0,1754,133,1880,25,0,0,1,1,0
gaokao2023en,bbeam1,step-profile-config1-bbeam1-gaokao2023en-exclusive0817,63,63,26,draft|draft_verify,55.138349533081055,393.49365234375,0.0,1887,13,1895,26,0,0,1,1,0
gaokao2023en,bbeam1,step-profile-config1-bbeam1-gaokao2023en-exclusive0817,63,63,27,draft|draft_verify,507.89499282836914,405.55691719055176,0.0,1900,133,2030,27,0,0,1,1,0
gaokao2023en,bbeam1,step-profile-config1-bbeam1-gaokao2023en-exclusive0817,63,63,28,draft|draft_verify,108.23535919189453,432.11936950683594,0.0,2033,27,2059,28,0,0,1,1,0
gaokao2023en,bbeam1,step-profile-config1-bbeam1-gaokao2023en-exclusive0817,64,64,1,draft|draft_verify,194.62203979492188,28.569459915161133,0.0,88,51,85,1,0,0,1,1,0
gaokao2023en,bbeam1,step-profile-config1-bbeam1-gaokao2023en-exclusive0817,64,64,2,draft|draft_verify|target|target_rescue_verify,1427.8843402862549,194.42367553710938,1109.4529628753662,139,369,596,4,139,53,1,2,1
gaokao2023en,bbeam1,step-profile-config1-bbeam1-gaokao2023en-exclusive0817,64,64,3,draft|draft_verify,410.86339950561523,61.16771697998047,0.0,192,106,248,3,0,0,1,1,0
gaokao2023en,bbeam1,step-profile-config1-bbeam1-gaokao2023en-exclusive0817,64,64,4,draft|draft_verify,325.6981372833252,102.46086120605469,0.0,298,84,334,4,0,0,1,1,0
gaokao2023en,bbeam1,step-profile-config1-bbeam1-gaokao2023en-exclusive0817,64,64,5,draft|draft_verify,280.90548515319824,137.03346252441406,0.0,382,73,409,5,0,0,1,1,0
gaokao2023en,bbeam1,step-profile-config1-bbeam1-gaokao2023en-exclusive0817,64,64,6,draft|draft_verify,999.2499351501465,153.2003879547119,0.0,455,250,661,6,0,0,1,1,0
gaokao2023en,bbeam1,step-profile-config1-bbeam1-gaokao2023en-exclusive0817,64,64,7,draft|draft_verify,407.3636531829834,157.23609924316406,0.0,705,105,768,7,0,0,1,1,0
gaokao2023en,bbeam1,step-profile-config1-bbeam1-gaokao2023en-exclusive0817,64,64,8,draft|draft_verify|target|target_rescue_verify,503.73101234436035,393.15295219421387,2504.0485858917236,810,130,1787,16,810,117,1,2,1
gaokao2023en,bbeam1,step-profile-config1-bbeam1-gaokao2023en-exclusive0817,64,64,9,draft|draft_verify,287.40978240966797,201.48706436157227,0.0,927,75,964,9,0,0,1,1,0
gaokao2023en,bbeam1,step-profile-config1-bbeam1-gaokao2023en-exclusive0817,64,64,10,draft|draft_verify,91.13144874572754,201.6739845275879,0.0,1002,22,988,10,0,0,1,1,0
gaokao2023en,bbeam1,step-profile-config1-bbeam1-gaokao2023en-exclusive0817,65,65,1,draft|draft_verify,165.6489372253418,29.03294563293457,0.0,94,45,86,1,0,0,1,1,0
gaokao2023en,bbeam1,step-profile-config1-bbeam1-gaokao2023en-exclusive0817,65,65,2,draft|draft_verify,242.29049682617188,50.31323432922363,0.0,139,66,154,2,0,0,1,1,0
gaokao2023en,bbeam1,step-profile-config1-bbeam1-gaokao2023en-exclusive0817,65,65,3,draft|draft_verify,117.93231964111328,56.784629821777344,0.0,205,32,188,3,0,0,1,1,0
gaokao2023en,bbeam1,step-profile-config1-bbeam1-gaokao2023en-exclusive0817,65,65,4,draft|draft_verify,114.78137969970703,58.89391899108887,0.0,237,30,220,4,0,0,1,1,0
gaokao2023en,bbeam1,step-profile-config1-bbeam1-gaokao2023en-exclusive0817,65,65,5,draft|draft_verify,132.51519203186035,60.45079231262207,0.0,267,34,256,5,0,0,1,1,0
gaokao2023en,bbeam1,step-profile-config1-bbeam1-gaokao2023en-exclusive0817,65,65,6,draft|draft_verify,119.67778205871582,77.13747024536133,0.0,301,31,289,6,0,0,1,1,0
gaokao2023en,bbeam1,step-profile-config1-bbeam1-gaokao2023en-exclusive0817,65,65,7,draft|draft_verify,106.24361038208008,76.77602767944336,0.0,332,28,319,7,0,0,1,1,0
gaokao2023en,bbeam1,step-profile-config1-bbeam1-gaokao2023en-exclusive0817,65,65,8,draft|draft_verify,102.49161720275879,91.24207496643066,0.0,360,27,348,8,0,0,1,1,0
gaokao2023en,bbeam1,step-profile-config1-bbeam1-gaokao2023en-exclusive0817,65,65,9,draft|draft_verify,103.57832908630371,92.09465980529785,0.0,387,27,377,9,0,0,1,1,0
gaokao2023en,bbeam1,step-profile-config1-bbeam1-gaokao2023en-exclusive0817,65,65,10,draft|draft_verify,91.18032455444336,123.87633323669434,0.0,414,24,403,10,0,0,1,1,0
gaokao2023en,bbeam1,step-profile-config1-bbeam1-gaokao2023en-exclusive0817,65,65,11,draft|draft_verify,91.31813049316406,124.44829940795898,0.0,438,24,429,11,0,0,1,1,0
gaokao2023en,bbeam1,step-profile-config1-bbeam1-gaokao2023en-exclusive0817,65,65,12,draft|draft_verify,436.62023544311523,127.90465354919434,0.0,462,116,547,12,0,0,1,1,0
gaokao2023en,bbeam1,step-profile-config1-bbeam1-gaokao2023en-exclusive0817,65,65,13,draft|draft_verify|target|backtracking_verify,72.73578643798828,257.0986747741699,412.51206398010254,578,19,1136,26,578,19,1,2,1
gaokao2023en,bbeam1,step-profile-config1-bbeam1-gaokao2023en-exclusive0817,65,65,14,draft|draft_verify|target|target_rescue_verify,230.86810111999512,523.9992141723633,1326.141595840454,1194,60,2397,56,1194,57,2,4,2
gaokao2023en,bbeam1,step-profile-config1-bbeam1-gaokao2023en-exclusive0817,65,65,15,draft|draft_verify,117.17081069946289,131.59918785095215,0.0,628,30,633,15,0,0,1,1,0
gaokao2023en,bbeam1,step-profile-config1-bbeam1-gaokao2023en-exclusive0817,65,65,16,draft|draft_verify|target|target_rescue_verify,124.7856616973877,304.4869899749756,595.4022407531738,658,32,1330,32,658,28,1,2,1
gaokao2023en,bbeam1,step-profile-config1-bbeam1-gaokao2023en-exclusive0817,65,65,17,draft|draft_verify,108.3066463470459,153.0747413635254,0.0,686,28,693,17,0,0,1,1,0
gaokao2023en,bbeam1,step-profile-config1-bbeam1-gaokao2023en-exclusive0817,65,65,18,draft|draft_verify,118.46494674682617,154.24489974975586,0.0,714,31,726,18,0,0,1,1,0
gaokao2023en,bbeam1,step-profile-config1-bbeam1-gaokao2023en-exclusive0817,65,65,19,draft|draft_verify,139.25743103027344,154.3903350830078,0.0,745,36,764,19,0,0,1,1,0
gaokao2023en,bbeam1,step-profile-config1-bbeam1-gaokao2023en-exclusive0817,65,65,20,draft|draft_verify|target|target_rescue_verify,122.12467193603516,349.3363857269287,645.8730697631836,781,32,1594,40,781,30,1,2,1
gaokao2023en,bbeam1,step-profile-config1-bbeam1-gaokao2023en-exclusive0817,65,65,21,draft|draft_verify,81.78353309631348,174.64280128479004,0.0,811,21,819,21,0,0,1,1,0
gaokao2023en,bbeam1,step-profile-config1-bbeam1-gaokao2023en-exclusive0817,65,65,22,draft|draft_verify,107.08737373352051,175.14419555664062,0.0,832,28,849,22,0,0,1,1,0
gaokao2023en,bbeam1,step-profile-config1-bbeam1-gaokao2023en-exclusive0817,65,65,23,draft|draft_verify,238.53659629821777,199.09930229187012,0.0,860,63,914,23,0,0,1,1,0
gaokao2023en,bbeam1,step-profile-config1-bbeam1-gaokao2023en-exclusive0817,65,65,24,draft|draft_verify,161.6826057434082,200.486421585083,0.0,923,42,958,24,0,0,1,1,0
gaokao2023en,bbeam1,step-profile-config1-bbeam1-gaokao2023en-exclusive0817,65,65,25,draft|draft_verify,141.56532287597656,201.6310691833496,0.0,965,37,997,25,0,0,1,1,0
gaokao2023en,bbeam1,step-profile-config1-bbeam1-gaokao2023en-exclusive0817,65,65,26,draft|draft_verify,148.35309982299805,226.5303134918213,0.0,1002,38,1037,26,0,0,1,1,0
gaokao2023en,bbeam1,step-profile-config1-bbeam1-gaokao2023en-exclusive0817,65,65,27,draft|draft_verify,129.84967231750488,228.58524322509766,0.0,1040,34,1073,27,0,0,1,1,0
gaokao2023en,bbeam1,step-profile-config1-bbeam1-gaokao2023en-exclusive0817,65,65,28,draft|draft_verify,114.89677429199219,228.7607192993164,0.0,1074,30,1105,28,0,0,1,1,0
gaokao2023en,bbeam1,step-profile-config1-bbeam1-gaokao2023en-exclusive0817,65,65,29,draft|draft_verify,92.72909164428711,230.8201789855957,0.0,1104,24,1131,29,0,0,1,1,0
gaokao2023en,bbeam1,step-profile-config1-bbeam1-gaokao2023en-exclusive0817,65,65,30,draft|draft_verify,112.27798461914062,255.45883178710938,0.0,1128,29,1162,30,0,0,1,1,0
gaokao2023en,bbeam1,step-profile-config1-bbeam1-gaokao2023en-exclusive0817,65,65,31,draft|draft_verify,120.50008773803711,257.509708404541,0.0,1157,31,1195,31,0,0,1,1,0
gaokao2023en,bbeam1,step-profile-config1-bbeam1-gaokao2023en-exclusive0817,65,65,32,draft|draft_verify|target|target_rescue_verify,127.81286239624023,516.8032646179199,364.1188144683838,1188,33,2437,64,1188,10,1,2,1
gaokao2023en,bbeam1,step-profile-config1-bbeam1-gaokao2023en-exclusive0817,65,65,33,draft|draft_verify,289.43467140197754,273.423433303833,0.0,1198,76,1285,33,0,0,1,1,0
gaokao2023en,bbeam1,step-profile-config1-bbeam1-gaokao2023en-exclusive0817,65,65,34,draft|draft_verify,128.1723976135254,274.9032974243164,0.0,1274,33,1320,34,0,0,1,1,0
gaokao2023en,bbeam1,step-profile-config1-bbeam1-gaokao2023en-exclusive0817,65,65,35,draft|draft_verify,149.4123935699463,280.76863288879395,0.0,1307,39,1361,35,0,0,1,1,0
gaokao2023en,bbeam1,step-profile-config1-bbeam1-gaokao2023en-exclusive0817,65,65,36,draft|draft_verify,72.21531867980957,280.90763092041016,0.0,1346,18,1381,36,0,0,1,1,0
gaokao2023en,bbeam1,step-profile-config1-bbeam1-gaokao2023en-exclusive0817,65,65,37,draft|draft_verify,128.73435020446777,306.8511486053467,0.0,1364,32,1415,37,0,0,1,1,0
gaokao2023en,bbeam1,step-profile-config1-bbeam1-gaokao2023en-exclusive0817,66,66,1,draft|draft_verify,267.00782775878906,46.06270790100098,0.0,113,74,133,1,0,0,1,1,0
gaokao2023en,bbeam1,step-profile-config1-bbeam1-gaokao2023en-exclusive0817,66,66,2,draft|draft_verify,62.780141830444336,49.14689064025879,0.0,187,17,152,2,0,0,1,1,0
gaokao2023en,bbeam1,step-profile-config1-bbeam1-gaokao2023en-exclusive0817,66,66,3,draft|draft_verify,124.31955337524414,57.00421333312988,0.0,204,34,188,3,0,0,1,1,0
gaokao2023en,bbeam1,step-profile-config1-bbeam1-gaokao2023en-exclusive0817,66,66,4,draft|draft_verify,390.49243927001953,76.39455795288086,0.0,238,105,295,4,0,0,1,1,0
gaokao2023en,bbeam1,step-profile-config1-bbeam1-gaokao2023en-exclusive0817,66,66,5,draft|draft_verify|target|target_rescue_verify,365.889310836792,217.80753135681152,929.6810626983643,343,98,733,10,343,41,1,2,1
gaokao2023en,bbeam1,step-profile-config1-bbeam1-gaokao2023en-exclusive0817,66,66,6,draft|draft_verify,229.9480438232422,124.95636940002441,0.0,384,61,401,6,0,0,1,1,0
gaokao2023en,bbeam1,step-profile-config1-bbeam1-gaokao2023en-exclusive0817,66,66,7,draft|draft_verify,136.75975799560547,124.63855743408203,0.0,445,36,439,7,0,0,1,1,0
gaokao2023en,bbeam1,step-profile-config1-bbeam1-gaokao2023en-exclusive0817,66,66,8,draft|draft_verify|target|target_rescue_verify,251.38139724731445,273.4332084655762,1386.6355419158936,481,67,1016,16,481,67,1,2,1
gaokao2023en,bbeam1,step-profile-config1-bbeam1-gaokao2023en-exclusive0817,66,66,9,draft|draft_verify|target|target_rescue_verify,460.25586128234863,282.6657295227051,1515.9873962402344,548,121,1215,18,548,74,1,2,1
gaokao2023en,bbeam1,step-profile-config1-bbeam1-gaokao2023en-exclusive0817,66,66,10,draft|draft_verify,111.65928840637207,131.77895545959473,0.0,622,29,615,10,0,0,1,1,0
gaokao2023en,bbeam1,step-profile-config1-bbeam1-gaokao2023en-exclusive0817,66,66,11,draft|draft_verify,275.2416133880615,152.42648124694824,0.0,651,70,687,11,0,0,1,1,0
gaokao2023en,bbeam1,step-profile-config1-bbeam1-gaokao2023en-exclusive0817,66,66,12,draft|draft_verify,101.28188133239746,152.85086631774902,0.0,721,26,715,12,0,0,1,1,0
gaokao2023en,bbeam1,step-profile-config1-bbeam1-gaokao2023en-exclusive0817,66,66,13,draft|draft_verify,200.04010200500488,174.0429401397705,0.0,747,53,770,13,0,0,1,1,0
gaokao2023en,bbeam1,step-profile-config1-bbeam1-gaokao2023en-exclusive0817,66,66,14,draft|draft_verify,544.2121028900146,200.15883445739746,0.0,800,144,916,14,0,0,1,1,0
gaokao2023en,bbeam1,step-profile-config1-bbeam1-gaokao2023en-exclusive0817,66,66,15,draft|draft_verify,137.41493225097656,201.04241371154785,0.0,944,36,954,15,0,0,1,1,0
gaokao2023en,bbeam1,step-profile-config1-bbeam1-gaokao2023en-exclusive0817,66,66,16,draft|draft_verify,215.39592742919922,203.52578163146973,0.0,980,56,1012,16,0,0,1,1,0
gaokao2023en,bbeam1,step-profile-config1-bbeam1-gaokao2023en-exclusive0817,66,66,17,draft|draft_verify,627.5606155395508,256.1516761779785,0.0,1036,163,1177,17,0,0,1,1,0
gaokao2023en,bbeam1,step-profile-config1-bbeam1-gaokao2023en-exclusive0817,66,66,18,draft|draft_verify,110.84818840026855,249.30524826049805,0.0,1199,29,1208,18,0,0,1,1,0
gaokao2023en,bbeam1,step-profile-config1-bbeam1-gaokao2023en-exclusive0817,66,66,19,draft|draft_verify,138.97323608398438,258.62693786621094,0.0,1228,36,1246,19,0,0,1,1,0
gaokao2023en,bbeam1,step-profile-config1-bbeam1-gaokao2023en-exclusive0817,66,66,20,draft|draft_verify,94.20490264892578,258.6245536804199,0.0,1264,23,1271,20,0,0,1,1,0
gaokao2023en,bbeam1,step-profile-config1-bbeam1-gaokao2023en-exclusive0817,67,67,1,draft|draft_verify,259.62138175964355,50.13537406921387,0.0,119,71,137,1,0,0,1,1,0
gaokao2023en,bbeam1,step-profile-config1-bbeam1-gaokao2023en-exclusive0817,67,67,2,draft|draft_verify,362.4861240386963,60.20832061767578,0.0,190,99,237,2,0,0,1,1,0
gaokao2023en,bbeam1,step-profile-config1-bbeam1-gaokao2023en-exclusive0817,67,67,3,draft|draft_verify|target|target_rescue_verify,453.11641693115234,196.6385841369629,2697.478771209717,289,114,721,6,289,131,1,2,1
gaokao2023en,bbeam1,step-profile-config1-bbeam1-gaokao2023en-exclusive0817,67,67,4,draft|draft_verify|target|target_rescue_verify,367.81883239746094,263.22007179260254,1747.894048690796,420,97,925,8,420,86,1,2,1
gaokao2023en,bbeam1,step-profile-config1-bbeam1-gaokao2023en-exclusive0817,67,67,5,draft|draft_verify|target|target_rescue_verify,568.7737464904785,270.19500732421875,1893.3229446411133,506,144,1155,10,506,93,1,2,1
gaokao2023en,bbeam1,step-profile-config1-bbeam1-gaokao2023en-exclusive0817,67,67,6,draft|draft_verify|target|target_rescue_verify,273.2737064361572,265.14601707458496,1675.1749515533447,599,69,1259,12,599,82,1,2,1
gaokao2023en,bbeam1,step-profile-config1-bbeam1-gaokao2023en-exclusive0817,67,67,7,draft|draft_verify,1277.003526687622,218.97459030151367,0.0,681,334,972,7,0,0,1,1,0
gaokao2023en,bbeam1,step-profile-config1-bbeam1-gaokao2023en-exclusive0817,67,67,8,draft|draft_verify,944.7951316833496,257.79223442077637,0.0,1015,246,1220,8,0,0,1,1,0
gaokao2023en,bbeam1,step-profile-config1-bbeam1-gaokao2023en-exclusive0817,67,67,9,draft|draft_verify|target|target_rescue_verify,87.36276626586914,517.1871185302734,1044.316291809082,1261,21,2509,18,1261,44,1,2,1
gaokao2023en,bbeam1,step-profile-config1-bbeam1-gaokao2023en-exclusive0817,67,67,10,draft|draft_verify,69.50759887695312,271.1951732635498,0.0,1305,16,1284,10,0,0,1,1,0
gaokao2023en,bbeam1,step-profile-config1-bbeam1-gaokao2023en-exclusive0817,68,68,1,draft|draft_verify,179.90803718566895,46.792030334472656,0.0,138,48,132,1,0,0,1,1,0
gaokao2023en,bbeam1,step-profile-config1-bbeam1-gaokao2023en-exclusive0817,68,68,2,draft|draft_verify|target|target_rescue_verify,677.8237819671631,129.34446334838867,274.58643913269043,186,181,458,4,186,10,1,2,1
gaokao2023en,bbeam1,step-profile-config1-bbeam1-gaokao2023en-exclusive0817,68,68,3,draft|draft_verify|target|target_rescue_verify,495.07641792297363,150.7585048675537,867.9718971252441,196,132,464,6,196,42,1,2,1
gaokao2023en,bbeam1,step-profile-config1-bbeam1-gaokao2023en-exclusive0817,68,68,4,draft|draft_verify|target|target_rescue_verify,322.0362663269043,187.61706352233887,3124.8505115509033,238,84,617,8,238,155,1,2,1
gaokao2023en,bbeam1,step-profile-config1-bbeam1-gaokao2023en-exclusive0817,68,68,5,draft|draft_verify,162.39070892333984,141.3130760192871,0.0,393,40,386,5,0,0,1,1,0
gaokao2023en,bbeam1,step-profile-config1-bbeam1-gaokao2023en-exclusive0817,68,68,6,draft|draft_verify,197.89648056030273,124.70340728759766,0.0,433,52,440,6,0,0,1,1,0
gaokao2023en,bbeam1,step-profile-config1-bbeam1-gaokao2023en-exclusive0817,68,68,7,draft|draft_verify,39.54315185546875,125.42510032653809,0.0,485,10,451,7,0,0,1,1,0
gaokao2023en,bbeam1,step-profile-config1-bbeam1-gaokao2023en-exclusive0817,68,68,8,draft|draft_verify|target|target_rescue_verify,262.7146244049072,270.1830863952637,824.0358829498291,495,69,1014,16,495,39,1,2,1
gaokao2023en,bbeam1,step-profile-config1-bbeam1-gaokao2023en-exclusive0817,68,68,9,draft|draft_verify,236.8946075439453,127.5947093963623,0.0,534,62,556,9,0,0,1,1,0
gaokao2023en,bbeam1,step-profile-config1-bbeam1-gaokao2023en-exclusive0817,68,68,10,draft|draft_verify,40.171146392822266,127.15935707092285,0.0,596,10,567,10,0,0,1,1,0
gaokao2023en,bbeam1,step-profile-config1-bbeam1-gaokao2023en-exclusive0817,68,68,11,draft|draft_verify,272.83525466918945,134.32717323303223,0.0,606,71,640,11,0,0,1,1,0
gaokao2023en,bbeam1,step-profile-config1-bbeam1-gaokao2023en-exclusive0817,68,68,12,draft|draft_verify,76.00665092468262,152.36783027648926,0.0,677,17,659,12,0,0,1,1,0
gaokao2023en,bbeam1,step-profile-config1-bbeam1-gaokao2023en-exclusive0817,69,69,1,draft|draft_verify,330.89756965637207,50.46987533569336,0.0,121,90,158,1,0,0,1,1,0
gaokao2023en,bbeam1,step-profile-config1-bbeam1-gaokao2023en-exclusive0817,69,69,2,draft|draft_verify,1358.832597732544,138.8111114501953,0.0,211,356,516,2,0,0,1,1,0
gaokao2023en,bbeam1,step-profile-config1-bbeam1-gaokao2023en-exclusive0817,69,69,3,draft|draft_verify|target|target_rescue_verify,4192.070484161377,642.1427726745605,15532.74130821228,567,1068,2870,6,567,766,1,2,1
gaokao2023en,bbeam1,step-profile-config1-bbeam1-gaokao2023en-exclusive0817,70,70,1,draft|draft_verify,259.4130039215088,28.9461612701416,0.0,67,69,83,1,0,0,1,1,0
gaokao2023en,bbeam1,step-profile-config1-bbeam1-gaokao2023en-exclusive0817,70,70,2,draft|draft_verify,88.47332000732422,30.597448348999023,0.0,136,24,109,2,0,0,1,1,0
gaokao2023en,bbeam1,step-profile-config1-bbeam1-gaokao2023en-exclusive0817,70,70,3,draft|draft_verify,26.34572982788086,30.11178970336914,0.0,160,7,118,3,0,0,1,1,0
gaokao2023en,bbeam1,step-profile-config1-bbeam1-gaokao2023en-exclusive0817,70,70,4,draft|draft_verify,145.9202766418457,49.163818359375,0.0,167,39,159,4,0,0,1,1,0
gaokao2023en,bbeam1,step-profile-config1-bbeam1-gaokao2023en-exclusive0817,70,70,5,draft|draft_verify,144.8075771331787,58.879852294921875,0.0,206,39,200,5,0,0,1,1,0
gaokao2023en,bbeam1,step-profile-config1-bbeam1-gaokao2023en-exclusive0817,70,70,6,draft|draft_verify,70.8165168762207,59.397220611572266,0.0,245,19,221,6,0,0,1,1,0
gaokao2023en,bbeam1,step-profile-config1-bbeam1-gaokao2023en-exclusive0817,70,70,7,draft|draft_verify,129.53448295593262,59.95488166809082,0.0,264,33,256,7,0,0,1,1,0
gaokao2023en,bbeam1,step-profile-config1-bbeam1-gaokao2023en-exclusive0817,71,71,1,draft|draft_verify,320.0705051422119,34.44957733154297,0.0,94,88,128,1,0,0,1,1,0
gaokao2023en,bbeam1,step-profile-config1-bbeam1-gaokao2023en-exclusive0817,71,71,2,draft|draft_verify,114.77875709533691,56.28156661987305,0.0,182,31,161,2,0,0,1,1,0
gaokao2023en,bbeam1,step-profile-config1-bbeam1-gaokao2023en-exclusive0817,71,71,3,draft|draft_verify,240.42081832885742,67.42072105407715,0.0,213,51,214,3,0,0,1,1,0
gaokao2023en,bbeam1,step-profile-config1-bbeam1-gaokao2023en-exclusive0817,71,71,4,draft|draft_verify,108.43515396118164,67.36397743225098,0.0,264,28,244,4,0,0,1,1,0
gaokao2023en,bbeam1,step-profile-config1-bbeam1-gaokao2023en-exclusive0817,71,71,5,draft|draft_verify,31.742334365844727,64.93782997131348,0.0,292,8,254,5,0,0,1,1,0
gaokao2023en,bbeam1,step-profile-config1-bbeam1-gaokao2023en-exclusive0817,71,71,6,draft|draft_verify,100.76785087585449,80.86800575256348,0.0,300,26,282,6,0,0,1,1,0
gaokao2023en,bbeam1,step-profile-config1-bbeam1-gaokao2023en-exclusive0817,71,71,7,draft|draft_verify,24.25670623779297,75.5147933959961,0.0,326,6,290,7,0,0,1,1,0
gaokao2023en,bbeam1,step-profile-config1-bbeam1-gaokao2023en-exclusive0817,71,71,8,draft|draft_verify,50.80270767211914,76.07054710388184,0.0,332,13,305,8,0,0,1,1,0
gaokao2023en,bbeam1,step-profile-config1-bbeam1-gaokao2023en-exclusive0817,71,71,9,draft|draft_verify,146.8212604522705,91.41254425048828,0.0,345,29,336,9,0,0,1,1,0
gaokao2023en,bbeam1,step-profile-config1-bbeam1-gaokao2023en-exclusive0817,72,72,1,draft|draft_verify,305.30810356140137,30.474424362182617,0.0,103,65,114,1,0,0,1,1,0
gaokao2023en,bbeam1,step-profile-config1-bbeam1-gaokao2023en-exclusive0817,72,72,2,draft|draft_verify,107.93781280517578,49.37267303466797,0.0,168,23,139,2,0,0,1,1,0
gaokao2023en,bbeam1,step-profile-config1-bbeam1-gaokao2023en-exclusive0817,72,72,3,draft|draft_verify,179.50963973999023,50.78840255737305,0.0,191,37,178,3,0,0,1,1,0
gaokao2023en,bbeam1,step-profile-config1-bbeam1-gaokao2023en-exclusive0817,72,72,4,draft|draft_verify,113.75188827514648,59.82375144958496,0.0,228,24,204,4,0,0,1,1,0
gaokao2023en,bbeam1,step-profile-config1-bbeam1-gaokao2023en-exclusive0817,72,72,5,draft|draft_verify,48.66600036621094,59.44252014160156,0.0,252,10,216,5,0,0,1,1,0
gaokao2023en,bbeam1,step-profile-config1-bbeam1-gaokao2023en-exclusive0817,72,72,6,draft|draft_verify,54.15225028991699,58.76493453979492,0.0,262,11,229,6,0,0,1,1,0
gaokao2023en,bbeam1,step-profile-config1-bbeam1-gaokao2023en-exclusive0817,72,72,7,draft|draft_verify,26.98206901550293,59.505462646484375,0.0,273,5,236,7,0,0,1,1,0
gaokao2023en,bbeam1,step-profile-config1-bbeam1-gaokao2023en-exclusive0817,72,72,8,draft|draft_verify,162.2474193572998,76.02930068969727,0.0,278,33,271,8,0,0,1,1,0
gaokao2023en,bbeam1,step-profile-config1-bbeam1-gaokao2023en-exclusive0817,72,72,9,draft|draft_verify,59.34309959411621,76.26533508300781,0.0,311,12,285,9,0,0,1,1,0
gaokao2023en,bbeam1,step-profile-config1-bbeam1-gaokao2023en-exclusive0817,72,72,10,draft|draft_verify,52.474260330200195,76.24697685241699,0.0,323,10,297,10,0,0,1,1,0
gaokao2023en,bbeam1,step-profile-config1-bbeam1-gaokao2023en-exclusive0817,73,73,1,draft|draft_verify,177.5655746459961,21.285533905029297,0.0,72,40,59,1,0,0,1,1,0
gaokao2023en,bbeam1,step-profile-config1-bbeam1-gaokao2023en-exclusive0817,73,73,2,draft|draft_verify,128.44610214233398,28.655052185058594,0.0,112,29,90,2,0,0,1,1,0
gaokao2023en,bbeam1,step-profile-config1-bbeam1-gaokao2023en-exclusive0817,73,73,3,draft|draft_verify,88.52696418762207,29.300451278686523,0.0,141,20,112,3,0,0,1,1,0
gaokao2023en,bbeam1,step-profile-config1-bbeam1-gaokao2023en-exclusive0817,73,73,4,draft|draft_verify,119.97771263122559,49.126386642456055,0.0,161,27,141,4,0,0,1,1,0
gaokao2023en,bbeam1,step-profile-config1-bbeam1-gaokao2023en-exclusive0817,73,73,5,draft|draft_verify,31.385183334350586,49.3316650390625,0.0,188,7,150,5,0,0,1,1,0
gaokao2023en,bbeam1,step-profile-config1-bbeam1-gaokao2023en-exclusive0817,73,73,6,draft|draft_verify,51.31030082702637,48.905134201049805,0.0,195,13,165,6,0,0,1,1,0
gaokao2023en,bbeam1,step-profile-config1-bbeam1-gaokao2023en-exclusive0817,73,73,7,draft|draft_verify,27.062177658081055,49.44896697998047,0.0,208,7,174,7,0,0,1,1,0
gaokao2023en,bbeam1,step-profile-config1-bbeam1-gaokao2023en-exclusive0817,73,73,8,draft|draft_verify,78.07540893554688,58.39729309082031,0.0,215,20,196,8,0,0,1,1,0
gaokao2023en,bbeam1,step-profile-config1-bbeam1-gaokao2023en-exclusive0817,73,73,9,draft|draft_verify,42.30475425720215,59.180259704589844,0.0,235,11,209,9,0,0,1,1,0
gaokao2023en,bbeam1,step-profile-config1-bbeam1-gaokao2023en-exclusive0817,73,73,10,draft|draft_verify,109.22050476074219,58.56180191040039,0.0,246,28,239,10,0,0,1,1,0
gaokao2023en,bbeam1,step-profile-config1-bbeam1-gaokao2023en-exclusive0817,73,73,11,draft|draft_verify,57.64007568359375,59.31258201599121,0.0,274,15,256,11,0,0,1,1,0
gaokao2023en,bbeam1,step-profile-config1-bbeam1-gaokao2023en-exclusive0817,73,73,12,draft|draft_verify,59.06057357788086,75.39844512939453,0.0,289,14,272,12,0,0,1,1,0
gaokao2023en,bbeam1,step-profile-config1-bbeam1-gaokao2023en-exclusive0817,74,74,1,draft|draft_verify,284.96789932250977,30.116558074951172,0.0,97,74,117,1,0,0,1,1,0
gaokao2023en,bbeam1,step-profile-config1-bbeam1-gaokao2023en-exclusive0817,74,74,2,draft|draft_verify|target|target_rescue_verify,289.15977478027344,145.6453800201416,3170.0806617736816,171,80,474,4,171,156,1,2,1
gaokao2023en,bbeam1,step-profile-config1-bbeam1-gaokao2023en-exclusive0817,74,74,3,draft|draft_verify,314.99552726745605,99.60675239562988,0.0,327,81,358,3,0,0,1,1,0
gaokao2023en,bbeam1,step-profile-config1-bbeam1-gaokao2023en-exclusive0817,74,74,4,draft|draft_verify,197.19409942626953,124.03678894042969,0.0,408,51,411,4,0,0,1,1,0
gaokao2023en,bbeam1,step-profile-config1-bbeam1-gaokao2023en-exclusive0817,74,74,5,draft|draft_verify,106.00423812866211,124.45640563964844,0.0,459,27,440,5,0,0,1,1,0
gaokao2023en,bbeam1,step-profile-config1-bbeam1-gaokao2023en-exclusive0817,75,75,1,draft|draft_verify,121.76680564880371,21.023988723754883,0.0,73,32,51,1,0,0,1,1,0
gaokao2023en,bbeam1,step-profile-config1-bbeam1-gaokao2023en-exclusive0817,75,75,2,draft|draft_verify,116.8966293334961,28.192996978759766,0.0,105,31,84,2,0,0,1,1,0
gaokao2023en,bbeam1,step-profile-config1-bbeam1-gaokao2023en-exclusive0817,75,75,3,draft|draft_verify,274.96790885925293,49.62730407714844,0.0,136,76,162,3,0,0,1,1,0
gaokao2023en,bbeam1,step-profile-config1-bbeam1-gaokao2023en-exclusive0817,75,75,4,draft|draft_verify,205.2936553955078,59.10634994506836,0.0,212,54,218,4,0,0,1,1,0
gaokao2023en,bbeam1,step-profile-config1-bbeam1-gaokao2023en-exclusive0817,75,75,5,draft|draft_verify,485.0332736968994,91.70103073120117,0.0,266,123,343,5,0,0,1,1,0
gaokao2023en,bbeam1,step-profile-config1-bbeam1-gaokao2023en-exclusive0817,75,75,6,draft|draft_verify,96.30155563354492,91.20893478393555,0.0,389,24,369,6,0,0,1,1,0
gaokao2023en,bbeam1,step-profile-config1-bbeam1-gaokao2023en-exclusive0817,76,76,1,draft|draft_verify,197.02887535095215,29.47521209716797,0.0,89,54,90,1,0,0,1,1,0
gaokao2023en,bbeam1,step-profile-config1-bbeam1-gaokao2023en-exclusive0817,76,76,2,draft|draft_verify,185.08195877075195,48.83599281311035,0.0,143,51,143,2,0,0,1,1,0
gaokao2023en,bbeam1,step-profile-config1-bbeam1-gaokao2023en-exclusive0817,76,76,3,draft|draft_verify,95.3826904296875,49.390554428100586,0.0,194,26,171,3,0,0,1,1,0
gaokao2023en,bbeam1,step-profile-config1-bbeam1-gaokao2023en-exclusive0817,76,76,4,draft|draft_verify,113.45338821411133,58.82096290588379,0.0,220,31,204,4,0,0,1,1,0
gaokao2023en,bbeam1,step-profile-config1-bbeam1-gaokao2023en-exclusive0817,76,76,5,draft|draft_verify,99.27177429199219,60.01162528991699,0.0,251,26,232,5,0,0,1,1,0
gaokao2023en,bbeam1,step-profile-config1-bbeam1-gaokao2023en-exclusive0817,76,76,6,draft|draft_verify,89.05243873596191,76.51662826538086,0.0,277,23,257,6,0,0,1,1,0
gaokao2023en,bbeam1,step-profile-config1-bbeam1-gaokao2023en-exclusive0817,76,76,7,draft|draft_verify,202.50272750854492,77.00991630554199,0.0,300,53,312,7,0,0,1,1,0
gaokao2023en,bbeam1,step-profile-config1-bbeam1-gaokao2023en-exclusive0817,76,76,8,draft|draft_verify,261.9020938873291,92.81611442565918,0.0,353,68,382,8,0,0,1,1,0
gaokao2023en,bbeam1,step-profile-config1-bbeam1-gaokao2023en-exclusive0817,76,76,9,draft|draft_verify,180.64165115356445,124.56274032592773,0.0,421,47,431,9,0,0,1,1,0
gaokao2023en,bbeam1,step-profile-config1-bbeam1-gaokao2023en-exclusive0817,76,76,10,draft|draft_verify,62.95967102050781,125.37431716918945,0.0,468,16,449,10,0,0,1,1,0
gaokao2023en,bbeam1,step-profile-config1-bbeam1-gaokao2023en-exclusive0817,76,76,11,draft|draft_verify,98.91009330749512,126.1751651763916,0.0,484,25,476,11,0,0,1,1,0
gaokao2023en,bbeam1,step-profile-config1-bbeam1-gaokao2023en-exclusive0817,76,76,12,draft|draft_verify,66.70117378234863,141.45207405090332,0.0,509,17,495,12,0,0,1,1,0
gaokao2023en,bbeam1,step-profile-config1-bbeam1-gaokao2023en-exclusive0817,76,76,13,draft|draft_verify,43.76363754272461,135.4832649230957,0.0,526,11,508,13,0,0,1,1,0
gaokao2023en,bbeam1,step-profile-config1-bbeam1-gaokao2023en-exclusive0817,76,76,14,draft|draft_verify,57.24787712097168,127.2575855255127,0.0,537,14,524,14,0,0,1,1,0
gaokao2023en,bbeam1,step-profile-config1-bbeam1-gaokao2023en-exclusive0817,76,76,15,draft|draft_verify,33.84757041931152,127.04586982727051,0.0,551,8,534,15,0,0,1,1,0
gaokao2023en,bbeam1,step-profile-config1-bbeam1-gaokao2023en-exclusive0817,76,76,16,draft|draft_verify,65.14573097229004,127.68936157226562,0.0,559,16,552,16,0,0,1,1,0
gaokao2023en,bbeam1,step-profile-config1-bbeam1-gaokao2023en-exclusive0817,76,76,17,draft|draft_verify,90.19327163696289,128.0965805053711,0.0,575,22,576,17,0,0,1,1,0
gaokao2023en,bbeam1,step-profile-config1-bbeam1-gaokao2023en-exclusive0817,77,77,1,draft|draft_verify,195.61171531677246,29.004573822021484,0.0,81,53,81,1,0,0,1,1,0
gaokao2023en,bbeam1,step-profile-config1-bbeam1-gaokao2023en-exclusive0817,77,77,2,draft|draft_verify,84.14506912231445,29.277563095092773,0.0,134,23,106,2,0,0,1,1,0
gaokao2023en,bbeam1,step-profile-config1-bbeam1-gaokao2023en-exclusive0817,77,77,3,draft|draft_verify,133.06689262390137,48.94280433654785,0.0,157,36,144,3,0,0,1,1,0
gaokao2023en,bbeam1,step-profile-config1-bbeam1-gaokao2023en-exclusive0817,77,77,4,draft|draft_verify,98.42729568481445,49.14522171020508,0.0,193,26,172,4,0,0,1,1,0
gaokao2023en,bbeam1,step-profile-config1-bbeam1-gaokao2023en-exclusive0817,77,77,5,draft|draft_verify,38.79547119140625,50.0791072845459,0.0,219,10,184,5,0,0,1,1,0
gaokao2023en,bbeam1,step-profile-config1-bbeam1-gaokao2023en-exclusive0817,77,77,6,draft|draft_verify,271.4519500732422,78.28402519226074,0.0,229,71,257,6,0,0,1,1,0
gaokao2023en,bbeam1,step-profile-config1-bbeam1-gaokao2023en-exclusive0817,77,77,7,draft|draft_verify,120.11837959289551,77.16584205627441,0.0,300,30,289,7,0,0,1,1,0
gaokao2023en,bbeam1,step-profile-config1-bbeam1-gaokao2023en-exclusive0817,77,77,8,draft|draft_verify,294.1758632659912,93.40643882751465,0.0,330,74,365,8,0,0,1,1,0
gaokao2023en,bbeam1,step-profile-config1-bbeam1-gaokao2023en-exclusive0817,77,77,9,draft|draft_verify,45.56560516357422,92.87667274475098,0.0,404,11,378,9,0,0,1,1,0
gaokao2023en,bbeam1,step-profile-config1-bbeam1-gaokao2023en-exclusive0817,77,77,10,draft|draft_verify,135.4503631591797,124.52578544616699,0.0,415,33,413,10,0,0,1,1,0
gaokao2023en,bbeam1,step-profile-config1-bbeam1-gaokao2023en-exclusive0817,77,77,11,draft|draft_verify,160.6004238128662,126.1289119720459,0.0,448,41,456,11,0,0,1,1,0
gaokao2023en,bbeam1,step-profile-config1-bbeam1-gaokao2023en-exclusive0817,77,77,12,draft|draft_verify,69.88835334777832,125.78582763671875,0.0,489,18,476,12,0,0,1,1,0
gaokao2023en,bbeam1,step-profile-config1-bbeam1-gaokao2023en-exclusive0817,77,77,13,draft|draft_verify,106.74095153808594,135.62560081481934,0.0,507,26,504,13,0,0,1,1,0
gaokao2023en,bbeam1,step-profile-config1-bbeam1-gaokao2023en-exclusive0817,78,78,1,draft|draft_verify|target|target_rescue_verify,328.6323547363281,119.2629337310791,2007.544755935669,152,86,380,2,152,98,1,2,1
gaokao2023en,bbeam1,step-profile-config1-bbeam1-gaokao2023en-exclusive0817,78,78,2,draft|draft_verify,297.7921962738037,85.50643920898438,0.0,250,77,275,2,0,0,1,1,0
gaokao2023en,bbeam1,step-profile-config1-bbeam1-gaokao2023en-exclusive0817,78,78,3,draft|draft_verify,271.5010643005371,103.07455062866211,0.0,327,70,347,3,0,0,1,1,0
gaokao2023en,bbeam1,step-profile-config1-bbeam1-gaokao2023en-exclusive0817,78,78,4,draft|draft_verify,262.9694938659668,124.48334693908691,0.0,397,66,415,4,0,0,1,1,0
gaokao2023en,bbeam1,step-profile-config1-bbeam1-gaokao2023en-exclusive0817,78,78,5,draft|draft_verify,194.05174255371094,125.79703330993652,0.0,463,47,464,5,0,0,1,1,0
gaokao2023en,bbeam1,step-profile-config1-bbeam1-gaokao2023en-exclusive0817,78,78,6,draft|draft_verify,157.34052658081055,136.63053512573242,0.0,510,40,506,6,0,0,1,1,0
gaokao2023en,bbeam1,step-profile-config1-bbeam1-gaokao2023en-exclusive0817,78,78,7,draft|draft_verify|target|target_rescue_verify,392.7474021911621,259.91368293762207,859.0819835662842,550,98,1152,14,550,38,1,2,1
gaokao2023en,bbeam1,step-profile-config1-bbeam1-gaokao2023en-exclusive0817,78,78,8,draft|draft_verify|target|target_rescue_verify,255.45692443847656,260.9744071960449,531.7978858947754,588,63,1184,16,588,25,1,2,1
gaokao2023en,bbeam1,step-profile-config1-bbeam1-gaokao2023en-exclusive0817,78,78,9,draft|draft_verify,244.45009231567383,133.1470012664795,0.0,613,61,636,9,0,0,1,1,0
gaokao2023en,bbeam1,step-profile-config1-bbeam1-gaokao2023en-exclusive0817,78,78,10,draft|draft_verify,93.96624565124512,152.23264694213867,0.0,674,23,661,10,0,0,1,1,0
gaokao2023en,bbeam1,step-profile-config1-bbeam1-gaokao2023en-exclusive0817,79,79,1,draft|draft_verify,365.922212600708,61.20443344116211,0.0,196,95,237,1,0,0,1,1,0
gaokao2023en,bbeam1,step-profile-config1-bbeam1-gaokao2023en-exclusive0817,79,79,2,draft|draft_verify,533.3421230316162,92.72336959838867,0.0,291,131,370,2,0,0,1,1,0
gaokao2023en,bbeam1,step-profile-config1-bbeam1-gaokao2023en-exclusive0817,79,79,3,draft|draft_verify|target|target_rescue_verify,510.44249534606934,280.0273895263672,2090.2862548828125,422,128,971,6,422,99,1,2,1
gaokao2023en,bbeam1,step-profile-config1-bbeam1-gaokao2023en-exclusive0817,79,79,4,draft|draft_verify|target|target_rescue_verify,985.8548641204834,321.6063976287842,5115.368127822876,521,249,1449,8,521,254,1,2,1
gaokao2023en,bbeam1,step-profile-config1-bbeam1-gaokao2023en-exclusive0817,79,79,5,draft|draft_verify|target|backtracking_verify,638.2887363433838,472.51248359680176,12600.172996520996,775,158,2241,10,775,625,1,2,1
gaokao2023en,bbeam1,step-profile-config1-bbeam1-gaokao2023en-exclusive0817,79,79,6,draft|draft_verify|target|target_rescue_verify,111.93537712097168,458.15229415893555,5342.916488647461,933,28,2069,12,933,263,1,2,1
gaokao2023en,bbeam1,step-profile-config1-bbeam1-gaokao2023en-exclusive0817,80,80,1,draft|draft_verify|target|backtracking_verify,209.40375328063965,60.651540756225586,892.3406600952148,111,49,206,2,111,43,1,2,1
gaokao2023en,bbeam1,step-profile-config1-bbeam1-gaokao2023en-exclusive0817,80,80,2,draft|draft_verify|target|target_rescue_verify|backtracking_verify,494.7173595428467,208.76193046569824,2501.2218952178955,314,131,672,8,314,121,2,4,2
gaokao2023en,bbeam1,step-profile-config1-bbeam1-gaokao2023en-exclusive0817,80,80,3,draft|draft_verify|target|target_rescue_verify,953.6628723144531,464.6730422973633,5781.273365020752,656,245,1540,18,656,283,3,6,3
gaokao2023en,bbeam1,step-profile-config1-bbeam1-gaokao2023en-exclusive0817,80,80,4,draft|draft_verify|target|target_rescue_verify,694.1218376159668,277.9676914215088,3067.443370819092,477,177,890,12,229,151,2,3,1
gaokao2023en,bbeam1,step-profile-config1-bbeam1-gaokao2023en-exclusive0817,80,80,5,draft|draft_verify|target|target_rescue_verify,779.5238494873047,243.35360527038574,1591.2237167358398,344,202,875,10,344,77,1,2,1
gaokao2023en,bbeam1,step-profile-config1-bbeam1-gaokao2023en-exclusive0817,80,80,6,draft|draft_verify,338.18697929382324,126.2812614440918,0.0,421,87,464,6,0,0,1,1,0
gaokao2023en,bbeam1,step-profile-config1-bbeam1-gaokao2023en-exclusive0817,80,80,7,draft|draft_verify|target|target_rescue_verify,177.75988578796387,272.7975845336914,967.4794673919678,508,46,1024,14,508,46,1,2,1
gaokao2023en,bbeam1,step-profile-config1-bbeam1-gaokao2023en-exclusive0817,80,80,8,draft|draft_verify,84.6705436706543,128.2508373260498,0.0,554,20,534,8,0,0,1,1,0
gaokao2023en,bbeam1,step-profile-config1-bbeam1-gaokao2023en-exclusive0817,81,81,1,draft|draft_verify,175.68135261535645,29.94251251220703,0.0,109,47,103,1,0,0,1,1,0
gaokao2023en,bbeam1,step-profile-config1-bbeam1-gaokao2023en-exclusive0817,81,81,2,draft|draft_verify,82.33976364135742,29.956340789794922,0.0,156,22,127,2,0,0,1,1,0
gaokao2023en,bbeam1,step-profile-config1-bbeam1-gaokao2023en-exclusive0817,81,81,3,draft|draft_verify,81.54678344726562,49.57914352416992,0.0,178,22,151,3,0,0,1,1,0
gaokao2023en,bbeam1,step-profile-config1-bbeam1-gaokao2023en-exclusive0817,81,81,4,draft|draft_verify,163.92159461975098,58.81643295288086,0.0,200,44,197,4,0,0,1,1,0
gaokao2023en,bbeam1,step-profile-config1-bbeam1-gaokao2023en-exclusive0817,81,81,5,draft|draft_verify,189.74685668945312,59.69429016113281,0.0,244,46,245,5,0,0,1,1,0
gaokao2023en,bbeam1,step-profile-config1-bbeam1-gaokao2023en-exclusive0817,81,81,6,draft|draft_verify,161.9279384613037,76.50470733642578,0.0,290,42,289,6,0,0,1,1,0
gaokao2023en,bbeam1,step-profile-config1-bbeam1-gaokao2023en-exclusive0817,81,81,7,draft|draft_verify,173.18224906921387,90.70348739624023,0.0,332,45,336,7,0,0,1,1,0
gaokao2023en,bbeam1,step-profile-config1-bbeam1-gaokao2023en-exclusive0817,81,81,8,draft|draft_verify,73.88091087341309,92.07296371459961,0.0,377,18,356,8,0,0,1,1,0
gaokao2023en,bbeam1,step-profile-config1-bbeam1-gaokao2023en-exclusive0817,82,82,1,draft|draft_verify,130.03134727478027,28.228759765625,0.0,105,35,86,1,0,0,1,1,0
gaokao2023en,bbeam1,step-profile-config1-bbeam1-gaokao2023en-exclusive0817,82,82,2,draft|draft_verify,245.24855613708496,49.85761642456055,0.0,140,66,154,2,0,0,1,1,0
gaokao2023en,bbeam1,step-profile-config1-bbeam1-gaokao2023en-exclusive0817,82,82,3,draft|draft_verify,452.5415897369385,75.99234580993652,0.0,206,119,275,3,0,0,1,1,0
gaokao2023en,bbeam1,step-profile-config1-bbeam1-gaokao2023en-exclusive0817,82,82,4,draft|draft_verify,345.98231315612793,92.39363670349121,0.0,325,89,366,4,0,0,1,1,0
gaokao2023en,bbeam1,step-profile-config1-bbeam1-gaokao2023en-exclusive0817,82,82,5,draft|draft_verify,104.0964126586914,123.44956398010254,0.0,414,24,392,5,0,0,1,1,0
gaokao2023en,bbeam1,step-profile-config1-bbeam1-gaokao2023en-exclusive0817,83,83,1,draft|draft_verify,221.77815437316895,29.695987701416016,0.0,99,60,105,1,0,0,1,1,0
gaokao2023en,bbeam1,step-profile-config1-bbeam1-gaokao2023en-exclusive0817,83,83,2,draft|draft_verify|target|target_rescue_verify,294.99340057373047,107.65433311462402,753.2432079315186,159,80,329,4,159,35,1,2,1
gaokao2023en,bbeam1,step-profile-config1-bbeam1-gaokao2023en-exclusive0817,83,83,3,draft|draft_verify|target|target_rescue_verify,265.04993438720703,155.46369552612305,2317.049503326416,194,71,473,6,194,114,1,2,1
gaokao2023en,bbeam1,step-profile-config1-bbeam1-gaokao2023en-exclusive0817,83,83,4,draft|draft_verify,76.1563777923584,81.71653747558594,0.0,308,19,279,4,0,0,1,1,0
gaokao2023en,bbeam1,step-profile-config1-bbeam1-gaokao2023en-exclusive0817,83,83,5,draft|draft_verify,361.9110584259033,97.84173965454102,0.0,327,87,368,5,0,0,1,1,0
gaokao2023en,bbeam1,step-profile-config1-bbeam1-gaokao2023en-exclusive0817,83,83,6,draft|draft_verify,79.52070236206055,123.90303611755371,0.0,414,19,389,6,0,0,1,1,0
gaokao2023en,bbeam1,step-profile-config1-bbeam1-gaokao2023en-exclusive0817,83,83,7,draft|draft_verify,225.92806816101074,124.66001510620117,0.0,433,58,449,7,0,0,1,1,0
gaokao2023en,bbeam1,step-profile-config1-bbeam1-gaokao2023en-exclusive0817,83,83,8,draft|draft_verify,76.0030746459961,125.07200241088867,0.0,491,18,469,8,0,0,1,1,0
gaokao2023en,bbeam1,step-profile-config1-bbeam1-gaokao2023en-exclusive0817,84,84,1,draft|draft_verify|target|backtracking_verify,382.22265243530273,109.21096801757812,2233.5031032562256,120,102,344,2,120,110,1,2,1
gaokao2023en,bbeam1,step-profile-config1-bbeam1-gaokao2023en-exclusive0817,84,84,2,draft|draft_verify|target|target_rescue_verify,928.9340972900391,373.3701705932617,14666.730403900146,452,234,1479,6,222,727,2,3,1
gaokao2023en,bbeam1,step-profile-config1-bbeam1-gaokao2023en-exclusive0817,84,84,3,draft|draft_verify,397.59325981140137,102.16045379638672,0.0,293,103,346,3,0,0,1,1,0
gaokao2023en,bbeam1,step-profile-config1-bbeam1-gaokao2023en-exclusive0817,84,84,4,draft|draft_verify|target|target_rescue_verify,532.949686050415,286.29374504089355,2695.1162815093994,396,138,965,8,396,131,1,2,1
gaokao2023en,bbeam1,step-profile-config1-bbeam1-gaokao2023en-exclusive0817,84,84,5,draft|draft_verify|target|target_rescue_verify,870.4578876495361,281.7680835723877,1561.1977577209473,527,224,1261,10,527,76,1,2,1
gaokao2023en,bbeam1,step-profile-config1-bbeam1-gaokao2023en-exclusive0817,84,84,6,draft|draft_verify,155.15375137329102,134.95516777038574,0.0,603,39,597,6,0,0,1,1,0
gaokao2023en,bbeam1,step-profile-config1-bbeam1-gaokao2023en-exclusive0817,84,84,7,draft|draft_verify|target|target_rescue_verify,7839.588642120361,744.7009086608887,4615.451335906982,642,2049,3474,14,642,228,1,2,1
gaokao2023en,bbeam1,step-profile-config1-bbeam1-gaokao2023en-exclusive0817,84,84,8,draft|draft_verify,483.5989475250244,201.5228271484375,0.0,870,126,955,8,0,0,1,1,0
gaokao2023en,bbeam1,step-profile-config1-bbeam1-gaokao2023en-exclusive0817,84,84,9,draft|draft_verify|target|target_rescue_verify,475.1255512237549,429.31270599365234,884.3586444854736,996,126,2081,18,996,41,1,2,1
gaokao2023en,bbeam1,step-profile-config1-bbeam1-gaokao2023en-exclusive0817,84,84,10,draft|draft_verify,79.1926383972168,203.749418258667,0.0,1037,19,1019,10,0,0,1,1,0
gaokao2023en,bbeam1,step-profile-config1-bbeam1-gaokao2023en-exclusive0817,85,85,1,draft|draft_verify|target|backtracking_verify,438.74073028564453,112.49876022338867,952.2969722747803,176,118,408,2,176,46,1,2,1
gaokao2023en,bbeam1,step-profile-config1-bbeam1-gaokao2023en-exclusive0817,85,85,2,draft|draft_verify|target|target_rescue_verify,3611.8295192718506,430.30452728271484,2524.1870880126953,516,935,1711,6,294,122,2,3,1
gaokao2023en,bbeam1,step-profile-config1-bbeam1-gaokao2023en-exclusive0817,85,85,3,draft|draft_verify|target|target_rescue_verify,8192.962408065796,1102.8213500976562,26060.509204864502,730,2151,4704,12,730,1294,2,4,2
gaokao2023en,bbeam1,step-profile-config1-bbeam1-gaokao2023en-exclusive0817,85,85,4,draft|draft_verify,1199.4147300720215,166.31364822387695,0.0,426,315,693,4,0,0,1,1,0
gaokao2023en,bbeam1,step-profile-config1-bbeam1-gaokao2023en-exclusive0817,85,85,5,draft|draft_verify|target|target_rescue_verify,7773.8025188446045,810.9560012817383,8085.63756942749,741,2048,3835,10,741,397,1,2,1
gaokao2023en,bbeam1,step-profile-config1-bbeam1-gaokao2023en-exclusive0817,85,85,6,draft|draft_verify|target|target_rescue_verify,7950.180292129517,942.3983097076416,5847.0728397369385,1138,2049,4525,12,1138,289,1,2,1
gaokao2023en,bbeam1,step-profile-config1-bbeam1-gaokao2023en-exclusive0817,85,85,7,draft|draft_verify,278.5165309906006,310.2915287017822,0.0,1427,71,1456,7,0,0,1,1,0
gaokao2023en,bbeam1,step-profile-config1-bbeam1-gaokao2023en-exclusive0817,85,85,8,draft|draft_verify,129.03833389282227,312.7877712249756,0.0,1498,32,1490,8,0,0,1,1,0
gaokao2023en,bbeam1,step-profile-config1-bbeam1-gaokao2023en-exclusive0817,86,86,1,draft|draft_verify,265.3319835662842,29.92987632751465,0.0,81,71,98,1,0,0,1,1,0
gaokao2023en,bbeam1,step-profile-config1-bbeam1-gaokao2023en-exclusive0817,86,86,2,draft|draft_verify,63.23742866516113,29.53314781188965,0.0,152,17,117,2,0,0,1,1,0
gaokao2023en,bbeam1,step-profile-config1-bbeam1-gaokao2023en-exclusive0817,86,86,3,draft|draft_verify,216.5536880493164,50.0185489654541,0.0,169,59,178,3,0,0,1,1,0
gaokao2023en,bbeam1,step-profile-config1-bbeam1-gaokao2023en-exclusive0817,86,86,4,draft|draft_verify,82.84664154052734,59.2503547668457,0.0,228,22,202,4,0,0,1,1,0
gaokao2023en,bbeam1,step-profile-config1-bbeam1-gaokao2023en-exclusive0817,86,86,5,draft|draft_verify,179.05426025390625,60.35494804382324,0.0,250,46,250,5,0,0,1,1,0
gaokao2023en,bbeam1,step-profile-config1-bbeam1-gaokao2023en-exclusive0817,86,86,6,draft|draft_verify,42.803287506103516,76.79390907287598,0.0,296,11,263,6,0,0,1,1,0
gaokao2023en,bbeam1,step-profile-config1-bbeam1-gaokao2023en-exclusive0817,86,86,7,draft|draft_verify,289.75653648376465,91.400146484375,0.0,307,74,339,7,0,0,1,1,0
gaokao2023en,bbeam1,step-profile-config1-bbeam1-gaokao2023en-exclusive0817,86,86,8,draft|draft_verify,166.51010513305664,92.71526336669922,0.0,381,42,383,8,0,0,1,1,0
gaokao2023en,bbeam1,step-profile-config1-bbeam1-gaokao2023en-exclusive0817,86,86,9,draft|draft_verify,114.58396911621094,124.91488456726074,0.0,423,30,415,9,0,0,1,1,0
gaokao2023en,bbeam1,step-profile-config1-bbeam1-gaokao2023en-exclusive0817,86,86,10,draft|draft_verify,16.9680118560791,125.1070499420166,0.0,453,4,421,10,0,0,1,1,0
gaokao2023en,bbeam1,step-profile-config1-bbeam1-gaokao2023en-exclusive0817,86,86,11,draft|draft_verify,171.26202583312988,127.15935707092285,0.0,457,45,468,11,0,0,1,1,0
gaokao2023en,bbeam1,step-profile-config1-bbeam1-gaokao2023en-exclusive0817,86,86,12,draft|draft_verify,44.602394104003906,142.86112785339355,0.0,502,11,481,12,0,0,1,1,0
gaokao2023en,bbeam1,step-profile-config1-bbeam1-gaokao2023en-exclusive0817,86,86,13,draft|draft_verify,43.999433517456055,142.97986030578613,0.0,513,10,493,13,0,0,1,1,0
gaokao2023en,bbeam1,step-profile-config1-bbeam1-gaokao2023en-exclusive0817,87,87,1,draft|draft_verify,187.66021728515625,29.16550636291504,0.0,90,51,87,1,0,0,1,1,0
gaokao2023en,bbeam1,step-profile-config1-bbeam1-gaokao2023en-exclusive0817,87,87,2,draft|draft_verify,132.5070858001709,30.390262603759766,0.0,141,36,125,2,0,0,1,1,0
gaokao2023en,bbeam1,step-profile-config1-bbeam1-gaokao2023en-exclusive0817,87,87,3,draft|draft_verify|target|target_rescue_verify,267.2848701477051,117.86580085754395,1091.8402671813965,177,73,378,6,177,51,1,2,1
gaokao2023en,bbeam1,step-profile-config1-bbeam1-gaokao2023en-exclusive0817,87,87,4,draft|draft_verify,37.389278411865234,62.65401840209961,0.0,228,10,190,4,0,0,1,1,0
gaokao2023en,bbeam1,step-profile-config1-bbeam1-gaokao2023en-exclusive0817,87,87,5,draft|draft_verify,134.9027156829834,61.24401092529297,0.0,238,36,228,5,0,0,1,1,0
gaokao2023en,bbeam1,step-profile-config1-bbeam1-gaokao2023en-exclusive0817,87,87,6,draft|draft_verify,149.25003051757812,78.18412780761719,0.0,274,39,269,6,0,0,1,1,0
gaokao2023en,bbeam1,step-profile-config1-bbeam1-gaokao2023en-exclusive0817,87,87,7,draft|draft_verify,364.2544746398926,94.87581253051758,0.0,313,96,367,7,0,0,1,1,0
gaokao2023en,bbeam1,step-profile-config1-bbeam1-gaokao2023en-exclusive0817,87,87,8,draft|draft_verify,77.0721435546875,124.57513809204102,0.0,409,20,389,8,0,0,1,1,0
gaokao2023en,bbeam1,step-profile-config1-bbeam1-gaokao2023en-exclusive0817,87,87,9,draft|draft_verify,54.15773391723633,123.63457679748535,0.0,429,14,405,9,0,0,1,1,0
gaokao2023en,bbeam1,step-profile-config1-bbeam1-gaokao2023en-exclusive0817,87,87,10,draft|draft_verify,27.811050415039062,123.85272979736328,0.0,443,7,414,10,0,0,1,1,0
gaokao2023en,bbeam1,step-profile-config1-bbeam1-gaokao2023en-exclusive0817,87,87,11,draft|draft_verify,118.79444122314453,124.66812133789062,0.0,450,31,447,11,0,0,1,1,0
gaokao2023en,bbeam1,step-profile-config1-bbeam1-gaokao2023en-exclusive0817,87,87,12,draft|draft_verify,113.34753036499023,125.94795227050781,0.0,481,28,477,12,0,0,1,1,0
gaokao2023en,bbeam1,step-profile-config1-bbeam1-gaokao2023en-exclusive0817,87,87,13,draft|draft_verify,252.20179557800293,127.92110443115234,0.0,509,66,545,13,0,0,1,1,0
gaokao2023en,bbeam1,step-profile-config1-bbeam1-gaokao2023en-exclusive0817,87,87,14,draft|draft_verify,54.09646034240723,127.80404090881348,0.0,575,11,558,14,0,0,1,1,0
gaokao2023en,bbeam1,step-profile-config1-bbeam1-gaokao2023en-exclusive0817,87,87,15,draft|draft_verify,171.51498794555664,131.1960220336914,0.0,586,45,605,15,0,0,1,1,0
gaokao2023en,bbeam1,step-profile-config1-bbeam1-gaokao2023en-exclusive0817,87,87,16,draft|draft_verify,51.67388916015625,129.69636917114258,0.0,631,13,620,16,0,0,1,1,0
gaokao2023en,bbeam1,step-profile-config1-bbeam1-gaokao2023en-exclusive0817,87,87,17,draft|draft_verify,112.08009719848633,151.25036239624023,0.0,644,29,651,17,0,0,1,1,0
gaokao2023en,bbeam1,step-profile-config1-bbeam1-gaokao2023en-exclusive0817,87,87,18,draft|draft_verify,70.63627243041992,150.70366859436035,0.0,673,18,671,18,0,0,1,1,0
gaokao2023en,bbeam1,step-profile-config1-bbeam1-gaokao2023en-exclusive0817,87,87,19,draft|draft_verify,104.40897941589355,152.36592292785645,0.0,691,27,700,19,0,0,1,1,0
gaokao2023en,bbeam1,step-profile-config1-bbeam1-gaokao2023en-exclusive0817,87,87,20,draft|draft_verify,21.475791931152344,152.68850326538086,0.0,718,5,707,20,0,0,1,1,0
gaokao2023en,bbeam1,step-profile-config1-bbeam1-gaokao2023en-exclusive0817,87,87,21,draft|draft_verify,183.41660499572754,153.89108657836914,0.0,723,48,757,21,0,0,1,1,0
gaokao2023en,bbeam1,step-profile-config1-bbeam1-gaokao2023en-exclusive0817,87,87,22,draft|draft_verify,54.69560623168945,173.31838607788086,0.0,771,14,773,22,0,0,1,1,0
gaokao2023en,bbeam1,step-profile-config1-bbeam1-gaokao2023en-exclusive0817,87,87,23,draft|draft_verify,45.04680633544922,172.7294921875,0.0,785,10,785,23,0,0,1,1,0
gaokao2023en,bbeam1,step-profile-config1-bbeam1-gaokao2023en-exclusive0817,88,88,1,draft|draft_verify,268.48864555358887,49.97682571411133,0.0,121,73,141,1,0,0,1,1,0
gaokao2023en,bbeam1,step-profile-config1-bbeam1-gaokao2023en-exclusive0817,88,88,2,draft|draft_verify|target|target_rescue_verify,871.0224628448486,160.66265106201172,1352.2934913635254,194,224,574,4,194,64,1,2,1
gaokao2023en,bbeam1,step-profile-config1-bbeam1-gaokao2023en-exclusive0817,88,88,3,draft|draft_verify,476.9613742828369,102.78654098510742,0.0,258,125,334,3,0,0,1,1,0
gaokao2023en,bbeam1,step-profile-config1-bbeam1-gaokao2023en-exclusive0817,88,88,4,draft|draft_verify,730.6869029998779,140.3188705444336,0.0,383,192,528,4,0,0,1,1,0
gaokao2023en,bbeam1,step-profile-config1-bbeam1-gaokao2023en-exclusive0817,88,88,5,draft|draft_verify|target|target_rescue_verify,378.6017894744873,263.60297203063965,1203.1879425048828,575,100,1215,10,575,55,1,2,1
gaokao2023en,bbeam1,step-profile-config1-bbeam1-gaokao2023en-exclusive0817,88,88,6,draft|draft_verify,343.44005584716797,152.50468254089355,0.0,630,86,673,6,0,0,1,1,0
gaokao2023en,bbeam1,step-profile-config1-bbeam1-gaokao2023en-exclusive0817,88,88,7,draft|draft_verify,143.8915729522705,159.40237045288086,0.0,716,37,712,7,0,0,1,1,0
gaokao2023en,bbeam1,step-profile-config1-bbeam1-gaokao2023en-exclusive0817,88,88,8,draft|draft_verify,263.40484619140625,174.1044521331787,0.0,753,66,780,8,0,0,1,1,0
gaokao2023en,bbeam1,step-profile-config1-bbeam1-gaokao2023en-exclusive0817,88,88,9,draft|draft_verify,139.00399208068848,173.89440536499023,0.0,819,35,817,9,0,0,1,1,0
gaokao2023en,bbeam1,step-profile-config1-bbeam1-gaokao2023en-exclusive0817,88,88,10,draft|draft_verify,786.7655754089355,203.61590385437012,0.0,854,201,1020,10,0,0,1,1,0
gaokao2023en,bbeam1,step-profile-config1-bbeam1-gaokao2023en-exclusive0817,88,88,11,draft|draft_verify,182.64126777648926,229.22849655151367,0.0,1055,47,1069,11,0,0,1,1,0
gaokao2023en,bbeam1,step-profile-config1-bbeam1-gaokao2023en-exclusive0817,88,88,12,draft|draft_verify,67.16418266296387,228.15465927124023,0.0,1102,16,1087,12,0,0,1,1,0
gaokao2023en,bbeam1,step-profile-config1-bbeam1-gaokao2023en-exclusive0817,89,89,1,draft|draft_verify,110.58688163757324,50.46963691711426,0.0,169,29,144,1,0,0,1,1,0
gaokao2023en,bbeam1,step-profile-config1-bbeam1-gaokao2023en-exclusive0817,89,89,2,draft|draft_verify|target|target_rescue_verify,313.3702278137207,111.57035827636719,419.4045066833496,198,83,391,4,198,17,1,2,1
gaokao2023en,bbeam1,step-profile-config1-bbeam1-gaokao2023en-exclusive0817,89,89,3,draft|draft_verify|target|target_rescue_verify,613.4231090545654,162.98770904541016,851.6898155212402,215,162,530,6,215,41,1,2,1
gaokao2023en,bbeam1,step-profile-config1-bbeam1-gaokao2023en-exclusive0817,89,89,4,draft|draft_verify,246.78969383239746,86.34662628173828,0.0,256,63,270,4,0,0,1,1,0
gaokao2023en,bbeam1,step-profile-config1-bbeam1-gaokao2023en-exclusive0817,89,89,5,draft|draft_verify|target|target_rescue_verify,246.1261749267578,199.81122016906738,1256.542444229126,319,63,668,10,319,61,1,2,1
gaokao2023en,bbeam1,step-profile-config1-bbeam1-gaokao2023en-exclusive0817,89,89,6,draft|draft_verify,241.00017547607422,124.33075904846191,0.0,380,63,398,6,0,0,1,1,0
gaokao2023en,bbeam1,step-profile-config1-bbeam1-gaokao2023en-exclusive0817,89,89,7,draft|draft_verify,58.020830154418945,124.15313720703125,0.0,443,15,414,7,0,0,1,1,0
gaokao2023en,bbeam1,step-profile-config1-bbeam1-gaokao2023en-exclusive0817,89,89,8,draft|draft_verify,366.497278213501,126.19686126708984,0.0,458,97,513,8,0,0,1,1,0
gaokao2023en,bbeam1,step-profile-config1-bbeam1-gaokao2023en-exclusive0817,89,89,9,draft|draft_verify,276.7679691314697,130.08785247802734,0.0,555,73,588,9,0,0,1,1,0
gaokao2023en,bbeam1,step-profile-config1-bbeam1-gaokao2023en-exclusive0817,89,89,10,draft|draft_verify,77.87275314331055,131.56795501708984,0.0,628,20,609,10,0,0,1,1,0
gaokao2023en,bbeam1,step-profile-config1-bbeam1-gaokao2023en-exclusive0817,89,89,11,draft|draft_verify|target|target_rescue_verify,162.95862197875977,285.4621410369873,544.0833568572998,648,43,1287,22,648,22,1,2,1
gaokao2023en,bbeam1,step-profile-config1-bbeam1-gaokao2023en-exclusive0817,89,89,12,draft|draft_verify|target|target_rescue_verify,334.55753326416016,306.2329292297363,654.0782451629639,670,88,1389,24,670,31,1,2,1
gaokao2023en,bbeam1,step-profile-config1-bbeam1-gaokao2023en-exclusive0817,89,89,13,draft|draft_verify,115.44060707092285,153.0611515045166,0.0,701,30,698,13,0,0,1,1,0
gaokao2023en,bbeam1,step-profile-config1-bbeam1-gaokao2023en-exclusive0817,89,89,14,draft|draft_verify,174.20291900634766,155.21788597106934,0.0,731,46,746,14,0,0,1,1,0
gaokao2023en,bbeam1,step-profile-config1-bbeam1-gaokao2023en-exclusive0817,89,89,15,draft|draft_verify,18.351078033447266,153.81646156311035,0.0,777,4,751,15,0,0,1,1,0
gaokao2023en,bbeam1,step-profile-config1-bbeam1-gaokao2023en-exclusive0817,89,89,16,draft|draft_verify,85.71171760559082,173.45738410949707,0.0,781,22,775,16,0,0,1,1,0
gaokao2023en,bbeam1,step-profile-config1-bbeam1-gaokao2023en-exclusive0817,89,89,17,draft|draft_verify,103.9726734161377,173.51794242858887,0.0,803,26,803,17,0,0,1,1,0
gaokao2023en,bbeam1,step-profile-config1-bbeam1-gaokao2023en-exclusive0817,90,90,1,draft|draft_verify,304.05545234680176,59.89885330200195,0.0,189,83,218,1,0,0,1,1,0
gaokao2023en,bbeam1,step-profile-config1-bbeam1-gaokao2023en-exclusive0817,90,90,2,draft|draft_verify|target|backtracking_verify,606.2338352203369,154.9551486968994,710.7572555541992,272,162,636,4,272,34,1,2,1
gaokao2023en,bbeam1,step-profile-config1-bbeam1-gaokao2023en-exclusive0817,90,90,3,draft|draft_verify|target|target_rescue_verify,718.9357280731201,500.75697898864746,8882.723331451416,740,190,1905,12,740,435,2,4,2
gaokao2023en,bbeam1,step-profile-config1-bbeam1-gaokao2023en-exclusive0817,90,90,4,draft|draft_verify,200.07991790771484,93.14632415771484,0.0,372,53,377,4,0,0,1,1,0
gaokao2023en,bbeam1,step-profile-config1-bbeam1-gaokao2023en-exclusive0817,90,90,5,draft|draft_verify|target|target_rescue_verify,199.3110179901123,250.79059600830078,1298.0835437774658,425,53,874,10,425,63,1,2,1
gaokao2023en,bbeam1,step-profile-config1-bbeam1-gaokao2023en-exclusive0817,90,90,6,draft|draft_verify,344.76661682128906,126.97124481201172,0.0,488,91,535,6,0,0,1,1,0
gaokao2023en,bbeam1,step-profile-config1-bbeam1-gaokao2023en-exclusive0817,90,90,7,draft|draft_verify|target|target_rescue_verify,282.7637195587158,295.8097457885742,2608.3152294158936,579,75,1277,14,579,128,1,2,1
gaokao2023en,bbeam1,step-profile-config1-bbeam1-gaokao2023en-exclusive0817,90,90,8,draft|draft_verify|target|target_rescue_verify,246.29688262939453,307.82151222229004,755.3679943084717,707,64,1434,16,707,36,1,2,1
gaokao2023en,bbeam1,step-profile-config1-bbeam1-gaokao2023en-exclusive0817,90,90,9,draft|draft_verify,156.8596363067627,153.79905700683594,0.0,743,41,746,9,0,0,1,1,0
gaokao2023en,bbeam1,step-profile-config1-bbeam1-gaokao2023en-exclusive0817,90,90,10,draft|draft_verify,200.86050033569336,174.055814743042,0.0,784,53,801,10,0,0,1,1,0
gaokao2023en,bbeam1,step-profile-config1-bbeam1-gaokao2023en-exclusive0817,90,90,11,draft|draft_verify|target|target_rescue_verify,167.87481307983398,355.07941246032715,1033.5943698883057,837,44,1699,22,837,49,1,2,1
gaokao2023en,bbeam1,step-profile-config1-bbeam1-gaokao2023en-exclusive0817,90,90,12,draft|draft_verify,258.81099700927734,199.18346405029297,0.0,886,68,922,12,0,0,1,1,0
gaokao2023en,bbeam1,step-profile-config1-bbeam1-gaokao2023en-exclusive0817,90,90,13,draft|draft_verify,254.87136840820312,201.22313499450684,0.0,954,65,989,13,0,0,1,1,0
gaokao2023en,bbeam1,step-profile-config1-bbeam1-gaokao2023en-exclusive0817,90,90,14,draft|draft_verify,171.7700958251953,226.48882865905762,0.0,1019,44,1035,14,0,0,1,1,0
gaokao2023en,bbeam1,step-profile-config1-bbeam1-gaokao2023en-exclusive0817,90,90,15,draft|draft_verify,282.83190727233887,229.3071746826172,0.0,1063,68,1105,15,0,0,1,1,0
gaokao2023en,bbeam1,step-profile-config1-bbeam1-gaokao2023en-exclusive0817,90,90,16,draft|draft_verify,279.1109085083008,255.90848922729492,0.0,1131,65,1172,16,0,0,1,1,0
gaokao2023en,bbeam1,step-profile-config1-bbeam1-gaokao2023en-exclusive0817,90,90,17,draft|draft_verify,170.00055313110352,256.4551830291748,0.0,1196,44,1218,17,0,0,1,1,0
gaokao2023en,bbeam1,step-profile-config1-bbeam1-gaokao2023en-exclusive0817,90,90,18,draft|draft_verify,90.18254280090332,257.08699226379395,0.0,1240,22,1242,18,0,0,1,1,0
gaokao2023en,bbeam1,step-profile-config1-bbeam1-gaokao2023en-exclusive0817,90,90,19,draft|draft_verify|target|target_rescue_verify,282.6993465423584,567.0185089111328,1730.067491531372,1262,72,2640,38,1262,80,1,2,1
gaokao2023en,bbeam1,step-profile-config1-bbeam1-gaokao2023en-exclusive0817,90,90,20,draft|draft_verify,683.2563877105713,314.11051750183105,0.0,1342,171,1497,20,0,0,1,1,0
gaokao2023en,bbeam1,step-profile-config1-bbeam1-gaokao2023en-exclusive0817,90,90,21,draft|draft_verify,449.60951805114746,333.27341079711914,0.0,1513,119,1618,21,0,0,1,1,0
gaokao2023en,bbeam1,step-profile-config1-bbeam1-gaokao2023en-exclusive0817,90,90,22,draft|draft_verify|target|target_rescue_verify,162.1243953704834,702.2867202758789,3065.6042098999023,1632,42,3429,44,1632,147,1,2,1
gaokao2023en,bbeam1,step-profile-config1-bbeam1-gaokao2023en-exclusive0817,90,90,23,draft|draft_verify,729.262113571167,402.00161933898926,0.0,1779,192,1961,23,0,0,1,1,0
gaokao2023en,bbeam1,step-profile-config1-bbeam1-gaokao2023en-exclusive0817,90,90,24,draft|draft_verify,155.7762622833252,406.24427795410156,0.0,1971,38,2001,24,0,0,1,1,0
gaokao2023en,bbeam1,step-profile-config1-bbeam1-gaokao2023en-exclusive0817,91,91,1,draft|draft_verify|target|backtracking_verify,276.9620418548584,63.91310691833496,1769.536018371582,95,74,243,2,95,87,1,2,1
gaokao2023en,bbeam1,step-profile-config1-bbeam1-gaokao2023en-exclusive0817,91,91,2,draft|draft_verify|target|target_rescue_verify,1833.096981048584,374.04346466064453,5284.945726394653,351,473,1227,8,351,260,2,4,2
gaokao2023en,bbeam1,step-profile-config1-bbeam1-gaokao2023en-exclusive0817,91,91,3,draft|draft_verify|target|target_rescue_verify|backtracking_verify,661.3881587982178,447.61061668395996,4554.452419281006,611,171,1417,12,611,224,2,4,2
gaokao2023en,bbeam1,step-profile-config1-bbeam1-gaokao2023en-exclusive0817,91,91,4,draft|draft_verify|target|target_rescue_verify,2089.6682739257812,873.8222122192383,9881.56795501709,1218,536,3171,24,1218,487,3,6,3
gaokao2023en,bbeam1,step-profile-config1-bbeam1-gaokao2023en-exclusive0817,91,91,5,draft|draft_verify,374.3472099304199,138.81945610046387,0.0,486,95,535,5,0,0,1,1,0
gaokao2023en,bbeam1,step-profile-config1-bbeam1-gaokao2023en-exclusive0817,91,91,6,draft|draft_verify,335.85047721862793,131.75702095031738,0.0,581,86,623,6,0,0,1,1,0
gaokao2023en,bbeam1,step-profile-config1-bbeam1-gaokao2023en-exclusive0817,91,91,7,draft|draft_verify,424.05128479003906,154.8454761505127,0.0,667,109,734,7,0,0,1,1,0
gaokao2023en,bbeam1,step-profile-config1-bbeam1-gaokao2023en-exclusive0817,91,91,8,draft|draft_verify,302.1976947784424,175.63390731811523,0.0,776,76,812,8,0,0,1,1,0
gaokao2023en,bbeam1,step-profile-config1-bbeam1-gaokao2023en-exclusive0817,91,91,9,draft|draft_verify,154.5693874359131,175.85301399230957,0.0,852,37,851,9,0,0,1,1,0
gaokao2023en,bbeam1,step-profile-config1-bbeam1-gaokao2023en-exclusive0817,92,92,1,draft|draft_verify,181.2150478363037,31.345129013061523,0.0,75,48,69,1,0,0,1,1,0
gaokao2023en,bbeam1,step-profile-config1-bbeam1-gaokao2023en-exclusive0817,92,92,2,draft|draft_verify,212.01181411743164,29.998779296875,0.0,123,56,127,2,0,0,1,1,0
gaokao2023en,bbeam1,step-profile-config1-bbeam1-gaokao2023en-exclusive0817,92,92,3,draft|draft_verify|target|target_rescue_verify,334.4581127166748,117.80786514282227,1108.4280014038086,179,89,399,6,179,52,1,2,1
gaokao2023en,bbeam1,step-profile-config1-bbeam1-gaokao2023en-exclusive0817,92,92,4,draft|draft_verify|target|target_rescue_verify,201.62653923034668,135.93387603759766,1076.2150287628174,231,53,471,8,231,52,1,2,1
gaokao2023en,bbeam1,step-profile-config1-bbeam1-gaokao2023en-exclusive0817,92,92,5,draft|draft_verify|target|target_rescue_verify,210.36386489868164,173.65050315856934,1087.3706340789795,283,53,579,10,283,52,1,2,1
gaokao2023en,bbeam1,step-profile-config1-bbeam1-gaokao2023en-exclusive0817,92,92,6,draft|draft_verify,205.21855354309082,102.59127616882324,0.0,335,52,343,6,0,0,1,1,0
gaokao2023en,bbeam1,step-profile-config1-bbeam1-gaokao2023en-exclusive0817,92,92,7,draft|draft_verify,202.90637016296387,124.5431900024414,0.0,387,52,397,7,0,0,1,1,0
gaokao2023en,bbeam1,step-profile-config1-bbeam1-gaokao2023en-exclusive0817,92,92,8,draft|draft_verify,120.46575546264648,124.88365173339844,0.0,439,29,428,8,0,0,1,1,0
gaokao2023en,bbeam1,step-profile-config1-bbeam1-gaokao2023en-exclusive0817,93,93,1,draft|draft_verify,157.6986312866211,30.529260635375977,0.0,118,42,106,1,0,0,1,1,0
gaokao2023en,bbeam1,step-profile-config1-bbeam1-gaokao2023en-exclusive0817,93,93,2,draft|draft_verify|target|target_rescue_verify,198.49514961242676,100.2504825592041,700.9484767913818,160,54,303,4,160,33,1,2,1
gaokao2023en,bbeam1,step-profile-config1-bbeam1-gaokao2023en-exclusive0817,93,93,3,draft|draft_verify,117.85626411437988,49.9265193939209,0.0,193,32,175,3,0,0,1,1,0
gaokao2023en,bbeam1,step-profile-config1-bbeam1-gaokao2023en-exclusive0817,93,93,4,draft|draft_verify,123.63266944885254,59.01336669921875,0.0,225,32,209,4,0,0,1,1,0
gaokao2023en,bbeam1,step-profile-config1-bbeam1-gaokao2023en-exclusive0817,93,93,5,draft|draft_verify,143.56088638305664,67.57354736328125,0.0,257,36,247,5,0,0,1,1,0
gaokao2023en,bbeam1,step-profile-config1-bbeam1-gaokao2023en-exclusive0817,93,93,6,draft|draft_verify,122.22170829772949,85.6635570526123,0.0,293,31,280,6,0,0,1,1,0
gaokao2023en,bbeam1,step-profile-config1-bbeam1-gaokao2023en-exclusive0817,93,93,7,draft|draft_verify,95.68190574645996,78.63855361938477,0.0,324,25,307,7,0,0,1,1,0
gaokao2023en,bbeam1,step-profile-config1-bbeam1-gaokao2023en-exclusive0817,93,93,8,draft|draft_verify,66.3309097290039,91.32266044616699,0.0,349,17,326,8,0,0,1,1,0
gaokao2023en,bbeam1,step-profile-config1-bbeam1-gaokao2023en-exclusive0817,93,93,9,draft|draft_verify,124.09448623657227,92.07773208618164,0.0,366,32,360,9,0,0,1,1,0
gaokao2023en,bbeam1,step-profile-config1-bbeam1-gaokao2023en-exclusive0817,93,93,10,draft|draft_verify,20.00284194946289,92.32401847839355,0.0,398,5,367,10,0,0,1,1,0
gaokao2023en,bbeam1,step-profile-config1-bbeam1-gaokao2023en-exclusive0817,93,93,11,draft|draft_verify,189.77952003479004,125.1990795135498,0.0,403,51,420,11,0,0,1,1,0
gaokao2023en,bbeam1,step-profile-config1-bbeam1-gaokao2023en-exclusive0817,93,93,12,draft|draft_verify,83.44697952270508,124.79090690612793,0.0,454,22,444,12,0,0,1,1,0
gaokao2023en,bbeam1,step-profile-config1-bbeam1-gaokao2023en-exclusive0817,93,93,13,draft|draft_verify,121.32501602172852,127.24447250366211,0.0,476,32,478,13,0,0,1,1,0
gaokao2023en,bbeam1,step-profile-config1-bbeam1-gaokao2023en-exclusive0817,93,93,14,draft|draft_verify,17.20881462097168,142.08102226257324,0.0,508,4,484,14,0,0,1,1,0
gaokao2023en,bbeam1,step-profile-config1-bbeam1-gaokao2023en-exclusive0817,93,93,15,draft|draft_verify,198.93288612365723,127.96926498413086,0.0,512,51,537,15,0,0,1,1,0
gaokao2023en,bbeam1,step-profile-config1-bbeam1-gaokao2023en-exclusive0817,93,93,16,draft|draft_verify,35.63356399536133,127.11834907531738,0.0,563,9,548,16,0,0,1,1,0
gaokao2023en,bbeam1,step-profile-config1-bbeam1-gaokao2023en-exclusive0817,93,93,17,draft|draft_verify,94.39659118652344,127.838134765625,0.0,572,24,574,17,0,0,1,1,0
gaokao2023en,bbeam1,step-profile-config1-bbeam1-gaokao2023en-exclusive0817,93,93,18,draft|draft_verify,28.420448303222656,129.49776649475098,0.0,596,7,583,18,0,0,1,1,0
gaokao2023en,bbeam1,step-profile-config1-bbeam1-gaokao2023en-exclusive0817,93,93,19,draft|draft_verify,54.78930473327637,129.72545623779297,0.0,603,14,599,19,0,0,1,1,0
gaokao2023en,bbeam1,step-profile-config1-bbeam1-gaokao2023en-exclusive0817,93,93,20,draft|draft_verify,32.36675262451172,129.83322143554688,0.0,617,8,609,20,0,0,1,1,0
gaokao2023en,bbeam1,step-profile-config1-bbeam1-gaokao2023en-exclusive0817,93,93,21,draft|draft_verify,36.80610656738281,130.3400993347168,0.0,625,9,620,21,0,0,1,1,0
gaokao2023en,bbeam1,step-profile-config1-bbeam1-gaokao2023en-exclusive0817,93,93,22,draft|draft_verify,73.26579093933105,132.1890354156494,0.0,634,18,640,22,0,0,1,1,0
gaokao2023en,bbeam1,step-profile-config1-bbeam1-gaokao2023en-exclusive0817,94,94,1,draft|draft_verify,173.7687587738037,30.538558959960938,0.0,111,46,103,1,0,0,1,1,0
gaokao2023en,bbeam1,step-profile-config1-bbeam1-gaokao2023en-exclusive0817,94,94,2,draft|draft_verify,330.71303367614746,59.213876724243164,0.0,157,88,193,2,0,0,1,1,0
gaokao2023en,bbeam1,step-profile-config1-bbeam1-gaokao2023en-exclusive0817,94,94,3,draft|draft_verify,119.88711357116699,58.98451805114746,0.0,245,32,227,3,0,0,1,1,0
gaokao2023en,bbeam1,step-profile-config1-bbeam1-gaokao2023en-exclusive0817,94,94,4,draft|draft_verify|target|target_rescue_verify,210.97755432128906,163.18964958190918,1347.3377227783203,277,55,576,8,277,63,1,2,1
gaokao2023en,bbeam1,step-profile-config1-bbeam1-gaokao2023en-exclusive0817,94,94,5,draft|draft_verify,112.82896995544434,101.78041458129883,0.0,340,27,321,5,0,0,1,1,0
gaokao2023en,bbeam1,step-profile-config1-bbeam1-gaokao2023en-exclusive0817,94,94,6,draft|draft_verify,106.52589797973633,95.0479507446289,0.0,367,28,351,6,0,0,1,1,0
gaokao2023en,bbeam1,step-profile-config1-bbeam1-gaokao2023en-exclusive0817,94,94,7,draft|draft_verify|target|target_rescue_verify,707.4506282806396,252.7158260345459,736.3862991333008,395,182,923,14,395,35,1,2,1
gaokao2023en,bbeam1,step-profile-config1-bbeam1-gaokao2023en-exclusive0817,94,94,8,draft|draft_verify,159.49678421020508,124.87506866455078,0.0,430,42,432,8,0,0,1,1,0
gaokao2023en,bbeam1,step-profile-config1-bbeam1-gaokao2023en-exclusive0817,94,94,9,draft|draft_verify,174.89361763000488,126.63722038269043,0.0,472,45,479,9,0,0,1,1,0
gaokao2023en,bbeam1,step-profile-config1-bbeam1-gaokao2023en-exclusive0817,94,94,10,draft|draft_verify,43.74241828918457,142.27843284606934,0.0,517,11,492,10,0,0,1,1,0
gaokao2023en,bbeam1,step-profile-config1-bbeam1-gaokao2023en-exclusive0817,94,94,11,draft|draft_verify,62.073469161987305,135.911226272583,0.0,528,15,509,11,0,0,1,1,0
gaokao2023en,bbeam1,step-profile-config1-bbeam1-gaokao2023en-exclusive0817,95,95,1,draft|draft_verify|target|target_rescue_verify,552.4942874908447,117.11931228637695,1491.1775588989258,122,143,353,2,122,72,1,2,1
gaokao2023en,bbeam1,step-profile-config1-bbeam1-gaokao2023en-exclusive0817,95,95,2,draft|draft_verify,511.75880432128906,86.21883392333984,0.0,194,135,278,2,0,0,1,1,0
gaokao2023en,bbeam1,step-profile-config1-bbeam1-gaokao2023en-exclusive0817,95,95,3,draft|draft_verify,863.7933731079102,149.11508560180664,0.0,329,226,506,3,0,0,1,1,0
gaokao2023en,bbeam1,step-profile-config1-bbeam1-gaokao2023en-exclusive0817,95,95,4,draft|draft_verify,893.4023380279541,154.1750431060791,0.0,555,226,734,4,0,0,1,1,0
gaokao2023en,bbeam1,step-profile-config1-bbeam1-gaokao2023en-exclusive0817,95,95,5,draft|draft_verify,910.5050563812256,202.01992988586426,0.0,781,226,962,5,0,0,1,1,0
gaokao2023en,bbeam1,step-profile-config1-bbeam1-gaokao2023en-exclusive0817,95,95,6,draft|draft_verify,907.7026844024658,254.99844551086426,0.0,1007,226,1190,6,0,0,1,1,0
gaokao2023en,bbeam1,step-profile-config1-bbeam1-gaokao2023en-exclusive0817,95,95,7,draft|draft_verify,907.5398445129395,306.5519332885742,0.0,1233,226,1418,7,0,0,1,1,0
gaokao2023en,bbeam1,step-profile-config1-bbeam1-gaokao2023en-exclusive0817,95,95,8,draft|draft_verify,881.9286823272705,327.451229095459,0.0,1459,226,1646,8,0,0,1,1,0
gaokao2023en,bbeam1,step-profile-config1-bbeam1-gaokao2023en-exclusive0817,95,95,9,draft|draft_verify,1194.7505474090576,392.4391269683838,0.0,1685,226,1874,9,0,0,1,1,0
gaokao2023en,bbeam1,step-profile-config1-bbeam1-gaokao2023en-exclusive0817,95,95,10,draft|draft_verify,866.5540218353271,433.87556076049805,0.0,1911,226,2102,10,0,0,1,1,0
gaokao2023en,bbeam1,step-profile-config1-bbeam1-gaokao2023en-exclusive0817,96,96,1,draft|draft_verify,168.40672492980957,30.19547462463379,0.0,82,42,70,1,0,0,1,1,0
gaokao2023en,bbeam1,step-profile-config1-bbeam1-gaokao2023en-exclusive0817,96,96,2,draft|draft_verify,230.13663291931152,46.486854553222656,0.0,124,59,131,2,0,0,1,1,0
gaokao2023en,bbeam1,step-profile-config1-bbeam1-gaokao2023en-exclusive0817,96,96,3,draft|draft_verify,19.496679306030273,50.18782615661621,0.0,183,5,138,3,0,0,1,1,0
gaokao2023en,bbeam1,step-profile-config1-bbeam1-gaokao2023en-exclusive0817,96,96,4,draft|draft_verify,96.07148170471191,49.87382888793945,0.0,188,26,166,4,0,0,1,1,0
gaokao2023en,bbeam1,step-profile-config1-bbeam1-gaokao2023en-exclusive0817,96,96,5,draft|draft_verify,33.827781677246094,50.452470779418945,0.0,214,9,177,5,0,0,1,1,0
gaokao2023en,bbeam1,step-profile-config1-bbeam1-gaokao2023en-exclusive0817,96,96,6,draft|draft_verify,95.88027000427246,59.580087661743164,0.0,223,26,205,6,0,0,1,1,0
gaokao2023en,bbeam1,step-profile-config1-bbeam1-gaokao2023en-exclusive0817,96,96,7,draft|draft_verify,50.07195472717285,59.526681900024414,0.0,249,13,220,7,0,0,1,1,0
gaokao2023en,bbeam1,step-profile-config1-bbeam1-gaokao2023en-exclusive0817,96,96,8,draft|draft_verify|target|target_rescue_verify,95.47233581542969,122.39909172058105,524.5547294616699,262,25,491,16,262,22,1,2,1
gaokao2023en,bbeam1,step-profile-config1-bbeam1-gaokao2023en-exclusive0817,96,96,9,draft|draft_verify,74.34535026550293,76.71546936035156,0.0,284,19,265,9,0,0,1,1,0
gaokao2023en,bbeam1,step-profile-config1-bbeam1-gaokao2023en-exclusive0817,96,96,10,draft|draft_verify,61.48505210876465,76.88307762145996,0.0,303,16,283,10,0,0,1,1,0
gaokao2023en,bbeam1,step-profile-config1-bbeam1-gaokao2023en-exclusive0817,96,96,11,draft|draft_verify,59.003591537475586,76.79486274719238,0.0,319,15,300,11,0,0,1,1,0
gaokao2023en,bbeam1,step-profile-config1-bbeam1-gaokao2023en-exclusive0817,96,96,12,draft|draft_verify,76.0960578918457,91.78829193115234,0.0,334,20,322,12,0,0,1,1,0
gaokao2023en,bbeam1,step-profile-config1-bbeam1-gaokao2023en-exclusive0817,96,96,13,draft|draft_verify|target|target_rescue_verify,514.3313407897949,221.14896774291992,1221.5259075164795,354,133,840,26,354,59,1,2,1
gaokao2023en,bbeam1,step-profile-config1-bbeam1-gaokao2023en-exclusive0817,96,96,14,draft|draft_verify|target|target_rescue_verify,1910.4766845703125,331.77661895751953,2656.5074920654297,413,506,1407,28,413,131,1,2,1
gaokao2023en,bbeam1,step-profile-config1-bbeam1-gaokao2023en-exclusive0817,96,96,15,draft|draft_verify,34.32726860046387,126.67322158813477,0.0,544,7,525,15,0,0,1,1,0
gaokao2023en,bbeam1,step-profile-config1-bbeam1-gaokao2023en-exclusive0817,96,96,16,draft|draft_verify,69.08416748046875,127.88820266723633,0.0,551,18,545,16,0,0,1,1,0
gaokao2023en,bbeam1,step-profile-config1-bbeam1-gaokao2023en-exclusive0817,96,96,17,draft|draft_verify,306.8656921386719,132.16781616210938,0.0,569,81,628,17,0,0,1,1,0
gaokao2023en,bbeam1,step-profile-config1-bbeam1-gaokao2023en-exclusive0817,96,96,18,draft|draft_verify|target|target_rescue_verify,96.97461128234863,304.9030303955078,603.2400131225586,650,25,1313,36,650,28,1,2,1
gaokao2023en,bbeam1,step-profile-config1-bbeam1-gaokao2023en-exclusive0817,96,96,19,draft|draft_verify,78.9482593536377,157.5007438659668,0.0,678,20,680,19,0,0,1,1,0
gaokao2023en,bbeam1,step-profile-config1-bbeam1-gaokao2023en-exclusive0817,96,96,20,draft|draft_verify,28.434276580810547,152.12774276733398,0.0,698,7,689,20,0,0,1,1,0
gaokao2023en,bbeam1,step-profile-config1-bbeam1-gaokao2023en-exclusive0817,96,96,21,draft|draft_verify,104.23469543457031,152.94528007507324,0.0,705,27,718,21,0,0,1,1,0
gaokao2023en,bbeam1,step-profile-config1-bbeam1-gaokao2023en-exclusive0817,96,96,22,draft|draft_verify,81.31837844848633,153.3815860748291,0.0,732,21,741,22,0,0,1,1,0
gaokao2023en,bbeam1,step-profile-config1-bbeam1-gaokao2023en-exclusive0817,96,96,23,draft|draft_verify,81.56132698059082,154.47664260864258,0.0,753,21,764,23,0,0,1,1,0
gaokao2023en,bbeam1,step-profile-config1-bbeam1-gaokao2023en-exclusive0817,96,96,24,draft|draft_verify,119.82941627502441,173.3536720275879,0.0,774,31,797,24,0,0,1,1,0
gaokao2023en,bbeam1,step-profile-config1-bbeam1-gaokao2023en-exclusive0817,96,96,25,draft|draft_verify,138.36669921875,176.38206481933594,0.0,805,36,835,25,0,0,1,1,0
gaokao2023en,bbeam1,step-profile-config1-bbeam1-gaokao2023en-exclusive0817,96,96,26,draft|draft_verify,94.01726722717285,177.69694328308105,0.0,841,23,860,26,0,0,1,1,0
gaokao2023en,bbeam1,step-profile-config1-bbeam1-gaokao2023en-exclusive0817,97,97,1,draft|draft_verify,162.54305839538574,29.792308807373047,0.0,104,42,93,1,0,0,1,1,0
gaokao2023en,bbeam1,step-profile-config1-bbeam1-gaokao2023en-exclusive0817,97,97,2,draft|draft_verify,206.89988136291504,49.91722106933594,0.0,146,57,152,2,0,0,1,1,0
gaokao2023en,bbeam1,step-profile-config1-bbeam1-gaokao2023en-exclusive0817,97,97,3,draft|draft_verify|target|target_rescue_verify,7795.2985763549805,557.389497756958,1530.0490856170654,203,2049,2429,6,203,73,1,2,1
gaokao2023en,bbeam1,step-profile-config1-bbeam1-gaokao2023en-exclusive0817,97,97,4,draft|draft_verify,52.09684371948242,59.76080894470215,0.0,276,13,242,4,0,0,1,1,0
gaokao2023en,bbeam1,step-profile-config1-bbeam1-gaokao2023en-exclusive0817,97,97,5,draft|draft_verify,685.863733291626,125.14805793762207,0.0,289,177,421,5,0,0,1,1,0
gaokao2023en,bbeam1,step-profile-config1-bbeam1-gaokao2023en-exclusive0817,97,97,6,draft|draft_verify,442.7363872528076,127.29477882385254,0.0,466,115,538,6,0,0,1,1,0
gaokao2023en,bbeam1,step-profile-config1-bbeam1-gaokao2023en-exclusive0817,97,97,7,draft|draft_verify,317.89684295654297,130.92279434204102,0.0,581,83,623,7,0,0,1,1,0
gaokao2023en,bbeam1,step-profile-config1-bbeam1-gaokao2023en-exclusive0817,97,97,8,draft|draft_verify,313.0166530609131,153.48076820373535,0.0,664,83,708,8,0,0,1,1,0
gaokao2023en,bbeam1,step-profile-config1-bbeam1-gaokao2023en-exclusive0817,97,97,9,draft|draft_verify,317.58642196655273,173.77305030822754,0.0,747,83,793,9,0,0,1,1,0
gaokao2023en,bbeam1,step-profile-config1-bbeam1-gaokao2023en-exclusive0817,97,97,10,draft|draft_verify,315.29831886291504,177.47974395751953,0.0,830,83,878,10,0,0,1,1,0
gaokao2023en,bbeam1,step-profile-config1-bbeam1-gaokao2023en-exclusive0817,97,97,11,draft|draft_verify,317.4104690551758,199.81741905212402,0.0,913,83,963,11,0,0,1,1,0
gaokao2023en,bbeam1,step-profile-config1-bbeam1-gaokao2023en-exclusive0817,97,97,12,draft|draft_verify,317.0599937438965,222.39160537719727,0.0,996,83,1048,12,0,0,1,1,0
gaokao2023en,bbeam1,step-profile-config1-bbeam1-gaokao2023en-exclusive0817,97,97,13,draft|draft_verify,327.8665542602539,230.5006980895996,0.0,1079,83,1133,13,0,0,1,1,0
gaokao2023en,bbeam1,step-profile-config1-bbeam1-gaokao2023en-exclusive0817,97,97,14,draft|draft_verify,316.61128997802734,257.4946880340576,0.0,1162,83,1218,14,0,0,1,1,0
gaokao2023en,bbeam1,step-profile-config1-bbeam1-gaokao2023en-exclusive0817,97,97,15,draft|draft_verify,323.4837055206299,276.6845226287842,0.0,1245,83,1303,15,0,0,1,1,0
gaokao2023en,bbeam1,step-profile-config1-bbeam1-gaokao2023en-exclusive0817,97,97,16,draft|draft_verify,327.1763324737549,281.0554504394531,0.0,1328,83,1388,16,0,0,1,1,0
gaokao2023en,bbeam1,step-profile-config1-bbeam1-gaokao2023en-exclusive0817,97,97,17,draft|draft_verify,334.3191146850586,310.86206436157227,0.0,1411,83,1473,17,0,0,1,1,0
gaokao2023en,bbeam1,step-profile-config1-bbeam1-gaokao2023en-exclusive0817,97,97,18,draft|draft_verify,316.4546489715576,329.50377464294434,0.0,1494,83,1558,18,0,0,1,1,0
gaokao2023en,bbeam1,step-profile-config1-bbeam1-gaokao2023en-exclusive0817,97,97,19,draft|draft_verify,317.49606132507324,329.1029930114746,0.0,1577,83,1643,19,0,0,1,1,0
gaokao2023en,bbeam1,step-profile-config1-bbeam1-gaokao2023en-exclusive0817,97,97,20,draft|draft_verify,319.3845748901367,348.4797477722168,0.0,1660,83,1728,20,0,0,1,1,0
gaokao2023en,bbeam1,step-profile-config1-bbeam1-gaokao2023en-exclusive0817,97,97,21,draft|draft_verify,321.92087173461914,388.06700706481934,0.0,1743,83,1813,21,0,0,1,1,0
gaokao2023en,bbeam1,step-profile-config1-bbeam1-gaokao2023en-exclusive0817,97,97,22,draft|draft_verify,316.78247451782227,392.7180767059326,0.0,1826,83,1898,22,0,0,1,1,0
gaokao2023en,bbeam1,step-profile-config1-bbeam1-gaokao2023en-exclusive0817,97,97,23,draft|draft_verify,319.38648223876953,403.14412117004395,0.0,1909,83,1983,23,0,0,1,1,0
gaokao2023en,bbeam1,step-profile-config1-bbeam1-gaokao2023en-exclusive0817,97,97,24,draft|draft_verify,317.474365234375,432.0805072784424,0.0,1992,83,2068,24,0,0,1,1,0
gaokao2023en,bbeam1,step-profile-config1-bbeam1-gaokao2023en-exclusive0817,98,98,1,draft|draft_verify,151.52907371520996,46.83542251586914,0.0,145,41,132,1,0,0,1,1,0
gaokao2023en,bbeam1,step-profile-config1-bbeam1-gaokao2023en-exclusive0817,98,98,2,draft|draft_verify,385.1191997528076,60.610294342041016,0.0,186,99,233,2,0,0,1,1,0
gaokao2023en,bbeam1,step-profile-config1-bbeam1-gaokao2023en-exclusive0817,98,98,3,draft|draft_verify,210.94584465026855,76.19524002075195,0.0,285,53,288,3,0,0,1,1,0
gaokao2023en,bbeam1,step-profile-config1-bbeam1-gaokao2023en-exclusive0817,98,98,4,draft|draft_verify,487.49732971191406,125.55408477783203,0.0,338,125,415,4,0,0,1,1,0
gaokao2023en,bbeam1,step-profile-config1-bbeam1-gaokao2023en-exclusive0817,98,98,5,draft|draft_verify,330.26933670043945,136.31534576416016,0.0,463,83,500,5,0,0,1,1,0
gaokao2023en,bbeam1,step-profile-config1-bbeam1-gaokao2023en-exclusive0817,98,98,6,draft|draft_verify,151.6270637512207,127.73489952087402,0.0,546,39,541,6,0,0,1,1,0
gaokao2023en,bbeam1,step-profile-config1-bbeam1-gaokao2023en-exclusive0817,98,98,7,draft|draft_verify|target|target_rescue_verify,412.98913955688477,285.51650047302246,1537.5595092773438,585,108,1263,14,585,69,1,2,1
gaokao2023en,bbeam1,step-profile-config1-bbeam1-gaokao2023en-exclusive0817,98,98,8,draft|draft_verify,219.20275688171387,152.3432731628418,0.0,654,57,671,8,0,0,1,1,0
gaokao2023en,bbeam1,step-profile-config1-bbeam1-gaokao2023en-exclusive0817,98,98,9,draft|draft_verify,66.34378433227539,158.94794464111328,0.0,711,15,688,9,0,0,1,1,0
gaokao2023en,bbeam1,step-profile-config1-bbeam1-gaokao2023en-exclusive0817,99,99,1,draft|draft_verify,383.26382637023926,50.61221122741699,0.0,124,105,175,1,0,0,1,1,0
gaokao2023en,bbeam1,step-profile-config1-bbeam1-gaokao2023en-exclusive0817,99,99,2,draft|draft_verify,95.52669525146484,58.984994888305664,0.0,229,26,203,2,0,0,1,1,0
gaokao2023en,bbeam1,step-profile-config1-bbeam1-gaokao2023en-exclusive0817,99,99,3,draft|draft_verify,46.42343521118164,59.598445892333984,0.0,255,12,217,3,0,0,1,1,0
gaokao2023en,bbeam1,step-profile-config1-bbeam1-gaokao2023en-exclusive0817,99,99,4,draft|draft_verify,88.82975578308105,60.0123405456543,0.0,267,23,242,4,0,0,1,1,0
gaokao2023en,bbeam1,step-profile-config1-bbeam1-gaokao2023en-exclusive0817,99,99,5,draft|draft_verify,42.38390922546387,60.17732620239258,0.0,290,11,255,5,0,0,1,1,0
gaokao2023en,bbeam1,step-profile-config1-bbeam1-gaokao2023en-exclusive0817,99,99,6,draft|draft_verify,76.21407508850098,76.15900039672852,0.0,301,20,277,6,0,0,1,1,0
gaokao2023en,bbeam1,step-profile-config1-bbeam1-gaokao2023en-exclusive0817,99,99,7,draft|draft_verify|target|target_rescue_verify,436.80310249328613,227.74410247802734,1960.1469039916992,321,116,767,14,321,93,1,2,1
gaokao2023en,bbeam1,step-profile-config1-bbeam1-gaokao2023en-exclusive0817,99,99,8,draft|draft_verify,345.39341926574707,142.4863338470459,0.0,414,86,460,8,0,0,1,1,0
gaokao2023en,bbeam1,step-profile-config1-bbeam1-gaokao2023en-exclusive0817,99,99,9,draft|draft_verify,77.22854614257812,141.754150390625,0.0,500,20,482,9,0,0,1,1,0
gaokao2023en,bbeam1,step-profile-config1-bbeam1-gaokao2023en-exclusive0817,99,99,10,draft|draft_verify,247.8182315826416,127.83312797546387,0.0,520,65,549,10,0,0,1,1,0
gaokao2023en,bbeam1,step-profile-config1-bbeam1-gaokao2023en-exclusive0817,99,99,11,draft|draft_verify,44.10815238952637,127.88200378417969,0.0,585,11,562,11,0,0,1,1,0
gaokao2023en,bbeam1,step-profile-config1-bbeam1-gaokao2023en-exclusive0817,99,99,12,draft|draft_verify,130.23900985717773,130.8572292327881,0.0,596,33,597,12,0,0,1,1,0
gaokao2023en,bbeam1,step-profile-config1-bbeam1-gaokao2023en-exclusive0817,99,99,13,draft|draft_verify,43.17641258239746,130.06043434143066,0.0,629,11,610,13,0,0,1,1,0
gaokao2023en,bbeam1,step-profile-config1-bbeam1-gaokao2023en-exclusive0817,99,99,14,draft|draft_verify,127.57158279418945,151.6098976135254,0.0,640,33,645,14,0,0,1,1,0
gaokao2023en,bbeam1,step-profile-config1-bbeam1-gaokao2023en-exclusive0817,99,99,15,draft|draft_verify,44.45767402648926,150.91657638549805,0.0,673,11,658,15,0,0,1,1,0
gaokao2023en,bbeam1,step-profile-config1-bbeam1-gaokao2023en-exclusive0817,99,99,16,draft|draft_verify,125.78415870666504,152.44793891906738,0.0,684,33,693,16,0,0,1,1,0
gaokao2023en,bbeam1,step-profile-config1-bbeam1-gaokao2023en-exclusive0817,99,99,17,draft|draft_verify,43.62750053405762,152.0242691040039,0.0,717,11,706,17,0,0,1,1,0
gaokao2023en,bbeam1,step-profile-config1-bbeam1-gaokao2023en-exclusive0817,99,99,18,draft|draft_verify,130.9189796447754,154.3114185333252,0.0,728,34,742,18,0,0,1,1,0
gaokao2023en,bbeam1,step-profile-config1-bbeam1-gaokao2023en-exclusive0817,99,99,19,draft|draft_verify,44.28982734680176,154.07514572143555,0.0,762,11,755,19,0,0,1,1,0
gaokao2023en,bbeam1,step-profile-config1-bbeam1-gaokao2023en-exclusive0817,99,99,20,draft|draft_verify,134.83238220214844,166.3074493408203,0.0,773,35,792,20,0,0,1,1,0
gaokao2023en,bbeam1,step-profile-config1-bbeam1-gaokao2023en-exclusive0817,99,99,21,draft|draft_verify,44.18039321899414,173.95496368408203,0.0,808,11,805,21,0,0,1,1,0
gaokao2023en,bbeam1,step-profile-config1-bbeam1-gaokao2023en-exclusive0817,99,99,22,draft|draft_verify,135.11180877685547,177.78277397155762,0.0,819,35,842,22,0,0,1,1,0
gaokao2023en,bbeam1,step-profile-config1-bbeam1-gaokao2023en-exclusive0817,99,99,23,draft|draft_verify,44.80934143066406,175.48704147338867,0.0,854,11,855,23,0,0,1,1,0
gaokao2023en,bbeam1,step-profile-config1-bbeam1-gaokao2023en-exclusive0817,99,99,24,draft|draft_verify,134.8099708557129,178.80630493164062,0.0,865,35,892,24,0,0,1,1,0
gaokao2023en,bbeam1,step-profile-config1-bbeam1-gaokao2023en-exclusive0817,99,99,25,draft|draft_verify,47.719478607177734,199.5868682861328,0.0,900,12,906,25,0,0,1,1,0
gaokao2023en,bbeam1,step-profile-config1-bbeam1-gaokao2023en-exclusive0817,99,99,26,draft|draft_verify|target|target_rescue_verify,145.3549861907959,402.30369567871094,915.8735275268555,912,38,1891,52,912,37,1,2,1
gaokao2023en,bbeam1,step-profile-config1-bbeam1-gaokao2023en-exclusive0817,99,99,27,draft|draft_verify,49.35026168823242,199.93352890014648,0.0,949,12,959,27,0,0,1,1,0
gaokao2023en,bbeam1,step-profile-config1-bbeam1-gaokao2023en-exclusive0817,99,99,28,draft|draft_verify,142.27533340454102,202.9736042022705,0.0,961,37,998,28,0,0,1,1,0
gaokao2023en,bbeam1,step-profile-config1-bbeam1-gaokao2023en-exclusive0817,99,99,29,draft|draft_verify,50.08220672607422,205.81793785095215,0.0,998,12,1012,29,0,0,1,1,0
gaokao2023en,bbeam1,step-profile-config1-bbeam1-gaokao2023en-exclusive0817,99,99,30,draft|draft_verify,141.47448539733887,227.24509239196777,0.0,1010,37,1051,30,0,0,1,1,0
gaokao2023en,bbeam1,step-profile-config1-bbeam1-gaokao2023en-exclusive0817,99,99,31,draft|draft_verify,48.30288887023926,226.96280479431152,0.0,1047,12,1065,31,0,0,1,1,0
gaokao2023en,bbeam1,step-profile-config1-bbeam1-gaokao2023en-exclusive0817,99,99,32,draft|draft_verify,144.5314884185791,224.81942176818848,0.0,1059,37,1104,32,0,0,1,1,0
gaokao2023en,bbeam1,step-profile-config1-bbeam1-gaokao2023en-exclusive0817,99,99,33,draft|draft_verify,53.71379852294922,230.84115982055664,0.0,1096,12,1118,33,0,0,1,1,0
gaokao2023en,bbeam1,step-profile-config1-bbeam1-gaokao2023en-exclusive0817,99,99,34,draft|draft_verify,152.7996063232422,255.99288940429688,0.0,1108,37,1157,34,0,0,1,1,0
gaokao2023en,bbeam1,step-profile-config1-bbeam1-gaokao2023en-exclusive0817,99,99,35,draft|draft_verify,49.61371421813965,255.86223602294922,0.0,1145,12,1171,35,0,0,1,1,0
gaokao2023en,bbeam1,step-profile-config1-bbeam1-gaokao2023en-exclusive0817,99,99,36,draft|draft_verify,142.03858375549316,257.51543045043945,0.0,1157,37,1210,36,0,0,1,1,0
gaokao2023en,bbeam1,step-profile-config1-bbeam1-gaokao2023en-exclusive0817,99,99,37,draft|draft_verify,50.08196830749512,248.49271774291992,0.0,1194,12,1224,37,0,0,1,1,0
gaokao2023en,bbeam1,step-profile-config1-bbeam1-gaokao2023en-exclusive0817,99,99,38,draft|draft_verify,157.97877311706543,259.20557975769043,0.0,1206,37,1263,38,0,0,1,1,0
gaokao2023en,bbeam1,step-profile-config1-bbeam1-gaokao2023en-exclusive0817,99,99,39,draft|draft_verify,48.29859733581543,258.3460807800293,0.0,1243,12,1277,39,0,0,1,1,0
gaokao2023en,bbeam1,step-profile-config1-bbeam1-gaokao2023en-exclusive0817,99,99,40,draft|draft_verify,148.58317375183105,279.862642288208,0.0,1255,37,1316,40,0,0,1,1,0
gaokao2023en,bbeam1,step-profile-config1-bbeam1-gaokao2023en-exclusive0817,99,99,41,draft|draft_verify,48.9039421081543,277.4384021759033,0.0,1292,12,1330,41,0,0,1,1,0
gaokao2023en,bbeam1,step-profile-config1-bbeam1-gaokao2023en-exclusive0817,99,99,42,draft|draft_verify,147.85361289978027,279.06250953674316,0.0,1304,37,1369,42,0,0,1,1,0
gaokao2023en,bbeam1,step-profile-config1-bbeam1-gaokao2023en-exclusive0817,99,99,43,draft|draft_verify,51.01299285888672,279.965877532959,0.0,1341,12,1383,43,0,0,1,1,0
gaokao2023en,bbeam1,step-profile-config1-bbeam1-gaokao2023en-exclusive0817,99,99,44,draft|draft_verify,150.72226524353027,308.8541030883789,0.0,1353,37,1422,44,0,0,1,1,0
gaokao2023en,bbeam1,step-profile-config1-bbeam1-gaokao2023en-exclusive0817,99,99,45,draft|draft_verify,50.11725425720215,309.43870544433594,0.0,1390,12,1436,45,0,0,1,1,0
gaokao2023en,bbeam1,step-profile-config1-bbeam1-gaokao2023en-exclusive0817,99,99,46,draft|draft_verify,145.88069915771484,314.50796127319336,0.0,1402,37,1475,46,0,0,1,1,0
gaokao2023en,bbeam1,step-profile-config1-bbeam1-gaokao2023en-exclusive0817,99,99,47,draft|draft_verify,49.54051971435547,313.0784034729004,0.0,1439,12,1489,47,0,0,1,1,0
gaokao2023en,bbeam1,step-profile-config1-bbeam1-gaokao2023en-exclusive0817,99,99,48,draft|draft_verify,147.4015712738037,316.38622283935547,0.0,1451,37,1528,48,0,0,1,1,0
gaokao2023en,bbeam1,step-profile-config1-bbeam1-gaokao2023en-exclusive0817,99,99,49,draft|draft_verify,50.675392150878906,331.45666122436523,0.0,1488,12,1542,49,0,0,1,1,0
gaokao2023en,bbeam1,step-profile-config1-bbeam1-gaokao2023en-exclusive0817,99,99,50,draft|draft_verify,151.60274505615234,333.18042755126953,0.0,1500,37,1581,50,0,0,1,1,0
gaokao2023en,bbeam1,step-profile-config1-bbeam1-gaokao2023en-exclusive0817,99,99,51,draft|draft_verify,51.484107971191406,332.486629486084,0.0,1537,12,1595,51,0,0,1,1,0
gaokao2023en,bbeam1,step-profile-config1-bbeam1-gaokao2023en-exclusive0817,99,99,52,draft|draft_verify,151.383638381958,335.16621589660645,0.0,1549,37,1634,52,0,0,1,1,0
gaokao2023en,bbeam1,step-profile-config1-bbeam1-gaokao2023en-exclusive0817,99,99,53,draft|draft_verify,51.07736587524414,328.2766342163086,0.0,1586,12,1648,53,0,0,1,1,0
gaokao2023en,bbeam1,step-profile-config1-bbeam1-gaokao2023en-exclusive0817,99,99,54,draft|draft_verify,147.71056175231934,352.1759510040283,0.0,1598,37,1687,54,0,0,1,1,0
gaokao2023en,bbeam1,step-profile-config1-bbeam1-gaokao2023en-exclusive0817,99,99,55,draft|draft_verify,52.20675468444824,353.360652923584,0.0,1635,12,1701,55,0,0,1,1,0
gaokao2023en,bbeam1,step-profile-config1-bbeam1-gaokao2023en-exclusive0817,99,99,56,draft|draft_verify,149.8861312866211,363.8877868652344,0.0,1647,37,1740,56,0,0,1,1,0
gaokao2023en,bbeam1,step-profile-config1-bbeam1-gaokao2023en-exclusive0817,99,99,57,draft|draft_verify,52.16240882873535,362.119197845459,0.0,1684,12,1754,57,0,0,1,1,0
gaokao2023en,bbeam1,step-profile-config1-bbeam1-gaokao2023en-exclusive0817,99,99,58,draft|draft_verify,153.70702743530273,390.4135227203369,0.0,1696,37,1793,58,0,0,1,1,0
gaokao2023en,bbeam1,step-profile-config1-bbeam1-gaokao2023en-exclusive0817,99,99,59,draft|draft_verify,51.60236358642578,389.9273872375488,0.0,1733,12,1807,59,0,0,1,1,0
gaokao2023en,bbeam1,step-profile-config1-bbeam1-gaokao2023en-exclusive0817,99,99,60,draft|draft_verify,149.72662925720215,391.42537117004395,0.0,1745,37,1846,60,0,0,1,1,0
gaokao2023en,bbeam1,step-profile-config1-bbeam1-gaokao2023en-exclusive0817,99,99,61,draft|draft_verify,52.2005558013916,393.54681968688965,0.0,1782,12,1860,61,0,0,1,1,0
gaokao2023en,bbeam1,step-profile-config1-bbeam1-gaokao2023en-exclusive0817,99,99,62,draft|draft_verify,148.14043045043945,395.65086364746094,0.0,1794,37,1899,62,0,0,1,1,0
gaokao2023en,bbeam1,step-profile-config1-bbeam1-gaokao2023en-exclusive0817,99,99,63,draft|draft_verify,51.642656326293945,395.4901695251465,0.0,1831,12,1913,63,0,0,1,1,0
gaokao2023en,bbeam1,step-profile-config1-bbeam1-gaokao2023en-exclusive0817,99,99,64,draft|draft_verify,148.94914627075195,406.8171977996826,0.0,1843,37,1952,64,0,0,1,1,0
gaokao2023en,bbeam1,step-profile-config1-bbeam1-gaokao2023en-exclusive0817,99,99,65,draft|draft_verify,51.50175094604492,406.6815376281738,0.0,1880,12,1966,65,0,0,1,1,0
gaokao2023en,bbeam1,step-profile-config1-bbeam1-gaokao2023en-exclusive0817,99,99,66,draft|draft_verify,147.3977565765381,410.109281539917,0.0,1892,37,2005,66,0,0,1,1,0
gaokao2023en,bbeam1,step-profile-config1-bbeam1-gaokao2023en-exclusive0817,99,99,67,draft|draft_verify,51.364898681640625,407.69028663635254,0.0,1929,12,2019,67,0,0,1,1,0
gaokao2023en,bbeam1,step-profile-config1-bbeam1-gaokao2023en-exclusive0817,99,99,68,draft|draft_verify,144.97137069702148,437.9768371582031,0.0,1941,37,2058,68,0,0,1,1,0
gaokao2023en,bbeam1,step-profile-config1-bbeam1-gaokao2023en-exclusive0817,99,99,69,draft|draft_verify,51.21731758117676,425.7359504699707,0.0,1978,12,2072,69,0,0,1,1,0
gaokao2023en,bbeam1,step-profile-config1-bbeam1-gaokao2023en-exclusive0817,99,99,70,draft|draft_verify,153.20730209350586,424.26562309265137,0.0,1990,37,2111,70,0,0,1,1,0
gaokao2023en,bbeam1,step-profile-config1-bbeam1-gaokao2023en-exclusive0817,99,99,71,draft|draft_verify,50.948381423950195,427.69479751586914,0.0,2027,12,2125,71,0,0,1,1,0
gaokao2023en,bbeam1,step-profile-config1-bbeam1-gaokao2023en-exclusive0817,99,99,72,draft|draft_verify,147.4752426147461,424.9699115753174,0.0,2039,37,2164,72,0,0,1,1,0
gaokao2023en,bbeam1,step-profile-config1-bbeam1-gaokao2023en-exclusive0817,100,100,1,draft|draft_verify|target|target_rescue_verify,205.7504653930664,60.1959228515625,1101.9518375396729,92,56,184,2,92,52,1,2,1
gaokao2023en,bbeam1,step-profile-config1-bbeam1-gaokao2023en-exclusive0817,100,100,2,draft|draft_verify,186.22875213623047,52.63519287109375,0.0,144,49,141,2,0,0,1,1,0
gaokao2023en,bbeam1,step-profile-config1-bbeam1-gaokao2023en-exclusive0817,100,100,3,draft|draft_verify,632.256269454956,86.41600608825684,0.0,193,163,306,3,0,0,1,1,0
gaokao2023en,bbeam1,step-profile-config1-bbeam1-gaokao2023en-exclusive0817,100,100,4,draft|draft_verify,145.92814445495605,98.38175773620605,0.0,356,37,345,4,0,0,1,1,0
gaokao2023en,bbeam1,step-profile-config1-bbeam1-gaokao2023en-exclusive0817,100,100,5,draft|draft_verify,162.85252571105957,124.85361099243164,0.0,393,42,389,5,0,0,1,1,0
gaokao2023en,bbeam1,step-profile-config1-bbeam1-gaokao2023en-exclusive0817,100,100,6,draft|draft_verify,143.63980293273926,126.59430503845215,0.0,435,34,425,6,0,0,1,1,0
gaokao2023en,bbeam1,step-profile-config1-bbeam1-gaokao2023en-exclusive0817,100,100,7,draft|draft_verify,152.75025367736816,126.98173522949219,0.0,469,40,467,7,0,0,1,1,0
gaokao2023en,bbeam1,step-profile-config1-bbeam1-gaokao2023en-exclusive0817,100,100,8,draft|draft_verify,341.1269187927246,128.33595275878906,0.0,509,89,558,8,0,0,1,1,0
gaokao2023en,bbeam1,step-profile-config1-bbeam1-gaokao2023en-exclusive0817,100,100,9,draft|draft_verify,595.8755016326904,154.08086776733398,0.0,598,156,716,9,0,0,1,1,0
gaokao2023en,bbeam1,step-profile-config1-bbeam1-gaokao2023en-exclusive0817,100,100,10,draft|draft_verify,202.97551155090332,176.09763145446777,0.0,754,53,771,10,0,0,1,1,0
gaokao2023en,bbeam1,step-profile-config1-bbeam1-gaokao2023en-exclusive0817,100,100,11,draft|draft_verify,188.6577606201172,175.02427101135254,0.0,807,47,820,11,0,0,1,1,0
gaokao2023en,bbeam1,step-profile-config1-bbeam1-gaokao2023en-exclusive0817,100,100,12,draft|draft_verify|target|target_rescue_verify,147.36080169677734,359.8315715789795,1446.5663433074951,854,38,1745,24,854,63,1,2,1
gaokao2023en,bbeam1,step-profile-config1-bbeam1-gaokao2023en-exclusive0817,100,100,13,draft|draft_verify,116.2419319152832,201.36690139770508,0.0,917,29,916,13,0,0,1,1,0
gaokao2023en,bbeam1,step-profile-config1-bbeam1-gaokao2023en-exclusive0817,100,100,14,draft|draft_verify,243.41273307800293,203.48310470581055,0.0,946,63,981,14,0,0,1,1,0
gaokao2023en,bbeam1,step-profile-config1-bbeam1-gaokao2023en-exclusive0817,100,100,15,draft|draft_verify,113.9223575592041,205.50060272216797,0.0,1009,29,1012,15,0,0,1,1,0
gaokao2023en,bbeam1,step-profile-config1-bbeam1-gaokao2023en-exclusive0817,100,100,16,draft|draft_verify,241.2261962890625,229.72583770751953,0.0,1038,63,1077,16,0,0,1,1,0
gaokao2023en,bbeam1,step-profile-config1-bbeam1-gaokao2023en-exclusive0817,100,100,17,draft|draft_verify,113.3577823638916,229.8579216003418,0.0,1101,29,1108,17,0,0,1,1,0
gaokao2023en,bbeam1,step-profile-config1-bbeam1-gaokao2023en-exclusive0817,100,100,18,draft|draft_verify,244.63820457458496,257.2343349456787,0.0,1130,63,1173,18,0,0,1,1,0
gaokao2023en,bbeam1,step-profile-config1-bbeam1-gaokao2023en-exclusive0817,100,100,19,draft|draft_verify,118.69072914123535,258.944034576416,0.0,1193,29,1204,19,0,0,1,1,0
gaokao2023en,bbeam1,step-profile-config1-bbeam1-gaokao2023en-exclusive0817,100,100,20,draft|draft_verify,242.87033081054688,260.44774055480957,0.0,1222,63,1269,20,0,0,1,1,0
gaokao2023en,bbeam1,step-profile-config1-bbeam1-gaokao2023en-exclusive0817,100,100,21,draft|draft_verify,118.38746070861816,281.4514636993408,0.0,1285,29,1300,21,0,0,1,1,0
gaokao2023en,bbeam1,step-profile-config1-bbeam1-gaokao2023en-exclusive0817,100,100,22,draft|draft_verify,241.63079261779785,281.4488410949707,0.0,1314,63,1365,22,0,0,1,1,0
gaokao2023en,bbeam1,step-profile-config1-bbeam1-gaokao2023en-exclusive0817,100,100,23,draft|draft_verify,113.82699012756348,280.6422710418701,0.0,1377,29,1396,23,0,0,1,1,0
gaokao2023en,bbeam1,step-profile-config1-bbeam1-gaokao2023en-exclusive0817,100,100,24,draft|draft_verify,242.4488067626953,313.2820129394531,0.0,1406,63,1461,24,0,0,1,1,0
gaokao2023en,bbeam1,step-profile-config1-bbeam1-gaokao2023en-exclusive0817,100,100,25,draft|draft_verify,113.56616020202637,315.8698081970215,0.0,1469,29,1492,25,0,0,1,1,0
gaokao2023en,bbeam1,step-profile-config1-bbeam1-gaokao2023en-exclusive0817,100,100,26,draft|draft_verify,242.99001693725586,332.5157165527344,0.0,1498,63,1557,26,0,0,1,1,0
gaokao2023en,bbeam1,step-profile-config1-bbeam1-gaokao2023en-exclusive0817,100,100,27,draft|draft_verify,113.00349235534668,333.2867622375488,0.0,1561,29,1588,27,0,0,1,1,0
gaokao2023en,bbeam1,step-profile-config1-bbeam1-gaokao2023en-exclusive0817,100,100,28,draft|draft_verify,240.94867706298828,331.5291404724121,0.0,1590,63,1653,28,0,0,1,1,0
gaokao2023en,bbeam1,step-profile-config1-bbeam1-gaokao2023en-exclusive0817,100,100,29,draft|draft_verify,114.0756607055664,354.128360748291,0.0,1653,29,1684,29,0,0,1,1,0
gaokao2023en,bbeam1,step-profile-config1-bbeam1-gaokao2023en-exclusive0817,100,100,30,draft|draft_verify,242.86222457885742,363.87157440185547,0.0,1682,63,1749,30,0,0,1,1,0
gaokao2023en,bbeam1,step-profile-config1-bbeam1-gaokao2023en-exclusive0817,100,100,31,draft|draft_verify,114.02058601379395,364.9749755859375,0.0,1745,29,1780,31,0,0,1,1,0
gaokao2023en,bbeam1,step-profile-config1-bbeam1-gaokao2023en-exclusive0817,100,100,32,draft|draft_verify,241.5781021118164,392.3313617706299,0.0,1774,63,1845,32,0,0,1,1,0
gaokao2023en,bbeam1,step-profile-config1-bbeam1-gaokao2023en-exclusive0817,100,100,33,draft|draft_verify,119.11988258361816,396.58570289611816,0.0,1837,29,1876,33,0,0,1,1,0
gaokao2023en,bbeam1,step-profile-config1-bbeam1-gaokao2023en-exclusive0817,100,100,34,draft|draft_verify,246.50049209594727,408.6577892303467,0.0,1866,64,1942,34,0,0,1,1,0
gaokao2023en,bbeam1,step-profile-config1-bbeam1-gaokao2023en-exclusive0817,100,100,35,draft|draft_verify,118.9720630645752,408.91432762145996,0.0,1930,30,1974,35,0,0,1,1,0
gaokao2023en,bbeam1,step-profile-config1-bbeam1-gaokao2023en-exclusive0817,100,100,36,draft|draft_verify,246.1566925048828,412.57572174072266,0.0,1960,64,2040,36,0,0,1,1,0
gaokao2023en,bbeam1,step-profile-config1-bbeam1-gaokao2023en-exclusive0817,100,100,37,draft|draft_verify,119.00949478149414,425.2898693084717,0.0,2024,30,2072,37,0,0,1,1,0
gaokao2023en,bbeam1,step-profile-config1-bbeam1-gaokao2023en-exclusive0817,101,101,1,draft|draft_verify,308.7787628173828,50.722360610961914,0.0,112,85,143,1,0,0,1,1,0
gaokao2023en,bbeam1,step-profile-config1-bbeam1-gaokao2023en-exclusive0817,101,101,2,draft|draft_verify,52.015066146850586,50.17685890197754,0.0,197,14,159,2,0,0,1,1,0
gaokao2023en,bbeam1,step-profile-config1-bbeam1-gaokao2023en-exclusive0817,101,101,3,draft|draft_verify,149.9018669128418,59.30829048156738,0.0,211,41,202,3,0,0,1,1,0
gaokao2023en,bbeam1,step-profile-config1-bbeam1-gaokao2023en-exclusive0817,101,101,4,draft|draft_verify,30.978918075561523,59.370994567871094,0.0,252,8,212,4,0,0,1,1,0
gaokao2023en,bbeam1,step-profile-config1-bbeam1-gaokao2023en-exclusive0817,101,101,5,draft|draft_verify,129.8043727874756,60.2717399597168,0.0,260,34,248,5,0,0,1,1,0
gaokao2023en,bbeam1,step-profile-config1-bbeam1-gaokao2023en-exclusive0817,101,101,6,draft|draft_verify,417.9074764251709,93.41907501220703,0.0,294,108,358,6,0,0,1,1,0
gaokao2023en,bbeam1,step-profile-config1-bbeam1-gaokao2023en-exclusive0817,101,101,7,draft|draft_verify,491.8174743652344,144.33884620666504,0.0,402,125,485,7,0,0,1,1,0
gaokao2023en,bbeam1,step-profile-config1-bbeam1-gaokao2023en-exclusive0817,101,101,8,draft|draft_verify,289.4253730773926,128.3411979675293,0.0,527,77,564,8,0,0,1,1,0
gaokao2023en,bbeam1,step-profile-config1-bbeam1-gaokao2023en-exclusive0817,101,101,9,draft|draft_verify,47.225236892700195,130.58829307556152,0.0,604,11,577,9,0,0,1,1,0
gaokao2023en,bbeam1,step-profile-config1-bbeam1-gaokao2023en-exclusive0817,102,102,1,draft|draft_verify,132.2951316833496,29.747962951660156,0.0,111,36,93,1,0,0,1,1,0
gaokao2023en,bbeam1,step-profile-config1-bbeam1-gaokao2023en-exclusive0817,102,102,2,draft|draft_verify,389.5459175109863,60.57572364807129,0.0,147,102,197,2,0,0,1,1,0
gaokao2023en,bbeam1,step-profile-config1-bbeam1-gaokao2023en-exclusive0817,102,102,3,draft|draft_verify|target|target_rescue_verify,453.7794589996338,181.55908584594727,2684.964179992676,249,117,645,6,249,130,1,2,1
gaokao2023en,bbeam1,step-profile-config1-bbeam1-gaokao2023en-exclusive0817,102,102,4,draft|draft_verify,296.8783378601074,125.0145435333252,0.0,379,77,408,4,0,0,1,1,0
gaokao2023en,bbeam1,step-profile-config1-bbeam1-gaokao2023en-exclusive0817,102,102,5,draft|draft_verify,505.6030750274658,129.8060417175293,0.0,456,132,542,5,0,0,1,1,0
gaokao2023en,bbeam1,step-profile-config1-bbeam1-gaokao2023en-exclusive0817,102,102,6,draft|draft_verify,62.9887580871582,128.0045509338379,0.0,588,15,559,6,0,0,1,1,0
gaokao2023en,bbeam1,step-profile-config1-bbeam1-gaokao2023en-exclusive0817,103,103,1,draft|draft_verify|target|target_rescue_verify,367.567777633667,84.31077003479004,1270.1303958892822,96,101,247,2,96,62,1,2,1
gaokao2023en,bbeam1,step-profile-config1-bbeam1-gaokao2023en-exclusive0817,103,103,2,draft|draft_verify|target|target_rescue_verify,163.27500343322754,112.6244068145752,1009.4983577728271,158,43,304,4,158,49,1,2,1
gaokao2023en,bbeam1,step-profile-config1-bbeam1-gaokao2023en-exclusive0817,103,103,3,draft|draft_verify,104.1107177734375,55.917978286743164,0.0,207,27,184,3,0,0,1,1,0
gaokao2023en,bbeam1,step-profile-config1-bbeam1-gaokao2023en-exclusive0817,103,103,4,draft|draft_verify,198.61125946044922,66.22672080993652,0.0,234,52,238,4,0,0,1,1,0
gaokao2023en,bbeam1,step-profile-config1-bbeam1-gaokao2023en-exclusive0817,103,103,5,draft|draft_verify,23.63419532775879,66.29490852355957,0.0,286,6,246,5,0,0,1,1,0
gaokao2023en,bbeam1,step-profile-config1-bbeam1-gaokao2023en-exclusive0817,103,103,6,draft|draft_verify,86.08770370483398,75.97041130065918,0.0,292,22,270,6,0,0,1,1,0
gaokao2023en,bbeam1,step-profile-config1-bbeam1-gaokao2023en-exclusive0817,103,103,7,draft|draft_verify,34.7597599029541,76.35641098022461,0.0,314,9,281,7,0,0,1,1,0
gaokao2023en,bbeam1,step-profile-config1-bbeam1-gaokao2023en-exclusive0817,103,103,8,draft|draft_verify,131.3636302947998,76.99322700500488,0.0,323,34,317,8,0,0,1,1,0
gaokao2023en,bbeam1,step-profile-config1-bbeam1-gaokao2023en-exclusive0817,103,103,9,draft|draft_verify,19.919633865356445,92.20623970031738,0.0,357,5,324,9,0,0,1,1,0
gaokao2023en,bbeam1,step-profile-config1-bbeam1-gaokao2023en-exclusive0817,103,103,10,draft|draft_verify,205.29866218566895,93.28150749206543,0.0,362,53,379,10,0,0,1,1,0
gaokao2023en,bbeam1,step-profile-config1-bbeam1-gaokao2023en-exclusive0817,103,103,11,draft|draft_verify,23.86617660522461,125.54574012756348,0.0,415,6,387,11,0,0,1,1,0
gaokao2023en,bbeam1,step-profile-config1-bbeam1-gaokao2023en-exclusive0817,103,103,12,draft|draft_verify,88.7765884399414,125.5331039428711,0.0,421,22,411,12,0,0,1,1,0
gaokao2023en,bbeam1,step-profile-config1-bbeam1-gaokao2023en-exclusive0817,103,103,13,draft|draft_verify,36.07916831970215,124.8176097869873,0.0,443,9,422,13,0,0,1,1,0
gaokao2023en,bbeam1,step-profile-config1-bbeam1-gaokao2023en-exclusive0817,103,103,14,draft|draft_verify,77.94761657714844,125.21839141845703,0.0,452,20,444,14,0,0,1,1,0
gaokao2023en,bbeam1,step-profile-config1-bbeam1-gaokao2023en-exclusive0817,103,103,15,draft|draft_verify|target|target_rescue_verify,362.89477348327637,256.9689750671387,684.0517520904541,472,96,1017,30,472,29,1,2,1
gaokao2023en,bbeam1,step-profile-config1-bbeam1-gaokao2023en-exclusive0817,103,103,16,draft|draft_verify|target|target_rescue_verify,895.5752849578857,284.58499908447266,1311.9995594024658,501,231,1249,32,501,64,1,2,1
gaokao2023en,bbeam1,step-profile-config1-bbeam1-gaokao2023en-exclusive0817,103,103,17,draft|draft_verify,75.50954818725586,127.76565551757812,0.0,565,19,562,17,0,0,1,1,0
gaokao2023en,bbeam1,step-profile-config1-bbeam1-gaokao2023en-exclusive0817,103,103,18,draft|draft_verify,135.58387756347656,131.90960884094238,0.0,584,35,599,18,0,0,1,1,0
gaokao2023en,bbeam1,step-profile-config1-bbeam1-gaokao2023en-exclusive0817,103,103,19,draft|draft_verify,70.27769088745117,132.16471672058105,0.0,619,18,619,19,0,0,1,1,0
gaokao2023en,bbeam1,step-profile-config1-bbeam1-gaokao2023en-exclusive0817,103,103,20,draft|draft_verify,127.87818908691406,151.83043479919434,0.0,637,33,654,20,0,0,1,1,0
gaokao2023en,bbeam1,step-profile-config1-bbeam1-gaokao2023en-exclusive0817,103,103,21,draft|draft_verify,66.97750091552734,152.32229232788086,0.0,670,17,673,21,0,0,1,1,0
gaokao2023en,bbeam1,step-profile-config1-bbeam1-gaokao2023en-exclusive0817,103,103,22,draft|draft_verify,121.63114547729492,154.15310859680176,0.0,687,32,707,22,0,0,1,1,0
gaokao2023en,bbeam1,step-profile-config1-bbeam1-gaokao2023en-exclusive0817,103,103,23,draft|draft_verify,62.25895881652832,154.1593074798584,0.0,719,16,725,23,0,0,1,1,0
gaokao2023en,bbeam1,step-profile-config1-bbeam1-gaokao2023en-exclusive0817,103,103,24,draft|draft_verify|target|target_rescue_verify,115.16189575195312,332.75866508483887,1260.9326839447021,735,30,1543,48,735,59,1,2,1
gaokao2023en,bbeam1,step-profile-config1-bbeam1-gaokao2023en-exclusive0817,103,103,25,draft|draft_verify,114.93611335754395,174.60060119628906,0.0,794,29,817,25,0,0,1,1,0
gaokao2023en,bbeam1,step-profile-config1-bbeam1-gaokao2023en-exclusive0817,103,103,26,draft|draft_verify,147.37272262573242,179.32653427124023,0.0,823,38,857,26,0,0,1,1,0
gaokao2023en,bbeam1,step-profile-config1-bbeam1-gaokao2023en-exclusive0817,103,103,27,draft|draft_verify,48.50292205810547,178.36356163024902,0.0,861,11,870,27,0,0,1,1,0
gaokao2023en,bbeam1,step-profile-config1-bbeam1-gaokao2023en-exclusive0817,104,104,1,draft|draft_verify,227.3995876312256,46.32377624511719,0.0,123,62,132,1,0,0,1,1,0
gaokao2023en,bbeam1,step-profile-config1-bbeam1-gaokao2023en-exclusive0817,104,104,2,draft|draft_verify,163.48981857299805,49.80969429016113,0.0,185,43,176,2,0,0,1,1,0
gaokao2023en,bbeam1,step-profile-config1-bbeam1-gaokao2023en-exclusive0817,104,104,3,draft|draft_verify|target|target_rescue_verify,204.69117164611816,127.84671783447266,1131.1869621276855,228,55,464,6,228,53,1,2,1
gaokao2023en,bbeam1,step-profile-config1-bbeam1-gaokao2023en-exclusive0817,104,104,4,draft|draft_verify,150.3427028656006,84.97834205627441,0.0,281,39,272,4,0,0,1,1,0
gaokao2023en,bbeam1,step-profile-config1-bbeam1-gaokao2023en-exclusive0817,104,104,5,draft|draft_verify,213.51051330566406,98.74200820922852,0.0,320,56,330,5,0,0,1,1,0
gaokao2023en,bbeam1,step-profile-config1-bbeam1-gaokao2023en-exclusive0817,104,104,6,draft|draft_verify,171.13518714904785,99.65157508850098,0.0,376,44,375,6,0,0,1,1,0
gaokao2023en,bbeam1,step-profile-config1-bbeam1-gaokao2023en-exclusive0817,104,104,7,draft|draft_verify|target|target_rescue_verify,293.2925224304199,252.1076202392578,1241.9562339782715,420,77,890,14,420,59,1,2,1
gaokao2023en,bbeam1,step-profile-config1-bbeam1-gaokao2023en-exclusive0817,104,104,8,draft|draft_verify|target|target_rescue_verify,184.2498779296875,281.3582420349121,1791.313648223877,479,48,1011,16,479,88,1,2,1
gaokao2023en,bbeam1,step-profile-config1-bbeam1-gaokao2023en-exclusive0817,104,104,9,draft|draft_verify,287.4741554260254,131.4983367919922,0.0,567,75,603,9,0,0,1,1,0
gaokao2023en,bbeam1,step-profile-config1-bbeam1-gaokao2023en-exclusive0817,104,104,10,draft|draft_verify,153.5029411315918,151.5190601348877,0.0,642,40,644,10,0,0,1,1,0
gaokao2023en,bbeam1,step-profile-config1-bbeam1-gaokao2023en-exclusive0817,104,104,11,draft|draft_verify,122.71904945373535,152.1589756011963,0.0,682,32,678,11,0,0,1,1,0
gaokao2023en,bbeam1,step-profile-config1-bbeam1-gaokao2023en-exclusive0817,104,104,12,draft|draft_verify,400.93255043029785,175.31371116638184,0.0,714,105,785,12,0,0,1,1,0
gaokao2023en,bbeam1,step-profile-config1-bbeam1-gaokao2023en-exclusive0817,104,104,13,draft|draft_verify|target|backtracking_verify,259.9759101867676,364.55655097961426,1853.4560203552246,819,65,1730,26,819,91,1,2,1
gaokao2023en,bbeam1,step-profile-config1-bbeam1-gaokao2023en-exclusive0817,104,104,14,draft|draft_verify|target|backtracking_verify,742.1185970306396,809.3514442443848,1490.9427165985107,1794,193,3731,56,1794,70,2,4,2
gaokao2023en,bbeam1,step-profile-config1-bbeam1-gaokao2023en-exclusive0817,104,104,15,draft|draft_verify|target|target_rescue_verify,367.15078353881836,1265.962839126587,2283.707857131958,2911,91,5847,90,2911,102,3,6,3
gaokao2023en,bbeam1,step-profile-config1-bbeam1-gaokao2023en-exclusive0817,104,104,16,draft|draft_verify|target|backtracking_verify,98.97017478942871,387.29381561279297,534.390926361084,945,25,1888,32,945,25,1,2,1
gaokao2023en,bbeam1,step-profile-config1-bbeam1-gaokao2023en-exclusive0817,104,104,17,draft|draft_verify|target|target_rescue_verify,207.69500732421875,809.9191188812256,1544.65651512146,1940,50,3908,68,1940,74,2,4,2
gaokao2023en,bbeam1,step-profile-config1-bbeam1-gaokao2023en-exclusive0817,105,105,1,draft|draft_verify|target|backtracking_verify,199.60570335388184,61.96308135986328,1049.7055053710938,118,54,233,2,118,51,1,2,1
gaokao2023en,bbeam1,step-profile-config1-bbeam1-gaokao2023en-exclusive0817,105,105,2,draft|draft_verify|target|target_rescue_verify,995.4423904418945,198.90928268432617,1325.2999782562256,341,260,681,6,172,64,2,3,1
gaokao2023en,bbeam1,step-profile-config1-bbeam1-gaokao2023en-exclusive0817,105,105,3,draft|draft_verify|target|target_rescue_verify|backtracking_verify,444.3836212158203,262.30502128601074,2026.031255722046,460,119,937,12,460,98,2,4,2
gaokao2023en,bbeam1,step-profile-config1-bbeam1-gaokao2023en-exclusive0817,105,105,4,draft|draft_verify|target|target_rescue_verify,891.2563323974609,395.7490921020508,3371.898651123047,570,231,1343,16,570,164,2,4,2
gaokao2023en,bbeam1,step-profile-config1-bbeam1-gaokao2023en-exclusive0817,105,105,5,draft|draft_verify|target|target_rescue_verify,594.6156978607178,478.6996841430664,3308.5622787475586,734,156,1602,20,734,162,2,4,2
gaokao2023en,bbeam1,step-profile-config1-bbeam1-gaokao2023en-exclusive0817,105,105,6,draft|draft_verify|target|target_rescue_verify,710.6637954711914,569.3039894104004,2787.198066711426,896,185,1937,24,896,136,2,4,2
gaokao2023en,bbeam1,step-profile-config1-bbeam1-gaokao2023en-exclusive0817,105,105,7,draft|draft_verify|target|target_rescue_verify,1047.3334789276123,549.5090484619141,2293.984889984131,1032,276,2283,28,1032,111,2,4,2
gaokao2023en,bbeam1,step-profile-config1-bbeam1-gaokao2023en-exclusive0817,105,105,8,draft|draft_verify|target|target_rescue_verify,541.1992073059082,401.95178985595703,2176.9447326660156,1143,142,1821,24,549,107,2,3,1
gaokao2023en,bbeam1,step-profile-config1-bbeam1-gaokao2023en-exclusive0817,105,105,9,draft|draft_verify|target|target_rescue_verify,302.0823001861572,462.53275871276855,1399.3782997131348,1330,75,2015,27,656,68,2,3,1
gaokao2023en,bbeam1,step-profile-config1-bbeam1-gaokao2023en-exclusive0817,106,106,1,draft|draft_verify,406.0347080230713,50.48418045043945,0.0,90,105,141,1,0,0,1,1,0
gaokao2023en,bbeam1,step-profile-config1-bbeam1-gaokao2023en-exclusive0817,106,106,2,draft|draft_verify,79.52356338500977,50.418853759765625,0.0,195,21,164,2,0,0,1,1,0
gaokao2023en,bbeam1,step-profile-config1-bbeam1-gaokao2023en-exclusive0817,106,106,3,draft|draft_verify,34.71112251281738,50.07433891296387,0.0,216,9,175,3,0,0,1,1,0
gaokao2023en,bbeam1,step-profile-config1-bbeam1-gaokao2023en-exclusive0817,106,106,4,draft|draft_verify,69.12374496459961,58.4564208984375,0.0,225,18,195,4,0,0,1,1,0
gaokao2023en,bbeam1,step-profile-config1-bbeam1-gaokao2023en-exclusive0817,106,106,5,draft|draft_verify,34.66391563415527,59.157371520996094,0.0,243,9,206,5,0,0,1,1,0
gaokao2023en,bbeam1,step-profile-config1-bbeam1-gaokao2023en-exclusive0817,106,106,6,draft|draft_verify,77.29482650756836,59.374094009399414,0.0,252,20,228,6,0,0,1,1,0
gaokao2023en,bbeam1,step-profile-config1-bbeam1-gaokao2023en-exclusive0817,106,106,7,draft|draft_verify,73.96483421325684,59.63897705078125,0.0,272,19,249,7,0,0,1,1,0
gaokao2023en,bbeam1,step-profile-config1-bbeam1-gaokao2023en-exclusive0817,106,106,8,draft|draft_verify,96.79388999938965,76.21359825134277,0.0,291,25,276,8,0,0,1,1,0
gaokao2023en,bbeam1,step-profile-config1-bbeam1-gaokao2023en-exclusive0817,106,106,9,draft|draft_verify,27.936697006225586,76.52759552001953,0.0,316,7,285,9,0,0,1,1,0
gaokao2023en,bbeam1,step-profile-config1-bbeam1-gaokao2023en-exclusive0817,106,106,10,draft|draft_verify,78.34196090698242,77.61573791503906,0.0,323,20,307,10,0,0,1,1,0
gaokao2023en,bbeam1,step-profile-config1-bbeam1-gaokao2023en-exclusive0817,106,106,11,draft|draft_verify|target|target_rescue_verify,225.92997550964355,237.2303009033203,3537.555932998657,343,58,847,22,343,171,1,2,1
gaokao2023en,bbeam1,step-profile-config1-bbeam1-gaokao2023en-exclusive0817,106,106,12,draft|draft_verify,71.73681259155273,135.94627380371094,0.0,514,17,499,12,0,0,1,1,0
gaokao2023en,bbeam1,step-profile-config1-bbeam1-gaokao2023en-exclusive0817,106,106,13,draft|draft_verify,409.6343517303467,130.90205192565918,0.0,531,104,605,13,0,0,1,1,0
gaokao2023en,bbeam1,step-profile-config1-bbeam1-gaokao2023en-exclusive0817,106,106,14,draft|draft_verify,410.2783203125,153.6116600036621,0.0,635,104,711,14,0,0,1,1,0
gaokao2023en,bbeam1,step-profile-config1-bbeam1-gaokao2023en-exclusive0817,106,106,15,draft|draft_verify,95.0772762298584,153.7787914276123,0.0,739,24,737,15,0,0,1,1,0
gaokao2023en,bbeam1,step-profile-config1-bbeam1-gaokao2023en-exclusive0817,106,106,16,draft|draft_verify,48.90775680541992,153.11193466186523,0.0,763,11,750,16,0,0,1,1,0
gaokao2023en,bbeam1,step-profile-config1-bbeam1-gaokao2023en-exclusive0817,107,107,1,draft|draft_verify,198.45199584960938,29.803752899169922,0.0,121,52,119,1,0,0,1,1,0
gaokao2023en,bbeam1,step-profile-config1-bbeam1-gaokao2023en-exclusive0817,107,107,2,draft|draft_verify,316.2655830383301,59.4484806060791,0.0,173,85,206,2,0,0,1,1,0
gaokao2023en,bbeam1,step-profile-config1-bbeam1-gaokao2023en-exclusive0817,107,107,3,draft|draft_verify|target|target_rescue_verify,86.36856079101562,120.80740928649902,525.944709777832,258,22,460,6,258,22,1,2,1
gaokao2023en,bbeam1,step-profile-config1-bbeam1-gaokao2023en-exclusive0817,107,107,4,draft|draft_verify,41.01729393005371,60.51468849182129,0.0,280,10,242,4,0,0,1,1,0
gaokao2023en,bbeam1,step-profile-config1-bbeam1-gaokao2023en-exclusive0817,107,107,5,draft|draft_verify|target|backtracking_verify,188.96174430847168,153.6848545074463,994.016170501709,290,48,584,10,290,48,1,2,1
gaokao2023en,bbeam1,step-profile-config1-bbeam1-gaokao2023en-exclusive0817,107,107,6,draft|draft_verify|target|target_rescue_verify,567.0876502990723,392.8370475769043,3546.5967655181885,676,144,1493,24,676,173,2,4,2
gaokao2023en,bbeam1,step-profile-config1-bbeam1-gaokao2023en-exclusive0817,107,107,7,draft|draft_verify|target|target_rescue_verify,324.89728927612305,496.80256843566895,1029.5488834381104,849,83,1661,28,849,48,2,4,2
gaokao2023en,bbeam1,step-profile-config1-bbeam1-gaokao2023en-exclusive0817,107,107,8,draft|draft_verify,86.75122261047363,124.00412559509277,0.0,449,22,431,8,0,0,1,1,0
gaokao2023en,bbeam1,step-profile-config1-bbeam1-gaokao2023en-exclusive0817,107,107,9,draft|draft_verify,74.09930229187012,125.07963180541992,0.0,471,19,452,9,0,0,1,1,0
gaokao2023en,bbeam1,step-profile-config1-bbeam1-gaokao2023en-exclusive0817,107,107,10,draft|draft_verify,58.77065658569336,126.47747993469238,0.0,490,15,469,10,0,0,1,1,0
gaokao2023en,bbeam1,step-profile-config1-bbeam1-gaokao2023en-exclusive0817,107,107,11,draft|draft_verify,62.305450439453125,141.78729057312012,0.0,505,16,487,11,0,0,1,1,0
gaokao2023en,bbeam1,step-profile-config1-bbeam1-gaokao2023en-exclusive0817,107,107,12,draft|draft_verify,101.25279426574707,125.98705291748047,0.0,521,26,515,12,0,0,1,1,0
gaokao2023en,bbeam1,step-profile-config1-bbeam1-gaokao2023en-exclusive0817,107,107,13,draft|draft_verify,133.32462310791016,126.91354751586914,0.0,547,30,547,13,0,0,1,1,0
gaokao2023en,bbeam1,step-profile-config1-bbeam1-gaokao2023en-exclusive0817,107,107,14,draft|draft_verify,328.05752754211426,130.9359073638916,0.0,577,85,634,14,0,0,1,1,0
gaokao2023en,bbeam1,step-profile-config1-bbeam1-gaokao2023en-exclusive0817,107,107,15,draft|draft_verify,21.544933319091797,149.86681938171387,0.0,662,5,641,15,0,0,1,1,0
gaokao2023en,bbeam1,step-profile-config1-bbeam1-gaokao2023en-exclusive0817,107,107,16,draft|draft_verify,43.97392272949219,149.93524551391602,0.0,667,10,653,16,0,0,1,1,0
gaokao2023en,bbeam1,step-profile-config1-bbeam1-gaokao2023en-exclusive0817,108,108,1,draft|draft_verify,68.94350051879883,49.29351806640625,0.0,176,18,140,1,0,0,1,1,0
gaokao2023en,bbeam1,step-profile-config1-bbeam1-gaokao2023en-exclusive0817,108,108,2,draft|draft_verify,270.4966068267822,58.94136428833008,0.0,194,73,215,2,0,0,1,1,0
gaokao2023en,bbeam1,step-profile-config1-bbeam1-gaokao2023en-exclusive0817,108,108,3,draft|draft_verify,265.55848121643066,75.9119987487793,0.0,267,69,286,3,0,0,1,1,0
gaokao2023en,bbeam1,step-profile-config1-bbeam1-gaokao2023en-exclusive0817,108,108,4,draft|draft_verify,268.08691024780273,91.77637100219727,0.0,336,69,357,4,0,0,1,1,0
gaokao2023en,bbeam1,step-profile-config1-bbeam1-gaokao2023en-exclusive0817,108,108,5,draft|draft_verify,142.61484146118164,124.08709526062012,0.0,405,37,396,5,0,0,1,1,0
gaokao2023en,bbeam1,step-profile-config1-bbeam1-gaokao2023en-exclusive0817,108,108,6,draft|draft_verify|target|target_rescue_verify,1803.0073642730713,335.54911613464355,2422.947645187378,442,457,1366,12,442,113,1,2,1
gaokao2023en,bbeam1,step-profile-config1-bbeam1-gaokao2023en-exclusive0817,108,108,7,draft|draft_verify,504.78482246398926,151.99708938598633,0.0,555,130,643,7,0,0,1,1,0
gaokao2023en,bbeam1,step-profile-config1-bbeam1-gaokao2023en-exclusive0817,108,108,8,draft|draft_verify,525.238037109375,173.3095645904541,0.0,685,136,781,8,0,0,1,1,0
gaokao2023en,bbeam1,step-profile-config1-bbeam1-gaokao2023en-exclusive0817,108,108,9,draft|draft_verify,528.1276702880859,198.93693923950195,0.0,821,132,915,9,0,0,1,1,0
gaokao2023en,bbeam1,step-profile-config1-bbeam1-gaokao2023en-exclusive0817,108,108,10,draft|draft_verify,518.1519985198975,228.01780700683594,0.0,953,129,1046,10,0,0,1,1,0
gaokao2023en,bbeam1,step-profile-config1-bbeam1-gaokao2023en-exclusive0817,108,108,11,draft|draft_verify,559.8568916320801,255.6469440460205,0.0,1082,138,1186,11,0,0,1,1,0
gaokao2023en,bbeam1,step-profile-config1-bbeam1-gaokao2023en-exclusive0817,108,108,12,draft|draft_verify|target|target_rescue_verify,493.1955337524414,624.5925426483154,7217.991352081299,1220,123,2849,24,1220,350,1,2,1
gaokao2023en,bbeam1,step-profile-config1-bbeam1-gaokao2023en-exclusive0817,108,108,13,draft|draft_verify,68.42565536499023,329.0443420410156,0.0,1570,14,1554,13,0,0,1,1,0
gaokao2023en,bbeam1,step-profile-config1-bbeam1-gaokao2023en-exclusive0817,109,109,1,draft|draft_verify,378.831148147583,60.63246726989746,0.0,180,97,223,1,0,0,1,1,0
gaokao2023en,bbeam1,step-profile-config1-bbeam1-gaokao2023en-exclusive0817,109,109,2,draft|draft_verify|target|target_rescue_verify,94.33388710021973,120.5294132232666,613.8882637023926,277,23,500,4,277,27,1,2,1
gaokao2023en,bbeam1,step-profile-config1-bbeam1-gaokao2023en-exclusive0817,109,109,3,draft|draft_verify,45.972585678100586,75.79803466796875,0.0,304,11,265,3,0,0,1,1,0
gaokao2023en,bbeam1,step-profile-config1-bbeam1-gaokao2023en-exclusive0817,109,109,4,draft|draft_verify,133.74805450439453,75.83856582641602,0.0,315,33,300,4,0,0,1,1,0
gaokao2023en,bbeam1,step-profile-config1-bbeam1-gaokao2023en-exclusive0817,109,109,5,draft|draft_verify,36.887407302856445,76.62439346313477,0.0,348,9,311,5,0,0,1,1,0
gaokao2023en,bbeam1,step-profile-config1-bbeam1-gaokao2023en-exclusive0817,109,109,6,draft|draft_verify,145.40958404541016,91.10617637634277,0.0,357,36,349,6,0,0,1,1,0
gaokao2023en,bbeam1,step-profile-config1-bbeam1-gaokao2023en-exclusive0817,109,109,7,draft|draft_verify,33.19525718688965,91.70222282409668,0.0,393,8,359,7,0,0,1,1,0
gaokao2023en,bbeam1,step-profile-config1-bbeam1-gaokao2023en-exclusive0817,109,109,8,draft|draft_verify,291.4080619812012,125.40888786315918,0.0,401,73,434,8,0,0,1,1,0
gaokao2023en,bbeam1,step-profile-config1-bbeam1-gaokao2023en-exclusive0817,109,109,9,draft|draft_verify,56.87379837036133,125.10323524475098,0.0,474,14,450,9,0,0,1,1,0
gaokao2023en,bbeam1,step-profile-config1-bbeam1-gaokao2023en-exclusive0817,109,109,10,draft|draft_verify,82.33261108398438,125.61297416687012,0.0,488,20,472,10,0,0,1,1,0
gaokao2023en,bbeam1,step-profile-config1-bbeam1-gaokao2023en-exclusive0817,109,109,11,draft|draft_verify|target|target_rescue_verify,314.7721290588379,268.7110900878906,286.00192070007324,508,78,1036,22,508,10,1,2,1
gaokao2023en,bbeam1,step-profile-config1-bbeam1-gaokao2023en-exclusive0817,109,109,12,draft|draft_verify|target|target_rescue_verify,66.3900375366211,270.57623863220215,414.780855178833,518,16,1007,24,518,19,1,2,1
gaokao2023en,bbeam1,step-profile-config1-bbeam1-gaokao2023en-exclusive0817,109,109,13,draft|draft_verify,240.68260192871094,127.81071662902832,0.0,537,60,567,13,0,0,1,1,0
gaokao2023en,bbeam1,step-profile-config1-bbeam1-gaokao2023en-exclusive0817,109,109,14,draft|draft_verify,180.57799339294434,131.331205368042,0.0,597,45,614,14,0,0,1,1,0
gaokao2023en,bbeam1,step-profile-config1-bbeam1-gaokao2023en-exclusive0817,109,109,15,draft|draft_verify,41.96977615356445,131.24990463256836,0.0,642,10,626,15,0,0,1,1,0
gaokao2023en,bbeam1,step-profile-config1-bbeam1-gaokao2023en-exclusive0817,109,109,16,draft|draft_verify,170.17769813537598,151.8242359161377,0.0,652,42,670,16,0,0,1,1,0
gaokao2023en,bbeam1,step-profile-config1-bbeam1-gaokao2023en-exclusive0817,109,109,17,draft|draft_verify|target|target_rescue_verify,337.9697799682617,313.42172622680664,555.6802749633789,694,84,1452,34,694,24,1,2,1
gaokao2023en,bbeam1,step-profile-config1-bbeam1-gaokao2023en-exclusive0817,109,109,18,draft|draft_verify,492.4612045288086,174.6499538421631,0.0,718,123,821,18,0,0,1,1,0
gaokao2023en,bbeam1,step-profile-config1-bbeam1-gaokao2023en-exclusive0817,109,109,19,draft|draft_verify,90.24858474731445,176.23329162597656,0.0,841,23,846,19,0,0,1,1,0
gaokao2023en,bbeam1,step-profile-config1-bbeam1-gaokao2023en-exclusive0817,109,109,20,draft|draft_verify|target|target_rescue_verify,273.27871322631836,399.16181564331055,1217.59033203125,864,68,1821,40,864,57,1,2,1
gaokao2023en,bbeam1,step-profile-config1-bbeam1-gaokao2023en-exclusive0817,109,109,21,draft|draft_verify,360.5985641479492,200.73318481445312,0.0,921,89,996,21,0,0,1,1,0
gaokao2023en,bbeam1,step-profile-config1-bbeam1-gaokao2023en-exclusive0817,109,109,22,draft|draft_verify,422.374963760376,228.91616821289062,0.0,1010,97,1095,22,0,0,1,1,0
gaokao2023en,bbeam1,step-profile-config1-bbeam1-gaokao2023en-exclusive0817,109,109,23,draft|draft_verify,237.3943328857422,230.1795482635498,0.0,1107,54,1151,23,0,0,1,1,0
gaokao2023en,bbeam1,step-profile-config1-bbeam1-gaokao2023en-exclusive0817,109,109,24,draft|draft_verify|target|target_rescue_verify,326.73192024230957,523.4992504119873,2223.9561080932617,1161,83,2495,48,1161,106,1,2,1
gaokao2023en,bbeam1,step-profile-config1-bbeam1-gaokao2023en-exclusive0817,109,109,25,draft|draft_verify,96.60959243774414,271.1918354034424,0.0,1267,23,1284,25,0,0,1,1,0
gaokao2023en,bbeam1,step-profile-config1-bbeam1-gaokao2023en-exclusive0817,109,109,26,draft|draft_verify|target|target_rescue_verify,42.1597957611084,551.6719818115234,698.9583969116211,1290,9,2614,52,1290,33,1,2,1
gaokao2023en,bbeam1,step-profile-config1-bbeam1-gaokao2023en-exclusive0817,109,109,27,draft|draft_verify,32.22250938415527,273.88572692871094,0.0,1323,7,1328,27,0,0,1,1,0
gaokao2023en,bbeam1,step-profile-config1-bbeam1-gaokao2023en-exclusive0817,109,109,28,draft|draft_verify,46.68474197387695,276.5522003173828,0.0,1330,10,1340,28,0,0,1,1,0
gaokao2023en,bbeam1,step-profile-config1-bbeam1-gaokao2023en-exclusive0817,110,110,1,draft|draft_verify,167.15574264526367,29.59895133972168,0.0,88,45,79,1,0,0,1,1,0
gaokao2023en,bbeam1,step-profile-config1-bbeam1-gaokao2023en-exclusive0817,110,110,2,draft|draft_verify,118.5297966003418,29.555320739746094,0.0,133,32,113,2,0,0,1,1,0
gaokao2023en,bbeam1,step-profile-config1-bbeam1-gaokao2023en-exclusive0817,110,110,3,draft|draft_verify,147.93133735656738,49.599647521972656,0.0,165,40,155,3,0,0,1,1,0
gaokao2023en,bbeam1,step-profile-config1-bbeam1-gaokao2023en-exclusive0817,110,110,4,draft|draft_verify|target|target_rescue_verify,318.4528350830078,125.92577934265137,1397.2783088684082,205,83,463,8,205,66,1,2,1
gaokao2023en,bbeam1,step-profile-config1-bbeam1-gaokao2023en-exclusive0817,110,110,5,draft|draft_verify,41.60952568054199,66.50376319885254,0.0,271,10,235,5,0,0,1,1,0
gaokao2023en,bbeam1,step-profile-config1-bbeam1-gaokao2023en-exclusive0817,110,110,6,draft|draft_verify|target|target_rescue_verify,459.5468044281006,257.2131156921387,8494.61579322815,281,116,1012,12,281,422,1,2,1
gaokao2023en,bbeam1,step-profile-config1-bbeam1-gaokao2023en-exclusive0817,110,110,7,draft|draft_verify,158.78653526306152,151.7195701599121,0.0,703,40,701,7,0,0,1,1,0
gaokao2023en,bbeam1,step-profile-config1-bbeam1-gaokao2023en-exclusive0817,110,110,8,draft|draft_verify|target|target_rescue_verify,275.4945755004883,320.95980644226074,1159.142017364502,743,73,1535,16,743,56,1,2,1
gaokao2023en,bbeam1,step-profile-config1-bbeam1-gaokao2023en-exclusive0817,110,110,9,draft|draft_verify,271.84033393859863,181.2458038330078,0.0,799,71,832,9,0,0,1,1,0
gaokao2023en,bbeam1,step-profile-config1-bbeam1-gaokao2023en-exclusive0817,110,110,10,draft|draft_verify,255.57708740234375,198.81081581115723,0.0,870,67,901,10,0,0,1,1,0
gaokao2023en,bbeam1,step-profile-config1-bbeam1-gaokao2023en-exclusive0817,110,110,11,draft|draft_verify,41.4891242980957,198.00806045532227,0.0,937,10,913,11,0,0,1,1,0
gaokao2023en,bbeam1,step-profile-config1-bbeam1-gaokao2023en-exclusive0817,110,110,12,draft|draft_verify,63.92359733581543,198.91810417175293,0.0,947,15,930,12,0,0,1,1,0
gaokao2023en,bbeam1,step-profile-config1-bbeam1-gaokao2023en-exclusive0817,111,111,1,draft|draft_verify,375.1499652862549,59.426069259643555,0.0,159,101,206,1,0,0,1,1,0
gaokao2023en,bbeam1,step-profile-config1-bbeam1-gaokao2023en-exclusive0817,111,111,2,draft|draft_verify|target|backtracking_verify,156.75997734069824,121.51622772216797,849.2624759674072,260,41,498,4,260,41,1,2,1
gaokao2023en,bbeam1,step-profile-config1-bbeam1-gaokao2023en-exclusive0817,111,111,3,draft|draft_verify|target|target_rescue_verify,460.12163162231445,358.7942123413086,3191.7521953582764,602,120,1276,12,602,152,2,4,2
gaokao2023en,bbeam1,step-profile-config1-bbeam1-gaokao2023en-exclusive0817,111,111,4,draft|draft_verify|target|target_rescue_verify,968.9230918884277,469.67005729675293,1789.4504070281982,754,244,1646,16,754,86,2,4,2
gaokao2023en,bbeam1,step-profile-config1-bbeam1-gaokao2023en-exclusive0817,111,111,5,draft|draft_verify|target|target_rescue_verify,959.0976238250732,557.3921203613281,4199.19228553772,840,239,1941,20,840,206,2,4,2
gaokao2023en,bbeam1,step-profile-config1-bbeam1-gaokao2023en-exclusive0817,111,111,6,draft|draft_verify,354.278564453125,127.21061706542969,0.0,513,93,562,6,0,0,1,1,0
gaokao2023en,bbeam1,step-profile-config1-bbeam1-gaokao2023en-exclusive0817,111,111,7,draft|draft_verify|target|backtracking_verify,356.522798538208,285.54272651672363,1320.9633827209473,606,93,1285,14,606,64,1,2,1
gaokao2023en,bbeam1,step-profile-config1-bbeam1-gaokao2023en-exclusive0817,111,111,8,draft|draft_verify|target|backtracking_verify,354.42090034484863,327.50582695007324,1904.7141075134277,699,93,1504,16,699,93,1,2,1
gaokao2023en,bbeam1,step-profile-config1-bbeam1-gaokao2023en-exclusive0817,111,111,9,draft|draft_verify|target|target_rescue_verify,552.7777671813965,697.333812713623,3037.7981662750244,1584,144,3304,36,1584,144,2,4,2
gaokao2023en,bbeam1,step-profile-config1-bbeam1-gaokao2023en-exclusive0817,111,111,10,draft|draft_verify|target|target_rescue_verify,584.7842693328857,812.110185623169,5421.449899673462,1728,152,3730,40,1728,266,2,4,2
gaokao2023en,bbeam1,step-profile-config1-bbeam1-gaokao2023en-exclusive0817,111,111,11,draft|draft_verify,73.77839088439941,200.24466514587402,0.0,997,17,980,11,0,0,1,1,0
gaokao2023en,bbeam1,step-profile-config1-bbeam1-gaokao2023en-exclusive0817,112,112,1,draft|draft_verify,129.3356418609619,20.972490310668945,0.0,83,35,64,1,0,0,1,1,0
gaokao2023en,bbeam1,step-profile-config1-bbeam1-gaokao2023en-exclusive0817,112,112,2,draft|draft_verify,187.29281425476074,29.730796813964844,0.0,118,51,117,2,0,0,1,1,0
gaokao2023en,bbeam1,step-profile-config1-bbeam1-gaokao2023en-exclusive0817,112,112,3,draft|draft_verify,176.18870735168457,50.20904541015625,0.0,169,48,167,3,0,0,1,1,0
gaokao2023en,bbeam1,step-profile-config1-bbeam1-gaokao2023en-exclusive0817,112,112,4,draft|draft_verify,148.18286895751953,58.568716049194336,0.0,217,40,209,4,0,0,1,1,0
gaokao2023en,bbeam1,step-profile-config1-bbeam1-gaokao2023en-exclusive0817,112,112,5,draft|draft_verify,93.42122077941895,59.28397178649902,0.0,257,23,234,5,0,0,1,1,0
gaokao2023en,bbeam1,step-profile-config1-bbeam1-gaokao2023en-exclusive0817,113,113,1,draft|draft_verify,99.5931625366211,19.855260848999023,0.0,74,27,47,1,0,0,1,1,0
gaokao2023en,bbeam1,step-profile-config1-bbeam1-gaokao2023en-exclusive0817,113,113,2,draft|draft_verify,145.91693878173828,28.307676315307617,0.0,101,40,89,2,0,0,1,1,0
gaokao2023en,bbeam1,step-profile-config1-bbeam1-gaokao2023en-exclusive0817,113,113,3,draft|draft_verify,101.99427604675293,29.259443283081055,0.0,141,28,119,3,0,0,1,1,0
gaokao2023en,bbeam1,step-profile-config1-bbeam1-gaokao2023en-exclusive0817,113,113,4,draft|draft_verify,214.1430377960205,49.91650581359863,0.0,169,59,180,4,0,0,1,1,0
gaokao2023en,bbeam1,step-profile-config1-bbeam1-gaokao2023en-exclusive0817,113,113,5,draft|draft_verify,95.52359580993652,59.010982513427734,0.0,228,25,207,5,0,0,1,1,0
gaokao2023en,bbeam1,step-profile-config1-bbeam1-gaokao2023en-exclusive0817,114,114,1,draft|draft_verify,360.1410388946533,49.903154373168945,0.0,92,99,137,1,0,0,1,1,0
gaokao2023en,bbeam1,step-profile-config1-bbeam1-gaokao2023en-exclusive0817,114,114,2,draft|draft_verify,132.0493221282959,55.077314376831055,0.0,191,36,175,2,0,0,1,1,0
gaokao2023en,bbeam1,step-profile-config1-bbeam1-gaokao2023en-exclusive0817,114,114,3,draft|draft_verify,26.709556579589844,56.18476867675781,0.0,227,7,184,3,0,0,1,1,0
gaokao2023en,bbeam1,step-profile-config1-bbeam1-gaokao2023en-exclusive0817,114,114,4,draft|draft_verify,171.68831825256348,59.09371376037598,0.0,234,45,231,4,0,0,1,1,0
gaokao2023en,bbeam1,step-profile-config1-bbeam1-gaokao2023en-exclusive0817,114,114,5,draft|draft_verify,89.6291732788086,59.13257598876953,0.0,279,22,255,5,0,0,1,1,0
gaokao2023en,bbeam1,step-profile-config1-bbeam1-gaokao2023en-exclusive0817,115,115,1,draft|draft_verify,90.06214141845703,30.19237518310547,0.0,105,22,73,1,0,0,1,1,0
gaokao2023en,bbeam1,step-profile-config1-bbeam1-gaokao2023en-exclusive0817,115,115,2,draft|draft_verify,154.1590690612793,29.392480850219727,0.0,127,42,117,2,0,0,1,1,0
gaokao2023en,bbeam1,step-profile-config1-bbeam1-gaokao2023en-exclusive0817,115,115,3,draft|draft_verify,26.333332061767578,29.87837791442871,0.0,169,7,126,3,0,0,1,1,0
gaokao2023en,bbeam1,step-profile-config1-bbeam1-gaokao2023en-exclusive0817,115,115,4,draft|draft_verify,362.96701431274414,59.0057373046875,0.0,176,95,223,4,0,0,1,1,0
gaokao2023en,bbeam1,step-profile-config1-bbeam1-gaokao2023en-exclusive0817,115,115,5,draft|draft_verify,92.52738952636719,59.73172187805176,0.0,271,23,248,5,0,0,1,1,0
gaokao2023en,bbeam1,step-profile-config1-bbeam1-gaokao2023en-exclusive0817,116,116,1,draft|draft_verify,52.14881896972656,19.771099090576172,0.0,77,14,37,1,0,0,1,1,0
gaokao2023en,bbeam1,step-profile-config1-bbeam1-gaokao2023en-exclusive0817,116,116,2,draft|draft_verify,117.87748336791992,33.20574760437012,0.0,91,31,70,2,0,0,1,1,0
gaokao2023en,bbeam1,step-profile-config1-bbeam1-gaokao2023en-exclusive0817,116,116,3,draft|draft_verify,178.21907997131348,33.7519645690918,0.0,122,47,119,3,0,0,1,1,0
gaokao2023en,bbeam1,step-profile-config1-bbeam1-gaokao2023en-exclusive0817,116,116,4,draft|draft_verify,155.6105613708496,55.825233459472656,0.0,169,39,160,4,0,0,1,1,0
gaokao2023en,bbeam1,step-profile-config1-bbeam1-gaokao2023en-exclusive0817,116,116,5,draft|draft_verify,26.660919189453125,55.70411682128906,0.0,208,7,169,5,0,0,1,1,0
gaokao2023en,bbeam1,step-profile-config1-bbeam1-gaokao2023en-exclusive0817,116,116,6,draft|draft_verify,117.05350875854492,66.73908233642578,0.0,215,32,203,6,0,0,1,1,0
gaokao2023en,bbeam1,step-profile-config1-bbeam1-gaokao2023en-exclusive0817,116,116,7,draft|draft_verify,89.85090255737305,66.44392013549805,0.0,247,23,228,7,0,0,1,1,0
gaokao2023en,bbeam1,step-profile-config1-bbeam1-gaokao2023en-exclusive0817,116,116,8,draft|draft_verify,40.04168510437012,63.30299377441406,0.0,270,10,240,8,0,0,1,1,0
gaokao2023en,bbeam1,step-profile-config1-bbeam1-gaokao2023en-exclusive0817,116,116,9,draft|draft_verify,76.9188404083252,79.71835136413574,0.0,280,19,261,9,0,0,1,1,0
gaokao2023en,bbeam1,step-profile-config1-bbeam1-gaokao2023en-exclusive0817,117,117,1,draft|draft_verify,95.76630592346191,29.417037963867188,0.0,101,26,73,1,0,0,1,1,0
gaokao2023en,bbeam1,step-profile-config1-bbeam1-gaokao2023en-exclusive0817,117,117,2,draft|draft_verify|target|target_rescue_verify,230.89599609375,79.64062690734863,932.6143264770508,127,64,258,4,127,44,1,2,1
gaokao2023en,bbeam1,step-profile-config1-bbeam1-gaokao2023en-exclusive0817,117,117,3,draft|draft_verify|target|target_rescue_verify,232.12146759033203,113.97528648376465,971.1506366729736,171,60,349,6,171,47,1,2,1
gaokao2023en,bbeam1,step-profile-config1-bbeam1-gaokao2023en-exclusive0817,117,117,4,draft|draft_verify|target|target_rescue_verify,562.1466636657715,153.2001495361328,892.5065994262695,218,142,525,8,218,43,1,2,1
gaokao2023en,bbeam1,step-profile-config1-bbeam1-gaokao2023en-exclusive0817,117,117,5,draft|draft_verify,485.0425720214844,101.33528709411621,0.0,261,123,338,5,0,0,1,1,0
gaokao2023en,bbeam1,step-profile-config1-bbeam1-gaokao2023en-exclusive0817,117,117,6,draft|draft_verify,131.32071495056152,92.19527244567871,0.0,384,34,374,6,0,0,1,1,0
gaokao2023en,bbeam1,step-profile-config1-bbeam1-gaokao2023en-exclusive0817,117,117,7,draft|draft_verify,100.23760795593262,123.63672256469727,0.0,418,25,401,7,0,0,1,1,0
gaokao2023en,bbeam1,step-profile-config1-bbeam1-gaokao2023en-exclusive0817,118,118,1,draft|draft_verify|target|target_rescue_verify,401.61895751953125,80.05905151367188,696.0716247558594,95,102,217,2,95,33,1,2,1
gaokao2023en,bbeam1,step-profile-config1-bbeam1-gaokao2023en-exclusive0817,118,118,2,draft|draft_verify,113.22641372680664,28.931379318237305,0.0,128,30,106,2,0,0,1,1,0
gaokao2023en,bbeam1,step-profile-config1-bbeam1-gaokao2023en-exclusive0817,118,118,3,draft|draft_verify,139.9517059326172,49.071550369262695,0.0,158,38,146,3,0,0,1,1,0
gaokao2023en,bbeam1,step-profile-config1-bbeam1-gaokao2023en-exclusive0817,118,118,4,draft|draft_verify,278.78665924072266,66.39456748962402,0.0,196,75,223,4,0,0,1,1,0
gaokao2023en,bbeam1,step-profile-config1-bbeam1-gaokao2023en-exclusive0817,118,118,5,draft|draft_verify,69.67520713806152,64.60428237915039,0.0,271,17,242,5,0,0,1,1,0
gaokao2023en,bbeam1,step-profile-config1-bbeam1-gaokao2023en-exclusive0817,119,119,1,draft|draft_verify,169.8925495147705,29.48594093322754,0.0,84,45,75,1,0,0,1,1,0
gaokao2023en,bbeam1,step-profile-config1-bbeam1-gaokao2023en-exclusive0817,119,119,2,draft|draft_verify,222.95022010803223,45.52960395812988,0.0,129,58,135,2,0,0,1,1,0
gaokao2023en,bbeam1,step-profile-config1-bbeam1-gaokao2023en-exclusive0817,119,119,3,draft|draft_verify,246.23990058898926,58.74800682067871,0.0,187,65,202,3,0,0,1,1,0
gaokao2023en,bbeam1,step-profile-config1-bbeam1-gaokao2023en-exclusive0817,119,119,4,draft|draft_verify,264.542818069458,75.80304145812988,0.0,252,65,269,4,0,0,1,1,0
gaokao2023en,bbeam1,step-profile-config1-bbeam1-gaokao2023en-exclusive0817,119,119,5,draft|draft_verify,192.9316520690918,76.5233039855957,0.0,317,47,318,5,0,0,1,1,0
gaokao2023en,bbeam1,step-profile-config1-bbeam1-gaokao2023en-exclusive0817,120,120,1,draft|draft_verify,140.52772521972656,21.141767501831055,0.0,78,36,60,1,0,0,1,1,0
gaokao2023en,bbeam1,step-profile-config1-bbeam1-gaokao2023en-exclusive0817,120,120,2,draft|draft_verify,393.5225009918213,56.798458099365234,0.0,114,101,163,2,0,0,1,1,0
gaokao2023en,bbeam1,step-profile-config1-bbeam1-gaokao2023en-exclusive0817,120,120,3,draft|draft_verify|target|target_rescue_verify,187.71719932556152,133.32104682922363,1514.2574310302734,215,51,453,6,215,72,1,2,1
gaokao2023en,bbeam1,step-profile-config1-bbeam1-gaokao2023en-exclusive0817,120,120,4,draft|draft_verify|target|target_rescue_verify,210.5541229248047,174.15690422058105,495.55063247680664,287,54,555,8,287,23,1,2,1
gaokao2023en,bbeam1,step-profile-config1-bbeam1-gaokao2023en-exclusive0817,120,120,5,draft|draft_verify,94.2833423614502,81.42590522766113,0.0,310,22,286,5,0,0,1,1,0
gaokao2023en,bbeam1,step-profile-config1-bbeam1-gaokao2023en-exclusive0817,121,121,1,draft|draft_verify,198.25482368469238,32.285451889038086,0.0,105,53,104,1,0,0,1,1,0
gaokao2023en,bbeam1,step-profile-config1-bbeam1-gaokao2023en-exclusive0817,121,121,2,draft|draft_verify,181.03694915771484,53.272247314453125,0.0,158,49,155,2,0,0,1,1,0
gaokao2023en,bbeam1,step-profile-config1-bbeam1-gaokao2023en-exclusive0817,121,121,3,draft|draft_verify,184.11564826965332,63.22216987609863,0.0,207,49,206,3,0,0,1,1,0
gaokao2023en,bbeam1,step-profile-config1-bbeam1-gaokao2023en-exclusive0817,121,121,4,draft|draft_verify,201.36713981628418,82.46231079101562,0.0,256,52,260,4,0,0,1,1,0
gaokao2023en,bbeam1,step-profile-config1-bbeam1-gaokao2023en-exclusive0817,121,121,5,draft|draft_verify,152.1017551422119,81.21466636657715,0.0,308,39,301,5,0,0,1,1,0
gaokao2023en,bbeam1,step-profile-config1-bbeam1-gaokao2023en-exclusive0817,121,121,6,draft|draft_verify,392.3799991607666,133.47840309143066,0.0,347,96,399,6,0,0,1,1,0
gaokao2023en,bbeam1,step-profile-config1-bbeam1-gaokao2023en-exclusive0817,121,121,7,draft|draft_verify,255.40590286254883,125.87833404541016,0.0,443,63,464,7,0,0,1,1,0
gaokao2023en,bbeam1,step-profile-config1-bbeam1-gaokao2023en-exclusive0817,121,121,8,draft|draft_verify,98.40679168701172,141.46924018859863,0.0,506,24,490,8,0,0,1,1,0
gaokao2023en,bbeam1,step-profile-config1-bbeam1-gaokao2023en-exclusive0817,122,122,1,draft|draft_verify,175.22239685058594,30.045747756958008,0.0,77,45,68,1,0,0,1,1,0
gaokao2023en,bbeam1,step-profile-config1-bbeam1-gaokao2023en-exclusive0817,122,122,2,draft|draft_verify,94.31242942810059,28.243303298950195,0.0,122,25,95,2,0,0,1,1,0
gaokao2023en,bbeam1,step-profile-config1-bbeam1-gaokao2023en-exclusive0817,122,122,3,draft|draft_verify,115.38028717041016,29.285669326782227,0.0,147,31,128,3,0,0,1,1,0
gaokao2023en,bbeam1,step-profile-config1-bbeam1-gaokao2023en-exclusive0817,122,122,4,draft|draft_verify,181.00309371948242,49.96299743652344,0.0,178,47,177,4,0,0,1,1,0
gaokao2023en,bbeam1,step-profile-config1-bbeam1-gaokao2023en-exclusive0817,122,122,5,draft|draft_verify,111.53054237365723,58.4406852722168,0.0,225,28,207,5,0,0,1,1,0
gaokao2023en,bbeam1,step-profile-config1-bbeam1-gaokao2023en-exclusive0817,122,122,6,draft|draft_verify,27.299880981445312,58.74371528625488,0.0,253,7,216,6,0,0,1,1,0
gaokao2023en,bbeam1,step-profile-config1-bbeam1-gaokao2023en-exclusive0817,122,122,7,draft|draft_verify|target|target_rescue_verify,204.26702499389648,135.33854484558105,387.76469230651855,260,51,501,14,260,15,1,2,1
gaokao2023en,bbeam1,step-profile-config1-bbeam1-gaokao2023en-exclusive0817,122,122,8,draft|draft_verify,250.7181167602539,77.16917991638184,0.0,275,63,297,8,0,0,1,1,0
gaokao2023en,bbeam1,step-profile-config1-bbeam1-gaokao2023en-exclusive0817,122,122,9,draft|draft_verify,166.23711585998535,92.17429161071777,0.0,338,43,342,9,0,0,1,1,0
gaokao2023en,bbeam1,step-profile-config1-bbeam1-gaokao2023en-exclusive0817,122,122,10,draft|draft_verify,82.2439193725586,91.99905395507812,0.0,381,21,365,10,0,0,1,1,0
gaokao2023en,bbeam1,step-profile-config1-bbeam1-gaokao2023en-exclusive0817,122,122,11,draft|draft_verify,58.99786949157715,92.43440628051758,0.0,402,15,381,11,0,0,1,1,0
gaokao2023en,bbeam1,step-profile-config1-bbeam1-gaokao2023en-exclusive0817,122,122,12,draft|draft_verify,247.64275550842285,124.3586540222168,0.0,417,62,445,12,0,0,1,1,0
gaokao2023en,bbeam1,step-profile-config1-bbeam1-gaokao2023en-exclusive0817,122,122,13,draft|draft_verify,174.29637908935547,142.16995239257812,0.0,479,43,490,13,0,0,1,1,0
gaokao2023en,bbeam1,step-profile-config1-bbeam1-gaokao2023en-exclusive0817,122,122,14,draft|draft_verify,82.24105834960938,125.76842308044434,0.0,522,21,513,14,0,0,1,1,0
gaokao2023en,bbeam1,step-profile-config1-bbeam1-gaokao2023en-exclusive0817,122,122,15,draft|draft_verify,118.78466606140137,127.22897529602051,0.0,543,30,545,15,0,0,1,1,0
gaokao2023en,bbeam1,step-profile-config1-bbeam1-gaokao2023en-exclusive0817,122,122,16,draft|draft_verify,72.80135154724121,128.84879112243652,0.0,573,17,564,16,0,0,1,1,0
gaokao2023en,bbeam1,step-profile-config1-bbeam1-gaokao2023en-exclusive0817,123,123,1,draft|draft_verify,213.7608528137207,30.61652183532715,0.0,117,58,121,1,0,0,1,1,0
gaokao2023en,bbeam1,step-profile-config1-bbeam1-gaokao2023en-exclusive0817,123,123,2,draft|draft_verify|target|target_rescue_verify,1388.092041015625,194.6864128112793,1252.9003620147705,175,352,657,4,175,59,1,2,1
gaokao2023en,bbeam1,step-profile-config1-bbeam1-gaokao2023en-exclusive0817,123,123,3,draft|draft_verify,524.2950916290283,87.0368480682373,0.0,234,130,314,3,0,0,1,1,0
gaokao2023en,bbeam1,step-profile-config1-bbeam1-gaokao2023en-exclusive0817,123,123,4,draft|draft_verify,140.02537727355957,97.16415405273438,0.0,364,35,351,4,0,0,1,1,0
gaokao2023en,bbeam1,step-profile-config1-bbeam1-gaokao2023en-exclusive0817,123,123,5,draft|draft_verify,136.08407974243164,123.52252006530762,0.0,399,34,387,5,0,0,1,1,0
gaokao2023en,bbeam1,step-profile-config1-bbeam1-gaokao2023en-exclusive0817,123,123,6,draft|draft_verify,96.94361686706543,124.5577335357666,0.0,433,20,409,6,0,0,1,1,0
gaokao2023en,bbeam1,step-profile-config1-bbeam1-gaokao2023en-exclusive0817,124,124,1,draft|draft_verify,128.71956825256348,49.640655517578125,0.0,178,34,158,1,0,0,1,1,0
gaokao2023en,bbeam1,step-profile-config1-bbeam1-gaokao2023en-exclusive0817,124,124,2,draft|draft_verify,170.4697608947754,58.40492248535156,0.0,212,44,204,2,0,0,1,1,0
gaokao2023en,bbeam1,step-profile-config1-bbeam1-gaokao2023en-exclusive0817,124,124,3,draft|draft_verify,46.02551460266113,59.22436714172363,0.0,256,11,217,3,0,0,1,1,0
gaokao2023en,bbeam1,step-profile-config1-bbeam1-gaokao2023en-exclusive0817,124,124,4,draft|draft_verify|target|target_rescue_verify,196.3210105895996,137.10618019104004,807.1129322052002,267,49,523,8,267,36,1,2,1
gaokao2023en,bbeam1,step-profile-config1-bbeam1-gaokao2023en-exclusive0817,124,124,5,draft|draft_verify|target|target_rescue_verify,247.62654304504395,163.22612762451172,733.5984706878662,303,61,609,10,303,35,1,2,1
gaokao2023en,bbeam1,step-profile-config1-bbeam1-gaokao2023en-exclusive0817,124,124,6,draft|draft_verify,139.70661163330078,102.21743583679199,0.0,338,34,327,6,0,0,1,1,0
gaokao2023en,bbeam1,step-profile-config1-bbeam1-gaokao2023en-exclusive0817,124,124,7,draft|draft_verify,74.49507713317871,96.86636924743652,0.0,372,18,347,7,0,0,1,1,0
gaokao2023en,bbeam1,step-profile-config1-bbeam1-gaokao2023en-exclusive0817,124,124,8,draft|draft_verify,67.0630931854248,92.4367904663086,0.0,390,16,365,8,0,0,1,1,0
gaokao2023en,bbeam1,step-profile-config1-bbeam1-gaokao2023en-exclusive0817,124,124,9,draft|draft_verify,77.84700393676758,123.73709678649902,0.0,406,19,386,9,0,0,1,1,0
gaokao2023en,bbeam1,step-profile-config1-bbeam1-gaokao2023en-exclusive0817,124,124,10,draft|draft_verify|target|target_rescue_verify,86.89141273498535,248.67534637451172,622.2221851348877,425,20,825,20,425,29,1,2,1
gaokao2023en,bbeam1,step-profile-config1-bbeam1-gaokao2023en-exclusive0817,124,124,11,draft|draft_verify|target|target_rescue_verify,66.51926040649414,249.79877471923828,590.6603336334229,454,16,882,22,454,28,1,2,1
gaokao2023en,bbeam1,step-profile-config1-bbeam1-gaokao2023en-exclusive0817,124,124,12,draft|draft_verify,90.09909629821777,125.7023811340332,0.0,482,21,470,12,0,0,1,1,0
gaokao2023en,bbeam1,step-profile-config1-bbeam1-gaokao2023en-exclusive0817,125,125,1,draft|draft_verify,115.57865142822266,29.77919578552246,0.0,144,30,120,1,0,0,1,1,0
gaokao2023en,bbeam1,step-profile-config1-bbeam1-gaokao2023en-exclusive0817,125,125,2,draft|draft_verify,210.31785011291504,49.79372024536133,0.0,174,56,178,2,0,0,1,1,0
gaokao2023en,bbeam1,step-profile-config1-bbeam1-gaokao2023en-exclusive0817,125,125,3,draft|draft_verify|target|target_rescue_verify,219.45881843566895,146.4381217956543,2235.4037761688232,230,57,525,6,230,108,1,2,1
gaokao2023en,bbeam1,step-profile-config1-bbeam1-gaokao2023en-exclusive0817,125,125,4,draft|draft_verify|target|target_rescue_verify,290.19975662231445,192.3961639404297,1316.309928894043,338,73,717,8,338,64,1,2,1
gaokao2023en,bbeam1,step-profile-config1-bbeam1-gaokao2023en-exclusive0817,125,125,5,draft|draft_verify|target|target_rescue_verify,396.2728977203369,252.2280216217041,1556.7123889923096,402,100,888,10,402,76,1,2,1
gaokao2023en,bbeam1,step-profile-config1-bbeam1-gaokao2023en-exclusive0817,125,125,6,draft|draft_verify,116.12415313720703,126.60551071166992,0.0,478,28,462,6,0,0,1,1,0
gaokao2023en,bbeam1,step-profile-config1-bbeam1-gaokao2023en-exclusive0817,126,126,1,draft|draft_verify,108.57510566711426,30.226945877075195,0.0,140,28,114,1,0,0,1,1,0
gaokao2023en,bbeam1,step-profile-config1-bbeam1-gaokao2023en-exclusive0817,126,126,2,draft|draft_verify,443.35150718688965,59.59439277648926,0.0,168,118,234,2,0,0,1,1,0
gaokao2023en,bbeam1,step-profile-config1-bbeam1-gaokao2023en-exclusive0817,126,126,3,draft|draft_verify,270.6298828125,76.16019248962402,0.0,286,71,307,3,0,0,1,1,0
gaokao2023en,bbeam1,step-profile-config1-bbeam1-gaokao2023en-exclusive0817,126,126,4,draft|draft_verify,443.10808181762695,124.77755546569824,0.0,357,115,424,4,0,0,1,1,0
gaokao2023en,bbeam1,step-profile-config1-bbeam1-gaokao2023en-exclusive0817,126,126,5,draft|draft_verify,319.53954696655273,135.62250137329102,0.0,472,84,510,5,0,0,1,1,0
gaokao2023en,bbeam1,step-profile-config1-bbeam1-gaokao2023en-exclusive0817,126,126,6,draft|draft_verify|target|target_rescue_verify,345.6733226776123,294.62361335754395,2791.672706604004,556,88,1243,12,556,131,1,2,1
gaokao2023en,bbeam1,step-profile-config1-bbeam1-gaokao2023en-exclusive0817,126,126,7,draft|draft_verify,106.25147819519043,151.66258811950684,0.0,687,26,671,7,0,0,1,1,0
gaokao2023en,bbeam1,step-profile-config1-bbeam1-gaokao2023en-exclusive0817,127,127,1,draft|draft_verify,217.2982692718506,30.388355255126953,0.0,100,58,104,1,0,0,1,1,0
gaokao2023en,bbeam1,step-profile-config1-bbeam1-gaokao2023en-exclusive0817,127,127,2,draft|draft_verify,188.17687034606934,49.495697021484375,0.0,158,51,157,2,0,0,1,1,0
gaokao2023en,bbeam1,step-profile-config1-bbeam1-gaokao2023en-exclusive0817,127,127,3,draft|draft_verify|target|target_rescue_verify,272.6004123687744,127.69913673400879,1745.0096607208252,209,72,474,6,209,84,1,2,1
gaokao2023en,bbeam1,step-profile-config1-bbeam1-gaokao2023en-exclusive0817,127,127,4,draft|draft_verify|target|target_rescue_verify,426.01513862609863,179.43501472473145,812.4306201934814,293,107,636,8,293,39,1,2,1
gaokao2023en,bbeam1,step-profile-config1-bbeam1-gaokao2023en-exclusive0817,127,127,5,draft|draft_verify,162.2152328491211,90.33870697021484,0.0,332,42,328,5,0,0,1,1,0
gaokao2023en,bbeam1,step-profile-config1-bbeam1-gaokao2023en-exclusive0817,127,127,6,draft|draft_verify,218.20759773254395,123.76904487609863,0.0,374,57,387,6,0,0,1,1,0
gaokao2023en,bbeam1,step-profile-config1-bbeam1-gaokao2023en-exclusive0817,127,127,7,draft|draft_verify|target|target_rescue_verify,420.9897518157959,261.2433433532715,407.64451026916504,431,111,906,14,431,17,1,2,1
gaokao2023en,bbeam1,step-profile-config1-bbeam1-gaokao2023en-exclusive0817,128,128,1,draft|draft_verify,247.816801071167,30.470848083496094,0.0,95,67,108,1,0,0,1,1,0
gaokao2023en,bbeam1,step-profile-config1-bbeam1-gaokao2023en-exclusive0817,128,128,2,draft|draft_verify,70.02496719360352,44.66557502746582,0.0,162,19,129,2,0,0,1,1,0
gaokao2023en,bbeam1,step-profile-config1-bbeam1-gaokao2023en-exclusive0817,128,128,3,draft|draft_verify,52.03127861022949,49.22842979431152,0.0,181,14,145,3,0,0,1,1,0
gaokao2023en,bbeam1,step-profile-config1-bbeam1-gaokao2023en-exclusive0817,128,128,4,draft|draft_verify,56.17785453796387,49.40986633300781,0.0,195,15,162,4,0,0,1,1,0
gaokao2023en,bbeam1,step-profile-config1-bbeam1-gaokao2023en-exclusive0817,128,128,5,draft|draft_verify,367.8467273712158,60.85395812988281,0.0,210,92,256,5,0,0,1,1,0
gaokao2023en,bbeam1,step-profile-config1-bbeam1-gaokao2023en-exclusive0817,128,128,6,draft|draft_verify,61.948299407958984,76.3559341430664,0.0,302,16,274,6,0,0,1,1,0
gaokao2023en,bbeam1,step-profile-config1-bbeam1-gaokao2023en-exclusive0817,128,128,7,draft|draft_verify,32.627105712890625,76.16734504699707,0.0,318,8,284,7,0,0,1,1,0
gaokao2023en,bbeam1,step-profile-config1-bbeam1-gaokao2023en-exclusive0817,128,128,8,draft|draft_verify,50.534725189208984,76.28178596496582,0.0,326,13,299,8,0,0,1,1,0
gaokao2023en,bbeam1,step-profile-config1-bbeam1-gaokao2023en-exclusive0817,128,128,9,draft|draft_verify,49.04675483703613,76.85446739196777,0.0,339,12,313,9,0,0,1,1,0
gaokao2023en,bbeam1,step-profile-config1-bbeam1-gaokao2023en-exclusive0817,128,128,10,draft|draft_verify,43.60795021057129,91.2168025970459,0.0,351,11,326,10,0,0,1,1,0
gaokao2023en,bbeam1,step-profile-config1-bbeam1-gaokao2023en-exclusive0817,128,128,11,draft|draft_verify,52.69193649291992,91.61615371704102,0.0,362,13,341,11,0,0,1,1,0
gaokao2023en,bbeam1,step-profile-config1-bbeam1-gaokao2023en-exclusive0817,128,128,12,draft|draft_verify,46.849966049194336,92.29564666748047,0.0,375,11,354,12,0,0,1,1,0
gaokao2023en,bbeam1,step-profile-config1-bbeam1-gaokao2023en-exclusive0817,129,129,1,draft|draft_verify,238.23976516723633,29.551982879638672,0.0,88,65,99,1,0,0,1,1,0
gaokao2023en,bbeam1,step-profile-config1-bbeam1-gaokao2023en-exclusive0817,129,129,2,draft|draft_verify|target|target_rescue_verify,1793.424367904663,207.49473571777344,2340.564012527466,153,446,762,4,153,114,1,2,1
gaokao2023en,bbeam1,step-profile-config1-bbeam1-gaokao2023en-exclusive0817,129,129,3,draft|draft_verify,514.664888381958,102.94342041015625,0.0,267,136,353,3,0,0,1,1,0
gaokao2023en,bbeam1,step-profile-config1-bbeam1-gaokao2023en-exclusive0817,129,129,4,draft|draft_verify,367.09141731262207,125.58436393737793,0.0,403,96,451,4,0,0,1,1,0
gaokao2023en,bbeam1,step-profile-config1-bbeam1-gaokao2023en-exclusive0817,129,129,5,draft|draft_verify,66.08414649963379,125.63753128051758,0.0,499,16,469,5,0,0,1,1,0
gaokao2023en,bbeam1,step-profile-config1-bbeam1-gaokao2023en-exclusive0817,130,130,1,draft|draft_verify,125.49996376037598,28.15866470336914,0.0,105,34,85,1,0,0,1,1,0
gaokao2023en,bbeam1,step-profile-config1-bbeam1-gaokao2023en-exclusive0817,130,130,2,draft|draft_verify|target|target_rescue_verify,293.6971187591553,96.36116027832031,914.6897792816162,139,75,292,4,139,43,1,2,1
gaokao2023en,bbeam1,step-profile-config1-bbeam1-gaokao2023en-exclusive0817,130,130,3,draft|draft_verify,72.23057746887207,49.7746467590332,0.0,182,17,149,3,0,0,1,1,0
gaokao2023en,bbeam1,step-profile-config1-bbeam1-gaokao2023en-exclusive0817,130,130,4,draft|draft_verify|target|target_rescue_verify,338.3822441101074,123.84343147277832,475.97646713256836,199,91,415,8,199,22,1,2,1
gaokao2023en,bbeam1,step-profile-config1-bbeam1-gaokao2023en-exclusive0817,130,130,5,draft|draft_verify|target|target_rescue_verify,169.93427276611328,155.01928329467773,1742.030143737793,221,38,473,10,221,85,1,2,1
gaokao2023en,bbeam1,step-profile-config1-bbeam1-gaokao2023en-exclusive0817,130,130,6,draft|draft_verify,331.67362213134766,97.20873832702637,0.0,306,87,349,6,0,0,1,1,0
gaokao2023en,bbeam1,step-profile-config1-bbeam1-gaokao2023en-exclusive0817,130,130,7,draft|draft_verify,96.0845947265625,92.2079086303711,0.0,393,24,375,7,0,0,1,1,0
gaokao2023en,bbeam1,step-profile-config1-bbeam1-gaokao2023en-exclusive0817,131,131,1,draft|draft_verify,268.76187324523926,29.712200164794922,0.0,81,73,100,1,0,0,1,1,0
gaokao2023en,bbeam1,step-profile-config1-bbeam1-gaokao2023en-exclusive0817,131,131,2,draft|draft_verify,107.02276229858398,44.85273361206055,0.0,154,29,131,2,0,0,1,1,0
gaokao2023en,bbeam1,step-profile-config1-bbeam1-gaokao2023en-exclusive0817,131,131,3,draft|draft_verify,110.98527908325195,49.44777488708496,0.0,183,30,163,3,0,0,1,1,0
gaokao2023en,bbeam1,step-profile-config1-bbeam1-gaokao2023en-exclusive0817,131,131,4,draft|draft_verify,107.62143135070801,58.418989181518555,0.0,213,29,194,4,0,0,1,1,0
gaokao2023en,bbeam1,step-profile-config1-bbeam1-gaokao2023en-exclusive0817,131,131,5,draft|draft_verify,380.74469566345215,76.36666297912598,0.0,242,98,294,5,0,0,1,1,0
gaokao2023en,bbeam1,step-profile-config1-bbeam1-gaokao2023en-exclusive0817,131,131,6,draft|draft_verify,51.187753677368164,76.84326171875,0.0,340,13,309,6,0,0,1,1,0
gaokao2023en,bbeam1,step-profile-config1-bbeam1-gaokao2023en-exclusive0817,131,131,7,draft|draft_verify,43.95437240600586,90.90590476989746,0.0,353,11,322,7,0,0,1,1,0
gaokao2023en,bbeam1,step-profile-config1-bbeam1-gaokao2023en-exclusive0817,131,131,8,draft|draft_verify,333.9202404022217,124.50313568115234,0.0,364,85,409,8,0,0,1,1,0
gaokao2023en,bbeam1,step-profile-config1-bbeam1-gaokao2023en-exclusive0817,131,131,9,draft|draft_verify,97.01704978942871,124.69291687011719,0.0,449,24,435,9,0,0,1,1,0
gaokao2023en,bbeam1,step-profile-config1-bbeam1-gaokao2023en-exclusive0817,132,132,1,draft|draft_verify,337.5709056854248,50.382375717163086,0.0,115,92,153,1,0,0,1,1,0
gaokao2023en,bbeam1,step-profile-config1-bbeam1-gaokao2023en-exclusive0817,132,132,2,draft|draft_verify,356.9209575653076,59.725284576416016,0.0,207,91,246,2,0,0,1,1,0
gaokao2023en,bbeam1,step-profile-config1-bbeam1-gaokao2023en-exclusive0817,132,132,3,draft|draft_verify,157.71842002868652,75.96158981323242,0.0,298,41,289,3,0,0,1,1,0
gaokao2023en,bbeam1,step-profile-config1-bbeam1-gaokao2023en-exclusive0817,132,132,4,draft|draft_verify,122.20954895019531,90.95287322998047,0.0,339,32,323,4,0,0,1,1,0
gaokao2023en,bbeam1,step-profile-config1-bbeam1-gaokao2023en-exclusive0817,132,132,5,draft|draft_verify,201.79486274719238,92.23294258117676,0.0,371,51,376,5,0,0,1,1,0
gaokao2023en,bbeam1,step-profile-config1-bbeam1-gaokao2023en-exclusive0817,132,132,6,draft|draft_verify,168.41363906860352,124.17840957641602,0.0,422,44,422,6,0,0,1,1,0
gaokao2023en,bbeam1,step-profile-config1-bbeam1-gaokao2023en-exclusive0817,132,132,7,draft|draft_verify,251.15561485290527,141.95609092712402,0.0,466,66,490,7,0,0,1,1,0
gaokao2023en,bbeam1,step-profile-config1-bbeam1-gaokao2023en-exclusive0817,132,132,8,draft|draft_verify,242.16055870056152,127.8843879699707,0.0,532,61,553,8,0,0,1,1,0
gaokao2023en,bbeam1,step-profile-config1-bbeam1-gaokao2023en-exclusive0817,132,132,9,draft|draft_verify,112.58316040039062,130.32054901123047,0.0,593,28,583,9,0,0,1,1,0
gaokao2023en,bbeam1,step-profile-config1-bbeam1-gaokao2023en-exclusive0817,133,133,1,draft|draft_verify,136.1081600189209,29.469966888427734,0.0,116,37,99,1,0,0,1,1,0
gaokao2023en,bbeam1,step-profile-config1-bbeam1-gaokao2023en-exclusive0817,133,133,2,draft|draft_verify|target|target_rescue_verify,338.2265567779541,114.7468090057373,1115.3090000152588,153,87,341,4,153,53,1,2,1
gaokao2023en,bbeam1,step-profile-config1-bbeam1-gaokao2023en-exclusive0817,133,133,3,draft|draft_verify|target|backtracking_verify,220.3655242919922,135.3302001953125,1569.1099166870117,206,59,446,6,206,77,1,2,1
gaokao2023en,bbeam1,step-profile-config1-bbeam1-gaokao2023en-exclusive0817,133,133,4,draft|draft_verify|target|target_rescue_verify,597.7132320404053,341.6783809661865,2341.315507888794,548,154,1167,16,548,113,2,4,2
gaokao2023en,bbeam1,step-profile-config1-bbeam1-gaokao2023en-exclusive0817,133,133,5,draft|draft_verify|target|target_rescue_verify,462.0332717895508,276.0617733001709,2360.633373260498,333,118,806,10,333,116,1,2,1
gaokao2023en,bbeam1,step-profile-config1-bbeam1-gaokao2023en-exclusive0817,133,133,6,draft|draft_verify,633.8663101196289,128.4797191619873,0.0,449,162,566,6,0,0,1,1,0
gaokao2023en,bbeam1,step-profile-config1-bbeam1-gaokao2023en-exclusive0817,133,133,7,draft|draft_verify|target|target_rescue_verify,253.584623336792,264.27388191223145,1068.3026313781738,611,67,1253,14,611,50,1,2,1
gaokao2023en,bbeam1,step-profile-config1-bbeam1-gaokao2023en-exclusive0817,133,133,8,draft|draft_verify|target|target_rescue_verify,254.88781929016113,312.2982978820801,1404.8993587493896,661,67,1375,16,661,68,1,2,1
gaokao2023en,bbeam1,step-profile-config1-bbeam1-gaokao2023en-exclusive0817,133,133,9,draft|draft_verify,82.02576637268066,152.27723121643066,0.0,729,20,710,9,0,0,1,1,0
gaokao2023en,bbeam1,step-profile-config1-bbeam1-gaokao2023en-exclusive0817,134,134,1,draft|draft_verify,161.07630729675293,28.325557708740234,0.0,91,44,81,1,0,0,1,1,0
gaokao2023en,bbeam1,step-profile-config1-bbeam1-gaokao2023en-exclusive0817,134,134,2,draft|draft_verify,167.283296585083,45.163631439208984,0.0,135,46,129,2,0,0,1,1,0
gaokao2023en,bbeam1,step-profile-config1-bbeam1-gaokao2023en-exclusive0817,134,134,3,draft|draft_verify,544.3704128265381,75.6690502166748,0.0,181,148,279,3,0,0,1,1,0
gaokao2023en,bbeam1,step-profile-config1-bbeam1-gaokao2023en-exclusive0817,134,134,4,draft|draft_verify,395.41006088256836,123.86727333068848,0.0,329,105,386,4,0,0,1,1,0
gaokao2023en,bbeam1,step-profile-config1-bbeam1-gaokao2023en-exclusive0817,134,134,5,draft|draft_verify,845.597505569458,140.4726505279541,0.0,434,220,608,5,0,0,1,1,0
gaokao2023en,bbeam1,step-profile-config1-bbeam1-gaokao2023en-exclusive0817,134,134,6,draft|draft_verify,96.45295143127441,136.25288009643555,0.0,654,23,633,6,0,0,1,1,0
gaokao2023en,bbeam1,step-profile-config1-bbeam1-gaokao2023en-exclusive0817,135,135,1,draft|draft_verify,93.9474105834961,28.998851776123047,0.0,120,25,91,1,0,0,1,1,0
gaokao2023en,bbeam1,step-profile-config1-bbeam1-gaokao2023en-exclusive0817,135,135,2,draft|draft_verify,193.67241859436035,49.66092109680176,0.0,145,48,141,2,0,0,1,1,0
gaokao2023en,bbeam1,step-profile-config1-bbeam1-gaokao2023en-exclusive0817,135,135,3,draft|draft_verify,45.45259475708008,49.096107482910156,0.0,193,12,155,3,0,0,1,1,0
gaokao2023en,bbeam1,step-profile-config1-bbeam1-gaokao2023en-exclusive0817,135,135,4,draft|draft_verify,181.0283660888672,59.49068069458008,0.0,205,48,205,4,0,0,1,1,0
gaokao2023en,bbeam1,step-profile-config1-bbeam1-gaokao2023en-exclusive0817,135,135,5,draft|draft_verify,43.45083236694336,59.310197830200195,0.0,253,11,218,5,0,0,1,1,0
gaokao2023en,bbeam1,step-profile-config1-bbeam1-gaokao2023en-exclusive0817,135,135,6,draft|draft_verify,215.32344818115234,76.04551315307617,0.0,264,54,274,6,0,0,1,1,0
gaokao2023en,bbeam1,step-profile-config1-bbeam1-gaokao2023en-exclusive0817,135,135,7,draft|draft_verify,414.86215591430664,92.49091148376465,0.0,318,108,384,7,0,0,1,1,0
gaokao2023en,bbeam1,step-profile-config1-bbeam1-gaokao2023en-exclusive0817,135,135,8,draft|draft_verify,612.1320724487305,127.42447853088379,0.0,426,156,542,8,0,0,1,1,0
gaokao2023en,bbeam1,step-profile-config1-bbeam1-gaokao2023en-exclusive0817,135,135,9,draft|draft_verify,375.4725456237793,151.54528617858887,0.0,582,97,641,9,0,0,1,1,0
gaokao2023en,bbeam1,step-profile-config1-bbeam1-gaokao2023en-exclusive0817,135,135,10,draft|draft_verify,1201.3981342315674,202.01849937438965,0.0,679,303,946,10,0,0,1,1,0
gaokao2023en,bbeam1,step-profile-config1-bbeam1-gaokao2023en-exclusive0817,135,135,11,draft|draft_verify,388.4317874908447,221.53019905090332,0.0,982,100,1048,11,0,0,1,1,0
gaokao2023en,bbeam1,step-profile-config1-bbeam1-gaokao2023en-exclusive0817,135,135,12,draft|draft_verify,230.06081581115723,229.0956974029541,0.0,1082,57,1107,12,0,0,1,1,0
gaokao2023en,bbeam1,step-profile-config1-bbeam1-gaokao2023en-exclusive0817,135,135,13,draft|draft_verify,89.50996398925781,229.40850257873535,0.0,1139,21,1130,13,0,0,1,1,0
gaokao2023en,bbeam1,step-profile-config1-bbeam1-gaokao2023en-exclusive0817,136,136,1,draft|draft_verify,208.6186408996582,30.44748306274414,0.0,114,55,115,1,0,0,1,1,0
gaokao2023en,bbeam1,step-profile-config1-bbeam1-gaokao2023en-exclusive0817,136,136,2,draft|draft_verify,201.2190818786621,49.999237060546875,0.0,169,54,171,2,0,0,1,1,0
gaokao2023en,bbeam1,step-profile-config1-bbeam1-gaokao2023en-exclusive0817,136,136,3,draft|draft_verify,223.85263442993164,59.80181694030762,0.0,223,58,231,3,0,0,1,1,0
gaokao2023en,bbeam1,step-profile-config1-bbeam1-gaokao2023en-exclusive0817,136,136,4,draft|draft_verify,211.17258071899414,75.74319839477539,0.0,281,54,287,4,0,0,1,1,0
gaokao2023en,bbeam1,step-profile-config1-bbeam1-gaokao2023en-exclusive0817,136,136,5,draft|draft_verify|target|target_rescue_verify,327.068567276001,235.18109321594238,2518.6660289764404,335,83,782,10,335,121,1,2,1
gaokao2023en,bbeam1,step-profile-config1-bbeam1-gaokao2023en-exclusive0817,136,136,6,draft|draft_verify,194.54407691955566,126.07264518737793,0.0,456,49,461,6,0,0,1,1,0
gaokao2023en,bbeam1,step-profile-config1-bbeam1-gaokao2023en-exclusive0817,136,136,7,draft|draft_verify|target|target_rescue_verify,595.4475402832031,270.07365226745605,1880.3355693817139,505,151,1169,14,505,92,1,2,1
gaokao2023en,bbeam1,step-profile-config1-bbeam1-gaokao2023en-exclusive0817,136,136,8,draft|draft_verify,215.7735824584961,130.7840347290039,0.0,597,53,610,8,0,0,1,1,0
gaokao2023en,bbeam1,step-profile-config1-bbeam1-gaokao2023en-exclusive0817,136,136,9,draft|draft_verify,673.724889755249,173.2776165008545,0.0,650,170,782,9,0,0,1,1,0
gaokao2023en,bbeam1,step-profile-config1-bbeam1-gaokao2023en-exclusive0817,136,136,10,draft|draft_verify,178.88545989990234,174.17025566101074,0.0,820,45,829,10,0,0,1,1,0
gaokao2023en,bbeam1,step-profile-config1-bbeam1-gaokao2023en-exclusive0817,136,136,11,draft|draft_verify,656.1973094940186,202.28004455566406,0.0,865,168,999,11,0,0,1,1,0
gaokao2023en,bbeam1,step-profile-config1-bbeam1-gaokao2023en-exclusive0817,136,136,12,draft|draft_verify,179.32629585266113,226.4692783355713,0.0,1033,46,1047,12,0,0,1,1,0
gaokao2023en,bbeam1,step-profile-config1-bbeam1-gaokao2023en-exclusive0817,137,137,1,draft|draft_verify,140.59162139892578,29.47378158569336,0.0,88,36,70,1,0,0,1,1,0
gaokao2023en,bbeam1,step-profile-config1-bbeam1-gaokao2023en-exclusive0817,137,137,2,draft|draft_verify,102.77533531188965,29.363393783569336,0.0,124,27,99,2,0,0,1,1,0
gaokao2023en,bbeam1,step-profile-config1-bbeam1-gaokao2023en-exclusive0817,137,137,3,draft|draft_verify,143.64981651306152,48.41470718383789,0.0,151,37,138,3,0,0,1,1,0
gaokao2023en,bbeam1,step-profile-config1-bbeam1-gaokao2023en-exclusive0817,137,137,4,draft|draft_verify,115.25583267211914,49.56698417663574,0.0,188,31,171,4,0,0,1,1,0
gaokao2023en,bbeam1,step-profile-config1-bbeam1-gaokao2023en-exclusive0817,137,137,5,draft|draft_verify,292.14024543762207,60.36972999572754,0.0,219,77,250,5,0,0,1,1,0
gaokao2023en,bbeam1,step-profile-config1-bbeam1-gaokao2023en-exclusive0817,137,137,6,draft|draft_verify,224.0884304046631,76.70140266418457,0.0,296,57,309,6,0,0,1,1,0
gaokao2023en,bbeam1,step-profile-config1-bbeam1-gaokao2023en-exclusive0817,137,137,7,draft|draft_verify,169.37518119812012,91.74394607543945,0.0,353,43,354,7,0,0,1,1,0
gaokao2023en,bbeam1,step-profile-config1-bbeam1-gaokao2023en-exclusive0817,137,137,8,draft|draft_verify,121.51789665222168,122.96104431152344,0.0,396,30,386,8,0,0,1,1,0
gaokao2023en,bbeam1,step-profile-config1-bbeam1-gaokao2023en-exclusive0817,137,137,9,draft|draft_verify,102.27274894714355,124.43327903747559,0.0,426,27,415,9,0,0,1,1,0
gaokao2023en,bbeam1,step-profile-config1-bbeam1-gaokao2023en-exclusive0817,137,137,10,draft|draft_verify,27.513742446899414,124.17101860046387,0.0,453,7,424,10,0,0,1,1,0
gaokao2023en,bbeam1,step-profile-config1-bbeam1-gaokao2023en-exclusive0817,137,137,11,draft|draft_verify,95.31116485595703,126.01804733276367,0.0,460,25,451,11,0,0,1,1,0
gaokao2023en,bbeam1,step-profile-config1-bbeam1-gaokao2023en-exclusive0817,137,137,12,draft|draft_verify|target|target_rescue_verify,336.40265464782715,266.8583393096924,1859.6694469451904,485,89,1080,24,485,85,1,2,1
gaokao2023en,bbeam1,step-profile-config1-bbeam1-gaokao2023en-exclusive0817,137,137,13,draft|draft_verify|target|target_rescue_verify,174.86214637756348,268.1872844696045,733.0996990203857,570,45,1160,26,570,35,1,2,1
gaokao2023en,bbeam1,step-profile-config1-bbeam1-gaokao2023en-exclusive0817,137,137,14,draft|draft_verify,59.83734130859375,128.9658546447754,0.0,605,15,592,14,0,0,1,1,0
gaokao2023en,bbeam1,step-profile-config1-bbeam1-gaokao2023en-exclusive0817,137,137,15,draft|draft_verify,280.54356575012207,153.03277969360352,0.0,620,69,663,15,0,0,1,1,0
gaokao2023en,bbeam1,step-profile-config1-bbeam1-gaokao2023en-exclusive0817,137,137,16,draft|draft_verify,46.640634536743164,151.54290199279785,0.0,689,11,676,16,0,0,1,1,0
gaokao2023en,bbeam1,step-profile-config1-bbeam1-gaokao2023en-exclusive0817,137,137,17,draft|draft_verify,120.0861930847168,153.36322784423828,0.0,700,31,709,17,0,0,1,1,0
gaokao2023en,bbeam1,step-profile-config1-bbeam1-gaokao2023en-exclusive0817,137,137,18,draft|draft_verify,36.58127784729004,159.00945663452148,0.0,731,9,720,18,0,0,1,1,0
gaokao2023en,bbeam1,step-profile-config1-bbeam1-gaokao2023en-exclusive0817,137,137,19,draft|draft_verify,55.26447296142578,154.76179122924805,0.0,740,13,735,19,0,0,1,1,0
gaokao2023en,bbeam1,step-profile-config1-bbeam1-gaokao2023en-exclusive0817,138,138,1,draft|draft_verify,403.6588668823242,60.538530349731445,0.0,148,111,205,1,0,0,1,1,0
gaokao2023en,bbeam1,step-profile-config1-bbeam1-gaokao2023en-exclusive0817,138,138,2,draft|draft_verify|target|target_rescue_verify,7965.69299697876,570.549726486206,1141.9663429260254,259,2049,2515,4,259,53,1,2,1
gaokao2023en,bbeam1,step-profile-config1-bbeam1-gaokao2023en-exclusive0817,138,138,3,draft|draft_verify,383.3580017089844,92.9253101348877,0.0,312,98,360,3,0,0,1,1,0
gaokao2023en,bbeam1,step-profile-config1-bbeam1-gaokao2023en-exclusive0817,138,138,4,draft|draft_verify|target|target_rescue_verify,469.6965217590332,306.5023422241211,2472.961187362671,410,118,963,8,410,121,1,2,1
gaokao2023en,bbeam1,step-profile-config1-bbeam1-gaokao2023en-exclusive0817,138,138,5,draft|draft_verify,289.3187999725342,127.4113655090332,0.0,531,76,561,5,0,0,1,1,0
gaokao2023en,bbeam1,step-profile-config1-bbeam1-gaokao2023en-exclusive0817,138,138,6,draft|draft_verify|target|target_rescue_verify,1170.184850692749,312.441349029541,1105.1836013793945,607,297,1475,12,607,52,1,2,1
gaokao2023en,bbeam1,step-profile-config1-bbeam1-gaokao2023en-exclusive0817,138,138,7,draft|draft_verify,607.6869964599609,174.8330593109131,0.0,659,160,777,7,0,0,1,1,0
gaokao2023en,bbeam1,step-profile-config1-bbeam1-gaokao2023en-exclusive0817,138,138,8,draft|draft_verify|target|target_rescue_verify,465.0259017944336,376.04522705078125,249.1471767425537,819,124,1691,16,819,9,1,2,1
gaokao2023en,bbeam1,step-profile-config1-bbeam1-gaokao2023en-exclusive0817,138,138,9,draft|draft_verify|target|target_rescue_verify,604.724645614624,403.9349555969238,3456.5539360046387,828,160,1910,18,828,170,1,2,1
gaokao2023en,bbeam1,step-profile-config1-bbeam1-gaokao2023en-exclusive0817,138,138,10,draft|draft_verify|target|target_rescue_verify,682.5218200683594,471.738338470459,3448.6536979675293,998,170,2264,20,998,170,1,2,1
gaokao2023en,bbeam1,step-profile-config1-bbeam1-gaokao2023en-exclusive0817,138,138,11,draft|draft_verify|target|target_rescue_verify,694.7269439697266,568.833589553833,3463.900327682495,1168,170,2608,22,1168,170,1,2,1
gaokao2023en,bbeam1,step-profile-config1-bbeam1-gaokao2023en-exclusive0817,138,138,12,draft|draft_verify,662.4295711517334,313.54451179504395,0.0,1338,170,1476,12,0,0,1,1,0
gaokao2023en,bbeam1,step-profile-config1-bbeam1-gaokao2023en-exclusive0817,138,138,13,draft|draft_verify|target|target_rescue_verify,650.5920886993408,672.6257801055908,3506.718158721924,1508,170,3296,26,1508,170,1,2,1
gaokao2023en,bbeam1,step-profile-config1-bbeam1-gaokao2023en-exclusive0817,138,138,14,draft|draft_verify,698.0433464050293,387.44187355041504,0.0,1678,170,1820,14,0,0,1,1,0
gaokao2023en,bbeam1,step-profile-config1-bbeam1-gaokao2023en-exclusive0817,138,138,15,draft|draft_verify,651.2813568115234,404.38318252563477,0.0,1848,170,1992,15,0,0,1,1,0
gaokao2023en,bbeam1,step-profile-config1-bbeam1-gaokao2023en-exclusive0817,138,138,16,draft|draft_verify,645.4710960388184,421.45657539367676,0.0,2018,170,2164,16,0,0,1,1,0
gaokao2023en,bbeam1,step-profile-config1-bbeam1-gaokao2023en-exclusive0817,139,139,1,draft|draft_verify,319.4739818572998,30.676841735839844,0.0,81,87,114,1,0,0,1,1,0
gaokao2023en,bbeam1,step-profile-config1-bbeam1-gaokao2023en-exclusive0817,139,139,2,draft|draft_verify,211.2102508544922,49.713134765625,0.0,168,58,174,2,0,0,1,1,0
gaokao2023en,bbeam1,step-profile-config1-bbeam1-gaokao2023en-exclusive0817,139,139,3,draft|draft_verify,954.6759128570557,128.49187850952148,0.0,226,252,428,3,0,0,1,1,0
gaokao2023en,bbeam1,step-profile-config1-bbeam1-gaokao2023en-exclusive0817,139,139,4,draft|draft_verify|target|target_rescue_verify,50.780534744262695,258.87537002563477,943.2957172393799,478,13,912,8,478,39,1,2,1
gaokao2023en,bbeam1,step-profile-config1-bbeam1-gaokao2023en-exclusive0817,139,139,5,draft|draft_verify,78.83024215698242,141.68691635131836,0.0,517,19,490,5,0,0,1,1,0
gaokao2023en,bbeam1,step-profile-config1-bbeam1-gaokao2023en-exclusive0817,140,140,1,draft|draft_verify|target|backtracking_verify,151.8416404724121,64.61238861083984,810.5628490447998,123,41,218,2,123,39,1,2,1
gaokao2023en,bbeam1,step-profile-config1-bbeam1-gaokao2023en-exclusive0817,140,140,2,draft|draft_verify|target|target_rescue_verify|backtracking_verify,493.19958686828613,238.7559413909912,3435.5216026306152,326,132,743,8,326,167,2,4,2
gaokao2023en,bbeam1,step-profile-config1-bbeam1-gaokao2023en-exclusive0817,140,140,3,draft|draft_verify|target|target_rescue_verify,572.7150440216064,308.21681022644043,4133.099794387817,439,153,1034,12,439,203,2,4,2
gaokao2023en,bbeam1,step-profile-config1-bbeam1-gaokao2023en-exclusive0817,140,140,4,draft|draft_verify|target|target_rescue_verify,384.3231201171875,197.82233238220215,1719.6521759033203,285,101,659,8,285,84,1,2,1
gaokao2023en,bbeam1,step-profile-config1-bbeam1-gaokao2023en-exclusive0817,140,140,5,draft|draft_verify|target|target_rescue_verify,495.1813220977783,265.4273509979248,4224.047660827637,369,130,985,10,369,209,1,2,1
gaokao2023en,bbeam1,step-profile-config1-bbeam1-gaokao2023en-exclusive0817,140,140,6,draft|draft_verify,240.9956455230713,129.84490394592285,0.0,578,60,594,6,0,0,1,1,0
gaokao2023en,bbeam1,step-profile-config1-bbeam1-gaokao2023en-exclusive0817,140,140,7,draft|draft_verify,67.03376770019531,130.14507293701172,0.0,638,16,612,7,0,0,1,1,0
gaokao2023en,bbeam1,step-profile-config1-bbeam1-gaokao2023en-exclusive0817,141,141,1,draft|draft_verify,96.73285484313965,29.314756393432617,0.0,101,26,73,1,0,0,1,1,0
gaokao2023en,bbeam1,step-profile-config1-bbeam1-gaokao2023en-exclusive0817,141,141,2,draft|draft_verify,55.29665946960449,28.472423553466797,0.0,127,15,90,2,0,0,1,1,0
gaokao2023en,bbeam1,step-profile-config1-bbeam1-gaokao2023en-exclusive0817,141,141,3,draft|draft_verify,153.07998657226562,44.54755783081055,0.0,142,42,134,3,0,0,1,1,0
gaokao2023en,bbeam1,step-profile-config1-bbeam1-gaokao2023en-exclusive0817,141,141,4,draft|draft_verify,146.09050750732422,49.910783767700195,0.0,184,40,176,4,0,0,1,1,0
gaokao2023en,bbeam1,step-profile-config1-bbeam1-gaokao2023en-exclusive0817,141,141,5,draft|draft_verify,62.60204315185547,58.13169479370117,0.0,224,17,195,5,0,0,1,1,0
gaokao2023en,bbeam1,step-profile-config1-bbeam1-gaokao2023en-exclusive0817,141,141,6,draft|draft_verify,170.00961303710938,59.01384353637695,0.0,241,45,242,6,0,0,1,1,0
gaokao2023en,bbeam1,step-profile-config1-bbeam1-gaokao2023en-exclusive0817,141,141,7,draft|draft_verify,208.9099884033203,76.98225975036621,0.0,286,55,299,7,0,0,1,1,0
gaokao2023en,bbeam1,step-profile-config1-bbeam1-gaokao2023en-exclusive0817,141,141,8,draft|draft_verify,179.75568771362305,92.28944778442383,0.0,341,45,346,8,0,0,1,1,0
gaokao2023en,bbeam1,step-profile-config1-bbeam1-gaokao2023en-exclusive0817,141,141,9,draft|draft_verify,182.89971351623535,140.4130458831787,0.0,386,48,396,9,0,0,1,1,0
gaokao2023en,bbeam1,step-profile-config1-bbeam1-gaokao2023en-exclusive0817,141,141,10,draft|draft_verify,177.59084701538086,124.10354614257812,0.0,434,46,444,10,0,0,1,1,0
gaokao2023en,bbeam1,step-profile-config1-bbeam1-gaokao2023en-exclusive0817,141,141,11,draft|draft_verify,77.74949073791504,125.54502487182617,0.0,480,19,465,11,0,0,1,1,0
gaokao2023en,bbeam1,step-profile-config1-bbeam1-gaokao2023en-exclusive0817,142,142,1,draft|draft_verify,72.92461395263672,30.0748348236084,0.0,107,19,72,1,0,0,1,1,0
gaokao2023en,bbeam1,step-profile-config1-bbeam1-gaokao2023en-exclusive0817,142,142,2,draft|draft_verify|target|target_rescue_verify,216.50958061218262,97.22781181335449,1211.988925933838,126,58,264,4,126,58,1,2,1
gaokao2023en,bbeam1,step-profile-config1-bbeam1-gaokao2023en-exclusive0817,142,142,3,draft|draft_verify,235.5360984802246,66.08200073242188,0.0,184,64,198,3,0,0,1,1,0
gaokao2023en,bbeam1,step-profile-config1-bbeam1-gaokao2023en-exclusive0817,142,142,4,draft|draft_verify|target|target_rescue_verify,252.23350524902344,172.37424850463867,1887.3286247253418,248,67,559,8,248,92,1,2,1
gaokao2023en,bbeam1,step-profile-config1-bbeam1-gaokao2023en-exclusive0817,142,142,5,draft|draft_verify,71.17223739624023,82.87262916564941,0.0,340,18,312,5,0,0,1,1,0
gaokao2023en,bbeam1,step-profile-config1-bbeam1-gaokao2023en-exclusive0817,142,142,6,draft|draft_verify,303.6806583404541,134.75275039672852,0.0,358,80,394,6,0,0,1,1,0
gaokao2023en,bbeam1,step-profile-config1-bbeam1-gaokao2023en-exclusive0817,142,142,7,draft|draft_verify,95.68214416503906,124.18842315673828,0.0,438,24,420,7,0,0,1,1,0
gaokao2023en,bbeam1,step-profile-config1-bbeam1-gaokao2023en-exclusive0817,143,143,1,draft|draft_verify,223.8166332244873,29.825448989868164,0.0,108,61,115,1,0,0,1,1,0
gaokao2023en,bbeam1,step-profile-config1-bbeam1-gaokao2023en-exclusive0817,143,143,2,draft|draft_verify|target|backtracking_verify,635.3552341461182,127.5789737701416,1219.9883460998535,169,169,462,4,169,59,1,2,1
gaokao2023en,bbeam1,step-profile-config1-bbeam1-gaokao2023en-exclusive0817,143,143,3,draft|draft_verify|target|target_rescue_verify,704.7700881958008,271.5432643890381,1930.1090240478516,566,180,1024,9,338,91,2,3,1
gaokao2023en,bbeam1,step-profile-config1-bbeam1-gaokao2023en-exclusive0817,143,143,4,draft|draft_verify|target|target_rescue_verify,367.88439750671387,274.25289154052734,2047.4052429199219,344,92,784,8,344,100,1,2,1
gaokao2023en,bbeam1,step-profile-config1-bbeam1-gaokao2023en-exclusive0817,143,143,5,draft|draft_verify|target|target_rescue_verify,213.78540992736816,252.81429290771484,1284.1389179229736,444,53,911,10,444,62,1,2,1
gaokao2023en,bbeam1,step-profile-config1-bbeam1-gaokao2023en-exclusive0817,143,143,6,draft|draft_verify|target|target_rescue_verify,160.53056716918945,273.44274520874023,937.6001358032227,506,38,1006,12,506,45,1,2,1
gaokao2023en,bbeam1,step-profile-config1-bbeam1-gaokao2023en-exclusive0817,143,143,7,draft|draft_verify,173.4917163848877,126.44290924072266,0.0,551,45,554,7,0,0,1,1,0
gaokao2023en,bbeam1,step-profile-config1-bbeam1-gaokao2023en-exclusive0817,143,143,8,draft|draft_verify,166.21160507202148,129.8518180847168,0.0,596,43,599,8,0,0,1,1,0
gaokao2023en,bbeam1,step-profile-config1-bbeam1-gaokao2023en-exclusive0817,143,143,9,draft|draft_verify,162.9941463470459,149.6884822845459,0.0,639,41,642,9,0,0,1,1,0
gaokao2023en,bbeam1,step-profile-config1-bbeam1-gaokao2023en-exclusive0817,143,143,10,draft|draft_verify|target|target_rescue_verify,161.057710647583,305.4828643798828,845.9410667419434,680,40,1367,20,680,39,1,2,1
gaokao2023en,bbeam1,step-profile-config1-bbeam1-gaokao2023en-exclusive0817,143,143,11,draft|draft_verify,152.04524993896484,153.2294750213623,0.0,719,39,724,11,0,0,1,1,0
gaokao2023en,bbeam1,step-profile-config1-bbeam1-gaokao2023en-exclusive0817,143,143,12,draft|draft_verify,151.16238594055176,153.8558006286621,0.0,758,39,765,12,0,0,1,1,0
gaokao2023en,bbeam1,step-profile-config1-bbeam1-gaokao2023en-exclusive0817,143,143,13,draft|draft_verify,226.5005111694336,173.63429069519043,0.0,797,59,826,13,0,0,1,1,0
gaokao2023en,bbeam1,step-profile-config1-bbeam1-gaokao2023en-exclusive0817,143,143,14,draft|draft_verify,44.54970359802246,173.61831665039062,0.0,856,10,838,14,0,0,1,1,0
gaokao2023en,bbeam1,step-profile-config1-bbeam1-gaokao2023en-exclusive0817,144,144,1,draft|draft_verify,118.75700950622559,49.38507080078125,0.0,170,31,147,1,0,0,1,1,0
gaokao2023en,bbeam1,step-profile-config1-bbeam1-gaokao2023en-exclusive0817,144,144,2,draft|draft_verify|target|target_rescue_verify,447.3991394042969,145.1406478881836,1011.253833770752,201,118,463,4,201,47,1,2,1
gaokao2023en,bbeam1,step-profile-config1-bbeam1-gaokao2023en-exclusive0817,144,144,3,draft|draft_verify|target|target_rescue_verify,151.3235569000244,154.0982723236084,1978.9707660675049,248,39,532,6,248,97,1,2,1
gaokao2023en,bbeam1,step-profile-config1-bbeam1-gaokao2023en-exclusive0817,144,144,4,draft|draft_verify|target|target_rescue_verify,376.5089511871338,274.0943431854248,1834.782600402832,345,90,774,8,345,90,1,2,1
gaokao2023en,bbeam1,step-profile-config1-bbeam1-gaokao2023en-exclusive0817,144,144,5,draft|draft_verify|target|target_rescue_verify,747.8246688842773,255.57208061218262,673.4294891357422,435,193,1003,10,435,32,1,2,1
gaokao2023en,bbeam1,step-profile-config1-bbeam1-gaokao2023en-exclusive0817,144,144,6,draft|draft_verify,161.2846851348877,125.69713592529297,0.0,467,42,465,6,0,0,1,1,0
gaokao2023en,bbeam1,step-profile-config1-bbeam1-gaokao2023en-exclusive0817,144,144,7,draft|draft_verify|target|target_rescue_verify,1458.618402481079,367.4643039703369,8446.989059448242,509,380,1733,14,509,419,1,2,1
gaokao2023en,bbeam1,step-profile-config1-bbeam1-gaokao2023en-exclusive0817,144,144,8,draft|draft_verify,418.51139068603516,201.33495330810547,0.0,928,106,994,8,0,0,1,1,0
gaokao2023en,bbeam1,step-profile-config1-bbeam1-gaokao2023en-exclusive0817,144,144,9,draft|draft_verify,417.172908782959,228.3647060394287,0.0,1034,106,1102,9,0,0,1,1,0
gaokao2023en,bbeam1,step-profile-config1-bbeam1-gaokao2023en-exclusive0817,144,144,10,draft|draft_verify,367.91110038757324,255.05304336547852,0.0,1140,95,1199,10,0,0,1,1,0
gaokao2023en,bbeam1,step-profile-config1-bbeam1-gaokao2023en-exclusive0817,144,144,11,draft|draft_verify,237.51592636108398,256.3505172729492,0.0,1235,61,1262,11,0,0,1,1,0
gaokao2023en,bbeam1,step-profile-config1-bbeam1-gaokao2023en-exclusive0817,144,144,12,draft|draft_verify,235.9163761138916,275.4669189453125,0.0,1296,61,1325,12,0,0,1,1,0
gaokao2023en,bbeam1,step-profile-config1-bbeam1-gaokao2023en-exclusive0817,144,144,13,draft|draft_verify,243.64185333251953,278.5205841064453,0.0,1357,61,1388,13,0,0,1,1,0
gaokao2023en,bbeam1,step-profile-config1-bbeam1-gaokao2023en-exclusive0817,144,144,14,draft|draft_verify,237.4262809753418,308.43400955200195,0.0,1418,61,1451,14,0,0,1,1,0
gaokao2023en,bbeam1,step-profile-config1-bbeam1-gaokao2023en-exclusive0817,144,144,15,draft|draft_verify,236.2844944000244,311.4640712738037,0.0,1479,61,1514,15,0,0,1,1,0
gaokao2023en,bbeam1,step-profile-config1-bbeam1-gaokao2023en-exclusive0817,144,144,16,draft|draft_verify,235.38708686828613,329.61344718933105,0.0,1540,61,1577,16,0,0,1,1,0
gaokao2023en,bbeam1,step-profile-config1-bbeam1-gaokao2023en-exclusive0817,144,144,17,draft|draft_verify,235.29815673828125,330.7032585144043,0.0,1601,61,1640,17,0,0,1,1,0
gaokao2023en,bbeam1,step-profile-config1-bbeam1-gaokao2023en-exclusive0817,144,144,18,draft|draft_verify,236.30499839782715,350.5837917327881,0.0,1662,61,1703,18,0,0,1,1,0
gaokao2023en,bbeam1,step-profile-config1-bbeam1-gaokao2023en-exclusive0817,144,144,19,draft|draft_verify,250.6728172302246,360.0420951843262,0.0,1723,61,1766,19,0,0,1,1,0
gaokao2023en,bbeam1,step-profile-config1-bbeam1-gaokao2023en-exclusive0817,144,144,20,draft|draft_verify,253.65805625915527,387.9208564758301,0.0,1784,61,1829,20,0,0,1,1,0
gaokao2023en,bbeam1,step-profile-config1-bbeam1-gaokao2023en-exclusive0817,144,144,21,draft|draft_verify,234.100341796875,391.68739318847656,0.0,1845,61,1892,21,0,0,1,1,0
gaokao2023en,bbeam1,step-profile-config1-bbeam1-gaokao2023en-exclusive0817,144,144,22,draft|draft_verify,234.39669609069824,401.5076160430908,0.0,1906,61,1955,22,0,0,1,1,0
gaokao2023en,bbeam1,step-profile-config1-bbeam1-gaokao2023en-exclusive0817,144,144,23,draft|draft_verify,236.84382438659668,403.9924144744873,0.0,1967,61,2018,23,0,0,1,1,0
gaokao2023en,bbeam1,step-profile-config1-bbeam1-gaokao2023en-exclusive0817,144,144,24,draft|draft_verify,249.4528293609619,432.7538013458252,0.0,2028,61,2081,24,0,0,1,1,0
gaokao2023en,bbeam1,step-profile-config1-bbeam1-gaokao2023en-exclusive0817,145,145,1,draft|draft_verify,660.6287956237793,77.59451866149902,0.0,145,172,263,1,0,0,1,1,0
gaokao2023en,bbeam1,step-profile-config1-bbeam1-gaokao2023en-exclusive0817,145,145,2,draft|draft_verify|target|target_rescue_verify,117.91372299194336,162.29724884033203,701.8914222717285,317,31,591,4,317,30,1,2,1
gaokao2023en,bbeam1,step-profile-config1-bbeam1-gaokao2023en-exclusive0817,145,145,3,draft|draft_verify,48.63309860229492,81.9854736328125,0.0,347,12,309,3,0,0,1,1,0
gaokao2023en,bbeam1,step-profile-config1-bbeam1-gaokao2023en-exclusive0817,145,145,4,draft|draft_verify,497.7686405181885,124.71389770507812,0.0,359,126,437,4,0,0,1,1,0
gaokao2023en,bbeam1,step-profile-config1-bbeam1-gaokao2023en-exclusive0817,145,145,5,draft|draft_verify,73.52995872497559,125.27346611022949,0.0,485,18,457,5,0,0,1,1,0
gaokao2023en,bbeam1,step-profile-config1-bbeam1-gaokao2023en-exclusive0817,146,146,1,draft|draft_verify|target|backtracking_verify,141.58296585083008,62.75224685668945,947.5786685943604,105,37,185,2,105,46,1,2,1
gaokao2023en,bbeam1,step-profile-config1-bbeam1-gaokao2023en-exclusive0817,146,146,2,draft|draft_verify|target|target_rescue_verify,621.0143566131592,222.09787368774414,3345.1812267303467,293,164,704,8,293,163,2,4,2
gaokao2023en,bbeam1,step-profile-config1-bbeam1-gaokao2023en-exclusive0817,146,146,3,draft|draft_verify,304.5806884765625,86.77411079406738,0.0,235,77,261,3,0,0,1,1,0
gaokao2023en,bbeam1,step-profile-config1-bbeam1-gaokao2023en-exclusive0817,146,146,4,draft|draft_verify|target|target_rescue_verify,269.0246105194092,241.58120155334473,5716.086149215698,312,68,877,8,312,283,1,2,1
gaokao2023en,bbeam1,step-profile-config1-bbeam1-gaokao2023en-exclusive0817,146,146,5,draft|draft_verify,222.23949432373047,140.0308609008789,0.0,595,51,599,5,0,0,1,1,0
gaokao2023en,bbeam1,step-profile-config1-bbeam1-gaokao2023en-exclusive0817,146,146,6,draft|draft_verify,151.1521339416504,133.06736946105957,0.0,646,35,636,6,0,0,1,1,0
gaokao2023en,bbeam1,step-profile-config1-bbeam1-gaokao2023en-exclusive0817,147,147,1,draft|draft_verify,122.83802032470703,29.976606369018555,0.0,115,31,93,1,0,0,1,1,0
gaokao2023en,bbeam1,step-profile-config1-bbeam1-gaokao2023en-exclusive0817,147,147,2,draft|draft_verify,656.2526226043701,77.69584655761719,0.0,146,167,262,2,0,0,1,1,0
gaokao2023en,bbeam1,step-profile-config1-bbeam1-gaokao2023en-exclusive0817,147,147,3,draft|draft_verify|target|target_rescue_verify,396.37088775634766,280.4439067840576,11699.443578720093,313,98,1204,6,313,578,1,2,1
gaokao2023en,bbeam1,step-profile-config1-bbeam1-gaokao2023en-exclusive0817,147,147,4,draft|draft_verify,382.16590881347656,199.64170455932617,0.0,891,93,937,4,0,0,1,1,0
gaokao2023en,bbeam1,step-profile-config1-bbeam1-gaokao2023en-exclusive0817,147,147,5,draft|draft_verify,87.00013160705566,199.6150016784668,0.0,984,20,959,5,0,0,1,1,0
gaokao2023en,bbeam1,step-profile-config1-bbeam1-gaokao2023en-exclusive0817,148,148,1,draft|draft_verify|target|target_rescue_verify,242.7074909210205,101.45854949951172,803.0681610107422,153,62,298,2,153,38,1,2,1
gaokao2023en,bbeam1,step-profile-config1-bbeam1-gaokao2023en-exclusive0817,148,148,2,draft|draft_verify|target|target_rescue_verify,330.3241729736328,127.71964073181152,1827.521800994873,191,85,452,4,191,89,1,2,1
gaokao2023en,bbeam1,step-profile-config1-bbeam1-gaokao2023en-exclusive0817,148,148,3,draft|draft_verify|target|target_rescue_verify,252.9747486114502,169.45242881774902,778.2318592071533,280,63,560,6,280,37,1,2,1
gaokao2023en,bbeam1,step-profile-config1-bbeam1-gaokao2023en-exclusive0817,148,148,4,draft|draft_verify,165.93623161315918,83.2064151763916,0.0,317,43,312,4,0,0,1,1,0
gaokao2023en,bbeam1,step-profile-config1-bbeam1-gaokao2023en-exclusive0817,148,148,5,draft|draft_verify,429.34441566467285,137.64667510986328,0.0,360,108,422,5,0,0,1,1,0
gaokao2023en,bbeam1,step-profile-config1-bbeam1-gaokao2023en-exclusive0817,148,148,6,draft|draft_verify|target|target_rescue_verify,742.3758506774902,292.6673889160156,1506.880283355713,468,183,1102,12,468,71,1,2,1
gaokao2023en,bbeam1,step-profile-config1-bbeam1-gaokao2023en-exclusive0817,148,148,7,draft|draft_verify,279.95944023132324,127.07138061523438,0.0,539,69,566,7,0,0,1,1,0
gaokao2023en,bbeam1,step-profile-config1-bbeam1-gaokao2023en-exclusive0817,148,148,8,draft|draft_verify,275.5775451660156,132.3068141937256,0.0,608,69,637,8,0,0,1,1,0
gaokao2023en,bbeam1,step-profile-config1-bbeam1-gaokao2023en-exclusive0817,148,148,9,draft|draft_verify,275.20012855529785,153.2745361328125,0.0,677,69,708,9,0,0,1,1,0
gaokao2023en,bbeam1,step-profile-config1-bbeam1-gaokao2023en-exclusive0817,148,148,10,draft|draft_verify,276.75580978393555,173.4781265258789,0.0,746,69,779,10,0,0,1,1,0
gaokao2023en,bbeam1,step-profile-config1-bbeam1-gaokao2023en-exclusive0817,148,148,11,draft|draft_verify,263.6382579803467,175.61864852905273,0.0,815,70,851,11,0,0,1,1,0
gaokao2023en,bbeam1,step-profile-config1-bbeam1-gaokao2023en-exclusive0817,148,148,12,draft|draft_verify|target|target_rescue_verify,1183.8040351867676,502.593994140625,6466.910839080811,885,294,2316,24,885,316,1,2,1
gaokao2023en,bbeam1,step-profile-config1-bbeam1-gaokao2023en-exclusive0817,148,148,13,draft|draft_verify,134.89580154418945,254.0872097015381,0.0,1201,32,1203,13,0,0,1,1,0
gaokao2023en,bbeam1,step-profile-config1-bbeam1-gaokao2023en-exclusive0817,149,149,1,draft|draft_verify,154.0372371673584,30.1210880279541,0.0,88,41,75,1,0,0,1,1,0
gaokao2023en,bbeam1,step-profile-config1-bbeam1-gaokao2023en-exclusive0817,149,149,2,draft|draft_verify,195.481538772583,45.62115669250488,0.0,129,53,130,2,0,0,1,1,0
gaokao2023en,bbeam1,step-profile-config1-bbeam1-gaokao2023en-exclusive0817,149,149,3,draft|draft_verify|target|target_rescue_verify,222.5658893585205,124.69887733459473,1483.907699584961,182,60,395,6,182,71,1,2,1
gaokao2023en,bbeam1,step-profile-config1-bbeam1-gaokao2023en-exclusive0817,149,149,4,draft|draft_verify,303.4493923187256,85.81018447875977,0.0,253,79,284,4,0,0,1,1,0
gaokao2023en,bbeam1,step-profile-config1-bbeam1-gaokao2023en-exclusive0817,149,149,5,draft|draft_verify,96.3139533996582,82.69667625427246,0.0,332,24,310,5,0,0,1,1,0
gaokao2023en,bbeam1,step-profile-config1-bbeam1-gaokao2023en-exclusive0817,150,150,1,draft|draft_verify,128.16619873046875,30.721187591552734,0.0,101,34,81,1,0,0,1,1,0
gaokao2023en,bbeam1,step-profile-config1-bbeam1-gaokao2023en-exclusive0817,150,150,2,draft|draft_verify,210.87265014648438,53.2991886138916,0.0,135,55,138,2,0,0,1,1,0
gaokao2023en,bbeam1,step-profile-config1-bbeam1-gaokao2023en-exclusive0817,150,150,3,draft|draft_verify,260.3886127471924,63.7357234954834,0.0,190,66,206,3,0,0,1,1,0
gaokao2023en,bbeam1,step-profile-config1-bbeam1-gaokao2023en-exclusive0817,150,150,4,draft|draft_verify,105.99708557128906,64.15200233459473,0.0,256,27,235,4,0,0,1,1,0
gaokao2023en,bbeam1,step-profile-config1-bbeam1-gaokao2023en-exclusive0817,150,150,5,draft|draft_verify,63.4920597076416,63.96365165710449,0.0,283,15,252,5,0,0,1,1,0
gaokao2023en,bbeam1,step-profile-config1-bbeam1-gaokao2023en-exclusive0817,151,151,1,draft|draft_verify,245.79334259033203,45.49574851989746,0.0,121,66,133,1,0,0,1,1,0
gaokao2023en,bbeam1,step-profile-config1-bbeam1-gaokao2023en-exclusive0817,151,151,2,draft|draft_verify|target|target_rescue_verify,8125.638961791992,625.9353160858154,6138.209581375122,187,2049,2621,4,187,303,1,2,1
gaokao2023en,bbeam1,step-profile-config1-bbeam1-gaokao2023en-exclusive0817,151,151,3,draft|draft_verify,85.01172065734863,125.3664493560791,0.0,490,20,460,3,0,0,1,1,0
gaokao2023en,bbeam1,step-profile-config1-bbeam1-gaokao2023en-exclusive0817,152,152,1,draft|draft_verify,324.08642768859863,49.926042556762695,0.0,137,81,164,1,0,0,1,1,0
gaokao2023en,bbeam1,step-profile-config1-bbeam1-gaokao2023en-exclusive0817,152,152,2,draft|draft_verify,307.54804611206055,59.427738189697266,0.0,218,71,237,2,0,0,1,1,0
gaokao2023en,bbeam1,step-profile-config1-bbeam1-gaokao2023en-exclusive0817,152,152,3,draft|draft_verify,311.9370937347412,76.70998573303223,0.0,289,71,310,3,0,0,1,1,0
gaokao2023en,bbeam1,step-profile-config1-bbeam1-gaokao2023en-exclusive0817,152,152,4,draft|draft_verify|target|target_rescue_verify,961.3254070281982,281.06141090393066,5537.443161010742,360,237,1132,8,360,271,1,2,1
gaokao2023en,bbeam1,step-profile-config1-bbeam1-gaokao2023en-exclusive0817,152,152,5,draft|draft_verify|target|backtracking_verify,283.3225727081299,339.24269676208496,3986.6950511932373,631,73,1440,10,631,197,1,2,1
gaokao2023en,bbeam1,step-profile-config1-bbeam1-gaokao2023en-exclusive0817,152,152,6,draft|draft_verify|target|target_rescue_verify,1294.9163913726807,532.5717926025391,1612.0662689208984,1532,340,2522,18,704,78,2,3,1
gaokao2023en,bbeam1,step-profile-config1-bbeam1-gaokao2023en-exclusive0817,152,152,7,draft|draft_verify|target|target_rescue_verify,821.3839530944824,845.8025455474854,9060.291528701782,1711,214,3915,28,1711,447,2,4,2
gaokao2023en,bbeam1,step-profile-config1-bbeam1-gaokao2023en-exclusive0817,152,152,8,draft|draft_verify,96.69017791748047,202.6071548461914,0.0,1023,23,1006,8,0,0,1,1,0
gaokao2023en,bbeam1,step-profile-config1-bbeam1-gaokao2023en-exclusive0817,153,153,1,draft|draft_verify,62.50309944152832,77.26478576660156,0.0,340,15,301,1,0,0,1,1,0
gaokao2023en,bbeam1,step-profile-config1-bbeam1-gaokao2023en-exclusive0817,153,153,2,draft|draft_verify|target|backtracking_verify,203.44042778015137,186.28430366516113,1357.5079441070557,355,53,725,4,355,66,1,2,1
gaokao2023en,bbeam1,step-profile-config1-bbeam1-gaokao2023en-exclusive0817,153,153,3,draft|draft_verify|target|target_rescue_verify,8028.470754623413,791.3694381713867,2788.5093688964844,829,2067,3286,9,408,133,2,3,1
gaokao2023en,bbeam1,step-profile-config1-bbeam1-gaokao2023en-exclusive0817,153,153,4,draft|draft_verify|target|target_rescue_verify,1406.348466873169,561.2225532531738,4683.013439178467,981,355,2350,16,981,229,2,4,2
gaokao2023en,bbeam1,step-profile-config1-bbeam1-gaokao2023en-exclusive0817,153,153,5,draft|draft_verify|target|target_rescue_verify,1013.0975246429443,594.1910743713379,4822.964191436768,1210,257,2724,20,1210,236,2,4,2
gaokao2023en,bbeam1,step-profile-config1-bbeam1-gaokao2023en-exclusive0817,153,153,6,draft|draft_verify|target|target_rescue_verify,38.666725158691406,356.9600582122803,8045.78423500061,660,9,1632,12,660,393,1,2,1
gaokao2023en,bbeam1,step-profile-config1-bbeam1-gaokao2023en-exclusive0817,153,153,7,draft|draft_verify,69.71955299377441,225.82411766052246,0.0,1053,16,1026,7,0,0,1,1,0
gaokao2023en,bbeam1,step-profile-config1-bbeam1-gaokao2023en-exclusive0817,153,153,8,draft|draft_verify,91.95518493652344,228.6059856414795,0.0,1069,23,1051,8,0,0,1,1,0
gaokao2023en,bbeam1,step-profile-config1-bbeam1-gaokao2023en-exclusive0817,153,153,9,draft|draft_verify,163.4984016418457,229.21419143676758,0.0,1092,41,1094,9,0,0,1,1,0
gaokao2023en,bbeam1,step-profile-config1-bbeam1-gaokao2023en-exclusive0817,153,153,10,draft|draft_verify|target|target_rescue_verify,93.36733818054199,459.57183837890625,514.0430927276611,1133,23,2238,20,1133,23,1,2,1
gaokao2023en,bbeam1,step-profile-config1-bbeam1-gaokao2023en-exclusive0817,153,153,11,draft|draft_verify,64.66197967529297,230.8199405670166,0.0,1156,16,1137,11,0,0,1,1,0
gaokao2023en,bbeam1,step-profile-config1-bbeam1-gaokao2023en-exclusive0817,153,153,12,draft|draft_verify|target|target_rescue_verify,151.92079544067383,502.95400619506836,620.2118396759033,1172,36,2343,24,1172,29,1,2,1
gaokao2023en,bbeam1,step-profile-config1-bbeam1-gaokao2023en-exclusive0817,153,153,13,draft|draft_verify,95.39461135864258,254.5454502105713,0.0,1201,23,1193,13,0,0,1,1,0
gaokao2023en,bbeam1,step-profile-config1-bbeam1-gaokao2023en-exclusive0817,153,153,14,draft|draft_verify,128.80253791809082,255.9823989868164,0.0,1224,32,1227,14,0,0,1,1,0
gaokao2023en,bbeam1,step-profile-config1-bbeam1-gaokao2023en-exclusive0817,153,153,15,draft|draft_verify,302.3946285247803,276.796817779541,0.0,1256,77,1306,15,0,0,1,1,0
gaokao2023en,bbeam1,step-profile-config1-bbeam1-gaokao2023en-exclusive0817,153,153,16,draft|draft_verify|target|target_rescue_verify,327.2387981414795,552.027702331543,477.4668216705322,1333,83,2719,32,1333,20,1,2,1
gaokao2023en,bbeam1,step-profile-config1-bbeam1-gaokao2023en-exclusive0817,153,153,17,draft|draft_verify,272.19128608703613,279.9222469329834,0.0,1353,68,1398,17,0,0,1,1,0
gaokao2023en,bbeam1,step-profile-config1-bbeam1-gaokao2023en-exclusive0817,153,153,18,draft|draft_verify,116.78075790405273,305.3097724914551,0.0,1421,29,1429,18,0,0,1,1,0
gaokao2023en,bbeam1,step-profile-config1-bbeam1-gaokao2023en-exclusive0817,153,153,19,draft|draft_verify,82.96489715576172,306.69498443603516,0.0,1450,19,1450,19,0,0,1,1,0
gaokao2023en,bbeam1,step-profile-config1-bbeam1-gaokao2023en-exclusive0817,154,154,1,draft|draft_verify|target|target_rescue_verify,236.64569854736328,108.62326622009277,1029.5870304107666,178,63,359,2,178,48,1,2,1
gaokao2023en,bbeam1,step-profile-config1-bbeam1-gaokao2023en-exclusive0817,154,154,2,draft|draft_verify|target|target_rescue_verify,218.79816055297852,154.39677238464355,2054.4252395629883,226,58,507,4,226,101,1,2,1
gaokao2023en,bbeam1,step-profile-config1-bbeam1-gaokao2023en-exclusive0817,154,154,3,draft|draft_verify|target|target_rescue_verify,666.1779880523682,279.6506881713867,2241.5859699249268,327,175,839,6,327,110,1,2,1
gaokao2023en,bbeam1,step-profile-config1-bbeam1-gaokao2023en-exclusive0817,154,154,4,draft|draft_verify,412.6889705657959,149.98745918273926,0.0,437,107,496,4,0,0,1,1,0
gaokao2023en,bbeam1,step-profile-config1-bbeam1-gaokao2023en-exclusive0817,154,154,5,draft|draft_verify|target|target_rescue_verify,947.2591876983643,342.7894115447998,6205.327272415161,544,248,1550,10,544,306,1,2,1
gaokao2023en,bbeam1,step-profile-config1-bbeam1-gaokao2023en-exclusive0817,154,154,6,draft|draft_verify|target|target_rescue_verify,793.2219505310059,418.76792907714844,2546.8225479125977,850,207,1944,12,850,125,1,2,1
gaokao2023en,bbeam1,step-profile-config1-bbeam1-gaokao2023en-exclusive0817,154,154,7,draft|draft_verify|target|target_rescue_verify,815.5312538146973,478.83129119873047,2172.5425720214844,975,214,2184,14,975,104,1,2,1
gaokao2023en,bbeam1,step-profile-config1-bbeam1-gaokao2023en-exclusive0817,154,154,8,draft|draft_verify|target|target_rescue_verify,666.2552356719971,528.8019180297852,2848.8643169403076,1079,172,2390,16,1079,140,1,2,1
gaokao2023en,bbeam1,step-profile-config1-bbeam1-gaokao2023en-exclusive0817,154,154,9,draft|draft_verify|target|backtracking_verify,276.3175964355469,553.7261962890625,4478.975772857666,1219,71,2654,18,1219,221,1,2,1
gaokao2023en,bbeam1,step-profile-config1-bbeam1-gaokao2023en-exclusive0817,154,154,10,draft|draft_verify|target|target_rescue_verify,532.1776866912842,574.3916034698486,3145.914316177368,1290,134,2796,20,1290,154,1,2,1
gaokao2023en,bbeam1,step-profile-config1-bbeam1-gaokao2023en-exclusive0817,154,154,11,draft|draft_verify,89.20621871948242,305.7210445404053,0.0,1444,20,1430,11,0,0,1,1,0
gaokao2023en,bbeam1,step-profile-config1-bbeam1-gaokao2023en-exclusive0817,155,155,1,draft|draft_verify|target|backtracking_verify,408.8265895843506,77.26097106933594,1658.8258743286133,78,109,238,2,78,81,1,2,1
gaokao2023en,bbeam1,step-profile-config1-bbeam1-gaokao2023en-exclusive0817,155,155,2,draft|draft_verify|target|target_rescue_verify,1022.4225521087646,247.44462966918945,2958.425760269165,346,263,888,8,346,142,2,4,2
gaokao2023en,bbeam1,step-profile-config1-bbeam1-gaokao2023en-exclusive0817,155,155,3,draft|draft_verify|target|target_rescue_verify|backtracking_verify,8067.613363265991,1156.0564041137695,42057.82341957092,488,2059,4923,12,488,2088,2,4,2
gaokao2023en,bbeam1,step-profile-config1-bbeam1-gaokao2023en-exclusive0817,155,155,4,draft|draft_verify|target|target_rescue_verify,526.0798931121826,308.9778423309326,565.5355453491211,697,133,1089,12,377,26,2,3,1
gaokao2023en,bbeam1,step-profile-config1-bbeam1-gaokao2023en-exclusive0817,155,155,5,draft|draft_verify|target|target_rescue_verify,783.9279174804688,419.27647590637207,6831.61473274231,800,199,1601,15,403,338,2,3,1
gaokao2023en,bbeam1,step-profile-config1-bbeam1-gaokao2023en-exclusive0817,155,155,6,draft|draft_verify|target|target_rescue_verify,1439.4419193267822,560.1043701171875,5330.309152603149,1214,365,2451,18,741,263,2,3,1
gaokao2023en,bbeam1,step-profile-config1-bbeam1-gaokao2023en-exclusive0817,155,155,7,draft|draft_verify|target|target_rescue_verify,672.6305484771729,600.764274597168,2494.123935699463,1502,173,2674,21,1004,122,2,3,1
gaokao2023en,bbeam1,step-profile-config1-bbeam1-gaokao2023en-exclusive0817,155,155,8,draft|draft_verify,275.2385139465332,130.10382652282715,0.0,568,73,599,8,0,0,1,1,0
gaokao2023en,bbeam1,step-profile-config1-bbeam1-gaokao2023en-exclusive0817,155,155,9,draft|draft_verify|target|backtracking_verify,135.4987621307373,285.2945327758789,914.2704010009766,641,35,1281,18,641,44,1,2,1
gaokao2023en,bbeam1,step-profile-config1-bbeam1-gaokao2023en-exclusive0817,155,155,10,draft|draft_verify|target|target_rescue_verify,1040.886640548706,688.0636215209961,5005.022048950195,1361,259,3067,40,1361,241,2,4,2
gaokao2023en,bbeam1,step-profile-config1-bbeam1-gaokao2023en-exclusive0817,155,155,11,draft|draft_verify|target|target_rescue_verify,406.9540500640869,369.2793846130371,2106.7159175872803,792,103,1714,22,792,103,1,2,1
gaokao2023en,bbeam1,step-profile-config1-bbeam1-gaokao2023en-exclusive0817,155,155,12,draft|draft_verify,407.2089195251465,200.32405853271484,0.0,895,101,959,12,0,0,1,1,0
gaokao2023en,bbeam1,step-profile-config1-bbeam1-gaokao2023en-exclusive0817,155,155,13,draft|draft_verify|target|target_rescue_verify,390.74206352233887,429.288387298584,612.3025417327881,996,101,2050,26,996,28,1,2,1
gaokao2023en,bbeam1,step-profile-config1-bbeam1-gaokao2023en-exclusive0817,155,155,14,draft|draft_verify|target|target_rescue_verify,94.39587593078613,425.37403106689453,861.168622970581,1024,24,2046,28,1024,41,1,2,1
gaokao2023en,bbeam1,step-profile-config1-bbeam1-gaokao2023en-exclusive0817,155,155,15,draft|draft_verify,39.868831634521484,226.26829147338867,0.0,1065,8,1042,15,0,0,1,1,0
gaokao2023en,bbeam1,step-profile-config1-bbeam1-gaokao2023en-exclusive0817,156,156,1,draft|draft_verify,162.03808784484863,30.47633171081543,0.0,111,43,100,1,0,0,1,1,0
gaokao2023en,bbeam1,step-profile-config1-bbeam1-gaokao2023en-exclusive0817,156,156,2,draft|draft_verify,207.25393295288086,50.82201957702637,0.0,154,54,155,2,0,0,1,1,0
gaokao2023en,bbeam1,step-profile-config1-bbeam1-gaokao2023en-exclusive0817,156,156,3,draft|draft_verify|target|target_rescue_verify,135.5593204498291,129.12750244140625,1891.951560974121,208,37,442,6,208,91,1,2,1
gaokao2023en,bbeam1,step-profile-config1-bbeam1-gaokao2023en-exclusive0817,156,156,4,draft|draft_verify|target|target_rescue_verify,1565.0970935821533,260.93387603759766,1724.670648574829,299,401,985,8,299,84,1,2,1
gaokao2023en,bbeam1,step-profile-config1-bbeam1-gaokao2023en-exclusive0817,156,156,5,draft|draft_verify,218.21999549865723,125.72526931762695,0.0,383,55,391,5,0,0,1,1,0
gaokao2023en,bbeam1,step-profile-config1-bbeam1-gaokao2023en-exclusive0817,156,156,6,draft|draft_verify,189.26215171813965,127.00223922729492,0.0,438,50,443,6,0,0,1,1,0
gaokao2023en,bbeam1,step-profile-config1-bbeam1-gaokao2023en-exclusive0817,156,156,7,draft|draft_verify,174.0405559539795,144.32573318481445,0.0,488,46,491,7,0,0,1,1,0
gaokao2023en,bbeam1,step-profile-config1-bbeam1-gaokao2023en-exclusive0817,156,156,8,draft|draft_verify,450.95300674438477,132.22789764404297,0.0,534,116,609,8,0,0,1,1,0
gaokao2023en,bbeam1,step-profile-config1-bbeam1-gaokao2023en-exclusive0817,156,156,9,draft|draft_verify,420.85933685302734,155.1036834716797,0.0,650,110,721,9,0,0,1,1,0
gaokao2023en,bbeam1,step-profile-config1-bbeam1-gaokao2023en-exclusive0817,156,156,10,draft|draft_verify,138.9753818511963,155.0142765045166,0.0,760,35,758,10,0,0,1,1,0
gaokao2023en,bbeam1,step-profile-config1-bbeam1-gaokao2023en-exclusive0817,156,156,11,draft|draft_verify,522.6626396179199,200.63328742980957,0.0,795,139,899,11,0,0,1,1,0
gaokao2023en,bbeam1,step-profile-config1-bbeam1-gaokao2023en-exclusive0817,156,156,12,draft|draft_verify,1403.1734466552734,253.0369758605957,0.0,934,371,1272,12,0,0,1,1,0
gaokao2023en,bbeam1,step-profile-config1-bbeam1-gaokao2023en-exclusive0817,156,156,13,draft|draft_verify,113.80267143249512,277.02808380126953,0.0,1305,28,1302,13,0,0,1,1,0
gaokao2023en,bbeam1,step-profile-config1-bbeam1-gaokao2023en-exclusive0817,157,157,1,draft|draft_verify,106.38689994812012,30.424833297729492,0.0,93,29,68,1,0,0,1,1,0
gaokao2023en,bbeam1,step-profile-config1-bbeam1-gaokao2023en-exclusive0817,157,157,2,draft|draft_verify,177.22582817077637,30.225038528442383,0.0,122,49,119,2,0,0,1,1,0
gaokao2023en,bbeam1,step-profile-config1-bbeam1-gaokao2023en-exclusive0817,157,157,3,draft|draft_verify|target|target_rescue_verify,445.8425045013428,148.0276584625244,2938.218832015991,171,121,506,6,171,143,1,2,1
gaokao2023en,bbeam1,step-profile-config1-bbeam1-gaokao2023en-exclusive0817,157,157,4,draft|draft_verify|target|target_rescue_verify,197.50690460205078,221.91786766052246,5633.476734161377,314,50,861,8,314,279,1,2,1
gaokao2023en,bbeam1,step-profile-config1-bbeam1-gaokao2023en-exclusive0817,157,157,5,draft|draft_verify|target|target_rescue_verify,248.83437156677246,264.2998695373535,1138.6139392852783,593,64,1213,10,593,55,1,2,1
gaokao2023en,bbeam1,step-profile-config1-bbeam1-gaokao2023en-exclusive0817,157,157,6,draft|draft_verify,120.91875076293945,132.18450546264648,0.0,648,30,634,6,0,0,1,1,0
gaokao2023en,bbeam1,step-profile-config1-bbeam1-gaokao2023en-exclusive0817,158,158,1,draft|draft_verify|target|target_rescue_verify,395.8158493041992,61.5534782409668,1209.4361782073975,70,108,199,2,70,59,1,2,1
gaokao2023en,bbeam1,step-profile-config1-bbeam1-gaokao2023en-exclusive0817,158,158,2,draft|draft_verify|target|target_rescue_verify,731.8873405456543,143.4497833251953,1659.1989994049072,129,190,424,4,129,81,1,2,1
gaokao2023en,bbeam1,step-profile-config1-bbeam1-gaokao2023en-exclusive0817,158,158,3,draft|draft_verify|target|target_rescue_verify,275.94876289367676,153.9018154144287,3102.0796298980713,210,74,547,6,210,153,1,2,1
gaokao2023en,bbeam1,step-profile-config1-bbeam1-gaokao2023en-exclusive0817,158,158,4,draft|draft_verify,118.94655227661133,101.94587707519531,0.0,363,30,345,4,0,0,1,1,0
gaokao2023en,bbeam1,step-profile-config1-bbeam1-gaokao2023en-exclusive0817,158,158,5,draft|draft_verify,214.80441093444824,124.24826622009277,0.0,393,56,403,5,0,0,1,1,0
gaokao2023en,bbeam1,step-profile-config1-bbeam1-gaokao2023en-exclusive0817,158,158,6,draft|draft_verify,229.017972946167,126.15799903869629,0.0,449,60,465,6,0,0,1,1,0
gaokao2023en,bbeam1,step-profile-config1-bbeam1-gaokao2023en-exclusive0817,158,158,7,draft|draft_verify,77.1479606628418,142.07911491394043,0.0,509,20,487,7,0,0,1,1,0
gaokao2023en,bbeam1,step-profile-config1-bbeam1-gaokao2023en-exclusive0817,158,158,8,draft|draft_verify,47.571659088134766,135.60175895690918,0.0,529,11,500,8,0,0,1,1,0
gaokao2023en,bbeam1,step-profile-config1-bbeam1-gaokao2023en-exclusive0817,159,159,1,draft|draft_verify,173.6314296722412,29.62660789489746,0.0,101,45,92,1,0,0,1,1,0
gaokao2023en,bbeam1,step-profile-config1-bbeam1-gaokao2023en-exclusive0817,159,159,2,draft|draft_verify,176.76639556884766,49.93629455566406,0.0,146,48,142,2,0,0,1,1,0
gaokao2023en,bbeam1,step-profile-config1-bbeam1-gaokao2023en-exclusive0817,159,159,3,draft|draft_verify|target|target_rescue_verify,402.54878997802734,128.62563133239746,1521.1946964263916,194,107,466,6,194,72,1,2,1
gaokao2023en,bbeam1,step-profile-config1-bbeam1-gaokao2023en-exclusive0817,159,159,4,draft|draft_verify|target|target_rescue_verify,254.56738471984863,169.30842399597168,1176.0447025299072,266,66,557,8,266,57,1,2,1
gaokao2023en,bbeam1,step-profile-config1-bbeam1-gaokao2023en-exclusive0817,159,159,5,draft|draft_verify|target|target_rescue_verify,503.0977725982666,275.56610107421875,2902.5702476501465,323,126,821,10,323,143,1,2,1
gaokao2023en,bbeam1,step-profile-config1-bbeam1-gaokao2023en-exclusive0817,159,159,6,draft|draft_verify,257.56096839904785,143.21398735046387,0.0,466,65,486,6,0,0,1,1,0
gaokao2023en,bbeam1,step-profile-config1-bbeam1-gaokao2023en-exclusive0817,159,159,7,draft|draft_verify|target|target_rescue_verify,264.115571975708,257.01069831848145,1488.6674880981445,531,66,1114,14,531,72,1,2,1
gaokao2023en,bbeam1,step-profile-config1-bbeam1-gaokao2023en-exclusive0817,159,159,8,draft|draft_verify,91.13669395446777,129.48369979858398,0.0,603,22,584,8,0,0,1,1,0
gaokao2023en,bbeam1,step-profile-config1-bbeam1-gaokao2023en-exclusive0817,160,160,1,draft|draft_verify,209.92565155029297,30.10272979736328,0.0,105,57,108,1,0,0,1,1,0
gaokao2023en,bbeam1,step-profile-config1-bbeam1-gaokao2023en-exclusive0817,160,160,2,draft|draft_verify|target|backtracking_verify,157.2122573852539,106.11248016357422,852.6420593261719,162,41,302,4,162,41,1,2,1
gaokao2023en,bbeam1,step-profile-config1-bbeam1-gaokao2023en-exclusive0817,160,160,3,draft|draft_verify|target|backtracking_verify|target_rescue_verify,623.018741607666,257.11870193481445,1675.1141548156738,406,167,859,12,406,80,2,4,2
gaokao2023en,bbeam1,step-profile-config1-bbeam1-gaokao2023en-exclusive0817,160,160,4,draft|draft_verify|target|target_rescue_verify,989.1667366027832,467.5936698913574,5167.884588241577,711,262,1647,24,711,251,3,6,3
gaokao2023en,bbeam1,step-profile-config1-bbeam1-gaokao2023en-exclusive0817,160,160,5,draft|draft_verify|target|target_rescue_verify,293.15686225891113,299.9238967895508,3163.4228229522705,378,77,897,10,378,156,1,2,1
gaokao2023en,bbeam1,step-profile-config1-bbeam1-gaokao2023en-exclusive0817,160,160,6,draft|draft_verify,272.36342430114746,127.70843505859375,0.0,534,69,559,6,0,0,1,1,0
gaokao2023en,bbeam1,step-profile-config1-bbeam1-gaokao2023en-exclusive0817,160,160,7,draft|draft_verify|target|backtracking_verify,172.2431182861328,262.4783515930176,1178.8325309753418,603,45,1224,14,603,57,1,2,1
gaokao2023en,bbeam1,step-profile-config1-bbeam1-gaokao2023en-exclusive0817,160,160,8,draft|draft_verify|target|target_rescue_verify,270.4195976257324,606.9674491882324,2550.1794815063477,1308,70,2649,32,1308,123,2,4,2
gaokao2023en,bbeam1,step-profile-config1-bbeam1-gaokao2023en-exclusive0817,160,160,9,draft|draft_verify|target|backtracking_verify,189.40472602844238,304.87847328186035,655.2379131317139,713,49,1430,18,713,31,1,2,1
gaokao2023en,bbeam1,step-profile-config1-bbeam1-gaokao2023en-exclusive0817,160,160,10,draft|draft_verify|target|target_rescue_verify,130.67126274108887,458.56547355651855,256.18910789489746,1506,32,2203,30,762,11,2,3,1
gaokao2023en,bbeam1,step-profile-config1-bbeam1-gaokao2023en-exclusive0817,160,160,11,draft|draft_verify,28.457164764404297,152.36306190490723,0.0,767,7,740,11,0,0,1,1,0
gaokao2023en,bbeam1,step-profile-config1-bbeam1-gaokao2023en-exclusive0817,160,160,12,draft|draft_verify,119.63939666748047,170.8672046661377,0.0,774,31,773,12,0,0,1,1,0
gaokao2023en,bbeam1,step-profile-config1-bbeam1-gaokao2023en-exclusive0817,160,160,13,draft|draft_verify|target|backtracking_verify,123.47531318664551,337.47291564941406,531.2051773071289,805,32,1607,26,805,25,1,2,1
gaokao2023en,bbeam1,step-profile-config1-bbeam1-gaokao2023en-exclusive0817,160,160,14,draft|draft_verify|target|target_rescue_verify,81.44283294677734,689.795970916748,980.6597232818604,1667,20,3287,56,1667,45,2,4,2
gaokao2023en,bbeam1,step-profile-config1-bbeam1-gaokao2023en-exclusive0817,160,160,15,draft|draft_verify,52.47831344604492,173.68102073669434,0.0,864,13,851,15,0,0,1,1,0
gaokao2023en,bbeam1,step-profile-config1-bbeam1-gaokao2023en-exclusive0817,160,160,16,draft|draft_verify,28.79643440246582,175.54593086242676,0.0,877,6,859,16,0,0,1,1,0
gaokao2023en,bbeam1,step-profile-config1-bbeam1-gaokao2023en-exclusive0817,161,161,1,draft|draft_verify|target|backtracking_verify,270.9519863128662,63.2476806640625,803.4305572509766,84,74,173,2,84,39,1,2,1
gaokao2023en,bbeam1,step-profile-config1-bbeam1-gaokao2023en-exclusive0817,161,161,2,draft|draft_verify|target|target_rescue_verify|backtracking_verify,474.5593070983887,234.3742847442627,6052.53005027771,281,130,782,8,281,298,2,4,2
gaokao2023en,bbeam1,step-profile-config1-bbeam1-gaokao2023en-exclusive0817,161,161,3,draft|draft_verify|target|target_rescue_verify,1084.8557949066162,236.2065315246582,2506.4055919647217,420,286,857,9,178,123,2,3,1
gaokao2023en,bbeam1,step-profile-config1-bbeam1-gaokao2023en-exclusive0817,161,161,4,draft|draft_verify|target|target_rescue_verify,262.4554634094238,263.8590335845947,4525.007724761963,404,68,1002,8,404,222,1,2,1
gaokao2023en,bbeam1,step-profile-config1-bbeam1-gaokao2023en-exclusive0817,161,161,5,draft|draft_verify|target|backtracking_verify,265.11073112487793,345.3233242034912,4094.897508621216,626,66,1428,10,626,202,1,2,1
gaokao2023en,bbeam1,step-profile-config1-bbeam1-gaokao2023en-exclusive0817,161,161,6,draft|draft_verify|target|target_rescue_verify,826.1168003082275,747.889518737793,5549.825191497803,1520,215,3351,24,1520,272,2,4,2
gaokao2023en,bbeam1,step-profile-config1-bbeam1-gaokao2023en-exclusive0817,161,161,7,draft|draft_verify|target|target_rescue_verify,457.75413513183594,568.068265914917,1800.6198406219482,1792,113,2687,21,820,88,2,3,1
gaokao2023en,bbeam1,step-profile-config1-bbeam1-gaokao2023en-exclusive0817,161,161,8,draft|draft_verify|target|target_rescue_verify,601.3848781585693,907.1259498596191,7650.612115859985,1895,156,4162,32,1895,376,2,4,2
gaokao2023en,bbeam1,step-profile-config1-bbeam1-gaokao2023en-exclusive0817,161,161,9,draft|draft_verify,183.83264541625977,227.4332046508789,0.0,1093,46,1101,9,0,0,1,1,0
gaokao2023en,bbeam1,step-profile-config1-bbeam1-gaokao2023en-exclusive0817,161,161,10,draft|draft_verify,129.43267822265625,227.9825210571289,0.0,1139,32,1135,10,0,0,1,1,0
gaokao2023en,bbeam1,step-profile-config1-bbeam1-gaokao2023en-exclusive0817,162,162,1,draft|draft_verify,396.70610427856445,50.78387260437012,0.0,114,108,169,1,0,0,1,1,0
gaokao2023en,bbeam1,step-profile-config1-bbeam1-gaokao2023en-exclusive0817,162,162,2,draft|draft_verify,172.46127128601074,58.65883827209473,0.0,222,46,217,2,0,0,1,1,0
gaokao2023en,bbeam1,step-profile-config1-bbeam1-gaokao2023en-exclusive0817,162,162,3,draft|draft_verify,214.4002914428711,74.95903968811035,0.0,268,56,275,3,0,0,1,1,0
gaokao2023en,bbeam1,step-profile-config1-bbeam1-gaokao2023en-exclusive0817,162,162,4,draft|draft_verify,191.53094291687012,90.29865264892578,0.0,324,50,327,4,0,0,1,1,0
gaokao2023en,bbeam1,step-profile-config1-bbeam1-gaokao2023en-exclusive0817,162,162,5,draft|draft_verify,122.33591079711914,90.71087837219238,0.0,374,32,361,5,0,0,1,1,0
gaokao2023en,bbeam1,step-profile-config1-bbeam1-gaokao2023en-exclusive0817,162,162,6,draft|draft_verify,247.28631973266602,123.89183044433594,0.0,406,64,427,6,0,0,1,1,0
gaokao2023en,bbeam1,step-profile-config1-bbeam1-gaokao2023en-exclusive0817,162,162,7,draft|draft_verify,372.7848529815674,125.57101249694824,0.0,470,94,523,7,0,0,1,1,0
gaokao2023en,bbeam1,step-profile-config1-bbeam1-gaokao2023en-exclusive0817,162,162,8,draft|draft_verify,273.3170986175537,129.17733192443848,0.0,564,65,590,8,0,0,1,1,0
gaokao2023en,bbeam1,step-profile-config1-bbeam1-gaokao2023en-exclusive0817,162,162,9,draft|draft_verify,184.37838554382324,130.3408145904541,0.0,629,43,635,9,0,0,1,1,0
gaokao2023en,bbeam1,step-profile-config1-bbeam1-gaokao2023en-exclusive0817,162,162,10,draft|draft_verify,172.69468307495117,151.26514434814453,0.0,672,42,679,10,0,0,1,1,0
gaokao2023en,bbeam1,step-profile-config1-bbeam1-gaokao2023en-exclusive0817,162,162,11,draft|draft_verify,200.81424713134766,153.00607681274414,0.0,714,52,733,11,0,0,1,1,0
gaokao2023en,bbeam1,step-profile-config1-bbeam1-gaokao2023en-exclusive0817,162,162,12,draft|draft_verify,347.2328186035156,173.5093593597412,0.0,766,91,826,12,0,0,1,1,0
gaokao2023en,bbeam1,step-profile-config1-bbeam1-gaokao2023en-exclusive0817,162,162,13,draft|draft_verify,270.6620693206787,199.58257675170898,0.0,857,70,898,13,0,0,1,1,0
gaokao2023en,bbeam1,step-profile-config1-bbeam1-gaokao2023en-exclusive0817,162,162,14,draft|draft_verify,280.65943717956543,200.27518272399902,0.0,927,70,970,14,0,0,1,1,0
gaokao2023en,bbeam1,step-profile-config1-bbeam1-gaokao2023en-exclusive0817,162,162,15,draft|draft_verify,281.47196769714355,225.09479522705078,0.0,997,70,1042,15,0,0,1,1,0
gaokao2023en,bbeam1,step-profile-config1-bbeam1-gaokao2023en-exclusive0817,162,162,16,draft|draft_verify,269.0386772155762,227.71811485290527,0.0,1067,70,1114,16,0,0,1,1,0
gaokao2023en,bbeam1,step-profile-config1-bbeam1-gaokao2023en-exclusive0817,162,162,17,draft|draft_verify,282.1826934814453,255.9034824371338,0.0,1137,70,1186,17,0,0,1,1,0
gaokao2023en,bbeam1,step-profile-config1-bbeam1-gaokao2023en-exclusive0817,162,162,18,draft|draft_verify,272.8145122528076,256.02221488952637,0.0,1207,70,1258,18,0,0,1,1,0
gaokao2023en,bbeam1,step-profile-config1-bbeam1-gaokao2023en-exclusive0817,162,162,19,draft|draft_verify,272.52936363220215,275.8650779724121,0.0,1277,70,1330,19,0,0,1,1,0
gaokao2023en,bbeam1,step-profile-config1-bbeam1-gaokao2023en-exclusive0817,162,162,20,draft|draft_verify,270.83873748779297,278.26380729675293,0.0,1347,70,1402,20,0,0,1,1,0
gaokao2023en,bbeam1,step-profile-config1-bbeam1-gaokao2023en-exclusive0817,162,162,21,draft|draft_verify,276.07274055480957,309.6468448638916,0.0,1417,70,1474,21,0,0,1,1,0
gaokao2023en,bbeam1,step-profile-config1-bbeam1-gaokao2023en-exclusive0817,162,162,22,draft|draft_verify,271.5747356414795,327.2690773010254,0.0,1487,70,1546,22,0,0,1,1,0
gaokao2023en,bbeam1,step-profile-config1-bbeam1-gaokao2023en-exclusive0817,162,162,23,draft|draft_verify,271.0695266723633,330.8877944946289,0.0,1557,70,1618,23,0,0,1,1,0
gaokao2023en,bbeam1,step-profile-config1-bbeam1-gaokao2023en-exclusive0817,162,162,24,draft|draft_verify,272.5377082824707,347.8732109069824,0.0,1627,70,1690,24,0,0,1,1,0
gaokao2023en,bbeam1,step-profile-config1-bbeam1-gaokao2023en-exclusive0817,162,162,25,draft|draft_verify,279.41107749938965,359.7087860107422,0.0,1697,70,1762,25,0,0,1,1,0
gaokao2023en,bbeam1,step-profile-config1-bbeam1-gaokao2023en-exclusive0817,162,162,26,draft|draft_verify,271.8203067779541,386.3961696624756,0.0,1767,70,1834,26,0,0,1,1,0
gaokao2023en,bbeam1,step-profile-config1-bbeam1-gaokao2023en-exclusive0817,162,162,27,draft|draft_verify,272.98498153686523,392.11106300354004,0.0,1837,70,1906,27,0,0,1,1,0
gaokao2023en,bbeam1,step-profile-config1-bbeam1-gaokao2023en-exclusive0817,162,162,28,draft|draft_verify,272.6104259490967,401.5071392059326,0.0,1907,70,1978,28,0,0,1,1,0
gaokao2023en,bbeam1,step-profile-config1-bbeam1-gaokao2023en-exclusive0817,162,162,29,draft|draft_verify,288.0096435546875,431.6296577453613,0.0,1977,70,2050,29,0,0,1,1,0
gaokao2023en,bbeam1,step-profile-config1-bbeam1-gaokao2023en-exclusive0817,162,162,30,draft|draft_verify,274.87897872924805,420.407772064209,0.0,2047,70,2122,30,0,0,1,1,0
gaokao2023en,bbeam1,step-profile-config1-bbeam1-gaokao2023en-exclusive0817,163,163,1,draft|draft_verify,355.7608127593994,50.7504940032959,0.0,132,96,174,1,0,0,1,1,0
gaokao2023en,bbeam1,step-profile-config1-bbeam1-gaokao2023en-exclusive0817,163,163,2,draft|draft_verify|target|target_rescue_verify,566.9779777526855,178.16472053527832,2059.2663288116455,228,145,596,4,228,99,1,2,1
gaokao2023en,bbeam1,step-profile-config1-bbeam1-gaokao2023en-exclusive0817,163,163,3,draft|draft_verify|target|target_rescue_verify,389.1458511352539,206.589937210083,1895.3282833099365,327,99,746,6,327,93,1,2,1
gaokao2023en,bbeam1,step-profile-config1-bbeam1-gaokao2023en-exclusive0817,163,163,4,draft|draft_verify,271.0304260253906,124.75800514221191,0.0,420,70,442,4,0,0,1,1,0
gaokao2023en,bbeam1,step-profile-config1-bbeam1-gaokao2023en-exclusive0817,163,163,5,draft|draft_verify,43.88689994812012,125.64229965209961,0.0,490,10,454,5,0,0,1,1,0
gaokao2023en,bbeam1,step-profile-config1-bbeam1-gaokao2023en-exclusive0817,164,164,1,draft|draft_verify|target|backtracking_verify,330.7187557220459,100.61240196228027,1549.1220951080322,115,87,285,2,115,76,1,2,1
gaokao2023en,bbeam1,step-profile-config1-bbeam1-gaokao2023en-exclusive0817,164,164,2,draft|draft_verify|target|target_rescue_verify,906.9662094116211,278.26642990112305,3193.7003135681152,393,236,968,8,393,154,2,4,2
gaokao2023en,bbeam1,step-profile-config1-bbeam1-gaokao2023en-exclusive0817,164,164,3,draft|draft_verify|target|backtracking_verify|target_rescue_verify,799.360990524292,372.7242946624756,3530.0111770629883,547,196,1263,12,547,173,2,4,2
gaokao2023en,bbeam1,step-profile-config1-bbeam1-gaokao2023en-exclusive0817,164,164,4,draft|draft_verify|target|target_rescue_verify|backtracking_verify,863.3344173431396,545.0749397277832,3786.994218826294,710,213,1626,16,710,185,2,4,2
gaokao2023en,bbeam1,step-profile-config1-bbeam1-gaokao2023en-exclusive0817,164,164,5,draft|draft_verify|target|target_rescue_verify,1098.5920429229736,832.1974277496338,6666.229009628296,1366,281,3063,30,1366,326,3,6,3
gaokao2023en,bbeam1,step-profile-config1-bbeam1-gaokao2023en-exclusive0817,164,164,6,draft|draft_verify|target|target_rescue_verify|backtracking_verify,1398.7157344818115,898.8931179046631,5457.628965377808,1692,348,3735,36,1692,267,3,6,3
gaokao2023en,bbeam1,step-profile-config1-bbeam1-gaokao2023en-exclusive0817,164,164,7,draft|draft_verify|target|target_rescue_verify,2286.4460945129395,887.9292011260986,7960.978746414185,1885,579,3960,35,1314,392,3,5,2
gaokao2023en,bbeam1,step-profile-config1-bbeam1-gaokao2023en-exclusive0817,164,164,8,draft|draft_verify|target|target_rescue_verify,1732.4085235595703,863.3749485015869,6406.495094299316,1759,438,4111,32,1759,315,2,4,2
gaokao2023en,bbeam1,step-profile-config1-bbeam1-gaokao2023en-exclusive0817,164,164,9,draft|draft_verify|target|backtracking_verify,399.34253692626953,413.0287170410156,1783.0395698547363,925,103,1964,18,925,87,1,2,1
gaokao2023en,bbeam1,step-profile-config1-bbeam1-gaokao2023en-exclusive0817,164,164,10,draft|draft_verify|target|target_rescue_verify,158.219575881958,446.98071479797363,812.2756481170654,1028,41,2063,20,1028,38,1,2,1
gaokao2023en,bbeam1,step-profile-config1-bbeam1-gaokao2023en-exclusive0817,164,164,11,draft|draft_verify|target|target_rescue_verify,387.16912269592285,479.0771007537842,2026.902675628662,1066,101,2264,22,1066,99,1,2,1
gaokao2023en,bbeam1,step-profile-config1-bbeam1-gaokao2023en-exclusive0817,164,164,12,draft|draft_verify,84.78283882141113,252.46191024780273,0.0,1165,20,1153,12,0,0,1,1,0
gaokao2023en,bbeam1,step-profile-config1-bbeam1-gaokao2023en-exclusive0817,165,165,1,draft|draft_verify|target|target_rescue_verify,8024.578094482422,483.35790634155273,1155.548334121704,106,2049,2210,2,106,56,1,2,1
gaokao2023en,bbeam1,step-profile-config1-bbeam1-gaokao2023en-exclusive0817,165,165,2,draft|draft_verify|target|target_rescue_verify,3057.8818321228027,261.6908550262451,1019.1104412078857,162,800,1071,4,162,49,1,2,1
gaokao2023en,bbeam1,step-profile-config1-bbeam1-gaokao2023en-exclusive0817,165,165,3,draft|draft_verify,155.37285804748535,59.10825729370117,0.0,211,40,202,3,0,0,1,1,0
gaokao2023en,bbeam1,step-profile-config1-bbeam1-gaokao2023en-exclusive0817,165,165,4,draft|draft_verify|target|target_rescue_verify,466.4437770843506,151.16333961486816,473.2942581176758,251,122,552,8,251,22,1,2,1
gaokao2023en,bbeam1,step-profile-config1-bbeam1-gaokao2023en-exclusive0817,165,165,5,draft|draft_verify,443.0503845214844,92.53573417663574,0.0,273,116,344,5,0,0,1,1,0
gaokao2023en,bbeam1,step-profile-config1-bbeam1-gaokao2023en-exclusive0817,165,165,6,draft|draft_verify|target|target_rescue_verify,694.7338581085205,264.8177146911621,3634.2732906341553,389,176,1047,12,389,179,1,2,1
gaokao2023en,bbeam1,step-profile-config1-bbeam1-gaokao2023en-exclusive0817,165,165,7,draft|draft_verify|target|target_rescue_verify,837.2635841369629,319.06771659851074,3865.741729736328,568,214,1459,14,568,191,1,2,1
gaokao2023en,bbeam1,step-profile-config1-bbeam1-gaokao2023en-exclusive0817,165,165,8,draft|draft_verify|target|target_rescue_verify,501.9357204437256,331.06017112731934,795.6771850585938,759,126,1604,16,759,38,1,2,1
gaokao2023en,bbeam1,step-profile-config1-bbeam1-gaokao2023en-exclusive0817,165,165,9,draft|draft_verify|target|target_rescue_verify,372.2405433654785,351.4895439147949,698.889970779419,797,97,1650,18,797,33,1,2,1
gaokao2023en,bbeam1,step-profile-config1-bbeam1-gaokao2023en-exclusive0817,165,165,10,draft|draft_verify|target|target_rescue_verify,1107.485294342041,489.2852306365967,7376.299619674683,830,288,2243,20,830,365,1,2,1
gaokao2023en,bbeam1,step-profile-config1-bbeam1-gaokao2023en-exclusive0817,165,165,11,draft|draft_verify,1399.6953964233398,317.5230026245117,0.0,1195,365,1527,11,0,0,1,1,0
gaokao2023en,bbeam1,step-profile-config1-bbeam1-gaokao2023en-exclusive0817,165,165,12,draft|draft_verify,670.0186729431152,352.16808319091797,0.0,1560,169,1698,12,0,0,1,1,0
gaokao2023en,bbeam1,step-profile-config1-bbeam1-gaokao2023en-exclusive0817,166,166,1,draft|draft_verify,110.4423999786377,51.22804641723633,0.0,197,29,172,1,0,0,1,1,0
gaokao2023en,bbeam1,step-profile-config1-bbeam1-gaokao2023en-exclusive0817,166,166,2,draft|draft_verify,219.2234992980957,60.89138984680176,0.0,226,57,231,2,0,0,1,1,0
gaokao2023en,bbeam1,step-profile-config1-bbeam1-gaokao2023en-exclusive0817,166,166,3,draft|draft_verify,381.0703754425049,92.86975860595703,0.0,283,98,331,3,0,0,1,1,0
gaokao2023en,bbeam1,step-profile-config1-bbeam1-gaokao2023en-exclusive0817,166,166,4,draft|draft_verify,160.11762619018555,92.29040145874023,0.0,381,41,374,4,0,0,1,1,0
gaokao2023en,bbeam1,step-profile-config1-bbeam1-gaokao2023en-exclusive0817,166,166,5,draft|draft_verify,324.9776363372803,143.21160316467285,0.0,422,85,461,5,0,0,1,1,0
gaokao2023en,bbeam1,step-profile-config1-bbeam1-gaokao2023en-exclusive0817,166,166,6,draft|draft_verify|target|backtracking_verify,101.87125205993652,285.2346897125244,556.0097694396973,507,26,978,12,507,26,1,2,1
gaokao2023en,bbeam1,step-profile-config1-bbeam1-gaokao2023en-exclusive0817,166,166,7,draft|draft_verify|target|backtracking_verify,103.39879989624023,529.0989875793457,3158.3521366119385,1066,26,2144,28,1066,154,2,4,2
gaokao2023en,bbeam1,step-profile-config1-bbeam1-gaokao2023en-exclusive0817,166,166,8,draft|draft_verify|target|target_rescue_verify,16171.931505203247,1919.1133975982666,6484.474897384644,2312,4140,8752,64,2312,310,4,8,4
gaokao2023en,bbeam1,step-profile-config1-bbeam1-gaokao2023en-exclusive0817,166,166,9,draft|draft_verify|target|backtracking_verify,149.18255805969238,619.4560527801514,2199.4268894195557,1346,37,2683,36,1346,106,2,4,2
gaokao2023en,bbeam1,step-profile-config1-bbeam1-gaokao2023en-exclusive0817,166,166,10,draft|draft_verify|target|target_rescue_verify,9362.986087799072,2302.5317192077637,55334.972858428955,2835,2383,10506,80,2835,2743,4,8,4
gaokao2023en,bbeam1,step-profile-config1-bbeam1-gaokao2023en-exclusive0817,166,166,11,draft|draft_verify,36.53836250305176,198.624849319458,0.0,939,8,913,11,0,0,1,1,0
gaokao2023en,bbeam1,step-profile-config1-bbeam1-gaokao2023en-exclusive0817,166,166,12,draft|draft_verify|target|target_rescue_verify,281.2638282775879,401.83019638061523,1505.3510665893555,947,73,1976,24,947,73,1,2,1
gaokao2023en,bbeam1,step-profile-config1-bbeam1-gaokao2023en-exclusive0817,166,166,13,draft|draft_verify,85.2968692779541,202.88729667663574,0.0,1020,20,1010,13,0,0,1,1,0
gaokao2023en,bbeam1,step-profile-config1-bbeam1-gaokao2023en-exclusive0817,166,166,14,draft|draft_verify,52.90842056274414,210.22629737854004,0.0,1040,12,1024,14,0,0,1,1,0
gaokao2023en,bbeam1,step-profile-config1-bbeam1-gaokao2023en-exclusive0817,167,167,1,draft|draft_verify|target|target_rescue_verify,368.328332901001,107.84649848937988,1088.2291793823242,141,100,328,2,141,52,1,2,1
gaokao2023en,bbeam1,step-profile-config1-bbeam1-gaokao2023en-exclusive0817,167,167,2,draft|draft_verify|target|target_rescue_verify,192.9950714111328,154.55269813537598,2397.454023361206,193,52,454,4,193,118,1,2,1
gaokao2023en,bbeam1,step-profile-config1-bbeam1-gaokao2023en-exclusive0817,167,167,3,draft|draft_verify|target|target_rescue_verify,161.2222194671631,179.48293685913086,1316.453456878662,311,42,630,6,311,64,1,2,1
gaokao2023en,bbeam1,step-profile-config1-bbeam1-gaokao2023en-exclusive0817,167,167,4,draft|draft_verify,203.59134674072266,102.91934013366699,0.0,375,51,379,4,0,0,1,1,0
gaokao2023en,bbeam1,step-profile-config1-bbeam1-gaokao2023en-exclusive0817,167,167,5,draft|draft_verify,192.90924072265625,125.31352043151855,0.0,426,51,432,5,0,0,1,1,0
gaokao2023en,bbeam1,step-profile-config1-bbeam1-gaokao2023en-exclusive0817,167,167,6,draft|draft_verify|target|backtracking_verify,167.92726516723633,269.3023681640625,1276.357889175415,477,44,974,12,477,62,1,2,1
gaokao2023en,bbeam1,step-profile-config1-bbeam1-gaokao2023en-exclusive0817,167,167,7,draft|draft_verify|target|target_rescue_verify,625.7321834564209,381.6404342651367,803.5097122192383,1060,162,1657,21,521,37,2,3,1
gaokao2023en,bbeam1,step-profile-config1-bbeam1-gaokao2023en-exclusive0817,167,167,8,draft|draft_verify|target|target_rescue_verify,651.6389846801758,409.19947624206543,952.8696537017822,1175,170,1832,24,558,46,2,3,1
gaokao2023en,bbeam1,step-profile-config1-bbeam1-gaokao2023en-exclusive0817,167,167,9,draft|draft_verify|target|backtracking_verify,480.1485538482666,414.6237373352051,1036.2234115600586,1293,123,1959,27,604,50,2,3,1
gaokao2023en,bbeam1,step-profile-config1-bbeam1-gaokao2023en-exclusive0817,167,167,10,draft|draft_verify|target|backtracking_verify|target_rescue_verify,717.2482013702393,970.6273078918457,4068.46284866333,2070,184,4309,60,2070,195,3,6,3
gaokao2023en,bbeam1,step-profile-config1-bbeam1-gaokao2023en-exclusive0817,167,167,11,draft|draft_verify|target|target_rescue_verify,1309.9262714385986,1597.7370738983154,4181.20813369751,3683,335,7570,110,3683,199,5,10,5
gaokao2023en,bbeam1,step-profile-config1-bbeam1-gaokao2023en-exclusive0817,167,167,12,draft|draft_verify|target|target_rescue_verify,974.5936393737793,1436.1345767974854,4388.293504714966,3882,248,7032,108,2969,212,5,9,4
gaokao2023en,bbeam1,step-profile-config1-bbeam1-gaokao2023en-exclusive0817,167,167,13,draft|draft_verify,157.8683853149414,209.43832397460938,0.0,996,41,1008,13,0,0,1,1,0
gaokao2023en,bbeam1,step-profile-config1-bbeam1-gaokao2023en-exclusive0817,167,167,14,draft|draft_verify,169.43073272705078,225.5229949951172,0.0,1037,44,1054,14,0,0,1,1,0
gaokao2023en,bbeam1,step-profile-config1-bbeam1-gaokao2023en-exclusive0817,167,167,15,draft|draft_verify,95.08848190307617,226.05228424072266,0.0,1081,23,1079,15,0,0,1,1,0
gaokao2023en,bbeam1,step-profile-config1-bbeam1-gaokao2023en-exclusive0817,168,168,1,draft|draft_verify|target|backtracking_verify,370.2414035797119,118.34955215454102,2493.446111679077,131,99,376,2,131,123,1,2,1
gaokao2023en,bbeam1,step-profile-config1-bbeam1-gaokao2023en-exclusive0817,168,168,2,draft|draft_verify|target|target_rescue_verify,340.5437469482422,145.28369903564453,1274.1920948028564,230,86,502,4,230,60,1,2,1
gaokao2023en,bbeam1,step-profile-config1-bbeam1-gaokao2023en-exclusive0817,168,168,3,draft|draft_verify|target|target_rescue_verify,271.29149436950684,169.07358169555664,1470.5150127410889,290,65,616,6,290,71,1,2,1
gaokao2023en,bbeam1,step-profile-config1-bbeam1-gaokao2023en-exclusive0817,168,168,4,draft|draft_verify|target|target_rescue_verify,341.5260314941406,264.0845775604248,1537.6322269439697,361,89,790,8,361,75,1,2,1
gaokao2023en,bbeam1,step-profile-config1-bbeam1-gaokao2023en-exclusive0817,168,168,5,draft|draft_verify|target|target_rescue_verify,2607.623338699341,483.46734046936035,13425.540924072266,436,680,2127,10,436,667,1,2,1
gaokao2023en,bbeam1,step-profile-config1-bbeam1-gaokao2023en-exclusive0817,168,168,6,draft|draft_verify|target|target_rescue_verify,1045.7475185394287,514.6031379699707,1422.1665859222412,1103,259,2446,12,1103,69,1,2,1
gaokao2023en,bbeam1,step-profile-config1-bbeam1-gaokao2023en-exclusive0817,168,168,7,draft|draft_verify|target|backtracking_verify,165.91572761535645,499.99547004699707,956.160306930542,1172,43,2349,14,1172,46,1,2,1
gaokao2023en,bbeam1,step-profile-config1-bbeam1-gaokao2023en-exclusive0817,168,168,8,draft|draft_verify|target|target_rescue_verify,75.41918754577637,508.2812309265137,421.2045669555664,1215,18,2386,16,1215,18,1,2,1
gaokao2023en,bbeam1,step-profile-config1-bbeam1-gaokao2023en-exclusive0817,169,169,1,draft|draft_verify,132.56072998046875,29.72698211669922,0.0,127,36,110,1,0,0,1,1,0
gaokao2023en,bbeam1,step-profile-config1-bbeam1-gaokao2023en-exclusive0817,169,169,2,draft|draft_verify,249.1466999053955,50.124406814575195,0.0,163,64,176,2,0,0,1,1,0
gaokao2023en,bbeam1,step-profile-config1-bbeam1-gaokao2023en-exclusive0817,169,169,3,draft|draft_verify,277.0693302154541,60.31680107116699,0.0,227,71,249,3,0,0,1,1,0
gaokao2023en,bbeam1,step-profile-config1-bbeam1-gaokao2023en-exclusive0817,169,169,4,draft|draft_verify|target|target_rescue_verify,680.351734161377,230.45754432678223,1551.4483451843262,298,179,754,8,298,73,1,2,1
gaokao2023en,bbeam1,step-profile-config1-bbeam1-gaokao2023en-exclusive0817,169,169,5,draft|draft_verify,225.94761848449707,122.71857261657715,0.0,371,59,385,5,0,0,1,1,0
gaokao2023en,bbeam1,step-profile-config1-bbeam1-gaokao2023en-exclusive0817,169,169,6,draft|draft_verify,252.88844108581543,124.63903427124023,0.0,430,67,454,6,0,0,1,1,0
gaokao2023en,bbeam1,step-profile-config1-bbeam1-gaokao2023en-exclusive0817,169,169,7,draft|draft_verify,65.93060493469238,124.67145919799805,0.0,497,16,472,7,0,0,1,1,0
gaokao2023en,bbeam1,step-profile-config1-bbeam1-gaokao2023en-exclusive0817,170,170,1,draft|draft_verify,138.5781764984131,30.23386001586914,0.0,94,38,78,1,0,0,1,1,0
gaokao2023en,bbeam1,step-profile-config1-bbeam1-gaokao2023en-exclusive0817,170,170,2,draft|draft_verify,76.3697624206543,29.52265739440918,0.0,132,21,101,2,0,0,1,1,0
gaokao2023en,bbeam1,step-profile-config1-bbeam1-gaokao2023en-exclusive0817,170,170,3,draft|draft_verify,208.09698104858398,50.85039138793945,0.0,153,55,158,3,0,0,1,1,0
gaokao2023en,bbeam1,step-profile-config1-bbeam1-gaokao2023en-exclusive0817,170,170,4,draft|draft_verify,35.088539123535156,49.76844787597656,0.0,208,9,169,4,0,0,1,1,0
gaokao2023en,bbeam1,step-profile-config1-bbeam1-gaokao2023en-exclusive0817,170,170,5,draft|draft_verify,186.9821548461914,58.92491340637207,0.0,217,51,222,5,0,0,1,1,0
gaokao2023en,bbeam1,step-profile-config1-bbeam1-gaokao2023en-exclusive0817,170,170,6,draft|draft_verify,45.71843147277832,58.76040458679199,0.0,268,12,236,6,0,0,1,1,0
gaokao2023en,bbeam1,step-profile-config1-bbeam1-gaokao2023en-exclusive0817,170,170,7,draft|draft_verify,199.4946002960205,75.78516006469727,0.0,280,53,291,7,0,0,1,1,0
gaokao2023en,bbeam1,step-profile-config1-bbeam1-gaokao2023en-exclusive0817,170,170,8,draft|draft_verify,166.31603240966797,91.14408493041992,0.0,333,44,337,8,0,0,1,1,0
gaokao2023en,bbeam1,step-profile-config1-bbeam1-gaokao2023en-exclusive0817,170,170,9,draft|draft_verify,88.32693099975586,91.47047996520996,0.0,377,23,362,9,0,0,1,1,0
gaokao2023en,bbeam1,step-profile-config1-bbeam1-gaokao2023en-exclusive0817,170,170,10,draft|draft_verify,294.3122386932373,124.32718276977539,0.0,400,77,441,10,0,0,1,1,0
gaokao2023en,bbeam1,step-profile-config1-bbeam1-gaokao2023en-exclusive0817,170,170,11,draft|draft_verify,90.03853797912598,125.43392181396484,0.0,477,22,465,11,0,0,1,1,0
gaokao2023en,bbeam1,step-profile-config1-bbeam1-gaokao2023en-exclusive0817,171,171,1,draft|draft_verify,394.92154121398926,30.2431583404541,0.0,73,108,127,1,0,0,1,1,0
gaokao2023en,bbeam1,step-profile-config1-bbeam1-gaokao2023en-exclusive0817,171,171,2,draft|draft_verify,69.1385269165039,49.490928649902344,0.0,181,19,148,2,0,0,1,1,0
gaokao2023en,bbeam1,step-profile-config1-bbeam1-gaokao2023en-exclusive0817,171,171,3,draft|draft_verify,62.47091293334961,49.61252212524414,0.0,200,17,167,3,0,0,1,1,0
gaokao2023en,bbeam1,step-profile-config1-bbeam1-gaokao2023en-exclusive0817,171,171,4,draft|draft_verify,109.88497734069824,58.78329277038574,0.0,217,30,199,4,0,0,1,1,0
gaokao2023en,bbeam1,step-profile-config1-bbeam1-gaokao2023en-exclusive0817,171,171,5,draft|draft_verify,67.25811958312988,59.419870376586914,0.0,247,17,218,5,0,0,1,1,0
gaokao2023en,bbeam1,step-profile-config1-bbeam1-gaokao2023en-exclusive0817,172,172,1,draft|draft_verify,91.71867370605469,29.895782470703125,0.0,94,25,65,1,0,0,1,1,0
gaokao2023en,bbeam1,step-profile-config1-bbeam1-gaokao2023en-exclusive0817,172,172,2,draft|draft_verify,40.93503952026367,29.160022735595703,0.0,119,11,78,2,0,0,1,1,0
gaokao2023en,bbeam1,step-profile-config1-bbeam1-gaokao2023en-exclusive0817,172,172,3,draft|draft_verify,116.1508560180664,29.07705307006836,0.0,130,32,112,3,0,0,1,1,0
gaokao2023en,bbeam1,step-profile-config1-bbeam1-gaokao2023en-exclusive0817,172,172,4,draft|draft_verify,62.308549880981445,45.0742244720459,0.0,162,17,131,4,0,0,1,1,0
gaokao2023en,bbeam1,step-profile-config1-bbeam1-gaokao2023en-exclusive0817,172,172,5,draft|draft_verify,70.19209861755371,49.016714096069336,0.0,179,19,152,5,0,0,1,1,0
gaokao2023en,bbeam1,step-profile-config1-bbeam1-gaokao2023en-exclusive0817,172,172,6,draft|draft_verify,68.09711456298828,49.4840145111084,0.0,198,18,172,6,0,0,1,1,0
gaokao2023en,bbeam1,step-profile-config1-bbeam1-gaokao2023en-exclusive0817,172,172,7,draft|draft_verify,62.12949752807617,56.22458457946777,0.0,216,17,191,7,0,0,1,1,0
gaokao2023en,bbeam1,step-profile-config1-bbeam1-gaokao2023en-exclusive0817,172,172,8,draft|draft_verify,60.25528907775879,58.194875717163086,0.0,233,16,209,8,0,0,1,1,0
gaokao2023en,bbeam1,step-profile-config1-bbeam1-gaokao2023en-exclusive0817,172,172,9,draft|draft_verify,59.92460250854492,58.50934982299805,0.0,249,16,227,9,0,0,1,1,0
gaokao2023en,bbeam1,step-profile-config1-bbeam1-gaokao2023en-exclusive0817,172,172,10,draft|draft_verify,65.42372703552246,59.04054641723633,0.0,265,17,246,10,0,0,1,1,0
gaokao2023en,bbeam1,step-profile-config1-bbeam1-gaokao2023en-exclusive0817,172,172,11,draft|draft_verify,88.5152816772461,75.08611679077148,0.0,282,23,271,11,0,0,1,1,0
gaokao2023en,bbeam1,step-profile-config1-bbeam1-gaokao2023en-exclusive0817,172,172,12,draft|draft_verify,81.82191848754883,75.85644721984863,0.0,305,20,293,12,0,0,1,1,0
gaokao2023en,bbeam1,step-profile-config1-bbeam1-gaokao2023en-exclusive0817,173,173,1,draft|draft_verify,106.80389404296875,28.949975967407227,0.0,109,29,84,1,0,0,1,1,0
gaokao2023en,bbeam1,step-profile-config1-bbeam1-gaokao2023en-exclusive0817,173,173,2,draft|draft_verify,139.32561874389648,29.310226440429688,0.0,138,38,124,2,0,0,1,1,0
gaokao2023en,bbeam1,step-profile-config1-bbeam1-gaokao2023en-exclusive0817,173,173,3,draft|draft_verify,41.87750816345215,48.86460304260254,0.0,176,11,137,3,0,0,1,1,0
gaokao2023en,bbeam1,step-profile-config1-bbeam1-gaokao2023en-exclusive0817,173,173,4,draft|draft_verify|target|target_rescue_verify,41.87345504760742,102.81562805175781,873.0683326721191,187,11,329,8,187,40,1,2,1
gaokao2023en,bbeam1,step-profile-config1-bbeam1-gaokao2023en-exclusive0817,173,173,5,draft|draft_verify,169.935941696167,67.6262378692627,0.0,227,45,226,5,0,0,1,1,0
gaokao2023en,bbeam1,step-profile-config1-bbeam1-gaokao2023en-exclusive0817,173,173,6,draft|draft_verify,43.03717613220215,66.84470176696777,0.0,272,11,239,6,0,0,1,1,0
gaokao2023en,bbeam1,step-profile-config1-bbeam1-gaokao2023en-exclusive0817,173,173,7,draft|draft_verify,27.801513671875,59.98873710632324,0.0,283,7,248,7,0,0,1,1,0
gaokao2023en,bbeam1,step-profile-config1-bbeam1-gaokao2023en-exclusive0817,173,173,8,draft|draft_verify,65.93561172485352,75.61993598937988,0.0,290,16,266,8,0,0,1,1,0
gaokao2023en,bbeam1,step-profile-config1-bbeam1-gaokao2023en-exclusive0817,174,174,1,draft|draft_verify,183.3641529083252,50.75335502624512,0.0,187,48,181,1,0,0,1,1,0
gaokao2023en,bbeam1,step-profile-config1-bbeam1-gaokao2023en-exclusive0817,174,174,2,draft|draft_verify,229.6617031097412,59.632062911987305,0.0,235,58,241,2,0,0,1,1,0
gaokao2023en,bbeam1,step-profile-config1-bbeam1-gaokao2023en-exclusive0817,174,174,3,draft|draft_verify,341.4323329925537,90.97743034362793,0.0,293,90,333,3,0,0,1,1,0
gaokao2023en,bbeam1,step-profile-config1-bbeam1-gaokao2023en-exclusive0817,174,174,4,draft|draft_verify,799.9813556671143,126.75786018371582,0.0,383,199,534,4,0,0,1,1,0
gaokao2023en,bbeam1,step-profile-config1-bbeam1-gaokao2023en-exclusive0817,174,174,5,draft|draft_verify,169.49057579040527,128.6633014678955,0.0,582,44,580,5,0,0,1,1,0
gaokao2023en,bbeam1,step-profile-config1-bbeam1-gaokao2023en-exclusive0817,174,174,6,draft|draft_verify|target|target_rescue_verify,301.26237869262695,317.67821311950684,2303.7021160125732,626,79,1350,12,626,107,1,2,1
gaokao2023en,bbeam1,step-profile-config1-bbeam1-gaokao2023en-exclusive0817,174,174,7,draft|draft_verify,414.0448570251465,172.0263957977295,0.0,733,103,794,7,0,0,1,1,0
gaokao2023en,bbeam1,step-profile-config1-bbeam1-gaokao2023en-exclusive0817,174,174,8,draft|draft_verify|target|target_rescue_verify,94.23255920410156,376.47390365600586,1893.3179378509521,836,23,1707,16,836,92,1,2,1
gaokao2023en,bbeam1,step-profile-config1-bbeam1-gaokao2023en-exclusive0817,174,174,9,draft|draft_verify,318.5851573944092,200.3481388092041,0.0,928,81,971,9,0,0,1,1,0
gaokao2023en,bbeam1,step-profile-config1-bbeam1-gaokao2023en-exclusive0817,174,174,10,draft|draft_verify,73.08006286621094,199.6762752532959,0.0,1009,17,990,10,0,0,1,1,0
gaokao2023en,bbeam1,step-profile-config1-bbeam1-gaokao2023en-exclusive0817,175,175,1,draft|draft_verify,191.04385375976562,29.045581817626953,0.0,94,51,91,1,0,0,1,1,0
gaokao2023en,bbeam1,step-profile-config1-bbeam1-gaokao2023en-exclusive0817,175,175,2,draft|draft_verify,383.4211826324463,58.77494812011719,0.0,145,106,199,2,0,0,1,1,0
gaokao2023en,bbeam1,step-profile-config1-bbeam1-gaokao2023en-exclusive0817,175,175,3,draft|draft_verify|target|target_rescue_verify,384.02390480041504,164.20316696166992,1648.4382152557373,251,102,582,6,251,78,1,2,1
gaokao2023en,bbeam1,step-profile-config1-bbeam1-gaokao2023en-exclusive0817,175,175,4,draft|draft_verify,100.64053535461426,85.22176742553711,0.0,329,25,306,4,0,0,1,1,0
gaokao2023en,bbeam1,step-profile-config1-bbeam1-gaokao2023en-exclusive0817,176,176,1,draft|draft_verify,99.29180145263672,21.05426788330078,0.0,76,27,49,1,0,0,1,1,0
gaokao2023en,bbeam1,step-profile-config1-bbeam1-gaokao2023en-exclusive0817,176,176,2,draft|draft_verify,221.18186950683594,29.654264450073242,0.0,103,61,112,2,0,0,1,1,0
gaokao2023en,bbeam1,step-profile-config1-bbeam1-gaokao2023en-exclusive0817,176,176,3,draft|draft_verify,305.8896064758301,59.86380577087402,0.0,164,84,198,3,0,0,1,1,0
gaokao2023en,bbeam1,step-profile-config1-bbeam1-gaokao2023en-exclusive0817,176,176,4,draft|draft_verify,263.8518810272217,75.25920867919922,0.0,248,70,270,4,0,0,1,1,0
gaokao2023en,bbeam1,step-profile-config1-bbeam1-gaokao2023en-exclusive0817,176,176,5,draft|draft_verify,193.74394416809082,90.90805053710938,0.0,318,51,323,5,0,0,1,1,0
gaokao2023en,bbeam1,step-profile-config1-bbeam1-gaokao2023en-exclusive0817,176,176,6,draft|draft_verify,115.48781394958496,91.0341739654541,0.0,369,30,355,6,0,0,1,1,0
gaokao2023en,bbeam1,step-profile-config1-bbeam1-gaokao2023en-exclusive0817,176,176,7,draft|draft_verify,65.8576488494873,91.49289131164551,0.0,399,16,373,7,0,0,1,1,0
gaokao2023en,bbeam1,step-profile-config1-bbeam1-gaokao2023en-exclusive0817,177,177,1,draft|draft_verify,111.56368255615234,29.923200607299805,0.0,90,30,66,1,0,0,1,1,0
gaokao2023en,bbeam1,step-profile-config1-bbeam1-gaokao2023en-exclusive0817,177,177,2,draft|draft_verify,241.86062812805176,46.50092124938965,0.0,120,63,131,2,0,0,1,1,0
gaokao2023en,bbeam1,step-profile-config1-bbeam1-gaokao2023en-exclusive0817,177,177,3,draft|draft_verify,626.8713474273682,78.0799388885498,0.0,183,161,294,3,0,0,1,1,0
gaokao2023en,bbeam1,step-profile-config1-bbeam1-gaokao2023en-exclusive0817,177,177,4,draft|draft_verify,379.09913063049316,130.56039810180664,0.0,344,96,392,4,0,0,1,1,0
gaokao2023en,bbeam1,step-profile-config1-bbeam1-gaokao2023en-exclusive0817,177,177,5,draft|draft_verify,83.88781547546387,132.16376304626465,0.0,440,20,414,5,0,0,1,1,0
gaokao2023en,bbeam1,step-profile-config1-bbeam1-gaokao2023en-exclusive0817,178,178,1,draft|draft_verify,267.27938652038574,50.148963928222656,0.0,147,73,166,1,0,0,1,1,0
gaokao2023en,bbeam1,step-profile-config1-bbeam1-gaokao2023en-exclusive0817,178,178,2,draft|draft_verify,52.73032188415527,50.08244514465332,0.0,220,14,182,2,0,0,1,1,0
gaokao2023en,bbeam1,step-profile-config1-bbeam1-gaokao2023en-exclusive0817,178,178,3,draft|draft_verify,132.10678100585938,59.57341194152832,0.0,234,35,219,3,0,0,1,1,0
gaokao2023en,bbeam1,step-profile-config1-bbeam1-gaokao2023en-exclusive0817,178,178,4,draft|draft_verify,77.56543159484863,59.326887130737305,0.0,269,20,241,4,0,0,1,1,0
gaokao2023en,bbeam1,step-profile-config1-bbeam1-gaokao2023en-exclusive0817,178,178,5,draft|draft_verify,94.04277801513672,76.01690292358398,0.0,289,24,267,5,0,0,1,1,0
gaokao2023en,bbeam1,step-profile-config1-bbeam1-gaokao2023en-exclusive0817,178,178,6,draft|draft_verify,80.95073699951172,76.24983787536621,0.0,313,20,289,6,0,0,1,1,0
gaokao2023en,bbeam1,step-profile-config1-bbeam1-gaokao2023en-exclusive0817,178,178,7,draft|draft_verify,59.001922607421875,76.17497444152832,0.0,333,15,306,7,0,0,1,1,0
gaokao2023en,bbeam1,step-profile-config1-bbeam1-gaokao2023en-exclusive0817,178,178,8,draft|draft_verify,115.65709114074707,90.94905853271484,0.0,348,29,337,8,0,0,1,1,0
gaokao2023en,bbeam1,step-profile-config1-bbeam1-gaokao2023en-exclusive0817,179,179,1,draft|draft_verify,169.62814331054688,46.14853858947754,0.0,136,46,129,1,0,0,1,1,0
gaokao2023en,bbeam1,step-profile-config1-bbeam1-gaokao2023en-exclusive0817,179,179,2,draft|draft_verify,362.6244068145752,59.713125228881836,0.0,182,94,225,2,0,0,1,1,0
gaokao2023en,bbeam1,step-profile-config1-bbeam1-gaokao2023en-exclusive0817,179,179,3,draft|draft_verify,138.3645534515381,76.75886154174805,0.0,276,36,263,3,0,0,1,1,0
gaokao2023en,bbeam1,step-profile-config1-bbeam1-gaokao2023en-exclusive0817,179,179,4,draft|draft_verify,175.45342445373535,76.31540298461914,0.0,312,46,311,4,0,0,1,1,0
gaokao2023en,bbeam1,step-profile-config1-bbeam1-gaokao2023en-exclusive0817,179,179,5,draft|draft_verify,115.48447608947754,91.60804748535156,0.0,358,30,343,5,0,0,1,1,0
gaokao2023en,bbeam1,step-profile-config1-bbeam1-gaokao2023en-exclusive0817,179,179,6,draft|draft_verify,211.7331027984619,124.28426742553711,0.0,388,55,400,6,0,0,1,1,0
gaokao2023en,bbeam1,step-profile-config1-bbeam1-gaokao2023en-exclusive0817,179,179,7,draft|draft_verify,141.96324348449707,124.25780296325684,0.0,443,37,439,7,0,0,1,1,0
gaokao2023en,bbeam1,step-profile-config1-bbeam1-gaokao2023en-exclusive0817,179,179,8,draft|draft_verify,88.79685401916504,125.83231925964355,0.0,480,22,463,8,0,0,1,1,0
gaokao2023en,bbeam1,step-profile-config1-bbeam1-gaokao2023en-exclusive0817,179,179,9,draft|draft_verify,107.64741897583008,142.01068878173828,0.0,502,27,492,9,0,0,1,1,0
gaokao2023en,bbeam1,step-profile-config1-bbeam1-gaokao2023en-exclusive0817,180,180,1,draft|draft_verify,321.25258445739746,126.16229057312012,0.0,439,83,468,1,0,0,1,1,0
gaokao2023en,bbeam1,step-profile-config1-bbeam1-gaokao2023en-exclusive0817,180,180,2,draft|draft_verify|target|target_rescue_verify,267.85898208618164,268.2969570159912,3238.70587348938,522,70,1164,4,522,154,1,2,1
gaokao2023en,bbeam1,step-profile-config1-bbeam1-gaokao2023en-exclusive0817,180,180,3,draft|draft_verify,384.60493087768555,153.85174751281738,0.0,676,100,726,3,0,0,1,1,0
gaokao2023en,bbeam1,step-profile-config1-bbeam1-gaokao2023en-exclusive0817,180,180,4,draft|draft_verify|target|target_rescue_verify,513.7825012207031,329.7290802001953,208.70018005371094,776,133,1596,8,776,8,1,2,1
gaokao2023en,bbeam1,step-profile-config1-bbeam1-gaokao2023en-exclusive0817,180,180,5,draft|draft_verify|target|target_rescue_verify,565.6287670135498,448.4415054321289,9850.089073181152,784,145,2108,10,784,489,1,2,1
gaokao2023en,bbeam1,step-profile-config1-bbeam1-gaokao2023en-exclusive0817,180,180,6,draft|draft_verify|target|target_rescue_verify,1889.911413192749,686.9003772735596,4949.530124664307,1273,487,3187,12,1273,244,1,2,1
gaokao2023en,bbeam1,step-profile-config1-bbeam1-gaokao2023en-exclusive0817,180,180,7,draft|draft_verify|target|target_rescue_verify,2045.161485671997,836.1444473266602,9836.276292800903,1517,523,3957,14,1517,486,1,2,1
gaokao2023en,bbeam1,step-profile-config1-bbeam1-gaokao2023en-exclusive0817,180,180,8,draft|draft_verify,1995.7761764526367,518.7597274780273,0.0,2003,522,2484,8,0,0,1,1,0
gaokao2023en,bbeam1,step-profile-config1-bbeam1-gaokao2023en-exclusive0817,181,181,1,draft|draft_verify,114.24493789672852,30.201196670532227,0.0,92,31,69,1,0,0,1,1,0
gaokao2023en,bbeam1,step-profile-config1-bbeam1-gaokao2023en-exclusive0817,181,181,2,draft|draft_verify,116.31560325622559,29.912471771240234,0.0,123,32,103,2,0,0,1,1,0
gaokao2023en,bbeam1,step-profile-config1-bbeam1-gaokao2023en-exclusive0817,181,181,3,draft|draft_verify,148.80895614624023,50.21309852600098,0.0,155,40,145,3,0,0,1,1,0
gaokao2023en,bbeam1,step-profile-config1-bbeam1-gaokao2023en-exclusive0817,181,181,4,draft|draft_verify,93.68729591369629,49.85499382019043,0.0,195,24,171,4,0,0,1,1,0
gaokao2023en,bbeam1,step-profile-config1-bbeam1-gaokao2023en-exclusive0817,181,181,5,draft|draft_verify,37.735700607299805,50.49848556518555,0.0,219,8,181,5,0,0,1,1,0
gaokao2023en,bbeam1,step-profile-config1-bbeam1-gaokao2023en-exclusive0817,181,181,6,draft|draft_verify,416.74232482910156,76.32708549499512,0.0,227,104,287,6,0,0,1,1,0
gaokao2023en,bbeam1,step-profile-config1-bbeam1-gaokao2023en-exclusive0817,181,181,7,draft|draft_verify|target|target_rescue_verify,628.3178329467773,235.06450653076172,1543.6968803405762,331,156,806,14,331,72,1,2,1
gaokao2023en,bbeam1,step-profile-config1-bbeam1-gaokao2023en-exclusive0817,181,181,8,draft|draft_verify,29.62040901184082,91.56346321105957,0.0,403,7,370,8,0,0,1,1,0
gaokao2023en,bbeam1,step-profile-config1-bbeam1-gaokao2023en-exclusive0817,181,181,9,draft|draft_verify,124.20296669006348,124.87554550170898,0.0,410,32,404,9,0,0,1,1,0
gaokao2023en,bbeam1,step-profile-config1-bbeam1-gaokao2023en-exclusive0817,181,181,10,draft|draft_verify,40.70925712585449,124.6647834777832,0.0,442,10,416,10,0,0,1,1,0
gaokao2023en,bbeam1,step-profile-config1-bbeam1-gaokao2023en-exclusive0817,181,181,11,draft|draft_verify,147.13501930236816,125.71167945861816,0.0,452,38,456,11,0,0,1,1,0
gaokao2023en,bbeam1,step-profile-config1-bbeam1-gaokao2023en-exclusive0817,181,181,12,draft|draft_verify,16.970157623291016,125.74148178100586,0.0,490,4,462,12,0,0,1,1,0
gaokao2023en,bbeam1,step-profile-config1-bbeam1-gaokao2023en-exclusive0817,181,181,13,draft|draft_verify|target|target_rescue_verify,355.86094856262207,261.19518280029297,882.3390007019043,494,93,1063,26,494,42,1,2,1
gaokao2023en,bbeam1,step-profile-config1-bbeam1-gaokao2023en-exclusive0817,181,181,14,draft|draft_verify,34.04641151428223,125.80728530883789,0.0,536,8,516,14,0,0,1,1,0
gaokao2023en,bbeam1,step-profile-config1-bbeam1-gaokao2023en-exclusive0817,181,181,15,draft|draft_verify|target|target_rescue_verify,207.32879638671875,254.95409965515137,1113.7101650238037,544,51,1141,30,544,54,1,2,1
gaokao2023en,bbeam1,step-profile-config1-bbeam1-gaokao2023en-exclusive0817,181,181,16,draft|draft_verify,98.97685050964355,129.20546531677246,0.0,598,25,599,16,0,0,1,1,0
gaokao2023en,bbeam1,step-profile-config1-bbeam1-gaokao2023en-exclusive0817,181,181,17,draft|draft_verify,78.10664176940918,130.16390800476074,0.0,623,19,620,17,0,0,1,1,0
gaokao2023en,bbeam1,step-profile-config1-bbeam1-gaokao2023en-exclusive0817,182,182,1,draft|draft_verify,125.37264823913574,28.34010124206543,0.0,103,32,81,1,0,0,1,1,0
gaokao2023en,bbeam1,step-profile-config1-bbeam1-gaokao2023en-exclusive0817,182,182,2,draft|draft_verify,157.8202247619629,29.64615821838379,0.0,135,43,126,2,0,0,1,1,0
gaokao2023en,bbeam1,step-profile-config1-bbeam1-gaokao2023en-exclusive0817,182,182,3,draft|draft_verify,220.58939933776855,56.82826042175293,0.0,178,58,186,3,0,0,1,1,0
gaokao2023en,bbeam1,step-profile-config1-bbeam1-gaokao2023en-exclusive0817,182,182,4,draft|draft_verify,215.15297889709473,59.38529968261719,0.0,236,57,245,4,0,0,1,1,0
gaokao2023en,bbeam1,step-profile-config1-bbeam1-gaokao2023en-exclusive0817,182,182,5,draft|draft_verify,63.05551528930664,76.27391815185547,0.0,293,15,262,5,0,0,1,1,0
gaokao2023en,bbeam1,step-profile-config1-bbeam1-gaokao2023en-exclusive0817,183,183,1,draft|draft_verify,130.4910182952881,20.856142044067383,0.0,80,34,60,1,0,0,1,1,0
gaokao2023en,bbeam1,step-profile-config1-bbeam1-gaokao2023en-exclusive0817,183,183,2,draft|draft_verify,295.78471183776855,56.023597717285156,0.0,114,80,142,2,0,0,1,1,0
gaokao2023en,bbeam1,step-profile-config1-bbeam1-gaokao2023en-exclusive0817,183,183,3,draft|draft_verify|target|target_rescue_verify,382.49707221984863,136.35683059692383,1953.6585807800293,194,99,481,6,194,94,1,2,1
gaokao2023en,bbeam1,step-profile-config1-bbeam1-gaokao2023en-exclusive0817,183,183,4,draft|draft_verify,279.0992259979248,87.02564239501953,0.0,288,71,311,4,0,0,1,1,0
gaokao2023en,bbeam1,step-profile-config1-bbeam1-gaokao2023en-exclusive0817,183,183,5,draft|draft_verify,237.71381378173828,100.60763359069824,0.0,359,63,376,5,0,0,1,1,0
gaokao2023en,bbeam1,step-profile-config1-bbeam1-gaokao2023en-exclusive0817,183,183,6,draft|draft_verify,101.15361213684082,133.02230834960938,0.0,422,25,403,6,0,0,1,1,0
gaokao2023en,bbeam1,step-profile-config1-bbeam1-gaokao2023en-exclusive0817,184,184,1,draft|draft_verify,108.41178894042969,30.949115753173828,0.0,104,29,79,1,0,0,1,1,0
gaokao2023en,bbeam1,step-profile-config1-bbeam1-gaokao2023en-exclusive0817,184,184,2,draft|draft_verify,442.77215003967285,60.555219650268555,0.0,133,113,194,2,0,0,1,1,0
gaokao2023en,bbeam1,step-profile-config1-bbeam1-gaokao2023en-exclusive0817,184,184,3,draft|draft_verify,164.27063941955566,58.66217613220215,0.0,246,44,240,3,0,0,1,1,0
gaokao2023en,bbeam1,step-profile-config1-bbeam1-gaokao2023en-exclusive0817,184,184,4,draft|draft_verify,1072.8569030761719,139.38045501708984,0.0,290,273,515,4,0,0,1,1,0
gaokao2023en,bbeam1,step-profile-config1-bbeam1-gaokao2023en-exclusive0817,184,184,5,draft|draft_verify,70.88375091552734,126.79243087768555,0.0,563,17,534,5,0,0,1,1,0
gaokao2023en,bbeam1,step-profile-config1-bbeam1-gaokao2023en-exclusive0817,185,185,1,draft|draft_verify,71.18058204650879,29.23130989074707,0.0,119,19,84,1,0,0,1,1,0
gaokao2023en,bbeam1,step-profile-config1-bbeam1-gaokao2023en-exclusive0817,185,185,2,draft|draft_verify,167.17839241027832,46.877145767211914,0.0,138,46,131,2,0,0,1,1,0
gaokao2023en,bbeam1,step-profile-config1-bbeam1-gaokao2023en-exclusive0817,185,185,3,draft|draft_verify,52.169084548950195,49.948930740356445,0.0,184,14,147,3,0,0,1,1,0
gaokao2023en,bbeam1,step-profile-config1-bbeam1-gaokao2023en-exclusive0817,185,185,4,draft|draft_verify,153.49817276000977,57.81960487365723,0.0,198,42,191,4,0,0,1,1,0
gaokao2023en,bbeam1,step-profile-config1-bbeam1-gaokao2023en-exclusive0817,185,185,5,draft|draft_verify,19.654035568237305,59.39602851867676,0.0,240,5,198,5,0,0,1,1,0
gaokao2023en,bbeam1,step-profile-config1-bbeam1-gaokao2023en-exclusive0817,185,185,6,draft|draft_verify,75.13952255249023,59.80229377746582,0.0,245,20,220,6,0,0,1,1,0
gaokao2023en,bbeam1,step-profile-config1-bbeam1-gaokao2023en-exclusive0817,185,185,7,draft|draft_verify,116.7914867401123,60.7149600982666,0.0,265,30,252,7,0,0,1,1,0
gaokao2023en,bbeam1,step-profile-config1-bbeam1-gaokao2023en-exclusive0817,185,185,8,draft|draft_verify,267.2579288482666,91.02892875671387,0.0,295,70,324,8,0,0,1,1,0
gaokao2023en,bbeam1,step-profile-config1-bbeam1-gaokao2023en-exclusive0817,185,185,9,draft|draft_verify,35.52651405334473,91.18151664733887,0.0,365,9,335,9,0,0,1,1,0
gaokao2023en,bbeam1,step-profile-config1-bbeam1-gaokao2023en-exclusive0817,185,185,10,draft|draft_verify,73.24647903442383,90.92354774475098,0.0,374,19,356,10,0,0,1,1,0
gaokao2023en,bbeam1,step-profile-config1-bbeam1-gaokao2023en-exclusive0817,185,185,11,draft|draft_verify,35.241127014160156,92.18478202819824,0.0,393,9,367,11,0,0,1,1,0
gaokao2023en,bbeam1,step-profile-config1-bbeam1-gaokao2023en-exclusive0817,185,185,12,draft|draft_verify,134.4432830810547,124.06444549560547,0.0,402,35,404,12,0,0,1,1,0
gaokao2023en,bbeam1,step-profile-config1-bbeam1-gaokao2023en-exclusive0817,185,185,13,draft|draft_verify,137.8312110900879,125.14495849609375,0.0,437,36,442,13,0,0,1,1,0
gaokao2023en,bbeam1,step-profile-config1-bbeam1-gaokao2023en-exclusive0817,185,185,14,draft|draft_verify|target|target_rescue_verify,366.08195304870605,254.4999122619629,819.9689388275146,473,95,1016,28,473,33,1,2,1
gaokao2023en,bbeam1,step-profile-config1-bbeam1-gaokao2023en-exclusive0817,185,185,15,draft|draft_verify,225.88419914245605,127.28023529052734,0.0,506,59,538,15,0,0,1,1,0
gaokao2023en,bbeam1,step-profile-config1-bbeam1-gaokao2023en-exclusive0817,185,185,16,draft|draft_verify,366.2538528442383,131.58392906188965,0.0,565,96,636,16,0,0,1,1,0
gaokao2023en,bbeam1,step-profile-config1-bbeam1-gaokao2023en-exclusive0817,185,185,17,draft|draft_verify,24.68085289001465,150.5894660949707,0.0,661,6,644,17,0,0,1,1,0
gaokao2023en,bbeam1,step-profile-config1-bbeam1-gaokao2023en-exclusive0817,185,185,18,draft|draft_verify,175.21190643310547,151.70741081237793,0.0,667,46,692,18,0,0,1,1,0
gaokao2023en,bbeam1,step-profile-config1-bbeam1-gaokao2023en-exclusive0817,185,185,19,draft|draft_verify,96.21310234069824,152.06480026245117,0.0,713,24,718,19,0,0,1,1,0
gaokao2023en,bbeam1,step-profile-config1-bbeam1-gaokao2023en-exclusive0817,186,186,1,draft|draft_verify,149.47152137756348,30.638933181762695,0.0,80,41,67,1,0,0,1,1,0
gaokao2023en,bbeam1,step-profile-config1-bbeam1-gaokao2023en-exclusive0817,186,186,2,draft|draft_verify,112.68758773803711,29.00075912475586,0.0,121,31,100,2,0,0,1,1,0
gaokao2023en,bbeam1,step-profile-config1-bbeam1-gaokao2023en-exclusive0817,186,186,3,draft|draft_verify,196.2752342224121,49.24893379211426,0.0,152,54,156,3,0,0,1,1,0
gaokao2023en,bbeam1,step-profile-config1-bbeam1-gaokao2023en-exclusive0817,186,186,4,draft|draft_verify,204.21576499938965,58.6400032043457,0.0,206,56,214,4,0,0,1,1,0
gaokao2023en,bbeam1,step-profile-config1-bbeam1-gaokao2023en-exclusive0817,186,186,5,draft|draft_verify,197.88479804992676,75.48999786376953,0.0,262,52,268,5,0,0,1,1,0
gaokao2023en,bbeam1,step-profile-config1-bbeam1-gaokao2023en-exclusive0817,186,186,6,draft|draft_verify,78.2158374786377,75.95658302307129,0.0,314,19,289,6,0,0,1,1,0
gaokao2023en,bbeam1,step-profile-config1-bbeam1-gaokao2023en-exclusive0817,187,187,1,draft|draft_verify,139.71972465515137,33.44845771789551,0.0,106,38,90,1,0,0,1,1,0
gaokao2023en,bbeam1,step-profile-config1-bbeam1-gaokao2023en-exclusive0817,187,187,2,draft|draft_verify,142.52161979675293,51.43022537231445,0.0,144,39,131,2,0,0,1,1,0
gaokao2023en,bbeam1,step-profile-config1-bbeam1-gaokao2023en-exclusive0817,187,187,3,draft|draft_verify,131.04534149169922,56.195735931396484,0.0,183,36,169,3,0,0,1,1,0
gaokao2023en,bbeam1,step-profile-config1-bbeam1-gaokao2023en-exclusive0817,187,187,4,draft|draft_verify,229.16030883789062,66.50900840759277,0.0,219,62,233,4,0,0,1,1,0
gaokao2023en,bbeam1,step-profile-config1-bbeam1-gaokao2023en-exclusive0817,187,187,5,draft|draft_verify,121.26278877258301,84.84101295471191,0.0,281,32,267,5,0,0,1,1,0
gaokao2023en,bbeam1,step-profile-config1-bbeam1-gaokao2023en-exclusive0817,187,187,6,draft|draft_verify,88.043212890625,84.97166633605957,0.0,313,22,291,6,0,0,1,1,0
gaokao2023en,bbeam1,step-profile-config1-bbeam1-gaokao2023en-exclusive0817,188,188,1,draft|draft_verify,153.9771556854248,77.63528823852539,0.0,336,38,320,1,0,0,1,1,0
gaokao2023en,bbeam1,step-profile-config1-bbeam1-gaokao2023en-exclusive0817,188,188,2,draft|draft_verify,235.60667037963867,91.56131744384766,0.0,374,62,384,2,0,0,1,1,0
gaokao2023en,bbeam1,step-profile-config1-bbeam1-gaokao2023en-exclusive0817,188,188,3,draft|draft_verify,231.66275024414062,124.01437759399414,0.0,436,61,447,3,0,0,1,1,0
gaokao2023en,bbeam1,step-profile-config1-bbeam1-gaokao2023en-exclusive0817,188,188,4,draft|draft_verify|target|target_rescue_verify,251.89757347106934,262.8061771392822,1378.0248165130615,497,66,1025,8,497,61,1,2,1
gaokao2023en,bbeam1,step-profile-config1-bbeam1-gaokao2023en-exclusive0817,188,188,5,draft|draft_verify,252.25472450256348,127.39801406860352,0.0,558,64,576,5,0,0,1,1,0
gaokao2023en,bbeam1,step-profile-config1-bbeam1-gaokao2023en-exclusive0817,188,188,6,draft|draft_verify|target|target_rescue_verify,507.291316986084,284.73472595214844,1269.0908908843994,622,132,1349,12,622,61,1,2,1
gaokao2023en,bbeam1,step-profile-config1-bbeam1-gaokao2023en-exclusive0817,188,188,7,draft|draft_verify|target|target_rescue_verify,125.16379356384277,314.70751762390137,672.0647811889648,683,31,1344,14,683,31,1,2,1
gaokao2023en,bbeam1,step-profile-config1-bbeam1-gaokao2023en-exclusive0817,189,189,1,draft|draft_verify,104.70008850097656,31.85558319091797,0.0,96,28,70,1,0,0,1,1,0
gaokao2023en,bbeam1,step-profile-config1-bbeam1-gaokao2023en-exclusive0817,189,189,2,draft|draft_verify,169.83795166015625,29.84166145324707,0.0,124,46,118,2,0,0,1,1,0
gaokao2023en,bbeam1,step-profile-config1-bbeam1-gaokao2023en-exclusive0817,189,189,3,draft|draft_verify,141.45660400390625,50.66514015197754,0.0,170,35,155,3,0,0,1,1,0
gaokao2023en,bbeam1,step-profile-config1-bbeam1-gaokao2023en-exclusive0817,189,189,4,draft|draft_verify,190.83452224731445,59.39793586730957,0.0,205,52,209,4,0,0,1,1,0
gaokao2023en,bbeam1,step-profile-config1-bbeam1-gaokao2023en-exclusive0817,189,189,5,draft|draft_verify,37.35494613647461,60.10246276855469,0.0,257,9,220,5,0,0,1,1,0
gaokao2023en,bbeam1,step-profile-config1-bbeam1-gaokao2023en-exclusive0817,189,189,6,draft|draft_verify,175.17828941345215,76.47442817687988,0.0,266,46,268,6,0,0,1,1,0
gaokao2023en,bbeam1,step-profile-config1-bbeam1-gaokao2023en-exclusive0817,189,189,7,draft|draft_verify,31.510591506958008,76.34329795837402,0.0,312,8,278,7,0,0,1,1,0
gaokao2023en,bbeam1,step-profile-config1-bbeam1-gaokao2023en-exclusive0817,189,189,8,draft|draft_verify,312.8645420074463,92.33498573303223,0.0,320,79,359,8,0,0,1,1,0
gaokao2023en,bbeam1,step-profile-config1-bbeam1-gaokao2023en-exclusive0817,189,189,9,draft|draft_verify,110.78977584838867,124.65858459472656,0.0,399,28,389,9,0,0,1,1,0
gaokao2023en,bbeam1,step-profile-config1-bbeam1-gaokao2023en-exclusive0817,190,190,1,draft|draft_verify,213.62733840942383,51.35917663574219,0.0,174,59,180,1,0,0,1,1,0
gaokao2023en,bbeam1,step-profile-config1-bbeam1-gaokao2023en-exclusive0817,190,190,2,draft|draft_verify|target|target_rescue_verify,381.38532638549805,163.33317756652832,2197.071313858032,233,96,566,4,233,106,1,2,1
gaokao2023en,bbeam1,step-profile-config1-bbeam1-gaokao2023en-exclusive0817,190,190,3,draft|draft_verify|target|target_rescue_verify,418.31016540527344,231.08839988708496,1653.2907485961914,339,110,771,6,339,81,1,2,1
gaokao2023en,bbeam1,step-profile-config1-bbeam1-gaokao2023en-exclusive0817,190,190,4,draft|draft_verify,194.28205490112305,124.33075904846191,0.0,420,51,424,4,0,0,1,1,0
gaokao2023en,bbeam1,step-profile-config1-bbeam1-gaokao2023en-exclusive0817,190,190,5,draft|draft_verify,47.15752601623535,124.32384490966797,0.0,471,11,437,5,0,0,1,1,0
gaokao2023en,bbeam1,step-profile-config1-bbeam1-gaokao2023en-exclusive0817,191,191,1,draft|draft_verify,52.831172943115234,45.5172061920166,0.0,171,14,131,1,0,0,1,1,0
gaokao2023en,bbeam1,step-profile-config1-bbeam1-gaokao2023en-exclusive0817,191,191,2,draft|draft_verify,70.07050514221191,48.963069915771484,0.0,185,19,152,2,0,0,1,1,0
gaokao2023en,bbeam1,step-profile-config1-bbeam1-gaokao2023en-exclusive0817,191,191,3,draft|draft_verify,186.23638153076172,58.30073356628418,0.0,204,51,205,3,0,0,1,1,0
gaokao2023en,bbeam1,step-profile-config1-bbeam1-gaokao2023en-exclusive0817,191,191,4,draft|draft_verify,84.21969413757324,58.64739418029785,0.0,255,22,229,4,0,0,1,1,0
gaokao2023en,bbeam1,step-profile-config1-bbeam1-gaokao2023en-exclusive0817,191,191,5,draft|draft_verify,61.218976974487305,59.84044075012207,0.0,277,16,247,5,0,0,1,1,0
gaokao2023en,bbeam1,step-profile-config1-bbeam1-gaokao2023en-exclusive0817,191,191,6,draft|draft_verify,68.11404228210449,74.92804527282715,0.0,293,18,267,6,0,0,1,1,0
gaokao2023en,bbeam1,step-profile-config1-bbeam1-gaokao2023en-exclusive0817,191,191,7,draft|draft_verify,19.617080688476562,75.64997673034668,0.0,311,5,274,7,0,0,1,1,0
gaokao2023en,bbeam1,step-profile-config1-bbeam1-gaokao2023en-exclusive0817,191,191,8,draft|draft_verify,69.41461563110352,75.71625709533691,0.0,316,18,294,8,0,0,1,1,0
gaokao2023en,bbeam1,step-profile-config1-bbeam1-gaokao2023en-exclusive0817,191,191,9,draft|draft_verify,84.10930633544922,76.82418823242188,0.0,334,22,318,9,0,0,1,1,0
gaokao2023en,bbeam1,step-profile-config1-bbeam1-gaokao2023en-exclusive0817,191,191,10,draft|draft_verify,117.60067939758301,91.37630462646484,0.0,356,31,351,10,0,0,1,1,0
gaokao2023en,bbeam1,step-profile-config1-bbeam1-gaokao2023en-exclusive0817,191,191,11,draft|draft_verify,69.74935531616211,92.50330924987793,0.0,387,18,371,11,0,0,1,1,0
gaokao2023en,bbeam1,step-profile-config1-bbeam1-gaokao2023en-exclusive0817,191,191,12,draft|draft_verify,99.79510307312012,124.49431419372559,0.0,405,26,399,12,0,0,1,1,0
gaokao2023en,bbeam1,step-profile-config1-bbeam1-gaokao2023en-exclusive0817,191,191,13,draft|draft_verify,57.94930458068848,123.97170066833496,0.0,431,15,416,13,0,0,1,1,0
gaokao2023en,bbeam1,step-profile-config1-bbeam1-gaokao2023en-exclusive0817,191,191,14,draft|draft_verify,35.13526916503906,124.16815757751465,0.0,446,8,426,14,0,0,1,1,0
gaokao2023en,bbeam1,step-profile-config1-bbeam1-gaokao2023en-exclusive0817,192,192,1,draft|draft_verify,92.44251251220703,49.83806610107422,0.0,173,25,145,1,0,0,1,1,0
gaokao2023en,bbeam1,step-profile-config1-bbeam1-gaokao2023en-exclusive0817,192,192,2,draft|draft_verify,326.9848823547363,59.14306640625,0.0,198,89,236,2,0,0,1,1,0
gaokao2023en,bbeam1,step-profile-config1-bbeam1-gaokao2023en-exclusive0817,192,192,3,draft|draft_verify,61.501264572143555,60.29367446899414,0.0,287,16,254,3,0,0,1,1,0
gaokao2023en,bbeam1,step-profile-config1-bbeam1-gaokao2023en-exclusive0817,192,192,4,draft|draft_verify,89.30850028991699,76.4615535736084,0.0,303,20,276,4,0,0,1,1,0
gaokao2023en,bbeam1,step-profile-config1-bbeam1-gaokao2023en-exclusive0817,192,192,5,draft|draft_verify,23.871421813964844,76.29132270812988,0.0,323,6,284,5,0,0,1,1,0
gaokao2023en,bbeam1,step-profile-config1-bbeam1-gaokao2023en-exclusive0817,192,192,6,draft|draft_verify,83.9695930480957,77.71897315979004,0.0,329,22,308,6,0,0,1,1,0
gaokao2023en,bbeam1,step-profile-config1-bbeam1-gaokao2023en-exclusive0817,192,192,7,draft|draft_verify,27.850866317749023,76.91502571105957,0.0,351,7,317,7,0,0,1,1,0
gaokao2023en,bbeam1,step-profile-config1-bbeam1-gaokao2023en-exclusive0817,192,192,8,draft|draft_verify,40.276288986206055,90.94643592834473,0.0,358,9,328,8,0,0,1,1,0
gaokao2023en,bbeam1,step-profile-config1-bbeam1-gaokao2023en-exclusive0817,193,193,1,draft|draft_verify,129.50682640075684,30.794382095336914,0.0,133,35,114,1,0,0,1,1,0
gaokao2023en,bbeam1,step-profile-config1-bbeam1-gaokao2023en-exclusive0817,193,193,2,draft|draft_verify,87.8899097442627,49.03602600097656,0.0,168,24,140,2,0,0,1,1,0
gaokao2023en,bbeam1,step-profile-config1-bbeam1-gaokao2023en-exclusive0817,193,193,3,draft|draft_verify,199.58782196044922,58.762311935424805,0.0,192,55,197,3,0,0,1,1,0
gaokao2023en,bbeam1,step-profile-config1-bbeam1-gaokao2023en-exclusive0817,193,193,4,draft|draft_verify,158.10799598693848,59.44252014160156,0.0,247,42,241,4,0,0,1,1,0
gaokao2023en,bbeam1,step-profile-config1-bbeam1-gaokao2023en-exclusive0817,193,193,5,draft|draft_verify,133.68558883666992,76.27725601196289,0.0,289,35,278,5,0,0,1,1,0
gaokao2023en,bbeam1,step-profile-config1-bbeam1-gaokao2023en-exclusive0817,193,193,6,draft|draft_verify,57.3272705078125,75.81925392150879,0.0,324,14,294,6,0,0,1,1,0
gaokao2023en,bbeam1,step-profile-config1-bbeam1-gaokao2023en-exclusive0817,194,194,1,draft|draft_verify,180.10568618774414,60.358285903930664,0.0,253,47,246,1,0,0,1,1,0
gaokao2023en,bbeam1,step-profile-config1-bbeam1-gaokao2023en-exclusive0817,194,194,2,draft|draft_verify,274.4588851928711,91.78495407104492,0.0,300,73,321,2,0,0,1,1,0
gaokao2023en,bbeam1,step-profile-config1-bbeam1-gaokao2023en-exclusive0817,194,194,3,draft|draft_verify,211.68851852416992,93.414306640625,0.0,373,55,378,3,0,0,1,1,0
gaokao2023en,bbeam1,step-profile-config1-bbeam1-gaokao2023en-exclusive0817,194,194,4,draft|draft_verify|target|target_rescue_verify,268.30196380615234,251.67369842529297,1179.107904434204,428,71,884,8,428,53,1,2,1
gaokao2023en,bbeam1,step-profile-config1-bbeam1-gaokao2023en-exclusive0817,194,194,5,draft|draft_verify|target|target_rescue_verify,313.828706741333,302.37293243408203,5089.367866516113,481,83,1206,10,481,253,1,2,1
gaokao2023en,bbeam1,step-profile-config1-bbeam1-gaokao2023en-exclusive0817,194,194,6,draft|draft_verify,62.86311149597168,154.91080284118652,0.0,734,15,705,6,0,0,1,1,0
gaokao2023en,bbeam1,step-profile-config1-bbeam1-gaokao2023en-exclusive0817,194,194,7,draft|draft_verify,25.38156509399414,157.52124786376953,0.0,749,5,712,7,0,0,1,1,0
gaokao2023en,bbeam1,step-profile-config1-bbeam1-gaokao2023en-exclusive0817,195,195,1,draft|draft_verify,131.41679763793945,50.046443939208984,0.0,163,36,145,1,0,0,1,1,0
gaokao2023en,bbeam1,step-profile-config1-bbeam1-gaokao2023en-exclusive0817,195,195,2,draft|draft_verify,166.0919189453125,58.16388130187988,0.0,199,46,193,2,0,0,1,1,0
gaokao2023en,bbeam1,step-profile-config1-bbeam1-gaokao2023en-exclusive0817,195,195,3,draft|draft_verify,115.5555248260498,59.16953086853027,0.0,245,31,226,3,0,0,1,1,0
gaokao2023en,bbeam1,step-profile-config1-bbeam1-gaokao2023en-exclusive0817,195,195,4,draft|draft_verify,49.69215393066406,59.224843978881836,0.0,276,13,241,4,0,0,1,1,0
gaokao2023en,bbeam1,step-profile-config1-bbeam1-gaokao2023en-exclusive0817,195,195,5,draft|draft_verify,35.94660758972168,59.60559844970703,0.0,289,9,252,5,0,0,1,1,0
gaokao2023en,bbeam1,step-profile-config1-bbeam1-gaokao2023en-exclusive0817,195,195,6,draft|draft_verify,61.593055725097656,75.39987564086914,0.0,298,16,270,6,0,0,1,1,0
gaokao2023en,bbeam1,step-profile-config1-bbeam1-gaokao2023en-exclusive0817,195,195,7,draft|draft_verify,79.81729507446289,77.36492156982422,0.0,314,20,292,7,0,0,1,1,0
gaokao2023en,bbeam1,step-profile-config1-bbeam1-gaokao2023en-exclusive0817,195,195,8,draft|draft_verify,73.60577583312988,76.6606330871582,0.0,334,19,313,8,0,0,1,1,0
gaokao2023en,bbeam1,step-profile-config1-bbeam1-gaokao2023en-exclusive0817,195,195,9,draft|draft_verify,25.18010139465332,90.7289981842041,0.0,353,6,321,9,0,0,1,1,0
gaokao2023en,bbeam1,step-profile-config1-bbeam1-gaokao2023en-exclusive0817,195,195,10,draft|draft_verify,35.11857986450195,91.2022590637207,0.0,359,9,332,10,0,0,1,1,0
gaokao2023en,bbeam1,step-profile-config1-bbeam1-gaokao2023en-exclusive0817,195,195,11,draft|draft_verify,137.90202140808105,92.11087226867676,0.0,368,35,369,11,0,0,1,1,0
gaokao2023en,bbeam1,step-profile-config1-bbeam1-gaokao2023en-exclusive0817,196,196,1,draft|draft_verify,173.08354377746582,59.96513366699219,0.0,202,47,195,1,0,0,1,1,0
gaokao2023en,bbeam1,step-profile-config1-bbeam1-gaokao2023en-exclusive0817,196,196,2,draft|draft_verify,94.44999694824219,58.77423286437988,0.0,249,25,222,2,0,0,1,1,0
gaokao2023en,bbeam1,step-profile-config1-bbeam1-gaokao2023en-exclusive0817,196,196,3,draft|draft_verify,158.79487991333008,75.85334777832031,0.0,274,42,266,3,0,0,1,1,0
gaokao2023en,bbeam1,step-profile-config1-bbeam1-gaokao2023en-exclusive0817,196,196,4,draft|draft_verify,144.0281867980957,76.42984390258789,0.0,316,37,305,4,0,0,1,1,0
gaokao2023en,bbeam1,step-profile-config1-bbeam1-gaokao2023en-exclusive0817,196,196,5,draft|draft_verify|target|target_rescue_verify,212.09168434143066,194.96774673461914,1518.9740657806396,353,56,740,10,353,70,1,2,1
gaokao2023en,bbeam1,step-profile-config1-bbeam1-gaokao2023en-exclusive0817,196,196,6,draft|draft_verify,89.37478065490723,129.2252540588379,0.0,423,23,402,6,0,0,1,1,0
gaokao2023en,bbeam1,step-profile-config1-bbeam1-gaokao2023en-exclusive0817,196,196,7,draft|draft_verify,132.93027877807617,125.0460147857666,0.0,446,35,439,7,0,0,1,1,0
gaokao2023en,bbeam1,step-profile-config1-bbeam1-gaokao2023en-exclusive0817,196,196,8,draft|draft_verify,328.8843631744385,126.73163414001465,0.0,481,87,528,8,0,0,1,1,0
gaokao2023en,bbeam1,step-profile-config1-bbeam1-gaokao2023en-exclusive0817,196,196,9,draft|draft_verify|target|target_rescue_verify,213.70434761047363,295.3219413757324,2347.1453189849854,568,57,1231,18,568,114,1,2,1
gaokao2023en,bbeam1,step-profile-config1-bbeam1-gaokao2023en-exclusive0817,196,196,10,draft|draft_verify|target|target_rescue_verify,45.5625057220459,323.0559825897217,1195.1208114624023,682,10,1360,20,682,58,1,2,1
gaokao2023en,bbeam1,step-profile-config1-bbeam1-gaokao2023en-exclusive0817,196,196,11,draft|draft_verify,52.8106689453125,151.64637565612793,0.0,740,12,718,11,0,0,1,1,0
gaokao2023en,bbeam1,step-profile-config1-bbeam1-gaokao2023en-exclusive0817,197,197,1,draft|draft_verify,127.80332565307617,46.32902145385742,0.0,152,32,130,1,0,0,1,1,0
gaokao2023en,bbeam1,step-profile-config1-bbeam1-gaokao2023en-exclusive0817,197,197,2,draft|draft_verify,158.62703323364258,49.883127212524414,0.0,184,43,175,2,0,0,1,1,0
gaokao2023en,bbeam1,step-profile-config1-bbeam1-gaokao2023en-exclusive0817,197,197,3,draft|draft_verify,355.2355766296387,75.78349113464355,0.0,227,92,269,3,0,0,1,1,0
gaokao2023en,bbeam1,step-profile-config1-bbeam1-gaokao2023en-exclusive0817,197,197,4,draft|draft_verify,245.4519271850586,91.70150756835938,0.0,319,64,335,4,0,0,1,1,0
gaokao2023en,bbeam1,step-profile-config1-bbeam1-gaokao2023en-exclusive0817,197,197,5,draft|draft_verify,398.2682228088379,141.45207405090332,0.0,383,104,441,5,0,0,1,1,0
gaokao2023en,bbeam1,step-profile-config1-bbeam1-gaokao2023en-exclusive0817,197,197,6,draft|draft_verify,196.3493824005127,141.65210723876953,0.0,487,49,492,6,0,0,1,1,0
gaokao2023en,bbeam1,step-profile-config1-bbeam1-gaokao2023en-exclusive0817,198,198,1,draft|draft_verify,156.20756149291992,30.17568588256836,0.0,89,42,77,1,0,0,1,1,0
gaokao2023en,bbeam1,step-profile-config1-bbeam1-gaokao2023en-exclusive0817,198,198,2,draft|draft_verify,174.09777641296387,30.050277709960938,0.0,131,47,126,2,0,0,1,1,0
gaokao2023en,bbeam1,step-profile-config1-bbeam1-gaokao2023en-exclusive0817,198,198,3,draft|draft_verify,195.7683563232422,49.96061325073242,0.0,178,53,181,3,0,0,1,1,0
gaokao2023en,bbeam1,step-profile-config1-bbeam1-gaokao2023en-exclusive0817,198,198,4,draft|draft_verify,365.0031089782715,75.9429931640625,0.0,231,96,279,4,0,0,1,1,0
gaokao2023en,bbeam1,step-profile-config1-bbeam1-gaokao2023en-exclusive0817,198,198,5,draft|draft_verify,112.75792121887207,75.76465606689453,0.0,327,29,310,5,0,0,1,1,0
gaokao2023en,bbeam1,step-profile-config1-bbeam1-gaokao2023en-exclusive0817,198,198,6,draft|draft_verify,78.24301719665527,90.6980037689209,0.0,356,19,331,6,0,0,1,1,0
gaokao2023en,bbeam1,step-profile-config1-bbeam1-gaokao2023en-exclusive0817,199,199,1,draft|draft_verify,171.77939414978027,29.41584587097168,0.0,119,46,112,1,0,0,1,1,0
gaokao2023en,bbeam1,step-profile-config1-bbeam1-gaokao2023en-exclusive0817,199,199,2,draft|draft_verify,145.29085159301758,50.015926361083984,0.0,165,39,153,2,0,0,1,1,0
gaokao2023en,bbeam1,step-profile-config1-bbeam1-gaokao2023en-exclusive0817,199,199,3,draft|draft_verify,253.79276275634766,59.478044509887695,0.0,204,66,221,3,0,0,1,1,0
gaokao2023en,bbeam1,step-profile-config1-bbeam1-gaokao2023en-exclusive0817,199,199,4,draft|draft_verify,251.70493125915527,75.84500312805176,0.0,270,66,289,4,0,0,1,1,0
gaokao2023en,bbeam1,step-profile-config1-bbeam1-gaokao2023en-exclusive0817,199,199,5,draft|draft_verify,97.2280502319336,76.03335380554199,0.0,336,25,316,5,0,0,1,1,0
gaokao2023en,bbeam1,step-profile-config1-bbeam1-gaokao2023en-exclusive0817,199,199,6,draft|draft_verify,253.9834976196289,92.76223182678223,0.0,361,66,384,6,0,0,1,1,0
gaokao2023en,bbeam1,step-profile-config1-bbeam1-gaokao2023en-exclusive0817,199,199,7,draft|draft_verify,173.69556427001953,123.70133399963379,0.0,427,45,431,7,0,0,1,1,0
gaokao2023en,bbeam1,step-profile-config1-bbeam1-gaokao2023en-exclusive0817,199,199,8,draft|draft_verify,54.74138259887695,124.76420402526855,0.0,472,13,446,8,0,0,1,1,0
gaokao2023en,bbeam1,step-profile-config1-bbeam1-gaokao2023en-exclusive0817,200,200,1,draft|draft_verify,306.0004711151123,50.4763126373291,0.0,129,82,157,1,0,0,1,1,0
gaokao2023en,bbeam1,step-profile-config1-bbeam1-gaokao2023en-exclusive0817,200,200,2,draft|draft_verify,34.130096435546875,50.1103401184082,0.0,211,9,168,2,0,0,1,1,0
gaokao2023en,bbeam1,step-profile-config1-bbeam1-gaokao2023en-exclusive0817,200,200,3,draft|draft_verify|target|target_rescue_verify,319.3190097808838,145.7374095916748,2210.097551345825,220,85,532,6,220,107,1,2,1
gaokao2023en,bbeam1,step-profile-config1-bbeam1-gaokao2023en-exclusive0817,200,200,4,draft|draft_verify,395.8566188812256,103.39641571044922,0.0,327,104,383,4,0,0,1,1,0
gaokao2023en,bbeam1,step-profile-config1-bbeam1-gaokao2023en-exclusive0817,200,200,5,draft|draft_verify,427.71029472351074,142.0731544494629,0.0,431,110,495,5,0,0,1,1,0
gaokao2023en,bbeam1,step-profile-config1-bbeam1-gaokao2023en-exclusive0817,200,200,6,draft|draft_verify,402.32253074645996,130.10239601135254,0.0,541,106,603,6,0,0,1,1,0
gaokao2023en,bbeam1,step-profile-config1-bbeam1-gaokao2023en-exclusive0817,200,200,7,draft|draft_verify,74.44119453430176,129.8534870147705,0.0,647,18,623,7,0,0,1,1,0
gaokao2023en,bbeam1,step-profile-config1-bbeam1-gaokao2023en-exclusive0817,201,201,1,draft|draft_verify,133.8205337524414,49.66235160827637,0.0,172,36,154,1,0,0,1,1,0
gaokao2023en,bbeam1,step-profile-config1-bbeam1-gaokao2023en-exclusive0817,201,201,2,draft|draft_verify|target|backtracking_verify,149.56426620483398,118.8974380493164,1051.117181777954,208,41,404,4,208,51,1,2,1
gaokao2023en,bbeam1,step-profile-config1-bbeam1-gaokao2023en-exclusive0817,201,201,3,draft|draft_verify|target|target_rescue_verify,423.54440689086914,221.14086151123047,1160.6450080871582,508,111,772,9,249,54,2,3,1
gaokao2023en,bbeam1,step-profile-config1-bbeam1-gaokao2023en-exclusive0817,201,201,4,draft|draft_verify|target|target_rescue_verify,630.4128170013428,273.62728118896484,1151.4906883239746,611,166,992,12,303,56,2,3,1
gaokao2023en,bbeam1,step-profile-config1-bbeam1-gaokao2023en-exclusive0817,201,201,5,draft|draft_verify|target|target_rescue_verify,391.6139602661133,365.73338508605957,2691.349506378174,779,101,1234,15,359,133,2,3,1
gaokao2023en,bbeam1,step-profile-config1-bbeam1-gaokao2023en-exclusive0817,201,201,6,draft|draft_verify|target|target_rescue_verify,400.3438949584961,413.03491592407227,1242.6633834838867,959,104,1483,18,492,60,2,3,1
gaokao2023en,bbeam1,step-profile-config1-bbeam1-gaokao2023en-exclusive0817,201,201,7,draft|draft_verify,32.37557411193848,141.65019989013672,0.0,519,8,484,7,0,0,1,1,0
gaokao2023en,bbeam1,step-profile-config1-bbeam1-gaokao2023en-exclusive0817,201,201,8,draft|draft_verify,185.23621559143066,125.79894065856934,0.0,527,48,534,8,0,0,1,1,0
gaokao2023en,bbeam1,step-profile-config1-bbeam1-gaokao2023en-exclusive0817,201,201,9,draft|draft_verify|target|target_rescue_verify,268.2523727416992,295.90487480163574,2266.6234970092773,575,71,1251,18,575,108,1,2,1
gaokao2023en,bbeam1,step-profile-config1-bbeam1-gaokao2023en-exclusive0817,201,201,10,draft|draft_verify,318.85242462158203,153.56850624084473,0.0,683,84,730,10,0,0,1,1,0
gaokao2023en,bbeam1,step-profile-config1-bbeam1-gaokao2023en-exclusive0817,201,201,11,draft|draft_verify|target|target_rescue_verify,271.2092399597168,347.8720188140869,1626.0547637939453,767,71,1614,22,767,79,1,2,1
gaokao2023en,bbeam1,step-profile-config1-bbeam1-gaokao2023en-exclusive0817,201,201,12,draft|draft_verify,68.49980354309082,172.8823184967041,0.0,846,16,829,12,0,0,1,1,0
gaokao2023en,bbeam1,step-profile-config1-bbeam1-gaokao2023en-exclusive0817,202,202,1,draft|draft_verify,203.97281646728516,29.82950210571289,0.0,123,55,124,1,0,0,1,1,0
gaokao2023en,bbeam1,step-profile-config1-bbeam1-gaokao2023en-exclusive0817,202,202,2,draft|draft_verify,296.7071533203125,59.226036071777344,0.0,178,79,205,2,0,0,1,1,0
gaokao2023en,bbeam1,step-profile-config1-bbeam1-gaokao2023en-exclusive0817,202,202,3,draft|draft_verify,90.3322696685791,59.26203727722168,0.0,257,23,230,3,0,0,1,1,0
gaokao2023en,bbeam1,step-profile-config1-bbeam1-gaokao2023en-exclusive0817,202,202,4,draft|draft_verify|target|target_rescue_verify,94.79284286499023,154.0679931640625,731.1625480651855,280,25,522,8,280,33,1,2,1
gaokao2023en,bbeam1,step-profile-config1-bbeam1-gaokao2023en-exclusive0817,202,202,5,draft|draft_verify,90.29173851013184,76.08413696289062,0.0,313,23,290,5,0,0,1,1,0
gaokao2023en,bbeam1,step-profile-config1-bbeam1-gaokao2023en-exclusive0817,202,202,6,draft|draft_verify,112.6251220703125,76.32613182067871,0.0,336,28,320,6,0,0,1,1,0
gaokao2023en,bbeam1,step-profile-config1-bbeam1-gaokao2023en-exclusive0817,203,203,1,draft|draft_verify,392.3494815826416,50.66037178039551,0.0,116,108,170,1,0,0,1,1,0
gaokao2023en,bbeam1,step-profile-config1-bbeam1-gaokao2023en-exclusive0817,203,203,2,draft|draft_verify,224.40361976623535,59.97872352600098,0.0,224,61,233,2,0,0,1,1,0
gaokao2023en,bbeam1,step-profile-config1-bbeam1-gaokao2023en-exclusive0817,203,203,3,draft|draft_verify|target|target_rescue_verify,774.979829788208,281.5256118774414,4828.07993888855,285,196,903,6,285,237,1,2,1
gaokao2023en,bbeam1,step-profile-config1-bbeam1-gaokao2023en-exclusive0817,203,203,4,draft|draft_verify|target|target_rescue_verify,988.0380630493164,318.6819553375244,4510.785102844238,522,257,1428,8,522,223,1,2,1
gaokao2023en,bbeam1,step-profile-config1-bbeam1-gaokao2023en-exclusive0817,203,203,5,draft|draft_verify,123.67653846740723,159.03401374816895,0.0,745,29,728,5,0,0,1,1,0
gaokao2023en,bbeam1,step-profile-config1-bbeam1-gaokao2023en-exclusive0817,204,204,1,draft|draft_verify,134.0467929840088,50.31728744506836,0.0,177,36,160,1,0,0,1,1,0
gaokao2023en,bbeam1,step-profile-config1-bbeam1-gaokao2023en-exclusive0817,204,204,2,draft|draft_verify,199.54538345336914,59.30376052856445,0.0,213,54,216,2,0,0,1,1,0
gaokao2023en,bbeam1,step-profile-config1-bbeam1-gaokao2023en-exclusive0817,204,204,3,draft|draft_verify,387.5079154968262,76.19833946228027,0.0,267,98,316,3,0,0,1,1,0
gaokao2023en,bbeam1,step-profile-config1-bbeam1-gaokao2023en-exclusive0817,204,204,4,draft|draft_verify|target|target_rescue_verify,519.4861888885498,266.9403553009033,2249.499559402466,365,131,874,8,365,107,1,2,1
gaokao2023en,bbeam1,step-profile-config1-bbeam1-gaokao2023en-exclusive0817,204,204,5,draft|draft_verify,542.1602725982666,128.26824188232422,0.0,472,141,568,5,0,0,1,1,0
gaokao2023en,bbeam1,step-profile-config1-bbeam1-gaokao2023en-exclusive0817,204,204,6,draft|draft_verify|target|target_rescue_verify,152.49371528625488,297.25170135498047,3841.0043716430664,613,38,1366,12,613,188,1,2,1
gaokao2023en,bbeam1,step-profile-config1-bbeam1-gaokao2023en-exclusive0817,204,204,7,draft|draft_verify|target|target_rescue_verify,71.00796699523926,340.98172187805176,473.7730026245117,801,16,1557,14,801,21,1,2,1
gaokao2023en,bbeam1,step-profile-config1-bbeam1-gaokao2023en-exclusive0817,205,205,1,draft|draft_verify,176.6517162322998,60.758352279663086,0.0,255,46,247,1,0,0,1,1,0
gaokao2023en,bbeam1,step-profile-config1-bbeam1-gaokao2023en-exclusive0817,205,205,2,draft|draft_verify|target|target_rescue_verify,170.51959037780762,152.8310775756836,549.94797706604,301,45,566,4,301,23,1,2,1
gaokao2023en,bbeam1,step-profile-config1-bbeam1-gaokao2023en-exclusive0817,205,205,3,draft|draft_verify,160.3240966796875,76.99704170227051,0.0,324,42,316,3,0,0,1,1,0
gaokao2023en,bbeam1,step-profile-config1-bbeam1-gaokao2023en-exclusive0817,205,205,4,draft|draft_verify,122.04694747924805,91.62664413452148,0.0,366,32,350,4,0,0,1,1,0
gaokao2023en,bbeam1,step-profile-config1-bbeam1-gaokao2023en-exclusive0817,205,205,5,draft|draft_verify,24.0325927734375,91.96233749389648,0.0,398,6,358,5,0,0,1,1,0
gaokao2023en,bbeam1,step-profile-config1-bbeam1-gaokao2023en-exclusive0817,205,205,6,draft|draft_verify,260.1430416107178,124.3734359741211,0.0,404,65,425,6,0,0,1,1,0
gaokao2023en,bbeam1,step-profile-config1-bbeam1-gaokao2023en-exclusive0817,205,205,7,draft|draft_verify,344.36893463134766,125.20694732666016,0.0,469,91,518,7,0,0,1,1,0
gaokao2023en,bbeam1,step-profile-config1-bbeam1-gaokao2023en-exclusive0817,205,205,8,draft|draft_verify,390.96522331237793,130.3095817565918,0.0,560,100,620,8,0,0,1,1,0
gaokao2023en,bbeam1,step-profile-config1-bbeam1-gaokao2023en-exclusive0817,205,205,9,draft|draft_verify,378.5250186920166,152.13465690612793,0.0,660,100,722,9,0,0,1,1,0
gaokao2023en,bbeam1,step-profile-config1-bbeam1-gaokao2023en-exclusive0817,205,205,10,draft|draft_verify,85.59489250183105,153.07164192199707,0.0,760,22,746,10,0,0,1,1,0
gaokao2023en,bbeam1,step-profile-config1-bbeam1-gaokao2023en-exclusive0817,205,205,11,draft|draft_verify|target|target_rescue_verify,24.926185607910156,307.7411651611328,362.63585090637207,782,5,1510,22,782,10,1,2,1
gaokao2023en,bbeam1,step-profile-config1-bbeam1-gaokao2023en-exclusive0817,206,206,1,draft|draft_verify,280.3769111633301,60.35494804382324,0.0,187,76,209,1,0,0,1,1,0
gaokao2023en,bbeam1,step-profile-config1-bbeam1-gaokao2023en-exclusive0817,206,206,2,draft|draft_verify,397.3081111907959,76.9658088684082,0.0,263,105,316,2,0,0,1,1,0
gaokao2023en,bbeam1,step-profile-config1-bbeam1-gaokao2023en-exclusive0817,206,206,3,draft|draft_verify,156.37493133544922,90.7602310180664,0.0,368,41,359,3,0,0,1,1,0
gaokao2023en,bbeam1,step-profile-config1-bbeam1-gaokao2023en-exclusive0817,206,206,4,draft|draft_verify|target|target_rescue_verify,65.53506851196289,184.19384956359863,565.1438236236572,409,16,760,8,409,22,1,2,1
gaokao2023en,bbeam1,step-profile-config1-bbeam1-gaokao2023en-exclusive0817,207,207,1,draft|draft_verify,188.5662078857422,50.36282539367676,0.0,166,50,162,1,0,0,1,1,0
gaokao2023en,bbeam1,step-profile-config1-bbeam1-gaokao2023en-exclusive0817,207,207,2,draft|draft_verify,191.0254955291748,60.541629791259766,0.0,216,52,216,2,0,0,1,1,0
gaokao2023en,bbeam1,step-profile-config1-bbeam1-gaokao2023en-exclusive0817,207,207,3,draft|draft_verify|target|target_rescue_verify,307.1942329406738,145.7538604736328,828.4528255462646,268,81,555,6,268,38,1,2,1
gaokao2023en,bbeam1,step-profile-config1-bbeam1-gaokao2023en-exclusive0817,207,207,4,draft|draft_verify,255.96189498901367,102.9977798461914,0.0,306,64,322,4,0,0,1,1,0
gaokao2023en,bbeam1,step-profile-config1-bbeam1-gaokao2023en-exclusive0817,207,207,5,draft|draft_verify,288.77806663513184,140.43140411376953,0.0,370,75,399,5,0,0,1,1,0
gaokao2023en,bbeam1,step-profile-config1-bbeam1-gaokao2023en-exclusive0817,207,207,6,draft|draft_verify|target|target_rescue_verify,246.22631072998047,252.7768611907959,1426.267147064209,445,65,935,12,445,68,1,2,1
gaokao2023en,bbeam1,step-profile-config1-bbeam1-gaokao2023en-exclusive0817,207,207,7,draft|draft_verify,248.06666374206543,126.92999839782715,0.0,513,65,536,7,0,0,1,1,0
gaokao2023en,bbeam1,step-profile-config1-bbeam1-gaokao2023en-exclusive0817,207,207,8,draft|draft_verify,158.86998176574707,128.82232666015625,0.0,578,42,580,8,0,0,1,1,0
gaokao2023en,bbeam1,step-profile-config1-bbeam1-gaokao2023en-exclusive0817,207,207,9,draft|draft_verify,129.7929286956787,129.75788116455078,0.0,620,33,615,9,0,0,1,1,0
gaokao2023en,bbeam1,step-profile-config1-bbeam1-gaokao2023en-exclusive0817,208,208,1,draft|draft_verify,145.4176902770996,29.922962188720703,0.0,119,40,105,1,0,0,1,1,0
gaokao2023en,bbeam1,step-profile-config1-bbeam1-gaokao2023en-exclusive0817,208,208,2,draft|draft_verify,221.24862670898438,49.188852310180664,0.0,159,58,165,2,0,0,1,1,0
gaokao2023en,bbeam1,step-profile-config1-bbeam1-gaokao2023en-exclusive0817,208,208,3,draft|draft_verify,168.43199729919434,58.89129638671875,0.0,217,46,213,3,0,0,1,1,0
gaokao2023en,bbeam1,step-profile-config1-bbeam1-gaokao2023en-exclusive0817,208,208,4,draft|draft_verify,265.7613754272461,76.65300369262695,0.0,263,70,285,4,0,0,1,1,0
gaokao2023en,bbeam1,step-profile-config1-bbeam1-gaokao2023en-exclusive0817,208,208,5,draft|draft_verify,170.36962509155273,91.81404113769531,0.0,333,45,332,5,0,0,1,1,0
gaokao2023en,bbeam1,step-profile-config1-bbeam1-gaokao2023en-exclusive0817,208,208,6,draft|draft_verify,84.0463638305664,91.63403511047363,0.0,378,21,355,6,0,0,1,1,0
gaokao2023en,bbeam1,step-profile-config1-bbeam1-gaokao2023en-exclusive0817,209,209,1,draft|draft_verify,26.643991470336914,20.843982696533203,0.0,104,7,57,1,0,0,1,1,0
gaokao2023en,bbeam1,step-profile-config1-bbeam1-gaokao2023en-exclusive0817,209,209,2,draft|draft_verify,129.9903392791748,28.510570526123047,0.0,111,36,95,2,0,0,1,1,0
gaokao2023en,bbeam1,step-profile-config1-bbeam1-gaokao2023en-exclusive0817,209,209,3,draft|draft_verify,91.19105339050293,29.128074645996094,0.0,147,25,122,3,0,0,1,1,0
gaokao2023en,bbeam1,step-profile-config1-bbeam1-gaokao2023en-exclusive0817,209,209,4,draft|draft_verify,36.921024322509766,45.91083526611328,0.0,172,10,134,4,0,0,1,1,0
gaokao2023en,bbeam1,step-profile-config1-bbeam1-gaokao2023en-exclusive0817,209,209,5,draft|draft_verify,110.11075973510742,49.803972244262695,0.0,182,30,166,5,0,0,1,1,0
gaokao2023en,bbeam1,step-profile-config1-bbeam1-gaokao2023en-exclusive0817,209,209,6,draft|draft_verify,41.501760482788086,50.071001052856445,0.0,212,11,179,6,0,0,1,1,0
gaokao2023en,bbeam1,step-profile-config1-bbeam1-gaokao2023en-exclusive0817,209,209,7,draft|draft_verify,85.0682258605957,58.38370323181152,0.0,223,23,204,7,0,0,1,1,0
gaokao2023en,bbeam1,step-profile-config1-bbeam1-gaokao2023en-exclusive0817,209,209,8,draft|draft_verify,15.804290771484375,58.846235275268555,0.0,246,4,210,8,0,0,1,1,0
gaokao2023en,bbeam1,step-profile-config1-bbeam1-gaokao2023en-exclusive0817,209,209,9,draft|draft_verify,41.600704193115234,58.73727798461914,0.0,250,11,223,9,0,0,1,1,0
gaokao2023en,bbeam1,step-profile-config1-bbeam1-gaokao2023en-exclusive0817,209,209,10,draft|draft_verify,57.69753456115723,58.67648124694824,0.0,261,15,240,10,0,0,1,1,0
gaokao2023en,bbeam1,step-profile-config1-bbeam1-gaokao2023en-exclusive0817,209,209,11,draft|draft_verify,68.87459754943848,76.65657997131348,0.0,276,18,260,11,0,0,1,1,0
gaokao2023en,bbeam1,step-profile-config1-bbeam1-gaokao2023en-exclusive0817,209,209,12,draft|draft_verify,42.93084144592285,75.43826103210449,0.0,294,11,273,12,0,0,1,1,0
gaokao2023en,bbeam1,step-profile-config1-bbeam1-gaokao2023en-exclusive0817,209,209,13,draft|draft_verify,47.89137840270996,75.92320442199707,0.0,305,11,286,13,0,0,1,1,0
gaokao2023en,bbeam1,step-profile-config1-bbeam1-gaokao2023en-exclusive0817,210,210,1,draft|draft_verify,121.91104888916016,21.153926849365234,0.0,79,31,56,1,0,0,1,1,0
gaokao2023en,bbeam1,step-profile-config1-bbeam1-gaokao2023en-exclusive0817,210,210,2,draft|draft_verify,388.6733055114746,49.10397529602051,0.0,110,101,159,2,0,0,1,1,0
gaokao2023en,bbeam1,step-profile-config1-bbeam1-gaokao2023en-exclusive0817,210,210,3,draft|draft_verify,277.4531841278076,59.6318244934082,0.0,211,75,236,3,0,0,1,1,0
gaokao2023en,bbeam1,step-profile-config1-bbeam1-gaokao2023en-exclusive0817,210,210,4,draft|draft_verify,205.85966110229492,75.6227970123291,0.0,286,54,292,4,0,0,1,1,0
gaokao2023en,bbeam1,step-profile-config1-bbeam1-gaokao2023en-exclusive0817,210,210,5,draft|draft_verify,214.42556381225586,92.10658073425293,0.0,340,55,349,5,0,0,1,1,0
gaokao2023en,bbeam1,step-profile-config1-bbeam1-gaokao2023en-exclusive0817,210,210,6,draft|draft_verify|target|target_rescue_verify,69.9930191040039,215.70587158203125,798.5386848449707,395,17,753,12,395,34,1,2,1
gaokao2023en,bbeam1,step-profile-config1-bbeam1-gaokao2023en-exclusive0817,210,210,7,draft|draft_verify,71.11048698425293,124.11165237426758,0.0,429,17,404,7,0,0,1,1,0
gaokao2023en,bbeam1,step-profile-config1-bbeam1-gaokao2023en-exclusive0817,211,211,1,draft|draft_verify,172.68109321594238,29.473066329956055,0.0,84,47,77,1,0,0,1,1,0
gaokao2023en,bbeam1,step-profile-config1-bbeam1-gaokao2023en-exclusive0817,211,211,2,draft|draft_verify,193.96400451660156,45.97139358520508,0.0,131,53,132,2,0,0,1,1,0
gaokao2023en,bbeam1,step-profile-config1-bbeam1-gaokao2023en-exclusive0817,211,211,3,draft|draft_verify,516.089916229248,76.10511779785156,0.0,184,139,273,3,0,0,1,1,0
gaokao2023en,bbeam1,step-profile-config1-bbeam1-gaokao2023en-exclusive0817,211,211,4,draft|draft_verify,335.37840843200684,91.49980545043945,0.0,323,89,364,4,0,0,1,1,0
gaokao2023en,bbeam1,step-profile-config1-bbeam1-gaokao2023en-exclusive0817,211,211,5,draft|draft_verify,90.93141555786133,122.90501594543457,0.0,412,23,389,5,0,0,1,1,0
gaokao2023en,bbeam1,step-profile-config1-bbeam1-gaokao2023en-exclusive0817,212,212,1,draft|draft_verify,130.1112174987793,76.19929313659668,0.0,301,32,279,1,0,0,1,1,0
gaokao2023en,bbeam1,step-profile-config1-bbeam1-gaokao2023en-exclusive0817,212,212,2,draft|draft_verify|target|target_rescue_verify,246.08850479125977,184.25655364990234,1299.4256019592285,333,62,684,4,333,60,1,2,1
gaokao2023en,bbeam1,step-profile-config1-bbeam1-gaokao2023en-exclusive0817,212,212,3,draft|draft_verify,36.742448806762695,91.60351753234863,0.0,393,9,352,3,0,0,1,1,0
gaokao2023en,bbeam1,step-profile-config1-bbeam1-gaokao2023en-exclusive0817,212,212,4,draft|draft_verify|target|target_rescue_verify,220.36480903625488,286.7763042449951,2633.0959796905518,402,58,894,8,402,130,1,2,1
gaokao2023en,bbeam1,step-profile-config1-bbeam1-gaokao2023en-exclusive0817,212,212,5,draft|draft_verify,139.65892791748047,125.65159797668457,0.0,532,36,521,5,0,0,1,1,0
gaokao2023en,bbeam1,step-profile-config1-bbeam1-gaokao2023en-exclusive0817,212,212,6,draft|draft_verify|target|target_rescue_verify,201.7068862915039,257.39574432373047,1255.880355834961,568,53,1160,12,568,61,1,2,1
gaokao2023en,bbeam1,step-profile-config1-bbeam1-gaokao2023en-exclusive0817,212,212,7,draft|draft_verify,350.44312477111816,151.40986442565918,0.0,629,88,674,7,0,0,1,1,0
gaokao2023en,bbeam1,step-profile-config1-bbeam1-gaokao2023en-exclusive0817,212,212,8,draft|draft_verify,111.25683784484863,152.01234817504883,0.0,717,29,705,8,0,0,1,1,0
gaokao2023en,bbeam1,step-profile-config1-bbeam1-gaokao2023en-exclusive0817,212,212,9,draft|draft_verify,161.78035736083984,154.06179428100586,0.0,746,41,748,9,0,0,1,1,0
gaokao2023en,bbeam1,step-profile-config1-bbeam1-gaokao2023en-exclusive0817,213,213,1,draft|draft_verify,137.64119148254395,31.11553192138672,0.0,143,35,124,1,0,0,1,1,0
gaokao2023en,bbeam1,step-profile-config1-bbeam1-gaokao2023en-exclusive0817,213,213,2,draft|draft_verify|target|target_rescue_verify,230.7455539703369,138.09990882873535,3428.057909011841,178,57,477,4,178,168,1,2,1
gaokao2023en,bbeam1,step-profile-config1-bbeam1-gaokao2023en-exclusive0817,213,213,3,draft|draft_verify,337.2156620025635,102.48064994812012,0.0,346,88,384,3,0,0,1,1,0
gaokao2023en,bbeam1,step-profile-config1-bbeam1-gaokao2023en-exclusive0817,213,213,4,draft|draft_verify,313.4653568267822,125.84900856018066,0.0,434,83,469,4,0,0,1,1,0
gaokao2023en,bbeam1,step-profile-config1-bbeam1-gaokao2023en-exclusive0817,213,213,5,draft|draft_verify|target|target_rescue_verify,460.5567455291748,271.9075679779053,3012.709856033325,517,122,1211,10,517,147,1,2,1
gaokao2023en,bbeam1,step-profile-config1-bbeam1-gaokao2023en-exclusive0817,213,213,6,draft|draft_verify,268.1286334991455,151.8075466156006,0.0,664,63,683,6,0,0,1,1,0
gaokao2023en,bbeam1,step-profile-config1-bbeam1-gaokao2023en-exclusive0817,213,213,7,draft|draft_verify,105.8053970336914,152.16898918151855,0.0,727,26,711,7,0,0,1,1,0
gaokao2023en,bbeam1,step-profile-config1-bbeam1-gaokao2023en-exclusive0817,214,214,1,draft|draft_verify,261.0456943511963,28.16462516784668,0.0,71,68,85,1,0,0,1,1,0
gaokao2023en,bbeam1,step-profile-config1-bbeam1-gaokao2023en-exclusive0817,214,214,2,draft|draft_verify,89.79654312133789,29.22368049621582,0.0,139,24,111,2,0,0,1,1,0
gaokao2023en,bbeam1,step-profile-config1-bbeam1-gaokao2023en-exclusive0817,214,214,3,draft|draft_verify,33.98585319519043,29.893159866333008,0.0,163,9,122,3,0,0,1,1,0
gaokao2023en,bbeam1,step-profile-config1-bbeam1-gaokao2023en-exclusive0817,214,214,4,draft|draft_verify,161.3328456878662,49.78537559509277,0.0,172,42,166,4,0,0,1,1,0
gaokao2023en,bbeam1,step-profile-config1-bbeam1-gaokao2023en-exclusive0817,214,214,5,draft|draft_verify,159.84392166137695,58.65120887756348,0.0,214,42,210,5,0,0,1,1,0
gaokao2023en,bbeam1,step-profile-config1-bbeam1-gaokao2023en-exclusive0817,214,214,6,draft|draft_verify,138.67878913879395,59.096336364746094,0.0,256,35,247,6,0,0,1,1,0
gaokao2023en,bbeam1,step-profile-config1-bbeam1-gaokao2023en-exclusive0817,214,214,7,draft|draft_verify|target|target_rescue_verify,98.75679016113281,161.4968776702881,445.6744194030762,291,25,541,14,291,18,1,2,1
gaokao2023en,bbeam1,step-profile-config1-bbeam1-gaokao2023en-exclusive0817,214,214,8,draft|draft_verify,112.17141151428223,84.87772941589355,0.0,309,28,297,8,0,0,1,1,0
gaokao2023en,bbeam1,step-profile-config1-bbeam1-gaokao2023en-exclusive0817,215,215,1,draft|draft_verify,179.84509468078613,32.128095626831055,0.0,98,49,93,1,0,0,1,1,0
gaokao2023en,bbeam1,step-profile-config1-bbeam1-gaokao2023en-exclusive0817,215,215,2,draft|draft_verify,79.99229431152344,32.61923789978027,0.0,147,22,117,2,0,0,1,1,0
gaokao2023en,bbeam1,step-profile-config1-bbeam1-gaokao2023en-exclusive0817,215,215,3,draft|draft_verify,222.2442626953125,55.13405799865723,0.0,169,61,180,3,0,0,1,1,0
gaokao2023en,bbeam1,step-profile-config1-bbeam1-gaokao2023en-exclusive0817,215,215,4,draft|draft_verify,33.7986946105957,62.975406646728516,0.0,230,9,191,4,0,0,1,1,0
gaokao2023en,bbeam1,step-profile-config1-bbeam1-gaokao2023en-exclusive0817,215,215,5,draft|draft_verify,223.65403175354004,59.57365036010742,0.0,239,60,253,5,0,0,1,1,0
gaokao2023en,bbeam1,step-profile-config1-bbeam1-gaokao2023en-exclusive0817,215,215,6,draft|draft_verify,42.809247970581055,75.90508460998535,0.0,299,11,266,6,0,0,1,1,0
gaokao2023en,bbeam1,step-profile-config1-bbeam1-gaokao2023en-exclusive0817,215,215,7,draft|draft_verify,185.61863899230957,76.58696174621582,0.0,310,49,317,7,0,0,1,1,0
gaokao2023en,bbeam1,step-profile-config1-bbeam1-gaokao2023en-exclusive0817,215,215,8,draft|draft_verify,90.82198143005371,90.67916870117188,0.0,359,24,343,8,0,0,1,1,0
gaokao2023en,bbeam1,step-profile-config1-bbeam1-gaokao2023en-exclusive0817,215,215,9,draft|draft_verify,233.8705062866211,123.90685081481934,0.0,383,62,407,9,0,0,1,1,0
gaokao2023en,bbeam1,step-profile-config1-bbeam1-gaokao2023en-exclusive0817,215,215,10,draft|draft_verify,46.886444091796875,123.6574649810791,0.0,445,12,421,10,0,0,1,1,0
gaokao2023en,bbeam1,step-profile-config1-bbeam1-gaokao2023en-exclusive0817,215,215,11,draft|draft_verify,99.55501556396484,125.36835670471191,0.0,457,25,448,11,0,0,1,1,0
gaokao2023en,bbeam1,step-profile-config1-bbeam1-gaokao2023en-exclusive0817,216,216,1,draft|draft_verify,241.99271202087402,29.5870304107666,0.0,95,66,107,1,0,0,1,1,0
gaokao2023en,bbeam1,step-profile-config1-bbeam1-gaokao2023en-exclusive0817,216,216,2,draft|draft_verify,82.37409591674805,45.23134231567383,0.0,161,22,130,2,0,0,1,1,0
gaokao2023en,bbeam1,step-profile-config1-bbeam1-gaokao2023en-exclusive0817,216,216,3,draft|draft_verify,108.69359970092773,48.93922805786133,0.0,183,30,162,3,0,0,1,1,0
gaokao2023en,bbeam1,step-profile-config1-bbeam1-gaokao2023en-exclusive0817,216,216,4,draft|draft_verify,166.4290428161621,58.35843086242676,0.0,213,46,210,4,0,0,1,1,0
gaokao2023en,bbeam1,step-profile-config1-bbeam1-gaokao2023en-exclusive0817,216,216,5,draft|draft_verify,187.31451034545898,76.89523696899414,0.0,259,50,262,5,0,0,1,1,0
gaokao2023en,bbeam1,step-profile-config1-bbeam1-gaokao2023en-exclusive0817,216,216,6,draft|draft_verify,200.0868320465088,78.5679817199707,0.0,309,52,316,6,0,0,1,1,0
gaokao2023en,bbeam1,step-profile-config1-bbeam1-gaokao2023en-exclusive0817,216,216,7,draft|draft_verify|target|target_rescue_verify,198.34423065185547,196.81572914123535,1182.8269958496094,361,52,742,14,361,54,1,2,1
gaokao2023en,bbeam1,step-profile-config1-bbeam1-gaokao2023en-exclusive0817,216,216,8,draft|draft_verify|target|target_rescue_verify,90.30413627624512,248.7046718597412,877.7055740356445,415,23,813,16,415,42,1,2,1
gaokao2023en,bbeam1,step-profile-config1-bbeam1-gaokao2023en-exclusive0817,216,216,9,draft|draft_verify,94.48647499084473,124.73106384277344,0.0,457,24,441,9,0,0,1,1,0
gaokao2023en,bbeam1,step-profile-config1-bbeam1-gaokao2023en-exclusive0817,216,216,10,draft|draft_verify,120.0416088104248,124.96066093444824,0.0,481,31,474,10,0,0,1,1,0
gaokao2023en,bbeam1,step-profile-config1-bbeam1-gaokao2023en-exclusive0817,216,216,11,draft|draft_verify,190.8261775970459,125.43749809265137,0.0,512,50,526,11,0,0,1,1,0
gaokao2023en,bbeam1,step-profile-config1-bbeam1-gaokao2023en-exclusive0817,216,216,12,draft|draft_verify,197.2048282623291,129.4996738433838,0.0,562,50,578,12,0,0,1,1,0
gaokao2023en,bbeam1,step-profile-config1-bbeam1-gaokao2023en-exclusive0817,216,216,13,draft|draft_verify,214.77985382080078,130.60379028320312,0.0,612,56,636,13,0,0,1,1,0
gaokao2023en,bbeam1,step-profile-config1-bbeam1-gaokao2023en-exclusive0817,216,216,14,draft|draft_verify|target|target_rescue_verify,222.34797477722168,318.1591033935547,1243.9556121826172,668,58,1392,28,668,58,1,2,1
gaokao2023en,bbeam1,step-profile-config1-bbeam1-gaokao2023en-exclusive0817,216,216,15,draft|draft_verify,178.64680290222168,159.16919708251953,0.0,726,46,744,15,0,0,1,1,0
gaokao2023en,bbeam1,step-profile-config1-bbeam1-gaokao2023en-exclusive0817,216,216,16,draft|draft_verify,51.89633369445801,154.11043167114258,0.0,772,13,758,16,0,0,1,1,0
gaokao2023en,bbeam1,step-profile-config1-bbeam1-gaokao2023en-exclusive0817,216,216,17,draft|draft_verify,196.6269016265869,173.44379425048828,0.0,785,51,811,17,0,0,1,1,0
gaokao2023en,bbeam1,step-profile-config1-bbeam1-gaokao2023en-exclusive0817,216,216,18,draft|draft_verify,80.95359802246094,174.01576042175293,0.0,836,21,834,18,0,0,1,1,0
gaokao2023en,bbeam1,step-profile-config1-bbeam1-gaokao2023en-exclusive0817,216,216,19,draft|draft_verify,703.2241821289062,203.61995697021484,0.0,857,186,1022,19,0,0,1,1,0
gaokao2023en,bbeam1,step-profile-config1-bbeam1-gaokao2023en-exclusive0817,216,216,20,draft|draft_verify,715.7626152038574,256.8509578704834,0.0,1043,187,1211,20,0,0,1,1,0
gaokao2023en,bbeam1,step-profile-config1-bbeam1-gaokao2023en-exclusive0817,216,216,21,draft|draft_verify|target|backtracking_verify,138.0178928375244,507.56096839904785,237.93363571166992,1230,35,2470,42,1230,10,1,2,1
gaokao2023en,bbeam1,step-profile-config1-bbeam1-gaokao2023en-exclusive0817,216,216,22,draft|draft_verify|target|target_rescue_verify|backtracking_verify,307.6300621032715,1049.4239330291748,1782.7260494232178,2505,77,5103,88,2505,79,2,4,2
gaokao2023en,bbeam1,step-profile-config1-bbeam1-gaokao2023en-exclusive0817,216,216,23,draft|draft_verify|target|target_rescue_verify,198.97913932800293,1102.8578281402588,2610.6224060058594,2568,50,5256,92,2568,126,2,4,2
gaokao2023en,bbeam1,step-profile-config1-bbeam1-gaokao2023en-exclusive0817,216,216,24,draft|draft_verify,66.53380393981934,278.4759998321533,0.0,1356,16,1360,24,0,0,1,1,0
gaokao2023en,bbeam1,step-profile-config1-bbeam1-gaokao2023en-exclusive0817,216,216,25,draft|draft_verify,53.48062515258789,277.2033214569092,0.0,1372,12,1374,25,0,0,1,1,0
gaokao2023en,bbeam1,step-profile-config1-bbeam1-gaokao2023en-exclusive0817,217,217,1,draft|draft_verify|target|target_rescue_verify,282.35840797424316,97.60499000549316,1143.258810043335,135,76,293,2,135,55,1,2,1
gaokao2023en,bbeam1,step-profile-config1-bbeam1-gaokao2023en-exclusive0817,217,217,2,draft|draft_verify,198.0154514312744,63.684940338134766,0.0,190,53,191,2,0,0,1,1,0
gaokao2023en,bbeam1,step-profile-config1-bbeam1-gaokao2023en-exclusive0817,217,217,3,draft|draft_verify,200.90460777282715,67.02589988708496,0.0,243,53,246,3,0,0,1,1,0
gaokao2023en,bbeam1,step-profile-config1-bbeam1-gaokao2023en-exclusive0817,217,217,4,draft|draft_verify,145.1249122619629,85.52932739257812,0.0,296,38,286,4,0,0,1,1,0
gaokao2023en,bbeam1,step-profile-config1-bbeam1-gaokao2023en-exclusive0817,217,217,5,draft|draft_verify|target|target_rescue_verify,127.86388397216797,192.67582893371582,1121.6306686401367,334,33,662,10,334,53,1,2,1
gaokao2023en,bbeam1,step-profile-config1-bbeam1-gaokao2023en-exclusive0817,217,217,6,draft|draft_verify,203.94515991210938,123.93498420715332,0.0,387,53,396,6,0,0,1,1,0
gaokao2023en,bbeam1,step-profile-config1-bbeam1-gaokao2023en-exclusive0817,217,217,7,draft|draft_verify,149.80006217956543,124.88436698913574,0.0,440,39,437,7,0,0,1,1,0
gaokao2023en,bbeam1,step-profile-config1-bbeam1-gaokao2023en-exclusive0817,217,217,8,draft|draft_verify,258.9836120605469,135.59198379516602,0.0,479,68,507,8,0,0,1,1,0
gaokao2023en,bbeam1,step-profile-config1-bbeam1-gaokao2023en-exclusive0817,217,217,9,draft|draft_verify,157.74965286254883,127.96401977539062,0.0,547,39,548,9,0,0,1,1,0
gaokao2023en,bbeam1,step-profile-config1-bbeam1-gaokao2023en-exclusive0817,218,218,1,draft|draft_verify,68.03107261657715,30.585050582885742,0.0,114,18,78,1,0,0,1,1,0
gaokao2023en,bbeam1,step-profile-config1-bbeam1-gaokao2023en-exclusive0817,218,218,2,draft|draft_verify,66.3299560546875,29.63399887084961,0.0,132,18,97,2,0,0,1,1,0
gaokao2023en,bbeam1,step-profile-config1-bbeam1-gaokao2023en-exclusive0817,218,218,3,draft|draft_verify,293.2171821594238,50.95052719116211,0.0,150,79,178,3,0,0,1,1,0
gaokao2023en,bbeam1,step-profile-config1-bbeam1-gaokao2023en-exclusive0817,218,218,4,draft|draft_verify,96.15302085876465,59.43655967712402,0.0,229,26,206,4,0,0,1,1,0
gaokao2023en,bbeam1,step-profile-config1-bbeam1-gaokao2023en-exclusive0817,218,218,5,draft|draft_verify,69.03433799743652,58.929443359375,0.0,255,18,225,5,0,0,1,1,0
gaokao2023en,bbeam1,step-profile-config1-bbeam1-gaokao2023en-exclusive0817,218,218,6,draft|draft_verify,300.6465435028076,76.68137550354004,0.0,273,79,306,6,0,0,1,1,0
gaokao2023en,bbeam1,step-profile-config1-bbeam1-gaokao2023en-exclusive0817,218,218,7,draft|draft_verify,100.17824172973633,91.15433692932129,0.0,352,26,334,7,0,0,1,1,0
gaokao2023en,bbeam1,step-profile-config1-bbeam1-gaokao2023en-exclusive0817,218,218,8,draft|draft_verify,77.3322582244873,91.66502952575684,0.0,378,20,355,8,0,0,1,1,0
gaokao2023en,bbeam1,step-profile-config1-bbeam1-gaokao2023en-exclusive0817,218,218,9,draft|draft_verify,172.89972305297852,123.8858699798584,0.0,398,45,402,9,0,0,1,1,0
gaokao2023en,bbeam1,step-profile-config1-bbeam1-gaokao2023en-exclusive0817,218,218,10,draft|draft_verify|target|target_rescue_verify,108.89101028442383,249.36413764953613,519.9885368347168,443,28,854,20,443,18,1,2,1
gaokao2023en,bbeam1,step-profile-config1-bbeam1-gaokao2023en-exclusive0817,218,218,11,draft|draft_verify,73.86660575866699,125.40888786315918,0.0,461,17,440,11,0,0,1,1,0
gaokao2023en,bbeam1,step-profile-config1-bbeam1-gaokao2023en-exclusive0817,218,218,12,draft|draft_verify,163.69175910949707,143.3086395263672,0.0,478,42,484,12,0,0,1,1,0
gaokao2023en,bbeam1,step-profile-config1-bbeam1-gaokao2023en-exclusive0817,218,218,13,draft|draft_verify,50.048828125,134.76896286010742,0.0,520,12,498,13,0,0,1,1,0
gaokao2023en,bbeam1,step-profile-config1-bbeam1-gaokao2023en-exclusive0817,218,218,14,draft|draft_verify,70.13082504272461,126.18327140808105,0.0,532,16,516,14,0,0,1,1,0
gaokao2023en,bbeam1,step-profile-config1-bbeam1-gaokao2023en-exclusive0817,219,219,1,draft|draft_verify,226.58133506774902,50.57954788208008,0.0,136,61,143,1,0,0,1,1,0
gaokao2023en,bbeam1,step-profile-config1-bbeam1-gaokao2023en-exclusive0817,219,219,2,draft|draft_verify,223.480224609375,59.69405174255371,0.0,197,61,206,2,0,0,1,1,0
gaokao2023en,bbeam1,step-profile-config1-bbeam1-gaokao2023en-exclusive0817,219,219,3,draft|draft_verify,84.44404602050781,59.00859832763672,0.0,258,22,230,3,0,0,1,1,0
gaokao2023en,bbeam1,step-profile-config1-bbeam1-gaokao2023en-exclusive0817,219,219,4,draft|draft_verify,69.000244140625,59.45563316345215,0.0,280,18,250,4,0,0,1,1,0
gaokao2023en,bbeam1,step-profile-config1-bbeam1-gaokao2023en-exclusive0817,219,219,5,draft|draft_verify,102.74481773376465,76.06148719787598,0.0,298,27,279,5,0,0,1,1,0
gaokao2023en,bbeam1,step-profile-config1-bbeam1-gaokao2023en-exclusive0817,219,219,6,draft|draft_verify,225.2960205078125,91.80235862731934,0.0,325,59,340,6,0,0,1,1,0
gaokao2023en,bbeam1,step-profile-config1-bbeam1-gaokao2023en-exclusive0817,219,219,7,draft|draft_verify|target|target_rescue_verify,170.8517074584961,249.5718002319336,1281.2421321868896,384,45,787,14,384,58,1,2,1
gaokao2023en,bbeam1,step-profile-config1-bbeam1-gaokao2023en-exclusive0817,219,219,8,draft|draft_verify|target|target_rescue_verify,87.17703819274902,251.33132934570312,1179.048776626587,442,21,882,16,442,57,1,2,1
gaokao2023en,bbeam1,step-profile-config1-bbeam1-gaokao2023en-exclusive0817,219,219,9,draft|draft_verify,143.2509422302246,135.99133491516113,0.0,499,37,498,9,0,0,1,1,0
gaokao2023en,bbeam1,step-profile-config1-bbeam1-gaokao2023en-exclusive0817,219,219,10,draft|draft_verify,66.43319129943848,126.74212455749512,0.0,536,16,516,10,0,0,1,1,0
gaokao2023en,bbeam1,step-profile-config1-bbeam1-gaokao2023en-exclusive0817,220,220,1,draft|draft_verify,136.58475875854492,29.23107147216797,0.0,109,37,93,1,0,0,1,1,0
gaokao2023en,bbeam1,step-profile-config1-bbeam1-gaokao2023en-exclusive0817,220,220,2,draft|draft_verify,190.20748138427734,49.09920692443848,0.0,146,52,147,2,0,0,1,1,0
gaokao2023en,bbeam1,step-profile-config1-bbeam1-gaokao2023en-exclusive0817,220,220,3,draft|draft_verify,365.7705783843994,60.77456474304199,0.0,198,99,248,3,0,0,1,1,0
gaokao2023en,bbeam1,step-profile-config1-bbeam1-gaokao2023en-exclusive0817,220,220,4,draft|draft_verify,240.04483222961426,76.90072059631348,0.0,297,63,313,4,0,0,1,1,0
gaokao2023en,bbeam1,step-profile-config1-bbeam1-gaokao2023en-exclusive0817,220,220,5,draft|draft_verify,361.2668514251709,138.62276077270508,0.0,360,95,410,5,0,0,1,1,0
gaokao2023en,bbeam1,step-profile-config1-bbeam1-gaokao2023en-exclusive0817,220,220,6,draft|draft_verify,259.9291801452637,126.56450271606445,0.0,455,68,480,6,0,0,1,1,0
gaokao2023en,bbeam1,step-profile-config1-bbeam1-gaokao2023en-exclusive0817,220,220,7,draft|draft_verify|target|target_rescue_verify,150.4209041595459,254.92477416992188,1123.4846115112305,523,39,1051,14,523,48,1,2,1
gaokao2023en,bbeam1,step-profile-config1-bbeam1-gaokao2023en-exclusive0817,220,220,8,draft|draft_verify,119.73428726196289,127.14004516601562,0.0,571,31,563,8,0,0,1,1,0
gaokao2023en,bbeam1,step-profile-config1-bbeam1-gaokao2023en-exclusive0817,220,220,9,draft|draft_verify,48.0504035949707,128.0832290649414,0.0,602,11,576,9,0,0,1,1,0
gaokao2023en,bbeam1,step-profile-config1-bbeam1-gaokao2023en-exclusive0817,221,221,1,draft|draft_verify,333.03165435791016,51.790714263916016,0.0,136,87,169,1,0,0,1,1,0
gaokao2023en,bbeam1,step-profile-config1-bbeam1-gaokao2023en-exclusive0817,221,221,2,draft|draft_verify,270.33376693725586,60.87374687194824,0.0,223,72,243,2,0,0,1,1,0
gaokao2023en,bbeam1,step-profile-config1-bbeam1-gaokao2023en-exclusive0817,221,221,3,draft|draft_verify|target|target_rescue_verify,1826.380968093872,263.32879066467285,1723.8750457763672,295,485,1056,6,295,81,1,2,1
gaokao2023en,bbeam1,step-profile-config1-bbeam1-gaokao2023en-exclusive0817,221,221,4,draft|draft_verify|target|target_rescue_verify,421.82016372680664,280.61556816101074,4055.893659591675,376,111,968,8,376,201,1,2,1
gaokao2023en,bbeam1,step-profile-config1-bbeam1-gaokao2023en-exclusive0817,221,221,5,draft|draft_verify,99.28035736083984,126.53613090515137,0.0,577,24,555,5,0,0,1,1,0
gaokao2023en,bbeam1,step-profile-config1-bbeam1-gaokao2023en-exclusive0817,222,222,1,draft|draft_verify,161.9269847869873,30.205488204956055,0.0,136,44,126,1,0,0,1,1,0
gaokao2023en,bbeam1,step-profile-config1-bbeam1-gaokao2023en-exclusive0817,222,222,2,draft|draft_verify,201.16877555847168,50.171613693237305,0.0,180,55,183,2,0,0,1,1,0
gaokao2023en,bbeam1,step-profile-config1-bbeam1-gaokao2023en-exclusive0817,222,222,3,draft|draft_verify,30.031204223632812,58.283090591430664,0.0,235,8,193,3,0,0,1,1,0
gaokao2023en,bbeam1,step-profile-config1-bbeam1-gaokao2023en-exclusive0817,222,222,4,draft|draft_verify,722.26881980896,124.18818473815918,0.0,243,193,388,4,0,0,1,1,0
gaokao2023en,bbeam1,step-profile-config1-bbeam1-gaokao2023en-exclusive0817,222,222,5,draft|draft_verify,734.3087196350098,130.93185424804688,0.0,436,187,577,5,0,0,1,1,0
gaokao2023en,bbeam1,step-profile-config1-bbeam1-gaokao2023en-exclusive0817,222,222,6,draft|draft_verify|target|target_rescue_verify,659.0585708618164,342.7166938781738,4243.931293487549,623,172,1534,12,623,204,1,2,1
gaokao2023en,bbeam1,step-profile-config1-bbeam1-gaokao2023en-exclusive0817,222,222,7,draft|draft_verify|target|target_rescue_verify,667.5856113433838,416.25499725341797,4311.613082885742,827,174,1957,14,827,213,1,2,1
gaokao2023en,bbeam1,step-profile-config1-bbeam1-gaokao2023en-exclusive0817,222,222,8,draft|draft_verify,58.28452110290527,202.1925449371338,0.0,1040,13,1013,8,0,0,1,1,0
gaokao2023en,bbeam1,step-profile-config1-bbeam1-gaokao2023en-exclusive0817,223,223,1,draft|draft_verify,329.876184463501,50.43172836303711,0.0,103,90,140,1,0,0,1,1,0
gaokao2023en,bbeam1,step-profile-config1-bbeam1-gaokao2023en-exclusive0817,223,223,2,draft|draft_verify,112.90502548217773,49.51357841491699,0.0,193,29,171,2,0,0,1,1,0
gaokao2023en,bbeam1,step-profile-config1-bbeam1-gaokao2023en-exclusive0817,223,223,3,draft|draft_verify,507.9314708709717,76.65061950683594,0.0,222,130,303,3,0,0,1,1,0
gaokao2023en,bbeam1,step-profile-config1-bbeam1-gaokao2023en-exclusive0817,223,223,4,draft|draft_verify,515.1937007904053,140.80333709716797,0.0,352,132,437,4,0,0,1,1,0
gaokao2023en,bbeam1,step-profile-config1-bbeam1-gaokao2023en-exclusive0817,223,223,5,draft|draft_verify,259.2597007751465,152.86874771118164,0.0,484,65,504,5,0,0,1,1,0
gaokao2023en,bbeam1,step-profile-config1-bbeam1-gaokao2023en-exclusive0817,223,223,6,draft|draft_verify,286.7460250854492,138.07201385498047,0.0,549,75,581,6,0,0,1,1,0
gaokao2023en,bbeam1,step-profile-config1-bbeam1-gaokao2023en-exclusive0817,223,223,7,draft|draft_verify,228.30438613891602,150.67172050476074,0.0,624,60,643,7,0,0,1,1,0
gaokao2023en,bbeam1,step-profile-config1-bbeam1-gaokao2023en-exclusive0817,223,223,8,draft|draft_verify,74.7835636138916,150.9268283843994,0.0,684,18,663,8,0,0,1,1,0
gaokao2023en,bbeam1,step-profile-config1-bbeam1-gaokao2023en-exclusive0817,224,224,1,draft|draft_verify,126.03998184204102,29.92391586303711,0.0,100,34,80,1,0,0,1,1,0
gaokao2023en,bbeam1,step-profile-config1-bbeam1-gaokao2023en-exclusive0817,224,224,2,draft|draft_verify,63.762664794921875,29.19602394104004,0.0,134,17,99,2,0,0,1,1,0
gaokao2023en,bbeam1,step-profile-config1-bbeam1-gaokao2023en-exclusive0817,224,224,3,draft|draft_verify,59.75651741027832,29.263019561767578,0.0,151,16,117,3,0,0,1,1,0
gaokao2023en,bbeam1,step-profile-config1-bbeam1-gaokao2023en-exclusive0817,224,224,4,draft|draft_verify,59.665679931640625,45.02153396606445,0.0,167,16,135,4,0,0,1,1,0
gaokao2023en,bbeam1,step-profile-config1-bbeam1-gaokao2023en-exclusive0817,224,224,5,draft|draft_verify,19.30975914001465,49.80278015136719,0.0,183,5,142,5,0,0,1,1,0
gaokao2023en,bbeam1,step-profile-config1-bbeam1-gaokao2023en-exclusive0817,224,224,6,draft|draft_verify,67.87347793579102,49.181461334228516,0.0,188,18,162,6,0,0,1,1,0
gaokao2023en,bbeam1,step-profile-config1-bbeam1-gaokao2023en-exclusive0817,224,224,7,draft|draft_verify|target|target_rescue_verify,66.33377075195312,107.58590698242188,595.5734252929688,206,18,372,14,206,26,1,2,1
gaokao2023en,bbeam1,step-profile-config1-bbeam1-gaokao2023en-exclusive0817,224,224,8,draft|draft_verify|target|target_rescue_verify,710.8283042907715,153.08046340942383,553.9882183074951,232,182,592,16,232,26,1,2,1
gaokao2023en,bbeam1,step-profile-config1-bbeam1-gaokao2023en-exclusive0817,224,224,9,draft|draft_verify,58.65931510925293,60.43505668640137,0.0,258,15,235,9,0,0,1,1,0
gaokao2023en,bbeam1,step-profile-config1-bbeam1-gaokao2023en-exclusive0817,224,224,10,draft|draft_verify,59.8902702331543,59.26513671875,0.0,273,15,252,10,0,0,1,1,0
gaokao2023en,bbeam1,step-profile-config1-bbeam1-gaokao2023en-exclusive0817,224,224,11,draft|draft_verify,77.00085639953613,75.52647590637207,0.0,288,19,273,11,0,0,1,1,0
gaokao2023en,bbeam1,step-profile-config1-bbeam1-gaokao2023en-exclusive0817,224,224,12,draft|draft_verify,39.35694694519043,76.21288299560547,0.0,307,10,285,12,0,0,1,1,0
gaokao2023en,bbeam1,step-profile-config1-bbeam1-gaokao2023en-exclusive0817,224,224,13,draft|draft_verify,118.68882179260254,77.18873023986816,0.0,317,31,318,13,0,0,1,1,0
gaokao2023en,bbeam1,step-profile-config1-bbeam1-gaokao2023en-exclusive0817,224,224,14,draft|draft_verify|target|target_rescue_verify,53.86686325073242,182.96504020690918,542.0315265655518,348,14,679,28,348,25,1,2,1
gaokao2023en,bbeam1,step-profile-config1-bbeam1-gaokao2023en-exclusive0817,224,224,15,draft|draft_verify|target|target_rescue_verify,233.38961601257324,216.12310409545898,192.34466552734375,373,61,763,30,373,8,1,2,1
gaokao2023en,bbeam1,step-profile-config1-bbeam1-gaokao2023en-exclusive0817,224,224,16,draft|draft_verify,103.40332984924316,91.98665618896484,0.0,381,27,384,16,0,0,1,1,0
gaokao2023en,bbeam1,step-profile-config1-bbeam1-gaokao2023en-exclusive0817,224,224,17,draft|draft_verify,62.40725517272949,123.8555908203125,0.0,408,16,402,17,0,0,1,1,0
gaokao2023en,bbeam1,step-profile-config1-bbeam1-gaokao2023en-exclusive0817,224,224,18,draft|draft_verify,63.02833557128906,123.66890907287598,0.0,424,16,420,18,0,0,1,1,0
gaokao2023en,bbeam1,step-profile-config1-bbeam1-gaokao2023en-exclusive0817,224,224,19,draft|draft_verify,77.1489143371582,124.73225593566895,0.0,440,20,442,19,0,0,1,1,0
gaokao2023en,bbeam1,step-profile-config1-bbeam1-gaokao2023en-exclusive0817,224,224,20,draft|draft_verify,39.343833923339844,124.90701675415039,0.0,460,10,454,20,0,0,1,1,0
gaokao2023en,bbeam1,step-profile-config1-bbeam1-gaokao2023en-exclusive0817,224,224,21,draft|draft_verify,129.2555332183838,141.9522762298584,0.0,470,34,490,21,0,0,1,1,0
gaokao2023en,bbeam1,step-profile-config1-bbeam1-gaokao2023en-exclusive0817,224,224,22,draft|draft_verify,36.322832107543945,134.99140739440918,0.0,504,9,501,22,0,0,1,1,0
gaokao2023en,bbeam1,step-profile-config1-bbeam1-gaokao2023en-exclusive0817,224,224,23,draft|draft_verify,134.23514366149902,126.24788284301758,0.0,513,35,538,23,0,0,1,1,0
gaokao2023en,bbeam1,step-profile-config1-bbeam1-gaokao2023en-exclusive0817,224,224,24,draft|draft_verify,85.57605743408203,126.47104263305664,0.0,548,22,562,24,0,0,1,1,0
gaokao2023en,bbeam1,step-profile-config1-bbeam1-gaokao2023en-exclusive0817,224,224,25,draft|draft_verify,131.23583793640137,129.5938491821289,0.0,570,34,598,25,0,0,1,1,0
gaokao2023en,bbeam1,step-profile-config1-bbeam1-gaokao2023en-exclusive0817,224,224,26,draft|draft_verify,44.283151626586914,130.18178939819336,0.0,604,11,611,26,0,0,1,1,0
gaokao2023en,bbeam1,step-profile-config1-bbeam1-gaokao2023en-exclusive0817,224,224,27,draft|draft_verify|target|target_rescue_verify,89.5853042602539,260.1888179779053,327.39853858947754,615,22,1259,54,615,11,1,2,1
gaokao2023en,bbeam1,step-profile-config1-bbeam1-gaokao2023en-exclusive0817,225,225,1,draft|draft_verify,155.60102462768555,30.781984329223633,0.0,138,42,126,1,0,0,1,1,0
gaokao2023en,bbeam1,step-profile-config1-bbeam1-gaokao2023en-exclusive0817,225,225,2,draft|draft_verify,131.2704086303711,50.40860176086426,0.0,180,35,163,2,0,0,1,1,0
gaokao2023en,bbeam1,step-profile-config1-bbeam1-gaokao2023en-exclusive0817,225,225,3,draft|draft_verify,219.3164825439453,59.796810150146484,0.0,215,56,221,3,0,0,1,1,0
gaokao2023en,bbeam1,step-profile-config1-bbeam1-gaokao2023en-exclusive0817,225,225,4,draft|draft_verify|target|target_rescue_verify,111.6938591003418,120.58138847351074,529.6664237976074,271,29,498,8,271,23,1,2,1
gaokao2023en,bbeam1,step-profile-config1-bbeam1-gaokao2023en-exclusive0817,225,225,5,draft|draft_verify,78.26733589172363,76.25579833984375,0.0,294,20,268,5,0,0,1,1,0
gaokao2023en,bbeam1,step-profile-config1-bbeam1-gaokao2023en-exclusive0817,225,225,6,draft|draft_verify,66.82610511779785,80.77216148376465,0.0,314,17,287,6,0,0,1,1,0
gaokao2023en,bbeam1,step-profile-config1-bbeam1-gaokao2023en-exclusive0817,225,225,7,draft|draft_verify,59.42225456237793,79.84638214111328,0.0,331,15,304,7,0,0,1,1,0
gaokao2023en,bbeam1,step-profile-config1-bbeam1-gaokao2023en-exclusive0817,225,225,8,draft|draft_verify,70.75834274291992,90.89803695678711,0.0,346,17,323,8,0,0,1,1,0
gaokao2023en,bbeam1,step-profile-config1-bbeam1-gaokao2023en-exclusive0817,226,226,1,draft|draft_verify,126.45363807678223,29.3581485748291,0.0,105,34,85,1,0,0,1,1,0
gaokao2023en,bbeam1,step-profile-config1-bbeam1-gaokao2023en-exclusive0817,226,226,2,draft|draft_verify,100.26311874389648,30.394315719604492,0.0,139,27,114,2,0,0,1,1,0
gaokao2023en,bbeam1,step-profile-config1-bbeam1-gaokao2023en-exclusive0817,226,226,3,draft|draft_verify,154.92701530456543,50.017356872558594,0.0,166,42,158,3,0,0,1,1,0
gaokao2023en,bbeam1,step-profile-config1-bbeam1-gaokao2023en-exclusive0817,226,226,4,draft|draft_verify,380.1116943359375,78.57966423034668,0.0,208,102,262,4,0,0,1,1,0
gaokao2023en,bbeam1,step-profile-config1-bbeam1-gaokao2023en-exclusive0817,226,226,5,draft|draft_verify,241.57238006591797,91.98856353759766,0.0,310,64,328,5,0,0,1,1,0
gaokao2023en,bbeam1,step-profile-config1-bbeam1-gaokao2023en-exclusive0817,226,226,6,draft|draft_verify,171.3557243347168,93.33467483520508,0.0,374,44,374,6,0,0,1,1,0
gaokao2023en,bbeam1,step-profile-config1-bbeam1-gaokao2023en-exclusive0817,227,227,1,draft|draft_verify,122.6201057434082,21.288156509399414,0.0,74,33,53,1,0,0,1,1,0
gaokao2023en,bbeam1,step-profile-config1-bbeam1-gaokao2023en-exclusive0817,227,227,2,draft|draft_verify,222.20087051391602,31.447172164916992,0.0,107,61,116,2,0,0,1,1,0
gaokao2023en,bbeam1,step-profile-config1-bbeam1-gaokao2023en-exclusive0817,227,227,3,draft|draft_verify,263.17620277404785,57.955026626586914,0.0,168,71,189,3,0,0,1,1,0
gaokao2023en,bbeam1,step-profile-config1-bbeam1-gaokao2023en-exclusive0817,227,227,4,draft|draft_verify,132.95388221740723,60.65249443054199,0.0,239,35,226,4,0,0,1,1,0
gaokao2023en,bbeam1,step-profile-config1-bbeam1-gaokao2023en-exclusive0817,227,227,5,draft|draft_verify,157.94897079467773,77.50296592712402,0.0,274,40,268,5,0,0,1,1,0
gaokao2023en,bbeam1,step-profile-config1-bbeam1-gaokao2023en-exclusive0817,228,228,1,draft|draft_verify,118.61991882324219,21.775484085083008,0.0,82,32,60,1,0,0,1,1,0
gaokao2023en,bbeam1,step-profile-config1-bbeam1-gaokao2023en-exclusive0817,228,228,2,draft|draft_verify,351.32789611816406,57.35182762145996,0.0,114,91,153,2,0,0,1,1,0
gaokao2023en,bbeam1,step-profile-config1-bbeam1-gaokao2023en-exclusive0817,228,228,3,draft|draft_verify,350.0518798828125,67.9781436920166,0.0,205,90,245,3,0,0,1,1,0
gaokao2023en,bbeam1,step-profile-config1-bbeam1-gaokao2023en-exclusive0817,228,228,4,draft|draft_verify,217.38028526306152,87.12100982666016,0.0,295,55,302,4,0,0,1,1,0
gaokao2023en,bbeam1,step-profile-config1-bbeam1-gaokao2023en-exclusive0817,228,228,5,draft|draft_verify,749.9899864196777,154.39891815185547,0.0,350,197,501,5,0,0,1,1,0
gaokao2023en,bbeam1,step-profile-config1-bbeam1-gaokao2023en-exclusive0817,228,228,6,draft|draft_verify,318.52221488952637,131.16765022277832,0.0,547,84,587,6,0,0,1,1,0
gaokao2023en,bbeam1,step-profile-config1-bbeam1-gaokao2023en-exclusive0817,228,228,7,draft|draft_verify,146.38710021972656,132.00712203979492,0.0,631,37,626,7,0,0,1,1,0
gaokao2023en,bbeam1,step-profile-config1-bbeam1-gaokao2023en-exclusive0817,229,229,1,draft|draft_verify,96.09603881835938,30.489206314086914,0.0,93,26,65,1,0,0,1,1,0
gaokao2023en,bbeam1,step-profile-config1-bbeam1-gaokao2023en-exclusive0817,229,229,2,draft|draft_verify,48.30813407897949,30.365705490112305,0.0,119,13,80,2,0,0,1,1,0
gaokao2023en,bbeam1,step-profile-config1-bbeam1-gaokao2023en-exclusive0817,229,229,3,draft|draft_verify,229.6125888824463,51.34129524230957,0.0,132,63,145,3,0,0,1,1,0
gaokao2023en,bbeam1,step-profile-config1-bbeam1-gaokao2023en-exclusive0817,229,229,4,draft|draft_verify,320.3859329223633,60.7447624206543,0.0,195,87,234,4,0,0,1,1,0
gaokao2023en,bbeam1,step-profile-config1-bbeam1-gaokao2023en-exclusive0817,229,229,5,draft|draft_verify,55.07826805114746,60.59408187866211,0.0,282,14,250,5,0,0,1,1,0
gaokao2023en,bbeam1,step-profile-config1-bbeam1-gaokao2023en-exclusive0817,229,229,6,draft|draft_verify|target|target_rescue_verify,453.3054828643799,196.90299034118652,1822.777509689331,296,114,705,12,296,87,1,2,1
gaokao2023en,bbeam1,step-profile-config1-bbeam1-gaokao2023en-exclusive0817,229,229,7,draft|draft_verify,74.60689544677734,92.97728538513184,0.0,383,18,359,7,0,0,1,1,0
gaokao2023en,bbeam1,step-profile-config1-bbeam1-gaokao2023en-exclusive0817,230,230,1,draft|draft_verify,204.95128631591797,30.37881851196289,0.0,108,55,109,1,0,0,1,1,0
gaokao2023en,bbeam1,step-profile-config1-bbeam1-gaokao2023en-exclusive0817,230,230,2,draft|draft_verify,290.50564765930176,57.34753608703613,0.0,163,80,191,2,0,0,1,1,0
gaokao2023en,bbeam1,step-profile-config1-bbeam1-gaokao2023en-exclusive0817,230,230,3,draft|draft_verify,100.37660598754883,59.04054641723633,0.0,243,27,220,3,0,0,1,1,0
gaokao2023en,bbeam1,step-profile-config1-bbeam1-gaokao2023en-exclusive0817,230,230,4,draft|draft_verify,125.99444389343262,59.97490882873535,0.0,270,33,255,4,0,0,1,1,0
gaokao2023en,bbeam1,step-profile-config1-bbeam1-gaokao2023en-exclusive0817,230,230,5,draft|draft_verify,95.47138214111328,77.06141471862793,0.0,303,24,281,5,0,0,1,1,0
gaokao2023en,bbeam1,step-profile-config1-bbeam1-gaokao2023en-exclusive0817,230,230,6,draft|draft_verify,264.5890712738037,92.12064743041992,0.0,327,66,349,6,0,0,1,1,0
gaokao2023en,bbeam1,step-profile-config1-bbeam1-gaokao2023en-exclusive0817,230,230,7,draft|draft_verify,62.76702880859375,91.92967414855957,0.0,393,16,367,7,0,0,1,1,0
gaokao2023en,bbeam1,step-profile-config1-bbeam1-gaokao2023en-exclusive0817,230,230,8,draft|draft_verify,111.67621612548828,124.07994270324707,0.0,409,29,398,8,0,0,1,1,0
gaokao2023en,bbeam1,step-profile-config1-bbeam1-gaokao2023en-exclusive0817,230,230,9,draft|draft_verify,62.59894371032715,124.30167198181152,0.0,438,16,416,9,0,0,1,1,0
gaokao2023en,bbeam1,step-profile-config1-bbeam1-gaokao2023en-exclusive0817,230,230,10,draft|draft_verify,50.7206916809082,124.44758415222168,0.0,454,13,431,10,0,0,1,1,0
gaokao2023en,bbeam1,step-profile-config1-bbeam1-gaokao2023en-exclusive0817,230,230,11,draft|draft_verify,73.32897186279297,125.05912780761719,0.0,467,18,451,11,0,0,1,1,0
gaokao2023en,bbeam1,step-profile-config1-bbeam1-gaokao2023en-exclusive0817,231,231,1,draft|draft_verify,60.3785514831543,21.14582061767578,0.0,94,16,56,1,0,0,1,1,0
gaokao2023en,bbeam1,step-profile-config1-bbeam1-gaokao2023en-exclusive0817,231,231,2,draft|draft_verify,515.4409408569336,59.65709686279297,0.0,110,137,195,2,0,0,1,1,0
gaokao2023en,bbeam1,step-profile-config1-bbeam1-gaokao2023en-exclusive0817,231,231,3,draft|draft_verify|target|target_rescue_verify,653.8896560668945,196.7475414276123,3761.716604232788,247,175,753,6,247,184,1,2,1
gaokao2023en,bbeam1,step-profile-config1-bbeam1-gaokao2023en-exclusive0817,231,231,4,draft|draft_verify,312.8964900970459,126.0535717010498,0.0,431,78,461,4,0,0,1,1,0
gaokao2023en,bbeam1,step-profile-config1-bbeam1-gaokao2023en-exclusive0817,231,231,5,draft|draft_verify,84.21063423156738,141.94703102111816,0.0,509,20,483,5,0,0,1,1,0
gaokao2023en,bbeam1,step-profile-config1-bbeam1-gaokao2023en-exclusive0817,232,232,1,draft|draft_verify,174.6985912322998,29.989242553710938,0.0,110,45,101,1,0,0,1,1,0
gaokao2023en,bbeam1,step-profile-config1-bbeam1-gaokao2023en-exclusive0817,232,232,2,draft|draft_verify,20.51997184753418,30.08437156677246,0.0,155,5,108,2,0,0,1,1,0
gaokao2023en,bbeam1,step-profile-config1-bbeam1-gaokao2023en-exclusive0817,232,232,3,draft|draft_verify,287.40596771240234,56.78057670593262,0.0,160,75,185,3,0,0,1,1,0
gaokao2023en,bbeam1,step-profile-config1-bbeam1-gaokao2023en-exclusive0817,232,232,4,draft|draft_verify,121.46759033203125,59.01646614074707,0.0,235,30,217,4,0,0,1,1,0
gaokao2023en,bbeam1,step-profile-config1-bbeam1-gaokao2023en-exclusive0817,233,233,1,draft|draft_verify,148.99230003356934,30.22003173828125,0.0,85,39,70,1,0,0,1,1,0
gaokao2023en,bbeam1,step-profile-config1-bbeam1-gaokao2023en-exclusive0817,233,233,2,draft|draft_verify,213.52481842041016,30.291318893432617,0.0,124,56,128,2,0,0,1,1,0
gaokao2023en,bbeam1,step-profile-config1-bbeam1-gaokao2023en-exclusive0817,233,233,3,draft|draft_verify,198.52209091186523,56.676626205444336,0.0,180,52,182,3,0,0,1,1,0
gaokao2023en,bbeam1,step-profile-config1-bbeam1-gaokao2023en-exclusive0817,233,233,4,draft|draft_verify,180.189847946167,66.53738021850586,0.0,232,46,230,4,0,0,1,1,0
gaokao2023en,bbeam1,step-profile-config1-bbeam1-gaokao2023en-exclusive0817,233,233,5,draft|draft_verify,126.0678768157959,87.02731132507324,0.0,278,32,264,5,0,0,1,1,0
gaokao2023en,bbeam1,step-profile-config1-bbeam1-gaokao2023en-exclusive0817,233,233,6,draft|draft_verify,112.14447021484375,81.35581016540527,0.0,310,27,293,6,0,0,1,1,0
gaokao2023en,bbeam1,step-profile-config1-bbeam1-gaokao2023en-exclusive0817,234,234,1,draft|draft_verify,107.10287094116211,21.57759666442871,0.0,83,29,58,1,0,0,1,1,0
gaokao2023en,bbeam1,step-profile-config1-bbeam1-gaokao2023en-exclusive0817,234,234,2,draft|draft_verify,173.29931259155273,32.20629692077637,0.0,112,48,108,2,0,0,1,1,0
gaokao2023en,bbeam1,step-profile-config1-bbeam1-gaokao2023en-exclusive0817,234,234,3,draft|draft_verify|target|target_rescue_verify,384.05752182006836,130.06353378295898,1567.7180290222168,160,106,402,6,160,76,1,2,1
gaokao2023en,bbeam1,step-profile-config1-bbeam1-gaokao2023en-exclusive0817,234,234,4,draft|draft_verify,104.89058494567871,66.64443016052246,0.0,236,28,216,4,0,0,1,1,0
gaokao2023en,bbeam1,step-profile-config1-bbeam1-gaokao2023en-exclusive0817,234,234,5,draft|draft_verify|target|target_rescue_verify,328.34553718566895,227.59437561035156,5275.801658630371,264,87,785,10,264,262,1,2,1
gaokao2023en,bbeam1,step-profile-config1-bbeam1-gaokao2023en-exclusive0817,234,234,6,draft|draft_verify,244.57240104675293,127.42376327514648,0.0,526,63,545,6,0,0,1,1,0
gaokao2023en,bbeam1,step-profile-config1-bbeam1-gaokao2023en-exclusive0817,234,234,7,draft|draft_verify,96.01831436157227,126.46651268005371,0.0,589,24,571,7,0,0,1,1,0
gaokao2023en,bbeam1,step-profile-config1-bbeam1-gaokao2023en-exclusive0817,235,235,1,draft|draft_verify,108.08587074279785,31.057119369506836,0.0,106,27,79,1,0,0,1,1,0
gaokao2023en,bbeam1,step-profile-config1-bbeam1-gaokao2023en-exclusive0817,235,235,2,draft|draft_verify,162.42194175720215,30.195951461791992,0.0,133,44,124,2,0,0,1,1,0
gaokao2023en,bbeam1,step-profile-config1-bbeam1-gaokao2023en-exclusive0817,235,235,3,draft|draft_verify,256.3934326171875,59.870243072509766,0.0,177,70,196,3,0,0,1,1,0
gaokao2023en,bbeam1,step-profile-config1-bbeam1-gaokao2023en-exclusive0817,235,235,4,draft|draft_verify,177.7198314666748,59.72170829772949,0.0,247,47,245,4,0,0,1,1,0
gaokao2023en,bbeam1,step-profile-config1-bbeam1-gaokao2023en-exclusive0817,235,235,5,draft|draft_verify,122.56050109863281,75.41131973266602,0.0,294,31,278,5,0,0,1,1,0
gaokao2023en,bbeam1,step-profile-config1-bbeam1-gaokao2023en-exclusive0817,235,235,6,draft|draft_verify,103.07812690734863,76.04312896728516,0.0,325,26,306,6,0,0,1,1,0
gaokao2023en,bbeam1,step-profile-config1-bbeam1-gaokao2023en-exclusive0817,236,236,1,draft|draft_verify|target|target_rescue_verify,273.56672286987305,67.19207763671875,619.9440956115723,106,74,207,2,106,29,1,2,1
gaokao2023en,bbeam1,step-profile-config1-bbeam1-gaokao2023en-exclusive0817,236,236,2,draft|draft_verify,221.62938117980957,56.1370849609375,0.0,135,60,143,2,0,0,1,1,0
gaokao2023en,bbeam1,step-profile-config1-bbeam1-gaokao2023en-exclusive0817,236,236,3,draft|draft_verify,112.59675025939941,56.27560615539551,0.0,195,31,176,3,0,0,1,1,0
gaokao2023en,bbeam1,step-profile-config1-bbeam1-gaokao2023en-exclusive0817,236,236,4,draft|draft_verify,702.6534080505371,103.6229133605957,0.0,226,188,366,4,0,0,1,1,0
gaokao2023en,bbeam1,step-profile-config1-bbeam1-gaokao2023en-exclusive0817,236,236,5,draft|draft_verify|target|target_rescue_verify,194.61655616760254,267.93885231018066,2172.722101211548,414,50,890,10,414,104,1,2,1
gaokao2023en,bbeam1,step-profile-config1-bbeam1-gaokao2023en-exclusive0817,236,236,6,draft|draft_verify,110.39876937866211,134.9813938140869,0.0,518,27,501,6,0,0,1,1,0
gaokao2023en,bbeam1,step-profile-config1-bbeam1-gaokao2023en-exclusive0817,237,237,1,draft|draft_verify,181.5788745880127,50.418853759765625,0.0,164,49,159,1,0,0,1,1,0
gaokao2023en,bbeam1,step-profile-config1-bbeam1-gaokao2023en-exclusive0817,237,237,2,draft|draft_verify,254.14633750915527,59.40699577331543,0.0,213,69,230,2,0,0,1,1,0
gaokao2023en,bbeam1,step-profile-config1-bbeam1-gaokao2023en-exclusive0817,237,237,3,draft|draft_verify|target|target_rescue_verify,523.7481594085693,234.61651802062988,3164.8380756378174,282,139,757,6,282,154,1,2,1
gaokao2023en,bbeam1,step-profile-config1-bbeam1-gaokao2023en-exclusive0817,237,237,4,draft|draft_verify|target|target_rescue_verify,198.35567474365234,279.76369857788086,2294.010877609253,436,51,940,8,436,113,1,2,1
gaokao2023en,bbeam1,step-profile-config1-bbeam1-gaokao2023en-exclusive0817,237,237,5,draft|draft_verify,58.1364631652832,126.13582611083984,0.0,549,14,517,5,0,0,1,1,0
gaokao2023en,bbeam1,step-profile-config1-bbeam1-gaokao2023en-exclusive0817,237,237,6,draft|draft_verify,291.3062572479248,129.30941581726074,0.0,563,76,595,6,0,0,1,1,0
gaokao2023en,bbeam1,step-profile-config1-bbeam1-gaokao2023en-exclusive0817,237,237,7,draft|draft_verify,310.46485900878906,152.4217128753662,0.0,639,78,675,7,0,0,1,1,0
gaokao2023en,bbeam1,step-profile-config1-bbeam1-gaokao2023en-exclusive0817,237,237,8,draft|draft_verify,187.94965744018555,153.30123901367188,0.0,717,49,726,8,0,0,1,1,0
gaokao2023en,bbeam1,step-profile-config1-bbeam1-gaokao2023en-exclusive0817,237,237,9,draft|draft_verify,99.65753555297852,154.41036224365234,0.0,766,25,753,9,0,0,1,1,0
gaokao2023en,bbeam1,step-profile-config1-bbeam1-gaokao2023en-exclusive0817,238,238,1,draft|draft_verify,132.31182098388672,29.36077117919922,0.0,104,34,85,1,0,0,1,1,0
gaokao2023en,bbeam1,step-profile-config1-bbeam1-gaokao2023en-exclusive0817,238,238,2,draft|draft_verify,100.43001174926758,29.878854751586914,0.0,138,26,113,2,0,0,1,1,0
gaokao2023en,bbeam1,step-profile-config1-bbeam1-gaokao2023en-exclusive0817,238,238,3,draft|draft_verify,124.2516040802002,49.307823181152344,0.0,164,34,149,3,0,0,1,1,0
gaokao2023en,bbeam1,step-profile-config1-bbeam1-gaokao2023en-exclusive0817,238,238,4,draft|draft_verify,146.803617477417,56.416988372802734,0.0,198,40,191,4,0,0,1,1,0
gaokao2023en,bbeam1,step-profile-config1-bbeam1-gaokao2023en-exclusive0817,238,238,5,draft|draft_verify,63.48371505737305,59.00907516479492,0.0,238,17,210,5,0,0,1,1,0
gaokao2023en,bbeam1,step-profile-config1-bbeam1-gaokao2023en-exclusive0817,238,238,6,draft|draft_verify,156.91399574279785,60.19282341003418,0.0,255,40,251,6,0,0,1,1,0
gaokao2023en,bbeam1,step-profile-config1-bbeam1-gaokao2023en-exclusive0817,238,238,7,draft|draft_verify,46.625614166259766,76.62844657897949,0.0,295,11,264,7,0,0,1,1,0
gaokao2023en,bbeam1,step-profile-config1-bbeam1-gaokao2023en-exclusive0817,239,239,1,draft|draft_verify,83.66584777832031,50.493478775024414,0.0,193,22,161,1,0,0,1,1,0
gaokao2023en,bbeam1,step-profile-config1-bbeam1-gaokao2023en-exclusive0817,239,239,2,draft|draft_verify,163.1631851196289,58.87579917907715,0.0,215,44,206,2,0,0,1,1,0
gaokao2023en,bbeam1,step-profile-config1-bbeam1-gaokao2023en-exclusive0817,239,239,3,draft|draft_verify,140.8541202545166,60.66536903381348,0.0,259,37,245,3,0,0,1,1,0
gaokao2023en,bbeam1,step-profile-config1-bbeam1-gaokao2023en-exclusive0817,239,239,4,draft|draft_verify|target|target_rescue_verify,550.4813194274902,184.0043067932129,264.95909690856934,296,145,647,8,296,9,1,2,1
gaokao2023en,bbeam1,step-profile-config1-bbeam1-gaokao2023en-exclusive0817,239,239,5,draft|draft_verify|target|target_rescue_verify,679.9235343933105,234.82179641723633,1591.9108390808105,305,170,762,10,305,78,1,2,1
gaokao2023en,bbeam1,step-profile-config1-bbeam1-gaokao2023en-exclusive0817,239,239,6,draft|draft_verify|target|target_rescue_verify,437.7307891845703,266.65449142456055,2419.6975231170654,383,109,902,12,383,119,1,2,1
gaokao2023en,bbeam1,step-profile-config1-bbeam1-gaokao2023en-exclusive0817,239,239,7,draft|draft_verify,363.23070526123047,127.31647491455078,0.0,502,95,553,7,0,0,1,1,0
gaokao2023en,bbeam1,step-profile-config1-bbeam1-gaokao2023en-exclusive0817,239,239,8,draft|draft_verify,311.28382682800293,131.3943862915039,0.0,597,80,635,8,0,0,1,1,0
gaokao2023en,bbeam1,step-profile-config1-bbeam1-gaokao2023en-exclusive0817,239,239,9,draft|draft_verify,41.84079170227051,150.21324157714844,0.0,677,10,647,9,0,0,1,1,0
gaokao2023en,bbeam1,step-profile-config1-bbeam1-gaokao2023en-exclusive0817,239,239,10,draft|draft_verify,25.526762008666992,150.58016777038574,0.0,687,5,654,10,0,0,1,1,0
gaokao2023en,bbeam1,step-profile-config1-bbeam1-gaokao2023en-exclusive0817,240,240,1,draft|draft_verify,165.16780853271484,77.63075828552246,0.0,328,42,316,1,0,0,1,1,0
gaokao2023en,bbeam1,step-profile-config1-bbeam1-gaokao2023en-exclusive0817,240,240,2,draft|draft_verify,515.3515338897705,125.78392028808594,0.0,370,132,449,2,0,0,1,1,0
gaokao2023en,bbeam1,step-profile-config1-bbeam1-gaokao2023en-exclusive0817,240,240,3,draft|draft_verify|target|target_rescue_verify,162.7218723297119,268.1572437286377,354.11524772644043,502,40,952,6,502,10,1,2,1
gaokao2023en,bbeam1,step-profile-config1-bbeam1-gaokao2023en-exclusive0817,240,240,4,draft|draft_verify,71.4881420135498,141.52932167053223,0.0,512,18,481,4,0,0,1,1,0
gaokao2023en,bbeam1,step-profile-config1-bbeam1-gaokao2023en-exclusive0817,240,240,5,draft|draft_verify,179.7642707824707,126.6164779663086,0.0,530,47,530,5,0,0,1,1,0
gaokao2023en,bbeam1,step-profile-config1-bbeam1-gaokao2023en-exclusive0817,240,240,6,draft|draft_verify,31.017541885375977,126.35183334350586,0.0,577,7,539,6,0,0,1,1,0
gaokao2023en,bbeam1,step-profile-config1-bbeam1-gaokao2023en-exclusive0817,240,240,7,draft|draft_verify|target|target_rescue_verify,215.93880653381348,257.04121589660645,662.3821258544922,584,53,1166,14,584,31,1,2,1
gaokao2023en,bbeam1,step-profile-config1-bbeam1-gaokao2023en-exclusive0817,240,240,8,draft|draft_verify,22.23515510559082,130.04708290100098,0.0,615,5,579,8,0,0,1,1,0
gaokao2023en,bbeam1,step-profile-config1-bbeam1-gaokao2023en-exclusive0817,240,240,9,draft|draft_verify,82.78846740722656,131.46448135375977,0.0,620,21,602,9,0,0,1,1,0
gaokao2023en,bbeam1,step-profile-config1-bbeam1-gaokao2023en-exclusive0817,240,240,10,draft|draft_verify,25.891542434692383,131.52098655700684,0.0,641,6,610,10,0,0,1,1,0
gaokao2023en,bbeam1,step-profile-config1-bbeam1-gaokao2023en-exclusive0817,240,240,11,draft|draft_verify,156.91137313842773,150.91228485107422,0.0,647,40,652,11,0,0,1,1,0
gaokao2023en,bbeam1,step-profile-config1-bbeam1-gaokao2023en-exclusive0817,240,240,12,draft|draft_verify,29.583215713500977,151.81446075439453,0.0,687,7,661,12,0,0,1,1,0
gaokao2023en,bbeam1,step-profile-config1-bbeam1-gaokao2023en-exclusive0817,240,240,13,draft|draft_verify,65.4289722442627,151.72934532165527,0.0,694,16,679,13,0,0,1,1,0
gaokao2023en,bbeam1,step-profile-config1-bbeam1-gaokao2023en-exclusive0817,240,240,14,draft|draft_verify,104.96950149536133,151.8080234527588,0.0,710,27,707,14,0,0,1,1,0
gaokao2023en,bbeam1,step-profile-config1-bbeam1-gaokao2023en-exclusive0817,241,241,1,draft|draft_verify,303.4226894378662,45.88150978088379,0.0,108,79,134,1,0,0,1,1,0
gaokao2023en,bbeam1,step-profile-config1-bbeam1-gaokao2023en-exclusive0817,241,241,2,draft|draft_verify|target|backtracking_verify,23.520946502685547,138.0903720855713,2520.0586318969727,187,6,402,4,187,124,1,2,1
gaokao2023en,bbeam1,step-profile-config1-bbeam1-gaokao2023en-exclusive0817,241,241,3,draft|draft_verify|target|target_rescue_verify,394.8490619659424,229.22873497009277,3479.5727729797363,504,103,822,9,193,170,2,3,1
gaokao2023en,bbeam1,step-profile-config1-bbeam1-gaokao2023en-exclusive0817,241,241,4,draft|draft_verify,76.7819881439209,81.6812515258789,0.0,339,19,310,4,0,0,1,1,0
gaokao2023en,bbeam1,step-profile-config1-bbeam1-gaokao2023en-exclusive0817,241,241,5,draft|draft_verify|target|target_rescue_verify,1613.4898662567139,300.0016212463379,1541.4583683013916,358,408,1107,10,358,75,1,2,1
gaokao2023en,bbeam1,step-profile-config1-bbeam1-gaokao2023en-exclusive0817,241,241,6,draft|draft_verify,290.91811180114746,125.59819221496582,0.0,433,75,464,6,0,0,1,1,0
gaokao2023en,bbeam1,step-profile-config1-bbeam1-gaokao2023en-exclusive0817,241,241,7,draft|draft_verify,297.3785400390625,128.1723976135254,0.0,508,75,541,7,0,0,1,1,0
gaokao2023en,bbeam1,step-profile-config1-bbeam1-gaokao2023en-exclusive0817,241,241,8,draft|draft_verify,286.2415313720703,131.6993236541748,0.0,583,75,618,8,0,0,1,1,0
gaokao2023en,bbeam1,step-profile-config1-bbeam1-gaokao2023en-exclusive0817,241,241,9,draft|draft_verify|target|target_rescue_verify,354.08544540405273,306.92529678344727,1027.9910564422607,658,89,1376,18,658,47,1,2,1
gaokao2023en,bbeam1,step-profile-config1-bbeam1-gaokao2023en-exclusive0817,241,241,10,draft|draft_verify,223.67048263549805,154.0088653564453,0.0,705,52,721,10,0,0,1,1,0
gaokao2023en,bbeam1,step-profile-config1-bbeam1-gaokao2023en-exclusive0817,241,241,11,draft|draft_verify,49.178123474121094,153.02419662475586,0.0,757,11,734,11,0,0,1,1,0
gaokao2023en,bbeam1,step-profile-config1-bbeam1-gaokao2023en-exclusive0817,242,242,1,draft|draft_verify,132.09915161132812,51.24211311340332,0.0,194,35,176,1,0,0,1,1,0
gaokao2023en,bbeam1,step-profile-config1-bbeam1-gaokao2023en-exclusive0817,242,242,2,draft|draft_verify|target|target_rescue_verify,755.7165622711182,160.89653968811035,895.3297138214111,229,191,588,4,229,41,1,2,1
gaokao2023en,bbeam1,step-profile-config1-bbeam1-gaokao2023en-exclusive0817,242,242,3,draft|draft_verify,307.75976181030273,86.03835105895996,0.0,270,80,301,3,0,0,1,1,0
gaokao2023en,bbeam1,step-profile-config1-bbeam1-gaokao2023en-exclusive0817,242,242,4,draft|draft_verify,339.78867530822754,138.32974433898926,0.0,350,85,388,4,0,0,1,1,0
gaokao2023en,bbeam1,step-profile-config1-bbeam1-gaokao2023en-exclusive0817,242,242,5,draft|draft_verify,191.1778450012207,132.2495937347412,0.0,435,50,440,5,0,0,1,1,0
gaokao2023en,bbeam1,step-profile-config1-bbeam1-gaokao2023en-exclusive0817,242,242,6,draft|draft_verify,674.5805740356445,130.8290958404541,0.0,485,173,615,6,0,0,1,1,0
gaokao2023en,bbeam1,step-profile-config1-bbeam1-gaokao2023en-exclusive0817,242,242,7,draft|draft_verify|target|backtracking_verify,320.71876525878906,312.3893737792969,1682.4612617492676,658,80,1396,14,658,82,1,2,1
gaokao2023en,bbeam1,step-profile-config1-bbeam1-gaokao2023en-exclusive0817,242,242,8,draft|draft_verify|target|target_rescue_verify,2338.015079498291,832.5822353363037,11682.899713516235,1478,585,3957,32,1478,572,2,4,2
gaokao2023en,bbeam1,step-profile-config1-bbeam1-gaokao2023en-exclusive0817,242,242,9,draft|draft_verify|target|target_rescue_verify,692.5208568572998,493.99685859680176,2108.487129211426,1029,174,2261,18,1029,103,1,2,1
gaokao2023en,bbeam1,step-profile-config1-bbeam1-gaokao2023en-exclusive0817,242,242,10,draft|draft_verify,106.28962516784668,229.48122024536133,0.0,1132,27,1124,10,0,0,1,1,0
gaokao2023en,bbeam1,step-profile-config1-bbeam1-gaokao2023en-exclusive0817,242,242,11,draft|draft_verify,53.899288177490234,228.92522811889648,0.0,1159,12,1138,11,0,0,1,1,0
gaokao2023en,bbeam1,step-profile-config1-bbeam1-gaokao2023en-exclusive0817,243,243,1,draft|draft_verify,75.29783248901367,29.40821647644043,0.0,118,20,84,1,0,0,1,1,0
gaokao2023en,bbeam1,step-profile-config1-bbeam1-gaokao2023en-exclusive0817,243,243,2,draft|draft_verify,131.0710906982422,30.775070190429688,0.0,138,36,122,2,0,0,1,1,0
gaokao2023en,bbeam1,step-profile-config1-bbeam1-gaokao2023en-exclusive0817,243,243,3,draft|draft_verify,62.76655197143555,49.41725730895996,0.0,174,17,141,3,0,0,1,1,0
gaokao2023en,bbeam1,step-profile-config1-bbeam1-gaokao2023en-exclusive0817,243,243,4,draft|draft_verify,158.36477279663086,58.18057060241699,0.0,191,43,186,4,0,0,1,1,0
gaokao2023en,bbeam1,step-profile-config1-bbeam1-gaokao2023en-exclusive0817,243,243,5,draft|draft_verify,80.43837547302246,59.552907943725586,0.0,234,21,209,5,0,0,1,1,0
gaokao2023en,bbeam1,step-profile-config1-bbeam1-gaokao2023en-exclusive0817,244,244,1,draft|draft_verify,92.58556365966797,46.23532295227051,0.0,161,25,132,1,0,0,1,1,0
gaokao2023en,bbeam1,step-profile-config1-bbeam1-gaokao2023en-exclusive0817,244,244,2,draft|draft_verify,112.80465126037598,50.23765563964844,0.0,186,31,165,2,0,0,1,1,0
gaokao2023en,bbeam1,step-profile-config1-bbeam1-gaokao2023en-exclusive0817,244,244,3,draft|draft_verify|target|target_rescue_verify,84.17773246765137,114.99714851379395,514.8365497589111,217,23,378,6,217,22,1,2,1
gaokao2023en,bbeam1,step-profile-config1-bbeam1-gaokao2023en-exclusive0817,244,244,4,draft|draft_verify|target|target_rescue_verify,78.38702201843262,120.09143829345703,490.20910263061523,239,21,426,8,239,23,1,2,1
gaokao2023en,bbeam1,step-profile-config1-bbeam1-gaokao2023en-exclusive0817,244,244,5,draft|draft_verify,85.48450469970703,59.825897216796875,0.0,262,22,238,5,0,0,1,1,0
gaokao2023en,bbeam1,step-profile-config1-bbeam1-gaokao2023en-exclusive0817,244,244,6,draft|draft_verify,95.19314765930176,77.38947868347168,0.0,284,24,264,6,0,0,1,1,0
gaokao2023en,bbeam1,step-profile-config1-bbeam1-gaokao2023en-exclusive0817,244,244,7,draft|draft_verify,31.45885467529297,75.85859298706055,0.0,308,8,274,7,0,0,1,1,0
gaokao2023en,bbeam1,step-profile-config1-bbeam1-gaokao2023en-exclusive0817,244,244,8,draft|draft_verify,69.36240196228027,76.32136344909668,0.0,316,18,294,8,0,0,1,1,0
gaokao2023en,bbeam1,step-profile-config1-bbeam1-gaokao2023en-exclusive0817,244,244,9,draft|draft_verify,84.60879325866699,76.43961906433105,0.0,334,21,317,9,0,0,1,1,0
gaokao2023en,bbeam1,step-profile-config1-bbeam1-gaokao2023en-exclusive0817,245,245,1,draft|draft_verify,135.64300537109375,30.44891357421875,0.0,121,36,104,1,0,0,1,1,0
gaokao2023en,bbeam1,step-profile-config1-bbeam1-gaokao2023en-exclusive0817,245,245,2,draft|draft_verify|target|target_rescue_verify,196.6836452484131,100.9361743927002,801.6407489776611,157,54,304,4,157,38,1,2,1
gaokao2023en,bbeam1,step-profile-config1-bbeam1-gaokao2023en-exclusive0817,245,245,3,draft|draft_verify,165.9379005432129,57.712554931640625,0.0,195,45,191,3,0,0,1,1,0
gaokao2023en,bbeam1,step-profile-config1-bbeam1-gaokao2023en-exclusive0817,245,245,4,draft|draft_verify,734.8082065582275,103.73592376708984,0.0,240,187,380,4,0,0,1,1,0
gaokao2023en,bbeam1,step-profile-config1-bbeam1-gaokao2023en-exclusive0817,245,245,5,draft|draft_verify,93.75858306884766,124.44257736206055,0.0,427,24,406,5,0,0,1,1,0
gaokao2023en,bbeam1,step-profile-config1-bbeam1-gaokao2023en-exclusive0817,245,245,6,draft|draft_verify,24.785995483398438,124.1447925567627,0.0,451,5,413,6,0,0,1,1,0
gaokao2023en,bbeam1,step-profile-config1-bbeam1-gaokao2023en-exclusive0817,246,246,1,draft|draft_verify,274.52945709228516,51.01633071899414,0.0,143,75,164,1,0,0,1,1,0
gaokao2023en,bbeam1,step-profile-config1-bbeam1-gaokao2023en-exclusive0817,246,246,2,draft|draft_verify,37.760257720947266,50.7655143737793,0.0,218,10,176,2,0,0,1,1,0
gaokao2023en,bbeam1,step-profile-config1-bbeam1-gaokao2023en-exclusive0817,246,246,3,draft|draft_verify,416.4118766784668,76.78008079528809,0.0,228,111,289,3,0,0,1,1,0
gaokao2023en,bbeam1,step-profile-config1-bbeam1-gaokao2023en-exclusive0817,246,246,4,draft|draft_verify,457.02433586120605,124.69792366027832,0.0,339,114,405,4,0,0,1,1,0
gaokao2023en,bbeam1,step-profile-config1-bbeam1-gaokao2023en-exclusive0817,246,246,5,draft|draft_verify,451.5669345855713,126.68275833129883,0.0,453,114,521,5,0,0,1,1,0
gaokao2023en,bbeam1,step-profile-config1-bbeam1-gaokao2023en-exclusive0817,246,246,6,draft|draft_verify,441.6956901550293,141.06512069702148,0.0,567,112,635,6,0,0,1,1,0
gaokao2023en,bbeam1,step-profile-config1-bbeam1-gaokao2023en-exclusive0817,246,246,7,draft|draft_verify,84.34247970581055,151.43418312072754,0.0,679,20,657,7,0,0,1,1,0
gaokao2023en,bbeam1,step-profile-config1-bbeam1-gaokao2023en-exclusive0817,247,247,1,draft|draft_verify,61.82241439819336,28.855323791503906,0.0,120,16,82,1,0,0,1,1,0
gaokao2023en,bbeam1,step-profile-config1-bbeam1-gaokao2023en-exclusive0817,247,247,2,draft|draft_verify,165.41409492492676,47.0423698425293,0.0,136,45,129,2,0,0,1,1,0
gaokao2023en,bbeam1,step-profile-config1-bbeam1-gaokao2023en-exclusive0817,247,247,3,draft|draft_verify,48.500776290893555,49.6220588684082,0.0,181,13,144,3,0,0,1,1,0
gaokao2023en,bbeam1,step-profile-config1-bbeam1-gaokao2023en-exclusive0817,247,247,4,draft|draft_verify,126.06501579284668,51.00750923156738,0.0,194,32,178,4,0,0,1,1,0
gaokao2023en,bbeam1,step-profile-config1-bbeam1-gaokao2023en-exclusive0817,247,247,5,draft|draft_verify,194.53144073486328,60.19926071166992,0.0,226,52,232,5,0,0,1,1,0
gaokao2023en,bbeam1,step-profile-config1-bbeam1-gaokao2023en-exclusive0817,247,247,6,draft|draft_verify,83.68420600891113,60.12892723083496,0.0,278,22,256,6,0,0,1,1,0
gaokao2023en,bbeam1,step-profile-config1-bbeam1-gaokao2023en-exclusive0817,247,247,7,draft|draft_verify,182.39355087280273,78.32217216491699,0.0,300,46,304,7,0,0,1,1,0
gaokao2023en,bbeam1,step-profile-config1-bbeam1-gaokao2023en-exclusive0817,247,247,8,draft|draft_verify,148.3910083770752,92.36717224121094,0.0,346,39,345,8,0,0,1,1,0
gaokao2023en,bbeam1,step-profile-config1-bbeam1-gaokao2023en-exclusive0817,247,247,9,draft|draft_verify,199.9948024749756,123.87776374816895,0.0,385,53,400,9,0,0,1,1,0
gaokao2023en,bbeam1,step-profile-config1-bbeam1-gaokao2023en-exclusive0817,247,247,10,draft|draft_verify,86.45391464233398,124.42851066589355,0.0,438,22,424,10,0,0,1,1,0
gaokao2023en,bbeam1,step-profile-config1-bbeam1-gaokao2023en-exclusive0817,247,247,11,draft|draft_verify,154.82306480407715,125.59342384338379,0.0,460,41,467,11,0,0,1,1,0
gaokao2023en,bbeam1,step-profile-config1-bbeam1-gaokao2023en-exclusive0817,247,247,12,draft|draft_verify,269.8512077331543,127.11143493652344,0.0,501,70,539,12,0,0,1,1,0
gaokao2023en,bbeam1,step-profile-config1-bbeam1-gaokao2023en-exclusive0817,247,247,13,draft|draft_verify,275.5239009857178,130.92875480651855,0.0,571,73,614,13,0,0,1,1,0
gaokao2023en,bbeam1,step-profile-config1-bbeam1-gaokao2023en-exclusive0817,247,247,14,draft|draft_verify,75.12307167053223,131.2556266784668,0.0,644,18,634,14,0,0,1,1,0
gaokao2023en,bbeam1,step-profile-config1-bbeam1-gaokao2023en-exclusive0817,248,248,1,draft|draft_verify,139.0528678894043,60.04214286804199,0.0,224,37,207,1,0,0,1,1,0
gaokao2023en,bbeam1,step-profile-config1-bbeam1-gaokao2023en-exclusive0817,248,248,2,draft|draft_verify,174.78132247924805,60.11366844177246,0.0,261,46,255,2,0,0,1,1,0
gaokao2023en,bbeam1,step-profile-config1-bbeam1-gaokao2023en-exclusive0817,248,248,3,draft|draft_verify,303.4844398498535,91.61829948425293,0.0,307,80,337,3,0,0,1,1,0
gaokao2023en,bbeam1,step-profile-config1-bbeam1-gaokao2023en-exclusive0817,248,248,4,draft|draft_verify,61.582326889038086,92.04888343811035,0.0,387,16,355,4,0,0,1,1,0
gaokao2023en,bbeam1,step-profile-config1-bbeam1-gaokao2023en-exclusive0817,248,248,5,draft|draft_verify,67.74306297302246,91.60256385803223,0.0,403,17,374,5,0,0,1,1,0
gaokao2023en,bbeam1,step-profile-config1-bbeam1-gaokao2023en-exclusive0817,248,248,6,draft|draft_verify,110.99505424499512,123.47292900085449,0.0,420,29,405,6,0,0,1,1,0
gaokao2023en,bbeam1,step-profile-config1-bbeam1-gaokao2023en-exclusive0817,248,248,7,draft|draft_verify,119.32253837585449,125.65088272094727,0.0,449,31,438,7,0,0,1,1,0
gaokao2023en,bbeam1,step-profile-config1-bbeam1-gaokao2023en-exclusive0817,248,248,8,draft|draft_verify,32.862186431884766,125.84710121154785,0.0,480,7,447,8,0,0,1,1,0
gaokao2023en,bbeam1,step-profile-config1-bbeam1-gaokao2023en-exclusive0817,249,249,1,draft|draft_verify,229.87031936645508,50.776004791259766,0.0,136,62,145,1,0,0,1,1,0
gaokao2023en,bbeam1,step-profile-config1-bbeam1-gaokao2023en-exclusive0817,249,249,2,draft|draft_verify,52.40631103515625,50.24313926696777,0.0,198,14,161,2,0,0,1,1,0
gaokao2023en,bbeam1,step-profile-config1-bbeam1-gaokao2023en-exclusive0817,249,249,3,draft|draft_verify,81.27045631408691,49.73578453063965,0.0,212,22,184,3,0,0,1,1,0
gaokao2023en,bbeam1,step-profile-config1-bbeam1-gaokao2023en-exclusive0817,249,249,4,draft|draft_verify,78.5837173461914,58.91919136047363,0.0,234,21,207,4,0,0,1,1,0
gaokao2023en,bbeam1,step-profile-config1-bbeam1-gaokao2023en-exclusive0817,249,249,5,draft|draft_verify,27.50992774963379,58.782100677490234,0.0,255,7,215,5,0,0,1,1,0
gaokao2023en,bbeam1,step-profile-config1-bbeam1-gaokao2023en-exclusive0817,249,249,6,draft|draft_verify,117.13337898254395,59.23175811767578,0.0,262,31,247,6,0,0,1,1,0
gaokao2023en,bbeam1,step-profile-config1-bbeam1-gaokao2023en-exclusive0817,249,249,7,draft|draft_verify,233.69622230529785,76.84469223022461,0.0,293,62,311,7,0,0,1,1,0
gaokao2023en,bbeam1,step-profile-config1-bbeam1-gaokao2023en-exclusive0817,249,249,8,draft|draft_verify|target|target_rescue_verify,256.1817169189453,186.08474731445312,856.1267852783203,355,68,731,16,355,37,1,2,1
gaokao2023en,bbeam1,step-profile-config1-bbeam1-gaokao2023en-exclusive0817,249,249,9,draft|draft_verify,184.0987205505371,140.82622528076172,0.0,392,48,400,9,0,0,1,1,0
gaokao2023en,bbeam1,step-profile-config1-bbeam1-gaokao2023en-exclusive0817,249,249,10,draft|draft_verify|target|target_rescue_verify,246.72627449035645,253.4167766571045,1116.4884567260742,440,65,923,20,440,54,1,2,1
gaokao2023en,bbeam1,step-profile-config1-bbeam1-gaokao2023en-exclusive0817,249,249,11,draft|draft_verify,14.271020889282227,125.44488906860352,0.0,494,3,460,11,0,0,1,1,0
gaokao2023en,bbeam1,step-profile-config1-bbeam1-gaokao2023en-exclusive0817,249,249,12,draft|draft_verify|target|backtracking_verify,88.73748779296875,271.4729309082031,1791.3122177124023,497,23,1035,24,497,88,1,2,1
gaokao2023en,bbeam1,step-profile-config1-bbeam1-gaokao2023en-exclusive0817,249,249,13,draft|draft_verify|target|target_rescue_verify,81.43281936645508,390.3326988220215,1635.911226272583,1105,20,1625,39,520,80,2,3,1
gaokao2023en,bbeam1,step-profile-config1-bbeam1-gaokao2023en-exclusive0817,249,249,14,draft|draft_verify,47.5008487701416,127.12430953979492,0.0,592,12,572,14,0,0,1,1,0
gaokao2023en,bbeam1,step-profile-config1-bbeam1-gaokao2023en-exclusive0817,250,250,1,draft|draft_verify,377.6204586029053,61.13862991333008,0.0,213,96,256,1,0,0,1,1,0
gaokao2023en,bbeam1,step-profile-config1-bbeam1-gaokao2023en-exclusive0817,250,250,2,draft|draft_verify,232.53774642944336,77.74043083190918,0.0,309,61,319,2,0,0,1,1,0
gaokao2023en,bbeam1,step-profile-config1-bbeam1-gaokao2023en-exclusive0817,250,250,3,draft|draft_verify,72.94893264770508,91.23754501342773,0.0,370,19,340,3,0,0,1,1,0
gaokao2023en,bbeam1,step-profile-config1-bbeam1-gaokao2023en-exclusive0817,250,250,4,draft|draft_verify,27.83942222595215,91.82333946228027,0.0,389,7,349,4,0,0,1,1,0
gaokao2023en,bbeam1,step-profile-config1-bbeam1-gaokao2023en-exclusive0817,250,250,5,draft|draft_verify,24.317264556884766,91.56942367553711,0.0,396,5,356,5,0,0,1,1,0
gaokao2023en,bbeam1,step-profile-config1-bbeam1-gaokao2023en-exclusive0817,251,251,1,draft|draft_verify,102.25176811218262,50.57787895202637,0.0,168,27,142,1,0,0,1,1,0
gaokao2023en,bbeam1,step-profile-config1-bbeam1-gaokao2023en-exclusive0817,251,251,2,draft|draft_verify,93.31583976745605,49.95465278625488,0.0,195,25,169,2,0,0,1,1,0
gaokao2023en,bbeam1,step-profile-config1-bbeam1-gaokao2023en-exclusive0817,251,251,3,draft|draft_verify|target|target_rescue_verify,307.9373836517334,164.20984268188477,4166.802644729614,220,82,628,6,220,204,1,2,1
gaokao2023en,bbeam1,step-profile-config1-bbeam1-gaokao2023en-exclusive0817,251,251,4,draft|draft_verify|target|target_rescue_verify,786.0605716705322,294.4490909576416,6830.767631530762,424,207,1300,8,424,339,1,2,1
gaokao2023en,bbeam1,step-profile-config1-bbeam1-gaokao2023en-exclusive0817,251,251,5,draft|draft_verify|target|target_rescue_verify,1100.322961807251,422.80101776123047,5203.857183456421,763,292,1985,10,763,257,1,2,1
gaokao2023en,bbeam1,step-profile-config1-bbeam1-gaokao2023en-exclusive0817,251,251,6,draft|draft_verify,823.941707611084,254.4400691986084,0.0,1020,218,1195,6,0,0,1,1,0
gaokao2023en,bbeam1,step-profile-config1-bbeam1-gaokao2023en-exclusive0817,251,251,7,draft|draft_verify,75.72579383850098,246.60491943359375,0.0,1238,19,1216,7,0,0,1,1,0
gaokao2023en,bbeam1,step-profile-config1-bbeam1-gaokao2023en-exclusive0817,251,251,8,draft|draft_verify,26.632308959960938,254.91905212402344,0.0,1257,5,1223,8,0,0,1,1,0
gaokao2023en,bbeam1,step-profile-config1-bbeam1-gaokao2023en-exclusive0817,252,252,1,draft|draft_verify,157.98521041870117,57.68084526062012,0.0,197,42,186,1,0,0,1,1,0
gaokao2023en,bbeam1,step-profile-config1-bbeam1-gaokao2023en-exclusive0817,252,252,2,draft|draft_verify,93.09172630310059,59.7844123840332,0.0,239,25,213,2,0,0,1,1,0
gaokao2023en,bbeam1,step-profile-config1-bbeam1-gaokao2023en-exclusive0817,252,252,3,draft|draft_verify|target|target_rescue_verify,560.2121353149414,170.1071262359619,1553.112506866455,264,148,650,6,264,73,1,2,1
gaokao2023en,bbeam1,step-profile-config1-bbeam1-gaokao2023en-exclusive0817,252,252,4,draft|draft_verify|target|target_rescue_verify,379.40382957458496,234.92884635925293,1418.5576438903809,337,100,749,8,337,69,1,2,1
gaokao2023en,bbeam1,step-profile-config1-bbeam1-gaokao2023en-exclusive0817,252,252,5,draft|draft_verify,237.27655410766602,125.43177604675293,0.0,406,62,423,5,0,0,1,1,0
gaokao2023en,bbeam1,step-profile-config1-bbeam1-gaokao2023en-exclusive0817,252,252,6,draft|draft_verify,169.8000431060791,126.71041488647461,0.0,468,44,469,6,0,0,1,1,0
gaokao2023en,bbeam1,step-profile-config1-bbeam1-gaokao2023en-exclusive0817,252,252,7,draft|draft_verify,149.6870517730713,135.81466674804688,0.0,512,38,509,7,0,0,1,1,0
gaokao2023en,bbeam1,step-profile-config1-bbeam1-gaokao2023en-exclusive0817,253,253,1,draft|draft_verify,306.3511848449707,60.24646759033203,0.0,165,84,196,1,0,0,1,1,0
gaokao2023en,bbeam1,step-profile-config1-bbeam1-gaokao2023en-exclusive0817,253,253,2,draft|draft_verify,147.12262153625488,59.050798416137695,0.0,249,39,237,2,0,0,1,1,0
gaokao2023en,bbeam1,step-profile-config1-bbeam1-gaokao2023en-exclusive0817,253,253,3,draft|draft_verify,213.1175994873047,76.18236541748047,0.0,288,56,295,3,0,0,1,1,0
gaokao2023en,bbeam1,step-profile-config1-bbeam1-gaokao2023en-exclusive0817,253,253,4,draft|draft_verify,416.44978523254395,124.27568435668945,0.0,344,109,406,4,0,0,1,1,0
gaokao2023en,bbeam1,step-profile-config1-bbeam1-gaokao2023en-exclusive0817,253,253,5,draft|draft_verify|target|target_rescue_verify,380.11837005615234,290.1792526245117,2240.2238845825195,453,100,1020,10,453,104,1,2,1
gaokao2023en,bbeam1,step-profile-config1-bbeam1-gaokao2023en-exclusive0817,253,253,6,draft|draft_verify|target|target_rescue_verify,1386.765480041504,319.82922554016113,2043.3406829833984,557,371,1499,12,557,100,1,2,1
gaokao2023en,bbeam1,step-profile-config1-bbeam1-gaokao2023en-exclusive0817,253,253,7,draft|draft_verify,464.3373489379883,168.43390464782715,0.0,657,123,739,7,0,0,1,1,0
gaokao2023en,bbeam1,step-profile-config1-bbeam1-gaokao2023en-exclusive0817,253,253,8,draft|draft_verify,55.693864822387695,156.47006034851074,0.0,780,13,754,8,0,0,1,1,0
gaokao2023en,bbeam1,step-profile-config1-bbeam1-gaokao2023en-exclusive0817,254,254,1,draft|draft_verify,146.0578441619873,30.32374382019043,0.0,132,40,119,1,0,0,1,1,0
gaokao2023en,bbeam1,step-profile-config1-bbeam1-gaokao2023en-exclusive0817,254,254,2,draft|draft_verify,58.663368225097656,48.96974563598633,0.0,172,16,137,2,0,0,1,1,0
gaokao2023en,bbeam1,step-profile-config1-bbeam1-gaokao2023en-exclusive0817,254,254,3,draft|draft_verify,69.63586807250977,48.87890815734863,0.0,188,19,158,3,0,0,1,1,0
gaokao2023en,bbeam1,step-profile-config1-bbeam1-gaokao2023en-exclusive0817,254,254,4,draft|draft_verify,69.84972953796387,49.738168716430664,0.0,207,19,179,4,0,0,1,1,0
gaokao2023en,bbeam1,step-profile-config1-bbeam1-gaokao2023en-exclusive0817,254,254,5,draft|draft_verify,92.61631965637207,58.713674545288086,0.0,226,25,206,5,0,0,1,1,0
gaokao2023en,bbeam1,step-profile-config1-bbeam1-gaokao2023en-exclusive0817,254,254,6,draft|draft_verify,75.64067840576172,59.27610397338867,0.0,251,19,227,6,0,0,1,1,0
gaokao2023en,bbeam1,step-profile-config1-bbeam1-gaokao2023en-exclusive0817,254,254,7,draft|draft_verify,19.82879638671875,59.4029426574707,0.0,270,5,234,7,0,0,1,1,0
gaokao2023en,bbeam1,step-profile-config1-bbeam1-gaokao2023en-exclusive0817,254,254,8,draft|draft_verify,59.021711349487305,59.13138389587402,0.0,275,15,251,8,0,0,1,1,0
gaokao2023en,bbeam1,step-profile-config1-bbeam1-gaokao2023en-exclusive0817,254,254,9,draft|draft_verify,72.22914695739746,75.89101791381836,0.0,290,19,272,9,0,0,1,1,0
gaokao2023en,bbeam1,step-profile-config1-bbeam1-gaokao2023en-exclusive0817,254,254,10,draft|draft_verify,59.45420265197754,76.32112503051758,0.0,309,15,289,10,0,0,1,1,0
gaokao2023en,bbeam1,step-profile-config1-bbeam1-gaokao2023en-exclusive0817,254,254,11,draft|draft_verify,20.179033279418945,76.0643482208252,0.0,324,5,296,11,0,0,1,1,0
gaokao2023en,bbeam1,step-profile-config1-bbeam1-gaokao2023en-exclusive0817,254,254,12,draft|draft_verify,38.38658332824707,76.38072967529297,0.0,329,10,308,12,0,0,1,1,0
gaokao2023en,bbeam1,step-profile-config1-bbeam1-gaokao2023en-exclusive0817,254,254,13,draft|draft_verify,61.159372329711914,90.71850776672363,0.0,339,16,326,13,0,0,1,1,0
gaokao2023en,bbeam1,step-profile-config1-bbeam1-gaokao2023en-exclusive0817,254,254,14,draft|draft_verify,64.6204948425293,91.31717681884766,0.0,355,17,345,14,0,0,1,1,0
gaokao2023en,bbeam1,step-profile-config1-bbeam1-gaokao2023en-exclusive0817,254,254,15,draft|draft_verify,339.4601345062256,124.71699714660645,0.0,372,90,437,15,0,0,1,1,0
gaokao2023en,bbeam1,step-profile-config1-bbeam1-gaokao2023en-exclusive0817,254,254,16,draft|draft_verify|target|target_rescue_verify,69.58389282226562,251.09410285949707,776.4077186584473,462,17,926,32,462,31,1,2,1
gaokao2023en,bbeam1,step-profile-config1-bbeam1-gaokao2023en-exclusive0817,254,254,17,draft|draft_verify,41.322946548461914,141.7834758758545,0.0,493,9,481,17,0,0,1,1,0
gaokao2023en,bbeam1,step-profile-config1-bbeam1-gaokao2023en-exclusive0817,255,255,1,draft|draft_verify,49.14236068725586,20.841598510742188,0.0,94,13,53,1,0,0,1,1,0
gaokao2023en,bbeam1,step-profile-config1-bbeam1-gaokao2023en-exclusive0817,255,255,2,draft|draft_verify,81.11453056335449,28.914451599121094,0.0,107,22,77,2,0,0,1,1,0
gaokao2023en,bbeam1,step-profile-config1-bbeam1-gaokao2023en-exclusive0817,255,255,3,draft|draft_verify,78.51123809814453,28.938770294189453,0.0,129,21,99,3,0,0,1,1,0
gaokao2023en,bbeam1,step-profile-config1-bbeam1-gaokao2023en-exclusive0817,255,255,4,draft|draft_verify,33.39076042175293,29.703140258789062,0.0,150,9,110,4,0,0,1,1,0
gaokao2023en,bbeam1,step-profile-config1-bbeam1-gaokao2023en-exclusive0817,255,255,5,draft|draft_verify,159.8837375640869,49.39436912536621,0.0,159,44,156,5,0,0,1,1,0
gaokao2023en,bbeam1,step-profile-config1-bbeam1-gaokao2023en-exclusive0817,255,255,6,draft|draft_verify,69.78964805603027,49.92198944091797,0.0,203,18,176,6,0,0,1,1,0
gaokao2023en,bbeam1,step-profile-config1-bbeam1-gaokao2023en-exclusive0817,256,256,1,draft|draft_verify,235.16249656677246,30.480384826660156,0.0,116,64,126,1,0,0,1,1,0
gaokao2023en,bbeam1,step-profile-config1-bbeam1-gaokao2023en-exclusive0817,256,256,2,draft|draft_verify,142.58933067321777,50.3535270690918,0.0,180,37,165,2,0,0,1,1,0
gaokao2023en,bbeam1,step-profile-config1-bbeam1-gaokao2023en-exclusive0817,256,256,3,draft|draft_verify|target|target_rescue_verify,96.01092338562012,126.6317367553711,672.4295616149902,217,26,390,6,217,30,1,2,1
gaokao2023en,bbeam1,step-profile-config1-bbeam1-gaokao2023en-exclusive0817,256,256,4,draft|draft_verify,50.394535064697266,66.44439697265625,0.0,247,13,212,4,0,0,1,1,0
gaokao2023en,bbeam1,step-profile-config1-bbeam1-gaokao2023en-exclusive0817,256,256,5,draft|draft_verify|target|target_rescue_verify,76.18832588195801,119.05646324157715,290.82369804382324,260,20,461,10,260,13,1,2,1
gaokao2023en,bbeam1,step-profile-config1-bbeam1-gaokao2023en-exclusive0817,256,256,6,draft|draft_verify|target|target_rescue_verify,85.27398109436035,138.25535774230957,860.926628112793,273,22,521,12,273,41,1,2,1
gaokao2023en,bbeam1,step-profile-config1-bbeam1-gaokao2023en-exclusive0817,256,256,7,draft|draft_verify,116.10269546508789,77.14724540710449,0.0,314,30,302,7,0,0,1,1,0
gaokao2023en,bbeam1,step-profile-config1-bbeam1-gaokao2023en-exclusive0817,256,256,8,draft|draft_verify,80.64484596252441,91.41182899475098,0.0,344,21,325,8,0,0,1,1,0
gaokao2023en,bbeam1,step-profile-config1-bbeam1-gaokao2023en-exclusive0817,256,256,9,draft|draft_verify,103.15895080566406,92.1015739440918,0.0,365,27,354,9,0,0,1,1,0
gaokao2023en,bbeam1,step-profile-config1-bbeam1-gaokao2023en-exclusive0817,256,256,10,draft|draft_verify,84.64670181274414,93.17231178283691,0.0,392,22,378,10,0,0,1,1,0
gaokao2023en,bbeam1,step-profile-config1-bbeam1-gaokao2023en-exclusive0817,256,256,11,draft|draft_verify,91.8433666229248,124.2058277130127,0.0,414,24,404,11,0,0,1,1,0
gaokao2023en,bbeam1,step-profile-config1-bbeam1-gaokao2023en-exclusive0817,256,256,12,draft|draft_verify,76.80559158325195,124.64547157287598,0.0,438,20,426,12,0,0,1,1,0
gaokao2023en,bbeam1,step-profile-config1-bbeam1-gaokao2023en-exclusive0817,256,256,13,draft|draft_verify,104.39062118530273,125.56338310241699,0.0,458,27,455,13,0,0,1,1,0
gaokao2023en,bbeam1,step-profile-config1-bbeam1-gaokao2023en-exclusive0817,256,256,14,draft|draft_verify|target|backtracking_verify,120.97787857055664,284.41929817199707,533.3378314971924,485,30,969,28,485,25,1,2,1
gaokao2023en,bbeam1,step-profile-config1-bbeam1-gaokao2023en-exclusive0817,256,256,15,draft|draft_verify|target|target_rescue_verify,126.96456909179688,414.6125316619873,427.8385639190674,1025,29,1508,45,515,17,2,3,1
gaokao2023en,bbeam1,step-profile-config1-bbeam1-gaokao2023en-exclusive0817,256,256,16,draft|draft_verify,85.46209335327148,126.22404098510742,0.0,522,19,517,16,0,0,1,1,0
gaokao2023en,bbeam1,step-profile-config1-bbeam1-gaokao2023en-exclusive0817,256,256,17,draft|draft_verify,77.61406898498535,127.37083435058594,0.0,541,19,538,17,0,0,1,1,0
gaokao2023en,bbeam1,step-profile-config1-bbeam1-gaokao2023en-exclusive0817,256,256,18,draft|draft_verify,74.20015335083008,127.35390663146973,0.0,560,17,557,18,0,0,1,1,0
gaokao2023en,bbeam1,step-profile-config1-bbeam1-gaokao2023en-exclusive0817,257,257,1,draft|draft_verify,199.6595859527588,29.73651885986328,0.0,94,54,94,1,0,0,1,1,0
gaokao2023en,bbeam1,step-profile-config1-bbeam1-gaokao2023en-exclusive0817,257,257,2,draft|draft_verify,117.45095252990723,29.70099449157715,0.0,148,32,128,2,0,0,1,1,0
gaokao2023en,bbeam1,step-profile-config1-bbeam1-gaokao2023en-exclusive0817,257,257,3,draft|draft_verify,226.84955596923828,57.60025978088379,0.0,180,62,192,3,0,0,1,1,0
gaokao2023en,bbeam1,step-profile-config1-bbeam1-gaokao2023en-exclusive0817,257,257,4,draft|draft_verify,146.11506462097168,59.899330139160156,0.0,242,39,233,4,0,0,1,1,0
gaokao2023en,bbeam1,step-profile-config1-bbeam1-gaokao2023en-exclusive0817,257,257,5,draft|draft_verify,123.75211715698242,76.06649398803711,0.0,281,33,268,5,0,0,1,1,0
gaokao2023en,bbeam1,step-profile-config1-bbeam1-gaokao2023en-exclusive0817,257,257,6,draft|draft_verify,346.5142250061035,91.89128875732422,0.0,314,93,363,6,0,0,1,1,0
gaokao2023en,bbeam1,step-profile-config1-bbeam1-gaokao2023en-exclusive0817,257,257,7,draft|draft_verify,86.92002296447754,123.9938735961914,0.0,407,22,387,7,0,0,1,1,0
gaokao2023en,bbeam1,step-profile-config1-bbeam1-gaokao2023en-exclusive0817,258,258,1,draft|draft_verify,85.53028106689453,49.817562103271484,0.0,170,23,139,1,0,0,1,1,0
gaokao2023en,bbeam1,step-profile-config1-bbeam1-gaokao2023en-exclusive0817,258,258,2,draft|draft_verify|target|target_rescue_verify,237.16020584106445,126.47414207458496,2139.6563053131104,193,65,449,4,193,103,1,2,1
gaokao2023en,bbeam1,step-profile-config1-bbeam1-gaokao2023en-exclusive0817,258,258,3,draft|draft_verify,230.133056640625,85.96634864807129,0.0,296,60,305,3,0,0,1,1,0
gaokao2023en,bbeam1,step-profile-config1-bbeam1-gaokao2023en-exclusive0817,258,258,4,draft|draft_verify,152.82106399536133,101.87768936157227,0.0,356,40,347,4,0,0,1,1,0
gaokao2023en,bbeam1,step-profile-config1-bbeam1-gaokao2023en-exclusive0817,258,258,5,draft|draft_verify,151.8566608428955,122.79558181762695,0.0,396,40,389,5,0,0,1,1,0
gaokao2023en,bbeam1,step-profile-config1-bbeam1-gaokao2023en-exclusive0817,258,258,6,draft|draft_verify,137.33410835266113,124.04322624206543,0.0,436,36,427,6,0,0,1,1,0
gaokao2023en,bbeam1,step-profile-config1-bbeam1-gaokao2023en-exclusive0817,258,258,7,draft|draft_verify|target|target_rescue_verify,396.0094451904297,266.62755012512207,1870.980978012085,472,102,1050,14,472,90,1,2,1
gaokao2023en,bbeam1,step-profile-config1-bbeam1-gaokao2023en-exclusive0817,258,258,8,draft|draft_verify,394.43445205688477,131.38198852539062,0.0,562,104,625,8,0,0,1,1,0
gaokao2023en,bbeam1,step-profile-config1-bbeam1-gaokao2023en-exclusive0817,258,258,9,draft|draft_verify,110.0461483001709,150.84338188171387,0.0,666,28,655,9,0,0,1,1,0
gaokao2023en,bbeam1,step-profile-config1-bbeam1-gaokao2023en-exclusive0817,259,259,1,draft|draft_verify,106.75406455993652,49.74627494812012,0.0,163,29,138,1,0,0,1,1,0
gaokao2023en,bbeam1,step-profile-config1-bbeam1-gaokao2023en-exclusive0817,259,259,2,draft|draft_verify,363.7583255767822,59.9668025970459,0.0,192,100,240,2,0,0,1,1,0
gaokao2023en,bbeam1,step-profile-config1-bbeam1-gaokao2023en-exclusive0817,259,259,3,draft|draft_verify,169.16298866271973,76.03669166564941,0.0,292,45,287,3,0,0,1,1,0
gaokao2023en,bbeam1,step-profile-config1-bbeam1-gaokao2023en-exclusive0817,259,259,4,draft|draft_verify|target|target_rescue_verify,206.90226554870605,184.004545211792,1002.0561218261719,337,55,678,8,337,45,1,2,1
gaokao2023en,bbeam1,step-profile-config1-bbeam1-gaokao2023en-exclusive0817,259,259,5,draft|draft_verify,221.9691276550293,123.62051010131836,0.0,382,56,392,5,0,0,1,1,0
gaokao2023en,bbeam1,step-profile-config1-bbeam1-gaokao2023en-exclusive0817,259,259,6,draft|draft_verify,143.1899070739746,125.48089027404785,0.0,438,36,430,6,0,0,1,1,0
gaokao2023en,bbeam1,step-profile-config1-bbeam1-gaokao2023en-exclusive0817,259,259,7,draft|draft_verify,91.80402755737305,125.63967704772949,0.0,474,23,455,7,0,0,1,1,0
gaokao2023en,bbeam1,step-profile-config1-bbeam1-gaokao2023en-exclusive0817,259,259,8,draft|draft_verify,200.7300853729248,136.67607307434082,0.0,497,49,506,8,0,0,1,1,0
gaokao2023en,bbeam1,step-profile-config1-bbeam1-gaokao2023en-exclusive0817,259,259,9,draft|draft_verify,138.61417770385742,127.2726058959961,0.0,546,35,543,9,0,0,1,1,0
gaokao2023en,bbeam1,step-profile-config1-bbeam1-gaokao2023en-exclusive0817,260,260,1,draft|draft_verify,133.86082649230957,30.596256256103516,0.0,141,36,123,1,0,0,1,1,0
gaokao2023en,bbeam1,step-profile-config1-bbeam1-gaokao2023en-exclusive0817,260,260,2,draft|draft_verify,125.35595893859863,49.898624420166016,0.0,177,33,158,2,0,0,1,1,0
gaokao2023en,bbeam1,step-profile-config1-bbeam1-gaokao2023en-exclusive0817,260,260,3,draft|draft_verify,107.71608352661133,57.003021240234375,0.0,210,29,189,3,0,0,1,1,0
gaokao2023en,bbeam1,step-profile-config1-bbeam1-gaokao2023en-exclusive0817,260,260,4,draft|draft_verify,121.22368812561035,59.15570259094238,0.0,239,32,223,4,0,0,1,1,0
gaokao2023en,bbeam1,step-profile-config1-bbeam1-gaokao2023en-exclusive0817,260,260,5,draft|draft_verify,74.69701766967773,59.12590026855469,0.0,271,19,244,5,0,0,1,1,0
gaokao2023en,bbeam1,step-profile-config1-bbeam1-gaokao2023en-exclusive0817,260,260,6,draft|draft_verify,131.14380836486816,75.3486156463623,0.0,290,34,280,6,0,0,1,1,0
gaokao2023en,bbeam1,step-profile-config1-bbeam1-gaokao2023en-exclusive0817,260,260,7,draft|draft_verify,69.50187683105469,76.25961303710938,0.0,324,18,300,7,0,0,1,1,0
gaokao2023en,bbeam1,step-profile-config1-bbeam1-gaokao2023en-exclusive0817,260,260,8,draft|draft_verify|target|target_rescue_verify,81.79378509521484,168.39051246643066,421.68498039245605,342,21,641,16,342,16,1,2,1
gaokao2023en,bbeam1,step-profile-config1-bbeam1-gaokao2023en-exclusive0817,260,260,9,draft|draft_verify,67.12841987609863,91.60065650939941,0.0,358,17,337,9,0,0,1,1,0
gaokao2023en,bbeam1,step-profile-config1-bbeam1-gaokao2023en-exclusive0817,260,260,10,draft|draft_verify,39.165496826171875,90.94119071960449,0.0,375,10,349,10,0,0,1,1,0
gaokao2023en,bbeam1,step-profile-config1-bbeam1-gaokao2023en-exclusive0817,260,260,11,draft|draft_verify,142.12441444396973,124.15695190429688,0.0,385,34,385,11,0,0,1,1,0
gaokao2023en,bbeam1,step-profile-config1-bbeam1-gaokao2023en-exclusive0817,261,261,1,draft|draft_verify,355.6334972381592,50.63509941101074,0.0,118,97,161,1,0,0,1,1,0
gaokao2023en,bbeam1,step-profile-config1-bbeam1-gaokao2023en-exclusive0817,261,261,2,draft|draft_verify,71.19607925415039,49.87144470214844,0.0,215,19,182,2,0,0,1,1,0
gaokao2023en,bbeam1,step-profile-config1-bbeam1-gaokao2023en-exclusive0817,261,261,3,draft|draft_verify,422.98197746276855,77.55708694458008,0.0,234,112,296,3,0,0,1,1,0
gaokao2023en,bbeam1,step-profile-config1-bbeam1-gaokao2023en-exclusive0817,261,261,4,draft|draft_verify,436.59400939941406,125.11086463928223,0.0,346,114,412,4,0,0,1,1,0
gaokao2023en,bbeam1,step-profile-config1-bbeam1-gaokao2023en-exclusive0817,261,261,5,draft|draft_verify,414.9141311645508,127.23255157470703,0.0,460,109,523,5,0,0,1,1,0
gaokao2023en,bbeam1,step-profile-config1-bbeam1-gaokao2023en-exclusive0817,261,261,6,draft|draft_verify,507.8296661376953,151.9780158996582,0.0,569,134,659,6,0,0,1,1,0
gaokao2023en,bbeam1,step-profile-config1-bbeam1-gaokao2023en-exclusive0817,261,261,7,draft|draft_verify,74.97072219848633,151.48425102233887,0.0,703,18,679,7,0,0,1,1,0
gaokao2023en,bbeam1,step-profile-config1-bbeam1-gaokao2023en-exclusive0817,262,262,1,draft|draft_verify,186.4316463470459,21.820783615112305,0.0,68,47,61,1,0,0,1,1,0
gaokao2023en,bbeam1,step-profile-config1-bbeam1-gaokao2023en-exclusive0817,262,262,2,draft|draft_verify,52.060604095458984,29.47235107421875,0.0,115,14,77,2,0,0,1,1,0
gaokao2023en,bbeam1,step-profile-config1-bbeam1-gaokao2023en-exclusive0817,262,262,3,draft|draft_verify,215.90209007263184,49.5295524597168,0.0,129,59,138,3,0,0,1,1,0
gaokao2023en,bbeam1,step-profile-config1-bbeam1-gaokao2023en-exclusive0817,262,262,4,draft|draft_verify,60.51802635192871,49.23391342163086,0.0,188,15,155,4,0,0,1,1,0
gaokao2023en,bbeam1,step-profile-config1-bbeam1-gaokao2023en-exclusive0817,263,263,1,draft|draft_verify,181.11705780029297,59.969425201416016,0.0,240,47,233,1,0,0,1,1,0
gaokao2023en,bbeam1,step-profile-config1-bbeam1-gaokao2023en-exclusive0817,263,263,2,draft|draft_verify,104.74443435668945,76.53951644897461,0.0,287,27,261,2,0,0,1,1,0
gaokao2023en,bbeam1,step-profile-config1-bbeam1-gaokao2023en-exclusive0817,263,263,3,draft|draft_verify,76.79867744445801,76.05123519897461,0.0,314,20,283,3,0,0,1,1,0
gaokao2023en,bbeam1,step-profile-config1-bbeam1-gaokao2023en-exclusive0817,263,263,4,draft|draft_verify,104.72226142883301,79.15854454040527,0.0,334,26,311,4,0,0,1,1,0
gaokao2023en,bbeam1,step-profile-config1-bbeam1-gaokao2023en-exclusive0817,264,264,1,draft|draft_verify,102.85830497741699,56.756019592285156,0.0,191,27,165,1,0,0,1,1,0
gaokao2023en,bbeam1,step-profile-config1-bbeam1-gaokao2023en-exclusive0817,264,264,2,draft|draft_verify,174.49712753295898,66.66231155395508,0.0,218,47,214,2,0,0,1,1,0
gaokao2023en,bbeam1,step-profile-config1-bbeam1-gaokao2023en-exclusive0817,264,264,3,draft|draft_verify,201.58100128173828,85.75057983398438,0.0,265,52,268,3,0,0,1,1,0
gaokao2023en,bbeam1,step-profile-config1-bbeam1-gaokao2023en-exclusive0817,264,264,4,draft|draft_verify,310.1320266723633,98.82497787475586,0.0,317,81,351,4,0,0,1,1,0
gaokao2023en,bbeam1,step-profile-config1-bbeam1-gaokao2023en-exclusive0817,264,264,5,draft|draft_verify,115.80204963684082,92.90003776550293,0.0,398,30,383,5,0,0,1,1,0
gaokao2023en,bbeam1,step-profile-config1-bbeam1-gaokao2023en-exclusive0817,264,264,6,draft|draft_verify,123.49295616149902,124.58658218383789,0.0,428,32,417,6,0,0,1,1,0
gaokao2023en,bbeam1,step-profile-config1-bbeam1-gaokao2023en-exclusive0817,264,264,7,draft|draft_verify,228.9896011352539,126.0223388671875,0.0,460,58,477,7,0,0,1,1,0
gaokao2023en,bbeam1,step-profile-config1-bbeam1-gaokao2023en-exclusive0817,264,264,8,draft|draft_verify,208.38189125061035,125.90193748474121,0.0,518,52,531,8,0,0,1,1,0
gaokao2023en,bbeam1,step-profile-config1-bbeam1-gaokao2023en-exclusive0817,264,264,9,draft|draft_verify,165.69948196411133,126.42192840576172,0.0,570,43,576,9,0,0,1,1,0
gaokao2023en,bbeam1,step-profile-config1-bbeam1-gaokao2023en-exclusive0817,264,264,10,draft|draft_verify|target|target_rescue_verify,66.41817092895508,260.09202003479004,438.6906623840332,613,16,1185,20,613,13,1,2,1
gaokao2023en,bbeam1,step-profile-config1-bbeam1-gaokao2023en-exclusive0817,265,265,1,draft|draft_verify,177.99806594848633,50.357818603515625,0.0,171,48,165,1,0,0,1,1,0
gaokao2023en,bbeam1,step-profile-config1-bbeam1-gaokao2023en-exclusive0817,265,265,2,draft|draft_verify|target|target_rescue_verify,270.01190185546875,119.01736259460449,779.6196937561035,219,73,443,4,219,36,1,2,1
gaokao2023en,bbeam1,step-profile-config1-bbeam1-gaokao2023en-exclusive0817,265,265,3,draft|draft_verify,195.69778442382812,67.11554527282715,0.0,255,51,256,3,0,0,1,1,0
gaokao2023en,bbeam1,step-profile-config1-bbeam1-gaokao2023en-exclusive0817,265,265,4,draft|draft_verify|target|target_rescue_verify,1096.0183143615723,230.9548854827881,1404.364824295044,306,279,863,8,306,68,1,2,1
gaokao2023en,bbeam1,step-profile-config1-bbeam1-gaokao2023en-exclusive0817,265,265,5,draft|draft_verify,235.30125617980957,123.81291389465332,0.0,374,61,389,5,0,0,1,1,0
gaokao2023en,bbeam1,step-profile-config1-bbeam1-gaokao2023en-exclusive0817,265,265,6,draft|draft_verify,54.92281913757324,124.38106536865234,0.0,435,14,405,6,0,0,1,1,0
gaokao2023en,bbeam1,step-profile-config1-bbeam1-gaokao2023en-exclusive0817,265,265,7,draft|draft_verify,89.94817733764648,124.65739250183105,0.0,449,22,429,7,0,0,1,1,0
gaokao2023en,bbeam1,step-profile-config1-bbeam1-gaokao2023en-exclusive0817,266,266,1,draft|draft_verify,202.15487480163574,29.218435287475586,0.0,83,53,82,1,0,0,1,1,0
gaokao2023en,bbeam1,step-profile-config1-bbeam1-gaokao2023en-exclusive0817,266,266,2,draft|draft_verify,152.97627449035645,29.90555763244629,0.0,136,41,125,2,0,0,1,1,0
gaokao2023en,bbeam1,step-profile-config1-bbeam1-gaokao2023en-exclusive0817,266,266,3,draft|draft_verify,97.34368324279785,49.1642951965332,0.0,177,26,153,3,0,0,1,1,0
gaokao2023en,bbeam1,step-profile-config1-bbeam1-gaokao2023en-exclusive0817,266,266,4,draft|draft_verify,136.62314414978027,56.76889419555664,0.0,203,37,192,4,0,0,1,1,0
gaokao2023en,bbeam1,step-profile-config1-bbeam1-gaokao2023en-exclusive0817,266,266,5,draft|draft_verify,83.47558975219727,58.98427963256836,0.0,240,21,215,5,0,0,1,1,0
gaokao2023en,bbeam1,step-profile-config1-bbeam1-gaokao2023en-exclusive0817,267,267,1,draft|draft_verify,61.49721145629883,30.565738677978516,0.0,157,16,119,1,0,0,1,1,0
gaokao2023en,bbeam1,step-profile-config1-bbeam1-gaokao2023en-exclusive0817,267,267,2,draft|draft_verify,96.38118743896484,48.84982109069824,0.0,173,26,147,2,0,0,1,1,0
gaokao2023en,bbeam1,step-profile-config1-bbeam1-gaokao2023en-exclusive0817,267,267,3,draft|draft_verify,228.19280624389648,66.85233116149902,0.0,199,62,211,3,0,0,1,1,0
gaokao2023en,bbeam1,step-profile-config1-bbeam1-gaokao2023en-exclusive0817,267,267,4,draft|draft_verify,167.36125946044922,86.89117431640625,0.0,261,44,257,4,0,0,1,1,0
gaokao2023en,bbeam1,step-profile-config1-bbeam1-gaokao2023en-exclusive0817,267,267,5,draft|draft_verify,99.85995292663574,81.82454109191895,0.0,305,26,285,5,0,0,1,1,0
gaokao2023en,bbeam1,step-profile-config1-bbeam1-gaokao2023en-exclusive0817,267,267,6,draft|draft_verify,73.05192947387695,81.50863647460938,0.0,331,19,306,6,0,0,1,1,0
gaokao2023en,bbeam1,step-profile-config1-bbeam1-gaokao2023en-exclusive0817,267,267,7,draft|draft_verify,99.94339942932129,97.21970558166504,0.0,350,26,334,7,0,0,1,1,0
gaokao2023en,bbeam1,step-profile-config1-bbeam1-gaokao2023en-exclusive0817,267,267,8,draft|draft_verify,71.23517990112305,93.46222877502441,0.0,376,18,354,8,0,0,1,1,0
gaokao2023en,bbeam1,step-profile-config1-bbeam1-gaokao2023en-exclusive0817,267,267,9,draft|draft_verify,115.81182479858398,123.38018417358398,0.0,394,29,385,9,0,0,1,1,0
gaokao2023en,bbeam1,step-profile-config1-bbeam1-gaokao2023en-exclusive0817,267,267,10,draft|draft_verify|target|backtracking_verify,43.06292533874512,248.48055839538574,591.2373065948486,423,11,813,20,423,28,1,2,1
gaokao2023en,bbeam1,step-profile-config1-bbeam1-gaokao2023en-exclusive0817,267,267,11,draft|draft_verify|target|backtracking_verify,185.00518798828125,373.8532066345215,768.059253692627,885,47,1301,33,434,37,2,3,1
gaokao2023en,bbeam1,step-profile-config1-bbeam1-gaokao2023en-exclusive0817,267,267,12,draft|draft_verify|target|backtracking_verify,86.8387222290039,624.8781681060791,271.209716796875,1403,20,2215,60,942,10,3,5,2
gaokao2023en,bbeam1,step-profile-config1-bbeam1-gaokao2023en-exclusive0817,267,267,13,draft|draft_verify|target|target_rescue_verify,378.0355453491211,1008.6469650268555,2580.4946422576904,1902,96,3776,104,1902,116,4,8,4
gaokao2023en,bbeam1,step-profile-config1-bbeam1-gaokao2023en-exclusive0817,268,268,1,draft|draft_verify,108.5653305053711,30.378103256225586,0.0,94,29,69,1,0,0,1,1,0
gaokao2023en,bbeam1,step-profile-config1-bbeam1-gaokao2023en-exclusive0817,268,268,2,draft|draft_verify,222.25117683410645,44.97814178466797,0.0,123,60,131,2,0,0,1,1,0
gaokao2023en,bbeam1,step-profile-config1-bbeam1-gaokao2023en-exclusive0817,268,268,3,draft|draft_verify,221.58074378967285,58.78329277038574,0.0,183,60,193,3,0,0,1,1,0
gaokao2023en,bbeam1,step-profile-config1-bbeam1-gaokao2023en-exclusive0817,268,268,4,draft|draft_verify,196.89655303955078,59.23819541931152,0.0,243,52,247,4,0,0,1,1,0
gaokao2023en,bbeam1,step-profile-config1-bbeam1-gaokao2023en-exclusive0817,268,268,5,draft|draft_verify,338.0155563354492,92.03362464904785,0.0,295,87,336,5,0,0,1,1,0
gaokao2023en,bbeam1,step-profile-config1-bbeam1-gaokao2023en-exclusive0817,268,268,6,draft|draft_verify,108.81257057189941,91.88008308410645,0.0,382,27,365,6,0,0,1,1,0
gaokao2023en,bbeam1,step-profile-config1-bbeam1-gaokao2023en-exclusive0817,269,269,1,draft|draft_verify,186.91015243530273,30.39860725402832,0.0,97,50,93,1,0,0,1,1,0
gaokao2023en,bbeam1,step-profile-config1-bbeam1-gaokao2023en-exclusive0817,269,269,2,draft|draft_verify,211.15469932556152,50.49324035644531,0.0,147,57,152,2,0,0,1,1,0
gaokao2023en,bbeam1,step-profile-config1-bbeam1-gaokao2023en-exclusive0817,269,269,3,draft|draft_verify,426.90587043762207,75.70719718933105,0.0,204,112,266,3,0,0,1,1,0
gaokao2023en,bbeam1,step-profile-config1-bbeam1-gaokao2023en-exclusive0817,270,270,1,draft|draft_verify,259.8681449890137,30.20763397216797,0.0,103,71,120,1,0,0,1,1,0
gaokao2023en,bbeam1,step-profile-config1-bbeam1-gaokao2023en-exclusive0817,270,270,2,draft|draft_verify,91.82429313659668,49.530982971191406,0.0,174,25,147,2,0,0,1,1,0
gaokao2023en,bbeam1,step-profile-config1-bbeam1-gaokao2023en-exclusive0817,270,270,3,draft|draft_verify,41.771650314331055,51.30171775817871,0.0,199,11,160,3,0,0,1,1,0
gaokao2023en,bbeam1,step-profile-config1-bbeam1-gaokao2023en-exclusive0817,270,270,4,draft|draft_verify,78.00841331481934,51.79882049560547,0.0,210,21,183,4,0,0,1,1,0
gaokao2023en,bbeam1,step-profile-config1-bbeam1-gaokao2023en-exclusive0817,270,270,5,draft|draft_verify,85.35122871398926,61.25187873840332,0.0,231,23,208,5,0,0,1,1,0
gaokao2023en,bbeam1,step-profile-config1-bbeam1-gaokao2023en-exclusive0817,270,270,6,draft|draft_verify,84.74922180175781,60.39714813232422,0.0,254,22,232,6,0,0,1,1,0
gaokao2023en,bbeam1,step-profile-config1-bbeam1-gaokao2023en-exclusive0817,270,270,7,draft|draft_verify,35.4001522064209,60.38928031921387,0.0,276,9,243,7,0,0,1,1,0
gaokao2023en,bbeam1,step-profile-config1-bbeam1-gaokao2023en-exclusive0817,270,270,8,draft|draft_verify,70.51467895507812,76.06697082519531,0.0,285,18,263,8,0,0,1,1,0
gaokao2023en,bbeam1,step-profile-config1-bbeam1-gaokao2023en-exclusive0817,270,270,9,draft|draft_verify,78.369140625,75.96755027770996,0.0,303,19,284,9,0,0,1,1,0
gaokao2023en,bbeam1,step-profile-config1-bbeam1-gaokao2023en-exclusive0817,271,271,1,draft|draft_verify,189.59927558898926,30.75432777404785,0.0,123,51,120,1,0,0,1,1,0
gaokao2023en,bbeam1,step-profile-config1-bbeam1-gaokao2023en-exclusive0817,271,271,2,draft|draft_verify,30.116558074951172,46.11635208129883,0.0,174,8,130,2,0,0,1,1,0
gaokao2023en,bbeam1,step-profile-config1-bbeam1-gaokao2023en-exclusive0817,271,271,3,draft|draft_verify,209.14626121520996,57.402849197387695,0.0,182,57,189,3,0,0,1,1,0
gaokao2023en,bbeam1,step-profile-config1-bbeam1-gaokao2023en-exclusive0817,271,271,4,draft|draft_verify,82.84235000610352,59.816837310791016,0.0,239,22,213,4,0,0,1,1,0
gaokao2023en,bbeam1,step-profile-config1-bbeam1-gaokao2023en-exclusive0817,271,271,5,draft|draft_verify,69.78034973144531,59.72886085510254,0.0,261,18,233,5,0,0,1,1,0
gaokao2023en,bbeam1,step-profile-config1-bbeam1-gaokao2023en-exclusive0817,271,271,6,draft|draft_verify,96.67444229125977,77.13437080383301,0.0,279,25,260,6,0,0,1,1,0
gaokao2023en,bbeam1,step-profile-config1-bbeam1-gaokao2023en-exclusive0817,271,271,7,draft|draft_verify,24.66297149658203,76.34663581848145,0.0,304,6,268,7,0,0,1,1,0
gaokao2023en,bbeam1,step-profile-config1-bbeam1-gaokao2023en-exclusive0817,271,271,8,draft|draft_verify,143.51963996887207,76.96533203125,0.0,310,37,307,8,0,0,1,1,0
gaokao2023en,bbeam1,step-profile-config1-bbeam1-gaokao2023en-exclusive0817,271,271,9,draft|draft_verify,78.20701599121094,91.70699119567871,0.0,347,20,329,9,0,0,1,1,0
gaokao2023en,bbeam1,step-profile-config1-bbeam1-gaokao2023en-exclusive0817,271,271,10,draft|draft_verify,97.28789329528809,91.92681312561035,0.0,367,25,356,10,0,0,1,1,0
gaokao2023en,bbeam1,step-profile-config1-bbeam1-gaokao2023en-exclusive0817,271,271,11,draft|draft_verify,85.46257019042969,92.31185913085938,0.0,392,22,380,11,0,0,1,1,0
gaokao2023en,bbeam1,step-profile-config1-bbeam1-gaokao2023en-exclusive0817,271,271,12,draft|draft_verify,54.83102798461914,125.31590461730957,0.0,414,14,396,12,0,0,1,1,0
gaokao2023en,bbeam1,step-profile-config1-bbeam1-gaokao2023en-exclusive0817,271,271,13,draft|draft_verify,66.21766090393066,125.60176849365234,0.0,428,16,414,13,0,0,1,1,0
gaokao2023en,bbeam1,step-profile-config1-bbeam1-gaokao2023en-exclusive0817,272,272,1,draft|draft_verify,216.60804748535156,30.88998794555664,0.0,100,58,104,1,0,0,1,1,0
gaokao2023en,bbeam1,step-profile-config1-bbeam1-gaokao2023en-exclusive0817,272,272,2,draft|draft_verify,245.6958293914795,51.35631561279297,0.0,158,67,173,2,0,0,1,1,0
gaokao2023en,bbeam1,step-profile-config1-bbeam1-gaokao2023en-exclusive0817,272,272,3,draft|draft_verify,139.41287994384766,58.93349647521973,0.0,225,37,212,3,0,0,1,1,0
gaokao2023en,bbeam1,step-profile-config1-bbeam1-gaokao2023en-exclusive0817,272,272,4,draft|draft_verify|target|target_rescue_verify,143.88704299926758,147.0799446105957,2002.3372173309326,262,37,561,8,262,96,1,2,1
gaokao2023en,bbeam1,step-profile-config1-bbeam1-gaokao2023en-exclusive0817,272,272,5,draft|draft_verify|target|target_rescue_verify,194.92578506469727,196.624755859375,1393.8422203063965,358,50,742,10,358,68,1,2,1
gaokao2023en,bbeam1,step-profile-config1-bbeam1-gaokao2023en-exclusive0817,272,272,6,draft|draft_verify|target|target_rescue_verify,311.21182441711426,264.30583000183105,1070.4758167266846,426,79,895,12,426,52,1,2,1
gaokao2023en,bbeam1,step-profile-config1-bbeam1-gaokao2023en-exclusive0817,272,272,7,draft|draft_verify,432.5423240661621,127.51317024230957,0.0,478,113,549,7,0,0,1,1,0
gaokao2023en,bbeam1,step-profile-config1-bbeam1-gaokao2023en-exclusive0817,272,272,8,draft|draft_verify|target|target_rescue_verify,135.69402694702148,259.69743728637695,803.2228946685791,591,34,1173,16,591,37,1,2,1
gaokao2023en,bbeam1,step-profile-config1-bbeam1-gaokao2023en-exclusive0817,273,273,1,draft|draft_verify,97.38612174987793,29.822111129760742,0.0,105,26,77,1,0,0,1,1,0
gaokao2023en,bbeam1,step-profile-config1-bbeam1-gaokao2023en-exclusive0817,273,273,2,draft|draft_verify,67.93856620788574,29.4649600982666,0.0,131,18,97,2,0,0,1,1,0
gaokao2023en,bbeam1,step-profile-config1-bbeam1-gaokao2023en-exclusive0817,273,273,3,draft|draft_verify|target|target_rescue_verify,239.49027061462402,81.80117607116699,500.10156631469727,149,65,286,6,149,23,1,2,1
gaokao2023en,bbeam1,step-profile-config1-bbeam1-gaokao2023en-exclusive0817,273,273,4,draft|draft_verify,167.0067310333252,50.055742263793945,0.0,172,45,169,4,0,0,1,1,0
gaokao2023en,bbeam1,step-profile-config1-bbeam1-gaokao2023en-exclusive0817,273,273,5,draft|draft_verify,75.33693313598633,56.96463584899902,0.0,217,20,191,5,0,0,1,1,0
gaokao2023en,bbeam1,step-profile-config1-bbeam1-gaokao2023en-exclusive0817,273,273,6,draft|draft_verify,78.49526405334473,58.99190902709961,0.0,237,21,214,6,0,0,1,1,0
gaokao2023en,bbeam1,step-profile-config1-bbeam1-gaokao2023en-exclusive0817,273,273,7,draft|draft_verify,85.16287803649902,59.41200256347656,0.0,258,22,238,7,0,0,1,1,0
gaokao2023en,bbeam1,step-profile-config1-bbeam1-gaokao2023en-exclusive0817,273,273,8,draft|draft_verify,43.45536231994629,59.45944786071777,0.0,280,11,251,8,0,0,1,1,0
gaokao2023en,bbeam1,step-profile-config1-bbeam1-gaokao2023en-exclusive0817,273,273,9,draft|draft_verify,39.426565170288086,76.08962059020996,0.0,291,10,263,9,0,0,1,1,0
gaokao2023en,bbeam1,step-profile-config1-bbeam1-gaokao2023en-exclusive0817,273,273,10,draft|draft_verify,42.54460334777832,75.82354545593262,0.0,301,11,276,10,0,0,1,1,0
gaokao2023en,bbeam1,step-profile-config1-bbeam1-gaokao2023en-exclusive0817,273,273,11,draft|draft_verify,58.46524238586426,75.75130462646484,0.0,312,15,293,11,0,0,1,1,0
gaokao2023en,bbeam1,step-profile-config1-bbeam1-gaokao2023en-exclusive0817,273,273,12,draft|draft_verify,55.70578575134277,77.21781730651855,0.0,327,14,309,12,0,0,1,1,0
gaokao2023en,bbeam1,step-profile-config1-bbeam1-gaokao2023en-exclusive0817,273,273,13,draft|draft_verify,77.37588882446289,91.46976470947266,0.0,341,20,331,13,0,0,1,1,0
gaokao2023en,bbeam1,step-profile-config1-bbeam1-gaokao2023en-exclusive0817,273,273,14,draft|draft_verify,35.75253486633301,90.97671508789062,0.0,361,9,342,14,0,0,1,1,0
gaokao2023en,bbeam1,step-profile-config1-bbeam1-gaokao2023en-exclusive0817,273,273,15,draft|draft_verify,66.5128231048584,91.50123596191406,0.0,370,17,361,15,0,0,1,1,0
gaokao2023en,bbeam1,step-profile-config1-bbeam1-gaokao2023en-exclusive0817,273,273,16,draft|draft_verify,43.52569580078125,91.79520606994629,0.0,387,11,374,16,0,0,1,1,0
gaokao2023en,bbeam1,step-profile-config1-bbeam1-gaokao2023en-exclusive0817,273,273,17,draft|draft_verify,40.026187896728516,123.64435195922852,0.0,398,9,385,17,0,0,1,1,0
gaokao2023en,bbeam1,step-profile-config1-bbeam1-gaokao2023en-exclusive0817,274,274,1,draft|draft_verify,94.87009048461914,29.693126678466797,0.0,134,25,105,1,0,0,1,1,0
gaokao2023en,bbeam1,step-profile-config1-bbeam1-gaokao2023en-exclusive0817,274,274,2,draft|draft_verify,145.29132843017578,50.03833770751953,0.0,159,39,146,2,0,0,1,1,0
gaokao2023en,bbeam1,step-profile-config1-bbeam1-gaokao2023en-exclusive0817,274,274,3,draft|draft_verify|target|target_rescue_verify,587.113618850708,134.60206985473633,655.2934646606445,198,155,480,6,198,29,1,2,1
gaokao2023en,bbeam1,step-profile-config1-bbeam1-gaokao2023en-exclusive0817,274,274,4,draft|draft_verify|target|target_rescue_verify,127.5629997253418,134.82069969177246,1306.2410354614258,227,34,456,8,227,64,1,2,1
gaokao2023en,bbeam1,step-profile-config1-bbeam1-gaokao2023en-exclusive0817,274,274,5,draft|draft_verify,223.81830215454102,85.66451072692871,0.0,291,58,303,5,0,0,1,1,0
gaokao2023en,bbeam1,step-profile-config1-bbeam1-gaokao2023en-exclusive0817,274,274,6,draft|draft_verify,69.4739818572998,101.52506828308105,0.0,349,18,323,6,0,0,1,1,0
gaokao2023en,bbeam1,step-profile-config1-bbeam1-gaokao2023en-exclusive0817,274,274,7,draft|draft_verify|target|target_rescue_verify,233.32643508911133,216.87912940979004,738.2440567016602,367,61,746,14,367,35,1,2,1
gaokao2023en,bbeam1,step-profile-config1-bbeam1-gaokao2023en-exclusive0817,274,274,8,draft|draft_verify,134.51361656188965,124.0231990814209,0.0,402,34,396,8,0,0,1,1,0
gaokao2023en,bbeam1,step-profile-config1-bbeam1-gaokao2023en-exclusive0817,274,274,9,draft|draft_verify|target|target_rescue_verify,120.64599990844727,250.08273124694824,634.3972682952881,436,28,853,18,436,29,1,2,1
gaokao2023en,bbeam1,step-profile-config1-bbeam1-gaokao2023en-exclusive0817,275,275,1,draft|draft_verify,98.84166717529297,29.747962951660156,0.0,100,26,72,1,0,0,1,1,0
gaokao2023en,bbeam1,step-profile-config1-bbeam1-gaokao2023en-exclusive0817,275,275,2,draft|draft_verify,141.15238189697266,29.486656188964844,0.0,126,38,112,2,0,0,1,1,0
gaokao2023en,bbeam1,step-profile-config1-bbeam1-gaokao2023en-exclusive0817,275,275,3,draft|draft_verify|target|target_rescue_verify,223.5736846923828,107.67197608947754,1222.9530811309814,164,61,348,6,164,59,1,2,1
gaokao2023en,bbeam1,step-profile-config1-bbeam1-gaokao2023en-exclusive0817,275,275,4,draft|draft_verify,206.6490650177002,67.83103942871094,0.0,223,55,230,4,0,0,1,1,0
gaokao2023en,bbeam1,step-profile-config1-bbeam1-gaokao2023en-exclusive0817,275,275,5,draft|draft_verify,191.33806228637695,86.49063110351562,0.0,278,50,282,5,0,0,1,1,0
gaokao2023en,bbeam1,step-profile-config1-bbeam1-gaokao2023en-exclusive0817,275,275,6,draft|draft_verify,238.2509708404541,99.5631217956543,0.0,328,62,346,6,0,0,1,1,0
gaokao2023en,bbeam1,step-profile-config1-bbeam1-gaokao2023en-exclusive0817,275,275,7,draft|draft_verify,143.49913597106934,136.55972480773926,0.0,390,37,385,7,0,0,1,1,0
gaokao2023en,bbeam1,step-profile-config1-bbeam1-gaokao2023en-exclusive0817,275,275,8,draft|draft_verify,245.4235553741455,126.28746032714844,0.0,427,64,451,8,0,0,1,1,0
gaokao2023en,bbeam1,step-profile-config1-bbeam1-gaokao2023en-exclusive0817,275,275,9,draft|draft_verify,128.30448150634766,141.78919792175293,0.0,491,32,485,9,0,0,1,1,0
gaokao2023en,bbeam1,step-profile-config1-bbeam1-gaokao2023en-exclusive0817,276,276,1,draft|draft_verify,190.81974029541016,46.68021202087402,0.0,136,51,133,1,0,0,1,1,0
gaokao2023en,bbeam1,step-profile-config1-bbeam1-gaokao2023en-exclusive0817,276,276,2,draft|draft_verify,34.509897232055664,49.533843994140625,0.0,187,9,144,2,0,0,1,1,0
gaokao2023en,bbeam1,step-profile-config1-bbeam1-gaokao2023en-exclusive0817,276,276,3,draft|draft_verify,239.3786907196045,58.54439735412598,0.0,196,65,211,3,0,0,1,1,0
gaokao2023en,bbeam1,step-profile-config1-bbeam1-gaokao2023en-exclusive0817,276,276,4,draft|draft_verify,130.66434860229492,59.4940185546875,0.0,261,34,247,4,0,0,1,1,0
gaokao2023en,bbeam1,step-profile-config1-bbeam1-gaokao2023en-exclusive0817,276,276,5,draft|draft_verify|target|target_rescue_verify,142.6684856414795,162.30106353759766,1262.9120349884033,295,37,593,10,295,58,1,2,1
gaokao2023en,bbeam1,step-profile-config1-bbeam1-gaokao2023en-exclusive0817,276,276,6,draft|draft_verify,123.7032413482666,101.91798210144043,0.0,353,32,341,6,0,0,1,1,0
gaokao2023en,bbeam1,step-profile-config1-bbeam1-gaokao2023en-exclusive0817,276,276,7,draft|draft_verify,183.8674545288086,140.81239700317383,0.0,385,48,391,7,0,0,1,1,0
gaokao2023en,bbeam1,step-profile-config1-bbeam1-gaokao2023en-exclusive0817,276,276,8,draft|draft_verify,92.76437759399414,124.36413764953613,0.0,433,23,416,8,0,0,1,1,0
gaokao2023en,bbeam1,step-profile-config1-bbeam1-gaokao2023en-exclusive0817,277,277,1,draft|draft_verify,387.3591423034668,51.43570899963379,0.0,119,107,172,1,0,0,1,1,0
gaokao2023en,bbeam1,step-profile-config1-bbeam1-gaokao2023en-exclusive0817,277,277,2,draft|draft_verify,210.65974235534668,59.241533279418945,0.0,226,55,229,2,0,0,1,1,0
gaokao2023en,bbeam1,step-profile-config1-bbeam1-gaokao2023en-exclusive0817,277,277,3,draft|draft_verify,360.3818416595459,91.55559539794922,0.0,281,95,326,3,0,0,1,1,0
gaokao2023en,bbeam1,step-profile-config1-bbeam1-gaokao2023en-exclusive0817,277,277,4,draft|draft_verify,81.35223388671875,91.30287170410156,0.0,376,20,348,4,0,0,1,1,0
gaokao2023en,bbeam1,step-profile-config1-bbeam1-gaokao2023en-exclusive0817,278,278,1,draft|draft_verify,69.41437721252441,51.280975341796875,0.0,212,18,177,1,0,0,1,1,0
gaokao2023en,bbeam1,step-profile-config1-bbeam1-gaokao2023en-exclusive0817,278,278,2,draft|draft_verify,55.556297302246094,59.18526649475098,0.0,230,15,194,2,0,0,1,1,0
gaokao2023en,bbeam1,step-profile-config1-bbeam1-gaokao2023en-exclusive0817,278,278,3,draft|draft_verify,219.8050022125244,61.125993728637695,0.0,245,58,254,3,0,0,1,1,0
gaokao2023en,bbeam1,step-profile-config1-bbeam1-gaokao2023en-exclusive0817,278,278,4,draft|draft_verify,70.27387619018555,76.57074928283691,0.0,303,18,274,4,0,0,1,1,0
gaokao2023en,bbeam1,step-profile-config1-bbeam1-gaokao2023en-exclusive0817,278,278,5,draft|draft_verify,266.40892028808594,93.06573867797852,0.0,321,69,345,5,0,0,1,1,0
gaokao2023en,bbeam1,step-profile-config1-bbeam1-gaokao2023en-exclusive0817,278,278,6,draft|draft_verify,113.90876770019531,92.80633926391602,0.0,390,29,376,6,0,0,1,1,0
gaokao2023en,bbeam1,step-profile-config1-bbeam1-gaokao2023en-exclusive0817,278,278,7,draft|draft_verify,59.67211723327637,124.65524673461914,0.0,419,15,393,7,0,0,1,1,0
gaokao2023en,bbeam1,step-profile-config1-bbeam1-gaokao2023en-exclusive0817,278,278,8,draft|draft_verify,99.9455451965332,125.3519058227539,0.0,434,26,421,8,0,0,1,1,0
gaokao2023en,bbeam1,step-profile-config1-bbeam1-gaokao2023en-exclusive0817,278,278,9,draft|draft_verify,43.45297813415527,124.87077713012695,0.0,460,11,434,9,0,0,1,1,0
gaokao2023en,bbeam1,step-profile-config1-bbeam1-gaokao2023en-exclusive0817,278,278,10,draft|draft_verify,43.81084442138672,125.17476081848145,0.0,471,11,447,10,0,0,1,1,0
gaokao2023en,bbeam1,step-profile-config1-bbeam1-gaokao2023en-exclusive0817,278,278,11,draft|draft_verify,66.28227233886719,125.7021427154541,0.0,482,17,466,11,0,0,1,1,0
gaokao2023en,bbeam1,step-profile-config1-bbeam1-gaokao2023en-exclusive0817,278,278,12,draft|draft_verify|target|target_rescue_verify,37.44649887084961,270.18070220947266,512.6857757568359,499,8,962,24,499,18,1,2,1
gaokao2023en,bbeam1,step-profile-config1-bbeam1-gaokao2023en-exclusive0817,278,278,13,draft|draft_verify,30.925273895263672,142.60530471801758,0.0,517,7,495,13,0,0,1,1,0
gaokao2023en,bbeam1,step-profile-config1-bbeam1-gaokao2023en-exclusive0817,278,278,14,draft|draft_verify|target|target_rescue_verify,32.70721435546875,264.3454074859619,1536.3843441009521,524,7,1076,28,524,75,1,2,1
gaokao2023en,bbeam1,step-profile-config1-bbeam1-gaokao2023en-exclusive0817,278,278,15,draft|draft_verify,22.42755889892578,131.1018466949463,0.0,599,5,579,15,0,0,1,1,0
gaokao2023en,bbeam1,step-profile-config1-bbeam1-gaokao2023en-exclusive0817,278,278,16,draft|draft_verify,83.62174034118652,131.0596466064453,0.0,604,20,601,16,0,0,1,1,0
gaokao2023en,bbeam1,step-profile-config1-bbeam1-gaokao2023en-exclusive0817,279,279,1,draft|draft_verify,88.82999420166016,29.870033264160156,0.0,120,24,90,1,0,0,1,1,0
gaokao2023en,bbeam1,step-profile-config1-bbeam1-gaokao2023en-exclusive0817,279,279,2,draft|draft_verify,172.410249710083,49.83401298522949,0.0,144,47,139,2,0,0,1,1,0
gaokao2023en,bbeam1,step-profile-config1-bbeam1-gaokao2023en-exclusive0817,279,279,3,draft|draft_verify,214.10274505615234,59.314727783203125,0.0,191,59,200,3,0,0,1,1,0
gaokao2023en,bbeam1,step-profile-config1-bbeam1-gaokao2023en-exclusive0817,279,279,4,draft|draft_verify,275.390625,76.66540145874023,0.0,250,71,273,4,0,0,1,1,0
gaokao2023en,bbeam1,step-profile-config1-bbeam1-gaokao2023en-exclusive0817,279,279,5,draft|draft_verify,347.0754623413086,92.16451644897461,0.0,321,91,366,5,0,0,1,1,0
gaokao2023en,bbeam1,step-profile-config1-bbeam1-gaokao2023en-exclusive0817,279,279,6,draft|draft_verify,176.96213722229004,141.54505729675293,0.0,412,46,414,6,0,0,1,1,0
gaokao2023en,bbeam1,step-profile-config1-bbeam1-gaokao2023en-exclusive0817,279,279,7,draft|draft_verify,88.43684196472168,124.96185302734375,0.0,458,22,438,7,0,0,1,1,0
gaokao2023en,bbeam1,step-profile-config1-bbeam1-gaokao2023en-exclusive0817,280,280,1,draft|draft_verify,75.45661926269531,28.58591079711914,0.0,118,20,84,1,0,0,1,1,0
gaokao2023en,bbeam1,step-profile-config1-bbeam1-gaokao2023en-exclusive0817,280,280,2,draft|draft_verify,180.6161403656006,45.61972618103027,0.0,138,49,135,2,0,0,1,1,0
gaokao2023en,bbeam1,step-profile-config1-bbeam1-gaokao2023en-exclusive0817,280,280,3,draft|draft_verify,64.20779228210449,49.26657676696777,0.0,187,17,154,3,0,0,1,1,0
gaokao2023en,bbeam1,step-profile-config1-bbeam1-gaokao2023en-exclusive0817,280,280,4,draft|draft_verify,172.48916625976562,59.33809280395508,0.0,204,46,202,4,0,0,1,1,0
gaokao2023en,bbeam1,step-profile-config1-bbeam1-gaokao2023en-exclusive0817,280,280,5,draft|draft_verify|target|target_rescue_verify,284.52014923095703,144.5024013519287,803.8909435272217,250,74,518,10,250,36,1,2,1
gaokao2023en,bbeam1,step-profile-config1-bbeam1-gaokao2023en-exclusive0817,280,280,6,draft|draft_verify,249.17316436767578,85.91961860656738,0.0,286,63,305,6,0,0,1,1,0
gaokao2023en,bbeam1,step-profile-config1-bbeam1-gaokao2023en-exclusive0817,280,280,7,draft|draft_verify,191.47324562072754,102.54955291748047,0.0,349,51,358,7,0,0,1,1,0
gaokao2023en,bbeam1,step-profile-config1-bbeam1-gaokao2023en-exclusive0817,280,280,8,draft|draft_verify,105.7744026184082,123.37899208068848,0.0,400,27,387,8,0,0,1,1,0
gaokao2023en,bbeam1,step-profile-config1-bbeam1-gaokao2023en-exclusive0817,281,281,1,draft|draft_verify,109.68518257141113,29.857873916625977,0.0,97,30,73,1,0,0,1,1,0
gaokao2023en,bbeam1,step-profile-config1-bbeam1-gaokao2023en-exclusive0817,281,281,2,draft|draft_verify,643.8360214233398,60.0893497467041,0.0,127,173,248,2,0,0,1,1,0
gaokao2023en,bbeam1,step-profile-config1-bbeam1-gaokao2023en-exclusive0817,281,281,3,draft|draft_verify,265.0327682495117,76.82108879089355,0.0,300,70,320,3,0,0,1,1,0
gaokao2023en,bbeam1,step-profile-config1-bbeam1-gaokao2023en-exclusive0817,281,281,4,draft|draft_verify,340.50536155700684,133.2404613494873,0.0,370,90,412,4,0,0,1,1,0
gaokao2023en,bbeam1,step-profile-config1-bbeam1-gaokao2023en-exclusive0817,281,281,5,draft|draft_verify,65.06061553955078,132.18045234680176,0.0,460,16,430,5,0,0,1,1,0
gaokao2023en,bbeam1,step-profile-config1-bbeam1-gaokao2023en-exclusive0817,282,282,1,draft|draft_verify,117.02895164489746,60.15419960021973,0.0,278,30,254,1,0,0,1,1,0
gaokao2023en,bbeam1,step-profile-config1-bbeam1-gaokao2023en-exclusive0817,282,282,2,draft|draft_verify|target|target_rescue_verify,372.21837043762207,184.78989601135254,1581.117868423462,308,99,684,4,308,74,1,2,1
gaokao2023en,bbeam1,step-profile-config1-bbeam1-gaokao2023en-exclusive0817,282,282,3,draft|draft_verify|target|target_rescue_verify,285.5947017669678,271.5120315551758,1295.3310012817383,382,75,802,6,382,63,1,2,1
gaokao2023en,bbeam1,step-profile-config1-bbeam1-gaokao2023en-exclusive0817,282,282,4,draft|draft_verify|target|target_rescue_verify,256.75463676452637,263.4909152984619,1069.7124004364014,445,68,913,8,445,52,1,2,1
gaokao2023en,bbeam1,step-profile-config1-bbeam1-gaokao2023en-exclusive0817,282,282,5,draft|draft_verify|target|target_rescue_verify,208.82534980773926,284.5923900604248,948.5282897949219,497,50,995,10,497,46,1,2,1
gaokao2023en,bbeam1,step-profile-config1-bbeam1-gaokao2023en-exclusive0817,282,282,6,draft|draft_verify,382.65037536621094,130.7368278503418,0.0,543,100,596,6,0,0,1,1,0
gaokao2023en,bbeam1,step-profile-config1-bbeam1-gaokao2023en-exclusive0817,282,282,7,draft|draft_verify,234.9412441253662,151.24106407165527,0.0,643,59,657,7,0,0,1,1,0
gaokao2023en,bbeam1,step-profile-config1-bbeam1-gaokao2023en-exclusive0817,282,282,8,draft|draft_verify,153.25689315795898,152.74810791015625,0.0,702,38,697,8,0,0,1,1,0
gaokao2023en,bbeam1,step-profile-config1-bbeam1-gaokao2023en-exclusive0817,282,282,9,draft|draft_verify,137.9077434539795,154.0532112121582,0.0,740,33,732,9,0,0,1,1,0
gaokao2023en,bbeam1,step-profile-config1-bbeam1-gaokao2023en-exclusive0817,283,283,1,draft|draft_verify,168.6868667602539,51.21946334838867,0.0,191,45,183,1,0,0,1,1,0
gaokao2023en,bbeam1,step-profile-config1-bbeam1-gaokao2023en-exclusive0817,283,283,2,draft|draft_verify|target|target_rescue_verify,317.9950714111328,144.7584629058838,936.2256526947021,236,81,493,4,236,43,1,2,1
gaokao2023en,bbeam1,step-profile-config1-bbeam1-gaokao2023en-exclusive0817,283,283,3,draft|draft_verify|target|target_rescue_verify,199.99957084655762,189.3484592437744,1948.5750198364258,279,49,601,6,279,96,1,2,1
gaokao2023en,bbeam1,step-profile-config1-bbeam1-gaokao2023en-exclusive0817,283,283,4,draft|draft_verify,209.32936668395996,103.26981544494629,0.0,375,54,380,4,0,0,1,1,0
gaokao2023en,bbeam1,step-profile-config1-bbeam1-gaokao2023en-exclusive0817,283,283,5,draft|draft_verify,709.6190452575684,128.44443321228027,0.0,429,178,560,5,0,0,1,1,0
gaokao2023en,bbeam1,step-profile-config1-bbeam1-gaokao2023en-exclusive0817,283,283,6,draft|draft_verify,130.37538528442383,130.33485412597656,0.0,607,32,594,6,0,0,1,1,0
gaokao2023en,bbeam1,step-profile-config1-bbeam1-gaokao2023en-exclusive0817,284,284,1,draft|draft_verify,81.02846145629883,21.602869033813477,0.0,91,21,58,1,0,0,1,1,0
gaokao2023en,bbeam1,step-profile-config1-bbeam1-gaokao2023en-exclusive0817,284,284,2,draft|draft_verify,162.9941463470459,30.542612075805664,0.0,112,44,104,2,0,0,1,1,0
gaokao2023en,bbeam1,step-profile-config1-bbeam1-gaokao2023en-exclusive0817,284,284,3,draft|draft_verify|target|target_rescue_verify,127.10976600646973,107.30290412902832,1008.3637237548828,156,34,294,6,156,48,1,2,1
gaokao2023en,bbeam1,step-profile-config1-bbeam1-gaokao2023en-exclusive0817,284,284,4,draft|draft_verify,341.5853977203369,67.74210929870605,0.0,204,91,247,4,0,0,1,1,0
gaokao2023en,bbeam1,step-profile-config1-bbeam1-gaokao2023en-exclusive0817,284,284,5,draft|draft_verify,225.80480575561523,86.26461029052734,0.0,295,59,308,5,0,0,1,1,0
gaokao2023en,bbeam1,step-profile-config1-bbeam1-gaokao2023en-exclusive0817,284,284,6,draft|draft_verify,205.37447929382324,98.59824180603027,0.0,354,53,363,6,0,0,1,1,0
gaokao2023en,bbeam1,step-profile-config1-bbeam1-gaokao2023en-exclusive0817,284,284,7,draft|draft_verify,200.81639289855957,135.9708309173584,0.0,407,49,414,7,0,0,1,1,0
gaokao2023en,bbeam1,step-profile-config1-bbeam1-gaokao2023en-exclusive0817,285,285,1,draft|draft_verify,297.14035987854004,50.23765563964844,0.0,140,80,166,1,0,0,1,1,0
gaokao2023en,bbeam1,step-profile-config1-bbeam1-gaokao2023en-exclusive0817,285,285,2,draft|draft_verify|target|target_rescue_verify,413.44308853149414,144.73843574523926,813.7094974517822,220,105,478,4,220,37,1,2,1
gaokao2023en,bbeam1,step-profile-config1-bbeam1-gaokao2023en-exclusive0817,285,285,3,draft|draft_verify|target|target_rescue_verify,273.62728118896484,170.77016830444336,1111.8593215942383,257,71,539,6,257,54,1,2,1
gaokao2023en,bbeam1,step-profile-config1-bbeam1-gaokao2023en-exclusive0817,285,285,4,draft|draft_verify|target|target_rescue_verify,299.6706962585449,239.90154266357422,2697.2453594207764,311,76,734,8,311,133,1,2,1
gaokao2023en,bbeam1,step-profile-config1-bbeam1-gaokao2023en-exclusive0817,285,285,5,draft|draft_verify|target|target_rescue_verify,225.2063751220703,252.24018096923828,1315.0317668914795,444,56,914,10,444,64,1,2,1
gaokao2023en,bbeam1,step-profile-config1-bbeam1-gaokao2023en-exclusive0817,285,285,6,draft|draft_verify|target|target_rescue_verify,103.70373725891113,270.6422805786133,1173.1092929840088,508,25,1008,12,508,57,1,2,1
gaokao2023en,bbeam1,step-profile-config1-bbeam1-gaokao2023en-exclusive0817,285,285,7,draft|draft_verify,103.58405113220215,127.47550010681152,0.0,565,25,547,7,0,0,1,1,0
gaokao2023en,bbeam1,step-profile-config1-bbeam1-gaokao2023en-exclusive0817,286,286,1,draft|draft_verify,173.64192008972168,30.58171272277832,0.0,112,46,104,1,0,0,1,1,0
gaokao2023en,bbeam1,step-profile-config1-bbeam1-gaokao2023en-exclusive0817,286,286,2,draft|draft_verify,643.6560153961182,77.04758644104004,0.0,158,165,271,2,0,0,1,1,0
gaokao2023en,bbeam1,step-profile-config1-bbeam1-gaokao2023en-exclusive0817,286,286,3,draft|draft_verify|target|target_rescue_verify,1070.5840587615967,231.30464553833008,1199.1217136383057,323,265,866,6,323,55,1,2,1
gaokao2023en,bbeam1,step-profile-config1-bbeam1-gaokao2023en-exclusive0817,286,286,4,draft|draft_verify,252.61974334716797,125.10895729064941,0.0,378,63,393,4,0,0,1,1,0
gaokao2023en,bbeam1,step-profile-config1-bbeam1-gaokao2023en-exclusive0817,286,286,5,draft|draft_verify,460.235595703125,136.78717613220215,0.0,441,116,511,5,0,0,1,1,0
gaokao2023en,bbeam1,step-profile-config1-bbeam1-gaokao2023en-exclusive0817,286,286,6,draft|draft_verify,108.3827018737793,127.87771224975586,0.0,557,27,540,6,0,0,1,1,0
gaokao2023en,bbeam1,step-profile-config1-bbeam1-gaokao2023en-exclusive0817,286,286,7,draft|draft_verify,191.24674797058105,129.61244583129883,0.0,584,50,592,7,0,0,1,1,0
gaokao2023en,bbeam1,step-profile-config1-bbeam1-gaokao2023en-exclusive0817,286,286,8,draft|draft_verify,77.8815746307373,131.8955421447754,0.0,634,19,613,8,0,0,1,1,0
gaokao2023en,bbeam1,step-profile-config1-bbeam1-gaokao2023en-exclusive0817,287,287,1,draft|draft_verify,244.0512180328369,30.529022216796875,0.0,89,67,102,1,0,0,1,1,0
gaokao2023en,bbeam1,step-profile-config1-bbeam1-gaokao2023en-exclusive0817,287,287,2,draft|draft_verify,73.49061965942383,30.7464599609375,0.0,156,20,124,2,0,0,1,1,0
gaokao2023en,bbeam1,step-profile-config1-bbeam1-gaokao2023en-exclusive0817,287,287,3,draft|draft_verify|target|target_rescue_verify,198.4102725982666,119.14324760437012,1410.4588031768799,176,55,375,6,176,68,1,2,1
gaokao2023en,bbeam1,step-profile-config1-bbeam1-gaokao2023en-exclusive0817,287,287,4,draft|draft_verify,79.8788070678711,67.89302825927734,0.0,244,21,217,4,0,0,1,1,0
gaokao2023en,bbeam1,step-profile-config1-bbeam1-gaokao2023en-exclusive0817,287,287,5,draft|draft_verify,261.1696720123291,87.11695671081543,0.0,265,69,288,5,0,0,1,1,0
gaokao2023en,bbeam1,step-profile-config1-bbeam1-gaokao2023en-exclusive0817,287,287,6,draft|draft_verify,85.51526069641113,86.89093589782715,0.0,334,21,311,6,0,0,1,1,0
gaokao2023en,bbeam1,step-profile-config1-bbeam1-gaokao2023en-exclusive0817,288,288,1,draft|draft_verify,154.9243927001953,50.97246170043945,0.0,186,42,175,1,0,0,1,1,0
gaokao2023en,bbeam1,step-profile-config1-bbeam1-gaokao2023en-exclusive0817,288,288,2,draft|draft_verify,29.88457679748535,59.04674530029297,0.0,228,8,185,2,0,0,1,1,0
gaokao2023en,bbeam1,step-profile-config1-bbeam1-gaokao2023en-exclusive0817,288,288,3,draft|draft_verify,116.12248420715332,60.70089340209961,0.0,236,31,218,3,0,0,1,1,0
gaokao2023en,bbeam1,step-profile-config1-bbeam1-gaokao2023en-exclusive0817,288,288,4,draft|draft_verify,224.53618049621582,76.89976692199707,0.0,267,59,279,4,0,0,1,1,0
gaokao2023en,bbeam1,step-profile-config1-bbeam1-gaokao2023en-exclusive0817,288,288,5,draft|draft_verify,65.51194190979004,77.15106010437012,0.0,326,17,298,5,0,0,1,1,0
gaokao2023en,bbeam1,step-profile-config1-bbeam1-gaokao2023en-exclusive0817,288,288,6,draft|draft_verify,168.53904724121094,92.48828887939453,0.0,343,44,344,6,0,0,1,1,0
gaokao2023en,bbeam1,step-profile-config1-bbeam1-gaokao2023en-exclusive0817,288,288,7,draft|draft_verify,167.8624153137207,124.25017356872559,0.0,387,44,390,7,0,0,1,1,0
gaokao2023en,bbeam1,step-profile-config1-bbeam1-gaokao2023en-exclusive0817,288,288,8,draft|draft_verify,205.69658279418945,125.69546699523926,0.0,431,49,441,8,0,0,1,1,0
gaokao2023en,bbeam1,step-profile-config1-bbeam1-gaokao2023en-exclusive0817,288,288,9,draft|draft_verify,43.87998580932617,126.24406814575195,0.0,480,10,453,9,0,0,1,1,0
gaokao2023en,bbeam1,step-profile-config1-bbeam1-gaokao2023en-exclusive0817,288,288,10,draft|draft_verify,237.46275901794434,136.4462375640869,0.0,490,56,511,10,0,0,1,1,0
gaokao2023en,bbeam1,step-profile-config1-bbeam1-gaokao2023en-exclusive0817,288,288,11,draft|draft_verify,39.19482231140137,127.46119499206543,0.0,546,9,522,11,0,0,1,1,0
gaokao2023en,bbeam1,step-profile-config1-bbeam1-gaokao2023en-exclusive0817,288,288,12,draft|draft_verify,159.9421501159668,127.46310234069824,0.0,555,38,562,12,0,0,1,1,0
gaokao2023en,bbeam1,step-profile-config1-bbeam1-gaokao2023en-exclusive0817,288,288,13,draft|draft_verify,23.589611053466797,128.05795669555664,0.0,593,5,569,13,0,0,1,1,0
gaokao2023en,bbeam1,step-profile-config1-bbeam1-gaokao2023en-exclusive0817,288,288,14,draft|draft_verify|target|target_rescue_verify,194.03409957885742,264.0876770019531,1139.4007205963135,598,46,1237,28,598,49,1,2,1
gaokao2023en,bbeam1,step-profile-config1-bbeam1-gaokao2023en-exclusive0817,288,288,15,draft|draft_verify,70.00732421875,130.85675239562988,0.0,647,15,637,15,0,0,1,1,0
gaokao2023en,bbeam1,step-profile-config1-bbeam1-gaokao2023en-exclusive0817,288,288,16,draft|draft_verify|target|target_rescue_verify,142.88878440856934,303.1461238861084,555.4604530334473,662,32,1336,32,662,26,1,2,1
gaokao2023en,bbeam1,step-profile-config1-bbeam1-gaokao2023en-exclusive0817,288,288,17,draft|draft_verify,30.185461044311523,150.97332000732422,0.0,688,7,674,17,0,0,1,1,0
gaokao2023en,bbeam1,step-profile-config1-bbeam1-gaokao2023en-exclusive0817,288,288,18,draft|draft_verify,75.04677772521973,152.14037895202637,0.0,695,19,695,18,0,0,1,1,0
gaokao2023en,bbeam1,step-profile-config1-bbeam1-gaokao2023en-exclusive0817,288,288,19,draft|draft_verify,43.93291473388672,152.3721218109131,0.0,714,11,708,19,0,0,1,1,0
gaokao2023en,bbeam1,step-profile-config1-bbeam1-gaokao2023en-exclusive0817,288,288,20,draft|draft_verify|target|target_rescue_verify,112.50066757202148,307.16848373413086,754.1494369506836,725,29,1485,40,725,36,1,2,1
gaokao2023en,bbeam1,step-profile-config1-bbeam1-gaokao2023en-exclusive0817,288,288,21,draft|draft_verify,45.771121978759766,154.0985107421875,0.0,761,11,759,21,0,0,1,1,0
gaokao2023en,bbeam1,step-profile-config1-bbeam1-gaokao2023en-exclusive0817,288,288,22,draft|draft_verify,86.7152214050293,173.42472076416016,0.0,772,22,783,22,0,0,1,1,0
gaokao2023en,bbeam1,step-profile-config1-bbeam1-gaokao2023en-exclusive0817,288,288,23,draft|draft_verify,29.115676879882812,174.58057403564453,0.0,794,6,791,23,0,0,1,1,0
gaokao2023en,bbeam1,step-profile-config1-bbeam1-gaokao2023en-exclusive0817,289,289,1,draft|draft_verify,126.00541114807129,30.445337295532227,0.0,97,34,77,1,0,0,1,1,0
gaokao2023en,bbeam1,step-profile-config1-bbeam1-gaokao2023en-exclusive0817,289,289,2,draft|draft_verify,119.31896209716797,29.990196228027344,0.0,131,31,110,2,0,0,1,1,0
gaokao2023en,bbeam1,step-profile-config1-bbeam1-gaokao2023en-exclusive0817,289,289,3,draft|draft_verify,101.93061828613281,49.642086029052734,0.0,162,27,139,3,0,0,1,1,0
gaokao2023en,bbeam1,step-profile-config1-bbeam1-gaokao2023en-exclusive0817,289,289,4,draft|draft_verify,195.18113136291504,56.90288543701172,0.0,189,50,191,4,0,0,1,1,0
gaokao2023en,bbeam1,step-profile-config1-bbeam1-gaokao2023en-exclusive0817,289,289,5,draft|draft_verify,230.65829277038574,59.92484092712402,0.0,239,61,254,5,0,0,1,1,0
gaokao2023en,bbeam1,step-profile-config1-bbeam1-gaokao2023en-exclusive0817,289,289,6,draft|draft_verify,128.9677619934082,75.55651664733887,0.0,300,34,290,6,0,0,1,1,0
gaokao2023en,bbeam1,step-profile-config1-bbeam1-gaokao2023en-exclusive0817,289,289,7,draft|draft_verify,126.84178352355957,91.50385856628418,0.0,334,32,324,7,0,0,1,1,0
gaokao2023en,bbeam1,step-profile-config1-bbeam1-gaokao2023en-exclusive0817,290,290,1,draft|draft_verify,263.92292976379395,30.310392379760742,0.0,95,69,110,1,0,0,1,1,0
gaokao2023en,bbeam1,step-profile-config1-bbeam1-gaokao2023en-exclusive0817,290,290,2,draft|draft_verify|target|backtracking_verify,628.9138793945312,145.80607414245605,2537.998914718628,164,163,512,4,164,125,1,2,1
gaokao2023en,bbeam1,step-profile-config1-bbeam1-gaokao2023en-exclusive0817,290,290,3,draft|draft_verify|target|target_rescue_verify,1006.7892074584961,415.10987281799316,3095.079183578491,616,257,1437,12,616,148,2,4,2
gaokao2023en,bbeam1,step-profile-config1-bbeam1-gaokao2023en-exclusive0817,290,290,4,draft|draft_verify|target|target_rescue_verify,313.3890628814697,341.630220413208,1250.3855228424072,764,79,1161,12,401,61,2,3,1
gaokao2023en,bbeam1,step-profile-config1-bbeam1-gaokao2023en-exclusive0817,290,290,5,draft|draft_verify|target|target_rescue_verify,792.7632331848145,425.3082275390625,2716.869831085205,865,208,1531,15,462,134,2,3,1
gaokao2023en,bbeam1,step-profile-config1-bbeam1-gaokao2023en-exclusive0817,290,290,6,draft|draft_verify|target|target_rescue_verify,206.64238929748535,268.89896392822266,1894.7103023529053,538,54,1133,12,538,91,1,2,1
gaokao2023en,bbeam1,step-profile-config1-bbeam1-gaokao2023en-exclusive0817,290,290,7,draft|draft_verify|target|target_rescue_verify,310.3926181793213,309.1299533843994,1438.8952255249023,629,81,1324,14,629,70,1,2,1
gaokao2023en,bbeam1,step-profile-config1-bbeam1-gaokao2023en-exclusive0817,290,290,8,draft|draft_verify,451.8144130706787,165.50970077514648,0.0,699,118,776,8,0,0,1,1,0
gaokao2023en,bbeam1,step-profile-config1-bbeam1-gaokao2023en-exclusive0817,290,290,9,draft|draft_verify,582.960844039917,199.3274688720703,0.0,817,151,929,9,0,0,1,1,0
gaokao2023en,bbeam1,step-profile-config1-bbeam1-gaokao2023en-exclusive0817,290,290,10,draft|draft_verify,230.24702072143555,199.44143295288086,0.0,968,58,989,10,0,0,1,1,0
gaokao2023en,bbeam1,step-profile-config1-bbeam1-gaokao2023en-exclusive0817,290,290,11,draft|draft_verify,71.91061973571777,208.73618125915527,0.0,1026,17,1008,11,0,0,1,1,0
gaokao2023en,bbeam1,step-profile-config1-bbeam1-gaokao2023en-exclusive0817,291,291,1,draft|draft_verify,242.77925491333008,31.08501434326172,0.0,119,63,128,1,0,0,1,1,0
gaokao2023en,bbeam1,step-profile-config1-bbeam1-gaokao2023en-exclusive0817,291,291,2,draft|draft_verify,440.11640548706055,60.577392578125,0.0,182,113,243,2,0,0,1,1,0
gaokao2023en,bbeam1,step-profile-config1-bbeam1-gaokao2023en-exclusive0817,291,291,3,draft|draft_verify,426.1739253997803,91.42279624938965,0.0,295,109,354,3,0,0,1,1,0
gaokao2023en,bbeam1,step-profile-config1-bbeam1-gaokao2023en-exclusive0817,291,291,4,draft|draft_verify,167.20294952392578,122.82490730285645,0.0,404,43,399,4,0,0,1,1,0
gaokao2023en,bbeam1,step-profile-config1-bbeam1-gaokao2023en-exclusive0817,291,291,5,draft|draft_verify,85.2663516998291,124.09377098083496,0.0,447,21,422,5,0,0,1,1,0
gaokao2023en,bbeam1,step-profile-config1-bbeam1-gaokao2023en-exclusive0817,292,292,1,draft|draft_verify,169.57712173461914,30.669212341308594,0.0,124,44,114,1,0,0,1,1,0
gaokao2023en,bbeam1,step-profile-config1-bbeam1-gaokao2023en-exclusive0817,292,292,2,draft|draft_verify,132.05265998840332,49.40390586853027,0.0,168,35,150,2,0,0,1,1,0
gaokao2023en,bbeam1,step-profile-config1-bbeam1-gaokao2023en-exclusive0817,292,292,3,draft|draft_verify|target|target_rescue_verify,855.6342124938965,144.17362213134766,412.1739864349365,203,215,536,6,203,17,1,2,1
gaokao2023en,bbeam1,step-profile-config1-bbeam1-gaokao2023en-exclusive0817,292,292,4,draft|draft_verify,130.67889213562012,59.02504920959473,0.0,220,35,206,4,0,0,1,1,0
gaokao2023en,bbeam1,step-profile-config1-bbeam1-gaokao2023en-exclusive0817,292,292,5,draft|draft_verify|target|target_rescue_verify,356.7194938659668,164.872407913208,1112.7941608428955,255,92,562,10,255,54,1,2,1
gaokao2023en,bbeam1,step-profile-config1-bbeam1-gaokao2023en-exclusive0817,292,292,6,draft|draft_verify|target|target_rescue_verify,190.94252586364746,184.50164794921875,1233.335256576538,309,49,637,12,309,60,1,2,1
gaokao2023en,bbeam1,step-profile-config1-bbeam1-gaokao2023en-exclusive0817,292,292,7,draft|draft_verify,174.17645454406738,92.69976615905762,0.0,369,45,371,7,0,0,1,1,0
gaokao2023en,bbeam1,step-profile-config1-bbeam1-gaokao2023en-exclusive0817,292,292,8,draft|draft_verify,170.6709861755371,124.94492530822754,0.0,414,44,417,8,0,0,1,1,0
gaokao2023en,bbeam1,step-profile-config1-bbeam1-gaokao2023en-exclusive0817,292,292,9,draft|draft_verify,82.46898651123047,123.9018440246582,0.0,458,20,439,9,0,0,1,1,0
gaokao2023en,bbeam1,step-profile-config1-bbeam1-gaokao2023en-exclusive0817,293,293,1,draft|draft_verify,186.71536445617676,31.029462814331055,0.0,116,50,113,1,0,0,1,1,0
gaokao2023en,bbeam1,step-profile-config1-bbeam1-gaokao2023en-exclusive0817,293,293,2,draft|draft_verify,89.25080299377441,48.99954795837402,0.0,166,24,139,2,0,0,1,1,0
gaokao2023en,bbeam1,step-profile-config1-bbeam1-gaokao2023en-exclusive0817,293,293,3,draft|draft_verify,119.51279640197754,49.462080001831055,0.0,190,32,173,3,0,0,1,1,0
gaokao2023en,bbeam1,step-profile-config1-bbeam1-gaokao2023en-exclusive0817,293,293,4,draft|draft_verify|target|target_rescue_verify,127.14815139770508,146.2869644165039,1768.9950466156006,222,34,469,8,222,85,1,2,1
gaokao2023en,bbeam1,step-profile-config1-bbeam1-gaokao2023en-exclusive0817,293,293,5,draft|draft_verify,57.44576454162598,84.63573455810547,0.0,307,14,276,5,0,0,1,1,0
gaokao2023en,bbeam1,step-profile-config1-bbeam1-gaokao2023en-exclusive0817,293,293,6,draft|draft_verify,116.69135093688965,76.16662979125977,0.0,321,29,307,6,0,0,1,1,0
gaokao2023en,bbeam1,step-profile-config1-bbeam1-gaokao2023en-exclusive0817,294,294,1,draft|draft_verify,268.68700981140137,59.697628021240234,0.0,195,72,213,1,0,0,1,1,0
gaokao2023en,bbeam1,step-profile-config1-bbeam1-gaokao2023en-exclusive0817,294,294,2,draft|draft_verify|target|backtracking_verify,322.6313591003418,166.14460945129395,1974.421501159668,267,85,612,4,267,97,1,2,1
gaokao2023en,bbeam1,step-profile-config1-bbeam1-gaokao2023en-exclusive0817,294,294,3,draft|draft_verify|target|target_rescue_verify,2147.0303535461426,418.5624122619629,1588.672399520874,716,557,1549,9,352,74,2,3,1
gaokao2023en,bbeam1,step-profile-config1-bbeam1-gaokao2023en-exclusive0817,294,294,4,draft|draft_verify,368.36695671081543,141.84927940368652,0.0,441,96,489,4,0,0,1,1,0
gaokao2023en,bbeam1,step-profile-config1-bbeam1-gaokao2023en-exclusive0817,294,294,5,draft|draft_verify|target|target_rescue_verify,502.117395401001,258.38470458984375,1076.629400253296,537,132,1164,10,537,50,1,2,1
gaokao2023en,bbeam1,step-profile-config1-bbeam1-gaokao2023en-exclusive0817,294,294,6,draft|draft_verify|target|target_rescue_verify,617.497444152832,280.79676628112793,516.01243019104,587,164,1274,12,587,24,1,2,1
gaokao2023en,bbeam1,step-profile-config1-bbeam1-gaokao2023en-exclusive0817,294,294,7,draft|draft_verify,388.60177993774414,152.57668495178223,0.0,611,95,663,7,0,0,1,1,0
gaokao2023en,bbeam1,step-profile-config1-bbeam1-gaokao2023en-exclusive0817,294,294,8,draft|draft_verify|target|target_rescue_verify,246.98758125305176,304.72731590270996,765.4457092285156,706,65,1431,16,706,36,1,2,1
gaokao2023en,bbeam1,step-profile-config1-bbeam1-gaokao2023en-exclusive0817,294,294,9,draft|draft_verify|target|backtracking_verify,27.21381187438965,367.2628402709961,4684.9610805511475,742,6,1644,18,742,232,1,2,1
gaokao2023en,bbeam1,step-profile-config1-bbeam1-gaokao2023en-exclusive0817,294,294,10,draft|draft_verify|target|target_rescue_verify,298.80762100219727,566.1907196044922,4710.67214012146,1722,77,2669,30,748,233,2,3,1
gaokao2023en,bbeam1,step-profile-config1-bbeam1-gaokao2023en-exclusive0817,294,294,11,draft|draft_verify,44.5399284362793,199.7687816619873,0.0,994,10,969,11,0,0,1,1,0
gaokao2023en,bbeam1,step-profile-config1-bbeam1-gaokao2023en-exclusive0817,295,295,1,draft|draft_verify,127.46429443359375,29.58083152770996,0.0,127,35,108,1,0,0,1,1,0
gaokao2023en,bbeam1,step-profile-config1-bbeam1-gaokao2023en-exclusive0817,295,295,2,draft|draft_verify,159.45935249328613,49.16524887084961,0.0,162,44,154,2,0,0,1,1,0
gaokao2023en,bbeam1,step-profile-config1-bbeam1-gaokao2023en-exclusive0817,295,295,3,draft|draft_verify,225.5268096923828,60.05358695983887,0.0,206,62,218,3,0,0,1,1,0
gaokao2023en,bbeam1,step-profile-config1-bbeam1-gaokao2023en-exclusive0817,295,295,4,draft|draft_verify|target|target_rescue_verify,275.9077548980713,163.15054893493652,1872.2944259643555,268,73,602,8,268,89,1,2,1
gaokao2023en,bbeam1,step-profile-config1-bbeam1-gaokao2023en-exclusive0817,295,295,5,draft|draft_verify,461.87591552734375,137.3918056488037,0.0,357,118,428,5,0,0,1,1,0
gaokao2023en,bbeam1,step-profile-config1-bbeam1-gaokao2023en-exclusive0817,295,295,6,draft|draft_verify,123.16513061523438,125.6256103515625,0.0,475,32,462,6,0,0,1,1,0
gaokao2023en,bbeam1,step-profile-config1-bbeam1-gaokao2023en-exclusive0817,295,295,7,draft|draft_verify,39.540767669677734,125.59342384338379,0.0,507,9,473,7,0,0,1,1,0
gaokao2023en,bbeam1,step-profile-config1-bbeam1-gaokao2023en-exclusive0817,296,296,1,draft|draft_verify,156.7850112915039,30.79819679260254,0.0,114,42,102,1,0,0,1,1,0
gaokao2023en,bbeam1,step-profile-config1-bbeam1-gaokao2023en-exclusive0817,296,296,2,draft|draft_verify,237.41507530212402,50.208330154418945,0.0,156,64,168,2,0,0,1,1,0
gaokao2023en,bbeam1,step-profile-config1-bbeam1-gaokao2023en-exclusive0817,296,296,3,draft|draft_verify,417.1721935272217,76.70903205871582,0.0,220,109,279,3,0,0,1,1,0
gaokao2023en,bbeam1,step-profile-config1-bbeam1-gaokao2023en-exclusive0817,296,296,4,draft|draft_verify,379.8177242279053,92.10944175720215,0.0,329,94,375,4,0,0,1,1,0
gaokao2023en,bbeam1,step-profile-config1-bbeam1-gaokao2023en-exclusive0817,296,296,5,draft|draft_verify|target|target_rescue_verify,109.32731628417969,262.85815238952637,1855.860710144043,423,27,866,10,423,85,1,2,1
gaokao2023en,bbeam1,step-profile-config1-bbeam1-gaokao2023en-exclusive0817,296,296,6,draft|draft_verify,109.05218124389648,141.6468620300293,0.0,508,27,491,6,0,0,1,1,0
gaokao2023en,bbeam1,step-profile-config1-bbeam1-gaokao2023en-exclusive0817,297,297,1,draft|draft_verify,419.00157928466797,60.20808219909668,0.0,137,113,196,1,0,0,1,1,0
gaokao2023en,bbeam1,step-profile-config1-bbeam1-gaokao2023en-exclusive0817,297,297,2,draft|draft_verify|target|target_rescue_verify,385.45918464660645,146.02947235107422,950.5517482757568,250,95,535,4,250,44,1,2,1
gaokao2023en,bbeam1,step-profile-config1-bbeam1-gaokao2023en-exclusive0817,297,297,3,draft|draft_verify|target|target_rescue_verify,169.25454139709473,172.69515991210938,1355.942726135254,294,44,598,6,294,66,1,2,1
gaokao2023en,bbeam1,step-profile-config1-bbeam1-gaokao2023en-exclusive0817,297,297,4,draft|draft_verify,159.013032913208,102.65588760375977,0.0,360,41,353,4,0,0,1,1,0
gaokao2023en,bbeam1,step-profile-config1-bbeam1-gaokao2023en-exclusive0817,297,297,5,draft|draft_verify,441.09272956848145,126.24692916870117,0.0,401,116,471,5,0,0,1,1,0
gaokao2023en,bbeam1,step-profile-config1-bbeam1-gaokao2023en-exclusive0817,297,297,6,draft|draft_verify|target|target_rescue_verify,194.11110877990723,268.3825492858887,529.5782089233398,517,50,1019,12,517,23,1,2,1
gaokao2023en,bbeam1,step-profile-config1-bbeam1-gaokao2023en-exclusive0817,297,297,7,draft|draft_verify,144.05131340026855,126.40547752380371,0.0,540,37,535,7,0,0,1,1,0
gaokao2023en,bbeam1,step-profile-config1-bbeam1-gaokao2023en-exclusive0817,297,297,8,draft|draft_verify,78.78947257995605,125.47826766967773,0.0,577,20,557,8,0,0,1,1,0
gaokao2023en,bbeam1,step-profile-config1-bbeam1-gaokao2023en-exclusive0817,297,297,9,draft|draft_verify,142.52471923828125,130.0191879272461,0.0,597,37,596,9,0,0,1,1,0
gaokao2023en,bbeam1,step-profile-config1-bbeam1-gaokao2023en-exclusive0817,297,297,10,draft|draft_verify,82.58795738220215,130.20968437194824,0.0,634,20,618,10,0,0,1,1,0
gaokao2023en,bbeam1,step-profile-config1-bbeam1-gaokao2023en-exclusive0817,298,298,1,draft|draft_verify,102.53167152404785,21.15178108215332,0.0,74,27,47,1,0,0,1,1,0
gaokao2023en,bbeam1,step-profile-config1-bbeam1-gaokao2023en-exclusive0817,298,298,2,draft|draft_verify,432.833194732666,50.554752349853516,0.0,101,115,164,2,0,0,1,1,0
gaokao2023en,bbeam1,step-profile-config1-bbeam1-gaokao2023en-exclusive0817,298,298,3,draft|draft_verify,470.36027908325195,77.53825187683105,0.0,216,123,289,3,0,0,1,1,0
gaokao2023en,bbeam1,step-profile-config1-bbeam1-gaokao2023en-exclusive0817,298,298,4,draft|draft_verify|target|target_rescue_verify,1808.5358142852783,309.47065353393555,3699.6169090270996,339,462,1223,8,339,179,1,2,1
gaokao2023en,bbeam1,step-profile-config1-bbeam1-gaokao2023en-exclusive0817,298,298,5,draft|draft_verify|target|target_rescue_verify,515.3355598449707,271.90160751342773,2449.033260345459,518,135,1199,10,518,120,1,2,1
gaokao2023en,bbeam1,step-profile-config1-bbeam1-gaokao2023en-exclusive0817,298,298,6,draft|draft_verify|target|target_rescue_verify,259.04178619384766,282.8788757324219,680.1683902740479,638,67,1287,12,638,32,1,2,1
gaokao2023en,bbeam1,step-profile-config1-bbeam1-gaokao2023en-exclusive0817,298,298,7,draft|draft_verify,116.93477630615234,151.71217918395996,0.0,670,29,657,7,0,0,1,1,0
gaokao2023en,bbeam1,step-profile-config1-bbeam1-gaokao2023en-exclusive0817,299,299,1,draft|draft_verify,314.0871524810791,31.310558319091797,0.0,95,82,123,1,0,0,1,1,0
gaokao2023en,bbeam1,step-profile-config1-bbeam1-gaokao2023en-exclusive0817,299,299,2,draft|draft_verify,53.43294143676758,50.11558532714844,0.0,177,14,139,2,0,0,1,1,0
gaokao2023en,bbeam1,step-profile-config1-bbeam1-gaokao2023en-exclusive0817,299,299,3,draft|draft_verify,32.076120376586914,49.982547760009766,0.0,191,8,149,3,0,0,1,1,0
gaokao2023en,bbeam1,step-profile-config1-bbeam1-gaokao2023en-exclusive0817,299,299,4,draft|draft_verify,46.957969665527344,49.730777740478516,0.0,199,12,163,4,0,0,1,1,0
gaokao2023en,bbeam1,step-profile-config1-bbeam1-gaokao2023en-exclusive0817,299,299,5,draft|draft_verify|target|target_rescue_verify,237.5354766845703,127.41613388061523,1639.5468711853027,211,63,471,10,211,78,1,2,1
gaokao2023en,bbeam1,step-profile-config1-bbeam1-gaokao2023en-exclusive0817,299,299,6,draft|draft_verify,96.31133079528809,85.48212051391602,0.0,289,24,269,6,0,0,1,1,0
gaokao2023en,bbeam1,step-profile-config1-bbeam1-gaokao2023en-exclusive0817,299,299,7,draft|draft_verify,209.3813419342041,98.5410213470459,0.0,313,54,325,7,0,0,1,1,0
gaokao2023en,bbeam1,step-profile-config1-bbeam1-gaokao2023en-exclusive0817,299,299,8,draft|draft_verify,134.11664962768555,95.81995010375977,0.0,367,33,360,8,0,0,1,1,0
gaokao2023en,bbeam1,step-profile-config1-bbeam1-gaokao2023en-exclusive0817,299,299,9,draft|draft_verify,140.11335372924805,132.34210014343262,0.0,400,36,398,9,0,0,1,1,0
gaokao2023en,bbeam1,step-profile-config1-bbeam1-gaokao2023en-exclusive0817,299,299,10,draft|draft_verify|target|target_rescue_verify,254.81200218200684,251.1296272277832,651.4244079589844,436,67,895,20,436,29,1,2,1
gaokao2023en,bbeam1,step-profile-config1-bbeam1-gaokao2023en-exclusive0817,299,299,11,draft|draft_verify,239.5029067993164,142.0154571533203,0.0,465,63,494,11,0,0,1,1,0
gaokao2023en,bbeam1,step-profile-config1-bbeam1-gaokao2023en-exclusive0817,299,299,12,draft|draft_verify,132.38048553466797,126.66916847229004,0.0,528,33,529,12,0,0,1,1,0
gaokao2023en,bbeam1,step-profile-config1-bbeam1-gaokao2023en-exclusive0817,299,299,13,draft|draft_verify,145.2157497406006,126.95598602294922,0.0,561,36,567,13,0,0,1,1,0
gaokao2023en,bbeam1,step-profile-config1-bbeam1-gaokao2023en-exclusive0817,299,299,14,draft|draft_verify,160.68220138549805,130.8283805847168,0.0,597,42,611,14,0,0,1,1,0
gaokao2023en,bbeam1,step-profile-config1-bbeam1-gaokao2023en-exclusive0817,299,299,15,draft|draft_verify,246.9024658203125,151.96657180786133,0.0,639,63,676,15,0,0,1,1,0
gaokao2023en,bbeam1,step-profile-config1-bbeam1-gaokao2023en-exclusive0817,299,299,16,draft|draft_verify,131.63137435913086,153.0756950378418,0.0,702,33,711,16,0,0,1,1,0
gaokao2023en,bbeam1,step-profile-config1-bbeam1-gaokao2023en-exclusive0817,299,299,17,draft|draft_verify,138.37146759033203,154.0243625640869,0.0,735,36,749,17,0,0,1,1,0
gaokao2023en,bbeam1,step-profile-config1-bbeam1-gaokao2023en-exclusive0817,299,299,18,draft|draft_verify,162.19639778137207,173.57516288757324,0.0,771,42,793,18,0,0,1,1,0
gaokao2023en,bbeam1,step-profile-config1-bbeam1-gaokao2023en-exclusive0817,299,299,19,draft|draft_verify,246.98925018310547,177.53338813781738,0.0,813,63,858,19,0,0,1,1,0
gaokao2023en,bbeam1,step-profile-config1-bbeam1-gaokao2023en-exclusive0817,299,299,20,draft|draft_verify,127.91967391967773,177.5221824645996,0.0,876,33,893,20,0,0,1,1,0
gaokao2023en,bbeam1,step-profile-config1-bbeam1-gaokao2023en-exclusive0817,299,299,21,draft|draft_verify,140.3961181640625,199.06854629516602,0.0,909,36,931,21,0,0,1,1,0
gaokao2023en,bbeam1,step-profile-config1-bbeam1-gaokao2023en-exclusive0817,299,299,22,draft|draft_verify,165.82679748535156,201.27439498901367,0.0,945,42,975,22,0,0,1,1,0
gaokao2023en,bbeam1,step-profile-config1-bbeam1-gaokao2023en-exclusive0817,299,299,23,draft|draft_verify,195.2974796295166,224.40242767333984,0.0,987,50,1027,23,0,0,1,1,0
gaokao2023en,bbeam1,step-profile-config1-bbeam1-gaokao2023en-exclusive0817,300,300,1,draft|draft_verify|target|backtracking_verify,298.1882095336914,82.43441581726074,633.934736251831,151,78,302,2,151,30,1,2,1
gaokao2023en,bbeam1,step-profile-config1-bbeam1-gaokao2023en-exclusive0817,300,300,2,draft|draft_verify|target|target_rescue_verify,522.3069190979004,207.72790908813477,2803.919792175293,410,138,757,6,229,136,2,3,1
gaokao2023en,bbeam1,step-profile-config1-bbeam1-gaokao2023en-exclusive0817,300,300,3,draft|draft_verify|target|target_rescue_verify,361.7727756500244,314.7740364074707,1787.275791168213,612,93,1007,9,365,87,2,3,1
gaokao2023en,bbeam1,step-profile-config1-bbeam1-gaokao2023en-exclusive0817,300,300,4,draft|draft_verify|target|backtracking_verify,236.1462116241455,176.53608322143555,611.151933670044,308,62,611,8,308,29,1,2,1
gaokao2023en,bbeam1,step-profile-config1-bbeam1-gaokao2023en-exclusive0817,300,300,5,draft|draft_verify|target|target_rescue_verify,496.4473247528076,348.3624458312988,1578.0653953552246,707,130,1144,15,370,75,2,3,1
gaokao2023en,bbeam1,step-profile-config1-bbeam1-gaokao2023en-exclusive0817,300,300,6,draft|draft_verify|target|target_rescue_verify,584.5739841461182,558.574914932251,3884.5760822296143,844,154,1856,24,844,190,2,4,2
gaokao2023en,bbeam1,step-profile-config1-bbeam1-gaokao2023en-exclusive0817,300,300,7,draft|draft_verify|target|target_rescue_verify,649.3053436279297,579.5493125915527,2396.0647583007812,1034,161,2177,28,1034,116,2,4,2
gaokao2023en,bbeam1,step-profile-config1-bbeam1-gaokao2023en-exclusive0817,300,300,8,draft|draft_verify|target|target_rescue_verify,213.41538429260254,254.23216819763184,655.0335884094238,534,55,1074,16,534,31,1,2,1
gaokao2023en,bbeam1,step-profile-config1-bbeam1-gaokao2023en-exclusive0817,300,300,9,draft|draft_verify,72.95036315917969,126.84369087219238,0.0,565,17,544,9,0,0,1,1,0
gaokao2023en,bbeam1,step-profile-config1-bbeam1-gaokao2023en-exclusive0817,301,301,1,draft|draft_verify,166.91923141479492,29.662609100341797,0.0,96,45,87,1,0,0,1,1,0
gaokao2023en,bbeam1,step-profile-config1-bbeam1-gaokao2023en-exclusive0817,301,301,2,draft|draft_verify,202.1183967590332,50.496578216552734,0.0,141,52,141,2,0,0,1,1,0
gaokao2023en,bbeam1,step-profile-config1-bbeam1-gaokao2023en-exclusive0817,301,301,3,draft|draft_verify|target|target_rescue_verify,459.86342430114746,142.1065330505371,1041.2275791168213,193,123,458,6,193,49,1,2,1
gaokao2023en,bbeam1,step-profile-config1-bbeam1-gaokao2023en-exclusive0817,301,301,4,draft|draft_verify|target|target_rescue_verify,734.825611114502,190.2618408203125,1494.5533275604248,242,186,647,8,242,73,1,2,1
gaokao2023en,bbeam1,step-profile-config1-bbeam1-gaokao2023en-exclusive0817,301,301,5,draft|draft_verify,40.47703742980957,86.27104759216309,0.0,315,10,279,5,0,0,1,1,0
gaokao2023en,bbeam1,step-profile-config1-bbeam1-gaokao2023en-exclusive0817,301,301,6,draft|draft_verify|target|target_rescue_verify,676.3622760772705,264.77551460266113,4908.8544845581055,325,179,984,12,325,243,1,2,1
gaokao2023en,bbeam1,step-profile-config1-bbeam1-gaokao2023en-exclusive0817,301,301,7,draft|draft_verify,253.32999229431152,130.57971000671387,0.0,568,64,589,7,0,0,1,1,0
gaokao2023en,bbeam1,step-profile-config1-bbeam1-gaokao2023en-exclusive0817,301,301,8,draft|draft_verify,112.3654842376709,130.9678554534912,0.0,632,29,620,8,0,0,1,1,0
gaokao2023en,bbeam1,step-profile-config1-bbeam1-gaokao2023en-exclusive0817,301,301,9,draft|draft_verify|target|target_rescue_verify,248.41928482055664,304.701566696167,667.1411991119385,661,62,1337,18,661,31,1,2,1
gaokao2023en,bbeam1,step-profile-config1-bbeam1-gaokao2023en-exclusive0817,301,301,10,draft|draft_verify,139.65344429016113,152.0864963531494,0.0,692,35,690,10,0,0,1,1,0
gaokao2023en,bbeam1,step-profile-config1-bbeam1-gaokao2023en-exclusive0817,302,302,1,draft|draft_verify|target|target_rescue_verify,338.1764888763428,119.1263198852539,1650.2995491027832,156,92,376,2,156,80,1,2,1
gaokao2023en,bbeam1,step-profile-config1-bbeam1-gaokao2023en-exclusive0817,302,302,2,draft|draft_verify,193.95947456359863,68.44329833984375,0.0,236,51,235,2,0,0,1,1,0
gaokao2023en,bbeam1,step-profile-config1-bbeam1-gaokao2023en-exclusive0817,302,302,3,draft|draft_verify,137.51769065856934,86.76362037658691,0.0,287,36,273,3,0,0,1,1,0
gaokao2023en,bbeam1,step-profile-config1-bbeam1-gaokao2023en-exclusive0817,302,302,4,draft|draft_verify,95.95203399658203,86.71712875366211,0.0,323,25,300,4,0,0,1,1,0
gaokao2023en,bbeam1,step-profile-config1-bbeam1-gaokao2023en-exclusive0817,302,302,5,draft|draft_verify,69.29206848144531,76.88283920288086,0.0,348,18,320,5,0,0,1,1,0
gaokao2023en,bbeam1,step-profile-config1-bbeam1-gaokao2023en-exclusive0817,302,302,6,draft|draft_verify,299.5128631591797,124.79639053344727,0.0,366,79,401,6,0,0,1,1,0
gaokao2023en,bbeam1,step-profile-config1-bbeam1-gaokao2023en-exclusive0817,302,302,7,draft|draft_verify,112.78891563415527,124.55058097839355,0.0,445,29,432,7,0,0,1,1,0
gaokao2023en,bbeam1,step-profile-config1-bbeam1-gaokao2023en-exclusive0817,302,302,8,draft|draft_verify,160.16244888305664,125.7624626159668,0.0,474,42,476,8,0,0,1,1,0
gaokao2023en,bbeam1,step-profile-config1-bbeam1-gaokao2023en-exclusive0817,302,302,9,draft|draft_verify,74.03349876403809,135.4978084564209,0.0,516,19,497,9,0,0,1,1,0
gaokao2023en,bbeam1,step-profile-config1-bbeam1-gaokao2023en-exclusive0817,302,302,10,draft|draft_verify,99.87807273864746,127.06875801086426,0.0,535,24,523,10,0,0,1,1,0
gaokao2023en,bbeam1,step-profile-config1-bbeam1-gaokao2023en-exclusive0817,302,302,11,draft|draft_verify,134.10711288452148,127.82764434814453,0.0,559,35,560,11,0,0,1,1,0
gaokao2023en,bbeam1,step-profile-config1-bbeam1-gaokao2023en-exclusive0817,302,302,12,draft|draft_verify,404.3443202972412,152.7853012084961,0.0,594,107,669,12,0,0,1,1,0
gaokao2023en,bbeam1,step-profile-config1-bbeam1-gaokao2023en-exclusive0817,302,302,13,draft|draft_verify,120.13912200927734,151.83043479919434,0.0,701,30,701,13,0,0,1,1,0
gaokao2023en,bbeam1,step-profile-config1-bbeam1-gaokao2023en-exclusive0817,303,303,1,draft|draft_verify,154.0842056274414,30.207395553588867,0.0,124,42,112,1,0,0,1,1,0
gaokao2023en,bbeam1,step-profile-config1-bbeam1-gaokao2023en-exclusive0817,303,303,2,draft|draft_verify,325.4709243774414,59.448957443237305,0.0,166,89,203,2,0,0,1,1,0
gaokao2023en,bbeam1,step-profile-config1-bbeam1-gaokao2023en-exclusive0817,303,303,3,draft|draft_verify|target|target_rescue_verify,194.82946395874023,121.2930679321289,526.7894268035889,255,51,483,6,255,22,1,2,1
gaokao2023en,bbeam1,step-profile-config1-bbeam1-gaokao2023en-exclusive0817,303,303,4,draft|draft_verify|target|target_rescue_verify,423.3672618865967,190.33217430114746,1354.7890186309814,277,104,628,8,277,66,1,2,1
gaokao2023en,bbeam1,step-profile-config1-bbeam1-gaokao2023en-exclusive0817,303,303,5,draft|draft_verify|target|target_rescue_verify,267.5595283508301,198.58407974243164,1215.8069610595703,343,70,723,10,343,59,1,2,1
gaokao2023en,bbeam1,step-profile-config1-bbeam1-gaokao2023en-exclusive0817,303,303,6,draft|draft_verify,225.1436710357666,124.35460090637207,0.0,402,59,417,6,0,0,1,1,0
gaokao2023en,bbeam1,step-profile-config1-bbeam1-gaokao2023en-exclusive0817,303,303,7,draft|draft_verify,88.2425308227539,124.51672554016113,0.0,461,23,442,7,0,0,1,1,0
gaokao2023en,bbeam1,step-profile-config1-bbeam1-gaokao2023en-exclusive0817,303,303,8,draft|draft_verify|target|target_rescue_verify,1967.2157764434814,346.55094146728516,1573.4777450561523,484,515,1479,16,484,76,1,2,1
gaokao2023en,bbeam1,step-profile-config1-bbeam1-gaokao2023en-exclusive0817,303,303,9,draft|draft_verify,293.48158836364746,134.77683067321777,0.0,560,76,598,9,0,0,1,1,0
gaokao2023en,bbeam1,step-profile-config1-bbeam1-gaokao2023en-exclusive0817,303,303,10,draft|draft_verify,290.30871391296387,165.08960723876953,0.0,636,76,676,10,0,0,1,1,0
gaokao2023en,bbeam1,step-profile-config1-bbeam1-gaokao2023en-exclusive0817,303,303,11,draft|draft_verify,289.7820472717285,152.8007984161377,0.0,712,76,754,11,0,0,1,1,0
gaokao2023en,bbeam1,step-profile-config1-bbeam1-gaokao2023en-exclusive0817,303,303,12,draft|draft_verify,303.45869064331055,181.19287490844727,0.0,788,76,832,12,0,0,1,1,0
gaokao2023en,bbeam1,step-profile-config1-bbeam1-gaokao2023en-exclusive0817,303,303,13,draft|draft_verify,291.83244705200195,198.3621120452881,0.0,864,76,910,13,0,0,1,1,0
gaokao2023en,bbeam1,step-profile-config1-bbeam1-gaokao2023en-exclusive0817,303,303,14,draft|draft_verify,293.1492328643799,200.12688636779785,0.0,940,76,988,14,0,0,1,1,0
gaokao2023en,bbeam1,step-profile-config1-bbeam1-gaokao2023en-exclusive0817,303,303,15,draft|draft_verify,292.50240325927734,226.11045837402344,0.0,1016,76,1066,15,0,0,1,1,0
gaokao2023en,bbeam1,step-profile-config1-bbeam1-gaokao2023en-exclusive0817,303,303,16,draft|draft_verify,300.30131340026855,237.98394203186035,0.0,1092,76,1144,16,0,0,1,1,0
gaokao2023en,bbeam1,step-profile-config1-bbeam1-gaokao2023en-exclusive0817,303,303,17,draft|draft_verify,297.7032661437988,248.32439422607422,0.0,1168,78,1224,17,0,0,1,1,0
gaokao2023en,bbeam1,step-profile-config1-bbeam1-gaokao2023en-exclusive0817,303,303,18,draft|draft_verify,299.0717887878418,273.2415199279785,0.0,1246,78,1304,18,0,0,1,1,0
gaokao2023en,bbeam1,step-profile-config1-bbeam1-gaokao2023en-exclusive0817,303,303,19,draft|draft_verify,300.68373680114746,276.67689323425293,0.0,1324,78,1384,19,0,0,1,1,0
gaokao2023en,bbeam1,step-profile-config1-bbeam1-gaokao2023en-exclusive0817,303,303,20,draft|draft_verify,92.5450325012207,305.5119514465332,0.0,1402,23,1409,20,0,0,1,1,0
gaokao2023en,bbeam1,step-profile-config1-bbeam1-gaokao2023en-exclusive0817,303,303,21,draft|draft_verify,295.0596809387207,311.51795387268066,0.0,1425,76,1487,21,0,0,1,1,0
gaokao2023en,bbeam1,step-profile-config1-bbeam1-gaokao2023en-exclusive0817,303,303,22,draft|draft_verify,293.57433319091797,329.0741443634033,0.0,1501,76,1565,22,0,0,1,1,0
gaokao2023en,bbeam1,step-profile-config1-bbeam1-gaokao2023en-exclusive0817,303,303,23,draft|draft_verify,292.752742767334,326.66540145874023,0.0,1577,76,1643,23,0,0,1,1,0
gaokao2023en,bbeam1,step-profile-config1-bbeam1-gaokao2023en-exclusive0817,303,303,24,draft|draft_verify,293.6122417449951,351.1617183685303,0.0,1653,76,1721,24,0,0,1,1,0
gaokao2023en,bbeam1,step-profile-config1-bbeam1-gaokao2023en-exclusive0817,303,303,25,draft|draft_verify,297.4705696105957,387.5281810760498,0.0,1729,76,1799,25,0,0,1,1,0
gaokao2023en,bbeam1,step-profile-config1-bbeam1-gaokao2023en-exclusive0817,303,303,26,draft|draft_verify,293.6716079711914,391.11852645874023,0.0,1805,76,1877,26,0,0,1,1,0
gaokao2023en,bbeam1,step-profile-config1-bbeam1-gaokao2023en-exclusive0817,303,303,27,draft|draft_verify,294.079065322876,402.3447036743164,0.0,1881,76,1955,27,0,0,1,1,0
gaokao2023en,bbeam1,step-profile-config1-bbeam1-gaokao2023en-exclusive0817,303,303,28,draft|draft_verify,298.25448989868164,403.69582176208496,0.0,1957,76,2033,28,0,0,1,1,0
gaokao2023en,bbeam1,step-profile-config1-bbeam1-gaokao2023en-exclusive0817,303,303,29,draft|draft_verify,295.4728603363037,420.05395889282227,0.0,2033,76,2111,29,0,0,1,1,0
gaokao2023en,bbeam1,step-profile-config1-bbeam1-gaokao2023en-exclusive0817,304,304,1,draft|draft_verify,80.1393985748291,30.764102935791016,0.0,108,21,75,1,0,0,1,1,0
gaokao2023en,bbeam1,step-profile-config1-bbeam1-gaokao2023en-exclusive0817,304,304,2,draft|draft_verify,212.2819423675537,46.087026596069336,0.0,129,57,134,2,0,0,1,1,0
gaokao2023en,bbeam1,step-profile-config1-bbeam1-gaokao2023en-exclusive0817,304,304,3,draft|draft_verify,186.12194061279297,57.69228935241699,0.0,186,50,186,3,0,0,1,1,0
gaokao2023en,bbeam1,step-profile-config1-bbeam1-gaokao2023en-exclusive0817,304,304,4,draft|draft_verify,193.29595565795898,59.775590896606445,0.0,236,51,239,4,0,0,1,1,0
gaokao2023en,bbeam1,step-profile-config1-bbeam1-gaokao2023en-exclusive0817,304,304,5,draft|draft_verify,233.6111068725586,77.10099220275879,0.0,287,61,302,5,0,0,1,1,0
gaokao2023en,bbeam1,step-profile-config1-bbeam1-gaokao2023en-exclusive0817,304,304,6,draft|draft_verify|target|target_rescue_verify,376.17993354797363,227.308988571167,1100.813865661621,348,98,756,12,348,50,1,2,1
gaokao2023en,bbeam1,step-profile-config1-bbeam1-gaokao2023en-exclusive0817,304,304,7,draft|draft_verify|target|target_rescue_verify,199.052095413208,268.7079906463623,2493.9868450164795,398,52,887,14,398,123,1,2,1
gaokao2023en,bbeam1,step-profile-config1-bbeam1-gaokao2023en-exclusive0817,304,304,8,draft|draft_verify|target|target_rescue_verify,364.290714263916,309.6177577972412,5017.071723937988,521,95,1306,16,521,249,1,2,1
gaokao2023en,bbeam1,step-profile-config1-bbeam1-gaokao2023en-exclusive0817,304,304,9,draft|draft_verify|target|target_rescue_verify,747.0495700836182,418.8656806945801,4010.661840438843,770,195,1857,18,770,198,1,2,1
gaokao2023en,bbeam1,step-profile-config1-bbeam1-gaokao2023en-exclusive0817,304,304,10,draft|draft_verify|target|target_rescue_verify,568.0053234100342,476.1366844177246,3772.2411155700684,968,143,2193,20,968,186,1,2,1
gaokao2023en,bbeam1,step-profile-config1-bbeam1-gaokao2023en-exclusive0817,304,304,11,draft|draft_verify|target|target_rescue_verify,371.02389335632324,484.311580657959,557.241678237915,1154,90,2355,22,1154,25,1,2,1
gaokao2023en,bbeam1,step-profile-config1-bbeam1-gaokao2023en-exclusive0817,305,305,1,draft|draft_verify,137.80498504638672,30.76457977294922,0.0,133,37,116,1,0,0,1,1,0
gaokao2023en,bbeam1,step-profile-config1-bbeam1-gaokao2023en-exclusive0817,305,305,2,draft|draft_verify,162.2314453125,50.50086975097656,0.0,170,44,162,2,0,0,1,1,0
gaokao2023en,bbeam1,step-profile-config1-bbeam1-gaokao2023en-exclusive0817,305,305,3,draft|draft_verify|target|target_rescue_verify,533.9713096618652,145.34235000610352,1305.4802417755127,214,141,531,6,214,62,1,2,1
gaokao2023en,bbeam1,step-profile-config1-bbeam1-gaokao2023en-exclusive0817,305,305,4,draft|draft_verify|target|backtracking_verify,376.30772590637207,180.7255744934082,690.4721260070801,276,99,588,8,276,33,1,2,1
gaokao2023en,bbeam1,step-profile-config1-bbeam1-gaokao2023en-exclusive0817,305,305,5,draft|draft_verify|target|target_rescue_verify,482.3756217956543,360.9480857849121,2058.793067932129,684,126,1147,15,375,100,2,3,1
gaokao2023en,bbeam1,step-profile-config1-bbeam1-gaokao2023en-exclusive0817,305,305,6,draft|draft_verify|target|backtracking_verify,135.56432723999023,195.08934020996094,755.7539939880371,347,35,677,12,347,36,1,2,1
gaokao2023en,bbeam1,step-profile-config1-bbeam1-gaokao2023en-exclusive0817,305,305,7,draft|draft_verify|target|target_rescue_verify,489.0158176422119,311.9382858276367,923.0782985687256,765,128,1193,21,382,44,2,3,1
gaokao2023en,bbeam1,step-profile-config1-bbeam1-gaokao2023en-exclusive0817,305,305,8,draft|draft_verify|target|target_rescue_verify,495.4838752746582,252.39992141723633,1363.9492988586426,426,130,968,16,426,66,1,2,1
gaokao2023en,bbeam1,step-profile-config1-bbeam1-gaokao2023en-exclusive0817,305,305,9,draft|draft_verify|target|target_rescue_verify,690.8950805664062,268.3100700378418,892.758846282959,492,182,1133,18,492,43,1,2,1
gaokao2023en,bbeam1,step-profile-config1-bbeam1-gaokao2023en-exclusive0817,305,305,10,draft|draft_verify,239.57061767578125,127.63833999633789,0.0,535,62,561,10,0,0,1,1,0
gaokao2023en,bbeam1,step-profile-config1-bbeam1-gaokao2023en-exclusive0817,305,305,11,draft|draft_verify,213.54341506958008,131.56652450561523,0.0,597,56,619,11,0,0,1,1,0
gaokao2023en,bbeam1,step-profile-config1-bbeam1-gaokao2023en-exclusive0817,305,305,12,draft|draft_verify,264.42980766296387,152.53376960754395,0.0,653,69,690,12,0,0,1,1,0
gaokao2023en,bbeam1,step-profile-config1-bbeam1-gaokao2023en-exclusive0817,305,305,13,draft|draft_verify,113.85917663574219,160.36438941955566,0.0,722,28,720,13,0,0,1,1,0
gaokao2023en,bbeam1,step-profile-config1-bbeam1-gaokao2023en-exclusive0817,306,306,1,draft|draft_verify,98.00553321838379,30.23219108581543,0.0,124,26,96,1,0,0,1,1,0
gaokao2023en,bbeam1,step-profile-config1-bbeam1-gaokao2023en-exclusive0817,306,306,2,draft|draft_verify,414.461612701416,60.024261474609375,0.0,150,113,211,2,0,0,1,1,0
gaokao2023en,bbeam1,step-profile-config1-bbeam1-gaokao2023en-exclusive0817,306,306,3,draft|draft_verify,306.7026138305664,77.17442512512207,0.0,263,81,294,3,0,0,1,1,0
gaokao2023en,bbeam1,step-profile-config1-bbeam1-gaokao2023en-exclusive0817,306,306,4,draft|draft_verify|target|target_rescue_verify,315.6917095184326,197.84784317016602,1548.9563941955566,344,81,745,8,344,72,1,2,1
gaokao2023en,bbeam1,step-profile-config1-bbeam1-gaokao2023en-exclusive0817,306,306,5,draft|draft_verify|target|target_rescue_verify,1234.100580215454,304.23665046691895,3165.36021232605,416,325,1221,10,416,156,1,2,1
gaokao2023en,bbeam1,step-profile-config1-bbeam1-gaokao2023en-exclusive0817,306,306,6,draft|draft_verify|target|target_rescue_verify,587.9795551300049,445.8754062652588,15316.803932189941,572,152,1968,12,572,760,1,2,1
gaokao2023en,bbeam1,step-profile-config1-bbeam1-gaokao2023en-exclusive0817,306,306,7,draft|draft_verify|target|target_rescue_verify,465.0158882141113,555.4594993591309,1628.5498142242432,1332,116,2775,14,1332,79,1,2,1
gaokao2023en,bbeam1,step-profile-config1-bbeam1-gaokao2023en-exclusive0817,306,306,8,draft|draft_verify,657.2239398956299,328.97090911865234,0.0,1411,171,1542,8,0,0,1,1,0
gaokao2023en,bbeam1,step-profile-config1-bbeam1-gaokao2023en-exclusive0817,306,306,9,draft|draft_verify,3238.54660987854,507.2638988494873,0.0,1582,811,2355,9,0,0,1,1,0
gaokao2023en,bbeam1,step-profile-config1-bbeam1-gaokao2023en-exclusive0817,307,307,1,draft|draft_verify|target|target_rescue_verify,314.1133785247803,80.81674575805664,528.0609130859375,125,86,252,2,125,24,1,2,1
gaokao2023en,bbeam1,step-profile-config1-bbeam1-gaokao2023en-exclusive0817,307,307,2,draft|draft_verify|target|backtracking_verify,249.97615814208984,105.23533821105957,1356.093406677246,149,65,325,4,149,66,1,2,1
gaokao2023en,bbeam1,step-profile-config1-bbeam1-gaokao2023en-exclusive0817,307,307,3,draft|draft_verify|target|target_rescue_verify,786.9815826416016,305.645227432251,3946.8424320220947,429,210,1061,12,429,193,2,4,2
gaokao2023en,bbeam1,step-profile-config1-bbeam1-gaokao2023en-exclusive0817,307,307,4,draft|draft_verify|target|target_rescue_verify,476.6380786895752,207.7007293701172,2422.9726791381836,299,121,742,8,299,119,1,2,1
gaokao2023en,bbeam1,step-profile-config1-bbeam1-gaokao2023en-exclusive0817,307,307,5,draft|draft_verify,553.607702255249,153.19013595581055,0.0,418,138,510,5,0,0,1,1,0
gaokao2023en,bbeam1,step-profile-config1-bbeam1-gaokao2023en-exclusive0817,307,307,6,draft|draft_verify|target|backtracking_verify,202.03590393066406,268.6927318572998,2304.594039916992,556,53,1190,12,556,113,1,2,1
gaokao2023en,bbeam1,step-profile-config1-bbeam1-gaokao2023en-exclusive0817,307,307,7,draft|draft_verify|target|target_rescue_verify,171.98610305786133,304.62074279785156,2343.15824508667,609,44,1291,14,609,113,1,2,1
gaokao2023en,bbeam1,step-profile-config1-bbeam1-gaokao2023en-exclusive0817,307,307,8,draft|draft_verify,364.8946285247803,172.346830368042,0.0,722,96,778,8,0,0,1,1,0
gaokao2023en,bbeam1,step-profile-config1-bbeam1-gaokao2023en-exclusive0817,307,307,9,draft|draft_verify,103.41787338256836,173.262357711792,0.0,818,27,807,9,0,0,1,1,0
gaokao2023en,bbeam1,step-profile-config1-bbeam1-gaokao2023en-exclusive0817,307,307,10,draft|draft_verify,92.95129776000977,181.95843696594238,0.0,845,23,832,10,0,0,1,1,0
gaokao2023en,bbeam1,step-profile-config1-bbeam1-gaokao2023en-exclusive0817,308,308,1,draft|draft_verify,132.51185417175293,30.24744987487793,0.0,117,36,99,1,0,0,1,1,0
gaokao2023en,bbeam1,step-profile-config1-bbeam1-gaokao2023en-exclusive0817,308,308,2,draft|draft_verify|target|backtracking_verify,116.42789840698242,97.85580635070801,1533.919334411621,153,32,309,4,153,75,1,2,1
gaokao2023en,bbeam1,step-profile-config1-bbeam1-gaokao2023en-exclusive0817,308,308,3,draft|draft_verify|target|target_rescue_verify,927.8337955474854,219.651460647583,2320.7004070281982,413,234,793,9,185,112,2,3,1
gaokao2023en,bbeam1,step-profile-config1-bbeam1-gaokao2023en-exclusive0817,308,308,4,draft|draft_verify|target|target_rescue_verify,741.6553497314453,332.0810794830322,2945.7271099090576,549,196,1042,12,297,145,2,3,1
gaokao2023en,bbeam1,step-profile-config1-bbeam1-gaokao2023en-exclusive0817,308,308,5,draft|draft_verify|target|target_rescue_verify,691.0998821258545,367.54846572875977,4191.259860992432,794,182,1486,15,442,207,2,3,1
gaokao2023en,bbeam1,step-profile-config1-bbeam1-gaokao2023en-exclusive0817,308,308,6,draft|draft_verify,85.56413650512695,91.48526191711426,0.0,393,22,369,6,0,0,1,1,0
gaokao2023en,bbeam1,step-profile-config1-bbeam1-gaokao2023en-exclusive0817,308,308,7,draft|draft_verify,115.35882949829102,123.69227409362793,0.0,415,30,401,7,0,0,1,1,0
gaokao2023en,bbeam1,step-profile-config1-bbeam1-gaokao2023en-exclusive0817,308,308,8,draft|draft_verify|target|target_rescue_verify,8167.707920074463,646.3723182678223,1224.6959209442139,445,2048,2911,16,445,57,1,2,1
gaokao2023en,bbeam1,step-profile-config1-bbeam1-gaokao2023en-exclusive0817,308,308,9,draft|draft_verify,48.71964454650879,125.76651573181152,0.0,502,12,473,9,0,0,1,1,0
gaokao2023en,bbeam1,step-profile-config1-bbeam1-gaokao2023en-exclusive0817,308,308,10,draft|draft_verify,206.0372829437256,126.59764289855957,0.0,514,54,529,10,0,0,1,1,0
gaokao2023en,bbeam1,step-profile-config1-bbeam1-gaokao2023en-exclusive0817,308,308,11,draft|draft_verify,77.99053192138672,127.11000442504883,0.0,568,20,550,11,0,0,1,1,0
gaokao2023en,bbeam1,step-profile-config1-bbeam1-gaokao2023en-exclusive0817,308,308,12,draft|draft_verify,111.73486709594727,128.5412311553955,0.0,588,29,581,12,0,0,1,1,0
gaokao2023en,bbeam1,step-profile-config1-bbeam1-gaokao2023en-exclusive0817,308,308,13,draft|draft_verify,115.68927764892578,130.64336776733398,0.0,617,30,613,13,0,0,1,1,0
gaokao2023en,bbeam1,step-profile-config1-bbeam1-gaokao2023en-exclusive0817,308,308,14,draft|draft_verify|target|target_rescue_verify,8193.30644607544,1140.1088237762451,41327.66675949097,647,2049,5326,28,647,2049,1,2,1
gaokao2023en,bbeam1,step-profile-config1-bbeam1-gaokao2023en-exclusive0817,309,309,1,draft|draft_verify,98.33788871765137,30.514955520629883,0.0,110,20,76,1,0,0,1,1,0
gaokao2023en,bbeam1,step-profile-config1-bbeam1-gaokao2023en-exclusive0817,309,309,2,draft|draft_verify,148.64587783813477,30.071496963500977,0.0,130,39,117,2,0,0,1,1,0
gaokao2023en,bbeam1,step-profile-config1-bbeam1-gaokao2023en-exclusive0817,309,309,3,draft|draft_verify|target|target_rescue_verify,403.12886238098145,111.26708984375,606.8723201751709,169,107,373,6,169,28,1,2,1
gaokao2023en,bbeam1,step-profile-config1-bbeam1-gaokao2023en-exclusive0817,309,309,4,draft|draft_verify|target|target_rescue_verify,240.07344245910645,154.94871139526367,2224.0540981292725,197,61,468,8,197,109,1,2,1
gaokao2023en,bbeam1,step-profile-config1-bbeam1-gaokao2023en-exclusive0817,309,309,5,draft|draft_verify,455.7969570159912,97.94259071350098,0.0,306,114,374,5,0,0,1,1,0
gaokao2023en,bbeam1,step-profile-config1-bbeam1-gaokao2023en-exclusive0817,309,309,6,draft|draft_verify,347.13029861450195,136.0788345336914,0.0,420,84,460,6,0,0,1,1,0
gaokao2023en,bbeam1,step-profile-config1-bbeam1-gaokao2023en-exclusive0817,309,309,7,draft|draft_verify|target|target_rescue_verify,8155.911445617676,654.6714305877686,2416.4390563964844,504,2049,3088,14,504,116,1,2,1
gaokao2023en,bbeam1,step-profile-config1-bbeam1-gaokao2023en-exclusive0817,309,309,8,draft|draft_verify,441.7388439178467,152.4038314819336,0.0,620,115,695,8,0,0,1,1,0
gaokao2023en,bbeam1,step-profile-config1-bbeam1-gaokao2023en-exclusive0817,309,309,9,draft|draft_verify|target|target_rescue_verify,580.4848670959473,365.41080474853516,1877.7294158935547,735,152,1637,18,735,91,1,2,1
gaokao2023en,bbeam1,step-profile-config1-bbeam1-gaokao2023en-exclusive0817,309,309,10,draft|draft_verify,179.90994453430176,175.03809928894043,0.0,826,46,836,10,0,0,1,1,0
gaokao2023en,bbeam1,step-profile-config1-bbeam1-gaokao2023en-exclusive0817,309,309,11,draft|draft_verify,175.36282539367676,178.07960510253906,0.0,872,45,883,11,0,0,1,1,0
gaokao2023en,bbeam1,step-profile-config1-bbeam1-gaokao2023en-exclusive0817,309,309,12,draft|draft_verify,174.59511756896973,200.21581649780273,0.0,917,45,930,12,0,0,1,1,0
gaokao2023en,bbeam1,step-profile-config1-bbeam1-gaokao2023en-exclusive0817,309,309,13,draft|draft_verify,182.86848068237305,200.42061805725098,0.0,962,46,978,13,0,0,1,1,0
gaokao2023en,bbeam1,step-profile-config1-bbeam1-gaokao2023en-exclusive0817,309,309,14,draft|draft_verify,180.53650856018066,223.44398498535156,0.0,1008,46,1026,14,0,0,1,1,0
gaokao2023en,bbeam1,step-profile-config1-bbeam1-gaokao2023en-exclusive0817,309,309,15,draft|draft_verify,178.99084091186523,227.36144065856934,0.0,1054,46,1074,15,0,0,1,1,0
gaokao2023en,bbeam1,step-profile-config1-bbeam1-gaokao2023en-exclusive0817,309,309,16,draft|draft_verify,179.73899841308594,228.19089889526367,0.0,1100,46,1122,16,0,0,1,1,0
gaokao2023en,bbeam1,step-profile-config1-bbeam1-gaokao2023en-exclusive0817,309,309,17,draft|draft_verify,179.7504425048828,253.99446487426758,0.0,1146,46,1170,17,0,0,1,1,0
gaokao2023en,bbeam1,step-profile-config1-bbeam1-gaokao2023en-exclusive0817,309,309,18,draft|draft_verify,185.10890007019043,257.1980953216553,0.0,1192,47,1219,18,0,0,1,1,0
gaokao2023en,bbeam1,step-profile-config1-bbeam1-gaokao2023en-exclusive0817,309,309,19,draft|draft_verify,194.59939002990723,259.1567039489746,0.0,1239,50,1271,19,0,0,1,1,0
gaokao2023en,bbeam1,step-profile-config1-bbeam1-gaokao2023en-exclusive0817,309,309,20,draft|draft_verify|target|target_rescue_verify,196.29907608032227,555.0336837768555,1163.339376449585,1289,50,2646,40,1289,50,1,2,1
gaokao2023en,bbeam1,step-profile-config1-bbeam1-gaokao2023en-exclusive0817,309,309,21,draft|draft_verify,196.8400478363037,277.1172523498535,0.0,1339,50,1375,21,0,0,1,1,0
gaokao2023en,bbeam1,step-profile-config1-bbeam1-gaokao2023en-exclusive0817,309,309,22,draft|draft_verify,197.28589057922363,306.4391613006592,0.0,1389,50,1427,22,0,0,1,1,0
gaokao2023en,bbeam1,step-profile-config1-bbeam1-gaokao2023en-exclusive0817,309,309,23,draft|draft_verify,196.4406967163086,312.990665435791,0.0,1439,50,1479,23,0,0,1,1,0
gaokao2023en,bbeam1,step-profile-config1-bbeam1-gaokao2023en-exclusive0817,309,309,24,draft|draft_verify,196.3520050048828,313.3363723754883,0.0,1489,50,1531,24,0,0,1,1,0
gaokao2023en,bbeam1,step-profile-config1-bbeam1-gaokao2023en-exclusive0817,309,309,25,draft|draft_verify,194.94271278381348,331.3484191894531,0.0,1539,50,1583,25,0,0,1,1,0
gaokao2023en,bbeam1,step-profile-config1-bbeam1-gaokao2023en-exclusive0817,309,309,26,draft|draft_verify,196.96950912475586,331.5277099609375,0.0,1589,50,1635,26,0,0,1,1,0
gaokao2023en,bbeam1,step-profile-config1-bbeam1-gaokao2023en-exclusive0817,309,309,27,draft|draft_verify,197.14784622192383,346.6482162475586,0.0,1639,50,1687,27,0,0,1,1,0
gaokao2023en,bbeam1,step-profile-config1-bbeam1-gaokao2023en-exclusive0817,309,309,28,draft|draft_verify,199.55182075500488,356.26888275146484,0.0,1689,50,1739,28,0,0,1,1,0
gaokao2023en,bbeam1,step-profile-config1-bbeam1-gaokao2023en-exclusive0817,309,309,29,draft|draft_verify,196.30742073059082,359.8828315734863,0.0,1739,50,1791,29,0,0,1,1,0
gaokao2023en,bbeam1,step-profile-config1-bbeam1-gaokao2023en-exclusive0817,309,309,30,draft|draft_verify,206.95734024047852,386.7521286010742,0.0,1789,50,1843,30,0,0,1,1,0
gaokao2023en,bbeam1,step-profile-config1-bbeam1-gaokao2023en-exclusive0817,309,309,31,draft|draft_verify,200.09231567382812,389.8816108703613,0.0,1839,50,1895,31,0,0,1,1,0
gaokao2023en,bbeam1,step-profile-config1-bbeam1-gaokao2023en-exclusive0817,309,309,32,draft|draft_verify,196.38681411743164,400.3126621246338,0.0,1889,50,1947,32,0,0,1,1,0
gaokao2023en,bbeam1,step-profile-config1-bbeam1-gaokao2023en-exclusive0817,309,309,33,draft|draft_verify,195.3105926513672,403.04088592529297,0.0,1939,50,1999,33,0,0,1,1,0
gaokao2023en,bbeam1,step-profile-config1-bbeam1-gaokao2023en-exclusive0817,309,309,34,draft|draft_verify,194.24986839294434,430.6619167327881,0.0,1989,50,2051,34,0,0,1,1,0
gaokao2023en,bbeam1,step-profile-config1-bbeam1-gaokao2023en-exclusive0817,309,309,35,draft|draft_verify,195.34707069396973,431.55670166015625,0.0,2039,50,2103,35,0,0,1,1,0
gaokao2023en,bbeam1,step-profile-config1-bbeam1-gaokao2023en-exclusive0817,310,310,1,draft|draft_verify,263.9305591583252,46.02837562561035,0.0,121,68,135,1,0,0,1,1,0
gaokao2023en,bbeam1,step-profile-config1-bbeam1-gaokao2023en-exclusive0817,310,310,2,draft|draft_verify,246.98567390441895,59.09132957458496,0.0,189,68,205,2,0,0,1,1,0
gaokao2023en,bbeam1,step-profile-config1-bbeam1-gaokao2023en-exclusive0817,310,310,3,draft|draft_verify|target|target_rescue_verify,238.44528198242188,143.95952224731445,823.9626884460449,257,63,513,6,257,37,1,2,1
gaokao2023en,bbeam1,step-profile-config1-bbeam1-gaokao2023en-exclusive0817,310,310,4,draft|draft_verify,188.43722343444824,85.58058738708496,0.0,294,49,295,4,0,0,1,1,0
gaokao2023en,bbeam1,step-profile-config1-bbeam1-gaokao2023en-exclusive0817,310,310,5,draft|draft_verify,130.29789924621582,101.81164741516113,0.0,343,34,331,5,0,0,1,1,0
gaokao2023en,bbeam1,step-profile-config1-bbeam1-gaokao2023en-exclusive0817,310,310,6,draft|draft_verify|target|target_rescue_verify,427.95252799987793,216.82214736938477,500.6403923034668,377,113,802,12,377,23,1,2,1
gaokao2023en,bbeam1,step-profile-config1-bbeam1-gaokao2023en-exclusive0817,310,310,7,draft|draft_verify|target|target_rescue_verify,89.5535945892334,217.29183197021484,1150.3710746765137,400,23,795,14,400,56,1,2,1
gaokao2023en,bbeam1,step-profile-config1-bbeam1-gaokao2023en-exclusive0817,310,310,8,draft|draft_verify|target|target_rescue_verify,194.0913200378418,252.48336791992188,989.342451095581,456,50,930,16,456,48,1,2,1
gaokao2023en,bbeam1,step-profile-config1-bbeam1-gaokao2023en-exclusive0817,310,310,9,draft|draft_verify,203.2926082611084,126.05428695678711,0.0,504,53,519,9,0,0,1,1,0
gaokao2023en,bbeam1,step-profile-config1-bbeam1-gaokao2023en-exclusive0817,310,310,10,draft|draft_verify,202.27861404418945,126.21450424194336,0.0,557,53,574,10,0,0,1,1,0
gaokao2023en,bbeam1,step-profile-config1-bbeam1-gaokao2023en-exclusive0817,310,310,11,draft|draft_verify,191.4205551147461,129.27961349487305,0.0,610,50,626,11,0,0,1,1,0
gaokao2023en,bbeam1,step-profile-config1-bbeam1-gaokao2023en-exclusive0817,310,310,12,draft|draft_verify,213.4242057800293,152.05693244934082,0.0,660,56,684,12,0,0,1,1,0
gaokao2023en,bbeam1,step-profile-config1-bbeam1-gaokao2023en-exclusive0817,310,310,13,draft|draft_verify,151.66544914245605,153.15961837768555,0.0,716,36,722,13,0,0,1,1,0
gaokao2023en,bbeam1,step-profile-config1-bbeam1-gaokao2023en-exclusive0817,310,310,14,draft|draft_verify,147.08232879638672,152.85658836364746,0.0,752,38,762,14,0,0,1,1,0
gaokao2023en,bbeam1,step-profile-config1-bbeam1-gaokao2023en-exclusive0817,310,310,15,draft|draft_verify|target|target_rescue_verify,270.25580406188965,347.6107120513916,1162.6286506652832,790,69,1650,30,790,53,1,2,1
gaokao2023en,bbeam1,step-profile-config1-bbeam1-gaokao2023en-exclusive0817,310,310,16,draft|draft_verify,308.7015151977539,176.09286308288574,0.0,843,76,895,16,0,0,1,1,0
gaokao2023en,bbeam1,step-profile-config1-bbeam1-gaokao2023en-exclusive0817,310,310,17,draft|draft_verify|target|backtracking_verify,199.42569732666016,399.0299701690674,1697.2322463989258,919,52,1929,34,919,83,1,2,1
gaokao2023en,bbeam1,step-profile-config1-bbeam1-gaokao2023en-exclusive0817,310,310,18,draft|draft_verify|target|target_rescue_verify,477.891206741333,466.33124351501465,3759.9289417266846,971,120,2205,36,971,184,1,2,1
gaokao2023en,bbeam1,step-profile-config1-bbeam1-gaokao2023en-exclusive0817,310,310,19,draft|draft_verify|target|target_rescue_verify,132.95292854309082,500.3938674926758,676.9940853118896,1155,31,2335,38,1155,32,1,2,1
gaokao2023en,bbeam1,step-profile-config1-bbeam1-gaokao2023en-exclusive0817,310,310,20,draft|draft_verify,90.04926681518555,253.27515602111816,0.0,1187,20,1190,20,0,0,1,1,0
gaokao2023en,bbeam1,step-profile-config1-bbeam1-gaokao2023en-exclusive0817,311,311,1,draft|draft_verify,166.19873046875,29.28638458251953,0.0,106,42,94,1,0,0,1,1,0
gaokao2023en,bbeam1,step-profile-config1-bbeam1-gaokao2023en-exclusive0817,311,311,2,draft|draft_verify,219.40350532531738,50.074100494384766,0.0,148,56,152,2,0,0,1,1,0
gaokao2023en,bbeam1,step-profile-config1-bbeam1-gaokao2023en-exclusive0817,311,311,3,draft|draft_verify|target|target_rescue_verify,249.50003623962402,127.66623497009277,1204.228401184082,204,62,427,6,204,57,1,2,1
gaokao2023en,bbeam1,step-profile-config1-bbeam1-gaokao2023en-exclusive0817,311,311,4,draft|draft_verify,328.18126678466797,85.78801155090332,0.0,261,82,295,4,0,0,1,1,0
gaokao2023en,bbeam1,step-profile-config1-bbeam1-gaokao2023en-exclusive0817,311,311,5,draft|draft_verify,258.6705684661865,103.0111312866211,0.0,343,64,361,5,0,0,1,1,0
gaokao2023en,bbeam1,step-profile-config1-bbeam1-gaokao2023en-exclusive0817,311,311,6,draft|draft_verify|target|target_rescue_verify,282.41515159606934,263.63682746887207,3172.9512214660645,407,72,953,12,407,155,1,2,1
gaokao2023en,bbeam1,step-profile-config1-bbeam1-gaokao2023en-exclusive0817,311,311,7,draft|draft_verify|target|backtracking_verify,682.9185485839844,340.85607528686523,5086.10725402832,562,175,1467,14,562,252,1,2,1
gaokao2023en,bbeam1,step-profile-config1-bbeam1-gaokao2023en-exclusive0817,311,311,8,draft|draft_verify|target|target_rescue_verify,3256.909132003784,696.2368488311768,3043.926954269409,1551,851,3167,24,737,148,2,3,1
gaokao2023en,bbeam1,step-profile-config1-bbeam1-gaokao2023en-exclusive0817,311,311,9,draft|draft_verify|target|backtracking_verify|target_rescue_verify,1073.5437870025635,1082.8990936279297,4729.23731803894,2398,275,5143,36,2398,224,2,4,2
gaokao2023en,bbeam1,step-profile-config1-bbeam1-gaokao2023en-exclusive0817,311,311,10,draft|draft_verify|target|target_rescue_verify,1153.7504196166992,1308.0637454986572,6364.466428756714,3621,297,6121,50,2071,312,3,5,2
gaokao2023en,bbeam1,step-profile-config1-bbeam1-gaokao2023en-exclusive0817,311,311,11,draft|draft_verify|target|target_rescue_verify,427.1385669708252,1023.0731964111328,3068.89009475708,2383,110,4889,44,2383,149,2,4,2
gaokao2023en,bbeam1,step-profile-config1-bbeam1-gaokao2023en-exclusive0817,312,312,1,draft|draft_verify|target|target_rescue_verify,177.82068252563477,61.7218017578125,1181.295394897461,113,48,223,2,113,57,1,2,1
gaokao2023en,bbeam1,step-profile-config1-bbeam1-gaokao2023en-exclusive0817,312,312,2,draft|draft_verify,375.3197193145752,66.59364700317383,0.0,170,103,221,2,0,0,1,1,0
gaokao2023en,bbeam1,step-profile-config1-bbeam1-gaokao2023en-exclusive0817,312,312,3,draft|draft_verify,276.3545513153076,85.63518524169922,0.0,273,73,296,3,0,0,1,1,0
gaokao2023en,bbeam1,step-profile-config1-bbeam1-gaokao2023en-exclusive0817,312,312,4,draft|draft_verify|target|target_rescue_verify,204.03718948364258,243.49689483642578,2196.0108280181885,346,54,756,8,346,106,1,2,1
gaokao2023en,bbeam1,step-profile-config1-bbeam1-gaokao2023en-exclusive0817,312,312,5,draft|draft_verify|target|backtracking_verify,238.09146881103516,284.3027114868164,1637.8850936889648,452,62,954,10,452,80,1,2,1
gaokao2023en,bbeam1,step-profile-config1-bbeam1-gaokao2023en-exclusive0817,312,312,6,draft|draft_verify|target|target_rescue_verify,314.65864181518555,262.6843452453613,1509.6080303192139,514,83,1096,12,514,73,1,2,1
gaokao2023en,bbeam1,step-profile-config1-bbeam1-gaokao2023en-exclusive0817,312,312,7,draft|draft_verify,222.97239303588867,128.94058227539062,0.0,587,57,602,7,0,0,1,1,0
gaokao2023en,bbeam1,step-profile-config1-bbeam1-gaokao2023en-exclusive0817,312,312,8,draft|draft_verify,103.35683822631836,129.46391105651855,0.0,644,26,630,8,0,0,1,1,0
gaokao2023en,bbeam1,step-profile-config1-bbeam1-gaokao2023en-exclusive0817,313,313,1,draft|draft_verify,232.5150966644287,59.18288230895996,0.0,184,64,194,1,0,0,1,1,0
gaokao2023en,bbeam1,step-profile-config1-bbeam1-gaokao2023en-exclusive0817,313,313,2,draft|draft_verify|target|target_rescue_verify,301.63121223449707,218.02496910095215,4205.981731414795,248,81,679,4,248,206,1,2,1
gaokao2023en,bbeam1,step-profile-config1-bbeam1-gaokao2023en-exclusive0817,313,313,3,draft|draft_verify|target|target_rescue_verify,653.8276672363281,255.3884983062744,1365.0975227355957,454,174,1048,6,454,66,1,2,1
gaokao2023en,bbeam1,step-profile-config1-bbeam1-gaokao2023en-exclusive0817,313,313,4,draft|draft_verify,375.7176399230957,136.4762783050537,0.0,520,99,571,4,0,0,1,1,0
gaokao2023en,bbeam1,step-profile-config1-bbeam1-gaokao2023en-exclusive0817,313,313,5,draft|draft_verify|target|target_rescue_verify,397.09997177124023,283.4956645965576,1246.840000152588,619,105,1311,10,619,60,1,2,1
gaokao2023en,bbeam1,step-profile-config1-bbeam1-gaokao2023en-exclusive0817,313,313,6,draft|draft_verify|target|target_rescue_verify,534.1737270355225,361.6616725921631,3291.5961742401123,679,138,1570,12,679,162,1,2,1
gaokao2023en,bbeam1,step-profile-config1-bbeam1-gaokao2023en-exclusive0817,313,313,7,draft|draft_verify,321.4983940124512,175.2493381500244,0.0,841,84,883,7,0,0,1,1,0
gaokao2023en,bbeam1,step-profile-config1-bbeam1-gaokao2023en-exclusive0817,313,313,8,draft|draft_verify|target|target_rescue_verify,640.9306526184082,428.6813735961914,1693.554162979126,925,166,2018,16,925,82,1,2,1
gaokao2023en,bbeam1,step-profile-config1-bbeam1-gaokao2023en-exclusive0817,313,313,9,draft|draft_verify,68.66908073425293,198.72212409973145,0.0,1007,16,985,9,0,0,1,1,0
gaokao2023en,bbeam1,step-profile-config1-bbeam1-gaokao2023en-exclusive0817,314,314,1,draft|draft_verify|target|target_rescue_verify,472.7609157562256,116.40691757202148,1108.8192462921143,155,123,378,2,155,53,1,2,1
gaokao2023en,bbeam1,step-profile-config1-bbeam1-gaokao2023en-exclusive0817,314,314,2,draft|draft_verify|target|target_rescue_verify,901.1681079864502,198.6548900604248,1578.0751705169678,208,235,624,4,208,77,1,2,1
gaokao2023en,bbeam1,step-profile-config1-bbeam1-gaokao2023en-exclusive0817,314,314,3,draft|draft_verify|target|target_rescue_verify,382.1532726287842,205.26456832885742,1975.738763809204,285,101,668,6,285,97,1,2,1
gaokao2023en,bbeam1,step-profile-config1-bbeam1-gaokao2023en-exclusive0817,314,314,4,draft|draft_verify|target|target_rescue_verify,862.269401550293,267.02117919921875,1403.6684036254883,382,225,961,8,382,68,1,2,1
gaokao2023en,bbeam1,step-profile-config1-bbeam1-gaokao2023en-exclusive0817,314,314,5,draft|draft_verify|target|target_rescue_verify,7884.511470794678,671.1642742156982,1868.6275482177734,450,2049,2947,10,450,91,1,2,1
gaokao2023en,bbeam1,step-profile-config1-bbeam1-gaokao2023en-exclusive0817,314,314,6,draft|draft_verify,228.0876636505127,125.71287155151367,0.0,541,59,556,6,0,0,1,1,0
gaokao2023en,bbeam1,step-profile-config1-bbeam1-gaokao2023en-exclusive0817,314,314,7,draft|draft_verify,421.2162494659424,151.19409561157227,0.0,600,110,668,7,0,0,1,1,0
gaokao2023en,bbeam1,step-profile-config1-bbeam1-gaokao2023en-exclusive0817,314,314,8,draft|draft_verify|target|target_rescue_verify,396.956205368042,326.51472091674805,1690.9735202789307,710,104,1525,16,710,81,1,2,1
gaokao2023en,bbeam1,step-profile-config1-bbeam1-gaokao2023en-exclusive0817,314,314,9,draft|draft_verify|target|target_rescue_verify,350.54659843444824,359.1187000274658,1962.8207683563232,791,91,1693,18,791,96,1,2,1
gaokao2023en,bbeam1,step-profile-config1-bbeam1-gaokao2023en-exclusive0817,314,314,10,draft|draft_verify,358.8254451751709,199.1593837738037,0.0,887,89,940,10,0,0,1,1,0
gaokao2023en,bbeam1,step-profile-config1-bbeam1-gaokao2023en-exclusive0817,314,314,11,draft|draft_verify,94.06542778015137,198.83036613464355,0.0,976,23,965,11,0,0,1,1,0
gaokao2023en,bbeam1,step-profile-config1-bbeam1-gaokao2023en-exclusive0817,315,315,1,draft|draft_verify|target|target_rescue_verify,601.17506980896,116.96338653564453,1736.473560333252,109,163,357,2,109,84,1,2,1
gaokao2023en,bbeam1,step-profile-config1-bbeam1-gaokao2023en-exclusive0817,315,315,2,draft|draft_verify|target|target_rescue_verify,341.28689765930176,131.90031051635742,1015.8560276031494,193,92,423,4,193,49,1,2,1
gaokao2023en,bbeam1,step-profile-config1-bbeam1-gaokao2023en-exclusive0817,315,315,3,draft|draft_verify|target|target_rescue_verify,193.30501556396484,135.40959358215332,1015.7985687255859,242,49,482,6,242,49,1,2,1
gaokao2023en,bbeam1,step-profile-config1-bbeam1-gaokao2023en-exclusive0817,315,315,4,draft|draft_verify,237.72716522216797,85.79206466674805,0.0,291,62,305,4,0,0,1,1,0
gaokao2023en,bbeam1,step-profile-config1-bbeam1-gaokao2023en-exclusive0817,315,315,5,draft|draft_verify|target|target_rescue_verify,1033.0157279968262,224.07245635986328,764.5926475524902,353,262,912,10,353,36,1,2,1
gaokao2023en,bbeam1,step-profile-config1-bbeam1-gaokao2023en-exclusive0817,315,315,6,draft|draft_verify|target|target_rescue_verify,473.3402729034424,250.81276893615723,851.1912822723389,389,119,850,12,389,41,1,2,1
gaokao2023en,bbeam1,step-profile-config1-bbeam1-gaokao2023en-exclusive0817,315,315,7,draft|draft_verify|target|target_rescue_verify,435.8813762664795,286.43012046813965,1836.822271347046,430,103,969,14,430,90,1,2,1
gaokao2023en,bbeam1,step-profile-config1-bbeam1-gaokao2023en-exclusive0817,315,315,8,draft|draft_verify,387.85696029663086,126.83320045471191,0.0,520,92,572,8,0,0,1,1,0
gaokao2023en,bbeam1,step-profile-config1-bbeam1-gaokao2023en-exclusive0817,315,315,9,draft|draft_verify,406.8453311920166,150.35033226013184,0.0,612,93,667,9,0,0,1,1,0
gaokao2023en,bbeam1,step-profile-config1-bbeam1-gaokao2023en-exclusive0817,315,315,10,draft|draft_verify,408.89835357666016,153.2883644104004,0.0,705,93,762,10,0,0,1,1,0
gaokao2023en,bbeam1,step-profile-config1-bbeam1-gaokao2023en-exclusive0817,315,315,11,draft|draft_verify,409.5005989074707,175.5657196044922,0.0,798,93,857,11,0,0,1,1,0
gaokao2023en,bbeam1,step-profile-config1-bbeam1-gaokao2023en-exclusive0817,315,315,12,draft|draft_verify,406.5709114074707,191.88857078552246,0.0,891,93,952,12,0,0,1,1,0
gaokao2023en,bbeam1,step-profile-config1-bbeam1-gaokao2023en-exclusive0817,315,315,13,draft|draft_verify,409.3492031097412,225.9390354156494,0.0,984,93,1047,13,0,0,1,1,0
gaokao2023en,bbeam1,step-profile-config1-bbeam1-gaokao2023en-exclusive0817,315,315,14,draft|draft_verify,427.3645877838135,228.56688499450684,0.0,1077,97,1146,14,0,0,1,1,0
gaokao2023en,bbeam1,step-profile-config1-bbeam1-gaokao2023en-exclusive0817,315,315,15,draft|draft_verify,427.9167652130127,255.75900077819824,0.0,1174,97,1245,15,0,0,1,1,0
gaokao2023en,bbeam1,step-profile-config1-bbeam1-gaokao2023en-exclusive0817,315,315,16,draft|draft_verify,425.86636543273926,273.65803718566895,0.0,1271,97,1344,16,0,0,1,1,0
gaokao2023en,bbeam1,step-profile-config1-bbeam1-gaokao2023en-exclusive0817,315,315,17,draft|draft_verify,431.11300468444824,305.81116676330566,0.0,1368,97,1443,17,0,0,1,1,0
gaokao2023en,bbeam1,step-profile-config1-bbeam1-gaokao2023en-exclusive0817,315,315,18,draft|draft_verify,429.0580749511719,327.27861404418945,0.0,1465,97,1542,18,0,0,1,1,0
gaokao2023en,bbeam1,step-profile-config1-bbeam1-gaokao2023en-exclusive0817,315,315,19,draft|draft_verify,432.8632354736328,327.03447341918945,0.0,1562,97,1641,19,0,0,1,1,0
gaokao2023en,bbeam1,step-profile-config1-bbeam1-gaokao2023en-exclusive0817,315,315,20,draft|draft_verify,427.72698402404785,358.12950134277344,0.0,1659,97,1740,20,0,0,1,1,0
gaokao2023en,bbeam1,step-profile-config1-bbeam1-gaokao2023en-exclusive0817,315,315,21,draft|draft_verify,428.572416305542,386.87658309936523,0.0,1756,97,1839,21,0,0,1,1,0
gaokao2023en,bbeam1,step-profile-config1-bbeam1-gaokao2023en-exclusive0817,315,315,22,draft|draft_verify,417.7556037902832,402.33302116394043,0.0,1853,97,1938,22,0,0,1,1,0
gaokao2023en,bbeam1,step-profile-config1-bbeam1-gaokao2023en-exclusive0817,315,315,23,draft|draft_verify,413.32530975341797,402.8041362762451,0.0,1950,97,2037,23,0,0,1,1,0
gaokao2023en,bbeam1,step-profile-config1-bbeam1-gaokao2023en-exclusive0817,315,315,24,draft|draft_verify,423.5410690307617,450.31261444091797,0.0,2047,97,2136,24,0,0,1,1,0
gaokao2023en,bbeam1,step-profile-config1-bbeam1-gaokao2023en-exclusive0817,316,316,1,draft|draft_verify,222.67699241638184,61.00106239318848,0.0,212,52,210,1,0,0,1,1,0
gaokao2023en,bbeam1,step-profile-config1-bbeam1-gaokao2023en-exclusive0817,316,316,2,draft|draft_verify|target|backtracking_verify,221.4350700378418,153.3975601196289,1214.406967163086,264,50,533,4,264,59,1,2,1
gaokao2023en,bbeam1,step-profile-config1-bbeam1-gaokao2023en-exclusive0817,316,316,3,draft|draft_verify|target|target_rescue_verify,709.1610431671143,288.3415222167969,2158.0958366394043,637,152,1056,9,314,103,2,3,1
gaokao2023en,bbeam1,step-profile-config1-bbeam1-gaokao2023en-exclusive0817,316,316,4,draft|draft_verify|target|backtracking_verify|target_rescue_verify,615.5447959899902,516.2186622619629,1974.0867614746094,825,136,1689,16,825,95,2,4,2
gaokao2023en,bbeam1,step-profile-config1-bbeam1-gaokao2023en-exclusive0817,316,316,5,draft|draft_verify|target|target_rescue_verify,912.6737117767334,665.2038097381592,4707.334280014038,1375,214,2509,25,918,232,3,5,2
gaokao2023en,bbeam1,step-profile-config1-bbeam1-gaokao2023en-exclusive0817,316,316,6,draft|draft_verify,320.68634033203125,133.36467742919922,0.0,523,84,563,6,0,0,1,1,0
gaokao2023en,bbeam1,step-profile-config1-bbeam1-gaokao2023en-exclusive0817,316,316,7,draft|draft_verify,188.2922649383545,130.44166564941406,0.0,607,49,614,7,0,0,1,1,0
gaokao2023en,bbeam1,step-profile-config1-bbeam1-gaokao2023en-exclusive0817,316,316,8,draft|draft_verify,124.51362609863281,151.17645263671875,0.0,656,29,645,8,0,0,1,1,0
gaokao2023en,bbeam1,step-profile-config1-bbeam1-gaokao2023en-exclusive0817,317,317,1,draft|draft_verify,217.37933158874512,46.488046646118164,0.0,132,57,135,1,0,0,1,1,0
gaokao2023en,bbeam1,step-profile-config1-bbeam1-gaokao2023en-exclusive0817,317,317,2,draft|draft_verify|target|target_rescue_verify,129.2746067047119,118.21675300598145,1396.0609436035156,189,32,372,4,189,66,1,2,1
gaokao2023en,bbeam1,step-profile-config1-bbeam1-gaokao2023en-exclusive0817,317,317,3,draft|draft_verify,304.9919605255127,85.58058738708496,0.0,255,74,279,3,0,0,1,1,0
gaokao2023en,bbeam1,step-profile-config1-bbeam1-gaokao2023en-exclusive0817,317,317,4,draft|draft_verify|target|target_rescue_verify,218.81985664367676,194.84472274780273,1303.8713932037354,329,57,682,8,329,63,1,2,1
gaokao2023en,bbeam1,step-profile-config1-bbeam1-gaokao2023en-exclusive0817,317,317,5,draft|draft_verify,192.05737113952637,123.64029884338379,0.0,392,50,396,5,0,0,1,1,0
gaokao2023en,bbeam1,step-profile-config1-bbeam1-gaokao2023en-exclusive0817,317,317,6,draft|draft_verify,533.9601039886475,126.39164924621582,0.0,442,130,528,6,0,0,1,1,0
gaokao2023en,bbeam1,step-profile-config1-bbeam1-gaokao2023en-exclusive0817,317,317,7,draft|draft_verify,214.8752212524414,128.9677619934082,0.0,572,56,586,7,0,0,1,1,0
gaokao2023en,bbeam1,step-profile-config1-bbeam1-gaokao2023en-exclusive0817,317,317,8,draft|draft_verify|target|target_rescue_verify,157.64212608337402,297.3968982696533,1786.102056503296,628,37,1298,16,628,85,1,2,1
gaokao2023en,bbeam1,step-profile-config1-bbeam1-gaokao2023en-exclusive0817,317,317,9,draft|draft_verify,179.23879623413086,158.81633758544922,0.0,713,45,720,9,0,0,1,1,0
gaokao2023en,bbeam1,step-profile-config1-bbeam1-gaokao2023en-exclusive0817,318,318,1,draft|draft_verify,57.54566192626953,29.64043617248535,0.0,137,15,98,1,0,0,1,1,0
gaokao2023en,bbeam1,step-profile-config1-bbeam1-gaokao2023en-exclusive0817,318,318,2,draft|draft_verify,171.43511772155762,49.54099655151367,0.0,152,47,147,2,0,0,1,1,0
gaokao2023en,bbeam1,step-profile-config1-bbeam1-gaokao2023en-exclusive0817,318,318,3,draft|draft_verify,380.0499439239502,59.3266487121582,0.0,199,102,251,3,0,0,1,1,0
gaokao2023en,bbeam1,step-profile-config1-bbeam1-gaokao2023en-exclusive0817,318,318,4,draft|draft_verify,134.4897747039795,75.66094398498535,0.0,301,35,288,4,0,0,1,1,0
gaokao2023en,bbeam1,step-profile-config1-bbeam1-gaokao2023en-exclusive0817,318,318,5,draft|draft_verify,187.3183250427246,91.22109413146973,0.0,336,49,339,5,0,0,1,1,0
gaokao2023en,bbeam1,step-profile-config1-bbeam1-gaokao2023en-exclusive0817,318,318,6,draft|draft_verify,104.83741760253906,92.26870536804199,0.0,385,26,367,6,0,0,1,1,0
gaokao2023en,bbeam1,step-profile-config1-bbeam1-gaokao2023en-exclusive0817,319,319,1,draft|draft_verify,134.6433162689209,29.43706512451172,0.0,108,36,90,1,0,0,1,1,0
gaokao2023en,bbeam1,step-profile-config1-bbeam1-gaokao2023en-exclusive0817,319,319,2,draft|draft_verify,361.06038093566895,56.62369728088379,0.0,144,99,191,2,0,0,1,1,0
gaokao2023en,bbeam1,step-profile-config1-bbeam1-gaokao2023en-exclusive0817,319,319,3,draft|draft_verify,371.6404438018799,77.55279541015625,0.0,243,99,292,3,0,0,1,1,0
gaokao2023en,bbeam1,step-profile-config1-bbeam1-gaokao2023en-exclusive0817,319,319,4,draft|draft_verify,110.15868186950684,90.53540229797363,0.0,342,29,323,4,0,0,1,1,0
gaokao2023en,bbeam1,step-profile-config1-bbeam1-gaokao2023en-exclusive0817,319,319,5,draft|draft_verify,138.0457878112793,91.48979187011719,0.0,371,36,361,5,0,0,1,1,0
gaokao2023en,bbeam1,step-profile-config1-bbeam1-gaokao2023en-exclusive0817,319,319,6,draft|draft_verify,145.39265632629395,123.71373176574707,0.0,407,38,401,6,0,0,1,1,0
gaokao2023en,bbeam1,step-profile-config1-bbeam1-gaokao2023en-exclusive0817,319,319,7,draft|draft_verify|target|target_rescue_verify,241.93120002746582,253.65781784057617,1672.6486682891846,445,63,945,14,445,76,1,2,1
gaokao2023en,bbeam1,step-profile-config1-bbeam1-gaokao2023en-exclusive0817,319,319,8,draft|draft_verify,132.16328620910645,126.7235279083252,0.0,521,33,514,8,0,0,1,1,0
gaokao2023en,bbeam1,step-profile-config1-bbeam1-gaokao2023en-exclusive0817,320,320,1,draft|draft_verify,81.82024955749512,30.47013282775879,0.0,102,22,70,1,0,0,1,1,0
gaokao2023en,bbeam1,step-profile-config1-bbeam1-gaokao2023en-exclusive0817,320,320,2,draft|draft_verify,311.10644340515137,49.52192306518555,0.0,124,85,157,2,0,0,1,1,0
gaokao2023en,bbeam1,step-profile-config1-bbeam1-gaokao2023en-exclusive0817,320,320,3,draft|draft_verify,483.98423194885254,76.51138305664062,0.0,209,129,288,3,0,0,1,1,0
gaokao2023en,bbeam1,step-profile-config1-bbeam1-gaokao2023en-exclusive0817,320,320,4,draft|draft_verify,386.68107986450195,124.03512001037598,0.0,338,102,392,4,0,0,1,1,0
gaokao2023en,bbeam1,step-profile-config1-bbeam1-gaokao2023en-exclusive0817,320,320,5,draft|draft_verify,104.77209091186523,124.47500228881836,0.0,440,26,420,5,0,0,1,1,0
gaokao2023en,bbeam1,step-profile-config1-bbeam1-gaokao2023en-exclusive0817,321,321,1,draft|draft_verify|target|target_rescue_verify,437.0105266571045,117.62881278991699,1390.648365020752,142,119,362,2,142,67,1,2,1
gaokao2023en,bbeam1,step-profile-config1-bbeam1-gaokao2023en-exclusive0817,321,321,2,draft|draft_verify|target|target_rescue_verify,7884.783029556274,548.1138229370117,1635.9739303588867,209,2049,2442,4,209,80,1,2,1
gaokao2023en,bbeam1,step-profile-config1-bbeam1-gaokao2023en-exclusive0817,321,321,3,draft|draft_verify|target|target_rescue_verify,394.2422866821289,206.14171028137207,2590.6267166137695,289,99,705,6,289,128,1,2,1
gaokao2023en,bbeam1,step-profile-config1-bbeam1-gaokao2023en-exclusive0817,321,321,4,draft|draft_verify,249.17101860046387,141.85214042663574,0.0,417,64,433,4,0,0,1,1,0
gaokao2023en,bbeam1,step-profile-config1-bbeam1-gaokao2023en-exclusive0817,321,321,5,draft|draft_verify,75.48356056213379,133.57949256896973,0.0,481,18,453,5,0,0,1,1,0
gaokao2023en,bbeam1,step-profile-config1-bbeam1-gaokao2023en-exclusive0817,322,322,1,draft|draft_verify,172.67274856567383,29.15644645690918,0.0,100,47,93,1,0,0,1,1,0
gaokao2023en,bbeam1,step-profile-config1-bbeam1-gaokao2023en-exclusive0817,322,322,2,draft|draft_verify,1607.921838760376,138.34095001220703,0.0,147,428,523,2,0,0,1,1,0
gaokao2023en,bbeam1,step-profile-config1-bbeam1-gaokao2023en-exclusive0817,322,322,3,draft|draft_verify,1662.684679031372,218.50252151489258,0.0,575,433,958,3,0,0,1,1,0
gaokao2023en,bbeam1,step-profile-config1-bbeam1-gaokao2023en-exclusive0817,322,322,4,draft|draft_verify,412.8539562225342,226.20034217834473,0.0,1008,107,1067,4,0,0,1,1,0
gaokao2023en,bbeam1,step-profile-config1-bbeam1-gaokao2023en-exclusive0817,323,323,1,draft|draft_verify|target|target_rescue_verify,402.6212692260742,86.58456802368164,1247.7915287017822,115,106,288,2,115,60,1,2,1
gaokao2023en,bbeam1,step-profile-config1-bbeam1-gaokao2023en-exclusive0817,323,323,2,draft|draft_verify,147.77445793151855,56.22100830078125,0.0,175,38,161,2,0,0,1,1,0
gaokao2023en,bbeam1,step-profile-config1-bbeam1-gaokao2023en-exclusive0817,323,323,3,draft|draft_verify,96.51303291320801,64.32342529296875,0.0,213,26,189,3,0,0,1,1,0
gaokao2023en,bbeam1,step-profile-config1-bbeam1-gaokao2023en-exclusive0817,323,323,4,draft|draft_verify,173.89535903930664,66.81609153747559,0.0,239,44,235,4,0,0,1,1,0
gaokao2023en,bbeam1,step-profile-config1-bbeam1-gaokao2023en-exclusive0817,323,323,5,draft|draft_verify,231.16135597229004,85.6480598449707,0.0,283,59,296,5,0,0,1,1,0
gaokao2023en,bbeam1,step-profile-config1-bbeam1-gaokao2023en-exclusive0817,323,323,6,draft|draft_verify,83.41431617736816,79.21147346496582,0.0,342,21,319,6,0,0,1,1,0
gaokao2023en,bbeam1,step-profile-config1-bbeam1-gaokao2023en-exclusive0817,323,323,7,draft|draft_verify,107.59162902832031,91.06230735778809,0.0,363,28,349,7,0,0,1,1,0
gaokao2023en,bbeam1,step-profile-config1-bbeam1-gaokao2023en-exclusive0817,323,323,8,draft|draft_verify,51.01585388183594,91.5830135345459,0.0,391,12,363,8,0,0,1,1,0
gaokao2023en,bbeam1,step-profile-config1-bbeam1-gaokao2023en-exclusive0817,324,324,1,draft|draft_verify,164.65377807617188,50.48942565917969,0.0,174,44,164,1,0,0,1,1,0
gaokao2023en,bbeam1,step-profile-config1-bbeam1-gaokao2023en-exclusive0817,324,324,2,draft|draft_verify|target|backtracking_verify,243.44301223754883,121.78492546081543,1271.1970806121826,218,65,459,4,218,62,1,2,1
gaokao2023en,bbeam1,step-profile-config1-bbeam1-gaokao2023en-exclusive0817,324,324,3,draft|draft_verify|target|target_rescue_verify,483.74152183532715,212.80932426452637,224.9457836151123,563,125,828,9,283,7,2,3,1
gaokao2023en,bbeam1,step-profile-config1-bbeam1-gaokao2023en-exclusive0817,324,324,4,draft|draft_verify|target|target_rescue_verify,808.9883327484131,463.00482749938965,4643.201112747192,630,212,1509,16,630,229,2,4,2
gaokao2023en,bbeam1,step-profile-config1-bbeam1-gaokao2023en-exclusive0817,324,324,5,draft|draft_verify,295.55535316467285,127.04586982727051,0.0,481,78,513,5,0,0,1,1,0
gaokao2023en,bbeam1,step-profile-config1-bbeam1-gaokao2023en-exclusive0817,324,324,6,draft|draft_verify|target|target_rescue_verify,340.0602340698242,270.4002857208252,1347.506046295166,559,90,1185,12,559,65,1,2,1
gaokao2023en,bbeam1,step-profile-config1-bbeam1-gaokao2023en-exclusive0817,324,324,7,draft|draft_verify,123.78144264221191,131.29878044128418,0.0,624,31,613,7,0,0,1,1,0
gaokao2023en,bbeam1,step-profile-config1-bbeam1-gaokao2023en-exclusive0817,325,325,1,draft|draft_verify,342.151403427124,50.963640213012695,0.0,114,93,153,1,0,0,1,1,0
gaokao2023en,bbeam1,step-profile-config1-bbeam1-gaokao2023en-exclusive0817,325,325,2,draft|draft_verify,85.1142406463623,50.22549629211426,0.0,207,23,178,2,0,0,1,1,0
gaokao2023en,bbeam1,step-profile-config1-bbeam1-gaokao2023en-exclusive0817,325,325,3,draft|draft_verify,48.83527755737305,58.887481689453125,0.0,230,13,193,3,0,0,1,1,0
gaokao2023en,bbeam1,step-profile-config1-bbeam1-gaokao2023en-exclusive0817,325,325,4,draft|draft_verify,70.80984115600586,58.59231948852539,0.0,243,19,214,4,0,0,1,1,0
gaokao2023en,bbeam1,step-profile-config1-bbeam1-gaokao2023en-exclusive0817,325,325,5,draft|draft_verify,96.84872627258301,59.13901329040527,0.0,262,25,241,5,0,0,1,1,0
gaokao2023en,bbeam1,step-profile-config1-bbeam1-gaokao2023en-exclusive0817,325,325,6,draft|draft_verify,74.63765144348145,76.41935348510742,0.0,287,19,262,6,0,0,1,1,0
gaokao2023en,bbeam1,step-profile-config1-bbeam1-gaokao2023en-exclusive0817,325,325,7,draft|draft_verify,368.30639839172363,91.6447639465332,0.0,306,97,361,7,0,0,1,1,0
gaokao2023en,bbeam1,step-profile-config1-bbeam1-gaokao2023en-exclusive0817,325,325,8,draft|draft_verify|target|target_rescue_verify,343.7197208404541,267.84753799438477,1399.9295234680176,403,90,880,16,403,64,1,2,1
gaokao2023en,bbeam1,step-profile-config1-bbeam1-gaokao2023en-exclusive0817,325,325,9,draft|draft_verify|target|target_rescue_verify,287.74261474609375,279.94704246520996,1274.719476699829,467,75,995,18,467,62,1,2,1
gaokao2023en,bbeam1,step-profile-config1-bbeam1-gaokao2023en-exclusive0817,325,325,10,draft|draft_verify|target|backtracking_verify,142.8067684173584,253.0844211578369,474.75266456604004,529,37,1045,20,529,22,1,2,1
gaokao2023en,bbeam1,step-profile-config1-bbeam1-gaokao2023en-exclusive0817,325,325,11,draft|draft_verify|target|target_rescue_verify,633.6133480072021,467.85569190979004,6128.310918807983,1117,164,2049,33,566,304,2,3,1
gaokao2023en,bbeam1,step-profile-config1-bbeam1-gaokao2023en-exclusive0817,325,325,12,draft|draft_verify,138.8556957244873,126.77907943725586,0.0,568,35,571,12,0,0,1,1,0
gaokao2023en,bbeam1,step-profile-config1-bbeam1-gaokao2023en-exclusive0817,325,325,13,draft|draft_verify,165.2987003326416,128.59487533569336,0.0,603,43,616,13,0,0,1,1,0
gaokao2023en,bbeam1,step-profile-config1-bbeam1-gaokao2023en-exclusive0817,325,325,14,draft|draft_verify,84.76758003234863,133.21685791015625,0.0,646,22,640,14,0,0,1,1,0
gaokao2023en,bbeam1,step-profile-config1-bbeam1-gaokao2023en-exclusive0817,325,325,15,draft|draft_verify|target|target_rescue_verify,1076.6534805297852,391.80469512939453,4969.0046310424805,668,271,1800,30,668,245,1,2,1
gaokao2023en,bbeam1,step-profile-config1-bbeam1-gaokao2023en-exclusive0817,325,325,16,draft|draft_verify,40.55905342102051,197.2951889038086,0.0,913,9,898,16,0,0,1,1,0
gaokao2023en,bbeam1,step-profile-config1-bbeam1-gaokao2023en-exclusive0817,325,325,17,draft|draft_verify,82.26752281188965,198.40764999389648,0.0,922,21,921,17,0,0,1,1,0
gaokao2023en,bbeam1,step-profile-config1-bbeam1-gaokao2023en-exclusive0817,325,325,18,draft|draft_verify,268.704891204834,199.61118698120117,0.0,943,70,993,18,0,0,1,1,0
gaokao2023en,bbeam1,step-profile-config1-bbeam1-gaokao2023en-exclusive0817,325,325,19,draft|draft_verify,370.3000545501709,227.74219512939453,0.0,1013,97,1092,19,0,0,1,1,0
gaokao2023en,bbeam1,step-profile-config1-bbeam1-gaokao2023en-exclusive0817,325,325,20,draft|draft_verify,123.138427734375,227.80799865722656,0.0,1110,32,1126,20,0,0,1,1,0
gaokao2023en,bbeam1,step-profile-config1-bbeam1-gaokao2023en-exclusive0817,325,325,21,draft|draft_verify,63.43388557434082,235.64624786376953,0.0,1142,16,1144,21,0,0,1,1,0
gaokao2023en,bbeam1,step-profile-config1-bbeam1-gaokao2023en-exclusive0817,325,325,22,draft|draft_verify,44.91734504699707,252.64883041381836,0.0,1158,10,1156,22,0,0,1,1,0
gaokao2023en,bbeam1,step-profile-config1-bbeam1-gaokao2023en-exclusive0817,326,326,1,draft|draft_verify,343.80626678466797,50.408124923706055,0.0,131,93,170,1,0,0,1,1,0
gaokao2023en,bbeam1,step-profile-config1-bbeam1-gaokao2023en-exclusive0817,326,326,2,draft|draft_verify|target|target_rescue_verify,429.25024032592773,144.90079879760742,1603.1808853149414,224,113,533,4,224,76,1,2,1
gaokao2023en,bbeam1,step-profile-config1-bbeam1-gaokao2023en-exclusive0817,326,326,3,draft|draft_verify,804.2223453521729,144.37198638916016,0.0,300,211,461,3,0,0,1,1,0
gaokao2023en,bbeam1,step-profile-config1-bbeam1-gaokao2023en-exclusive0817,326,326,4,draft|draft_verify|target|target_rescue_verify,920.7479953765869,296.8027591705322,1750.891923904419,511,241,1250,8,511,83,1,2,1
gaokao2023en,bbeam1,step-profile-config1-bbeam1-gaokao2023en-exclusive0817,326,326,5,draft|draft_verify|target|target_rescue_verify,368.99638175964355,282.806396484375,1174.0200519561768,594,96,1249,10,594,57,1,2,1
gaokao2023en,bbeam1,step-profile-config1-bbeam1-gaokao2023en-exclusive0817,326,326,6,draft|draft_verify|target|target_rescue_verify,333.2347869873047,316.1015510559082,2035.3107452392578,651,87,1401,12,651,100,1,2,1
gaokao2023en,bbeam1,step-profile-config1-bbeam1-gaokao2023en-exclusive0817,326,326,7,draft|draft_verify|target|target_rescue_verify,232.1615219116211,360.2132797241211,3400.9292125701904,751,60,1646,14,751,168,1,2,1
gaokao2023en,bbeam1,step-profile-config1-bbeam1-gaokao2023en-exclusive0817,326,326,8,draft|draft_verify|target|target_rescue_verify,495.896577835083,419.9941158294678,1844.9885845184326,919,129,1976,16,919,90,1,2,1
gaokao2023en,bbeam1,step-profile-config1-bbeam1-gaokao2023en-exclusive0817,326,326,9,draft|draft_verify|target|target_rescue_verify,111.15860939025879,400.3734588623047,376.71375274658203,1009,28,1987,18,1009,17,1,2,1
gaokao2023en,bbeam1,step-profile-config1-bbeam1-gaokao2023en-exclusive0817,326,326,10,draft|draft_verify,44.164180755615234,199.04255867004395,0.0,1026,9,999,10,0,0,1,1,0
gaokao2023en,bbeam1,step-profile-config1-bbeam1-gaokao2023en-exclusive0817,327,327,1,draft|draft_verify,146.97003364562988,30.3189754486084,0.0,87,40,74,1,0,0,1,1,0
gaokao2023en,bbeam1,step-profile-config1-bbeam1-gaokao2023en-exclusive0817,327,327,2,draft|draft_verify|target|target_rescue_verify,992.7952289581299,144.38176155090332,1718.2464599609375,127,254,489,4,127,83,1,2,1
gaokao2023en,bbeam1,step-profile-config1-bbeam1-gaokao2023en-exclusive0817,327,327,3,draft|draft_verify|target|target_rescue_verify,352.8258800506592,133.95261764526367,735.0094318389893,210,93,450,6,210,35,1,2,1
gaokao2023en,bbeam1,step-profile-config1-bbeam1-gaokao2023en-exclusive0817,327,327,4,draft|draft_verify|target|target_rescue_verify,531.8152904510498,181.1356544494629,1765.7790184020996,245,135,617,8,245,86,1,2,1
gaokao2023en,bbeam1,step-profile-config1-bbeam1-gaokao2023en-exclusive0817,327,327,5,draft|draft_verify|target|backtracking_verify,328.7374973297119,206.97665214538574,1756.8395137786865,331,86,744,10,331,86,1,2,1
gaokao2023en,bbeam1,step-profile-config1-bbeam1-gaokao2023en-exclusive0817,327,327,6,draft|draft_verify|target|backtracking_verify,2797.218084335327,559.0341091156006,1754.737377166748,834,712,2292,24,834,84,2,4,2
gaokao2023en,bbeam1,step-profile-config1-bbeam1-gaokao2023en-exclusive0817,327,327,7,draft|draft_verify|target|target_rescue_verify,2072.8259086608887,1234.412670135498,7277.744293212891,2464,534,5482,56,2464,348,4,8,4
gaokao2023en,bbeam1,step-profile-config1-bbeam1-gaokao2023en-exclusive0817,327,327,8,draft|draft_verify|target|target_rescue_verify,727.0171642303467,547.7936267852783,3882.559299468994,1144,190,2512,32,1144,190,2,4,2
gaokao2023en,bbeam1,step-profile-config1-bbeam1-gaokao2023en-exclusive0817,327,327,9,draft|draft_verify|target|backtracking_verify,730.1502227783203,473.3467102050781,1942.7647590637207,1334,190,2175,27,667,95,2,3,1
gaokao2023en,bbeam1,step-profile-config1-bbeam1-gaokao2023en-exclusive0817,327,327,10,draft|draft_verify|target|target_rescue_verify|backtracking_verify,1131.1850547790527,1076.901912689209,5739.019870758057,2286,279,4920,60,2286,279,3,6,3
gaokao2023en,bbeam1,step-profile-config1-bbeam1-gaokao2023en-exclusive0817,327,327,11,draft|draft_verify|target|target_rescue_verify,1748.642921447754,1622.469425201416,8452.263116836548,3420,452,7440,88,3420,412,4,8,4
gaokao2023en,bbeam1,step-profile-config1-bbeam1-gaokao2023en-exclusive0817,327,327,12,draft|draft_verify,195.692777633667,199.8000144958496,0.0,954,46,969,12,0,0,1,1,0
gaokao2023en,bbeam1,step-profile-config1-bbeam1-gaokao2023en-exclusive0817,327,327,13,draft|draft_verify,167.47045516967773,201.79200172424316,0.0,1000,38,1009,13,0,0,1,1,0
gaokao2023en,bbeam1,step-profile-config1-bbeam1-gaokao2023en-exclusive0817,328,328,1,draft|draft_verify,178.27510833740234,30.11322021484375,0.0,89,42,77,1,0,0,1,1,0
gaokao2023en,bbeam1,step-profile-config1-bbeam1-gaokao2023en-exclusive0817,328,328,2,draft|draft_verify,101.75371170043945,29.31380271911621,0.0,131,22,101,2,0,0,1,1,0
gaokao2023en,bbeam1,step-profile-config1-bbeam1-gaokao2023en-exclusive0817,328,328,3,draft|draft_verify|target|backtracking_verify,37.66798973083496,59.02576446533203,153.6710262298584,153,8,220,6,153,6,1,2,1
gaokao2023en,bbeam1,step-profile-config1-bbeam1-gaokao2023en-exclusive0817,328,328,4,draft|draft_verify|target|target_rescue_verify,262.7911567687988,609.0753078460693,41758.81791114807,320,54,2572,16,320,2071,2,4,2
gaokao2023en,bbeam1,step-profile-config1-bbeam1-gaokao2023en-exclusive0817,328,328,5,draft|draft_verify,38.01131248474121,49.242258071899414,0.0,181,8,143,5,0,0,1,1,0
gaokao2023en,bbeam1,step-profile-config1-bbeam1-gaokao2023en-exclusive0817,328,328,6,draft|draft_verify,78.4149169921875,49.05271530151367,0.0,189,20,165,6,0,0,1,1,0
gaokao2023en,bbeam1,step-profile-config1-bbeam1-gaokao2023en-exclusive0817,328,328,7,draft|draft_verify,34.77072715759277,49.57270622253418,0.0,209,9,176,7,0,0,1,1,0
gaokao2023en,bbeam1,step-profile-config1-bbeam1-gaokao2023en-exclusive0817,328,328,8,draft|draft_verify,99.74956512451172,58.74371528625488,0.0,218,22,200,8,0,0,1,1,0
gaokao2023en,bbeam1,step-profile-config1-bbeam1-gaokao2023en-exclusive0817,328,328,9,draft|draft_verify,60.00375747680664,58.77113342285156,0.0,240,13,215,9,0,0,1,1,0
gaokao2023en,bbeam1,step-profile-config1-bbeam1-gaokao2023en-exclusive0817,328,328,10,draft|draft_verify,93.47653388977051,59.206485748291016,0.0,253,23,240,10,0,0,1,1,0
gaokao2023en,bbeam1,step-profile-config1-bbeam1-gaokao2023en-exclusive0817,328,328,11,draft|draft_verify,32.030582427978516,59.88001823425293,0.0,276,8,250,11,0,0,1,1,0
gaokao2023en,bbeam1,step-profile-config1-bbeam1-gaokao2023en-exclusive0817,328,328,12,draft|draft_verify|target|target_rescue_verify,92.35095977783203,151.57318115234375,547.9466915130615,284,23,552,24,284,25,1,2,1
gaokao2023en,bbeam1,step-profile-config1-bbeam1-gaokao2023en-exclusive0817,328,328,13,draft|draft_verify,284.5432758331299,91.3839340209961,0.0,309,71,350,13,0,0,1,1,0
gaokao2023en,bbeam1,step-profile-config1-bbeam1-gaokao2023en-exclusive0817,328,328,14,draft|draft_verify,8083.455801010132,509.66787338256836,0.0,380,2049,2400,14,0,0,1,1,0
gaokao2023en,bbeam1,step-profile-config1-bbeam1-gaokao2023en-exclusive0817,329,329,1,draft|draft_verify,364.9632930755615,49.99423027038574,0.0,110,88,144,1,0,0,1,1,0
gaokao2023en,bbeam1,step-profile-config1-bbeam1-gaokao2023en-exclusive0817,329,329,2,draft|draft_verify|target|target_rescue_verify,2163.5587215423584,221.16994857788086,860.8462810516357,198,553,884,4,198,39,1,2,1
gaokao2023en,bbeam1,step-profile-config1-bbeam1-gaokao2023en-exclusive0817,329,329,3,draft|draft_verify,467.038631439209,77.25715637207031,0.0,237,123,310,3,0,0,1,1,0
gaokao2023en,bbeam1,step-profile-config1-bbeam1-gaokao2023en-exclusive0817,329,329,4,draft|draft_verify,388.5960578918457,140.9149169921875,0.0,360,102,414,4,0,0,1,1,0
gaokao2023en,bbeam1,step-profile-config1-bbeam1-gaokao2023en-exclusive0817,329,329,5,draft|draft_verify|target|target_rescue_verify,7937.652349472046,666.450023651123,1511.7340087890625,462,2048,2951,10,462,71,1,2,1
gaokao2023en,bbeam1,step-profile-config1-bbeam1-gaokao2023en-exclusive0817,329,329,6,draft|draft_verify|target|backtracking_verify,325.0546455383301,259.6166133880615,1646.8968391418457,533,81,1139,12,533,80,1,2,1
gaokao2023en,bbeam1,step-profile-config1-bbeam1-gaokao2023en-exclusive0817,329,329,7,draft|draft_verify|target|backtracking_verify,303.4181594848633,524.7721672058105,1531.933069229126,1227,70,2429,28,1227,73,2,4,2
gaokao2023en,bbeam1,step-profile-config1-bbeam1-gaokao2023en-exclusive0817,329,329,8,draft|draft_verify|target|target_rescue_verify,1644.8121070861816,1102.5364398956299,6541.017770767212,2597,417,5006,56,1953,319,4,7,3
gaokao2023en,bbeam1,step-profile-config1-bbeam1-gaokao2023en-exclusive0817,329,329,9,draft|draft_verify|target|target_rescue_verify,1000.6320476531982,891.4132118225098,11564.578294754028,2053,258,4012,45,1319,572,3,5,2
gaokao2023en,bbeam1,step-profile-config1-bbeam1-gaokao2023en-exclusive0817,329,329,10,draft|draft_verify,344.70534324645996,178.53975296020508,0.0,824,90,878,10,0,0,1,1,0
gaokao2023en,bbeam1,step-profile-config1-bbeam1-gaokao2023en-exclusive0817,329,329,11,draft|draft_verify,377.26545333862305,199.14484024047852,0.0,914,90,970,11,0,0,1,1,0
gaokao2023en,bbeam1,step-profile-config1-bbeam1-gaokao2023en-exclusive0817,329,329,12,draft|draft_verify,386.10076904296875,227.708101272583,0.0,1004,97,1069,12,0,0,1,1,0
gaokao2023en,bbeam1,step-profile-config1-bbeam1-gaokao2023en-exclusive0817,329,329,13,draft|draft_verify,371.2174892425537,246.49429321289062,0.0,1101,97,1168,13,0,0,1,1,0
gaokao2023en,bbeam1,step-profile-config1-bbeam1-gaokao2023en-exclusive0817,329,329,14,draft|draft_verify,373.11387062072754,256.5891742706299,0.0,1198,97,1267,14,0,0,1,1,0
gaokao2023en,bbeam1,step-profile-config1-bbeam1-gaokao2023en-exclusive0817,329,329,15,draft|draft_verify,370.49269676208496,276.0634422302246,0.0,1295,97,1366,15,0,0,1,1,0
gaokao2023en,bbeam1,step-profile-config1-bbeam1-gaokao2023en-exclusive0817,329,329,16,draft|draft_verify,373.66414070129395,310.40167808532715,0.0,1392,97,1465,16,0,0,1,1,0
gaokao2023en,bbeam1,step-profile-config1-bbeam1-gaokao2023en-exclusive0817,329,329,17,draft|draft_verify,379.868745803833,328.54366302490234,0.0,1489,98,1565,17,0,0,1,1,0
gaokao2023en,bbeam1,step-profile-config1-bbeam1-gaokao2023en-exclusive0817,329,329,18,draft|draft_verify,377.88963317871094,346.73500061035156,0.0,1587,98,1665,18,0,0,1,1,0
gaokao2023en,bbeam1,step-profile-config1-bbeam1-gaokao2023en-exclusive0817,329,329,19,draft|draft_verify,377.93540954589844,357.9535484313965,0.0,1685,98,1765,19,0,0,1,1,0
gaokao2023en,bbeam1,step-profile-config1-bbeam1-gaokao2023en-exclusive0817,329,329,20,draft|draft_verify,382.13443756103516,388.7827396392822,0.0,1783,98,1865,20,0,0,1,1,0
gaokao2023en,bbeam1,step-profile-config1-bbeam1-gaokao2023en-exclusive0817,329,329,21,draft|draft_verify,381.1054229736328,402.3001194000244,0.0,1881,98,1965,21,0,0,1,1,0
gaokao2023en,bbeam1,step-profile-config1-bbeam1-gaokao2023en-exclusive0817,329,329,22,draft|draft_verify,377.78592109680176,430.89866638183594,0.0,1979,98,2065,22,0,0,1,1,0
gaokao2023en,bbeam1,step-profile-config1-bbeam1-gaokao2023en-exclusive0817,330,330,1,draft|draft_verify,113.6629581451416,46.88310623168945,0.0,162,27,135,1,0,0,1,1,0
gaokao2023en,bbeam1,step-profile-config1-bbeam1-gaokao2023en-exclusive0817,330,330,2,draft|draft_verify,234.83967781066895,59.51690673828125,0.0,189,60,197,2,0,0,1,1,0
gaokao2023en,bbeam1,step-profile-config1-bbeam1-gaokao2023en-exclusive0817,330,330,3,draft|draft_verify,117.80261993408203,60.13059616088867,0.0,249,31,230,3,0,0,1,1,0
gaokao2023en,bbeam1,step-profile-config1-bbeam1-gaokao2023en-exclusive0817,330,330,4,draft|draft_verify|target|target_rescue_verify,464.39170837402344,196.49457931518555,2445.434331893921,280,122,704,8,280,118,1,2,1
gaokao2023en,bbeam1,step-profile-config1-bbeam1-gaokao2023en-exclusive0817,330,330,5,draft|draft_verify,94.83170509338379,93.46747398376465,0.0,398,24,376,5,0,0,1,1,0
gaokao2023en,bbeam1,step-profile-config1-bbeam1-gaokao2023en-exclusive0817,330,330,6,draft|draft_verify|target|backtracking_verify,20.73359489440918,218.80626678466797,733.1087589263916,422,5,796,12,422,35,1,2,1
gaokao2023en,bbeam1,step-profile-config1-bbeam1-gaokao2023en-exclusive0817,330,330,7,draft|draft_verify|target|backtracking_verify|target_rescue_verify,2281.8331718444824,636.3539695739746,9066.443920135498,884,588,2637,28,884,449,2,4,2
gaokao2023en,bbeam1,step-profile-config1-bbeam1-gaokao2023en-exclusive0817,330,330,8,draft|draft_verify|target|backtracking_verify,57.470083236694336,857.3875427246094,278.5758972167969,2248,12,3828,40,1758,10,3,5,2
gaokao2023en,bbeam1,step-profile-config1-bbeam1-gaokao2023en-exclusive0817,330,330,9,draft|draft_verify|target|target_rescue_verify,1191.4877891540527,1767.5836086273193,5026.266098022461,4028,311,8223,90,4028,236,5,10,5
gaokao2023en,bbeam1,step-profile-config1-bbeam1-gaokao2023en-exclusive0817,330,330,10,draft|draft_verify,464.0822410583496,132.95936584472656,0.0,556,118,638,10,0,0,1,1,0
gaokao2023en,bbeam1,step-profile-config1-bbeam1-gaokao2023en-exclusive0817,330,330,11,draft|draft_verify,94.06399726867676,158.38932991027832,0.0,674,24,664,11,0,0,1,1,0
gaokao2023en,bbeam1,step-profile-config1-bbeam1-gaokao2023en-exclusive0817,330,330,12,draft|draft_verify,28.980731964111328,151.05175971984863,0.0,698,7,673,12,0,0,1,1,0
gaokao2023en,bbeam1,step-profile-config1-bbeam1-gaokao2023en-exclusive0817,330,330,13,draft|draft_verify,171.27251625061035,158.94818305969238,0.0,705,45,720,13,0,0,1,1,0
gaokao2023en,bbeam1,step-profile-config1-bbeam1-gaokao2023en-exclusive0817,330,330,14,draft|draft_verify,126.36446952819824,153.26905250549316,0.0,750,33,755,14,0,0,1,1,0
gaokao2023en,bbeam1,step-profile-config1-bbeam1-gaokao2023en-exclusive0817,330,330,15,draft|draft_verify,116.9731616973877,173.62189292907715,0.0,783,30,787,15,0,0,1,1,0
gaokao2023en,bbeam1,step-profile-config1-bbeam1-gaokao2023en-exclusive0817,330,330,16,draft|draft_verify,29.22344207763672,172.65629768371582,0.0,813,7,796,16,0,0,1,1,0
gaokao2023en,bbeam1,step-profile-config1-bbeam1-gaokao2023en-exclusive0817,330,330,17,draft|draft_verify,40.149688720703125,172.4832057952881,0.0,820,9,807,17,0,0,1,1,0
gaokao2023en,bbeam1,step-profile-config1-bbeam1-gaokao2023en-exclusive0817,331,331,1,draft|draft_verify,169.73638534545898,30.542373657226562,0.0,137,44,127,1,0,0,1,1,0
gaokao2023en,bbeam1,step-profile-config1-bbeam1-gaokao2023en-exclusive0817,331,331,2,draft|draft_verify,246.8094825744629,58.86268615722656,0.0,181,64,193,2,0,0,1,1,0
gaokao2023en,bbeam1,step-profile-config1-bbeam1-gaokao2023en-exclusive0817,331,331,3,draft|draft_verify,303.24578285217285,75.61492919921875,0.0,245,75,270,3,0,0,1,1,0
gaokao2023en,bbeam1,step-profile-config1-bbeam1-gaokao2023en-exclusive0817,331,331,4,draft|draft_verify|target|target_rescue_verify,449.4166374206543,227.39386558532715,1582.341194152832,320,113,731,8,320,74,1,2,1
gaokao2023en,bbeam1,step-profile-config1-bbeam1-gaokao2023en-exclusive0817,331,331,5,draft|draft_verify,138.5481357574463,92.40460395812988,0.0,394,35,383,5,0,0,1,1,0
gaokao2023en,bbeam1,step-profile-config1-bbeam1-gaokao2023en-exclusive0817,331,331,6,draft|draft_verify,212.32271194458008,124.69720840454102,0.0,429,55,440,6,0,0,1,1,0
gaokao2023en,bbeam1,step-profile-config1-bbeam1-gaokao2023en-exclusive0817,331,331,7,draft|draft_verify,194.31805610656738,142.18711853027344,0.0,484,49,491,7,0,0,1,1,0
gaokao2023en,bbeam1,step-profile-config1-bbeam1-gaokao2023en-exclusive0817,331,331,8,draft|draft_verify|target|target_rescue_verify,1691.763162612915,373.78621101379395,4705.631971359253,533,419,1636,16,533,231,1,2,1
gaokao2023en,bbeam1,step-profile-config1-bbeam1-gaokao2023en-exclusive0817,331,331,9,draft|draft_verify|target|target_rescue_verify,356.57477378845215,362.77198791503906,2227.2746562957764,764,93,1654,18,764,109,1,2,1
gaokao2023en,bbeam1,step-profile-config1-bbeam1-gaokao2023en-exclusive0817,331,331,10,draft|draft_verify,236.15169525146484,199.78713989257812,0.0,873,62,899,10,0,0,1,1,0
gaokao2023en,bbeam1,step-profile-config1-bbeam1-gaokao2023en-exclusive0817,331,331,11,draft|draft_verify,375.61655044555664,201.7512321472168,0.0,935,95,996,11,0,0,1,1,0
gaokao2023en,bbeam1,step-profile-config1-bbeam1-gaokao2023en-exclusive0817,331,331,12,draft|draft_verify,294.95763778686523,226.3963222503662,0.0,1030,76,1074,12,0,0,1,1,0
gaokao2023en,bbeam1,step-profile-config1-bbeam1-gaokao2023en-exclusive0817,331,331,13,draft|draft_verify,327.26526260375977,251.6498565673828,0.0,1106,81,1157,13,0,0,1,1,0
gaokao2023en,bbeam1,step-profile-config1-bbeam1-gaokao2023en-exclusive0817,331,331,14,draft|draft_verify,324.22447204589844,255.6757926940918,0.0,1187,82,1241,14,0,0,1,1,0
gaokao2023en,bbeam1,step-profile-config1-bbeam1-gaokao2023en-exclusive0817,331,331,15,draft|draft_verify,322.4349021911621,277.1878242492676,0.0,1269,81,1324,15,0,0,1,1,0
gaokao2023en,bbeam1,step-profile-config1-bbeam1-gaokao2023en-exclusive0817,331,331,16,draft|draft_verify,313.5042190551758,277.6625156402588,0.0,1350,82,1408,16,0,0,1,1,0
gaokao2023en,bbeam1,step-profile-config1-bbeam1-gaokao2023en-exclusive0817,331,331,17,draft|draft_verify,305.64236640930176,310.7495307922363,0.0,1432,80,1490,17,0,0,1,1,0
gaokao2023en,bbeam1,step-profile-config1-bbeam1-gaokao2023en-exclusive0817,331,331,18,draft|draft_verify,307.3391914367676,329.3323516845703,0.0,1512,81,1573,18,0,0,1,1,0
gaokao2023en,bbeam1,step-profile-config1-bbeam1-gaokao2023en-exclusive0817,331,331,19,draft|draft_verify|target|backtracking_verify,317.14701652526855,695.0538158416748,2472.12553024292,1593,84,3355,38,1593,121,1,2,1
gaokao2023en,bbeam1,step-profile-config1-bbeam1-gaokao2023en-exclusive0817,331,331,20,draft|draft_verify|target|target_rescue_verify,1095.792293548584,1143.399953842163,3597.350597381592,3391,283,5471,60,1677,168,2,3,1
gaokao2023en,bbeam1,step-profile-config1-bbeam1-gaokao2023en-exclusive0817,331,331,21,draft|draft_verify,111.51838302612305,391.6969299316406,0.0,1884,27,1897,21,0,0,1,1,0
gaokao2023en,bbeam1,step-profile-config1-bbeam1-gaokao2023en-exclusive0817,332,332,1,draft|draft_verify,129.73809242248535,46.654462814331055,0.0,153,35,134,1,0,0,1,1,0
gaokao2023en,bbeam1,step-profile-config1-bbeam1-gaokao2023en-exclusive0817,332,332,2,draft|draft_verify|target|target_rescue_verify,370.20182609558105,128.55887413024902,1629.3272972106934,188,101,450,4,188,77,1,2,1
gaokao2023en,bbeam1,step-profile-config1-bbeam1-gaokao2023en-exclusive0817,332,332,3,draft|draft_verify|target|target_rescue_verify,530.8082103729248,182.44409561157227,1376.2619495391846,265,140,637,6,265,67,1,2,1
gaokao2023en,bbeam1,step-profile-config1-bbeam1-gaokao2023en-exclusive0817,332,332,4,draft|draft_verify|target|backtracking_verify,516.1385536193848,282.27758407592773,6337.098836898804,332,135,1017,8,332,314,1,2,1
gaokao2023en,bbeam1,step-profile-config1-bbeam1-gaokao2023en-exclusive0817,332,332,5,draft|draft_verify|target|backtracking_verify,328.8755416870117,263.7629508972168,1055.880069732666,467,84,977,10,467,51,1,2,1
gaokao2023en,bbeam1,step-profile-config1-bbeam1-gaokao2023en-exclusive0817,332,332,6,draft|draft_verify|target|backtracking_verify,718.7445163726807,614.1219139099121,10455.91950416565,1069,189,2669,24,1069,518,2,4,2
gaokao2023en,bbeam1,step-profile-config1-bbeam1-gaokao2023en-exclusive0817,332,332,7,draft|draft_verify|target|target_rescue_verify,1613.6868000030518,1140.7885551452637,17338.65976333618,2075,422,5173,42,2075,853,3,6,3
gaokao2023en,bbeam1,step-profile-config1-bbeam1-gaokao2023en-exclusive0817,332,332,8,draft|draft_verify|target|target_rescue_verify,339.2634391784668,656.9104194641113,3275.22349357605,1896,85,2928,24,906,161,2,3,1
gaokao2023en,bbeam1,step-profile-config1-bbeam1-gaokao2023en-exclusive0817,333,333,1,draft|draft_verify|target|target_rescue_verify,360.4295253753662,75.62422752380371,1012.7296447753906,95,94,225,2,95,49,1,2,1
gaokao2023en,bbeam1,step-profile-config1-bbeam1-gaokao2023en-exclusive0817,333,333,2,draft|draft_verify,234.62510108947754,56.47563934326172,0.0,144,62,154,2,0,0,1,1,0
gaokao2023en,bbeam1,step-profile-config1-bbeam1-gaokao2023en-exclusive0817,333,333,3,draft|draft_verify|target|backtracking_verify,264.59288597106934,128.5240650177002,1598.2789993286133,206,72,462,6,206,78,1,2,1
gaokao2023en,bbeam1,step-profile-config1-bbeam1-gaokao2023en-exclusive0817,333,333,4,draft|draft_verify|target|target_rescue_verify,1976.1662483215332,463.85836601257324,3503.2835006713867,562,512,1614,16,562,170,2,4,2
gaokao2023en,bbeam1,step-profile-config1-bbeam1-gaokao2023en-exclusive0817,333,333,5,draft|draft_verify|target|target_rescue_verify,1256.1371326446533,403.5937786102295,4191.2736892700195,732,324,1486,15,361,207,2,3,1
gaokao2023en,bbeam1,step-profile-config1-bbeam1-gaokao2023en-exclusive0817,333,333,6,draft|draft_verify|target|target_rescue_verify,1080.8935165405273,598.578691482544,7594.455718994141,1028,281,2535,24,1028,374,2,4,2
gaokao2023en,bbeam1,step-profile-config1-bbeam1-gaokao2023en-exclusive0817,333,333,7,draft|draft_verify|target|backtracking_verify|target_rescue_verify,898.6515998840332,688.776969909668,3509.6144676208496,1402,231,3038,28,1402,171,2,4,2
gaokao2023en,bbeam1,step-profile-config1-bbeam1-gaokao2023en-exclusive0817,333,333,8,draft|draft_verify|target|target_rescue_verify,762.8073692321777,1160.5398654937744,11668.836832046509,2389,195,5306,48,2389,574,3,6,3
gaokao2023en,bbeam1,step-profile-config1-bbeam1-gaokao2023en-exclusive0817,333,333,9,draft|draft_verify,228.81054878234863,174.28040504455566,0.0,814,59,835,9,0,0,1,1,0
gaokao2023en,bbeam1,step-profile-config1-bbeam1-gaokao2023en-exclusive0817,333,333,10,draft|draft_verify,171.10395431518555,185.26506423950195,0.0,873,43,880,10,0,0,1,1,0
gaokao2023en,bbeam1,step-profile-config1-bbeam1-gaokao2023en-exclusive0817,334,334,1,draft|draft_verify,403.95140647888184,49.365997314453125,0.0,104,109,159,1,0,0,1,1,0
gaokao2023en,bbeam1,step-profile-config1-bbeam1-gaokao2023en-exclusive0817,334,334,2,draft|draft_verify,60.20379066467285,50.000667572021484,0.0,213,16,177,2,0,0,1,1,0
gaokao2023en,bbeam1,step-profile-config1-bbeam1-gaokao2023en-exclusive0817,334,334,3,draft|draft_verify,37.987709045410156,56.442975997924805,0.0,229,10,189,3,0,0,1,1,0
gaokao2023en,bbeam1,step-profile-config1-bbeam1-gaokao2023en-exclusive0817,334,334,4,draft|draft_verify,45.166969299316406,59.04531478881836,0.0,239,12,203,4,0,0,1,1,0
gaokao2023en,bbeam1,step-profile-config1-bbeam1-gaokao2023en-exclusive0817,334,334,5,draft|draft_verify|target|target_rescue_verify,298.2363700866699,134.54508781433105,122.8642463684082,251,78,490,10,251,2,1,2,1
gaokao2023en,bbeam1,step-profile-config1-bbeam1-gaokao2023en-exclusive0817,334,334,6,draft|draft_verify,62.99233436584473,59.04555320739746,0.0,253,16,225,6,0,0,1,1,0
gaokao2023en,bbeam1,step-profile-config1-bbeam1-gaokao2023en-exclusive0817,334,334,7,draft|draft_verify|target|backtracking_verify,142.06743240356445,154.96015548706055,730.5502891540527,269,37,526,14,269,35,1,2,1
gaokao2023en,bbeam1,step-profile-config1-bbeam1-gaokao2023en-exclusive0817,334,334,8,draft|draft_verify|target|target_rescue_verify,889.4193172454834,347.15890884399414,4195.864677429199,610,226,1229,24,306,207,2,3,1
gaokao2023en,bbeam1,step-profile-config1-bbeam1-gaokao2023en-exclusive0817,334,334,9,draft|draft_verify,89.22863006591797,76.65109634399414,0.0,326,23,311,9,0,0,1,1,0
gaokao2023en,bbeam1,step-profile-config1-bbeam1-gaokao2023en-exclusive0817,334,334,10,draft|draft_verify|target|target_rescue_verify,123.13389778137207,183.55727195739746,675.5950450897217,349,32,690,20,349,32,1,2,1
gaokao2023en,bbeam1,step-profile-config1-bbeam1-gaokao2023en-exclusive0817,334,334,11,draft|draft_verify,97.94425964355469,91.51601791381836,0.0,381,25,372,11,0,0,1,1,0
gaokao2023en,bbeam1,step-profile-config1-bbeam1-gaokao2023en-exclusive0817,334,334,12,draft|draft_verify,145.60914039611816,123.61955642700195,0.0,406,38,412,12,0,0,1,1,0
gaokao2023en,bbeam1,step-profile-config1-bbeam1-gaokao2023en-exclusive0817,334,334,13,draft|draft_verify|target|target_rescue_verify,296.13208770751953,279.6924114227295,3012.3257637023926,444,75,1051,26,444,148,1,2,1
gaokao2023en,bbeam1,step-profile-config1-bbeam1-gaokao2023en-exclusive0817,334,334,14,draft|draft_verify,96.66752815246582,129.14466857910156,0.0,592,24,588,14,0,0,1,1,0
gaokao2023en,bbeam1,step-profile-config1-bbeam1-gaokao2023en-exclusive0817,334,334,15,draft|draft_verify,123.01301956176758,129.94694709777832,0.0,616,32,622,15,0,0,1,1,0
gaokao2023en,bbeam1,step-profile-config1-bbeam1-gaokao2023en-exclusive0817,334,334,16,draft|draft_verify,98.22273254394531,151.5343189239502,0.0,648,25,649,16,0,0,1,1,0
gaokao2023en,bbeam1,step-profile-config1-bbeam1-gaokao2023en-exclusive0817,334,334,17,draft|draft_verify,149.31035041809082,152.46105194091797,0.0,673,39,690,17,0,0,1,1,0
gaokao2023en,bbeam1,step-profile-config1-bbeam1-gaokao2023en-exclusive0817,334,334,18,draft|draft_verify,514.2507553100586,174.88980293273926,0.0,712,129,821,18,0,0,1,1,0
gaokao2023en,bbeam1,step-profile-config1-bbeam1-gaokao2023en-exclusive0817,334,334,19,draft|draft_verify|target|target_rescue_verify,379.8527717590332,378.9229393005371,1453.5069465637207,841,95,1809,38,841,68,1,2,1
gaokao2023en,bbeam1,step-profile-config1-bbeam1-gaokao2023en-exclusive0817,334,334,20,draft|draft_verify,72.80135154724121,198.82559776306152,0.0,909,18,911,20,0,0,1,1,0
gaokao2023en,bbeam1,step-profile-config1-bbeam1-gaokao2023en-exclusive0817,334,334,21,draft|draft_verify|target|target_rescue_verify,1809.9830150604248,627.0031929016113,11619.745969772339,927,460,2862,42,927,576,1,2,1
gaokao2023en,bbeam1,step-profile-config1-bbeam1-gaokao2023en-exclusive0817,334,334,22,draft|draft_verify,329.70547676086426,329.0433883666992,0.0,1503,83,1574,22,0,0,1,1,0
gaokao2023en,bbeam1,step-profile-config1-bbeam1-gaokao2023en-exclusive0817,334,334,23,draft|draft_verify,46.38957977294922,328.2296657562256,0.0,1586,10,1586,23,0,0,1,1,0
gaokao2023en,bbeam1,step-profile-config1-bbeam1-gaokao2023en-exclusive0817,335,335,1,draft|draft_verify|target|backtracking_verify,292.1621799468994,135.85877418518066,4683.985471725464,119,79,441,2,119,232,1,2,1
gaokao2023en,bbeam1,step-profile-config1-bbeam1-gaokao2023en-exclusive0817,335,335,2,draft|draft_verify|target|target_rescue_verify,1177.6652336120605,213.57131004333496,2563.3559226989746,198,312,727,4,198,124,1,2,1
gaokao2023en,bbeam1,step-profile-config1-bbeam1-gaokao2023en-exclusive0817,335,335,3,draft|draft_verify|target|target_rescue_verify,430.8919906616211,244.77767944335938,2858.5376739501953,322,97,782,6,322,141,1,2,1
gaokao2023en,bbeam1,step-profile-config1-bbeam1-gaokao2023en-exclusive0817,335,335,4,draft|draft_verify|target|backtracking_verify,370.3582286834717,289.87598419189453,1983.2959175109863,463,97,1024,8,463,97,1,2,1
gaokao2023en,bbeam1,step-profile-config1-bbeam1-gaokao2023en-exclusive0817,335,335,5,draft|draft_verify|target|target_rescue_verify,618.8638210296631,342.6556587219238,5696.487903594971,560,156,1465,10,560,281,1,2,1
gaokao2023en,bbeam1,step-profile-config1-bbeam1-gaokao2023en-exclusive0817,335,335,6,draft|draft_verify,391.7667865753174,177.2620677947998,0.0,841,97,894,6,0,0,1,1,0
gaokao2023en,bbeam1,step-profile-config1-bbeam1-gaokao2023en-exclusive0817,335,335,7,draft|draft_verify,1096.3690280914307,255.74636459350586,0.0,938,281,1177,7,0,0,1,1,0
gaokao2023en,bbeam1,step-profile-config1-bbeam1-gaokao2023en-exclusive0817,335,335,8,draft|draft_verify,141.76106452941895,254.19974327087402,0.0,1219,35,1214,8,0,0,1,1,0
gaokao2023en,bbeam1,step-profile-config1-bbeam1-gaokao2023en-exclusive0817,336,336,1,draft|draft_verify|target|backtracking_verify,372.68614768981934,102.24032402038574,1758.3351135253906,126,101,331,2,126,86,1,2,1
gaokao2023en,bbeam1,step-profile-config1-bbeam1-gaokao2023en-exclusive0817,336,336,2,draft|draft_verify|target|target_rescue_verify,864.7184371948242,359.2114448547363,6356.966972351074,439,221,1202,8,439,312,2,4,2
gaokao2023en,bbeam1,step-profile-config1-bbeam1-gaokao2023en-exclusive0817,336,336,3,draft|draft_verify|target|target_rescue_verify|backtracking_verify,487.55502700805664,419.1591739654541,3880.2695274353027,751,126,1616,12,751,190,2,4,2
gaokao2023en,bbeam1,step-profile-config1-bbeam1-gaokao2023en-exclusive0817,336,336,4,draft|draft_verify|target|backtracking_verify|target_rescue_verify,745.0754642486572,543.9462661743164,3822.6237297058105,956,186,2091,16,956,187,2,4,2
gaokao2023en,bbeam1,step-profile-config1-bbeam1-gaokao2023en-exclusive0817,336,336,5,draft|draft_verify|target|target_rescue_verify,1900.9222984313965,875.1921653747559,5319.752216339111,1647,499,3769,30,1647,258,3,6,3
gaokao2023en,bbeam1,step-profile-config1-bbeam1-gaokao2023en-exclusive0817,336,336,6,draft|draft_verify|target|target_rescue_verify,16123.207092285156,1460.6449604034424,2601.9625663757324,1905,4161,6996,30,1032,126,3,5,2
gaokao2023en,bbeam1,step-profile-config1-bbeam1-gaokao2023en-exclusive0817,336,336,7,draft|draft_verify,127.9304027557373,190.37938117980957,0.0,938,32,928,7,0,0,1,1,0
gaokao2023en,bbeam1,step-profile-config1-bbeam1-gaokao2023en-exclusive0817,337,337,1,draft|draft_verify|target|backtracking_verify,147.5234031677246,63.22669982910156,790.2421951293945,111,39,191,2,111,38,1,2,1
gaokao2023en,bbeam1,step-profile-config1-bbeam1-gaokao2023en-exclusive0817,337,337,2,draft|draft_verify|target|target_rescue_verify|backtracking_verify,8136.223793029785,577.5203704833984,1861.8605136871338,299,2085,2563,8,299,89,2,4,2
gaokao2023en,bbeam1,step-profile-config1-bbeam1-gaokao2023en-exclusive0817,337,337,3,draft|draft_verify|target|backtracking_verify,805.1795959472656,399.3420600891113,5711.200475692749,573,212,1338,18,573,280,3,6,3
gaokao2023en,bbeam1,step-profile-config1-bbeam1-gaokao2023en-exclusive0817,337,337,4,draft|draft_verify|target|target_rescue_verify,2762.521266937256,808.7332248687744,8616.472959518433,1030,719,2817,32,1030,422,4,8,4
gaokao2023en,bbeam1,step-profile-config1-bbeam1-gaokao2023en-exclusive0817,337,337,5,draft|draft_verify|target|target_rescue_verify,516.7498588562012,468.9507484436035,3677.6745319366455,730,134,1590,20,730,180,2,4,2
gaokao2023en,bbeam1,step-profile-config1-bbeam1-gaokao2023en-exclusive0817,337,337,6,draft|draft_verify|target|target_rescue_verify,551.4323711395264,478.5134792327881,10889.769077301025,910,143,1858,18,396,541,2,3,1
gaokao2023en,bbeam1,step-profile-config1-bbeam1-gaokao2023en-exclusive0817,338,338,1,draft|draft_verify|target|target_rescue_verify,335.6444835662842,107.2547435760498,1809.9689483642578,103,92,279,2,103,89,1,2,1
gaokao2023en,bbeam1,step-profile-config1-bbeam1-gaokao2023en-exclusive0817,338,338,2,draft|draft_verify,350.0051498413086,67.5668716430664,0.0,192,94,234,2,0,0,1,1,0
gaokao2023en,bbeam1,step-profile-config1-bbeam1-gaokao2023en-exclusive0817,338,338,3,draft|draft_verify,164.80302810668945,85.66737174987793,0.0,286,43,279,3,0,0,1,1,0
gaokao2023en,bbeam1,step-profile-config1-bbeam1-gaokao2023en-exclusive0817,338,338,4,draft|draft_verify,126.15561485290527,85.7841968536377,0.0,329,33,314,4,0,0,1,1,0
gaokao2023en,bbeam1,step-profile-config1-bbeam1-gaokao2023en-exclusive0817,338,338,5,draft|draft_verify,123.54254722595215,103.36565971374512,0.0,362,32,348,5,0,0,1,1,0
gaokao2023en,bbeam1,step-profile-config1-bbeam1-gaokao2023en-exclusive0817,338,338,6,draft|draft_verify|target|target_rescue_verify,196.38705253601074,263.0150318145752,1456.742286682129,394,49,818,12,394,69,1,2,1
gaokao2023en,bbeam1,step-profile-config1-bbeam1-gaokao2023en-exclusive0817,338,338,7,draft|draft_verify,120.60213088989258,125.16665458679199,0.0,463,31,452,7,0,0,1,1,0
gaokao2023en,bbeam1,step-profile-config1-bbeam1-gaokao2023en-exclusive0817,338,338,8,draft|draft_verify,82.1981430053711,125.54788589477539,0.0,494,21,475,8,0,0,1,1,0
gaokao2023en,bbeam1,step-profile-config1-bbeam1-gaokao2023en-exclusive0817,338,338,9,draft|draft_verify,143.75734329223633,126.22356414794922,0.0,515,37,514,9,0,0,1,1,0
gaokao2023en,bbeam1,step-profile-config1-bbeam1-gaokao2023en-exclusive0817,338,338,10,draft|draft_verify,325.03437995910645,131.0293674468994,0.0,552,86,602,10,0,0,1,1,0
gaokao2023en,bbeam1,step-profile-config1-bbeam1-gaokao2023en-exclusive0817,338,338,11,draft|draft_verify,513.5147571563721,160.27426719665527,0.0,638,132,736,11,0,0,1,1,0
gaokao2023en,bbeam1,step-profile-config1-bbeam1-gaokao2023en-exclusive0817,338,338,12,draft|draft_verify,353.5590171813965,173.91467094421387,0.0,770,92,830,12,0,0,1,1,0
gaokao2023en,bbeam1,step-profile-config1-bbeam1-gaokao2023en-exclusive0817,338,338,13,draft|draft_verify,112.65254020690918,176.59330368041992,0.0,862,28,860,13,0,0,1,1,0
gaokao2023en,bbeam1,step-profile-config1-bbeam1-gaokao2023en-exclusive0817,339,339,1,draft|draft_verify,147.1564769744873,30.26437759399414,0.0,94,39,79,1,0,0,1,1,0
gaokao2023en,bbeam1,step-profile-config1-bbeam1-gaokao2023en-exclusive0817,339,339,2,draft|draft_verify,392.63319969177246,50.51302909851074,0.0,133,103,184,2,0,0,1,1,0
gaokao2023en,bbeam1,step-profile-config1-bbeam1-gaokao2023en-exclusive0817,339,339,3,draft|draft_verify,217.79799461364746,60.634613037109375,0.0,236,56,242,3,0,0,1,1,0
gaokao2023en,bbeam1,step-profile-config1-bbeam1-gaokao2023en-exclusive0817,339,339,4,draft|draft_verify|target|target_rescue_verify,7899.954080581665,640.3920650482178,3206.0887813568115,292,2049,2691,8,292,155,1,2,1
gaokao2023en,bbeam1,step-profile-config1-bbeam1-gaokao2023en-exclusive0817,339,339,5,draft|draft_verify|target|target_rescue_verify,670.2666282653809,265.90967178344727,3462.235689163208,447,172,1145,10,447,171,1,2,1
gaokao2023en,bbeam1,step-profile-config1-bbeam1-gaokao2023en-exclusive0817,339,339,6,draft|draft_verify,195.09053230285645,130.62787055969238,0.0,618,47,621,6,0,0,1,1,0
gaokao2023en,bbeam1,step-profile-config1-bbeam1-gaokao2023en-exclusive0817,340,340,1,draft|draft_verify,266.8001651763916,29.827594757080078,0.0,79,69,94,1,0,0,1,1,0
gaokao2023en,bbeam1,step-profile-config1-bbeam1-gaokao2023en-exclusive0817,340,340,2,draft|draft_verify,150.34079551696777,45.856475830078125,0.0,148,39,135,2,0,0,1,1,0
gaokao2023en,bbeam1,step-profile-config1-bbeam1-gaokao2023en-exclusive0817,340,340,3,draft|draft_verify,52.22916603088379,49.49212074279785,0.0,187,13,150,3,0,0,1,1,0
gaokao2023en,bbeam1,step-profile-config1-bbeam1-gaokao2023en-exclusive0817,340,340,4,draft|draft_verify,179.8858642578125,58.89081954956055,0.0,200,46,198,4,0,0,1,1,0
gaokao2023en,bbeam1,step-profile-config1-bbeam1-gaokao2023en-exclusive0817,340,340,5,draft|draft_verify,41.661739349365234,58.96639823913574,0.0,246,11,211,5,0,0,1,1,0
gaokao2023en,bbeam1,step-profile-config1-bbeam1-gaokao2023en-exclusive0817,340,340,6,draft|draft_verify,91.2623405456543,60.14871597290039,0.0,257,23,236,6,0,0,1,1,0
gaokao2023en,bbeam1,step-profile-config1-bbeam1-gaokao2023en-exclusive0817,340,340,7,draft|draft_verify,50.147294998168945,59.88121032714844,0.0,280,13,251,7,0,0,1,1,0
gaokao2023en,bbeam1,step-profile-config1-bbeam1-gaokao2023en-exclusive0817,340,340,8,draft|draft_verify,135.99300384521484,76.14469528198242,0.0,293,35,288,8,0,0,1,1,0
gaokao2023en,bbeam1,step-profile-config1-bbeam1-gaokao2023en-exclusive0817,340,340,9,draft|draft_verify,20.563364028930664,76.7357349395752,0.0,328,5,295,9,0,0,1,1,0
gaokao2023en,bbeam1,step-profile-config1-bbeam1-gaokao2023en-exclusive0817,340,340,10,draft|draft_verify,142.13156700134277,91.64810180664062,0.0,333,37,334,10,0,0,1,1,0
gaokao2023en,bbeam1,step-profile-config1-bbeam1-gaokao2023en-exclusive0817,340,340,11,draft|draft_verify,20.673751831054688,91.7205810546875,0.0,370,5,341,11,0,0,1,1,0
gaokao2023en,bbeam1,step-profile-config1-bbeam1-gaokao2023en-exclusive0817,340,340,12,draft|draft_verify,184.01336669921875,123.8565444946289,0.0,375,48,391,12,0,0,1,1,0
gaokao2023en,bbeam1,step-profile-config1-bbeam1-gaokao2023en-exclusive0817,340,340,13,draft|draft_verify,107.7415943145752,123.89564514160156,0.0,423,27,420,13,0,0,1,1,0
gaokao2023en,bbeam1,step-profile-config1-bbeam1-gaokao2023en-exclusive0817,340,340,14,draft|draft_verify,83.8918685913086,124.70149993896484,0.0,450,22,444,14,0,0,1,1,0
gaokao2023en,bbeam1,step-profile-config1-bbeam1-gaokao2023en-exclusive0817,340,340,15,draft|draft_verify,269.5651054382324,127.03442573547363,0.0,472,71,517,15,0,0,1,1,0
gaokao2023en,bbeam1,step-profile-config1-bbeam1-gaokao2023en-exclusive0817,340,340,16,draft|draft_verify,114.7623062133789,127.60138511657715,0.0,543,29,548,16,0,0,1,1,0
gaokao2023en,bbeam1,step-profile-config1-bbeam1-gaokao2023en-exclusive0817,340,340,17,draft|draft_verify,85.84809303283691,126.4646053314209,0.0,572,21,571,17,0,0,1,1,0
gaokao2023en,bbeam1,step-profile-config1-bbeam1-gaokao2023en-exclusive0817,341,341,1,draft|draft_verify,329.3037414550781,50.150394439697266,0.0,116,90,152,1,0,0,1,1,0
gaokao2023en,bbeam1,step-profile-config1-bbeam1-gaokao2023en-exclusive0817,341,341,2,draft|draft_verify,190.40703773498535,59.38601493835449,0.0,206,53,207,2,0,0,1,1,0
gaokao2023en,bbeam1,step-profile-config1-bbeam1-gaokao2023en-exclusive0817,341,341,3,draft|draft_verify,30.8988094329834,59.42249298095703,0.0,259,8,217,3,0,0,1,1,0
gaokao2023en,bbeam1,step-profile-config1-bbeam1-gaokao2023en-exclusive0817,341,341,4,draft|draft_verify,291.06640815734863,76.74980163574219,0.0,267,77,296,4,0,0,1,1,0
gaokao2023en,bbeam1,step-profile-config1-bbeam1-gaokao2023en-exclusive0817,341,341,5,draft|draft_verify,30.945301055908203,76.97939872741699,0.0,344,8,306,5,0,0,1,1,0
gaokao2023en,bbeam1,step-profile-config1-bbeam1-gaokao2023en-exclusive0817,341,341,6,draft|draft_verify|target|target_rescue_verify,966.2961959838867,267.71020889282227,5670.229434967041,352,257,1151,12,352,278,1,2,1
gaokao2023en,bbeam1,step-profile-config1-bbeam1-gaokao2023en-exclusive0817,341,341,7,draft|draft_verify,32.95016288757324,129.55975532531738,0.0,630,7,595,7,0,0,1,1,0
gaokao2023en,bbeam1,step-profile-config1-bbeam1-gaokao2023en-exclusive0817,341,341,8,draft|draft_verify,168.18594932556152,150.8316993713379,0.0,637,44,641,8,0,0,1,1,0
gaokao2023en,bbeam1,step-profile-config1-bbeam1-gaokao2023en-exclusive0817,341,341,9,draft|draft_verify,32.366275787353516,150.21014213562012,0.0,681,8,651,9,0,0,1,1,0
gaokao2023en,bbeam1,step-profile-config1-bbeam1-gaokao2023en-exclusive0817,341,341,10,draft|draft_verify,550.701379776001,174.76606369018555,0.0,689,143,796,10,0,0,1,1,0
gaokao2023en,bbeam1,step-profile-config1-bbeam1-gaokao2023en-exclusive0817,341,341,11,draft|draft_verify,81.14933967590332,174.98159408569336,0.0,832,19,817,11,0,0,1,1,0
gaokao2023en,bbeam1,step-profile-config1-bbeam1-gaokao2023en-exclusive0817,342,342,1,draft|draft_verify,438.86351585388184,50.68635940551758,0.0,91,113,150,1,0,0,1,1,0
gaokao2023en,bbeam1,step-profile-config1-bbeam1-gaokao2023en-exclusive0817,342,342,2,draft|draft_verify,191.0707950592041,59.928178787231445,0.0,204,50,202,2,0,0,1,1,0
gaokao2023en,bbeam1,step-profile-config1-bbeam1-gaokao2023en-exclusive0817,342,342,3,draft|draft_verify,356.84704780578613,78.40704917907715,0.0,254,93,297,3,0,0,1,1,0
gaokao2023en,bbeam1,step-profile-config1-bbeam1-gaokao2023en-exclusive0817,342,342,4,draft|draft_verify,284.03329849243164,93.6732292175293,0.0,347,73,372,4,0,0,1,1,0
gaokao2023en,bbeam1,step-profile-config1-bbeam1-gaokao2023en-exclusive0817,342,342,5,draft|draft_verify|target|target_rescue_verify,381.32357597351074,269.67334747314453,2136.911392211914,420,99,948,10,420,101,1,2,1
gaokao2023en,bbeam1,step-profile-config1-bbeam1-gaokao2023en-exclusive0817,342,342,6,draft|draft_verify|target|target_rescue_verify,217.18144416809082,255.42426109313965,1074.3708610534668,521,56,1062,12,521,52,1,2,1
gaokao2023en,bbeam1,step-profile-config1-bbeam1-gaokao2023en-exclusive0817,342,342,7,draft|draft_verify|target|target_rescue_verify,198.6398696899414,261.69276237487793,1140.3861045837402,573,51,1168,14,573,55,1,2,1
gaokao2023en,bbeam1,step-profile-config1-bbeam1-gaokao2023en-exclusive0817,342,342,8,draft|draft_verify|target|target_rescue_verify,365.7670021057129,305.6213855743408,1658.3318710327148,628,95,1352,16,628,81,1,2,1
gaokao2023en,bbeam1,step-profile-config1-bbeam1-gaokao2023en-exclusive0817,342,342,9,draft|draft_verify,275.0546932220459,154.31833267211914,0.0,709,71,742,9,0,0,1,1,0
gaokao2023en,bbeam1,step-profile-config1-bbeam1-gaokao2023en-exclusive0817,342,342,10,draft|draft_verify,190.79995155334473,174.54266548156738,0.0,780,49,793,10,0,0,1,1,0
gaokao2023en,bbeam1,step-profile-config1-bbeam1-gaokao2023en-exclusive0817,342,342,11,draft|draft_verify,268.5511112213135,182.30938911437988,0.0,829,69,864,11,0,0,1,1,0
gaokao2023en,bbeam1,step-profile-config1-bbeam1-gaokao2023en-exclusive0817,342,342,12,draft|draft_verify,206.8336009979248,198.838472366333,0.0,898,53,919,12,0,0,1,1,0
gaokao2023en,bbeam1,step-profile-config1-bbeam1-gaokao2023en-exclusive0817,342,342,13,draft|draft_verify,273.6694812774658,201.04551315307617,0.0,951,70,991,13,0,0,1,1,0
gaokao2023en,bbeam1,step-profile-config1-bbeam1-gaokao2023en-exclusive0817,342,342,14,draft|draft_verify,174.47352409362793,223.91343116760254,0.0,1021,45,1038,14,0,0,1,1,0
gaokao2023en,bbeam1,step-profile-config1-bbeam1-gaokao2023en-exclusive0817,342,342,15,draft|draft_verify,117.96736717224121,226.29547119140625,0.0,1066,30,1070,15,0,0,1,1,0
gaokao2023en,bbeam1,step-profile-config1-bbeam1-gaokao2023en-exclusive0817,342,342,16,draft|draft_verify,157.0897102355957,228.4829616546631,0.0,1096,39,1111,16,0,0,1,1,0
gaokao2023en,bbeam1,step-profile-config1-bbeam1-gaokao2023en-exclusive0817,342,342,17,draft|draft_verify|target|backtracking_verify,335.19649505615234,511.1713409423828,1543.4610843658447,1135,85,2386,34,1135,75,1,2,1
gaokao2023en,bbeam1,step-profile-config1-bbeam1-gaokao2023en-exclusive0817,342,342,18,draft|draft_verify|target|target_rescue_verify,335.27421951293945,1027.799129486084,2040.4407978057861,2430,84,4956,72,2430,92,2,4,2
gaokao2023en,bbeam1,step-profile-config1-bbeam1-gaokao2023en-exclusive0817,342,342,19,draft|draft_verify,155.24959564208984,276.1819362640381,0.0,1273,38,1293,19,0,0,1,1,0
gaokao2023en,bbeam1,step-profile-config1-bbeam1-gaokao2023en-exclusive0817,343,343,1,draft|draft_verify,292.2933101654053,50.34160614013672,0.0,124,78,148,1,0,0,1,1,0
gaokao2023en,bbeam1,step-profile-config1-bbeam1-gaokao2023en-exclusive0817,343,343,2,draft|draft_verify,89.01143074035645,50.02236366271973,0.0,202,24,174,2,0,0,1,1,0
gaokao2023en,bbeam1,step-profile-config1-bbeam1-gaokao2023en-exclusive0817,343,343,3,draft|draft_verify,41.35608673095703,56.25319480895996,0.0,226,11,187,3,0,0,1,1,0
gaokao2023en,bbeam1,step-profile-config1-bbeam1-gaokao2023en-exclusive0817,343,343,4,draft|draft_verify|target|target_rescue_verify,238.42358589172363,146.9402313232422,1726.2423038482666,237,63,523,8,237,82,1,2,1
gaokao2023en,bbeam1,step-profile-config1-bbeam1-gaokao2023en-exclusive0817,343,343,5,draft|draft_verify,25.493383407592773,83.02950859069824,0.0,319,6,279,5,0,0,1,1,0
gaokao2023en,bbeam1,step-profile-config1-bbeam1-gaokao2023en-exclusive0817,343,343,6,draft|draft_verify,205.68466186523438,91.14313125610352,0.0,325,53,334,6,0,0,1,1,0
gaokao2023en,bbeam1,step-profile-config1-bbeam1-gaokao2023en-exclusive0817,343,343,7,draft|draft_verify,40.181875228881836,91.97711944580078,0.0,378,10,346,7,0,0,1,1,0
gaokao2023en,bbeam1,step-profile-config1-bbeam1-gaokao2023en-exclusive0817,343,343,8,draft|draft_verify,131.9732666015625,91.95995330810547,0.0,388,34,382,8,0,0,1,1,0
gaokao2023en,bbeam1,step-profile-config1-bbeam1-gaokao2023en-exclusive0817,343,343,9,draft|draft_verify,35.71796417236328,124.16672706604004,0.0,422,9,393,9,0,0,1,1,0
gaokao2023en,bbeam1,step-profile-config1-bbeam1-gaokao2023en-exclusive0817,343,343,10,draft|draft_verify,122.90716171264648,124.92609024047852,0.0,431,32,427,10,0,0,1,1,0
gaokao2023en,bbeam1,step-profile-config1-bbeam1-gaokao2023en-exclusive0817,343,343,11,draft|draft_verify|target|target_rescue_verify,125.28777122497559,252.80308723449707,561.7749691009521,463,32,915,22,463,25,1,2,1
gaokao2023en,bbeam1,step-profile-config1-bbeam1-gaokao2023en-exclusive0817,343,343,12,draft|draft_verify,86.78126335144043,126.12581253051758,0.0,488,22,478,12,0,0,1,1,0
gaokao2023en,bbeam1,step-profile-config1-bbeam1-gaokao2023en-exclusive0817,343,343,13,draft|draft_verify,24.913311004638672,141.69883728027344,0.0,510,6,486,13,0,0,1,1,0
gaokao2023en,bbeam1,step-profile-config1-bbeam1-gaokao2023en-exclusive0817,343,343,14,draft|draft_verify,157.22060203552246,126.62482261657715,0.0,516,41,529,14,0,0,1,1,0
gaokao2023en,bbeam1,step-profile-config1-bbeam1-gaokao2023en-exclusive0817,343,343,15,draft|draft_verify,54.489850997924805,126.91473960876465,0.0,557,14,545,15,0,0,1,1,0
gaokao2023en,bbeam1,step-profile-config1-bbeam1-gaokao2023en-exclusive0817,343,343,16,draft|draft_verify,66.19691848754883,125.75721740722656,0.0,571,17,564,16,0,0,1,1,0
gaokao2023en,bbeam1,step-profile-config1-bbeam1-gaokao2023en-exclusive0817,343,343,17,draft|draft_verify,136.57855987548828,131.09803199768066,0.0,588,35,601,17,0,0,1,1,0
gaokao2023en,bbeam1,step-profile-config1-bbeam1-gaokao2023en-exclusive0817,343,343,18,draft|draft_verify|target|target_rescue_verify,144.57321166992188,283.98633003234863,872.3907470703125,623,36,1282,36,623,40,1,2,1
gaokao2023en,bbeam1,step-profile-config1-bbeam1-gaokao2023en-exclusive0817,343,343,19,draft|draft_verify,79.43916320800781,151.83043479919434,0.0,663,20,665,19,0,0,1,1,0
gaokao2023en,bbeam1,step-profile-config1-bbeam1-gaokao2023en-exclusive0817,343,343,20,draft|draft_verify,78.14955711364746,151.75318717956543,0.0,683,20,687,20,0,0,1,1,0
gaokao2023en,bbeam1,step-profile-config1-bbeam1-gaokao2023en-exclusive0817,343,343,21,draft|draft_verify|target|target_rescue_verify,315.0064945220947,326.94411277770996,717.8897857666016,703,83,1495,42,703,34,1,2,1
gaokao2023en,bbeam1,step-profile-config1-bbeam1-gaokao2023en-exclusive0817,343,343,22,draft|draft_verify,86.10272407531738,154.18124198913574,0.0,737,22,747,22,0,0,1,1,0
gaokao2023en,bbeam1,step-profile-config1-bbeam1-gaokao2023en-exclusive0817,343,343,23,draft|draft_verify|target|backtracking_verify,90.00682830810547,348.2835292816162,515.9862041473389,759,23,1545,46,759,24,1,2,1
gaokao2023en,bbeam1,step-profile-config1-bbeam1-gaokao2023en-exclusive0817,343,343,24,draft|draft_verify|target|target_rescue_verify,8239.246368408203,936.4862442016602,438.21239471435547,1565,2067,4409,72,782,20,2,3,1
gaokao2023en,bbeam1,step-profile-config1-bbeam1-gaokao2023en-exclusive0817,343,343,25,draft|draft_verify|target|target_rescue_verify,212.07284927368164,387.7990245819092,2562.798023223877,802,55,1773,50,802,126,1,2,1
gaokao2023en,bbeam1,step-profile-config1-bbeam1-gaokao2023en-exclusive0817,344,344,1,draft|draft_verify,349.55406188964844,50.763845443725586,0.0,123,79,148,1,0,0,1,1,0
gaokao2023en,bbeam1,step-profile-config1-bbeam1-gaokao2023en-exclusive0817,344,344,2,draft|draft_verify|target|target_rescue_verify,459.92279052734375,129.84275817871094,935.8506202697754,202,102,445,4,202,43,1,2,1
gaokao2023en,bbeam1,step-profile-config1-bbeam1-gaokao2023en-exclusive0817,344,344,3,draft|draft_verify,292.952299118042,85.94965934753418,0.0,245,75,270,3,0,0,1,1,0
gaokao2023en,bbeam1,step-profile-config1-bbeam1-gaokao2023en-exclusive0817,344,344,4,draft|draft_verify|target|target_rescue_verify,111.8009090423584,167.36555099487305,679.6083450317383,320,29,605,8,320,32,1,2,1
gaokao2023en,bbeam1,step-profile-config1-bbeam1-gaokao2023en-exclusive0817,344,344,5,draft|draft_verify,257.0455074310303,99.52616691589355,0.0,352,68,374,5,0,0,1,1,0
gaokao2023en,bbeam1,step-profile-config1-bbeam1-gaokao2023en-exclusive0817,344,344,6,draft|draft_verify,175.28486251831055,135.67733764648438,0.0,420,46,422,6,0,0,1,1,0
gaokao2023en,bbeam1,step-profile-config1-bbeam1-gaokao2023en-exclusive0817,344,344,7,draft|draft_verify,92.52786636352539,124.63641166687012,0.0,466,24,448,7,0,0,1,1,0
gaokao2023en,bbeam1,step-profile-config1-bbeam1-gaokao2023en-exclusive0817,344,344,8,draft|draft_verify,389.1489505767822,128.04532051086426,0.0,490,100,550,8,0,0,1,1,0
gaokao2023en,bbeam1,step-profile-config1-bbeam1-gaokao2023en-exclusive0817,344,344,9,draft|draft_verify,161.99970245361328,131.87599182128906,0.0,590,42,594,9,0,0,1,1,0
gaokao2023en,bbeam1,step-profile-config1-bbeam1-gaokao2023en-exclusive0817,344,344,10,draft|draft_verify,149.46818351745605,131.38961791992188,0.0,632,39,635,10,0,0,1,1,0
gaokao2023en,bbeam1,step-profile-config1-bbeam1-gaokao2023en-exclusive0817,344,344,11,draft|draft_verify|target|target_rescue_verify,409.63053703308105,312.8974437713623,803.5798072814941,671,105,1414,22,671,35,1,2,1
gaokao2023en,bbeam1,step-profile-config1-bbeam1-gaokao2023en-exclusive0817,344,344,12,draft|draft_verify,23.052215576171875,151.66211128234863,0.0,706,5,679,12,0,0,1,1,0
gaokao2023en,bbeam1,step-profile-config1-bbeam1-gaokao2023en-exclusive0817,344,344,13,draft|draft_verify,63.211917877197266,152.39763259887695,0.0,711,16,697,13,0,0,1,1,0
gaokao2023en,bbeam1,step-profile-config1-bbeam1-gaokao2023en-exclusive0817,344,344,14,draft|draft_verify,127.53605842590332,154.07419204711914,0.0,727,33,732,14,0,0,1,1,0
gaokao2023en,bbeam1,step-profile-config1-bbeam1-gaokao2023en-exclusive0817,344,344,15,draft|draft_verify,103.82699966430664,156.91804885864258,0.0,760,26,760,15,0,0,1,1,0
gaokao2023en,bbeam1,step-profile-config1-bbeam1-gaokao2023en-exclusive0817,344,344,16,draft|draft_verify,65.79995155334473,173.63834381103516,0.0,786,16,778,16,0,0,1,1,0
gaokao2023en,bbeam1,step-profile-config1-bbeam1-gaokao2023en-exclusive0817,344,344,17,draft|draft_verify,52.91938781738281,165.70711135864258,0.0,802,12,792,17,0,0,1,1,0
gaokao2023en,bbeam1,step-profile-config1-bbeam1-gaokao2023en-exclusive0817,345,345,1,draft|draft_verify,470.0150489807129,57.96098709106445,0.0,122,124,192,1,0,0,1,1,0
gaokao2023en,bbeam1,step-profile-config1-bbeam1-gaokao2023en-exclusive0817,345,345,2,draft|draft_verify,111.71674728393555,59.21745300292969,0.0,246,29,223,2,0,0,1,1,0
gaokao2023en,bbeam1,step-profile-config1-bbeam1-gaokao2023en-exclusive0817,345,345,3,draft|draft_verify,212.77928352355957,76.40409469604492,0.0,275,56,281,3,0,0,1,1,0
gaokao2023en,bbeam1,step-profile-config1-bbeam1-gaokao2023en-exclusive0817,345,345,4,draft|draft_verify|target|target_rescue_verify,454.6506404876709,234.57717895507812,1567.051649093628,331,121,760,8,331,73,1,2,1
gaokao2023en,bbeam1,step-profile-config1-bbeam1-gaokao2023en-exclusive0817,345,345,5,draft|draft_verify,139.73498344421387,123.74496459960938,0.0,404,35,393,5,0,0,1,1,0
gaokao2023en,bbeam1,step-profile-config1-bbeam1-gaokao2023en-exclusive0817,345,345,6,draft|draft_verify,139.2204761505127,124.52840805053711,0.0,439,36,431,6,0,0,1,1,0
gaokao2023en,bbeam1,step-profile-config1-bbeam1-gaokao2023en-exclusive0817,345,345,7,draft|draft_verify|target|target_rescue_verify,276.6563892364502,262.6521587371826,422.8203296661377,475,70,955,14,475,19,1,2,1
gaokao2023en,bbeam1,step-profile-config1-bbeam1-gaokao2023en-exclusive0817,345,345,8,draft|draft_verify,251.62935256958008,127.40159034729004,0.0,494,65,519,8,0,0,1,1,0
gaokao2023en,bbeam1,step-profile-config1-bbeam1-gaokao2023en-exclusive0817,345,345,9,draft|draft_verify,99.29013252258301,127.41971015930176,0.0,559,25,546,9,0,0,1,1,0
gaokao2023en,bbeam1,step-profile-config1-bbeam1-gaokao2023en-exclusive0817,345,345,10,draft|draft_verify,246.5980052947998,131.35552406311035,0.0,584,65,613,10,0,0,1,1,0
gaokao2023en,bbeam1,step-profile-config1-bbeam1-gaokao2023en-exclusive0817,345,345,11,draft|draft_verify,224.68996047973633,151.78966522216797,0.0,649,59,674,11,0,0,1,1,0
gaokao2023en,bbeam1,step-profile-config1-bbeam1-gaokao2023en-exclusive0817,345,345,12,draft|draft_verify|target|target_rescue_verify,450.136661529541,329.1008472442627,887.4802589416504,708,118,1510,24,708,40,1,2,1
gaokao2023en,bbeam1,step-profile-config1-bbeam1-gaokao2023en-exclusive0817,345,345,13,draft|draft_verify,44.641971588134766,152.6501178741455,0.0,748,11,729,13,0,0,1,1,0
gaokao2023en,bbeam1,step-profile-config1-bbeam1-gaokao2023en-exclusive0817,345,345,14,draft|draft_verify|target|target_rescue_verify,288.0971431732178,329.2982578277588,672.529935836792,759,76,1570,28,759,32,1,2,1
gaokao2023en,bbeam1,step-profile-config1-bbeam1-gaokao2023en-exclusive0817,345,345,15,draft|draft_verify,33.82229804992676,173.5079288482666,0.0,791,8,773,15,0,0,1,1,0
gaokao2023en,bbeam1,step-profile-config1-bbeam1-gaokao2023en-exclusive0817,345,345,16,draft|draft_verify,138.45062255859375,174.98135566711426,0.0,799,36,811,16,0,0,1,1,0
gaokao2023en,bbeam1,step-profile-config1-bbeam1-gaokao2023en-exclusive0817,345,345,17,draft|draft_verify,22.158384323120117,172.69468307495117,0.0,835,5,818,17,0,0,1,1,0
gaokao2023en,bbeam1,step-profile-config1-bbeam1-gaokao2023en-exclusive0817,345,345,18,draft|draft_verify|target|target_rescue_verify,243.40224266052246,355.3149700164795,859.2791557312012,840,64,1745,36,840,41,1,2,1
gaokao2023en,bbeam1,step-profile-config1-bbeam1-gaokao2023en-exclusive0817,345,345,19,draft|draft_verify,22.685766220092773,176.48077011108398,0.0,881,5,868,19,0,0,1,1,0
gaokao2023en,bbeam1,step-profile-config1-bbeam1-gaokao2023en-exclusive0817,345,345,20,draft|draft_verify|target|target_rescue_verify,151.66640281677246,377.3810863494873,373.5699653625488,886,39,1796,40,886,17,1,2,1
gaokao2023en,bbeam1,step-profile-config1-bbeam1-gaokao2023en-exclusive0817,345,345,21,draft|draft_verify,56.38766288757324,198.90975952148438,0.0,903,14,903,21,0,0,1,1,0
gaokao2023en,bbeam1,step-profile-config1-bbeam1-gaokao2023en-exclusive0817,345,345,22,draft|draft_verify|target|target_rescue_verify,183.14719200134277,401.42130851745605,733.5147857666016,917,48,1893,44,917,35,1,2,1
gaokao2023en,bbeam1,step-profile-config1-bbeam1-gaokao2023en-exclusive0817,345,345,23,draft|draft_verify,23.412227630615234,200.58417320251465,0.0,952,5,947,23,0,0,1,1,0
gaokao2023en,bbeam1,step-profile-config1-bbeam1-gaokao2023en-exclusive0817,345,345,24,draft|draft_verify,91.0184383392334,200.49214363098145,0.0,957,23,972,24,0,0,1,1,0
gaokao2023en,bbeam1,step-profile-config1-bbeam1-gaokao2023en-exclusive0817,345,345,25,draft|draft_verify|target|target_rescue_verify,368.8056468963623,456.27379417419434,1180.3793907165527,980,97,2102,50,980,57,1,2,1
gaokao2023en,bbeam1,step-profile-config1-bbeam1-gaokao2023en-exclusive0817,345,345,26,draft|draft_verify,137.2544765472412,228.53469848632812,0.0,1037,35,1068,26,0,0,1,1,0
gaokao2023en,bbeam1,step-profile-config1-bbeam1-gaokao2023en-exclusive0817,345,345,27,draft|draft_verify,167.02604293823242,229.9337387084961,0.0,1072,43,1113,27,0,0,1,1,0
gaokao2023en,bbeam1,step-profile-config1-bbeam1-gaokao2023en-exclusive0817,345,345,28,draft|draft_verify,68.74275207519531,230.6227684020996,0.0,1115,16,1131,28,0,0,1,1,0
gaokao2023en,bbeam1,step-profile-config1-bbeam1-gaokao2023en-exclusive0817,346,346,1,draft|draft_verify,184.9210262298584,29.668807983398438,0.0,91,50,87,1,0,0,1,1,0
gaokao2023en,bbeam1,step-profile-config1-bbeam1-gaokao2023en-exclusive0817,346,346,2,draft|draft_verify|target|target_rescue_verify,279.06203269958496,81.7861557006836,429.13031578063965,141,77,274,4,141,19,1,2,1
gaokao2023en,bbeam1,step-profile-config1-bbeam1-gaokao2023en-exclusive0817,346,346,3,draft|draft_verify,61.76352500915527,30.03978729248047,0.0,160,16,126,3,0,0,1,1,0
gaokao2023en,bbeam1,step-profile-config1-bbeam1-gaokao2023en-exclusive0817,346,346,4,draft|draft_verify,238.36064338684082,57.54280090332031,0.0,176,63,191,4,0,0,1,1,0
gaokao2023en,bbeam1,step-profile-config1-bbeam1-gaokao2023en-exclusive0817,346,346,5,draft|draft_verify,51.503896713256836,58.76612663269043,0.0,239,13,206,5,0,0,1,1,0
gaokao2023en,bbeam1,step-profile-config1-bbeam1-gaokao2023en-exclusive0817,346,346,6,draft|draft_verify,97.64766693115234,61.161041259765625,0.0,252,24,232,6,0,0,1,1,0
gaokao2023en,bbeam1,step-profile-config1-bbeam1-gaokao2023en-exclusive0817,346,346,7,draft|draft_verify,40.83108901977539,63.54093551635742,0.0,276,10,244,7,0,0,1,1,0
gaokao2023en,bbeam1,step-profile-config1-bbeam1-gaokao2023en-exclusive0817,346,346,8,draft|draft_verify,174.11208152770996,77.73351669311523,0.0,286,43,289,8,0,0,1,1,0
gaokao2023en,bbeam1,step-profile-config1-bbeam1-gaokao2023en-exclusive0817,346,346,9,draft|draft_verify,20.901918411254883,76.7972469329834,0.0,329,5,296,9,0,0,1,1,0
gaokao2023en,bbeam1,step-profile-config1-bbeam1-gaokao2023en-exclusive0817,346,346,10,draft|draft_verify|target|target_rescue_verify,171.64230346679688,184.952974319458,978.8634777069092,334,45,687,20,334,46,1,2,1
gaokao2023en,bbeam1,step-profile-config1-bbeam1-gaokao2023en-exclusive0817,346,346,11,draft|draft_verify,18.24498176574707,92.01955795288086,0.0,380,4,350,11,0,0,1,1,0
gaokao2023en,bbeam1,step-profile-config1-bbeam1-gaokao2023en-exclusive0817,346,346,12,draft|draft_verify|target|target_rescue_verify,149.5647430419922,266.6819095611572,1790.262222290039,384,39,831,24,384,88,1,2,1
gaokao2023en,bbeam1,step-profile-config1-bbeam1-gaokao2023en-exclusive0817,346,346,13,draft|draft_verify,59.0822696685791,126.39856338500977,0.0,472,15,457,13,0,0,1,1,0
gaokao2023en,bbeam1,step-profile-config1-bbeam1-gaokao2023en-exclusive0817,346,346,14,draft|draft_verify,180.9079647064209,136.20710372924805,0.0,487,45,504,14,0,0,1,1,0
gaokao2023en,bbeam1,step-profile-config1-bbeam1-gaokao2023en-exclusive0817,346,346,15,draft|draft_verify,38.14077377319336,126.46842002868652,0.0,532,9,515,15,0,0,1,1,0
gaokao2023en,bbeam1,step-profile-config1-bbeam1-gaokao2023en-exclusive0817,346,346,16,draft|draft_verify,190.06657600402832,127.2573471069336,0.0,541,48,565,16,0,0,1,1,0
gaokao2023en,bbeam1,step-profile-config1-bbeam1-gaokao2023en-exclusive0817,346,346,17,draft|draft_verify,16.670703887939453,127.8829574584961,0.0,589,4,571,17,0,0,1,1,0
gaokao2023en,bbeam1,step-profile-config1-bbeam1-gaokao2023en-exclusive0817,346,346,18,draft|draft_verify,192.44909286499023,132.0488452911377,0.0,593,48,621,18,0,0,1,1,0
gaokao2023en,bbeam1,step-profile-config1-bbeam1-gaokao2023en-exclusive0817,346,346,19,draft|draft_verify,189.4214153289795,152.9695987701416,0.0,641,48,671,19,0,0,1,1,0
gaokao2023en,bbeam1,step-profile-config1-bbeam1-gaokao2023en-exclusive0817,346,346,20,draft|draft_verify,22.30691909790039,152.02784538269043,0.0,689,5,678,20,0,0,1,1,0
gaokao2023en,bbeam1,step-profile-config1-bbeam1-gaokao2023en-exclusive0817,346,346,21,draft|draft_verify,193.38274002075195,161.1640453338623,0.0,694,48,728,21,0,0,1,1,0
gaokao2023en,bbeam1,step-profile-config1-bbeam1-gaokao2023en-exclusive0817,346,346,22,draft|draft_verify,195.9214210510254,174.22914505004883,0.0,742,48,778,22,0,0,1,1,0
gaokao2023en,bbeam1,step-profile-config1-bbeam1-gaokao2023en-exclusive0817,346,346,23,draft|draft_verify,17.1658992767334,165.77649116516113,0.0,790,4,784,23,0,0,1,1,0
gaokao2023en,bbeam1,step-profile-config1-bbeam1-gaokao2023en-exclusive0817,346,346,24,draft|draft_verify,194.93842124938965,177.45327949523926,0.0,794,48,834,24,0,0,1,1,0
gaokao2023en,bbeam1,step-profile-config1-bbeam1-gaokao2023en-exclusive0817,346,346,25,draft|draft_verify,194.4894790649414,178.13897132873535,0.0,842,48,884,25,0,0,1,1,0
gaokao2023en,bbeam1,step-profile-config1-bbeam1-gaokao2023en-exclusive0817,346,346,26,draft|draft_verify,193.99046897888184,200.7143497467041,0.0,890,48,934,26,0,0,1,1,0
gaokao2023en,bbeam1,step-profile-config1-bbeam1-gaokao2023en-exclusive0817,346,346,27,draft|draft_verify,196.0163116455078,211.47847175598145,0.0,938,48,984,27,0,0,1,1,0
gaokao2023en,bbeam1,step-profile-config1-bbeam1-gaokao2023en-exclusive0817,346,346,28,draft|draft_verify,190.934419631958,226.87458992004395,0.0,986,48,1034,28,0,0,1,1,0
gaokao2023en,bbeam1,step-profile-config1-bbeam1-gaokao2023en-exclusive0817,346,346,29,draft|draft_verify,187.2859001159668,229.3534278869629,0.0,1034,48,1084,29,0,0,1,1,0
gaokao2023en,bbeam1,step-profile-config1-bbeam1-gaokao2023en-exclusive0817,346,346,30,draft|draft_verify,190.22703170776367,231.23741149902344,0.0,1082,48,1134,30,0,0,1,1,0
gaokao2023en,bbeam1,step-profile-config1-bbeam1-gaokao2023en-exclusive0817,346,346,31,draft|draft_verify,183.93802642822266,249.62425231933594,0.0,1130,48,1184,31,0,0,1,1,0
gaokao2023en,bbeam1,step-profile-config1-bbeam1-gaokao2023en-exclusive0817,346,346,32,draft|draft_verify,192.86775588989258,257.88044929504395,0.0,1178,48,1234,32,0,0,1,1,0
gaokao2023en,bbeam1,step-profile-config1-bbeam1-gaokao2023en-exclusive0817,346,346,33,draft|draft_verify,193.7272548675537,271.0385322570801,0.0,1226,48,1284,33,0,0,1,1,0
gaokao2023en,bbeam1,step-profile-config1-bbeam1-gaokao2023en-exclusive0817,346,346,34,draft|draft_verify,196.80285453796387,278.078556060791,0.0,1274,48,1334,34,0,0,1,1,0
gaokao2023en,bbeam1,step-profile-config1-bbeam1-gaokao2023en-exclusive0817,346,346,35,draft|draft_verify,195.8770751953125,278.5532474517822,0.0,1322,48,1384,35,0,0,1,1,0
gaokao2023en,bbeam1,step-profile-config1-bbeam1-gaokao2023en-exclusive0817,346,346,36,draft|draft_verify,193.72129440307617,308.66122245788574,0.0,1370,48,1434,36,0,0,1,1,0
gaokao2023en,bbeam1,step-profile-config1-bbeam1-gaokao2023en-exclusive0817,346,346,37,draft|draft_verify,184.95845794677734,313.1077289581299,0.0,1418,48,1484,37,0,0,1,1,0
gaokao2023en,bbeam1,step-profile-config1-bbeam1-gaokao2023en-exclusive0817,346,346,38,draft|draft_verify,188.4465217590332,313.7478828430176,0.0,1466,48,1534,38,0,0,1,1,0
gaokao2023en,bbeam1,step-profile-config1-bbeam1-gaokao2023en-exclusive0817,346,346,39,draft|draft_verify,189.09239768981934,330.86538314819336,0.0,1514,48,1584,39,0,0,1,1,0
gaokao2023en,bbeam1,step-profile-config1-bbeam1-gaokao2023en-exclusive0817,346,346,40,draft|draft_verify,191.89858436584473,333.8580131530762,0.0,1562,48,1634,40,0,0,1,1,0
gaokao2023en,bbeam1,step-profile-config1-bbeam1-gaokao2023en-exclusive0817,346,346,41,draft|draft_verify,196.44594192504883,350.6431579589844,0.0,1610,48,1684,41,0,0,1,1,0
gaokao2023en,bbeam1,step-profile-config1-bbeam1-gaokao2023en-exclusive0817,346,346,42,draft|draft_verify,184.4944953918457,361.6042137145996,0.0,1658,48,1734,42,0,0,1,1,0
gaokao2023en,bbeam1,step-profile-config1-bbeam1-gaokao2023en-exclusive0817,346,346,43,draft|draft_verify,187.53743171691895,376.8126964569092,0.0,1706,48,1784,43,0,0,1,1,0
gaokao2023en,bbeam1,step-profile-config1-bbeam1-gaokao2023en-exclusive0817,346,346,44,draft|draft_verify,186.05375289916992,389.0702724456787,0.0,1754,48,1834,44,0,0,1,1,0
gaokao2023en,bbeam1,step-profile-config1-bbeam1-gaokao2023en-exclusive0817,346,346,45,draft|draft_verify,185.9281063079834,394.99640464782715,0.0,1802,48,1884,45,0,0,1,1,0
gaokao2023en,bbeam1,step-profile-config1-bbeam1-gaokao2023en-exclusive0817,346,346,46,draft|draft_verify,186.52987480163574,403.86462211608887,0.0,1850,48,1934,46,0,0,1,1,0
gaokao2023en,bbeam1,step-profile-config1-bbeam1-gaokao2023en-exclusive0817,346,346,47,draft|draft_verify,190.7343864440918,406.96072578430176,0.0,1898,48,1984,47,0,0,1,1,0
gaokao2023en,bbeam1,step-profile-config1-bbeam1-gaokao2023en-exclusive0817,346,346,48,draft|draft_verify,193.2516098022461,409.49225425720215,0.0,1946,48,2034,48,0,0,1,1,0
gaokao2023en,bbeam1,step-profile-config1-bbeam1-gaokao2023en-exclusive0817,346,346,49,draft|draft_verify,196.5806484222412,437.56985664367676,0.0,1994,48,2084,49,0,0,1,1,0
gaokao2023en,bbeam1,step-profile-config1-bbeam1-gaokao2023en-exclusive0817,346,346,50,draft|draft_verify,195.26076316833496,424.30567741394043,0.0,2042,48,2134,50,0,0,1,1,0
gaokao2023en,bbeam1,step-profile-config1-bbeam1-gaokao2023en-exclusive0817,347,347,1,draft|draft_verify|target|target_rescue_verify,376.0058879852295,148.99682998657227,3085.785150527954,205,100,552,2,205,150,1,2,1
gaokao2023en,bbeam1,step-profile-config1-bbeam1-gaokao2023en-exclusive0817,347,347,2,draft|draft_verify|target|target_rescue_verify,417.71984100341797,276.54194831848145,3412.1389389038086,355,109,884,4,355,169,1,2,1
gaokao2023en,bbeam1,step-profile-config1-bbeam1-gaokao2023en-exclusive0817,347,347,3,draft|draft_verify|target|target_rescue_verify,190.01317024230957,256.7002773284912,1277.4090766906738,524,49,1059,6,524,62,1,2,1
gaokao2023en,bbeam1,step-profile-config1-bbeam1-gaokao2023en-exclusive0817,347,347,4,draft|draft_verify|target|target_rescue_verify,257.83681869506836,296.30446434020996,2679.6810626983643,586,68,1276,8,586,132,1,2,1
gaokao2023en,bbeam1,step-profile-config1-bbeam1-gaokao2023en-exclusive0817,347,347,5,draft|draft_verify|target|target_rescue_verify,652.0345211029053,368.37124824523926,3916.1479473114014,718,164,1701,10,718,193,1,2,1
gaokao2023en,bbeam1,step-profile-config1-bbeam1-gaokao2023en-exclusive0817,347,347,6,draft|draft_verify,93.18280220031738,177.89006233215332,0.0,911,22,889,6,0,0,1,1,0
gaokao2023en,bbeam1,step-profile-config1-bbeam1-gaokao2023en-exclusive0817,348,348,1,draft|draft_verify,648.7579345703125,78.64189147949219,0.0,206,166,318,1,0,0,1,1,0
gaokao2023en,bbeam1,step-profile-config1-bbeam1-gaokao2023en-exclusive0817,348,348,2,draft|draft_verify|target|target_rescue_verify,2390.463352203369,355.7589054107666,4029.017686843872,372,589,1424,4,372,195,1,2,1
gaokao2023en,bbeam1,step-profile-config1-bbeam1-gaokao2023en-exclusive0817,348,348,3,draft|draft_verify|target|target_rescue_verify,1088.365077972412,318.10712814331055,2361.5455627441406,567,269,1419,6,567,116,1,2,1
gaokao2023en,bbeam1,step-profile-config1-bbeam1-gaokao2023en-exclusive0817,348,348,4,draft|draft_verify|target|target_rescue_verify,433.6240291595459,354.2044162750244,3985.5380058288574,683,106,1573,8,683,197,1,2,1
gaokao2023en,bbeam1,step-profile-config1-bbeam1-gaokao2023en-exclusive0817,348,348,5,draft|draft_verify,95.24679183959961,182.6162338256836,0.0,880,22,856,5,0,0,1,1,0
gaokao2023en,bbeam1,step-profile-config1-bbeam1-gaokao2023en-exclusive0817,349,349,1,draft|draft_verify,199.72586631774902,31.164169311523438,0.0,106,54,106,1,0,0,1,1,0
gaokao2023en,bbeam1,step-profile-config1-bbeam1-gaokao2023en-exclusive0817,349,349,2,draft|draft_verify|target|backtracking_verify,775.0062942504883,136.03544235229492,1675.5404472351074,160,196,494,4,160,82,1,2,1
gaokao2023en,bbeam1,step-profile-config1-bbeam1-gaokao2023en-exclusive0817,349,349,3,draft|draft_verify|target|target_rescue_verify,698.5483169555664,368.1793212890625,7410.873174667358,598,173,1341,9,356,364,2,3,1
gaokao2023en,bbeam1,step-profile-config1-bbeam1-gaokao2023en-exclusive0817,349,349,4,draft|draft_verify,121.09541893005371,60.56094169616699,0.0,267,31,250,4,0,0,1,1,0
gaokao2023en,bbeam1,step-profile-config1-bbeam1-gaokao2023en-exclusive0817,349,349,5,draft|draft_verify,193.2060718536377,76.56240463256836,0.0,298,47,299,5,0,0,1,1,0
gaokao2023en,bbeam1,step-profile-config1-bbeam1-gaokao2023en-exclusive0817,349,349,6,draft|draft_verify,53.960561752319336,76.38311386108398,0.0,345,14,315,6,0,0,1,1,0
gaokao2023en,bbeam1,step-profile-config1-bbeam1-gaokao2023en-exclusive0817,349,349,7,draft|draft_verify|target|target_rescue_verify,815.6964778900146,221.67730331420898,1294.5351600646973,359,209,905,14,359,62,1,2,1
gaokao2023en,bbeam1,step-profile-config1-bbeam1-gaokao2023en-exclusive0817,349,349,8,draft|draft_verify,175.75907707214355,123.58927726745605,0.0,421,44,425,8,0,0,1,1,0
gaokao2023en,bbeam1,step-profile-config1-bbeam1-gaokao2023en-exclusive0817,349,349,9,draft|draft_verify,200.93083381652832,125.15544891357422,0.0,465,51,478,9,0,0,1,1,0
gaokao2023en,bbeam1,step-profile-config1-bbeam1-gaokao2023en-exclusive0817,349,349,10,draft|draft_verify,218.32585334777832,127.9761791229248,0.0,516,56,536,10,0,0,1,1,0
gaokao2023en,bbeam1,step-profile-config1-bbeam1-gaokao2023en-exclusive0817,349,349,11,draft|draft_verify,133.5885524749756,127.8684139251709,0.0,572,35,573,11,0,0,1,1,0
gaokao2023en,bbeam1,step-profile-config1-bbeam1-gaokao2023en-exclusive0817,349,349,12,draft|draft_verify,384.2811584472656,152.73284912109375,0.0,607,99,674,12,0,0,1,1,0
gaokao2023en,bbeam1,step-profile-config1-bbeam1-gaokao2023en-exclusive0817,349,349,13,draft|draft_verify,428.84016036987305,173.33388328552246,0.0,706,112,788,13,0,0,1,1,0
gaokao2023en,bbeam1,step-profile-config1-bbeam1-gaokao2023en-exclusive0817,349,349,14,draft|draft_verify,254.180908203125,182.10387229919434,0.0,818,66,856,14,0,0,1,1,0
gaokao2023en,bbeam1,step-profile-config1-bbeam1-gaokao2023en-exclusive0817,349,349,15,draft|draft_verify|target|target_rescue_verify,116.79196357727051,379.0879249572754,1585.735559463501,884,29,1816,30,884,71,1,2,1
gaokao2023en,bbeam1,step-profile-config1-bbeam1-gaokao2023en-exclusive0817,349,349,16,draft|draft_verify,137.92943954467773,201.27129554748535,0.0,955,35,966,16,0,0,1,1,0
gaokao2023en,bbeam1,step-profile-config1-bbeam1-gaokao2023en-exclusive0817,349,349,17,draft|draft_verify,219.2234992980957,211.25388145446777,0.0,990,56,1024,17,0,0,1,1,0
gaokao2023en,bbeam1,step-profile-config1-bbeam1-gaokao2023en-exclusive0817,350,350,1,draft|draft_verify,246.1862564086914,47.10268974304199,0.0,121,67,134,1,0,0,1,1,0
gaokao2023en,bbeam1,step-profile-config1-bbeam1-gaokao2023en-exclusive0817,350,350,2,draft|draft_verify|target|target_rescue_verify,258.79812240600586,127.4118423461914,1676.276683807373,188,71,423,4,188,80,1,2,1
gaokao2023en,bbeam1,step-profile-config1-bbeam1-gaokao2023en-exclusive0817,350,350,3,draft|draft_verify,303.1964302062988,86.05647087097168,0.0,268,79,297,3,0,0,1,1,0
gaokao2023en,bbeam1,step-profile-config1-bbeam1-gaokao2023en-exclusive0817,350,350,4,draft|draft_verify|target|target_rescue_verify,142.4734592437744,205.308198928833,882.7567100524902,347,36,676,8,347,42,1,2,1
gaokao2023en,bbeam1,step-profile-config1-bbeam1-gaokao2023en-exclusive0817,350,350,5,draft|draft_verify,135.725736618042,102.84829139709473,0.0,389,35,378,5,0,0,1,1,0
gaokao2023en,bbeam1,step-profile-config1-bbeam1-gaokao2023en-exclusive0817,350,350,6,draft|draft_verify,242.07496643066406,125.34499168395996,0.0,424,64,444,6,0,0,1,1,0
gaokao2023en,bbeam1,step-profile-config1-bbeam1-gaokao2023en-exclusive0817,350,350,7,draft|draft_verify|target|backtracking_verify,237.96916007995605,302.6120662689209,4107.639789581299,488,62,1157,14,488,203,1,2,1
gaokao2023en,bbeam1,step-profile-config1-bbeam1-gaokao2023en-exclusive0817,350,350,8,draft|draft_verify|target|target_rescue_verify,387.4819278717041,563.5454654693604,2181.3857555389404,1241,99,2525,32,1241,104,2,4,2
gaokao2023en,bbeam1,step-profile-config1-bbeam1-gaokao2023en-exclusive0817,350,350,9,draft|draft_verify|target|target_rescue_verify,441.4477348327637,418.764591217041,971.9500541687012,1345,111,2002,27,613,47,2,3,1
gaokao2023en,bbeam1,step-profile-config1-bbeam1-gaokao2023en-exclusive0817,351,351,1,draft|draft_verify,125.59318542480469,30.892610549926758,0.0,127,34,107,1,0,0,1,1,0
gaokao2023en,bbeam1,step-profile-config1-bbeam1-gaokao2023en-exclusive0817,351,351,2,draft|draft_verify,371.5229034423828,58.91776084899902,0.0,161,99,208,2,0,0,1,1,0
gaokao2023en,bbeam1,step-profile-config1-bbeam1-gaokao2023en-exclusive0817,351,351,3,draft|draft_verify|target|target_rescue_verify,425.9672164916992,180.50909042358398,2923.8767623901367,260,110,672,6,260,142,1,2,1
gaokao2023en,bbeam1,step-profile-config1-bbeam1-gaokao2023en-exclusive0817,351,351,4,draft|draft_verify,182.0361614227295,140.7008171081543,0.0,402,45,398,4,0,0,1,1,0
gaokao2023en,bbeam1,step-profile-config1-bbeam1-gaokao2023en-exclusive0817,351,351,5,draft|draft_verify,321.92254066467285,141.74413681030273,0.0,447,82,482,5,0,0,1,1,0
gaokao2023en,bbeam1,step-profile-config1-bbeam1-gaokao2023en-exclusive0817,351,351,6,draft|draft_verify,967.1506881713867,154.53767776489258,0.0,529,248,732,6,0,0,1,1,0
gaokao2023en,bbeam1,step-profile-config1-bbeam1-gaokao2023en-exclusive0817,351,351,7,draft|draft_verify,163.08999061584473,173.63619804382324,0.0,777,41,775,7,0,0,1,1,0
gaokao2023en,bbeam1,step-profile-config1-bbeam1-gaokao2023en-exclusive0817,351,351,8,draft|draft_verify,308.948278427124,183.4859848022461,0.0,818,79,856,8,0,0,1,1,0
gaokao2023en,bbeam1,step-profile-config1-bbeam1-gaokao2023en-exclusive0817,351,351,9,draft|draft_verify,248.62122535705566,199.9213695526123,0.0,897,63,921,9,0,0,1,1,0
gaokao2023en,bbeam1,step-profile-config1-bbeam1-gaokao2023en-exclusive0817,351,351,10,draft|draft_verify,122.10917472839355,199.42116737365723,0.0,960,30,953,10,0,0,1,1,0
gaokao2023en,bbeam1,step-profile-config1-bbeam1-gaokao2023en-exclusive0817,352,352,1,draft|draft_verify,311.6114139556885,30.750274658203125,0.0,88,78,112,1,0,0,1,1,0
gaokao2023en,bbeam1,step-profile-config1-bbeam1-gaokao2023en-exclusive0817,352,352,2,draft|draft_verify,123.93021583557129,48.97451400756836,0.0,166,34,148,2,0,0,1,1,0
gaokao2023en,bbeam1,step-profile-config1-bbeam1-gaokao2023en-exclusive0817,352,352,3,draft|draft_verify|target|target_rescue_verify,149.10626411437988,106.8878173828125,312.33668327331543,200,41,353,6,200,12,1,2,1
gaokao2023en,bbeam1,step-profile-config1-bbeam1-gaokao2023en-exclusive0817,352,352,4,draft|draft_verify,182.33036994934082,60.146331787109375,0.0,212,49,213,4,0,0,1,1,0
gaokao2023en,bbeam1,step-profile-config1-bbeam1-gaokao2023en-exclusive0817,352,352,5,draft|draft_verify|target|target_rescue_verify,292.65904426574707,174.11231994628906,2035.4104042053223,261,75,605,10,261,100,1,2,1
gaokao2023en,bbeam1,step-profile-config1-bbeam1-gaokao2023en-exclusive0817,352,352,6,draft|draft_verify,319.1080093383789,141.9699192047119,0.0,361,81,398,6,0,0,1,1,0
gaokao2023en,bbeam1,step-profile-config1-bbeam1-gaokao2023en-exclusive0817,352,352,7,draft|draft_verify,62.76130676269531,124.26018714904785,0.0,442,16,416,7,0,0,1,1,0
gaokao2023en,bbeam1,step-profile-config1-bbeam1-gaokao2023en-exclusive0817,352,352,8,draft|draft_verify,104.95662689208984,124.85003471374512,0.0,458,27,445,8,0,0,1,1,0
gaokao2023en,bbeam1,step-profile-config1-bbeam1-gaokao2023en-exclusive0817,352,352,9,draft|draft_verify,174.29828643798828,141.69716835021973,0.0,485,45,492,9,0,0,1,1,0
gaokao2023en,bbeam1,step-profile-config1-bbeam1-gaokao2023en-exclusive0817,352,352,10,draft|draft_verify,103.57117652893066,126.24883651733398,0.0,530,27,521,10,0,0,1,1,0
gaokao2023en,bbeam1,step-profile-config1-bbeam1-gaokao2023en-exclusive0817,352,352,11,draft|draft_verify,161.30495071411133,126.34158134460449,0.0,557,42,565,11,0,0,1,1,0
gaokao2023en,bbeam1,step-profile-config1-bbeam1-gaokao2023en-exclusive0817,352,352,12,draft|draft_verify|target|target_rescue_verify,436.4471435546875,369.9221611022949,7404.2322635650635,599,114,1613,24,599,365,1,2,1
gaokao2023en,bbeam1,step-profile-config1-bbeam1-gaokao2023en-exclusive0817,352,352,13,draft|draft_verify,61.273813247680664,199.3393898010254,0.0,964,14,948,13,0,0,1,1,0
gaokao2023en,bbeam1,step-profile-config1-bbeam1-gaokao2023en-exclusive0817,352,352,14,draft|draft_verify,121.91128730773926,201.38907432556152,0.0,978,31,981,14,0,0,1,1,0
gaokao2023en,bbeam1,step-profile-config1-bbeam1-gaokao2023en-exclusive0817,352,352,15,draft|draft_verify,89.26129341125488,203.17864418029785,0.0,1009,22,1005,15,0,0,1,1,0
gaokao2023en,bbeam1,step-profile-config1-bbeam1-gaokao2023en-exclusive0817,352,352,16,draft|draft_verify,315.4182434082031,221.95839881896973,0.0,1031,81,1088,16,0,0,1,1,0
gaokao2023en,bbeam1,step-profile-config1-bbeam1-gaokao2023en-exclusive0817,352,352,17,draft|draft_verify,136.25216484069824,229.31718826293945,0.0,1112,35,1125,17,0,0,1,1,0
gaokao2023en,bbeam1,step-profile-config1-bbeam1-gaokao2023en-exclusive0817,352,352,18,draft|draft_verify,274.3854522705078,255.4023265838623,0.0,1147,72,1199,18,0,0,1,1,0
gaokao2023en,bbeam1,step-profile-config1-bbeam1-gaokao2023en-exclusive0817,352,352,19,draft|draft_verify,67.30318069458008,256.67452812194824,0.0,1219,17,1218,19,0,0,1,1,0
gaokao2023en,bbeam1,step-profile-config1-bbeam1-gaokao2023en-exclusive0817,352,352,20,draft|draft_verify,51.92685127258301,246.8569278717041,0.0,1236,12,1232,20,0,0,1,1,0
gaokao2023en,bbeam1,step-profile-config1-bbeam1-gaokao2023en-exclusive0817,353,353,1,draft|draft_verify,184.01098251342773,31.674861907958984,0.0,126,50,122,1,0,0,1,1,0
gaokao2023en,bbeam1,step-profile-config1-bbeam1-gaokao2023en-exclusive0817,353,353,2,draft|draft_verify|target|target_rescue_verify,640.282392501831,136.29770278930664,789.7059917449951,176,157,442,4,176,37,1,2,1
gaokao2023en,bbeam1,step-profile-config1-bbeam1-gaokao2023en-exclusive0817,353,353,3,draft|draft_verify|target|target_rescue_verify,275.20298957824707,135.6186866760254,1090.219259262085,213,71,450,6,213,53,1,2,1
gaokao2023en,bbeam1,step-profile-config1-bbeam1-gaokao2023en-exclusive0817,353,353,4,draft|draft_verify,80.2297592163086,67.04044342041016,0.0,266,20,238,4,0,0,1,1,0
gaokao2023en,bbeam1,step-profile-config1-bbeam1-gaokao2023en-exclusive0817,353,353,5,draft|draft_verify,157.4697494506836,85.62445640563965,0.0,286,41,281,5,0,0,1,1,0
gaokao2023en,bbeam1,step-profile-config1-bbeam1-gaokao2023en-exclusive0817,353,353,6,draft|draft_verify|target|target_rescue_verify,288.1276607513428,193.10736656188965,1023.9770412445068,327,76,691,12,327,49,1,2,1
gaokao2023en,bbeam1,step-profile-config1-bbeam1-gaokao2023en-exclusive0817,353,353,7,draft|draft_verify|target|backtracking_verify,128.24273109436035,185.84418296813965,690.8910274505615,376,33,734,14,376,33,1,2,1
gaokao2023en,bbeam1,step-profile-config1-bbeam1-gaokao2023en-exclusive0817,353,353,8,draft|draft_verify|target|target_rescue_verify,315.1819705963135,499.36676025390625,1949.1844177246094,818,81,1650,32,818,94,2,4,2
gaokao2023en,bbeam1,step-profile-config1-bbeam1-gaokao2023en-exclusive0817,353,353,9,draft|draft_verify,145.32113075256348,126.4946460723877,0.0,469,37,467,9,0,0,1,1,0
gaokao2023en,bbeam1,step-profile-config1-bbeam1-gaokao2023en-exclusive0817,353,353,10,draft|draft_verify,109.83490943908691,135.2856159210205,0.0,506,28,497,10,0,0,1,1,0
gaokao2023en,bbeam1,step-profile-config1-bbeam1-gaokao2023en-exclusive0817,353,353,11,draft|draft_verify,28.584003448486328,134.84525680541992,0.0,534,7,506,11,0,0,1,1,0
gaokao2023en,bbeam1,step-profile-config1-bbeam1-gaokao2023en-exclusive0817,353,353,12,draft|draft_verify,51.995038986206055,126.8773078918457,0.0,541,13,520,12,0,0,1,1,0
gaokao2023en,bbeam1,step-profile-config1-bbeam1-gaokao2023en-exclusive0817,353,353,13,draft|draft_verify,139.60933685302734,125.97465515136719,0.0,554,36,558,13,0,0,1,1,0
gaokao2023en,bbeam1,step-profile-config1-bbeam1-gaokao2023en-exclusive0817,353,353,14,draft|draft_verify,97.49293327331543,129.90093231201172,0.0,590,25,585,14,0,0,1,1,0
gaokao2023en,bbeam1,step-profile-config1-bbeam1-gaokao2023en-exclusive0817,353,353,15,draft|draft_verify,55.89604377746582,127.36964225769043,0.0,615,14,600,15,0,0,1,1,0
gaokao2023en,bbeam1,step-profile-config1-bbeam1-gaokao2023en-exclusive0817,353,353,16,draft|draft_verify,180.6635856628418,151.64923667907715,0.0,629,47,649,16,0,0,1,1,0
gaokao2023en,bbeam1,step-profile-config1-bbeam1-gaokao2023en-exclusive0817,353,353,17,draft|draft_verify,111.67001724243164,157.34124183654785,0.0,676,29,680,17,0,0,1,1,0
gaokao2023en,bbeam1,step-profile-config1-bbeam1-gaokao2023en-exclusive0817,353,353,18,draft|draft_verify|target|target_rescue_verify,164.11328315734863,343.11389923095703,2250.3693103790283,705,40,1512,36,705,108,1,2,1
gaokao2023en,bbeam1,step-profile-config1-bbeam1-gaokao2023en-exclusive0817,353,353,19,draft|draft_verify,155.79462051391602,182.3890209197998,0.0,813,40,832,19,0,0,1,1,0
gaokao2023en,bbeam1,step-profile-config1-bbeam1-gaokao2023en-exclusive0817,353,353,20,draft|draft_verify,82.91959762573242,175.22001266479492,0.0,853,21,855,20,0,0,1,1,0
gaokao2023en,bbeam1,step-profile-config1-bbeam1-gaokao2023en-exclusive0817,353,353,21,draft|draft_verify,79.13947105407715,176.17034912109375,0.0,874,19,876,21,0,0,1,1,0
gaokao2023en,bbeam1,step-profile-config1-bbeam1-gaokao2023en-exclusive0817,354,354,1,draft|draft_verify,253.98921966552734,30.48563003540039,0.0,92,69,107,1,0,0,1,1,0
gaokao2023en,bbeam1,step-profile-config1-bbeam1-gaokao2023en-exclusive0817,354,354,2,draft|draft_verify,174.0550994873047,50.3993034362793,0.0,161,44,153,2,0,0,1,1,0
gaokao2023en,bbeam1,step-profile-config1-bbeam1-gaokao2023en-exclusive0817,354,354,3,draft|draft_verify,114.17436599731445,50.836801528930664,0.0,205,29,184,3,0,0,1,1,0
gaokao2023en,bbeam1,step-profile-config1-bbeam1-gaokao2023en-exclusive0817,354,354,4,draft|draft_verify,135.40220260620117,59.844970703125,0.0,234,36,221,4,0,0,1,1,0
gaokao2023en,bbeam1,step-profile-config1-bbeam1-gaokao2023en-exclusive0817,354,354,5,draft|draft_verify|target|target_rescue_verify,352.10633277893066,145.21265029907227,624.7198581695557,270,87,560,10,270,27,1,2,1
gaokao2023en,bbeam1,step-profile-config1-bbeam1-gaokao2023en-exclusive0817,354,354,6,draft|draft_verify,81.70390129089355,80.75666427612305,0.0,297,21,273,6,0,0,1,1,0
gaokao2023en,bbeam1,step-profile-config1-bbeam1-gaokao2023en-exclusive0817,354,354,7,draft|draft_verify|target|target_rescue_verify,8176.743984222412,592.576265335083,436.6898536682129,318,2048,2618,14,318,20,1,2,1
gaokao2023en,bbeam1,step-profile-config1-bbeam1-gaokao2023en-exclusive0817,354,354,8,draft|draft_verify,81.41589164733887,76.41363143920898,0.0,338,20,317,8,0,0,1,1,0
gaokao2023en,bbeam1,step-profile-config1-bbeam1-gaokao2023en-exclusive0817,354,354,9,draft|draft_verify,82.11445808410645,91.49479866027832,0.0,358,21,340,9,0,0,1,1,0
gaokao2023en,bbeam1,step-profile-config1-bbeam1-gaokao2023en-exclusive0817,354,354,10,draft|draft_verify|target|target_rescue_verify,7998.060464859009,606.6982746124268,460.1788520812988,379,2049,2753,20,379,21,1,2,1
gaokao2023en,bbeam1,step-profile-config1-bbeam1-gaokao2023en-exclusive0817,354,354,11,draft|draft_verify,79.43606376647949,123.65221977233887,0.0,400,20,385,11,0,0,1,1,0
gaokao2023en,bbeam1,step-profile-config1-bbeam1-gaokao2023en-exclusive0817,354,354,12,draft|draft_verify,81.76755905151367,124.55248832702637,0.0,420,21,408,12,0,0,1,1,0
gaokao2023en,bbeam1,step-profile-config1-bbeam1-gaokao2023en-exclusive0817,354,354,13,draft|draft_verify,77.66413688659668,124.39942359924316,0.0,441,20,430,13,0,0,1,1,0
gaokao2023en,bbeam1,step-profile-config1-bbeam1-gaokao2023en-exclusive0817,354,354,14,draft|draft_verify,78.60970497131348,125.47779083251953,0.0,461,20,452,14,0,0,1,1,0
gaokao2023en,bbeam1,step-profile-config1-bbeam1-gaokao2023en-exclusive0817,354,354,15,draft|draft_verify,78.89771461486816,125.60272216796875,0.0,481,20,474,15,0,0,1,1,0
gaokao2023en,bbeam1,step-profile-config1-bbeam1-gaokao2023en-exclusive0817,354,354,16,draft|draft_verify,82.01766014099121,135.53094863891602,0.0,501,21,497,16,0,0,1,1,0
gaokao2023en,bbeam1,step-profile-config1-bbeam1-gaokao2023en-exclusive0817,354,354,17,draft|draft_verify,81.5584659576416,125.80633163452148,0.0,522,21,520,17,0,0,1,1,0
gaokao2023en,bbeam1,step-profile-config1-bbeam1-gaokao2023en-exclusive0817,354,354,18,draft|draft_verify,77.63361930847168,126.98841094970703,0.0,543,20,542,18,0,0,1,1,0
gaokao2023en,bbeam1,step-profile-config1-bbeam1-gaokao2023en-exclusive0817,354,354,19,draft|draft_verify,82.61871337890625,126.35111808776855,0.0,563,21,565,19,0,0,1,1,0
gaokao2023en,bbeam1,step-profile-config1-bbeam1-gaokao2023en-exclusive0817,354,354,20,draft|draft_verify,78.01961898803711,130.2776336669922,0.0,584,20,587,20,0,0,1,1,0
gaokao2023en,bbeam1,step-profile-config1-bbeam1-gaokao2023en-exclusive0817,354,354,21,draft|draft_verify,78.7665843963623,131.0420036315918,0.0,604,20,609,21,0,0,1,1,0
gaokao2023en,bbeam1,step-profile-config1-bbeam1-gaokao2023en-exclusive0817,354,354,22,draft|draft_verify,78.22084426879883,131.30688667297363,0.0,624,20,631,22,0,0,1,1,0
gaokao2023en,bbeam1,step-profile-config1-bbeam1-gaokao2023en-exclusive0817,354,354,23,draft|draft_verify,81.54845237731934,151.8247127532959,0.0,644,21,654,23,0,0,1,1,0
gaokao2023en,bbeam1,step-profile-config1-bbeam1-gaokao2023en-exclusive0817,354,354,24,draft|draft_verify,82.93771743774414,152.47750282287598,0.0,665,21,677,24,0,0,1,1,0
gaokao2023en,bbeam1,step-profile-config1-bbeam1-gaokao2023en-exclusive0817,354,354,25,draft|draft_verify,78.96137237548828,152.99677848815918,0.0,686,20,699,25,0,0,1,1,0
gaokao2023en,bbeam1,step-profile-config1-bbeam1-gaokao2023en-exclusive0817,354,354,26,draft|draft_verify,81.78567886352539,154.0360450744629,0.0,706,21,722,26,0,0,1,1,0
gaokao2023en,bbeam1,step-profile-config1-bbeam1-gaokao2023en-exclusive0817,354,354,27,draft|draft_verify,78.90439033508301,159.39640998840332,0.0,727,20,744,27,0,0,1,1,0
gaokao2023en,bbeam1,step-profile-config1-bbeam1-gaokao2023en-exclusive0817,354,354,28,draft|draft_verify,77.85940170288086,154.65903282165527,0.0,747,20,766,28,0,0,1,1,0
gaokao2023en,bbeam1,step-profile-config1-bbeam1-gaokao2023en-exclusive0817,354,354,29,draft|draft_verify,79.52713966369629,174.42893981933594,0.0,767,20,788,29,0,0,1,1,0
gaokao2023en,bbeam1,step-profile-config1-bbeam1-gaokao2023en-exclusive0817,354,354,30,draft|draft_verify,83.67586135864258,173.95448684692383,0.0,787,21,811,30,0,0,1,1,0
gaokao2023en,bbeam1,step-profile-config1-bbeam1-gaokao2023en-exclusive0817,354,354,31,draft|draft_verify,83.37092399597168,175.52733421325684,0.0,808,21,834,31,0,0,1,1,0
gaokao2023en,bbeam1,step-profile-config1-bbeam1-gaokao2023en-exclusive0817,354,354,32,draft|draft_verify,79.12516593933105,182.61075019836426,0.0,829,20,856,32,0,0,1,1,0
gaokao2023en,bbeam1,step-profile-config1-bbeam1-gaokao2023en-exclusive0817,354,354,33,draft|draft_verify,83.77528190612793,177.2143840789795,0.0,849,21,879,33,0,0,1,1,0
gaokao2023en,bbeam1,step-profile-config1-bbeam1-gaokao2023en-exclusive0817,354,354,34,draft|draft_verify,79.99181747436523,199.7530460357666,0.0,870,20,901,34,0,0,1,1,0
gaokao2023en,bbeam1,step-profile-config1-bbeam1-gaokao2023en-exclusive0817,354,354,35,draft|draft_verify,80.37209510803223,198.79746437072754,0.0,890,20,923,35,0,0,1,1,0
gaokao2023en,bbeam1,step-profile-config1-bbeam1-gaokao2023en-exclusive0817,354,354,36,draft|draft_verify,80.27791976928711,200.75106620788574,0.0,910,20,945,36,0,0,1,1,0
gaokao2023en,bbeam1,step-profile-config1-bbeam1-gaokao2023en-exclusive0817,354,354,37,draft|draft_verify,84.73944664001465,209.48147773742676,0.0,930,21,968,37,0,0,1,1,0
gaokao2023en,bbeam1,step-profile-config1-bbeam1-gaokao2023en-exclusive0817,354,354,38,draft|draft_verify,83.63103866577148,201.50113105773926,0.0,951,21,991,38,0,0,1,1,0
gaokao2023en,bbeam1,step-profile-config1-bbeam1-gaokao2023en-exclusive0817,354,354,39,draft|draft_verify,79.64038848876953,203.54795455932617,0.0,972,20,1013,39,0,0,1,1,0
gaokao2023en,bbeam1,step-profile-config1-bbeam1-gaokao2023en-exclusive0817,354,354,40,draft|draft_verify,83.18829536437988,226.22990608215332,0.0,992,21,1036,40,0,0,1,1,0
gaokao2023en,bbeam1,step-profile-config1-bbeam1-gaokao2023en-exclusive0817,354,354,41,draft|draft_verify,80.11889457702637,228.2416820526123,0.0,1013,20,1058,41,0,0,1,1,0
gaokao2023en,bbeam1,step-profile-config1-bbeam1-gaokao2023en-exclusive0817,354,354,42,draft|draft_verify,79.43224906921387,223.30570220947266,0.0,1033,20,1080,42,0,0,1,1,0
gaokao2023en,bbeam1,step-profile-config1-bbeam1-gaokao2023en-exclusive0817,354,354,43,draft|draft_verify,80.09576797485352,230.00168800354004,0.0,1053,20,1102,43,0,0,1,1,0
gaokao2023en,bbeam1,step-profile-config1-bbeam1-gaokao2023en-exclusive0817,354,354,44,draft|draft_verify,83.82558822631836,229.88319396972656,0.0,1073,21,1125,44,0,0,1,1,0
gaokao2023en,bbeam1,step-profile-config1-bbeam1-gaokao2023en-exclusive0817,354,354,45,draft|draft_verify,83.24456214904785,230.51095008850098,0.0,1094,21,1148,45,0,0,1,1,0
gaokao2023en,bbeam1,step-profile-config1-bbeam1-gaokao2023en-exclusive0817,354,354,46,draft|draft_verify,79.4677734375,255.59544563293457,0.0,1115,20,1170,46,0,0,1,1,0
gaokao2023en,bbeam1,step-profile-config1-bbeam1-gaokao2023en-exclusive0817,354,354,47,draft|draft_verify,83.59479904174805,257.2956085205078,0.0,1135,21,1193,47,0,0,1,1,0
gaokao2023en,bbeam1,step-profile-config1-bbeam1-gaokao2023en-exclusive0817,354,354,48,draft|draft_verify,81.23540878295898,256.5615177154541,0.0,1156,20,1215,48,0,0,1,1,0
gaokao2023en,bbeam1,step-profile-config1-bbeam1-gaokao2023en-exclusive0817,354,354,49,draft|draft_verify,79.36954498291016,256.68811798095703,0.0,1176,20,1237,49,0,0,1,1,0
gaokao2023en,bbeam1,step-profile-config1-bbeam1-gaokao2023en-exclusive0817,354,354,50,draft|draft_verify,90.7907485961914,258.8202953338623,0.0,1196,20,1259,50,0,0,1,1,0
gaokao2023en,bbeam1,step-profile-config1-bbeam1-gaokao2023en-exclusive0817,354,354,51,draft|draft_verify,85.02507209777832,272.3672389984131,0.0,1216,21,1282,51,0,0,1,1,0
gaokao2023en,bbeam1,step-profile-config1-bbeam1-gaokao2023en-exclusive0817,354,354,52,draft|draft_verify,86.16900444030762,277.9855728149414,0.0,1237,21,1305,52,0,0,1,1,0
gaokao2023en,bbeam1,step-profile-config1-bbeam1-gaokao2023en-exclusive0817,354,354,53,draft|draft_verify,82.83710479736328,277.80842781066895,0.0,1258,20,1327,53,0,0,1,1,0
gaokao2023en,bbeam1,step-profile-config1-bbeam1-gaokao2023en-exclusive0817,354,354,54,draft|draft_verify,91.31646156311035,279.7203063964844,0.0,1278,21,1350,54,0,0,1,1,0
gaokao2023en,bbeam1,step-profile-config1-bbeam1-gaokao2023en-exclusive0817,354,354,55,draft|draft_verify,93.91331672668457,280.8670997619629,0.0,1299,20,1372,55,0,0,1,1,0
gaokao2023en,bbeam1,step-profile-config1-bbeam1-gaokao2023en-exclusive0817,354,354,56,draft|draft_verify,87.20159530639648,280.46369552612305,0.0,1319,20,1394,56,0,0,1,1,0
gaokao2023en,bbeam1,step-profile-config1-bbeam1-gaokao2023en-exclusive0817,354,354,57,draft|draft_verify,83.30607414245605,290.7257080078125,0.0,1339,20,1416,57,0,0,1,1,0
gaokao2023en,bbeam1,step-profile-config1-bbeam1-gaokao2023en-exclusive0817,354,354,58,draft|draft_verify,93.46866607666016,309.0188503265381,0.0,1359,21,1439,58,0,0,1,1,0
gaokao2023en,bbeam1,step-profile-config1-bbeam1-gaokao2023en-exclusive0817,354,354,59,draft|draft_verify,84.93208885192871,311.88011169433594,0.0,1380,21,1462,59,0,0,1,1,0
gaokao2023en,bbeam1,step-profile-config1-bbeam1-gaokao2023en-exclusive0817,354,354,60,draft|draft_verify,81.02965354919434,313.53282928466797,0.0,1401,20,1484,60,0,0,1,1,0
gaokao2023en,bbeam1,step-profile-config1-bbeam1-gaokao2023en-exclusive0817,354,354,61,draft|draft_verify,87.16392517089844,313.92455101013184,0.0,1421,21,1507,61,0,0,1,1,0
gaokao2023en,bbeam1,step-profile-config1-bbeam1-gaokao2023en-exclusive0817,354,354,62,draft|draft_verify,79.98514175415039,315.87767601013184,0.0,1442,20,1529,62,0,0,1,1,0
gaokao2023en,bbeam1,step-profile-config1-bbeam1-gaokao2023en-exclusive0817,354,354,63,draft|draft_verify,80.34324645996094,331.58063888549805,0.0,1462,20,1551,63,0,0,1,1,0
gaokao2023en,bbeam1,step-profile-config1-bbeam1-gaokao2023en-exclusive0817,354,354,64,draft|draft_verify,80.54947853088379,331.3419818878174,0.0,1482,20,1573,64,0,0,1,1,0
gaokao2023en,bbeam1,step-profile-config1-bbeam1-gaokao2023en-exclusive0817,354,354,65,draft|draft_verify,85.35051345825195,333.5261344909668,0.0,1502,21,1596,65,0,0,1,1,0
gaokao2023en,bbeam1,step-profile-config1-bbeam1-gaokao2023en-exclusive0817,354,354,66,draft|draft_verify,85.01458168029785,334.52510833740234,0.0,1523,21,1619,66,0,0,1,1,0
gaokao2023en,bbeam1,step-profile-config1-bbeam1-gaokao2023en-exclusive0817,354,354,67,draft|draft_verify,82.62801170349121,328.12023162841797,0.0,1544,20,1641,67,0,0,1,1,0
gaokao2023en,bbeam1,step-profile-config1-bbeam1-gaokao2023en-exclusive0817,354,354,68,draft|draft_verify,87.46337890625,328.6006450653076,0.0,1564,21,1664,68,0,0,1,1,0
gaokao2023en,bbeam1,step-profile-config1-bbeam1-gaokao2023en-exclusive0817,354,354,69,draft|draft_verify,81.95090293884277,351.4275550842285,0.0,1585,20,1686,69,0,0,1,1,0
gaokao2023en,bbeam1,step-profile-config1-bbeam1-gaokao2023en-exclusive0817,354,354,70,draft|draft_verify,82.26418495178223,355.34167289733887,0.0,1605,20,1708,70,0,0,1,1,0
gaokao2023en,bbeam1,step-profile-config1-bbeam1-gaokao2023en-exclusive0817,354,354,71,draft|draft_verify,81.29525184631348,361.56630516052246,0.0,1625,20,1730,71,0,0,1,1,0
gaokao2023en,bbeam1,step-profile-config1-bbeam1-gaokao2023en-exclusive0817,354,354,72,draft|draft_verify,84.89799499511719,362.6978397369385,0.0,1645,21,1753,72,0,0,1,1,0
gaokao2023en,bbeam1,step-profile-config1-bbeam1-gaokao2023en-exclusive0817,354,354,73,draft|draft_verify,84.16581153869629,377.4545192718506,0.0,1666,21,1776,73,0,0,1,1,0
gaokao2023en,bbeam1,step-profile-config1-bbeam1-gaokao2023en-exclusive0817,354,354,74,draft|draft_verify,80.13510704040527,390.23375511169434,0.0,1687,20,1798,74,0,0,1,1,0
gaokao2023en,bbeam1,step-profile-config1-bbeam1-gaokao2023en-exclusive0817,354,354,75,draft|draft_verify,85.30616760253906,390.9015655517578,0.0,1707,21,1821,75,0,0,1,1,0
gaokao2023en,bbeam1,step-profile-config1-bbeam1-gaokao2023en-exclusive0817,354,354,76,draft|draft_verify,80.45196533203125,391.04199409484863,0.0,1728,20,1843,76,0,0,1,1,0
gaokao2023en,bbeam1,step-profile-config1-bbeam1-gaokao2023en-exclusive0817,354,354,77,draft|draft_verify,81.05158805847168,393.60857009887695,0.0,1748,20,1865,77,0,0,1,1,0
gaokao2023en,bbeam1,step-profile-config1-bbeam1-gaokao2023en-exclusive0817,354,354,78,draft|draft_verify,80.91425895690918,393.6347961425781,0.0,1768,20,1887,78,0,0,1,1,0
gaokao2023en,bbeam1,step-profile-config1-bbeam1-gaokao2023en-exclusive0817,354,354,79,draft|draft_verify,85.08062362670898,397.94254302978516,0.0,1788,21,1910,79,0,0,1,1,0
gaokao2023en,bbeam1,step-profile-config1-bbeam1-gaokao2023en-exclusive0817,354,354,80,draft|draft_verify,86.80534362792969,405.0266742706299,0.0,1809,21,1933,80,0,0,1,1,0
gaokao2023en,bbeam1,step-profile-config1-bbeam1-gaokao2023en-exclusive0817,354,354,81,draft|draft_verify,83.75048637390137,407.4857234954834,0.0,1830,20,1955,81,0,0,1,1,0
gaokao2023en,bbeam1,step-profile-config1-bbeam1-gaokao2023en-exclusive0817,354,354,82,draft|draft_verify,86.13824844360352,405.7788848876953,0.0,1850,21,1978,82,0,0,1,1,0
gaokao2023en,bbeam1,step-profile-config1-bbeam1-gaokao2023en-exclusive0817,354,354,83,draft|draft_verify,82.72433280944824,408.7357521057129,0.0,1871,20,2000,83,0,0,1,1,0
gaokao2023en,bbeam1,step-profile-config1-bbeam1-gaokao2023en-exclusive0817,354,354,84,draft|draft_verify,81.56609535217285,408.89930725097656,0.0,1891,20,2022,84,0,0,1,1,0
gaokao2023en,bbeam1,step-profile-config1-bbeam1-gaokao2023en-exclusive0817,354,354,85,draft|draft_verify,82.2293758392334,409.29484367370605,0.0,1911,20,2044,85,0,0,1,1,0
gaokao2023en,bbeam1,step-profile-config1-bbeam1-gaokao2023en-exclusive0817,354,354,86,draft|draft_verify,85.15691757202148,437.5441074371338,0.0,1931,21,2067,86,0,0,1,1,0
gaokao2023en,bbeam1,step-profile-config1-bbeam1-gaokao2023en-exclusive0817,354,354,87,draft|draft_verify,85.54530143737793,437.53528594970703,0.0,1952,21,2090,87,0,0,1,1,0
gaokao2023en,bbeam1,step-profile-config1-bbeam1-gaokao2023en-exclusive0817,354,354,88,draft|draft_verify,81.78830146789551,424.4091510772705,0.0,1973,20,2112,88,0,0,1,1,0
gaokao2023en,bbeam1,step-profile-config1-bbeam1-gaokao2023en-exclusive0817,354,354,89,draft|draft_verify,84.99312400817871,423.9351749420166,0.0,1993,21,2135,89,0,0,1,1,0
gaokao2023en,bbeam1,step-profile-config1-bbeam1-gaokao2023en-exclusive0817,354,354,90,draft|draft_verify,81.77351951599121,424.39818382263184,0.0,2014,20,2157,90,0,0,1,1,0
gaokao2023en,bbeam1,step-profile-config1-bbeam1-gaokao2023en-exclusive0817,354,354,91,draft|draft_verify,81.55012130737305,476.99952125549316,0.0,2034,20,2179,91,0,0,1,1,0
gaokao2023en,bbeam1,step-profile-config1-bbeam1-gaokao2023en-exclusive0817,355,355,1,draft|draft_verify|target|backtracking_verify,267.11201667785645,95.52764892578125,1432.3909282684326,115,72,264,2,115,70,1,2,1
gaokao2023en,bbeam1,step-profile-config1-bbeam1-gaokao2023en-exclusive0817,355,355,2,draft|draft_verify|target|target_rescue_verify,650.031566619873,264.8353576660156,3920.581579208374,372,167,893,8,372,190,2,4,2
gaokao2023en,bbeam1,step-profile-config1-bbeam1-gaokao2023en-exclusive0817,355,355,3,draft|draft_verify|target|target_rescue_verify,624.056339263916,267.7793502807617,1571.7573165893555,562,162,944,9,293,77,2,3,1
gaokao2023en,bbeam1,step-profile-config1-bbeam1-gaokao2023en-exclusive0817,355,355,4,draft|draft_verify|target|target_rescue_verify|backtracking_verify,1753.7436485290527,891.5145397186279,41723.26326370239,699,445,3724,16,699,2074,2,4,2
gaokao2023en,bbeam1,step-profile-config1-bbeam1-gaokao2023en-exclusive0817,355,355,5,draft|draft_verify|target|target_rescue_verify|backtracking_verify,476.52721405029297,457.1528434753418,3165.1322841644287,755,121,1600,20,755,153,2,4,2
gaokao2023en,bbeam1,step-profile-config1-bbeam1-gaokao2023en-exclusive0817,355,355,6,draft|draft_verify|target|target_rescue_verify,302.60705947875977,268.1849002838135,1039.5371913909912,402,80,846,12,402,50,1,2,1
gaokao2023en,bbeam1,step-profile-config1-bbeam1-gaokao2023en-exclusive0817,355,355,7,draft|draft_verify|target|target_rescue_verify,256.12378120422363,284.792423248291,1012.761116027832,452,67,936,14,452,49,1,2,1
gaokao2023en,bbeam1,step-profile-config1-bbeam1-gaokao2023en-exclusive0817,355,355,8,draft|draft_verify|target|backtracking_verify,285.71081161499023,257.932186126709,1556.9217205047607,501,75,1073,16,501,76,1,2,1
gaokao2023en,bbeam1,step-profile-config1-bbeam1-gaokao2023en-exclusive0817,355,355,9,draft|draft_verify|target|target_rescue_verify,348.5281467437744,300.16589164733887,2291.018009185791,576,91,1279,18,576,112,1,2,1
gaokao2023en,bbeam1,step-profile-config1-bbeam1-gaokao2023en-exclusive0817,355,355,10,draft|draft_verify|target|target_rescue_verify,326.9374370574951,325.1054286956787,2361.8061542510986,688,85,1505,20,688,116,1,2,1
gaokao2023en,bbeam1,step-profile-config1-bbeam1-gaokao2023en-exclusive0817,355,355,11,draft|draft_verify|target|target_rescue_verify,180.7386875152588,351.69482231140137,614.5989894866943,804,47,1616,22,804,29,1,2,1
gaokao2023en,bbeam1,step-profile-config1-bbeam1-gaokao2023en-exclusive0817,355,355,12,draft|draft_verify,144.6056365966797,176.01490020751953,0.0,833,37,838,12,0,0,1,1,0
gaokao2023en,bbeam1,step-profile-config1-bbeam1-gaokao2023en-exclusive0817,355,355,13,draft|draft_verify,81.57515525817871,178.43246459960938,0.0,870,20,860,13,0,0,1,1,0
gaokao2023en,bbeam1,step-profile-config1-bbeam1-gaokao2023en-exclusive0817,356,356,1,draft|draft_verify|target|target_rescue_verify,345.38865089416504,84.71298217773438,1393.4354782104492,98,95,251,2,98,68,1,2,1
gaokao2023en,bbeam1,step-profile-config1-bbeam1-gaokao2023en-exclusive0817,356,356,2,draft|draft_verify|target|target_rescue_verify,1697.8135108947754,295.9103584289551,7446.29168510437,166,454,1051,4,166,369,1,2,1
gaokao2023en,bbeam1,step-profile-config1-bbeam1-gaokao2023en-exclusive0817,356,356,3,draft|draft_verify|target|target_rescue_verify,1259.6611976623535,344.5162773132324,4736.63330078125,535,314,1517,6,535,233,1,2,1
gaokao2023en,bbeam1,step-profile-config1-bbeam1-gaokao2023en-exclusive0817,357,357,1,draft|draft_verify,94.0408706665039,30.562639236450195,0.0,127,24,98,1,0,0,1,1,0
gaokao2023en,bbeam1,step-profile-config1-bbeam1-gaokao2023en-exclusive0817,357,357,2,draft|draft_verify,78.65357398986816,29.796600341796875,0.0,151,20,120,2,0,0,1,1,0
gaokao2023en,bbeam1,step-profile-config1-bbeam1-gaokao2023en-exclusive0817,357,357,3,draft|draft_verify,78.42397689819336,49.593210220336914,0.0,171,20,142,3,0,0,1,1,0
gaokao2023en,bbeam1,step-profile-config1-bbeam1-gaokao2023en-exclusive0817,357,357,4,draft|draft_verify,244.40765380859375,59.34405326843262,0.0,191,63,207,4,0,0,1,1,0
gaokao2023en,bbeam1,step-profile-config1-bbeam1-gaokao2023en-exclusive0817,357,357,5,draft|draft_verify,20.59793472290039,59.6919059753418,0.0,254,5,214,5,0,0,1,1,0
gaokao2023en,bbeam1,step-profile-config1-bbeam1-gaokao2023en-exclusive0817,357,357,6,draft|draft_verify,146.56543731689453,60.17017364501953,0.0,259,36,252,6,0,0,1,1,0
gaokao2023en,bbeam1,step-profile-config1-bbeam1-gaokao2023en-exclusive0817,357,357,7,draft|draft_verify,88.87362480163574,76.42173767089844,0.0,295,23,277,7,0,0,1,1,0
gaokao2023en,bbeam1,step-profile-config1-bbeam1-gaokao2023en-exclusive0817,357,357,8,draft|draft_verify,46.77104949951172,77.1782398223877,0.0,318,12,291,8,0,0,1,1,0
gaokao2023en,bbeam1,step-profile-config1-bbeam1-gaokao2023en-exclusive0817,357,357,9,draft|draft_verify,239.57109451293945,92.9555892944336,0.0,330,63,356,9,0,0,1,1,0
gaokao2023en,bbeam1,step-profile-config1-bbeam1-gaokao2023en-exclusive0817,357,357,10,draft|draft_verify,135.24913787841797,123.63553047180176,0.0,393,35,393,10,0,0,1,1,0
gaokao2023en,bbeam1,step-profile-config1-bbeam1-gaokao2023en-exclusive0817,357,357,11,draft|draft_verify,47.562599182128906,123.42357635498047,0.0,428,12,407,11,0,0,1,1,0
gaokao2023en,bbeam1,step-profile-config1-bbeam1-gaokao2023en-exclusive0817,357,357,12,draft|draft_verify,221.89974784851074,125.58245658874512,0.0,440,55,464,12,0,0,1,1,0
gaokao2023en,bbeam1,step-profile-config1-bbeam1-gaokao2023en-exclusive0817,357,357,13,draft|draft_verify,115.56434631347656,142.1029567718506,0.0,495,30,496,13,0,0,1,1,0
gaokao2023en,bbeam1,step-profile-config1-bbeam1-gaokao2023en-exclusive0817,357,357,14,draft|draft_verify,36.71669960021973,134.92226600646973,0.0,525,9,507,14,0,0,1,1,0
gaokao2023en,bbeam1,step-profile-config1-bbeam1-gaokao2023en-exclusive0817,357,357,15,draft|draft_verify|target|target_rescue_verify,607.8436374664307,279.341459274292,1385.7457637786865,534,161,1238,30,534,60,1,2,1
gaokao2023en,bbeam1,step-profile-config1-bbeam1-gaokao2023en-exclusive0817,357,357,16,draft|draft_verify,101.37224197387695,129.49252128601074,0.0,594,26,597,16,0,0,1,1,0
gaokao2023en,bbeam1,step-profile-config1-bbeam1-gaokao2023en-exclusive0817,357,357,17,draft|draft_verify,230.90863227844238,149.92904663085938,0.0,620,60,659,17,0,0,1,1,0
gaokao2023en,bbeam1,step-profile-config1-bbeam1-gaokao2023en-exclusive0817,357,357,18,draft|draft_verify,100.79669952392578,152.04834938049316,0.0,680,26,687,18,0,0,1,1,0
gaokao2023en,bbeam1,step-profile-config1-bbeam1-gaokao2023en-exclusive0817,357,357,19,draft|draft_verify,135.7748508453369,152.33659744262695,0.0,706,35,724,19,0,0,1,1,0
gaokao2023en,bbeam1,step-profile-config1-bbeam1-gaokao2023en-exclusive0817,357,357,20,draft|draft_verify,102.14948654174805,155.5345058441162,0.0,741,26,752,20,0,0,1,1,0
gaokao2023en,bbeam1,step-profile-config1-bbeam1-gaokao2023en-exclusive0817,357,357,21,draft|draft_verify,231.3382625579834,174.99542236328125,0.0,767,60,814,21,0,0,1,1,0
gaokao2023en,bbeam1,step-profile-config1-bbeam1-gaokao2023en-exclusive0817,357,357,22,draft|draft_verify|target|backtracking_verify,100.94213485717773,351.0150909423828,593.6815738677979,827,26,1686,44,827,28,1,2,1
gaokao2023en,bbeam1,step-profile-config1-bbeam1-gaokao2023en-exclusive0817,357,357,23,draft|draft_verify|target|target_rescue_verify,237.9739284515381,552.5200366973877,1410.2349281311035,1708,61,2660,69,853,65,2,3,1
gaokao2023en,bbeam1,step-profile-config1-bbeam1-gaokao2023en-exclusive0817,357,357,24,draft|draft_verify|target|target_rescue_verify,25.81000328063965,361.1633777618408,195.1463222503662,882,5,1762,48,882,7,1,2,1
gaokao2023en,bbeam1,step-profile-config1-bbeam1-gaokao2023en-exclusive0817,358,358,1,draft|draft_verify|target|target_rescue_verify,279.1330814361572,61.43808364868164,964.1997814178467,86,74,185,2,86,47,1,2,1
gaokao2023en,bbeam1,step-profile-config1-bbeam1-gaokao2023en-exclusive0817,358,358,2,draft|draft_verify|target|target_rescue_verify,812.6013278961182,144.2575454711914,1971.9288349151611,133,213,472,4,133,97,1,2,1
gaokao2023en,bbeam1,step-profile-config1-bbeam1-gaokao2023en-exclusive0817,358,358,3,draft|draft_verify,244.08769607543945,67.42620468139648,0.0,230,63,243,3,0,0,1,1,0
gaokao2023en,bbeam1,step-profile-config1-bbeam1-gaokao2023en-exclusive0817,358,358,4,draft|draft_verify,207.017183303833,85.8774185180664,0.0,293,53,298,4,0,0,1,1,0
gaokao2023en,bbeam1,step-profile-config1-bbeam1-gaokao2023en-exclusive0817,358,358,5,draft|draft_verify|target|backtracking_verify,302.87861824035645,191.32018089294434,1233.4837913513184,346,78,738,10,346,60,1,2,1
gaokao2023en,bbeam1,step-profile-config1-bbeam1-gaokao2023en-exclusive0817,358,358,6,draft|draft_verify|target|target_rescue_verify,8298.439502716064,866.4336204528809,2695.443630218506,830,2140,3753,24,830,129,2,4,2
gaokao2023en,bbeam1,step-profile-config1-bbeam1-gaokao2023en-exclusive0817,358,358,7,draft|draft_verify|target|target_rescue_verify,919.0108776092529,523.0116844177246,3428.2519817352295,959,241,2159,28,959,168,2,4,2
gaokao2023en,bbeam1,step-profile-config1-bbeam1-gaokao2023en-exclusive0817,358,358,8,draft|draft_verify,301.07784271240234,129.5795440673828,0.0,563,79,602,8,0,0,1,1,0
gaokao2023en,bbeam1,step-profile-config1-bbeam1-gaokao2023en-exclusive0817,358,358,9,draft|draft_verify,290.6334400177002,151.22747421264648,0.0,642,77,681,9,0,0,1,1,0
gaokao2023en,bbeam1,step-profile-config1-bbeam1-gaokao2023en-exclusive0817,358,358,10,draft|draft_verify,81.13741874694824,151.08561515808105,0.0,719,20,703,10,0,0,1,1,0
gaokao2023en,bbeam1,step-profile-config1-bbeam1-gaokao2023en-exclusive0817,359,359,1,draft|draft_verify,165.9538745880127,75.99329948425293,0.0,283,43,272,1,0,0,1,1,0
gaokao2023en,bbeam1,step-profile-config1-bbeam1-gaokao2023en-exclusive0817,359,359,2,draft|draft_verify,805.2091598510742,142.3478126525879,0.0,326,213,487,2,0,0,1,1,0
gaokao2023en,bbeam1,step-profile-config1-bbeam1-gaokao2023en-exclusive0817,359,359,3,draft|draft_verify|target|target_rescue_verify,529.5374393463135,274.1668224334717,3113.5787963867188,539,138,1263,6,539,147,1,2,1
gaokao2023en,bbeam1,step-profile-config1-bbeam1-gaokao2023en-exclusive0817,359,359,4,draft|draft_verify|target|target_rescue_verify,834.8736763000488,340.81077575683594,715.9268856048584,686,218,1528,8,686,34,1,2,1
gaokao2023en,bbeam1,step-profile-config1-bbeam1-gaokao2023en-exclusive0817,359,359,5,draft|draft_verify|target|target_rescue_verify,327.190637588501,343.5783386230469,3104.971408843994,720,85,1586,10,720,153,1,2,1
gaokao2023en,bbeam1,step-profile-config1-bbeam1-gaokao2023en-exclusive0817,359,359,6,draft|draft_verify|target|target_rescue_verify,585.5131149291992,410.7012748718262,3104.1712760925293,873,153,1964,12,873,153,1,2,1
gaokao2023en,bbeam1,step-profile-config1-bbeam1-gaokao2023en-exclusive0817,359,359,7,draft|draft_verify|target|target_rescue_verify,585.7541561126709,473.1481075286865,3111.192464828491,1026,153,2274,14,1026,153,1,2,1
gaokao2023en,bbeam1,step-profile-config1-bbeam1-gaokao2023en-exclusive0817,359,359,8,draft|draft_verify|target|target_rescue_verify,433.7291717529297,531.1405658721924,1989.7315502166748,1179,113,2488,16,1179,97,1,2,1
gaokao2023en,bbeam1,step-profile-config1-bbeam1-gaokao2023en-exclusive0817,359,359,9,draft|draft_verify,652.1742343902588,275.6772041320801,0.0,1276,170,1408,9,0,0,1,1,0
gaokao2023en,bbeam1,step-profile-config1-bbeam1-gaokao2023en-exclusive0817,359,359,10,draft|draft_verify,113.98553848266602,305.2804470062256,0.0,1446,28,1438,10,0,0,1,1,0
gaokao2023en,bbeam1,step-profile-config1-bbeam1-gaokao2023en-exclusive0817,360,360,1,draft|draft_verify,211.5170955657959,30.333757400512695,0.0,111,57,114,1,0,0,1,1,0
gaokao2023en,bbeam1,step-profile-config1-bbeam1-gaokao2023en-exclusive0817,360,360,2,draft|draft_verify,250.17142295837402,51.18727684020996,0.0,168,68,184,2,0,0,1,1,0
gaokao2023en,bbeam1,step-profile-config1-bbeam1-gaokao2023en-exclusive0817,360,360,3,draft|draft_verify,99.10440444946289,59.17787551879883,0.0,236,27,213,3,0,0,1,1,0
gaokao2023en,bbeam1,step-profile-config1-bbeam1-gaokao2023en-exclusive0817,360,360,4,draft|draft_verify,113.66963386535645,59.59725379943848,0.0,263,30,245,4,0,0,1,1,0
gaokao2023en,bbeam1,step-profile-config1-bbeam1-gaokao2023en-exclusive0817,360,360,5,draft|draft_verify,173.87127876281738,75.97970962524414,0.0,293,46,293,5,0,0,1,1,0
gaokao2023en,bbeam1,step-profile-config1-bbeam1-gaokao2023en-exclusive0817,360,360,6,draft|draft_verify,243.04866790771484,91.8726921081543,0.0,339,63,358,6,0,0,1,1,0
gaokao2023en,bbeam1,step-profile-config1-bbeam1-gaokao2023en-exclusive0817,361,361,1,draft|draft_verify,164.6113395690918,29.574871063232422,0.0,104,45,95,1,0,0,1,1,0
gaokao2023en,bbeam1,step-profile-config1-bbeam1-gaokao2023en-exclusive0817,361,361,2,draft|draft_verify,286.79680824279785,50.22621154785156,0.0,149,79,176,2,0,0,1,1,0
gaokao2023en,bbeam1,step-profile-config1-bbeam1-gaokao2023en-exclusive0817,361,361,3,draft|draft_verify,66.98131561279297,58.63690376281738,0.0,228,18,196,3,0,0,1,1,0
gaokao2023en,bbeam1,step-profile-config1-bbeam1-gaokao2023en-exclusive0817,361,361,4,draft|draft_verify,56.64801597595215,59.258222579956055,0.0,246,15,213,4,0,0,1,1,0
gaokao2023en,bbeam1,step-profile-config1-bbeam1-gaokao2023en-exclusive0817,361,361,5,draft|draft_verify,109.80224609375,59.107303619384766,0.0,261,29,244,5,0,0,1,1,0
gaokao2023en,bbeam1,step-profile-config1-bbeam1-gaokao2023en-exclusive0817,361,361,6,draft|draft_verify,96.17400169372559,74.98955726623535,0.0,290,24,270,6,0,0,1,1,0
gaokao2023en,bbeam1,step-profile-config1-bbeam1-gaokao2023en-exclusive0817,362,362,1,draft|draft_verify|target|backtracking_verify,72.24559783935547,97.4125862121582,408.51902961730957,164,19,258,2,164,19,1,2,1
gaokao2023en,bbeam1,step-profile-config1-bbeam1-gaokao2023en-exclusive0817,362,362,2,draft|draft_verify|target|target_rescue_verify,475.6319522857666,240.5991554260254,1704.5416831970215,366,130,730,8,366,80,2,4,2
gaokao2023en,bbeam1,step-profile-config1-bbeam1-gaokao2023en-exclusive0817,362,362,3,draft|draft_verify|target|target_rescue_verify,261.89255714416504,267.1048641204834,982.0036888122559,446,70,802,12,446,46,2,4,2
gaokao2023en,bbeam1,step-profile-config1-bbeam1-gaokao2023en-exclusive0817,362,362,4,draft|draft_verify|target|target_rescue_verify,80.40642738342285,133.62956047058105,768.1853771209717,246,21,449,8,246,37,1,2,1
gaokao2023en,bbeam1,step-profile-config1-bbeam1-gaokao2023en-exclusive0817,362,362,5,draft|draft_verify,120.80550193786621,85.21485328674316,0.0,283,31,265,5,0,0,1,1,0
gaokao2023en,bbeam1,step-profile-config1-bbeam1-gaokao2023en-exclusive0817,362,362,6,draft|draft_verify|target|backtracking_verify,77.16131210327148,161.64445877075195,750.2920627593994,314,20,589,12,314,36,1,2,1
gaokao2023en,bbeam1,step-profile-config1-bbeam1-gaokao2023en-exclusive0817,362,362,7,draft|draft_verify|target|target_rescue_verify,164.05034065246582,186.47456169128418,1358.1674098968506,334,43,684,14,334,66,1,2,1
gaokao2023en,bbeam1,step-profile-config1-bbeam1-gaokao2023en-exclusive0817,362,362,8,draft|draft_verify,131.6695213317871,123.85344505310059,0.0,400,34,388,8,0,0,1,1,0
gaokao2023en,bbeam1,step-profile-config1-bbeam1-gaokao2023en-exclusive0817,362,362,9,draft|draft_verify,129.49752807617188,124.237060546875,0.0,434,31,420,9,0,0,1,1,0
gaokao2023en,bbeam1,step-profile-config1-bbeam1-gaokao2023en-exclusive0817,362,362,10,draft|draft_verify,69.71406936645508,124.91369247436523,0.0,465,16,438,10,0,0,1,1,0
gaokao2023en,bbeam1,step-profile-config1-bbeam1-gaokao2023en-exclusive0817,363,363,1,draft|draft_verify|target|target_rescue_verify,292.7813529968262,107.42855072021484,1522.5155353546143,126,79,297,2,126,74,1,2,1
gaokao2023en,bbeam1,step-profile-config1-bbeam1-gaokao2023en-exclusive0817,363,363,2,draft|draft_verify|target|target_rescue_verify,224.6408462524414,124.053955078125,729.1760444641113,200,61,392,4,200,35,1,2,1
gaokao2023en,bbeam1,step-profile-config1-bbeam1-gaokao2023en-exclusive0817,363,363,3,draft|draft_verify|target|target_rescue_verify,86.08222007751465,124.6802806854248,391.798734664917,235,23,411,6,235,18,1,2,1
gaokao2023en,bbeam1,step-profile-config1-bbeam1-gaokao2023en-exclusive0817,363,363,4,draft|draft_verify,141.68953895568848,60.06598472595215,0.0,253,37,242,4,0,0,1,1,0
gaokao2023en,bbeam1,step-profile-config1-bbeam1-gaokao2023en-exclusive0817,363,363,5,draft|draft_verify,80.93404769897461,77.14009284973145,0.0,290,19,263,5,0,0,1,1,0
gaokao2023en,bbeam1,step-profile-config1-bbeam1-gaokao2023en-exclusive0817,364,364,1,draft|draft_verify,91.55464172363281,29.942989349365234,0.0,128,24,98,1,0,0,1,1,0
gaokao2023en,bbeam1,step-profile-config1-bbeam1-gaokao2023en-exclusive0817,364,364,2,draft|draft_verify,291.5828227996826,50.589561462402344,0.0,152,79,179,2,0,0,1,1,0
gaokao2023en,bbeam1,step-profile-config1-bbeam1-gaokao2023en-exclusive0817,364,364,3,draft|draft_verify,139.32013511657715,59.099435806274414,0.0,231,37,218,3,0,0,1,1,0
gaokao2023en,bbeam1,step-profile-config1-bbeam1-gaokao2023en-exclusive0817,364,364,4,draft|draft_verify,368.59130859375,77.85391807556152,0.0,268,98,318,4,0,0,1,1,0
gaokao2023en,bbeam1,step-profile-config1-bbeam1-gaokao2023en-exclusive0817,364,364,5,draft|draft_verify,99.14779663085938,91.52388572692871,0.0,366,25,345,5,0,0,1,1,0
gaokao2023en,bbeam1,step-profile-config1-bbeam1-gaokao2023en-exclusive0817,365,365,1,draft|draft_verify,128.80754470825195,28.545856475830078,0.0,106,35,87,1,0,0,1,1,0
gaokao2023en,bbeam1,step-profile-config1-bbeam1-gaokao2023en-exclusive0817,365,365,2,draft|draft_verify,230.67641258239746,50.069332122802734,0.0,141,61,150,2,0,0,1,1,0
gaokao2023en,bbeam1,step-profile-config1-bbeam1-gaokao2023en-exclusive0817,365,365,3,draft|draft_verify,235.68367958068848,59.28540229797363,0.0,202,62,214,3,0,0,1,1,0
gaokao2023en,bbeam1,step-profile-config1-bbeam1-gaokao2023en-exclusive0817,365,365,4,draft|draft_verify,265.90609550476074,76.70950889587402,0.0,264,70,286,4,0,0,1,1,0
gaokao2023en,bbeam1,step-profile-config1-bbeam1-gaokao2023en-exclusive0817,365,365,5,draft|draft_verify,154.10923957824707,91.28522872924805,0.0,334,38,326,5,0,0,1,1,0
gaokao2023en,bbeam1,step-profile-config1-bbeam1-gaokao2023en-exclusive0817,366,366,1,draft|draft_verify,139.3747329711914,29.420137405395508,0.0,100,38,84,1,0,0,1,1,0
gaokao2023en,bbeam1,step-profile-config1-bbeam1-gaokao2023en-exclusive0817,366,366,2,draft|draft_verify|target|target_rescue_verify,359.8141670227051,118.16287040710449,2475.149154663086,138,94,387,4,138,121,1,2,1
gaokao2023en,bbeam1,step-profile-config1-bbeam1-gaokao2023en-exclusive0817,366,366,3,draft|draft_verify,174.82233047485352,67.23690032958984,0.0,259,46,255,3,0,0,1,1,0
gaokao2023en,bbeam1,step-profile-config1-bbeam1-gaokao2023en-exclusive0817,366,366,4,draft|draft_verify,356.07194900512695,102.4618148803711,0.0,305,94,351,4,0,0,1,1,0
gaokao2023en,bbeam1,step-profile-config1-bbeam1-gaokao2023en-exclusive0817,366,366,5,draft|draft_verify,75.6533145904541,91.98713302612305,0.0,399,18,371,5,0,0,1,1,0
gaokao2023en,bbeam1,step-profile-config1-bbeam1-gaokao2023en-exclusive0817,367,367,1,draft|draft_verify|target|target_rescue_verify,267.6095962524414,153.64837646484375,849.6737480163574,275,68,549,2,275,39,1,2,1
gaokao2023en,bbeam1,step-profile-config1-bbeam1-gaokao2023en-exclusive0817,367,367,2,draft|draft_verify,384.5334053039551,102.55908966064453,0.0,314,99,360,2,0,0,1,1,0
gaokao2023en,bbeam1,step-profile-config1-bbeam1-gaokao2023en-exclusive0817,367,367,3,draft|draft_verify|target|target_rescue_verify,170.3205108642578,246.63257598876953,803.9405345916748,413,44,804,6,413,38,1,2,1
gaokao2023en,bbeam1,step-profile-config1-bbeam1-gaokao2023en-exclusive0817,367,367,4,draft|draft_verify,198.52137565612793,125.25653839111328,0.0,451,49,450,4,0,0,1,1,0
gaokao2023en,bbeam1,step-profile-config1-bbeam1-gaokao2023en-exclusive0817,367,367,5,draft|draft_verify|target|backtracking_verify,179.34823036193848,270.39551734924316,970.62087059021,500,46,997,10,500,47,1,2,1
gaokao2023en,bbeam1,step-profile-config1-bbeam1-gaokao2023en-exclusive0817,367,367,6,draft|draft_verify|target|target_rescue_verify,568.328857421875,563.753604888916,6472.037076950073,1093,149,2470,24,1093,319,2,4,2
gaokao2023en,bbeam1,step-profile-config1-bbeam1-gaokao2023en-exclusive0817,367,367,7,draft|draft_verify,124.6178150177002,150.3446102142334,0.0,663,32,650,7,0,0,1,1,0
gaokao2023en,bbeam1,step-profile-config1-bbeam1-gaokao2023en-exclusive0817,368,368,1,draft|draft_verify,103.29818725585938,45.94612121582031,0.0,161,28,136,1,0,0,1,1,0
gaokao2023en,bbeam1,step-profile-config1-bbeam1-gaokao2023en-exclusive0817,368,368,2,draft|draft_verify,59.1890811920166,49.09396171569824,0.0,189,16,154,2,0,0,1,1,0
gaokao2023en,bbeam1,step-profile-config1-bbeam1-gaokao2023en-exclusive0817,368,368,3,draft|draft_verify,133.69011878967285,58.526039123535156,0.0,205,37,193,3,0,0,1,1,0
gaokao2023en,bbeam1,step-profile-config1-bbeam1-gaokao2023en-exclusive0817,368,368,4,draft|draft_verify,137.01725006103516,59.12518501281738,0.0,242,37,232,4,0,0,1,1,0
gaokao2023en,bbeam1,step-profile-config1-bbeam1-gaokao2023en-exclusive0817,368,368,5,draft|draft_verify,95.27897834777832,76.7064094543457,0.0,279,25,259,5,0,0,1,1,0
gaokao2023en,bbeam1,step-profile-config1-bbeam1-gaokao2023en-exclusive0817,368,368,6,draft|draft_verify,117.41352081298828,76.22814178466797,0.0,304,31,292,6,0,0,1,1,0
gaokao2023en,bbeam1,step-profile-config1-bbeam1-gaokao2023en-exclusive0817,368,368,7,draft|draft_verify,98.14667701721191,76.36737823486328,0.0,335,26,320,7,0,0,1,1,0
gaokao2023en,bbeam1,step-profile-config1-bbeam1-gaokao2023en-exclusive0817,368,368,8,draft|draft_verify,68.2675838470459,91.25804901123047,0.0,361,18,340,8,0,0,1,1,0
gaokao2023en,bbeam1,step-profile-config1-bbeam1-gaokao2023en-exclusive0817,368,368,9,draft|draft_verify,72.3876953125,91.53127670288086,0.0,379,18,360,9,0,0,1,1,0
gaokao2023en,bbeam1,step-profile-config1-bbeam1-gaokao2023en-exclusive0817,369,369,1,draft|draft_verify,107.37895965576172,29.620885848999023,0.0,97,29,72,1,0,0,1,1,0
gaokao2023en,bbeam1,step-profile-config1-bbeam1-gaokao2023en-exclusive0817,369,369,2,draft|draft_verify,204.6346664428711,45.82667350769043,0.0,126,56,130,2,0,0,1,1,0
gaokao2023en,bbeam1,step-profile-config1-bbeam1-gaokao2023en-exclusive0817,369,369,3,draft|draft_verify,77.71706581115723,49.405813217163086,0.0,182,21,153,3,0,0,1,1,0
gaokao2023en,bbeam1,step-profile-config1-bbeam1-gaokao2023en-exclusive0817,369,369,4,draft|draft_verify,84.26141738891602,49.79848861694336,0.0,203,23,178,4,0,0,1,1,0
gaokao2023en,bbeam1,step-profile-config1-bbeam1-gaokao2023en-exclusive0817,369,369,5,draft|draft_verify,58.901309967041016,58.23683738708496,0.0,226,16,196,5,0,0,1,1,0
gaokao2023en,bbeam1,step-profile-config1-bbeam1-gaokao2023en-exclusive0817,369,369,6,draft|draft_verify,93.08123588562012,59.07845497131348,0.0,242,25,223,6,0,0,1,1,0
gaokao2023en,bbeam1,step-profile-config1-bbeam1-gaokao2023en-exclusive0817,369,369,7,draft|draft_verify,60.58764457702637,59.211015701293945,0.0,267,16,241,7,0,0,1,1,0
gaokao2023en,bbeam1,step-profile-config1-bbeam1-gaokao2023en-exclusive0817,369,369,8,draft|draft_verify|target|target_rescue_verify,230.15546798706055,153.72323989868164,600.4393100738525,283,60,572,16,283,26,1,2,1
gaokao2023en,bbeam1,step-profile-config1-bbeam1-gaokao2023en-exclusive0817,369,369,9,draft|draft_verify,76.08151435852051,76.1566162109375,0.0,309,19,290,9,0,0,1,1,0
gaokao2023en,bbeam1,step-profile-config1-bbeam1-gaokao2023en-exclusive0817,369,369,10,draft|draft_verify,139.8332118988037,91.05920791625977,0.0,328,37,329,10,0,0,1,1,0
gaokao2023en,bbeam1,step-profile-config1-bbeam1-gaokao2023en-exclusive0817,369,369,11,draft|draft_verify,185.53519248962402,92.16046333312988,0.0,365,49,380,11,0,0,1,1,0
gaokao2023en,bbeam1,step-profile-config1-bbeam1-gaokao2023en-exclusive0817,369,369,12,draft|draft_verify,109.00235176086426,123.87728691101074,0.0,414,28,409,12,0,0,1,1,0
gaokao2023en,bbeam1,step-profile-config1-bbeam1-gaokao2023en-exclusive0817,370,370,1,draft|draft_verify,126.1754035949707,21.03137969970703,0.0,71,33,50,1,0,0,1,1,0
gaokao2023en,bbeam1,step-profile-config1-bbeam1-gaokao2023en-exclusive0817,370,370,2,draft|draft_verify|target|target_rescue_verify,265.99979400634766,87.21470832824707,2173.9072799682617,104,72,283,4,104,107,1,2,1
gaokao2023en,bbeam1,step-profile-config1-bbeam1-gaokao2023en-exclusive0817,370,370,3,draft|draft_verify|target|target_rescue_verify,7716.501235961914,557.0921897888184,841.158390045166,211,2048,2410,6,211,40,1,2,1
gaokao2023en,bbeam1,step-profile-config1-bbeam1-gaokao2023en-exclusive0817,370,370,4,draft|draft_verify|target|target_rescue_verify,124.66001510620117,146.4693546295166,1615.804672241211,251,33,518,8,251,79,1,2,1
gaokao2023en,bbeam1,step-profile-config1-bbeam1-gaokao2023en-exclusive0817,370,370,5,draft|draft_verify,89.37263488769531,82.43513107299805,0.0,330,22,306,5,0,0,1,1,0
gaokao2023en,bbeam1,step-profile-config1-bbeam1-gaokao2023en-exclusive0817,371,371,1,draft|draft_verify,316.8814182281494,49.921274185180664,0.0,113,87,146,1,0,0,1,1,0
gaokao2023en,bbeam1,step-profile-config1-bbeam1-gaokao2023en-exclusive0817,371,371,2,draft|draft_verify,164.84832763671875,59.13090705871582,0.0,200,46,194,2,0,0,1,1,0
gaokao2023en,bbeam1,step-profile-config1-bbeam1-gaokao2023en-exclusive0817,371,371,3,draft|draft_verify|target|target_rescue_verify,340.6543731689453,162.30273246765137,2054.4865131378174,246,92,583,6,246,99,1,2,1
gaokao2023en,bbeam1,step-profile-config1-bbeam1-gaokao2023en-exclusive0817,371,371,4,draft|draft_verify|target|target_rescue_verify,193.68791580200195,194.8390007019043,1052.0989894866943,345,51,696,8,345,51,1,2,1
gaokao2023en,bbeam1,step-profile-config1-bbeam1-gaokao2023en-exclusive0817,371,371,5,draft|draft_verify,122.73383140563965,92.62394905090332,0.0,396,31,381,5,0,0,1,1,0
gaokao2023en,bbeam1,step-profile-config1-bbeam1-gaokao2023en-exclusive0817,372,372,1,draft|draft_verify,242.47097969055176,59.42273139953613,0.0,193,66,205,1,0,0,1,1,0
gaokao2023en,bbeam1,step-profile-config1-bbeam1-gaokao2023en-exclusive0817,372,372,2,draft|draft_verify,117.50912666320801,59.418678283691406,0.0,259,31,238,2,0,0,1,1,0
gaokao2023en,bbeam1,step-profile-config1-bbeam1-gaokao2023en-exclusive0817,372,372,3,draft|draft_verify,261.95573806762695,76.9960880279541,0.0,290,70,310,3,0,0,1,1,0
gaokao2023en,bbeam1,step-profile-config1-bbeam1-gaokao2023en-exclusive0817,372,372,4,draft|draft_verify,606.6970825195312,126.37162208557129,0.0,360,162,474,4,0,0,1,1,0
gaokao2023en,bbeam1,step-profile-config1-bbeam1-gaokao2023en-exclusive0817,372,372,5,draft|draft_verify,607.0418357849121,132.4317455291748,0.0,522,160,636,5,0,0,1,1,0
gaokao2023en,bbeam1,step-profile-config1-bbeam1-gaokao2023en-exclusive0817,372,372,6,draft|draft_verify|target|target_rescue_verify,477.1428108215332,343.5828685760498,3306.5598011016846,682,126,1559,12,682,157,1,2,1
gaokao2023en,bbeam1,step-profile-config1-bbeam1-gaokao2023en-exclusive0817,372,372,7,draft|draft_verify,110.4283332824707,180.253267288208,0.0,839,27,824,7,0,0,1,1,0
gaokao2023en,bbeam1,step-profile-config1-bbeam1-gaokao2023en-exclusive0817,373,373,1,draft|draft_verify|target|backtracking_verify,208.36114883422852,103.15465927124023,1190.843105316162,132,57,273,2,132,58,1,2,1
gaokao2023en,bbeam1,step-profile-config1-bbeam1-gaokao2023en-exclusive0817,373,373,2,draft|draft_verify|target|target_rescue_verify,318.7212944030762,183.0270290374756,1245.9917068481445,379,86,560,6,189,59,2,3,1
gaokao2023en,bbeam1,step-profile-config1-bbeam1-gaokao2023en-exclusive0817,373,373,3,draft|draft_verify|target|target_rescue_verify,261.05737686157227,120.08833885192871,1435.5072975158691,199,71,441,6,199,70,1,2,1
gaokao2023en,bbeam1,step-profile-config1-bbeam1-gaokao2023en-exclusive0817,373,373,4,draft|draft_verify|target|target_rescue_verify,225.01444816589355,170.57204246520996,1634.779930114746,269,55,579,8,269,80,1,2,1
gaokao2023en,bbeam1,step-profile-config1-bbeam1-gaokao2023en-exclusive0817,373,373,5,draft|draft_verify,150.82359313964844,102.01644897460938,0.0,349,39,343,5,0,0,1,1,0
gaokao2023en,bbeam1,step-profile-config1-bbeam1-gaokao2023en-exclusive0817,373,373,6,draft|draft_verify,65.75465202331543,98.37865829467773,0.0,388,16,361,6,0,0,1,1,0
gaokao2023en,bbeam1,step-profile-config1-bbeam1-gaokao2023en-exclusive0817,374,374,1,draft|draft_verify,60.907840728759766,30.219316482543945,0.0,157,16,119,1,0,0,1,1,0
gaokao2023en,bbeam1,step-profile-config1-bbeam1-gaokao2023en-exclusive0817,374,374,2,draft|draft_verify,248.1706142425537,56.795358657836914,0.0,173,68,189,2,0,0,1,1,0
gaokao2023en,bbeam1,step-profile-config1-bbeam1-gaokao2023en-exclusive0817,374,374,3,draft|draft_verify|target|target_rescue_verify,475.76260566711426,164.02435302734375,1718.6450958251953,241,126,590,6,241,82,1,2,1
gaokao2023en,bbeam1,step-profile-config1-bbeam1-gaokao2023en-exclusive0817,374,374,4,draft|draft_verify,616.621732711792,142.0457363128662,0.0,323,159,434,4,0,0,1,1,0
gaokao2023en,bbeam1,step-profile-config1-bbeam1-gaokao2023en-exclusive0817,374,374,5,draft|draft_verify,82.5185775756836,124.81331825256348,0.0,482,20,456,5,0,0,1,1,0
gaokao2023en,bbeam1,step-profile-config1-bbeam1-gaokao2023en-exclusive0817,375,375,1,draft|draft_verify,208.97674560546875,76.65872573852539,0.0,273,54,273,1,0,0,1,1,0
gaokao2023en,bbeam1,step-profile-config1-bbeam1-gaokao2023en-exclusive0817,375,375,2,draft|draft_verify,111.7408275604248,76.27558708190918,0.0,327,29,304,2,0,0,1,1,0
gaokao2023en,bbeam1,step-profile-config1-bbeam1-gaokao2023en-exclusive0817,375,375,3,draft|draft_verify,42.731285095214844,77.12554931640625,0.0,356,11,317,3,0,0,1,1,0
gaokao2023en,bbeam1,step-profile-config1-bbeam1-gaokao2023en-exclusive0817,375,375,4,draft|draft_verify,362.990140914917,124.12643432617188,0.0,367,92,411,4,0,0,1,1,0
gaokao2023en,bbeam1,step-profile-config1-bbeam1-gaokao2023en-exclusive0817,375,375,5,draft|draft_verify,62.407732009887695,124.39179420471191,0.0,459,16,429,5,0,0,1,1,0
gaokao2023en,bbeam1,step-profile-config1-bbeam1-gaokao2023en-exclusive0817,375,375,6,draft|draft_verify,662.790060043335,130.83934783935547,0.0,475,168,599,6,0,0,1,1,0
gaokao2023en,bbeam1,step-profile-config1-bbeam1-gaokao2023en-exclusive0817,375,375,7,draft|draft_verify,48.072099685668945,129.3966770172119,0.0,643,12,613,7,0,0,1,1,0
gaokao2023en,bbeam1,step-profile-config1-bbeam1-gaokao2023en-exclusive0817,375,375,8,draft|draft_verify,166.98312759399414,150.6500244140625,0.0,655,43,658,8,0,0,1,1,0
gaokao2023en,bbeam1,step-profile-config1-bbeam1-gaokao2023en-exclusive0817,375,375,9,draft|draft_verify,66.1313533782959,151.51596069335938,0.0,698,16,676,9,0,0,1,1,0
gaokao2023en,bbeam1,step-profile-config1-bbeam1-gaokao2023en-exclusive0817,375,375,10,draft|draft_verify,63.3397102355957,151.60226821899414,0.0,714,16,694,10,0,0,1,1,0
gaokao2023en,bbeam1,step-profile-config1-bbeam1-gaokao2023en-exclusive0817,375,375,11,draft|draft_verify,74.19943809509277,153.57065200805664,0.0,730,19,715,11,0,0,1,1,0
gaokao2023en,bbeam1,step-profile-config1-bbeam1-gaokao2023en-exclusive0817,375,375,12,draft|draft_verify|target|target_rescue_verify,154.33168411254883,314.93496894836426,563.3077621459961,749,38,1491,24,749,19,1,2,1
gaokao2023en,bbeam1,step-profile-config1-bbeam1-gaokao2023en-exclusive0817,375,375,13,draft|draft_verify|target|target_rescue_verify,76.09677314758301,308.0317974090576,334.38825607299805,768,19,1510,26,768,15,1,2,1
gaokao2023en,bbeam1,step-profile-config1-bbeam1-gaokao2023en-exclusive0817,375,375,14,draft|draft_verify,144.9413299560547,173.67029190063477,0.0,783,36,791,14,0,0,1,1,0
gaokao2023en,bbeam1,step-profile-config1-bbeam1-gaokao2023en-exclusive0817,376,376,1,draft|draft_verify|target|target_rescue_verify,178.5295009613037,101.1049747467041,816.5690898895264,182,47,341,2,182,38,1,2,1
gaokao2023en,bbeam1,step-profile-config1-bbeam1-gaokao2023en-exclusive0817,376,376,2,draft|draft_verify|target|target_rescue_verify,252.97045707702637,128.0081272125244,1055.8452606201172,220,67,452,4,220,51,1,2,1
gaokao2023en,bbeam1,step-profile-config1-bbeam1-gaokao2023en-exclusive0817,376,376,3,draft|draft_verify,176.95140838623047,86.51113510131836,0.0,271,45,265,3,0,0,1,1,0
gaokao2023en,bbeam1,step-profile-config1-bbeam1-gaokao2023en-exclusive0817,376,376,4,draft|draft_verify,493.9265251159668,141.6950225830078,0.0,316,129,396,4,0,0,1,1,0
gaokao2023en,bbeam1,step-profile-config1-bbeam1-gaokao2023en-exclusive0817,376,376,5,draft|draft_verify,222.26929664611816,138.40699195861816,0.0,445,56,453,5,0,0,1,1,0
gaokao2023en,bbeam1,step-profile-config1-bbeam1-gaokao2023en-exclusive0817,376,376,6,draft|draft_verify,124.49431419372559,141.03174209594727,0.0,501,32,487,6,0,0,1,1,0
gaokao2023en,bbeam1,step-profile-config1-bbeam1-gaokao2023en-exclusive0817,376,376,7,draft|draft_verify|target|target_rescue_verify,676.790714263916,314.1341209411621,4164.242744445801,533,174,1355,14,533,203,1,2,1
gaokao2023en,bbeam1,step-profile-config1-bbeam1-gaokao2023en-exclusive0817,376,376,8,draft|draft_verify,178.75337600708008,152.83727645874023,0.0,736,46,740,8,0,0,1,1,0
gaokao2023en,bbeam1,step-profile-config1-bbeam1-gaokao2023en-exclusive0817,376,376,9,draft|draft_verify,100.87895393371582,154.17718887329102,0.0,782,25,767,9,0,0,1,1,0
gaokao2023en,bbeam1,step-profile-config1-bbeam1-gaokao2023en-exclusive0817,377,377,1,draft|draft_verify,68.2530403137207,28.586387634277344,0.0,118,18,82,1,0,0,1,1,0
gaokao2023en,bbeam1,step-profile-config1-bbeam1-gaokao2023en-exclusive0817,377,377,2,draft|draft_verify|target|target_rescue_verify,263.9029026031494,118.06774139404297,2222.3060131073,136,68,345,4,136,109,1,2,1
gaokao2023en,bbeam1,step-profile-config1-bbeam1-gaokao2023en-exclusive0817,377,377,3,draft|draft_verify,278.1252861022949,85.28399467468262,0.0,245,72,267,3,0,0,1,1,0
gaokao2023en,bbeam1,step-profile-config1-bbeam1-gaokao2023en-exclusive0817,377,377,4,draft|draft_verify,418.1044101715088,99.21407699584961,0.0,317,104,373,4,0,0,1,1,0
gaokao2023en,bbeam1,step-profile-config1-bbeam1-gaokao2023en-exclusive0817,377,377,5,draft|draft_verify,85.98709106445312,127.90989875793457,0.0,421,21,396,5,0,0,1,1,0
gaokao2023en,bbeam1,step-profile-config1-bbeam1-gaokao2023en-exclusive0817,378,378,1,draft|draft_verify,266.9868469238281,56.860923767089844,0.0,170,69,185,1,0,0,1,1,0
gaokao2023en,bbeam1,step-profile-config1-bbeam1-gaokao2023en-exclusive0817,378,378,2,draft|draft_verify,109.7099781036377,59.68499183654785,0.0,239,29,215,2,0,0,1,1,0
gaokao2023en,bbeam1,step-profile-config1-bbeam1-gaokao2023en-exclusive0817,378,378,3,draft|draft_verify,183.75158309936523,76.01642608642578,0.0,268,48,265,3,0,0,1,1,0
gaokao2023en,bbeam1,step-profile-config1-bbeam1-gaokao2023en-exclusive0817,378,378,4,draft|draft_verify,175.43530464172363,77.38137245178223,0.0,316,46,313,4,0,0,1,1,0
gaokao2023en,bbeam1,step-profile-config1-bbeam1-gaokao2023en-exclusive0817,378,378,5,draft|draft_verify,167.04106330871582,91.32528305053711,0.0,362,42,357,5,0,0,1,1,0
gaokao2023en,bbeam1,step-profile-config1-bbeam1-gaokao2023en-exclusive0817,379,379,1,draft|draft_verify,149.5656967163086,58.37750434875488,0.0,213,40,199,1,0,0,1,1,0
gaokao2023en,bbeam1,step-profile-config1-bbeam1-gaokao2023en-exclusive0817,379,379,2,draft|draft_verify,239.60041999816895,76.31111145019531,0.0,253,62,262,2,0,0,1,1,0
gaokao2023en,bbeam1,step-profile-config1-bbeam1-gaokao2023en-exclusive0817,379,379,3,draft|draft_verify,247.29585647583008,91.04537963867188,0.0,315,63,326,3,0,0,1,1,0
gaokao2023en,bbeam1,step-profile-config1-bbeam1-gaokao2023en-exclusive0817,379,379,4,draft|draft_verify|target|target_rescue_verify,260.38312911987305,266.2234306335449,1578.049898147583,378,67,794,8,378,73,1,2,1
gaokao2023en,bbeam1,step-profile-config1-bbeam1-gaokao2023en-exclusive0817,379,379,5,draft|draft_verify,239.46666717529297,125.81801414489746,0.0,451,62,463,5,0,0,1,1,0
gaokao2023en,bbeam1,step-profile-config1-bbeam1-gaokao2023en-exclusive0817,379,379,6,draft|draft_verify,242.03062057495117,127.2132396697998,0.0,513,63,527,6,0,0,1,1,0
gaokao2023en,bbeam1,step-profile-config1-bbeam1-gaokao2023en-exclusive0817,379,379,7,draft|draft_verify,262.91775703430176,130.37538528442383,0.0,576,68,596,7,0,0,1,1,0
gaokao2023en,bbeam1,step-profile-config1-bbeam1-gaokao2023en-exclusive0817,379,379,8,draft|draft_verify,187.87693977355957,153.13029289245605,0.0,644,49,646,8,0,0,1,1,0
gaokao2023en,bbeam1,step-profile-config1-bbeam1-gaokao2023en-exclusive0817,379,379,9,draft|draft_verify,188.78698348999023,157.958984375,0.0,693,49,696,9,0,0,1,1,0
gaokao2023en,bbeam1,step-profile-config1-bbeam1-gaokao2023en-exclusive0817,379,379,10,draft|draft_verify,145.3249454498291,153.7930965423584,0.0,742,38,735,10,0,0,1,1,0
gaokao2023en,bbeam1,step-profile-config1-bbeam1-gaokao2023en-exclusive0817,379,379,11,draft|draft_verify,85.68620681762695,154.29258346557617,0.0,780,21,758,11,0,0,1,1,0
gaokao2023en,bbeam1,step-profile-config1-bbeam1-gaokao2023en-exclusive0817,380,380,1,draft|draft_verify,94.92659568786621,29.628992080688477,0.0,129,25,100,1,0,0,1,1,0
gaokao2023en,bbeam1,step-profile-config1-bbeam1-gaokao2023en-exclusive0817,380,380,2,draft|draft_verify,307.3713779449463,56.84256553649902,0.0,154,84,186,2,0,0,1,1,0
gaokao2023en,bbeam1,step-profile-config1-bbeam1-gaokao2023en-exclusive0817,380,380,3,draft|draft_verify|target|target_rescue_verify,771.5039253234863,207.61799812316895,1784.4793796539307,238,204,665,6,238,85,1,2,1
gaokao2023en,bbeam1,step-profile-config1-bbeam1-gaokao2023en-exclusive0817,380,380,4,draft|draft_verify|target|target_rescue_verify,588.6621475219727,284.6498489379883,3443.225860595703,323,157,877,8,323,170,1,2,1
gaokao2023en,bbeam1,step-profile-config1-bbeam1-gaokao2023en-exclusive0817,380,380,5,draft|draft_verify,354.58993911743164,127.56466865539551,0.0,493,90,537,5,0,0,1,1,0
gaokao2023en,bbeam1,step-profile-config1-bbeam1-gaokao2023en-exclusive0817,380,380,6,draft|draft_verify,119.09365653991699,127.03227996826172,0.0,583,30,569,6,0,0,1,1,0
gaokao2023en,bbeam1,step-profile-config1-bbeam1-gaokao2023en-exclusive0817,381,381,1,draft|draft_verify,110.45145988464355,21.213769912719727,0.0,82,30,58,1,0,0,1,1,0
gaokao2023en,bbeam1,step-profile-config1-bbeam1-gaokao2023en-exclusive0817,381,381,2,draft|draft_verify,102.82516479492188,27.83989906311035,0.0,112,28,88,2,0,0,1,1,0
gaokao2023en,bbeam1,step-profile-config1-bbeam1-gaokao2023en-exclusive0817,381,381,3,draft|draft_verify,139.1286849975586,29.65402603149414,0.0,140,38,128,3,0,0,1,1,0
gaokao2023en,bbeam1,step-profile-config1-bbeam1-gaokao2023en-exclusive0817,381,381,4,draft|draft_verify,358.84809494018555,59.5850944519043,0.0,178,97,227,4,0,0,1,1,0
gaokao2023en,bbeam1,step-profile-config1-bbeam1-gaokao2023en-exclusive0817,381,381,5,draft|draft_verify,238.96503448486328,76.44534111022949,0.0,275,63,292,5,0,0,1,1,0
gaokao2023en,bbeam1,step-profile-config1-bbeam1-gaokao2023en-exclusive0817,381,381,6,draft|draft_verify,192.54684448242188,91.37248992919922,0.0,338,51,345,6,0,0,1,1,0
gaokao2023en,bbeam1,step-profile-config1-bbeam1-gaokao2023en-exclusive0817,381,381,7,draft|draft_verify,373.77381324768066,141.8461799621582,0.0,389,99,446,7,0,0,1,1,0
gaokao2023en,bbeam1,step-profile-config1-bbeam1-gaokao2023en-exclusive0817,381,381,8,draft|draft_verify,131.14690780639648,126.68943405151367,0.0,488,32,480,8,0,0,1,1,0
gaokao2023en,bbeam1,step-profile-config1-bbeam1-gaokao2023en-exclusive0817,382,382,1,draft|draft_verify,297.5311279296875,60.17661094665527,0.0,202,80,228,1,0,0,1,1,0
gaokao2023en,bbeam1,step-profile-config1-bbeam1-gaokao2023en-exclusive0817,382,382,2,draft|draft_verify|target|target_rescue_verify,91.21370315551758,135.69045066833496,885.0069046020508,282,24,524,4,282,40,1,2,1
gaokao2023en,bbeam1,step-profile-config1-bbeam1-gaokao2023en-exclusive0817,382,382,3,draft|draft_verify|target|target_rescue_verify,202.0552158355713,173.96879196166992,573.073148727417,322,53,624,6,322,27,1,2,1
gaokao2023en,bbeam1,step-profile-config1-bbeam1-gaokao2023en-exclusive0817,382,382,4,draft|draft_verify,226.31001472473145,93.03712844848633,0.0,349,59,360,4,0,0,1,1,0
gaokao2023en,bbeam1,step-profile-config1-bbeam1-gaokao2023en-exclusive0817,382,382,5,draft|draft_verify|target|target_rescue_verify,228.01494598388672,249.17197227478027,1344.2747592926025,408,60,849,10,408,65,1,2,1
gaokao2023en,bbeam1,step-profile-config1-bbeam1-gaokao2023en-exclusive0817,382,382,6,draft|draft_verify,248.08740615844727,141.66665077209473,0.0,473,65,494,6,0,0,1,1,0
gaokao2023en,bbeam1,step-profile-config1-bbeam1-gaokao2023en-exclusive0817,382,382,7,draft|draft_verify|target|target_rescue_verify,248.2469081878662,254.1186809539795,1264.5299434661865,538,65,1118,14,538,61,1,2,1
gaokao2023en,bbeam1,step-profile-config1-bbeam1-gaokao2023en-exclusive0817,382,382,8,draft|draft_verify,235.37182807922363,130.33223152160645,0.0,599,62,621,8,0,0,1,1,0
gaokao2023en,bbeam1,step-profile-config1-bbeam1-gaokao2023en-exclusive0817,382,382,9,draft|draft_verify,138.49639892578125,150.9096622467041,0.0,661,36,659,9,0,0,1,1,0
gaokao2023en,bbeam1,step-profile-config1-bbeam1-gaokao2023en-exclusive0817,382,382,10,draft|draft_verify,54.267168045043945,151.0779857635498,0.0,697,13,674,10,0,0,1,1,0
gaokao2023en,bbeam1,step-profile-config1-bbeam1-gaokao2023en-exclusive0817,383,383,1,draft|draft_verify,134.4621181488037,60.04500389099121,0.0,228,36,211,1,0,0,1,1,0
gaokao2023en,bbeam1,step-profile-config1-bbeam1-gaokao2023en-exclusive0817,383,383,2,draft|draft_verify,64.72635269165039,59.369802474975586,0.0,264,17,230,2,0,0,1,1,0
gaokao2023en,bbeam1,step-profile-config1-bbeam1-gaokao2023en-exclusive0817,383,383,3,draft|draft_verify,68.55893135070801,59.95583534240723,0.0,281,18,250,3,0,0,1,1,0
gaokao2023en,bbeam1,step-profile-config1-bbeam1-gaokao2023en-exclusive0817,383,383,4,draft|draft_verify,56.95533752441406,75.79541206359863,0.0,299,15,267,4,0,0,1,1,0
gaokao2023en,bbeam1,step-profile-config1-bbeam1-gaokao2023en-exclusive0817,383,383,5,draft|draft_verify,57.24930763244629,75.91629028320312,0.0,314,15,284,5,0,0,1,1,0
gaokao2023en,bbeam1,step-profile-config1-bbeam1-gaokao2023en-exclusive0817,383,383,6,draft|draft_verify,42.510032653808594,76.47562026977539,0.0,329,11,297,6,0,0,1,1,0
gaokao2023en,bbeam1,step-profile-config1-bbeam1-gaokao2023en-exclusive0817,383,383,7,draft|draft_verify,35.2320671081543,76.8578052520752,0.0,340,9,308,7,0,0,1,1,0
gaokao2023en,bbeam1,step-profile-config1-bbeam1-gaokao2023en-exclusive0817,383,383,8,draft|draft_verify,76.68662071228027,91.05658531188965,0.0,349,20,330,8,0,0,1,1,0
gaokao2023en,bbeam1,step-profile-config1-bbeam1-gaokao2023en-exclusive0817,383,383,9,draft|draft_verify,70.66011428833008,91.77708625793457,0.0,369,18,350,9,0,0,1,1,0
gaokao2023en,bbeam1,step-profile-config1-bbeam1-gaokao2023en-exclusive0817,383,383,10,draft|draft_verify,56.12993240356445,92.17023849487305,0.0,387,14,366,10,0,0,1,1,0
gaokao2023en,bbeam1,step-profile-config1-bbeam1-gaokao2023en-exclusive0817,383,383,11,draft|draft_verify,69.25797462463379,123.25859069824219,0.0,401,18,386,11,0,0,1,1,0
gaokao2023en,bbeam1,step-profile-config1-bbeam1-gaokao2023en-exclusive0817,383,383,12,draft|draft_verify,47.65796661376953,123.28743934631348,0.0,419,12,400,12,0,0,1,1,0
gaokao2023en,bbeam1,step-profile-config1-bbeam1-gaokao2023en-exclusive0817,383,383,13,draft|draft_verify,35.071372985839844,124.21202659606934,0.0,431,9,411,13,0,0,1,1,0
gaokao2023en,bbeam1,step-profile-config1-bbeam1-gaokao2023en-exclusive0817,383,383,14,draft|draft_verify,58.007240295410156,124.32384490966797,0.0,440,15,428,14,0,0,1,1,0
gaokao2023en,bbeam1,step-profile-config1-bbeam1-gaokao2023en-exclusive0817,383,383,15,draft|draft_verify,58.09521675109863,124.33147430419922,0.0,455,15,445,15,0,0,1,1,0
gaokao2023en,bbeam1,step-profile-config1-bbeam1-gaokao2023en-exclusive0817,383,383,16,draft|draft_verify,42.06418991088867,125.31304359436035,0.0,470,11,458,16,0,0,1,1,0
gaokao2023en,bbeam1,step-profile-config1-bbeam1-gaokao2023en-exclusive0817,383,383,17,draft|draft_verify,35.469770431518555,125.41389465332031,0.0,481,9,469,17,0,0,1,1,0
gaokao2023en,bbeam1,step-profile-config1-bbeam1-gaokao2023en-exclusive0817,383,383,18,draft|draft_verify,83.75144004821777,142.59004592895508,0.0,490,22,492,18,0,0,1,1,0
gaokao2023en,bbeam1,step-profile-config1-bbeam1-gaokao2023en-exclusive0817,383,383,19,draft|draft_verify,46.529293060302734,136.2149715423584,0.0,512,12,506,19,0,0,1,1,0
gaokao2023en,bbeam1,step-profile-config1-bbeam1-gaokao2023en-exclusive0817,383,383,20,draft|draft_verify,82.5960636138916,126.91688537597656,0.0,524,21,529,20,0,0,1,1,0
gaokao2023en,bbeam1,step-profile-config1-bbeam1-gaokao2023en-exclusive0817,383,383,21,draft|draft_verify,32.82666206359863,127.85506248474121,0.0,545,8,539,21,0,0,1,1,0
gaokao2023en,bbeam1,step-profile-config1-bbeam1-gaokao2023en-exclusive0817,383,383,22,draft|draft_verify,39.17717933654785,127.44569778442383,0.0,553,10,551,22,0,0,1,1,0
gaokao2023en,bbeam1,step-profile-config1-bbeam1-gaokao2023en-exclusive0817,383,383,23,draft|draft_verify,27.899503707885742,127.76565551757812,0.0,563,7,560,23,0,0,1,1,0
gaokao2023en,bbeam1,step-profile-config1-bbeam1-gaokao2023en-exclusive0817,383,383,24,draft|draft_verify,35.248756408691406,127.14076042175293,0.0,570,9,571,24,0,0,1,1,0
gaokao2023en,bbeam1,step-profile-config1-bbeam1-gaokao2023en-exclusive0817,383,383,25,draft|draft_verify,61.636924743652344,130.17010688781738,0.0,579,16,589,25,0,0,1,1,0
gaokao2023en,bbeam1,step-profile-config1-bbeam1-gaokao2023en-exclusive0817,383,383,26,draft|draft_verify,43.35737228393555,130.91635704040527,0.0,595,11,602,26,0,0,1,1,0
gaokao2023en,bbeam1,step-profile-config1-bbeam1-gaokao2023en-exclusive0817,383,383,27,draft|draft_verify,28.130292892456055,131.13999366760254,0.0,606,7,611,27,0,0,1,1,0
gaokao2023en,bbeam1,step-profile-config1-bbeam1-gaokao2023en-exclusive0817,383,383,28,draft|draft_verify,46.97418212890625,130.9196949005127,0.0,613,12,625,28,0,0,1,1,0
gaokao2023en,bbeam1,step-profile-config1-bbeam1-gaokao2023en-exclusive0817,383,383,29,draft|draft_verify,41.777849197387695,131.8068504333496,0.0,625,9,636,29,0,0,1,1,0
gaokao2023en,bbeam1,step-profile-config1-bbeam1-gaokao2023en-exclusive0817,383,383,30,draft|draft_verify,70.17207145690918,158.32161903381348,0.0,634,18,656,30,0,0,1,1,0
gaokao2023en,bbeam1,step-profile-config1-bbeam1-gaokao2023en-exclusive0817,383,383,31,draft|draft_verify,64.05758857727051,152.84395217895508,0.0,652,16,674,31,0,0,1,1,0
gaokao2023en,bbeam1,step-profile-config1-bbeam1-gaokao2023en-exclusive0817,383,383,32,draft|draft_verify,29.74867820739746,152.2538661956787,0.0,668,7,683,32,0,0,1,1,0
gaokao2023en,bbeam1,step-profile-config1-bbeam1-gaokao2023en-exclusive0817,383,383,33,draft|draft_verify,40.04836082458496,153.1980037689209,0.0,675,9,694,33,0,0,1,1,0
gaokao2023en,bbeam1,step-profile-config1-bbeam1-gaokao2023en-exclusive0817,384,384,1,draft|draft_verify,279.2491912841797,50.43959617614746,0.0,160,76,183,1,0,0,1,1,0
gaokao2023en,bbeam1,step-profile-config1-bbeam1-gaokao2023en-exclusive0817,384,384,2,draft|draft_verify,34.08408164978027,59.41271781921387,0.0,236,9,194,2,0,0,1,1,0
gaokao2023en,bbeam1,step-profile-config1-bbeam1-gaokao2023en-exclusive0817,384,384,3,draft|draft_verify|target|target_rescue_verify,453.04083824157715,145.62392234802246,1267.4243450164795,245,116,567,6,245,59,1,2,1
gaokao2023en,bbeam1,step-profile-config1-bbeam1-gaokao2023en-exclusive0817,384,384,4,draft|draft_verify,239.76540565490723,85.92748641967773,0.0,304,61,318,4,0,0,1,1,0
gaokao2023en,bbeam1,step-profile-config1-bbeam1-gaokao2023en-exclusive0817,384,384,5,draft|draft_verify,240.91243743896484,102.8599739074707,0.0,365,61,381,5,0,0,1,1,0
gaokao2023en,bbeam1,step-profile-config1-bbeam1-gaokao2023en-exclusive0817,384,384,6,draft|draft_verify,243.38769912719727,134.415864944458,0.0,426,61,444,6,0,0,1,1,0
gaokao2023en,bbeam1,step-profile-config1-bbeam1-gaokao2023en-exclusive0817,384,384,7,draft|draft_verify,230.39746284484863,136.20281219482422,0.0,487,59,505,7,0,0,1,1,0
gaokao2023en,bbeam1,step-profile-config1-bbeam1-gaokao2023en-exclusive0817,384,384,8,draft|draft_verify,117.84791946411133,127.36320495605469,0.0,546,31,538,8,0,0,1,1,0
gaokao2023en,bbeam1,step-profile-config1-bbeam1-gaokao2023en-exclusive0817,384,384,9,draft|draft_verify,47.31392860412598,126.90448760986328,0.0,577,11,551,9,0,0,1,1,0
