problem_ordinal,example_idx,step,phase,draft_latency_ms,prm_latency_ms,target_latency_ms,draft_input_tokens,draft_output_tokens,fpga_draft_ms,our,weak,strong
0,0,1,draft|draft_verify,121.47808074951172,3883.350133895874,0.0,92.0,27.0,161.56320000000002,121.47808074951172,4004.8882362453855,121.47808074951172
0,0,2,draft|draft_verify,440.45543670654297,66.50280952453613,0.0,119.0,91.0,557.8720000000001,3883.410155495874,507.0183190310791,3883.410155495874
0,0,3,draft|draft_verify,378.22461128234863,72.28827476501465,0.0,210.0,83.0,525.9152,525.9152,450.57295244736326,378.22461128234863
0,0,4,draft|draft_verify,630.4020881652832,106.47797584533691,0.0,293.0,137.0,904.3736,904.3736,736.9401736106201,630.4020881652832
0,0,5,draft|draft_verify,96.99296951293945,127.4557113647461,0.0,430.0,19.0,128.0464,255.5621265647461,224.50869607768556,234.053812010083
1,1,1,draft|draft_verify,361.62877082824707,32.207489013671875,0.0,88.0,88.0,532.6816,361.62877082824707,393.8963302419189,361.62877082824707
1,1,2,draft|draft_verify,250.34117698669434,53.03335189819336,0.0,176.0,49.0,304.3576,304.3576,303.4345680848877,250.34117698669434
1,1,3,draft|draft_verify,182.42144584655762,61.3558292388916,0.0,225.0,39.0,246.1584,246.1584,243.83730628544922,182.42144584655762
1,1,4,draft|draft_verify,121.52862548828125,67.40164756774902,0.0,264.0,25.0,159.4264,226.88806756774903,188.99029305603028,188.99029305603028
2,2,1,draft|draft_verify,254.65083122253418,53.319692611694336,0.0,129.0,56.0,342.164,254.65083122253418,308.03056863422853,254.65083122253418
2,2,2,draft|draft_verify,212.2800350189209,75.27637481689453,0.0,185.0,47.0,292.7984,292.7984,287.6164474358154,212.2800350189209
2,2,3,draft|draft_verify|target|target_rescue_verify,488.88134956359863,175.34542083740234,586.9832038879395,232.0,107.0,686.8112000000001,774.5439960187013,1251.2700598889405,586.9832038879395
2,2,4,draft|draft_verify,449.21207427978516,116.93096160888672,0.0,322.0,93.0,615.1848,615.1848,566.203110288672,449.21207427978516
2,2,5,draft|draft_verify,526.0443687438965,144.17552947998047,0.0,415.0,109.0,747.3543999999999,747.3543999999999,670.279985423877,526.0443687438965
2,2,6,draft|draft_verify,407.69267082214355,129.94742393493652,0.0,524.0,84.0,594.9072,594.9072,537.7001619570801,407.69267082214355
2,2,7,draft|draft_verify,354.42566871643066,137.95208930969238,0.0,608.0,74.0,537.764,537.764,492.43781722612306,354.42566871643066
2,2,8,draft|draft_verify,77.61645317077637,155.05146980285645,0.0,682.0,15.0,109.2672,293.1236303125488,232.7279349736328,293.1236303125488
3,3,1,draft|draft_verify,214.7977352142334,31.382322311401367,0.0,83.0,46.0,275.488,214.7977352142334,246.24009432563477,214.7977352142334
3,3,2,draft|draft_verify,164.0639305114746,40.128231048583984,0.0,129.0,36.0,218.988,218.988,204.2521903600586,164.0639305114746
3,3,3,draft|draft_verify,214.22958374023438,50.40550231933594,0.0,165.0,47.0,290.59040000000005,290.59040000000005,264.6951236595703,214.22958374023438
3,3,4,draft|draft_verify,47.74665832519531,51.74660682678223,0.0,212.0,10.0,62.0872,62.0872,99.55327315197755,50.46553991933594
3,3,5,draft|draft_verify,154.7982692718506,59.94081497192383,0.0,222.0,34.0,214.0888,214.0888,214.79911144377442,154.7982692718506
3,3,6,draft|draft_verify,49.34048652648926,59.424400329589844,0.0,256.0,10.0,63.037600000000005,63.037600000000005,108.82489485607911,60.00084217192383
3,3,7,draft|draft_verify,398.27942848205566,77.85344123840332,0.0,266.0,87.0,563.2608,563.2608,476.192939320459,398.27942848205566
3,3,8,draft|draft_verify,149.10888671875,93.34635734558105,0.0,353.0,32.0,211.1336,211.1336,242.51526966433104,149.10888671875
3,3,9,draft|draft_verify,63.89665603637695,92.89169311523438,0.0,385.0,13.0,85.8952,93.40638294558106,156.84835955161134,93.40638294558106
3,3,10,draft|draft_verify,36.0567569732666,97.89824485778809,0.0,398.0,7.0,45.9616,92.95170351523437,134.0150074310547,92.95170351523437
3,3,11,draft|draft_verify,160.07757186889648,135.4196071624756,0.0,405.0,29.0,194.6504,194.6504,295.55720223137206,160.07757186889648
3,3,12,draft|draft_verify,92.97943115234375,139.83392715454102,0.0,434.0,20.0,135.0464,135.47963036247558,232.87337430688478,135.47963036247558
3,3,13,draft|draft_verify,458.13655853271484,137.93087005615234,0.0,454.0,86.0,595.028,595.028,596.1274973888671,458.13655853271484
3,3,14,draft|draft_verify,79.36239242553711,128.76129150390625,0.0,540.0,12.0,83.2944,137.99093885615235,208.18369352944336,137.99093885615235
3,3,15,draft|draft_verify,299.4575500488281,130.37371635437012,0.0,552.0,47.0,333.3152,333.3152,429.89130400319823,299.4575500488281
3,3,16,draft|draft_verify,65.36054611206055,132.2307586669922,0.0,599.0,10.0,70.44640000000001,130.4337539543701,197.65131277905272,130.4337539543701
3,3,17,draft|draft_verify,99.86257553100586,132.62343406677246,0.0,609.0,15.0,106.8144,132.2907666669922,232.54602159777832,132.2907666669922
3,3,18,draft|draft_verify,243.51096153259277,163.22755813598633,0.0,624.0,37.0,267.892,431.17958773598633,406.7985492685791,406.7985492685791
4,4,1,draft|draft_verify,334.80381965637207,51.404714584350586,0.0,115.0,78.0,476.17920000000004,334.80381965637207,386.26859664072265,334.80381965637207
4,4,2,draft|draft_verify,545.5474853515625,80.89995384216309,0.0,193.0,116.0,735.116,735.116,626.5075319937256,545.5474853515625
4,4,3,draft|draft_verify,661.639928817749,107.23280906677246,0.0,309.0,125.0,828.0584,828.0584,768.9328378845215,661.639928817749
4,4,4,draft|draft_verify|target|target_rescue_verify,63.143014907836914,253.9687156677246,206.73012733459473,434.0,13.0,87.3064,234.33727730063475,523.9018683101563,234.33727730063475
4,4,5,draft|draft_verify,35.83097457885742,126.07574462890625,0.0,459.0,7.0,46.84,126.9843578338623,161.96672480776368,126.9843578338623
4,4,6,draft|draft_verify,134.04607772827148,128.1912326812744,0.0,466.0,28.0,191.824,191.824,262.2973328095459,134.04607772827148
4,4,7,draft|draft_verify,36.93246841430664,128.004789352417,0.0,494.0,7.0,47.344,128.25125508127442,164.99726336672364,128.25125508127442
4,4,8,draft|draft_verify,107.91254043579102,144.4709300994873,0.0,501.0,22.0,152.0848,152.0848,252.4434881352783,128.064794952417
4,4,9,draft|draft_verify,268.4178352355957,130.4314136505127,0.0,523.0,56.0,394.17199999999997,394.17199999999997,398.9092936861084,268.4178352355957
4,4,10,draft|draft_verify,41.39447212219238,130.4464340209961,0.0,579.0,8.0,55.7144,130.49145845051268,171.90091254318847,130.49145845051268
4,4,11,draft|draft_verify,141.0388946533203,135.04552841186523,0.0,587.0,28.0,199.6648,199.6648,276.1444454651855,141.0388946533203
4,4,12,draft|draft_verify,42.86479949951172,133.29029083251953,0.0,615.0,8.0,56.3192,135.10555081186524,176.21509673203124,135.10555081186524
4,4,13,draft|draft_verify,98.93393516540527,138.75722885131836,0.0,623.0,20.0,143.6648,143.6648,237.75118001672365,133.35029723251952
4,4,14,draft|draft_verify,313.9991760253906,159.70849990844727,0.0,643.0,49.0,358.156,358.156,473.7677151338379,313.9991760253906
4,4,15,draft|draft_verify,273.9098072052002,155.29179573059082,0.0,692.0,61.0,454.17999999999995,454.17999999999995,429.261651735791,273.9098072052002
4,4,16,draft|draft_verify,205.30056953430176,174.7877597808838,0.0,753.0,44.0,332.53999999999996,332.53999999999996,380.14836451518556,205.30056953430176
4,4,17,draft|draft_verify,112.92314529418945,174.91602897644043,0.0,797.0,22.0,167.0032,349.8238415573242,287.89919187062986,349.8238415573242
5,5,1,draft|draft_verify,56.87141418457031,21.64149284362793,0.0,97.0,12.0,71.5992,56.87141418457031,78.57291662819824,56.87141418457031
5,5,2,draft|draft_verify,112.01739311218262,29.671192169189453,0.0,109.0,25.0,150.4984,150.4984,141.74860528137208,112.01739311218262
5,5,3,draft|draft_verify,239.53628540039062,65.44876098632812,0.0,134.0,49.0,299.5192,299.5192,305.04508558671876,239.53628540039062
5,5,4,draft|draft_verify,194.90432739257812,61.28716468811035,0.0,183.0,33.0,204.7416,204.7416,256.25151848068845,194.90432739257812
5,5,5,draft|draft_verify,22.426366806030273,53.03621292114258,0.0,216.0,3.0,18.264,61.34719108811035,75.52258212717285,61.34719108811035
5,5,6,draft|draft_verify,160.06183624267578,82.22651481628418,0.0,219.0,32.0,201.16400000000002,201.16400000000002,242.34837665895995,160.06183624267578
5,5,7,draft|draft_verify,66.29419326782227,62.1337890625,0.0,251.0,12.0,75.6648,82.28654041628418,128.48799193032227,82.28654041628418
5,5,8,draft|draft_verify,321.78592681884766,78.02867889404297,0.0,263.0,68.0,438.07759999999996,438.07759999999996,399.87466011289064,321.78592681884766
5,5,9,draft|draft_verify,60.697317123413086,76.97153091430664,0.0,331.0,12.0,77.7768,78.08873329404297,137.72885763771973,78.08873329404297
5,5,10,draft|draft_verify,245.05305290222168,93.26839447021484,0.0,343.0,52.0,343.6456,343.6456,338.3814889724365,245.05305290222168
5,5,11,draft|draft_verify,31.419992446899414,93.04618835449219,0.0,395.0,6.0,39.215999999999994,93.32843607021485,124.5261856013916,93.32843607021485
5,5,12,draft|draft_verify|target|target_rescue_verify,255.17964363098145,279.5069217681885,265.7291889190674,401.0,53.0,357.572,497.3855032840942,800.4757967182372,394.99314691507567
5,5,13,draft|draft_verify,102.02383995056152,128.62849235534668,0.0,434.0,20.0,135.0464,139.75346088409424,230.71234830590822,139.75346088409424
5,5,14,draft|draft_verify,149.13249015808105,140.9320831298828,0.0,454.0,30.0,204.8424,204.8424,290.12459728796387,149.13249015808105
5,5,15,draft|draft_verify,92.80991554260254,138.8416290283203,0.0,484.0,17.0,116.49199999999999,140.9921071298828,231.71155817092284,140.9921071298828
5,5,16,draft|draft_verify,121.55342102050781,137.92991638183594,0.0,501.0,26.0,180.08,180.08,259.54335820234377,138.9016426283203
5,5,17,draft|draft_verify|target|target_rescue_verify,62.50452995300293,256.73437118530273,103.48820686340332,527.0,13.0,89.9848,266.4171331744873,422.787118401709,266.4171331744873
5,5,18,draft|draft_verify,136.5518569946289,128.12542915344238,0.0,536.0,29.0,203.4536,203.4536,264.7373093480713,136.5518569946289
5,5,19,draft|draft_verify,46.642303466796875,128.23224067687988,0.0,565.0,10.0,69.712,128.18545235344237,174.93455214367677,128.18545235344237
5,5,20,draft|draft_verify,123.20542335510254,133.1627368927002,0.0,575.0,26.0,184.52,184.52,256.42818104780275,128.2922486768799
5,5,21,draft|draft_verify|target|target_rescue_verify,286.50665283203125,306.6251277923584,490.81993103027344,601.0,62.0,448.40479999999997,601.7774134961792,1084.011761254663,490.81993103027344
5,5,22,draft|draft_verify|target|backtracking_verify,147.54223823547363,308.38537216186523,436.1710548400879,674.0,32.0,235.01600000000002,436.1710548400879,892.1586908374268,436.1710548400879
5,5,23,draft|draft_verify|target|target_rescue_verify,611.3612651824951,674.5266914367676,561.5062713623047,1444.0,132.0,1232.424,2019.132259858728,1847.4543335815674,1398.0695250412232
5,5,24,draft|draft_verify,53.777456283569336,184.35335159301758,0.0,780.0,11.0,81.99199999999999,168.6316728591919,238.1908166765869,168.6316728591919
5,5,25,draft|draft_verify,264.91308212280273,177.47998237609863,0.0,791.0,58.0,445.096,445.096,442.45311089890134,264.91308212280273
5,5,26,draft|draft_verify,27.681827545166016,176.81884765625,0.0,849.0,5.0,36.8744,177.54002877609864,204.560679201416,177.54002877609864
5,5,27,draft|draft_verify,264.93144035339355,205.01947402954102,0.0,854.0,56.0,437.864,437.864,470.0109591829346,264.93144035339355
5,5,28,draft|draft_verify,283.4153175354004,204.93674278259277,0.0,910.0,56.0,445.256,445.256,488.4121051179932,283.4153175354004
5,5,29,draft|draft_verify,238.31462860107422,205.00779151916504,0.0,966.0,46.0,370.852,370.852,443.3824569202393,238.31462860107422
5,5,30,draft|draft_verify,215.9895896911621,230.3767204284668,0.0,1012.0,46.0,375.82,375.82,446.42634691962894,215.9895896911621
5,5,31,draft|draft_verify,225.2366542816162,238.66629600524902,0.0,1058.0,46.0,380.788,380.788,463.96298708686527,230.4367572284668
5,5,32,draft|draft_verify,219.86150741577148,259.13190841674805,0.0,1104.0,46.0,385.756,385.756,479.05345263251957,238.72633280524903
5,5,33,draft|draft_verify,257.6792240142822,263.5214328765869,0.0,1150.0,46.0,390.724,390.724,521.2606936908692,259.191945216748
5,5,34,draft|draft_verify,215.35801887512207,261.22045516967773,0.0,1196.0,46.0,395.692,395.692,476.63851084479984,263.5814696765869
5,5,35,draft|draft_verify,232.30862617492676,277.93192863464355,0.0,1242.0,46.0,400.65999999999997,400.65999999999997,510.30059160957035,261.2804919696777
5,5,36,draft|draft_verify,221.9398021697998,278.95545959472656,0.0,1288.0,46.0,405.62800000000004,405.62800000000004,500.9552985645264,277.99196543464353
5,5,37,draft|draft_verify,231.18114471435547,281.25905990600586,0.0,1334.0,46.0,410.596,410.596,512.5002414203614,279.01549639472654
5,5,38,draft|draft_verify,230.00764846801758,309.24105644226074,0.0,1380.0,46.0,415.56399999999996,415.56399999999996,539.3087417102784,281.31909670600584
5,5,39,draft|draft_verify,217.36502647399902,319.53978538513184,0.0,1426.0,46.0,420.53200000000004,420.53200000000004,536.9648486591309,309.3010932422607
5,5,40,draft|draft_verify,236.0830307006836,333.39810371398926,0.0,1472.0,46.0,425.5,425.5,569.5411712146729,319.5998221851318
5,5,41,draft|draft_verify,219.1023826599121,335.53028106689453,0.0,1518.0,46.0,430.46799999999996,430.46799999999996,554.6927005268067,333.45814051398924
5,5,42,draft|draft_verify,217.86260604858398,337.1586799621582,0.0,1564.0,46.0,435.43600000000004,435.43600000000004,555.0813228107422,335.5903178668945
5,5,43,draft|draft_verify,223.59108924865723,356.3859462738037,0.0,1610.0,46.0,440.404,440.404,580.037072322461,337.2187167621582
5,5,44,draft|draft_verify,216.86816215515137,398.66042137145996,0.0,1656.0,46.0,445.37199999999996,445.37199999999996,615.5886203266114,356.4459830738037
5,5,45,draft|draft_verify,221.73833847045898,364.4425868988037,0.0,1702.0,46.0,450.34000000000003,450.34000000000003,586.2409621692627,398.72045817145994
5,5,46,draft|draft_verify,217.83685684204102,396.14295959472656,0.0,1748.0,46.0,455.308,455.308,614.0398532367676,364.5026236988037
5,5,47,draft|draft_verify,211.93885803222656,396.1944580078125,0.0,1794.0,46.0,460.27599999999995,460.27599999999995,608.1933528400391,396.20299639472654
5,5,48,draft|draft_verify,210.3567123413086,406.0392379760742,0.0,1840.0,46.0,465.244,465.244,616.4559871173828,396.2544948078125
5,5,49,draft|draft_verify,209.7322940826416,406.7411422729492,0.0,1886.0,46.0,470.212,470.212,616.5334731555909,406.0992747760742
5,5,50,draft|draft_verify,217.59390830993652,408.2760810852051,0.0,1932.0,46.0,475.17999999999995,475.17999999999995,625.9300261951416,406.8011790729492
5,5,51,draft|draft_verify,234.49039459228516,439.4111633300781,0.0,1978.0,46.0,480.148,480.148,673.9615947223633,408.33611788520506
5,5,52,draft|draft_verify,222.5668430328369,431.15925788879395,0.0,2024.0,46.0,485.116,916.335294688794,653.7861377216309,870.690494818872
6,6,1,draft|draft_verify,287.4746322631836,34.65390205383301,0.0,83.0,62.0,372.5696,287.4746322631836,322.1885839170166,287.4746322631836
6,6,2,draft|draft_verify,130.62286376953125,33.79178047180176,0.0,145.0,29.0,177.1784,177.1784,164.474667441333,130.62286376953125
6,6,3,draft|draft_verify,297.6076602935791,58.808326721191406,0.0,174.0,65.0,404.8184,404.8184,356.4760390147705,297.6076602935791
6,6,4,draft|draft_verify,205.2907943725586,61.29765510559082,0.0,239.0,44.0,279.4952,279.4952,266.64848467814943,205.2907943725586
6,6,5,draft|draft_verify,274.14870262145996,78.49526405334473,0.0,283.0,58.0,375.6016,375.6016,352.70401307480466,274.14870262145996
6,6,6,draft|draft_verify,202.06379890441895,102.5545597076416,0.0,341.0,43.0,283.36,283.36,304.67839301206055,202.06379890441895
6,6,7,draft|draft_verify,139.76263999938965,99.46894645690918,0.0,384.0,28.0,186.5104,286.03936885690916,239.29160885629884,239.2916088562988
7,7,1,draft|draft_verify,183.14671516418457,30.95269203186035,0.0,91.0,41.0,246.044,183.14671516418457,214.1594399960449,183.14671516418457
7,7,2,draft|draft_verify,133.38947296142578,31.026840209960938,0.0,132.0,30.0,182.43120000000002,182.43120000000002,164.47633717138672,133.38947296142578
7,7,3,draft|draft_verify,334.1870307922363,58.6552619934082,0.0,162.0,76.0,472.24,472.24,392.9023535856445,334.1870307922363
7,7,4,draft|draft_verify,189.50700759887695,60.57262420654297,0.0,238.0,42.0,266.5656,266.5656,250.13966540541992,189.50700759887695
7,7,5,draft|draft_verify,97.70703315734863,60.92953681945801,0.0,280.0,21.0,134.484,134.484,158.69658677680664,97.70703315734863
7,7,6,draft|draft_verify,15.218257904052734,87.27622032165527,0.0,301.0,3.0,18.671999999999997,60.98955361945801,102.55448062570801,60.98955361945801
7,7,7,draft|draft_verify,75.88481903076172,91.62235260009766,0.0,304.0,15.0,96.56640000000002,96.56640000000002,167.56718363085938,87.33622272165528
7,7,8,draft|draft_verify,198.6825466156006,94.40422058105469,0.0,319.0,42.0,274.536,274.536,293.14680079665527,198.6825466156006
7,7,9,draft|draft_verify,63.109636306762695,95.27039527893066,0.0,361.0,13.0,85.20400000000001,94.46425418105468,158.44004198569337,94.46425418105468
7,7,10,draft|draft_verify,69.4115161895752,94.71631050109863,0.0,374.0,14.0,92.24719999999999,95.33040567893066,164.18783789067385,95.33040567893066
7,7,11,draft|draft_verify,75.23083686828613,94.42663192749023,0.0,388.0,17.0,112.8056,112.8056,169.71748239577636,94.77632170109864
7,7,12,draft|draft_verify,40.76838493347168,94.04373168945312,0.0,405.0,10.0,66.256,94.48664552749024,134.87212462292482,94.48664552749024
7,7,13,draft|draft_verify,98.97994995117188,126.2509822845459,0.0,415.0,22.0,147.7504,147.7504,225.29094983571775,98.97994995117188
7,7,14,draft|draft_verify,153.51605415344238,128.8609504699707,0.0,437.0,34.0,231.11679999999998,231.11679999999998,282.4370318234131,153.51605415344238
7,7,15,draft|draft_verify,99.61605072021484,130.0966739654541,0.0,471.0,19.0,129.8176,129.8176,229.77273988566895,128.9209776699707
7,7,16,draft|draft_verify,28.755903244018555,129.81414794921875,0.0,490.0,5.0,33.428000000000004,130.1566891654541,158.6300551932373,130.1566891654541
7,7,17,draft|draft_verify,70.18780708312988,145.28894424438477,0.0,495.0,13.0,89.06320000000001,129.87415194921874,215.53676172751466,129.87415194921874
7,7,18,draft|draft_verify,52.875518798828125,138.33308219909668,0.0,508.0,12.0,82.44959999999999,145.34895464438478,191.2686105979248,145.34895464438478
7,7,19,draft|draft_verify,56.41436576843262,129.12416458129883,0.0,520.0,11.0,75.752,138.39309179909668,185.59853914973144,138.39309179909668
7,7,20,draft|draft_verify,56.32185935974121,130.17511367797852,0.0,531.0,11.0,76.01599999999999,129.18417338129882,186.55698183771972,129.18417338129882
7,7,21,draft|draft_verify|target|target_rescue_verify,242.80118942260742,269.7262763977051,151.91960334777832,542.0,49.0,346.5208,616.3071155977051,664.5071083680908,512.5875050203125
8,8,1,draft|draft_verify,358.57129096984863,57.08622932434082,0.0,150.0,80.0,495.22400000000005,358.57129096984863,415.71758429418946,358.57129096984863
8,8,2,draft|draft_verify|target|target_rescue_verify,1119.0626621246338,232.05804824829102,773.1831073760986,230.0,242.0,1592.0984,1708.1876177241456,2124.3640113490237,1235.1518798487793
8,8,3,draft|draft_verify|target|backtracking_verify,672.2102165222168,638.8645172119141,12062.544107437134,355.0,125.0,841.748,12062.544107437134,13373.678941171265,12062.544107437134
8,8,5,draft|draft_verify,983.1430912017822,176.5267848968506,0.0,668.0,211.0,1600.9840000000002,1600.9840000000002,1159.730044898633,983.1430912017822
8,8,6,draft|draft_verify,992.5386905670166,230.75270652770996,0.0,879.0,211.0,1707.328,1707.328,1223.3515658947267,992.5386905670166
8,8,7,draft|draft_verify,989.9752140045166,259.6936225891113,0.0,1090.0,211.0,1813.672,1813.672,1249.729005393628,989.9752140045166
8,8,8,draft|draft_verify,956.0859203338623,312.17432022094727,0.0,1301.0,211.0,1920.016,1920.016,1268.3204093548097,956.0859203338623
8,8,9,draft|draft_verify,908.5326194763184,352.297306060791,0.0,1512.0,211.0,2026.3600000000001,2026.3600000000001,1260.8900943371095,908.5326194763184
8,8,10,draft|draft_verify,1007.2481632232666,396.44742012023926,0.0,1723.0,211.0,2132.704,2132.704,1403.755752143506,1007.2481632232666
8,8,11,draft|draft_verify,932.7430725097656,421.4932918548584,0.0,1934.0,211.0,2239.048,2660.6014606548583,1354.2965331646242,1354.296533164624
9,9,1,draft|draft_verify,96.29321098327637,30.72047233581543,0.0,108.0,21.0,126.22800000000001,96.29321098327637,127.0737001190918,96.29321098327637
9,9,2,draft|draft_verify,187.02244758605957,30.37095069885254,0.0,129.0,41.0,249.692,249.692,217.4534310849121,187.02244758605957
9,9,3,draft|draft_verify|target|target_rescue_verify,538.9523506164551,108.98995399475098,91.60184860229492,170.0,138.0,870.7032,925.2582873973755,739.604263613501,593.5074380138306
9,9,4,draft|draft_verify,715.3363227844238,77.40616798400879,0.0,178.0,156.0,990.672,990.672,792.8026155684327,715.3363227844238
9,9,5,draft|draft_verify,785.618782043457,128.05914878845215,0.0,334.0,169.0,1138.7992,1138.7992,913.7380660319092,785.618782043457
9,9,6,draft|draft_verify,109.68947410583496,150.68507194519043,0.0,503.0,22.0,152.1856,302.93068954519043,260.43456365102537,278.8643735336426
10,10,1,draft|draft_verify,181.90932273864746,31.655550003051758,0.0,76.0,40.0,238.58560000000003,181.90932273864746,213.62490474169923,181.90932273864746
10,10,2,draft|draft_verify,300.0750541687012,52.99711227416992,0.0,116.0,67.0,408.2608,408.2608,353.1322200428711,300.0750541687012
10,10,3,draft|draft_verify,459.21802520751953,61.887502670288086,0.0,183.0,97.0,610.1175999999999,610.1175999999999,521.1656054778076,459.21802520751953
10,10,4,draft|draft_verify,347.2485542297363,78.78661155700684,0.0,280.0,68.0,440.8112,440.8112,426.0952201867432,347.2485542297363
10,10,5,draft|draft_verify,79.21838760375977,81.89034461975098,0.0,348.0,15.0,98.04480000000001,179.995156619751,161.16874422351074,161.16874422351074
11,11,1,draft|draft_verify,157.27591514587402,35.368919372558594,0.0,117.0,37.0,224.0872,157.27591514587402,192.70486411843262,157.27591514587402
11,11,2,draft|draft_verify,501.42836570739746,68.83811950683594,0.0,154.0,115.0,717.9664,717.9664,570.3265772142333,501.42836570739746
11,11,3,draft|draft_verify,143.4011459350586,72.02959060668945,0.0,269.0,30.0,191.96640000000002,191.96640000000002,215.49076054174805,143.4011459350586
11,11,4,draft|draft_verify,225.50082206726074,87.52846717834473,0.0,299.0,43.0,279.1264,279.1264,313.0893236456055,225.50082206726074
11,11,5,draft|draft_verify,201.02334022521973,100.85391998291016,0.0,342.0,43.0,283.4608,283.4608,301.9372946081299,201.02334022521973
11,11,6,draft|draft_verify,155.2422046661377,94.635009765625,0.0,385.0,33.0,220.2552,220.2552,249.9372408317627,155.2422046661377
11,11,7,draft|draft_verify,301.9688129425049,126.70040130615234,0.0,418.0,64.0,435.4,435.4,428.7292654486572,301.9688129425049
11,11,8,draft|draft_verify,156.96239471435547,127.66385078430176,0.0,482.0,33.0,227.7048,227.7048,284.6862718986572,156.96239471435547
11,11,9,draft|draft_verify,220.3071117401123,129.28318977355957,0.0,515.0,46.0,322.144,322.144,349.6503383136719,220.3071117401123
11,11,10,draft|draft_verify,220.28136253356934,128.76033782958984,0.0,561.0,44.0,312.7256,312.7256,349.1017355631592,220.28136253356934
11,11,11,draft|draft_verify,232.32579231262207,132.25841522216797,0.0,605.0,41.0,295.388,295.388,364.64424033479,232.32579231262207
11,11,12,draft|draft_verify,883.2941055297852,162.60170936584473,0.0,646.0,150.0,1118.8296,1118.8296,1045.95593489563,883.2941055297852
11,11,13,draft|draft_verify,33.89143943786621,176.32508277893066,0.0,796.0,6.0,44.028,162.66182936584474,210.27652701679688,162.66182936584474
11,11,14,draft|draft_verify,95.69740295410156,168.81871223449707,0.0,802.0,18.0,136.4088,345.26381421342774,264.57612958859863,345.26381421342774
12,12,1,draft|draft_verify,132.77959823608398,31.54468536376953,0.0,104.0,22.0,132.076,132.77959823608398,164.38430119985352,132.77959823608398
12,12,2,draft|draft_verify,304.049015045166,47.52540588378906,0.0,126.0,57.0,347.9448,347.9448,351.6344665289551,304.049015045166
12,12,3,draft|draft_verify,106.03880882263184,52.587270736694336,0.0,183.0,22.0,136.0576,136.0576,158.68609715932615,106.03880882263184
12,12,4,draft|draft_verify,322.1011161804199,67.64435768127441,0.0,205.0,68.0,428.7512,428.7512,389.80552826169435,322.1011161804199
12,12,5,draft|draft_verify,109.68208312988281,72.85714149475098,0.0,273.0,17.0,108.3896,108.3896,182.59923822463378,109.68208312988281
12,12,6,draft|draft_verify,355.2227020263672,99.26366806030273,0.0,290.0,70.0,455.62,455.62,454.5464260866699,355.2227020263672
12,12,7,draft|draft_verify,101.89294815063477,111.04774475097656,0.0,360.0,18.0,118.3752,118.3752,213.00070730161133,101.89294815063477
12,12,8,draft|draft_verify,125.0312328338623,112.37883567810059,0.0,378.0,24.0,159.28799999999998,159.28799999999998,237.4700877119629,125.0312328338623
12,12,9,draft|draft_verify|target|target_rescue_verify,168.81513595581055,266.8800354003906,728.7201881408691,402.0,34.0,228.3448,728.7201881408691,1164.4753866970705,728.7201881408691
12,12,10,draft|draft_verify,87.26382255554199,155.63440322875977,0.0,509.0,13.0,89.46640000000001,133.4400177001953,242.95823618430177,133.4400177001953
12,12,11,draft|draft_verify,102.0503044128418,138.19193840026855,0.0,522.0,20.0,139.0592,155.69441362875978,240.30225881311037,155.69441362875978
12,12,12,draft|draft_verify,48.645734786987305,127.96545028686523,0.0,542.0,10.0,69.21520000000001,138.25195440026854,176.67119307385255,138.25195440026854
12,12,13,draft|draft_verify,124.16934967041016,129.00257110595703,0.0,552.0,26.0,183.14000000000001,183.14000000000001,253.2319415763672,128.02545828686524
12,12,14,draft|draft_verify,208.72974395751953,132.53140449523926,0.0,578.0,44.0,314.48,314.48,341.3211836527588,208.72974395751953
12,12,15,draft|draft_verify,134.39559936523438,132.69519805908203,0.0,622.0,27.0,194.63520000000003,327.39041965908206,267.15081902431643,267.15081902431643
13,13,1,draft|draft_verify,325.27828216552734,50.493717193603516,0.0,118.0,73.0,445.71760000000006,325.27828216552734,375.83205775913086,325.27828216552734
13,13,2,draft|draft_verify,60.617923736572266,50.93955993652344,0.0,191.0,13.0,80.308,80.308,111.61749407309571,60.617923736572266
13,13,3,draft|draft_verify,162.86420822143555,59.09919738769531,0.0,204.0,35.0,218.9744,218.9744,222.02343360913085,162.86420822143555
13,13,4,draft|draft_verify,359.81011390686035,78.62639427185059,0.0,239.0,74.0,473.11519999999996,473.11519999999996,438.49656737871095,359.81011390686035
13,13,5,draft|draft_verify,305.128812789917,93.32394599914551,0.0,313.0,62.0,406.2416,406.2416,398.5128083890625,305.128812789917
13,13,6,draft|draft_verify,501.21212005615234,128.16309928894043,0.0,375.0,101.0,681.86,681.86,629.4353001450927,501.21212005615234
13,13,7,draft|draft_verify,207.91935920715332,127.6860237121582,0.0,476.0,45.0,310.9416,310.9416,335.6654189193115,207.91935920715332
13,13,8,draft|draft_verify,104.81023788452148,137.30931282043457,0.0,521.0,22.0,153.0928,153.0928,242.17956830495604,127.7460597121582
13,13,10,draft|draft_verify,251.14011764526367,157.14097023010254,0.0,668.0,50.0,368.4968,368.4968,408.34112787536617,251.14011764526367
13,13,11,draft|draft_verify,354.94112968444824,160.41016578674316,0.0,718.0,73.0,549.3976,549.3976,515.4113538711914,354.94112968444824
13,13,12,draft|draft_verify,346.96006774902344,184.126615524292,0.0,791.0,73.0,562.0120000000001,562.0120000000001,531.1467416733154,346.96006774902344
13,13,13,draft|draft_verify,105.25751113891602,177.70838737487793,0.0,864.0,20.0,154.6544,361.95507729916994,283.02591451379396,361.95507729916994
14,14,1,draft|draft_verify,504.2240619659424,66.07604026794434,0.0,142.0,112.0,695.6272,504.2240619659424,570.3601918338868,504.2240619659424
14,14,3,draft|draft_verify,990.64040184021,143.55874061584473,0.0,369.0,212.0,1457.42,1457.42,1134.2593120560546,990.64040184021
14,14,4,draft|draft_verify,1666.8753623962402,192.7649974822998,0.0,581.0,347.0,2618.3168,2811.1420750823,1859.70063747854,1859.70063747854
15,15,1,draft|draft_verify,210.4485034942627,34.32583808898926,0.0,93.0,47.0,282.64160000000004,210.4485034942627,244.83437918325194,210.4485034942627
15,15,2,draft|draft_verify,262.32218742370605,51.20444297790527,0.0,140.0,56.0,343.616,343.616,313.58667520161134,262.32218742370605
15,15,3,draft|draft_verify,64.37897682189941,51.37896537780762,0.0,196.0,13.0,80.452,80.452,115.81795259970703,64.37897682189941
15,15,4,draft|draft_verify,508.30602645874023,78.06944847106934,0.0,209.0,108.0,687.4584000000001,687.4584000000001,586.4355613298096,508.30602645874023
15,15,5,draft|draft_verify|target|target_rescue_verify,413.29264640808105,200.23059844970703,653.9754867553711,317.0,92.0,607.3592,707.5345728248535,1267.5588052131593,653.9754867553711
15,15,6,draft|draft_verify,71.42305374145508,127.9456615447998,0.0,418.0,14.0,93.62,100.11529922485352,199.4287264862549,100.11529922485352
15,15,7,draft|draft_verify,540.3423309326172,145.97415924072266,0.0,432.0,94.0,646.4728,646.4728,686.3765653733399,540.3423309326172
15,15,8,draft|draft_verify,102.51188278198242,137.78042793273926,0.0,526.0,19.0,132.1936,146.03423444072266,240.3523259147217,146.03423444072266
15,15,9,draft|draft_verify,1397.7172374725342,176.57923698425293,0.0,545.0,278.0,2050.4432,2050.4432,1574.356696856787,1397.7172374725342
15,15,10,draft|draft_verify,143.55731010437012,179.8093318939209,0.0,823.0,29.0,222.74,402.6093550939209,323.426665198291,356.5088144781738
16,16,1,draft|draft_verify,348.04320335388184,54.464101791381836,0.0,141.0,74.0,455.9456,348.04320335388184,402.5673643452637,348.04320335388184
16,16,2,draft|draft_verify,714.9066925048828,85.9372615814209,0.0,215.0,155.0,997.808,997.808,800.9040780863037,714.9066925048828
16,16,3,draft|draft_verify,407.6821804046631,147.1726894378662,0.0,370.0,89.0,598.4024,598.4024,554.9149410425293,407.6821804046631
16,16,4,draft|draft_verify,2130.8236122131348,197.08538055419922,0.0,459.0,454.0,3351.7792,3351.7792,2327.969355967334,2130.8236122131348
16,16,5,draft|draft_verify,669.1973209381104,213.7002944946289,0.0,913.0,142.0,1148.0656,1148.0656,882.9577290327393,669.1973209381104
16,16,6,draft|draft_verify,137.38107681274414,221.94600105285645,0.0,1055.0,28.0,229.9912,451.9972234528565,359.38710026560057,435.76643154748535
17,17,1,draft|draft_verify|target|target_rescue_verify,320.50204277038574,77.30317115783691,323.5321044921875,107.0,69.0,419.1528,359.2136835493042,721.3973736204102,359.2136835493042
17,17,2,draft|draft_verify,416.1405563354492,63.898563385009766,0.0,153.0,95.0,590.5328000000001,590.5328000000001,480.09919572045897,416.1405563354492
17,17,3,draft|draft_verify|target|target_rescue_verify,601.2582778930664,200.87838172912598,798.7606525421143,248.0,121.0,783.388,883.887287664563,1600.9574089643065,798.7606525421143
17,17,4,draft|draft_verify|target|backtracking_verify,1395.3778743743896,271.594762802124,656.409740447998,379.0,309.0,2168.0232,2303.880828601062,2323.4426248245118,1531.2355029754517
17,17,6,draft|draft_verify|target|target_rescue_verify,576.5717029571533,270.8914279937744,571.5088844299316,559.0,122.0,880.328,1015.8338115968872,1419.0321129808594,712.0775145540406
17,17,7,draft|draft_verify|target|target_rescue_verify,936.2473487854004,335.74914932250977,347.23544120788574,648.0,196.0,1474.168,1642.1027314612547,1619.2920961157959,1104.1820802466552
17,17,8,draft|draft_verify,639.4929885864258,177.89363861083984,0.0,694.0,125.0,942.6343999999999,942.6343999999999,817.4467271972657,639.4929885864258
17,17,9,draft|draft_verify,274.86610412597656,179.57258224487305,0.0,819.0,43.0,331.54240000000004,331.54240000000004,454.4987207708496,274.86610412597656
17,17,10,draft|draft_verify|target|target_rescue_verify,793.449878692627,386.4636421203613,419.81959342956543,862.0,164.0,1310.6528,1503.9447522601808,1599.7932454425536,986.7418309528076
17,17,11,draft|draft_verify,396.7013359069824,202.36778259277344,0.0,921.0,78.0,625.128,625.128,599.1291808997559,396.7013359069824
17,17,12,draft|draft_verify,79.98299598693848,208.43172073364258,0.0,999.0,15.0,119.9184,410.91957772641604,288.4747287205811,410.91957772641604
18,18,1,draft|draft_verify|target|backtracking_verify,481.564998626709,111.52362823486328,655.9555530548096,135.0,99.0,611.6544,655.9555530548096,1249.1042591163819,655.9555530548096
18,18,2,draft|draft_verify|target|target_rescue_verify,1212.2900485992432,319.7028636932373,2688.1508827209473,475.0,239.0,1711.4384,2688.1508827209473,4220.203986213428,2688.1508827209473
18,18,3,draft|draft_verify|target|backtracking_verify,905.5943489074707,412.31298446655273,789.9880409240723,998.0,192.0,1603.5695999999998,1809.786245833276,2107.9555278980956,1111.810994740747
18,18,4,draft|draft_verify|target|target_rescue_verify,1628.617286682129,853.0409336090088,1628.937005996704,1996.0,347.0,3793.3327999999997,5290.294327485559,4110.655503887841,3125.578814167688
18,18,5,draft|draft_verify,291.8248176574707,94.04301643371582,0.0,365.0,63.0,420.6192,420.6192,385.92788449118655,291.8248176574707
18,18,6,draft|draft_verify,126.45077705383301,125.33974647521973,0.0,428.0,27.0,182.52960000000002,182.52960000000002,251.85054512905273,126.45077705383301
18,18,7,draft|draft_verify,45.27688026428223,125.3972053527832,0.0,455.0,9.0,60.482400000000005,125.39976807521973,170.73409281706543,125.39976807521973
18,18,8,draft|draft_verify,160.02249717712402,136.3670825958252,0.0,464.0,30.0,205.53840000000002,205.53840000000002,296.4496037729492,160.02249717712402
18,18,9,draft|draft_verify,72.26729393005371,128.44157218933105,0.0,494.0,14.0,95.99119999999999,136.4271065958252,200.76887731938479,136.4271065958252
18,18,10,draft|draft_verify,104.7670841217041,151.98636054992676,0.0,508.0,19.0,131.416,131.416,256.81345987163087,128.50158338933105
18,18,11,draft|draft_verify,169.07739639282227,135.3914737701416,0.0,527.0,29.0,202.8488,202.8488,304.52889336296386,169.07739639282227
18,18,12,draft|draft_verify,214.32185173034668,129.82630729675293,0.0,556.0,50.0,355.3256,355.3256,344.20819902709957,214.32185173034668
18,18,13,draft|draft_verify,391.28661155700684,153.34725379943848,0.0,606.0,86.0,626.0360000000001,626.0360000000001,544.6939341564453,391.28661155700684
18,18,14,draft|draft_verify,552.5577068328857,176.1627197265625,0.0,692.0,119.0,895.8848,895.8848,728.7805217594482,552.5577068328857
18,18,15,draft|draft_verify,957.5710296630859,209.80453491210938,0.0,811.0,202.0,1599.4288,1599.4288,1167.4357261751952,957.5710296630859
18,18,16,draft|draft_verify,857.5541973114014,264.1456127166748,0.0,1013.0,185.0,1550.0888,1550.0888,1121.7599580280762,857.5541973114014
18,18,17,draft|draft_verify,952.0788192749023,282.8240394592285,0.0,1198.0,185.0,1631.7848,1631.7848,1234.9630067341309,952.0788192749023
18,18,18,draft|draft_verify,867.5556182861328,331.92896842956543,0.0,1383.0,185.0,1713.4808,1713.4808,1199.5447347156983,867.5556182861328
18,18,19,draft|draft_verify,913.9771461486816,362.6880645751953,0.0,1568.0,192.0,1864.8575999999998,1864.8575999999998,1276.7253643238769,913.9771461486816
18,18,20,draft|draft_verify,847.5124835968018,404.8452377319336,0.0,1760.0,192.0,1952.8703999999998,1952.8703999999998,1252.4178749287353,847.5124835968018
18,18,21,draft|draft_verify,858.9203357696533,422.61266708374023,0.0,1952.0,193.0,2051.7688,2474.44162148374,1281.5931572533937,1281.5931572533937
19,19,1,draft|draft_verify,250.83422660827637,31.15057945251465,0.0,110.0,57.0,345.7944,250.83422660827637,282.044851660791,250.83422660827637
19,19,2,draft|draft_verify,65.7963752746582,46.71645164489746,0.0,167.0,17.0,104.3192,104.3192,112.57284051955567,65.7963752746582
19,19,3,draft|draft_verify,111.66238784790039,51.06067657470703,0.0,184.0,27.0,167.30400000000003,167.30400000000003,162.78308602260742,111.66238784790039
19,19,4,draft|draft_verify,77.60834693908691,50.94408988952637,0.0,211.0,19.0,118.5856,118.5856,128.6124520286133,77.60834693908691
19,19,5,draft|draft_verify,47.28198051452637,60.2726936340332,0.0,230.0,10.0,62.476000000000006,62.476000000000006,107.61468214855958,51.00410508952637
19,19,6,draft|draft_verify,81.67362213134766,60.95290184020996,0.0,240.0,19.0,119.83840000000001,119.83840000000001,142.68653917155763,81.67362213134766
19,19,7,draft|draft_verify,111.38463020324707,61.66887283325195,0.0,259.0,24.0,152.7192,152.7192,173.11352223649902,111.38463020324707
19,19,8,draft|draft_verify,147.98450469970703,78.41134071350098,0.0,283.0,32.0,205.9256,205.9256,226.455871013208,147.98450469970703
19,19,9,draft|draft_verify,87.65554428100586,77.88205146789551,0.0,315.0,18.0,116.53920000000001,116.53920000000001,165.59761014890137,87.65554428100586
19,19,10,draft|draft_verify,91.74823760986328,78.48954200744629,0.0,333.0,20.0,130.44080000000002,130.44080000000002,170.2977956173096,91.74823760986328
19,19,11,draft|draft_verify,45.1054573059082,93.1541919708252,0.0,353.0,8.0,51.9176,78.5495580074463,138.3196556767334,78.5495580074463
19,19,12,draft|draft_verify,99.3502140045166,93.31488609313965,0.0,361.0,20.0,131.7176,131.7176,192.72511609765627,99.3502140045166
19,19,13,draft|draft_verify,107.6517105102539,95.01242637634277,0.0,381.0,22.0,146.0368,146.0368,202.72415448659666,107.6517105102539
19,19,14,draft|draft_verify,273.92101287841797,127.11310386657715,0.0,403.0,57.0,385.1736,385.1736,401.09416234499514,273.92101287841797
19,19,15,draft|draft_verify,93.03903579711914,131.5467357635498,0.0,460.0,20.0,136.232,136.232,224.64578756066896,127.17314946657714
19,19,16,draft|draft_verify,91.24445915222168,131.30640983581543,0.0,480.0,18.0,123.27120000000001,131.6067517635498,222.6108833880371,131.6067517635498
19,19,17,draft|draft_verify,264.2831802368164,129.1656494140625,0.0,498.0,57.0,397.9416,397.9416,393.50887525087893,264.2831802368164
19,19,18,draft|draft_verify,454.1468620300293,133.32772254943848,0.0,555.0,85.0,608.356,608.356,587.5346525794678,454.1468620300293
19,19,19,draft|draft_verify,104.77638244628906,152.7111530303955,0.0,640.0,21.0,151.764,151.764,257.54755227668454,133.38779054943848
19,19,20,draft|draft_verify,230.70430755615234,155.2603244781494,0.0,661.0,50.0,367.67359999999996,367.67359999999996,386.0246720343017,230.70430755615234
19,19,21,draft|draft_verify|target|target_rescue_verify,124.7720718383789,310.138463973999,200.45137405395508,711.0,26.0,192.68,347.80925278699954,635.4219306663331,310.4496172651489
19,19,22,draft|draft_verify,262.2509002685547,156.26168251037598,0.0,722.0,56.0,420.44,420.44,418.5726275789307,262.2509002685547
19,19,23,draft|draft_verify,55.06110191345215,175.01401901245117,0.0,778.0,11.0,81.944,156.32172731037596,230.1351297259033,156.32172731037596
19,19,24,draft|draft_verify,241.55664443969727,176.4390468597412,0.0,789.0,50.0,382.7264,559.2254868597412,418.05573129943843,418.05573129943843
20,20,1,draft|draft_verify,386.57069206237793,48.42829704284668,0.0,98.0,83.0,503.8736,435.0590555052246,435.0590555052246,435.0590555052246
21,21,1,draft|draft_verify,248.4760284423828,41.85342788696289,0.0,121.0,51.0,310.32,248.4760284423828,290.3894971293457,248.4760284423828
21,21,2,draft|draft_verify,237.2610569000244,53.95913124084473,0.0,172.0,54.0,335.2728,335.2728,291.28023134086914,237.2610569000244
21,21,3,draft|draft_verify,91.95399284362793,58.80570411682129,0.0,226.0,16.0,100.26400000000001,100.26400000000001,150.8197097604492,91.95399284362793
21,21,4,draft|draft_verify|target|target_rescue_verify,1286.1378192901611,224.62916374206543,295.7949638366699,242.0,287.0,1911.9872,2024.3620114710327,1806.6221764688964,1398.5126307611938
21,21,5,draft|draft_verify,307.9261779785156,78.65238189697266,0.0,275.0,64.0,413.77840000000003,413.77840000000003,386.63861107548826,307.9261779785156
21,21,6,draft|draft_verify,299.3431091308594,93.67513656616211,0.0,339.0,63.0,416.7504,416.7504,393.0782960970215,299.3431091308594
21,21,7,draft|draft_verify,470.83401679992676,128.34954261779785,0.0,402.0,99.0,674.4528,674.4528,599.2436386177246,470.83401679992676
21,21,8,draft|draft_verify,83.48655700683594,129.95028495788574,0.0,501.0,16.0,110.164,128.40962181779784,213.49685476472166,128.40962181779784
21,21,9,draft|draft_verify,143.0649757385254,139.40834999084473,0.0,517.0,29.0,202.17680000000001,202.17680000000001,282.5333489293701,143.0649757385254
21,21,10,draft|draft_verify,192.0156478881836,128.51405143737793,0.0,546.0,43.0,304.024,304.024,320.58973372556153,192.0156478881836
21,21,11,draft|draft_verify,153.52201461791992,132.91144371032715,0.0,589.0,31.0,221.464,221.464,286.4934831282471,153.52201461791992
21,21,12,draft|draft_verify,482.58090019226074,154.4628143310547,0.0,620.0,109.0,800.4903999999999,800.4903999999999,637.1038017233154,482.58090019226074
21,21,13,draft|draft_verify,73.89235496520996,157.26780891418457,0.0,729.0,16.0,118.372,154.52290153105469,231.2201766793945,154.52290153105469
21,21,14,draft|draft_verify,139.054536819458,156.34799003601074,0.0,745.0,29.0,217.4984,217.4984,295.46255005546874,157.32782171418458
21,21,15,draft|draft_verify,203.1562328338623,176.18227005004883,0.0,774.0,43.0,327.0064,327.0064,379.39853728391114,203.1562328338623
21,21,16,draft|draft_verify,164.74103927612305,186.5558624267578,0.0,817.0,31.0,237.88,237.88,351.35692650288087,176.24230445004883
21,21,17,draft|draft_verify,518.0737972259521,201.62034034729004,0.0,848.0,109.0,859.588,859.588,719.7542247732422,518.0737972259521
21,21,18,draft|draft_verify,78.98497581481934,201.48968696594238,0.0,957.0,16.0,126.58,201.68042754729004,280.5346755807617,201.68042754729004
21,21,19,draft|draft_verify,160.83836555480957,201.80845260620117,0.0,973.0,35.0,281.7248,281.7248,362.70684616101073,201.5496997659424
21,21,20,draft|draft_verify,266.21150970458984,232.3589324951172,0.0,1008.0,64.0,524.608,524.608,498.630493399707,266.21150970458984
21,21,21,draft|draft_verify,184.91244316101074,234.29179191589355,0.0,1072.0,36.0,298.2,298.2,419.2642638769043,232.4189836951172
21,21,22,draft|draft_verify,170.23825645446777,232.18703269958496,0.0,1108.0,36.0,301.224,301.224,402.48531795405273,234.35182071589355
21,21,23,draft|draft_verify,145.158052444458,268.14723014831543,0.0,1144.0,28.0,235.7584,235.7584,413.3653049927734,232.24706149958496
21,21,24,draft|draft_verify,142.83490180969238,257.6010227203369,0.0,1172.0,26.0,220.34,525.8682960686524,400.49594533002926,525.8682960686524
22,22,1,draft|draft_verify,228.24811935424805,35.02631187438965,0.0,133.0,47.0,287.05760000000004,228.24811935424805,263.3344688286377,228.24811935424805
22,22,2,draft|draft_verify,305.42826652526855,61.04731559753418,0.0,180.0,71.0,443.744,443.744,366.5356389228027,305.42826652526855
22,22,3,draft|draft_verify,333.8942527770996,79.56933975219727,0.0,251.0,71.0,455.672,455.672,413.52364932929686,333.8942527770996
22,22,4,draft|draft_verify|target|target_rescue_verify,821.2282657623291,270.14636993408203,880.7241916656494,322.0,171.0,1147.8000000000002,1282.9333217670412,1972.1589641620606,956.3615875293701
22,22,5,draft|draft_verify,606.6055297851562,129.68111038208008,0.0,463.0,130.0,909.6688,909.6688,736.3467441672364,606.6055297851562
22,22,6,draft|draft_verify,512.0394229888916,154.10733222961426,0.0,593.0,109.0,793.492,793.492,666.2068424185059,512.0394229888916
22,22,7,draft|draft_verify,455.5354118347168,156.89587593078613,0.0,702.0,96.0,722.04,722.04,612.4913645655029,455.5354118347168
22,22,8,draft|draft_verify,428.5719394683838,179.20923233032227,0.0,798.0,84.0,649.488,649.488,607.8412389987061,428.5719394683838
22,22,9,draft|draft_verify,466.81833267211914,201.61175727844238,0.0,882.0,98.0,779.2568,779.2568,668.4901683505616,466.81833267211914
22,22,10,draft|draft_verify,137.1915340423584,202.80885696411133,0.0,980.0,27.0,216.9744,419.8432785641113,340.06041260646975,404.5407142425537
23,23,1,draft|draft_verify,130.6304931640625,21.95906639099121,0.0,84.0,29.0,173.07920000000001,130.6304931640625,152.6495827550537,130.6304931640625
23,23,2,draft|draft_verify,709.6719741821289,61.423301696777344,0.0,113.0,162.0,1004.8416,1004.8416,771.1554054789062,709.6719741821289
23,23,3,draft|draft_verify,538.0802154541016,93.89925003051758,0.0,275.0,109.0,711.0663999999999,711.0663999999999,632.0395526846191,538.0802154541016
23,23,4,draft|draft_verify,209.82694625854492,94.27738189697266,0.0,384.0,45.0,301.2264,301.2264,304.16436415551755,209.82694625854492
23,23,5,draft|draft_verify,243.28088760375977,132.82203674316406,0.0,429.0,55.0,374.8624,374.8624,376.16296834692383,243.28088760375977
23,23,6,draft|draft_verify|target|target_rescue_verify,788.9392375946045,278.1045436859131,367.1121597290039,484.0,166.0,1177.372,1316.4844046429566,1434.2160738095215,928.051642237561
23,23,7,draft|draft_verify|target|target_rescue_verify,297.3763942718506,256.76655769348145,407.6037406921387,531.0,63.0,445.32,573.7633292467407,961.8067430574707,425.81972351859133
23,23,8,draft|draft_verify|target|target_rescue_verify,337.6202583312988,265.98501205444336,402.0664691925049,596.0,70.0,506.2936,639.3461620272217,1005.7317955782471,470.67282035852054
23,23,9,draft|draft_verify,68.01676750183105,132.41863250732422,0.0,658.0,13.0,93.7576,132.99250602722168,200.49541040915528,132.99250602722168
23,23,10,draft|draft_verify,51.30267143249512,153.63335609436035,0.0,671.0,9.0,64.6296,286.17200620168455,204.99603472685547,286.17200620168455
24,24,2,draft|draft_verify,301.87082290649414,79.47850227355957,0.0,225.0,61.0,386.93199999999996,301.87082290649414,381.4093739800537,301.87082290649414
24,24,3,draft|draft_verify,226.0267734527588,88.46879005432129,0.0,286.0,39.0,251.72160000000002,251.72160000000002,314.5555947070801,226.0267734527588
24,24,4,draft|draft_verify|target|backtracking_verify,753.6182403564453,287.34278678894043,1303.4789562225342,325.0,167.0,1121.3264,1303.4789562225342,2344.50011696792,1303.4789562225342
24,24,5,draft|draft_verify|target|target_rescue_verify,2426.042079925537,828.7103176116943,7752.328634262085,1028.0,536.0,4740.704,9238.461484139814,11007.141460599316,8166.683793067932
24,24,6,draft|draft_verify,1178.0214309692383,230.24320602416992,0.0,843.0,260.0,2097.2168,2097.2168,1408.3248449934083,1178.0214309692383
24,24,7,draft|draft_verify|target|target_rescue_verify,506.0429573059082,551.2096881866455,2009.809970855713,1103.0,109.0,925.684,2009.809970855713,3067.1227035482666,2009.809970855713
24,24,8,draft|draft_verify,907.0427417755127,333.1334590911865,0.0,1441.0,210.0,1980.8736,1980.8736,1240.2363688666992,907.0427417755127
24,24,9,draft|draft_verify|target|target_rescue_verify,1349.665880203247,773.298978805542,1001.2578964233398,1651.0,297.0,2983.1448,3369.854527002771,3124.2829930321286,1736.375607206018
24,24,10,draft|draft_verify,103.59048843383789,389.38403129577637,0.0,1814.0,19.0,187.8352,776.0935358985473,493.03453492961427,776.0935358985473
25,25,1,draft|draft_verify,417.12069511413574,51.77044868469238,0.0,117.0,93.0,569.9208000000001,417.12069511413574,468.95121819882814,417.12069511413574
25,25,2,draft|draft_verify,438.248872756958,61.914682388305664,0.0,210.0,93.0,590.4552,590.4552,500.2236295452637,438.248872756958
25,25,3,draft|draft_verify,232.98311233520508,78.31263542175293,0.0,303.0,59.0,384.944,384.944,311.355794956958,232.98311233520508
25,25,4,draft|draft_verify,504.2533874511719,142.39931106567383,0.0,362.0,109.0,733.6168,733.6168,646.7127857168457,504.2533874511719
25,25,5,draft|draft_verify,198.34160804748535,128.52001190185547,0.0,471.0,42.0,289.4928,289.4928,326.9216535493408,198.34160804748535
25,25,6,draft|draft_verify|target|target_rescue_verify,363.3718490600586,280.4548740386963,193.22657585144043,513.0,78.0,549.7296,690.0170994193481,837.1133613501953,503.65934847940673
25,25,7,draft|draft_verify,197.80659675598145,142.69518852233887,0.0,531.0,39.0,274.0656,274.0656,340.56181647832034,197.80659675598145
25,25,8,draft|draft_verify|target|target_rescue_verify,485.7015609741211,297.20115661621094,747.9007244110107,570.0,95.0,684.6080000000001,833.2686543081055,1530.8635180013428,747.9007244110107
25,25,9,draft|draft_verify,166.7776107788086,161.71622276306152,0.0,688.0,30.0,221.1288,221.1288,328.5538575418701,166.7776107788086
25,25,10,draft|draft_verify|target|target_rescue_verify,872.4589347839355,353.7633419036865,902.7385711669922,718.0,151.0,1152.4,1329.3417917518434,2129.020968654614,1049.4007265357789
25,25,11,draft|draft_verify,143.4168815612793,177.0792007446289,0.0,866.0,28.0,217.744,394.8832231446289,320.5561047059082,354.02089409647215
26,26,1,draft|draft_verify,123.38995933532715,30.784130096435547,0.0,137.0,30.0,182.7792,123.38995933532715,154.2341134317627,123.38995933532715
26,26,2,draft|draft_verify|target|target_rescue_verify,396.75307273864746,119.31729316711426,468.5075283050537,167.0,100.0,625.5592,685.2779265835571,984.6379742108154,468.5075283050537
26,26,3,draft|draft_verify|target|target_rescue_verify,316.06316566467285,181.79726600646973,805.124044418335,243.0,66.0,421.896,805.124044418335,1303.0445288894775,805.124044418335
26,26,4,draft|draft_verify,178.20382118225098,94.75922584533691,0.0,378.0,43.0,287.0896,287.0896,273.0230814275879,178.20382118225098
26,26,5,draft|draft_verify,148.48709106445312,127.28166580200195,0.0,421.0,34.0,229.8496,229.8496,275.8287840664551,148.48709106445312
26,26,6,draft|draft_verify,322.97325134277344,144.41728591918945,0.0,455.0,77.0,531.9944,531.9944,467.4505988619629,322.97325134277344
26,26,7,draft|draft_verify|target|target_rescue_verify,475.0385284423828,270.2944278717041,162.74690628051758,532.0,108.0,770.4048,905.6121003358521,908.1399489946045,610.2458287782349
26,26,8,draft|draft_verify|target|target_rescue_verify,427.7989864349365,264.50371742248535,531.1322212219238,551.0,91.0,651.184,783.4959315112426,1223.4949978793456,560.1109179461791
26,26,9,draft|draft_verify,175.37450790405273,133.65435600280762,0.0,636.0,36.0,261.576,395.29038480280764,309.08889270686035,309.08889270686035
27,27,1,draft|draft_verify,229.86388206481934,30.895233154296875,0.0,111.0,51.0,309.12,229.86388206481934,260.81915601911624,229.86388206481934
27,27,2,draft|draft_verify|target|target_rescue_verify,2284.1742038726807,222.1207618713379,934.4723224639893,162.0,504.0,3392.7408,3503.861584135669,3440.827691408008,2395.2949880083497
27,27,3,draft|draft_verify|target|target_rescue_verify,879.9071311950684,237.11705207824707,498.10147285461426,318.0,186.0,1250.124,1368.7426748391235,1615.1858049279297,998.5258060341919
27,27,4,draft|draft_verify,697.0524787902832,137.3755931854248,0.0,398.0,147.0,1008.9936,1008.9936,834.488189575708,697.0524787902832
27,27,5,draft|draft_verify|target|target_rescue_verify,353.11102867126465,259.5219612121582,666.6572093963623,545.0,74.0,526.7264,666.6572093963623,1279.3502584797852,666.6572093963623
27,27,6,draft|draft_verify,531.5980911254883,155.0920009613037,0.0,654.0,113.0,839.6024,839.6024,686.750182486792,531.5980911254883
27,27,7,draft|draft_verify,199.17750358581543,155.63726425170898,0.0,767.0,41.0,310.94,310.94,354.8748006375244,199.17750358581543
27,27,8,draft|draft_verify,64.87059593200684,174.76558685302734,0.0,808.0,12.0,90.36959999999999,330.5228935047363,239.69619238503418,330.5228935047363
28,28,1,draft|draft_verify,152.45699882507324,29.415369033813477,0.0,105.0,33.0,198.7512,152.45699882507324,181.93239425888672,152.45699882507324
28,28,2,draft|draft_verify|target|target_rescue_verify,690.324068069458,112.63394355773926,569.1623687744141,138.0,153.0,956.4696,1012.8466941788696,1372.1805028016113,746.7011622483276
28,28,3,draft|draft_verify,514.7256851196289,87.32318878173828,0.0,230.0,111.0,712.512,712.512,602.1089627013672,514.7256851196289
28,28,4,draft|draft_verify,524.0592956542969,136.5952491760254,0.0,341.0,112.0,748.6408,748.6408,660.7146344303222,524.0592956542969
28,28,5,draft|draft_verify,478.6217212677002,137.9990577697754,0.0,453.0,102.0,707.6496,707.6496,616.6808606374756,478.6217212677002
28,28,6,draft|draft_verify,152.11844444274902,129.18853759765625,0.0,555.0,31.0,219.016,348.2645623976563,281.3670068404053,281.3670068404053
29,29,1,draft|draft_verify|target|backtracking_verify,150.0985622406006,65.84024429321289,401.5021324157715,110.0,33.0,199.13520000000003,401.5021324157715,617.5009653495849,401.5021324157715
29,29,2,draft|draft_verify|target|target_rescue_verify,1993.2646751403809,340.79575538635254,1457.4637413024902,317.0,435.0,3053.6352,4038.0242351910097,3791.5845198292236,2977.6537103313904
29,29,3,draft|draft_verify|target|target_rescue_verify,590.9807682037354,264.74809646606445,2706.8307399749756,270.0,137.0,896.8664,2706.8307399749756,3562.6197142447754,2706.8307399749756
29,29,5,draft|draft_verify,89.61653709411621,259.68408584594727,0.0,1304.0,18.0,156.8904,416.63450024594727,349.3606373400635,392.1181484789795
30,30,1,draft|draft_verify,366.135835647583,55.362701416015625,0.0,136.0,71.0,436.35200000000003,366.135835647583,421.5585938635986,366.135835647583
30,30,2,draft|draft_verify|target|backtracking_verify,644.4344520568848,141.84832572937012,506.742000579834,207.0,124.0,791.1687999999999,862.153062064685,1293.0848775660888,715.4187141215698
30,30,3,draft|draft_verify|target|backtracking_verify,739.0096187591553,358.8595390319824,1079.7569751739502,619.0,147.0,1086.432,1895.515259460962,2177.686250565088,1548.0928782201172
30,30,6,draft|draft_verify|target|target_rescue_verify|backtracking_verify,1906.5473079681396,912.6174449920654,3108.912944793701,1727.0,413.0,4282.4648,6521.444686540899,5928.138028153906,4145.527194509039
30,30,8,draft|draft_verify|target|target_rescue_verify,542.3598289489746,581.9258689880371,2010.190725326538,1166.0,101.0,871.7,2010.190725326538,3134.5365040635497,2010.190725326538
30,30,9,draft|draft_verify|target|target_rescue_verify,1589.9343490600586,750.1852512359619,1661.31591796875,1508.0,335.0,3265.9808000000003,3641.1336936179814,4001.4957862647707,1965.0872426780395
30,30,10,draft|draft_verify|target|target_rescue_verify,109.15517807006836,721.9574451446533,122.84350395202637,1787.0,20.0,196.7432,1097.1100867626342,954.0161431667481,1097.1100867626342
31,31,1,draft|draft_verify,323.6563205718994,31.209468841552734,0.0,105.0,68.0,412.6712,323.6563205718994,354.92584381345216,323.6563205718994
31,31,2,draft|draft_verify,321.55895233154297,58.65001678466797,0.0,173.0,71.0,442.56800000000004,442.56800000000004,380.2690259162109,321.55895233154297
31,31,3,draft|draft_verify,128.91721725463867,60.86087226867676,0.0,244.0,27.0,171.048,171.048,189.83811112331543,128.91721725463867
31,31,4,draft|draft_verify|target|target_rescue_verify,222.84698486328125,138.45086097717285,196.4428424835205,271.0,46.0,295.79200000000003,365.0774672885865,557.8007251239746,292.1324521518677
31,31,5,draft|draft_verify,120.22614479064941,84.3193531036377,0.0,296.0,25.0,161.2696,161.2696,204.60551789428712,120.22614479064941
31,31,6,draft|draft_verify,51.90873146057129,84.06758308410645,0.0,321.0,10.0,64.44160000000001,84.37937310363769,136.03632254467774,84.37937310363769
31,31,7,draft|draft_verify|target|target_rescue_verify,154.07943725585938,169.66557502746582,165.6169891357422,331.0,32.0,209.4968,294.38961311373293,489.4220270190674,238.9722503695923
31,31,8,draft|draft_verify,134.2787742614746,93.56570243835449,0.0,352.0,28.0,184.4368,184.4368,227.9044990998291,134.2787742614746
31,31,9,draft|draft_verify,157.73701667785645,93.54114532470703,0.0,380.0,33.0,219.87120000000002,219.87120000000002,251.33818840256347,157.73701667785645
31,31,10,draft|draft_verify,47.495126724243164,124.50575828552246,0.0,413.0,10.0,66.42880000000001,93.60117172470703,172.06089300976564,93.60117172470703
31,31,11,draft|draft_verify,207.3652744293213,125.75316429138184,0.0,423.0,44.0,298.484,298.484,333.17847392070314,207.3652744293213
31,31,12,draft|draft_verify,117.9659366607666,125.8399486541748,0.0,467.0,25.0,171.1192,171.1192,243.86590531494141,125.81319949138184
31,31,13,draft|draft_verify,204.69069480895996,136.40570640563965,0.0,492.0,48.0,333.72479999999996,333.72479999999996,341.1564396145996,204.69069480895996
31,31,14,draft|draft_verify,12.499094009399414,125.74410438537598,0.0,540.0,2.0,12.7784,136.46574480563964,138.30319999477538,136.46574480563964
31,31,15,draft|draft_verify,95.17216682434082,127.3641586303711,0.0,542.0,19.0,132.88479999999998,132.88479999999998,222.59634065471192,125.80410598537598
31,31,16,draft|draft_verify,75.72221755981445,127.06279754638672,0.0,561.0,14.0,98.0816,127.42417383037109,202.8450263062012,127.42417383037109
31,31,17,draft|draft_verify,171.50306701660156,132.2460174560547,0.0,575.0,33.0,234.84720000000002,234.84720000000002,303.8091108726562,171.50306701660156
31,31,18,draft|draft_verify,59.58104133605957,131.44993782043457,0.0,608.0,10.0,70.6408,132.30604385605469,191.09098715649415,132.30604385605469
31,31,19,draft|draft_verify,345.792293548584,153.6874771118164,0.0,618.0,77.0,561.7256,561.7256,499.5398322604004,345.792293548584
31,31,20,draft|draft_verify,52.51288414001465,152.93645858764648,0.0,695.0,10.0,72.52000000000001,153.74753871181642,205.50935072766114,153.74753871181642
31,31,21,draft|draft_verify,274.5225429534912,154.76608276367188,0.0,705.0,54.0,403.0704,403.0704,429.3486689171631,274.5225429534912
31,31,22,draft|draft_verify|target|backtracking_verify,241.29605293273926,349.12848472595215,321.195125579834,759.0,47.0,356.168,530.7922799629761,911.6797008385254,415.9203328957153
31,31,23,draft|draft_verify|target|target_rescue_verify,274.57165718078613,527.3528099060059,131.2117576599121,1609.0,54.0,518.0592,781.795648153003,933.1962679467041,538.3081053337891
31,31,24,draft|draft_verify|target|backtracking_verify,55.19247055053711,369.69852447509766,111.17386817932129,846.0,10.0,75.7816,448.5856751905518,536.124871204956,448.5856751905518
31,31,25,draft|draft_verify|target|backtracking_verify,920.5765724182129,604.428768157959,563.82155418396,1712.0,196.0,1972.12,2274.3945408789796,2088.887051560132,1222.8511132971923
31,31,26,draft|draft_verify|target|backtracking_verify,219.75183486938477,1029.2460918426514,184.07964706420898,2854.0,44.0,549.3632,1464.8599322062255,1433.137608976245,1217.7111162852052
31,31,27,draft|draft_verify|target|target_rescue_verify,268.50295066833496,2032.2659015655518,562.8607273101807,4814.0,53.0,908.3144,3187.702335657141,2863.6896219440673,2547.890886325476
31,31,28,draft|draft_verify,53.09247970581055,202.36587524414062,0.0,983.0,11.0,86.864,203.22659015655518,255.51836374995116,203.22659015655518
31,31,29,draft|draft_verify,60.91904640197754,203.84883880615234,0.0,994.0,11.0,87.128,406.33473165029295,264.8278940081299,406.33473165029295
32,32,1,draft|draft_verify,189.43095207214355,21.862030029296875,0.0,77.0,41.0,244.7,189.43095207214355,211.35301490144042,189.43095207214355
32,32,2,draft|draft_verify,215.68059921264648,30.91120719909668,0.0,118.0,48.0,291.5376,291.5376,246.65184481174316,215.68059921264648
32,32,3,draft|draft_verify,238.66009712219238,49.89814758300781,0.0,166.0,53.0,328.244,328.244,288.6182871052002,238.66009712219238
32,32,4,draft|draft_verify,500.260591506958,77.10075378417969,0.0,219.0,109.0,696.5512,696.5512,577.4214324911377,500.260591506958
32,32,5,draft|draft_verify,87.77856826782227,77.00395584106445,0.0,328.0,17.0,110.5016,187.56556944106444,164.8425377088867,164.8425377088867
33,33,1,draft|draft_verify,93.58334541320801,32.39178657531738,0.0,120.0,20.0,120.72800000000001,93.58334541320801,126.0351479885254,93.58334541320801
33,33,2,draft|draft_verify,204.1800022125244,52.12068557739258,0.0,140.0,45.0,275.46000000000004,275.46000000000004,256.36072378991696,204.1800022125244
33,33,3,draft|draft_verify|target|target_rescue_verify,683.2759380340576,152.6620388031006,681.6141605377197,185.0,148.0,940.8951999999999,1017.2863378015502,1517.612255774878,759.6670758356079
33,33,4,draft|draft_verify,601.2272834777832,100.68130493164062,0.0,295.0,126.0,830.64,830.64,701.9686892094238,601.2272834777832
33,33,5,draft|draft_verify,323.7738609313965,139.69779014587402,0.0,421.0,69.0,470.3976,470.3976,463.53170627727053,323.7738609313965
33,33,6,draft|draft_verify,146.57855033874512,130.4304599761963,0.0,490.0,30.0,207.348,337.8384839761963,277.0690343149414,277.0690343149414
34,34,1,draft|draft_verify,199.40733909606934,30.324459075927734,0.0,111.0,44.0,266.2856,199.40733909606934,229.79183337199706,199.40733909606934
34,34,2,draft|draft_verify,277.2393226623535,49.811601638793945,0.0,155.0,62.0,383.11039999999997,383.11039999999997,327.1109739011475,277.2393226623535
34,34,3,draft|draft_verify|target|backtracking_verify,1040.093183517456,268.2809829711914,1313.5838508605957,217.0,226.0,1475.44,1609.6406722855959,2622.0181981492433,1313.5838508605957
34,34,4,draft|draft_verify|target|target_rescue_verify,558.779239654541,379.00567054748535,271.76475524902344,883.0,118.0,941.8336,1131.3965296737426,1209.6097598510498,748.3421693282837
34,34,5,draft|draft_verify,284.18588638305664,128.19886207580566,0.0,517.0,62.0,436.1072,436.1072,412.4447980588623,284.18588638305664
34,34,6,draft|draft_verify,217.20361709594727,129.52256202697754,0.0,579.0,37.0,264.004,264.004,346.7862087229248,217.20361709594727
34,34,7,draft|draft_verify|target|backtracking_verify,103.47843170166016,285.0379943847656,537.604570388794,616.0,26.0,186.98000000000002,537.604570388794,926.1810172752198,537.604570388794
34,34,8,draft|draft_verify|target|target_rescue_verify,144.4237232208252,292.79422760009766,456.25782012939453,642.0,23.0,166.5248,456.25782012939453,893.5357893503174,456.25782012939453
34,34,9,draft|draft_verify,135.73360443115234,154.67143058776855,0.0,712.0,26.0,192.74,347.4714513877685,290.46505581892086,301.12856518781734
35,35,1,draft|draft_verify,311.9490146636963,30.69019317626953,0.0,87.0,78.0,471.00480000000005,311.9490146636963,342.6992702399658,311.9490146636963
35,35,2,draft|draft_verify,156.62145614624023,50.04310607910156,0.0,165.0,39.0,240.68640000000002,240.68640000000002,206.7245934253418,156.62145614624023
35,35,3,draft|draft_verify,164.34884071350098,59.57984924316406,0.0,204.0,41.0,256.892,256.892,223.98872275666503,164.34884071350098
35,35,4,draft|draft_verify,270.07150650024414,78.0782699584961,0.0,245.0,66.0,422.208,422.208,348.2098292587402,270.07150650024414
35,35,5,draft|draft_verify,149.28388595581055,77.86774635314941,0.0,311.0,36.0,234.276,234.276,227.21166110895996,149.28388595581055
35,35,6,draft|draft_verify,132.16018676757812,92.87738800048828,0.0,347.0,31.0,204.04,204.04,225.0975995680664,132.16018676757812
35,35,7,draft|draft_verify|target|backtracking_verify,258.82577896118164,263.8728618621826,400.0134468078613,378.0,65.0,436.1528,568.1492829310913,922.7721396312256,400.0134468078613
35,35,8,draft|draft_verify|target|target_rescue_verify,398.6551761627197,379.2240619659424,275.0966548919678,885.0,87.0,691.0224,880.6945005829712,1053.03596262063,588.3272767456909
35,35,9,draft|draft_verify|target|backtracking_verify,299.49474334716797,281.15391731262207,330.6121826171875,473.0,65.0,450.7448,591.381810656311,911.3208952769776,440.13175400347905
35,35,10,draft|draft_verify|target|target_rescue_verify,426.47767066955566,386.92283630371094,250.93722343444824,1062.0,88.0,736.0527999999999,929.5742885518554,1064.3978008077147,619.9991592214111
35,35,11,draft|draft_verify|target|target_rescue_verify,188.80534172058105,261.4872455596924,369.1282272338867,576.0,40.0,285.3856,416.18925477984624,819.4808465141601,369.1282272338867
35,35,12,draft|draft_verify,187.1631145477295,152.3451805114746,0.0,634.0,39.0,283.4592,283.4592,339.5683262592041,187.1631145477295
35,35,13,draft|draft_verify,149.0480899810791,153.82862091064453,0.0,673.0,31.0,227.512,227.512,302.93673569172364,152.4052117114746
35,35,14,draft|draft_verify,659.794807434082,174.7872829437256,0.0,704.0,144.0,1092.8832,1092.8832,834.6422055778077,659.794807434082
35,35,15,draft|draft_verify|target|target_rescue_verify,374.25708770751953,414.17932510375977,666.4071083068848,848.0,79.0,619.6,826.7497257518799,1454.9035843181641,666.4071083068848
35,35,16,draft|draft_verify,162.75286674499512,202.90088653564453,0.0,951.0,31.0,247.528,450.4889113356445,365.71377808063966,410.0505738875244
36,36,1,draft|draft_verify,227.42962837219238,30.011653900146484,0.0,87.0,52.0,312.31120000000004,227.42962837219238,257.50132387233884,227.42962837219238
36,36,2,draft|draft_verify,357.96523094177246,52.09183692932129,0.0,139.0,83.0,511.9424,511.9424,410.11713427109373,357.96523094177246
36,36,3,draft|draft_verify,440.16551971435547,77.44216918945312,0.0,222.0,94.0,599.6008,599.6008,517.6677641038086,440.16551971435547
36,36,4,draft|draft_verify,588.3040428161621,142.11583137512207,0.0,316.0,117.0,775.8408000000001,775.8408000000001,730.4799677912841,588.3040428161621
36,36,5,draft|draft_verify,149.10435676574707,126.80578231811523,0.0,433.0,29.0,196.532,323.39780551811526,275.9701622838623,275.9701622838623
37,37,1,draft|draft_verify,192.0783519744873,31.563282012939453,0.0,130.0,41.0,249.788,192.0783519744873,223.70166678742675,192.0783519744873
37,37,2,draft|draft_verify,221.82297706604004,51.48196220397949,0.0,171.0,49.0,303.78159999999997,303.78159999999997,273.36497847001954,221.82297706604004
37,37,3,draft|draft_verify|target|backtracking_verify,390.45214653015137,140.55442810058594,473.88601303100586,220.0,91.0,579.688,650.025286850293,1004.9526604617431,473.88601303100586
37,37,4,draft|draft_verify|target|target_rescue_verify|backtracking_verify,922.1048355102539,393.91541481018066,1256.4730644226074,607.0,191.0,1416.68,2340.4132461189392,2572.5534675430417,1845.838081629193
37,37,5,draft|draft_verify|target|target_rescue_verify,721.7757701873779,289.3106937408447,475.9175777435303,374.0,155.0,1056.5744,1201.2898708704224,1487.064165671753,866.4912410578003
37,37,6,draft|draft_verify,399.0788459777832,144.2241668701172,0.0,449.0,84.0,579.9672,579.9672,543.3630800479004,399.0788459777832
37,37,7,draft|draft_verify,225.75855255126953,128.88097763061523,0.0,533.0,47.0,331.2176,460.1586152306152,354.69956778188475,354.69956778188475
38,38,1,draft|draft_verify,216.51697158813477,31.018495559692383,0.0,85.0,48.0,287.8152,216.51697158813477,247.59550554782714,216.51697158813477
38,38,2,draft|draft_verify|target|backtracking_verify,761.3835334777832,155.0121307373047,1732.422113418579,133.0,170.0,1064.2208,1732.422113418579,2648.877913633667,1732.422113418579
38,38,3,draft|draft_verify|target|backtracking_verify,804.1446208953857,270.430326461792,1189.286708831787,303.0,173.0,1153.8056,1289.0809016308958,2263.921794588965,1189.286708831787
38,38,4,draft|draft_verify|target|target_rescue_verify,1443.1109428405762,706.2644958496094,6445.912599563599,961.0,316.0,2659.804,6975.610971450806,8595.348291053784,6975.610971450806
39,39,1,draft|draft_verify,99.84517097473145,22.180557250976562,0.0,95.0,22.0,131.6224,99.84517097473145,122.085745825708,99.84517097473145
39,39,2,draft|draft_verify,238.00420761108398,30.90214729309082,0.0,117.0,53.0,322.1288,322.1288,268.9663973041748,238.00420761108398
39,39,3,draft|draft_verify,473.75035285949707,60.63199043273926,0.0,170.0,105.0,658.236,658.236,534.4424272922363,473.75035285949707
39,39,4,draft|draft_verify,281.3746929168701,77.09860801696777,0.0,275.0,60.0,387.588,387.588,358.5333489338379,281.3746929168701
39,39,5,draft|draft_verify,131.99281692504883,77.32129096984863,0.0,335.0,27.0,176.7264,254.10771256984864,209.37412949489746,209.37412949489746
40,40,1,draft|draft_verify|target|backtracking_verify,262.6824378967285,118.96228790283203,785.8948707580566,147.0,58.0,356.9968,845.3760147094727,1167.599642957617,845.3760147094727
41,41,1,draft|draft_verify,289.8132801055908,30.688762664794922,0.0,94.0,64.0,386.4112,289.8132801055908,320.5620939703857,289.8132801055908
41,41,2,draft|draft_verify,144.07038688659668,50.36640167236328,0.0,158.0,32.0,196.62560000000002,196.62560000000002,194.49681415895995,144.07038688659668
41,41,3,draft|draft_verify,217.60272979736328,58.788299560546875,0.0,190.0,49.0,305.9704,305.9704,276.45106855791016,217.60272979736328
41,41,4,draft|draft_verify,140.150785446167,60.33635139465332,0.0,239.0,31.0,196.264,196.264,200.54716164082032,140.150785446167
41,41,5,draft|draft_verify|target|backtracking_verify,489.15743827819824,185.62030792236328,592.9932594299316,270.0,106.0,689.836,782.7062387611817,1267.831090430493,592.9932594299316
41,41,6,draft|draft_verify|target|target_rescue_verify,729.008674621582,377.5913715362549,443.42732429504395,742.0,155.0,1192.5872,1381.4430097681275,1550.087494452881,917.8644843897094
41,41,7,draft|draft_verify|target|target_rescue_verify,1971.6665744781494,422.0454692840576,476.55534744262695,874.0,422.0,3518.5640000000003,3729.647072242029,2870.327728804834,2182.749646720178
41,41,8,draft|draft_verify|target|target_rescue_verify,519.4768905639648,416.3167476654053,822.3340511322021,1266.0,110.0,976.9736,1185.1920618327026,1758.1877773615722,822.3340511322021
41,41,9,draft|draft_verify|target|target_rescue_verify,285.5207920074463,309.1888427734375,568.1583881378174,653.0,60.0,441.1128,750.3616907734374,1162.9280709187012,722.7528095245361
42,42,1,draft|draft_verify,223.4940528869629,29.628515243530273,0.0,93.0,47.0,282.64160000000004,223.4940528869629,253.18260573049315,223.4940528869629
42,42,2,draft|draft_verify,224.83086585998535,51.413774490356445,0.0,140.0,50.0,306.404,306.404,276.30468035034176,224.83086585998535
42,42,3,draft|draft_verify|target|target_rescue_verify,548.0785369873047,167.14859008789062,956.1281204223633,190.0,118.0,747.2392000000001,956.1281204223633,1671.4153418975586,956.1281204223633
42,42,4,draft|draft_verify,805.0127029418945,139.53042030334473,0.0,346.0,173.0,1171.556,1171.556,944.6032616452393,805.0127029418945
42,42,5,draft|draft_verify,175.7948398590088,137.66765594482422,0.0,519.0,36.0,251.74800000000002,389.4756847448242,313.522524603833,313.522524603833
43,43,1,draft|draft_verify,331.4013481140137,30.782461166381836,0.0,86.0,79.0,476.95360000000005,331.4013481140137,362.2438724803955,331.4013481140137
43,43,2,draft|draft_verify|target|backtracking_verify,906.8489074707031,233.8263988494873,2584.812879562378,165.0,226.0,1447.36,2584.812879562378,3725.5483666825685,2584.812879562378
43,43,3,draft|draft_verify|target|target_rescue_verify,2157.311201095581,317.333459854126,832.9558372497559,391.0,476.0,3449.3,3608.0271107270632,3307.660878999463,2316.038311822644
43,43,4,draft|draft_verify|target|target_rescue_verify,1606.8956851959229,330.4553031921387,1548.1045246124268,525.0,354.0,2626.6944,2791.982334796069,3485.5157962004882,1772.1836199919921
43,43,5,draft|draft_verify|target|backtracking_verify,464.993953704834,356.57548904418945,749.5296001434326,787.0,112.0,867.4552,1045.8030341220947,1571.1591324924561,749.5296001434326
43,43,6,draft|draft_verify|target|target_rescue_verify,179.29530143737793,404.2479991912842,452.07786560058594,899.0,44.0,347.6072,549.791234795642,1035.6812014292482,452.07786560058594
43,43,7,draft|draft_verify,162.19139099121094,201.28893852233887,0.0,967.0,24.0,191.80079999999998,403.47295731798096,363.5403487135498,403.47295731798096
44,44,1,draft|draft_verify,196.3672637939453,31.402111053466797,0.0,117.0,42.0,254.6592,196.3672637939453,227.8294084474121,196.3672637939453
44,44,2,draft|draft_verify,231.7366600036621,50.48871040344238,0.0,159.0,46.0,283.696,283.696,282.2854072071045,231.7366600036621
44,44,3,draft|draft_verify,77.79717445373535,53.55048179626465,0.0,205.0,18.0,112.05120000000001,112.05120000000001,131.40767065,77.79717445373535
44,44,4,draft|draft_verify,822.0977783203125,97.54776954650879,0.0,223.0,174.0,1127.472,1127.472,919.7056870668213,822.0977783203125
44,44,5,draft|draft_verify|target|target_rescue_verify,1111.1180782318115,276.9970893859863,1630.7759284973145,397.0,242.0,1688.6912000000002,1827.2499382929934,3018.9512897151126,1630.7759284973145
44,44,6,draft|draft_verify,980.9780120849609,183.93921852111816,0.0,673.0,219.0,1666.464,1666.464,1164.977405806079,980.9780120849609
44,44,7,draft|draft_verify,338.92345428466797,200.5939483642578,0.0,892.0,72.0,571.4112,571.4112,539.5774602489257,338.92345428466797
44,44,8,draft|draft_verify,353.4820079803467,201.80130004882812,0.0,964.0,75.0,608.3664,608.3664,555.3433680291748,353.4820079803467
44,44,9,draft|draft_verify,419.6968078613281,229.06017303466797,0.0,1039.0,89.0,739.6952,739.6952,648.8170520959961,419.6968078613281
44,44,10,draft|draft_verify,201.07173919677734,232.0396900177002,0.0,1128.0,39.0,328.512,328.512,433.17146041447756,229.12024423466798
44,44,11,draft|draft_verify|target|target_rescue_verify,255.69438934326172,513.2913589477539,372.51853942871094,1167.0,50.0,427.17920000000004,940.530598947754,1141.5643277197264,769.0457882910157
45,45,1,draft|draft_verify,197.9062557220459,30.72524070739746,0.0,88.0,41.0,245.756,197.9062557220459,228.69152922944335,197.9062557220459
45,45,2,draft|draft_verify|target|target_rescue_verify,463.72270584106445,84.26380157470703,156.42166137695312,129.0,95.0,585.1184000000001,627.3103767873536,704.4682447927246,505.91468262841795
45,45,3,draft|draft_verify,294.6314811706543,51.26333236694336,0.0,148.0,56.0,344.67199999999997,344.67199999999997,345.95485833759767,294.6314811706543
45,45,4,draft|draft_verify,129.03833389282227,52.23441123962402,0.0,204.0,25.0,155.9704,155.9704,181.3327651324463,129.03833389282227
45,45,5,draft|draft_verify,507.39407539367676,87.51177787780762,0.0,229.0,95.0,607.6784,607.6784,594.9659292714844,507.39407539367676
45,45,6,draft|draft_verify,92.64659881591797,84.50508117675781,0.0,324.0,17.0,110.348,110.348,177.21169359267577,92.64659881591797
45,45,7,draft|draft_verify,274.9803066253662,100.32343864440918,0.0,341.0,51.0,336.72,336.72,375.3637860697754,274.9803066253662
45,45,8,draft|draft_verify,84.36989784240723,93.21308135986328,0.0,392.0,16.0,106.24000000000001,199.51309415986327,177.6429920022705,193.65657360427247
46,46,1,draft|draft_verify|target|backtracking_verify,182.4948787689209,60.896873474121094,283.4484577178955,85.0,45.0,269.652,283.4484577178955,526.9002459609375,283.4484577178955
46,46,2,draft|draft_verify|target|backtracking_verify,1009.697437286377,178.85613441467285,1009.1874599456787,259.0,231.0,1532.664,1622.1522520073363,2197.8012164467286,1099.1856892937135
46,46,3,draft|draft_verify|target|backtracking_verify,1363.0244731903076,442.2566890716553,1287.1460914611816,790.0,279.0,2221.6224,3219.0610201879153,3092.4874769231446,2360.4630933782228
46,46,4,draft|draft_verify|target|target_rescue_verify,2358.80970954895,964.3869400024414,1765.7783031463623,1829.0,437.0,4650.884,6832.510912517498,5089.035302297754,4540.436622066448
46,46,6,draft|draft_verify|target|target_rescue_verify,2139.4693851470947,1238.3441925048828,2814.6719932556152,2720.0,402.0,5118.6504,8330.465109879386,6192.545892507593,5351.28409502648
46,46,7,draft|draft_verify,93.07980537414551,93.92690658569336,0.0,387.0,19.0,126.1888,137.5937991672092,187.06672715983888,137.5937991672092
46,46,8,draft|draft_verify|target|target_rescue_verify,247.43413925170898,252.30813026428223,431.3373565673828,406.0,53.0,358.196,484.4101075321411,931.139668483374,431.3373565673828
46,46,9,draft|draft_verify|target|target_rescue_verify,72.9978084564209,253.07464599609375,119.13514137268066,470.0,15.0,102.144,252.751400130188,445.26760782519534,252.751400130188
46,46,10,draft|draft_verify,90.80743789672852,127.8684139251709,0.0,483.0,19.0,130.336,130.336,218.73586702189942,126.53732299804688
46,46,11,draft|draft_verify,199.15533065795898,127.4101734161377,0.0,502.0,46.0,320.74,320.74,326.6255408740967,199.15533065795898
46,46,12,draft|draft_verify|target|target_rescue_verify,61.46979331970215,256.70313835144043,174.7279167175293,548.0,15.0,104.76480000000001,255.88179139185792,492.9608603886719,255.88179139185792
46,46,13,draft|draft_verify|target|target_rescue_verify,136.05093955993652,257.10344314575195,85.45398712158203,569.0,27.0,191.32800000000003,319.939743172876,478.66839142727054,264.6626827328125
46,46,14,draft|draft_verify,55.724382400512695,128.47447395324707,0.0,576.0,11.0,77.096,257.08620432612304,184.25886515375976,257.08620432612304
47,47,1,draft|draft_verify|target|target_rescue_verify,649.5928764343262,224.51066970825195,3325.692653656006,126.0,146.0,907.292,3437.947988510132,4199.856316598584,3437.947988510132
48,48,1,draft|draft_verify,515.186071395874,60.324907302856445,0.0,145.0,113.0,702.7832,515.186071395874,575.5710690987305,515.186071395874
48,48,2,draft|draft_verify|target|target_rescue_verify,438.8878345489502,181.72287940979004,932.3699474334717,258.0,93.0,601.0536000000001,932.3699474334717,1553.040735792212,932.3699474334717
48,48,3,draft|draft_verify|target|backtracking_verify,644.4606781005859,278.55801582336426,927.0246028900146,413.0,141.0,971.796,1111.1351207116822,1850.1034096139647,927.0246028900146
48,48,5,draft|draft_verify|target|target_rescue_verify,353.40023040771484,329.9601078033447,883.6750984191895,698.0,75.0,561.1248,883.6750984191895,1567.095496630249,883.6750984191895
48,48,6,draft|draft_verify,657.0286750793457,201.94125175476074,0.0,843.0,141.0,1116.276,1116.276,859.0300396341064,657.0286750793457
48,48,7,draft|draft_verify,160.98928451538086,202.63385772705078,0.0,984.0,33.0,266.2584,468.9522841270508,363.6831686424316,404.69524868181156
49,49,1,draft|draft_verify,367.1896457672119,51.81002616882324,0.0,112.0,81.0,494.21999999999997,367.1896457672119,419.0597367360352,367.1896457672119
49,49,2,draft|draft_verify|target|backtracking_verify,185.03570556640625,103.44958305358887,282.88936614990234,193.0,41.0,255.836,307.62082432679443,571.4346875698975,282.88936614990234
49,49,3,draft|draft_verify|target|backtracking_verify,994.1740036010742,312.11376190185547,1358.9298725128174,468.0,214.0,1522.3000000000002,2435.9104288828003,2665.277809215747,1907.7844324838745
49,49,6,draft|draft_verify,272.449254989624,158.33687782287598,0.0,745.0,58.0,438.8032,438.8032,430.8461792125,272.449254989624
49,49,7,draft|draft_verify,104.45356369018555,173.93803596496582,0.0,803.0,21.0,159.588,333.5860527649658,278.45161645515134,332.3949769878418
50,50,1,draft|draft_verify,261.6255283355713,31.210660934448242,0.0,109.0,58.0,351.7984,261.6255283355713,292.8962356700195,261.6255283355713
50,50,2,draft|draft_verify,468.52898597717285,60.49990653991699,0.0,167.0,104.0,651.0968,651.0968,529.0889757170899,468.52898597717285
50,50,3,draft|draft_verify|target|backtracking_verify,660.269021987915,176.67698860168457,538.017749786377,271.0,140.0,917.3576,1005.7562063008423,1375.0238723759767,748.6676282887573
50,50,4,draft|draft_verify|target|backtracking_verify,1194.6797370910645,399.06954765319824,650.6526470184326,769.0,240.0,1887.5304,2087.125365826599,2244.4621237626952,1394.2747029176635
50,50,5,draft|draft_verify|target|backtracking_verify,588.2713794708252,642.7993774414062,685.4970455169678,1526.0,124.0,1180.5375999999999,2037.5857239116087,1916.6279016291992,1445.319503382434
50,50,6,draft|draft_verify|target|target_rescue_verify,2067.401885986328,1330.4722309112549,3064.931631088257,2793.0,453.0,5875.7736,9357.17466874842,6462.866110385839,5548.802954734747
50,50,7,draft|draft_verify|target|backtracking_verify,117.36750602722168,264.9850845336914,213.40489387512207,536.0,23.0,160.928,293.4805606668457,595.8175028360351,280.382808545874
50,50,8,draft|draft_verify|target|target_rescue_verify,615.3135299682617,521.3971138000488,305.13715744018555,1118.0,132.0,1129.9296,1673.6061196701294,1441.9079068084961,1158.9900496383912
50,50,9,draft|draft_verify|target|target_rescue_verify,998.0897903442383,622.5559711456299,1435.7259273529053,1152.0,214.0,1871.9608,3056.800913235675,3056.431860042773,2182.929903579913
50,50,10,draft|draft_verify|target|target_rescue_verify,220.3221321105957,314.62883949279785,334.65051651000977,686.0,46.0,340.612,497.9864565463989,869.6615249134034,377.69658865699466
50,50,11,draft|draft_verify,97.99671173095703,154.62398529052734,0.0,731.0,20.0,148.58960000000002,157.31441974639893,252.6807130214844,157.31441974639893
50,50,12,draft|draft_verify,27.843713760375977,155.5655002593994,0.0,751.0,5.0,35.9336,154.68400129052733,183.46921801977538,154.68400129052733
50,50,13,draft|draft_verify,79.81252670288086,155.9460163116455,0.0,756.0,17.0,126.93679999999999,311.6315341710449,235.81855661452636,311.6315341710449
51,51,1,draft|draft_verify,159.58333015441895,26.6721248626709,0.0,80.0,35.0,208.856,159.58333015441895,186.31548301708983,159.58333015441895
51,51,2,draft|draft_verify,365.36145210266113,51.54228210449219,0.0,115.0,82.0,501.0064,501.0064,416.9637998071533,365.36145210266113
51,51,3,draft|draft_verify,249.23062324523926,62.1495246887207,0.0,197.0,54.0,338.4528,338.4528,311.44019113395996,249.23062324523926
51,51,4,draft|draft_verify,469.46120262145996,78.79471778869629,0.0,251.0,99.0,638.9376,638.9376,548.3159996101563,469.46120262145996
51,51,5,draft|draft_verify,173.03204536437988,104.24613952636719,0.0,350.0,36.0,237.55200000000002,237.55200000000002,277.33821369074707,173.03204536437988
51,51,6,draft|draft_verify,225.89707374572754,125.5495548248291,0.0,386.0,47.0,314.9888,314.9888,351.5066661705566,225.89707374572754
51,51,8,draft|draft_verify,85.80851554870605,128.31926345825195,0.0,485.0,16.0,109.588,253.98886868308108,214.187791806958,253.98886868308108
52,52,1,draft|draft_verify,260.99681854248047,30.982494354248047,0.0,91.0,53.0,318.884,260.99681854248047,292.0393552967285,260.99681854248047
52,52,2,draft|draft_verify|target|target_rescue_verify,1520.4615592956543,190.43469429016113,257.0669651031494,144.0,316.0,2042.152,2137.4295999450806,1968.0234714889648,1615.7391592407348
52,52,3,draft|draft_verify|target|target_rescue_verify,300.20999908447266,123.8865852355957,560.8680248260498,181.0,63.0,393.24,560.8680248260498,985.0246595461182,560.8680248260498
52,52,4,draft|draft_verify,379.2853355407715,78.216552734375,0.0,272.0,80.0,518.3552000000001,518.3552000000001,457.5619522751465,379.2853355407715
52,52,5,draft|draft_verify,207.27133750915527,98.87242317199707,0.0,352.0,43.0,284.4688,284.4688,306.20379508115235,207.27133750915527
52,52,6,draft|draft_verify,243.52264404296875,139.38093185424805,0.0,395.0,45.0,302.38800000000003,302.38800000000003,382.96361189721677,243.52264404296875
52,52,7,draft|draft_verify,272.58801460266113,130.6760311126709,0.0,440.0,55.0,376.288,376.288,403.32408971533204,272.58801460266113
52,52,8,draft|draft_verify,189.50176239013672,144.2544460296631,0.0,495.0,38.0,263.7632,263.7632,333.81623881979976,189.50176239013672
52,52,9,draft|draft_verify,125.89573860168457,128.7691593170166,0.0,533.0,25.0,174.92079999999999,303.7499793170166,254.72491791870118,273.14365574667966
53,53,1,draft|draft_verify,498.66724014282227,60.25362014770508,0.0,149.0,106.0,659.344,498.66724014282227,558.9809450905274,498.66724014282227
53,53,2,draft|draft_verify,109.51805114746094,60.76240539550781,0.0,255.0,21.0,133.284,133.284,170.34047334296875,109.51805114746094
53,53,3,draft|draft_verify,285.82072257995605,78.54938507080078,0.0,276.0,60.0,387.7296,387.7296,364.43015565075683,285.82072257995605
53,53,4,draft|draft_verify,103.98435592651367,79.41651344299316,0.0,336.0,21.0,137.172,137.172,183.46088616950684,103.98435592651367
53,53,5,draft|draft_verify,273.76437187194824,94.27642822265625,0.0,357.0,57.0,378.9912,378.9912,368.1008456946045,273.76437187194824
53,53,6,draft|draft_verify,191.25819206237793,126.95050239562988,0.0,414.0,40.0,270.2224,270.2224,318.2687264580078,191.25819206237793
53,53,7,draft|draft_verify,195.33705711364746,128.04293632507324,0.0,454.0,40.0,273.9664,273.9664,323.4400254387207,195.33705711364746
53,53,8,draft|draft_verify,156.84103965759277,143.99313926696777,0.0,494.0,33.0,228.62640000000002,228.62640000000002,300.8942053245605,156.84103965759277
53,53,9,draft|draft_verify,54.62503433227539,136.40594482421875,0.0,527.0,11.0,75.92,144.05316566696777,191.09098795649413,144.05316566696777
53,53,10,draft|draft_verify,279.67143058776855,130.78880310058594,0.0,538.0,58.0,410.4856,410.4856,410.52028008835447,279.67143058776855
53,53,11,draft|draft_verify,46.31805419921875,129.61268424987793,0.0,596.0,9.0,63.1896,130.84884950058594,175.99074564909668,130.84884950058594
53,53,12,draft|draft_verify,113.9826774597168,131.8197250366211,0.0,605.0,23.0,164.5712,164.5712,245.86242089633788,129.67269144987793
53,53,13,draft|draft_verify,51.64742469787598,132.9793930053711,0.0,628.0,10.0,71.0728,131.87974343662108,184.68682570324708,131.87974343662108
53,53,14,draft|draft_verify,151.51405334472656,151.88980102539062,0.0,638.0,31.0,224.992,224.992,303.4638791701172,151.51405334472656
53,53,15,draft|draft_verify,50.217628479003906,152.49943733215332,0.0,669.0,10.0,71.95840000000001,151.94982582539063,202.77707381115724,151.94982582539063
53,53,16,draft|draft_verify,70.58262825012207,154.13236618041992,0.0,679.0,14.0,101.7632,152.55944533215333,224.775005630542,152.55944533215333
53,53,17,draft|draft_verify,56.99610710144043,153.38373184204102,0.0,693.0,11.0,79.904,154.1923773804199,210.43984774348144,154.1923773804199
53,53,18,draft|draft_verify,185.76550483703613,155.75766563415527,0.0,704.0,38.0,282.3224,282.3224,341.58320087119137,185.76550483703613
53,53,19,draft|draft_verify,54.04019355773926,160.38846969604492,0.0,742.0,10.0,73.5352,155.81769603415526,214.4886712537842,155.81769603415526
53,53,20,draft|draft_verify,101.47571563720703,162.93883323669434,0.0,752.0,17.0,126.7832,323.44732453273923,264.47456247390136,323.44732453273923
54,54,1,draft|draft_verify,306.34117126464844,34.946441650390625,0.0,105.0,58.0,351.25120000000004,306.34117126464844,341.34765931503904,306.34117126464844
54,54,2,draft|draft_verify,644.2441940307617,62.02983856201172,0.0,163.0,131.0,823.2320000000001,823.2320000000001,706.3341373927734,644.2441940307617
54,54,3,draft|draft_verify|target|target_rescue_verify,509.05680656433105,183.33840370178223,460.2177143096924,294.0,124.0,816.8512,908.580501050891,1152.6730237758056,600.7861076152221
54,54,5,draft|draft_verify|target|target_rescue_verify,1920.6478595733643,452.52513885498047,1449.7349262237549,769.0,409.0,3300.9112000000005,3527.2340966274905,3822.9682518520995,2146.9707562008543
54,54,6,draft|draft_verify,117.22707748413086,202.00109481811523,0.0,1006.0,22.0,177.5368,428.3236818456055,319.2881899022461,428.3236818456055
55,55,1,draft|draft_verify,294.6138381958008,31.59642219543457,0.0,103.0,63.0,381.6336,294.6138381958008,326.2703107912354,294.6138381958008
55,55,2,draft|draft_verify,361.67263984680176,60.28413772583008,0.0,166.0,80.0,498.2576,498.2576,422.01684157263185,361.67263984680176
55,55,3,draft|draft_verify,767.7199840545654,104.44402694702148,0.0,246.0,161.0,1049.516,1049.516,872.224139801587,767.7199840545654
55,55,4,draft|draft_verify|target|backtracking_verify,646.1591720581055,342.9872989654541,2822.7007389068604,407.0,134.0,920.4608000000001,2822.7007389068604,3811.90731713042,2822.7007389068604
55,55,5,draft|draft_verify|target|target_rescue_verify,1973.513126373291,742.5401210784912,11807.077646255493,541.0,414.0,3117.7776,12178.347706794739,14523.191224907276,12178.347706794739
56,56,1,draft|draft_verify,203.33361625671387,31.33368492126465,0.0,113.0,44.0,266.492,203.33361625671387,234.7273363779785,203.33361625671387
56,56,2,draft|draft_verify,397.8755474090576,60.204505920410156,0.0,157.0,88.0,547.0888,547.0888,458.14012372946775,397.8755474090576
56,56,3,draft|draft_verify,282.99546241760254,60.617685317993164,0.0,245.0,47.0,299.42240000000004,299.42240000000004,343.6731853355957,282.99546241760254
56,56,4,draft|draft_verify,202.8188705444336,77.74734497070312,0.0,292.0,32.0,206.5952,206.5952,280.62624111513674,202.8188705444336
56,56,5,draft|draft_verify,272.5672721862793,107.67841339111328,0.0,324.0,55.0,361.2544,361.2544,380.3057295773926,272.5672721862793
56,56,6,draft|draft_verify|target|target_rescue_verify,459.1546058654785,221.30966186523438,332.430362701416,379.0,94.0,634.6432000000001,745.3581061326173,1012.9547056321289,569.8695119980957
56,56,7,draft|draft_verify,166.88108444213867,125.90217590332031,0.0,423.0,34.0,230.00799999999998,230.00799999999998,292.843287545459,166.88108444213867
56,56,8,draft|draft_verify|target|target_rescue_verify,330.9469223022461,293.44964027404785,514.6708488464355,457.0,70.0,483.27520000000004,630.060076137024,1139.1274674227295,514.6708488464355
56,56,9,draft|draft_verify,147.613525390625,128.8132667541504,0.0,538.0,28.0,196.4896,196.4896,276.48681454477537,147.613525390625
56,56,10,draft|draft_verify,218.30320358276367,129.52375411987305,0.0,566.0,46.0,327.652,327.652,347.88699450263675,218.30320358276367
56,56,11,draft|draft_verify,154.00338172912598,133.21948051452637,0.0,612.0,28.0,201.2848,201.2848,287.2828846436523,154.00338172912598
56,56,12,draft|draft_verify,225.01444816589355,153.4252166748047,0.0,640.0,46.0,335.644,335.644,378.4997016406983,225.01444816589355
56,56,13,draft|draft_verify,135.04505157470703,154.34956550598145,0.0,686.0,28.0,206.07999999999998,206.07999999999998,289.45463948068846,153.4852534748047
56,56,14,draft|draft_verify,154.32381629943848,156.37660026550293,0.0,714.0,30.0,222.9384,222.9384,310.7604405649414,154.40958790598145
56,56,15,draft|draft_verify,136.43765449523926,155.2560329437256,0.0,744.0,28.0,209.83839999999998,209.83839999999998,291.7537098389648,156.43662426550293
56,56,16,draft|draft_verify,138.50951194763184,175.41098594665527,0.0,772.0,30.0,226.97520000000003,226.97520000000003,313.9805218942871,155.3160553437256
56,56,17,draft|draft_verify,133.52489471435547,180.3417205810547,0.0,802.0,28.0,213.5968,213.5968,313.92663769541014,175.47100994665527
56,56,18,draft|draft_verify,178.61127853393555,184.54551696777344,0.0,830.0,38.0,293.51120000000003,293.51120000000003,363.21682590170894,180.4017429810547
56,56,19,draft|draft_verify,137.86816596984863,178.4811019897461,0.0,868.0,28.0,217.8736,217.8736,316.4092903595947,184.60554736777343
56,56,20,draft|draft_verify,244.6885108947754,202.2237777709961,0.0,896.0,38.0,299.372,299.372,446.97231906577144,244.6885108947754
56,56,21,draft|draft_verify,278.00941467285156,207.98540115356445,0.0,934.0,43.0,343.1344,343.1344,486.054850226416,278.00941467285156
56,56,22,draft|draft_verify,211.54522895812988,204.09250259399414,0.0,977.0,33.0,265.7208,265.7208,415.697757952124,211.54522895812988
56,56,23,draft|draft_verify,275.4216194152832,228.69110107421875,0.0,1010.0,43.0,350.7952,350.7952,504.17275488950196,275.4216194152832
56,56,24,draft|draft_verify,155.05170822143555,230.24678230285645,0.0,1053.0,33.0,271.5576,271.5576,385.35851692429196,228.75113547421876
56,56,25,draft|draft_verify,205.09576797485352,234.11941528320312,0.0,1086.0,43.0,358.456,358.456,439.27521765805665,230.30680870285644
56,56,26,draft|draft_verify,173.45833778381348,259.22465324401855,0.0,1129.0,33.0,277.3944,277.3944,432.743017427832,234.17944968320313
56,56,27,draft|draft_verify,222.43857383728027,256.572961807251,0.0,1162.0,44.0,374.74879999999996,374.74879999999996,479.07157084453127,259.2846796440186
56,56,28,draft|draft_verify,169.57855224609375,265.46597480773926,0.0,1206.0,33.0,283.308,283.308,435.104553453833,256.632997007251
56,56,29,draft|draft_verify,216.4475917816162,275.9726047515869,0.0,1239.0,44.0,382.6952,382.6952,492.48023173320314,265.5260012077393
56,56,30,draft|draft_verify,165.94338417053223,278.78284454345703,0.0,1283.0,34.0,298.12,298.12,444.7862559139893,276.03263995158693
56,56,31,draft|draft_verify,217.81229972839355,281.721830368042,0.0,1317.0,44.0,390.7448,390.7448,499.59416529643556,278.842871743457
56,56,32,draft|draft_verify,165.68732261657715,282.1207046508789,0.0,1361.0,34.0,304.2976,304.2976,447.8680544674561,281.781865568042
56,56,33,draft|draft_verify,236.20200157165527,314.03541564941406,0.0,1395.0,44.0,398.7944,398.7944,550.2974524210694,282.1807318508789
56,56,34,draft|draft_verify,182.76739120483398,315.90747833251953,0.0,1439.0,34.0,310.4752,314.0954508494141,498.73489673735355,314.0954508494141
56,56,35,draft|draft_verify,234.25817489624023,320.13511657714844,0.0,1473.0,44.0,406.844,406.844,554.4533266733887,315.9675055325195
56,56,36,draft|draft_verify,182.48248100280762,333.80627632141113,0.0,1517.0,34.0,316.65279999999996,320.19515177714845,516.3487845242188,320.19515177714845
56,56,37,draft|draft_verify,207.01313018798828,336.9770050048828,0.0,1551.0,44.0,414.8936,414.8936,544.0501703928711,333.8663035214111
56,56,38,draft|draft_verify,168.5318946838379,330.72876930236816,0.0,1595.0,33.0,313.1832,337.0370402048828,499.320690386206,337.0370402048828
56,56,39,draft|draft_verify,218.15228462219238,353.2693386077881,0.0,1628.0,44.0,422.84,422.84,571.4816584299805,330.7887957023682
56,56,40,draft|draft_verify,170.7601547241211,365.60988426208496,0.0,1672.0,33.0,319.09680000000003,353.3293738077881,536.430065386206,353.3293738077881
56,56,41,draft|draft_verify,216.34793281555176,370.12434005737305,0.0,1705.0,44.0,430.78639999999996,430.78639999999996,586.5323080729248,365.669910662085
56,56,42,draft|draft_verify,178.02882194519043,400.7129669189453,0.0,1749.0,33.0,325.0104,370.18437525737306,578.8018152641357,370.18437525737306
56,56,43,draft|draft_verify,214.7514820098877,396.97909355163574,0.0,1782.0,44.0,438.7328,438.7328,611.7906107615235,400.77299331894534
56,56,44,draft|draft_verify,161.8359088897705,396.64483070373535,0.0,1826.0,33.0,330.924,397.03912875163576,558.5407659935058,397.03912875163576
56,56,45,draft|draft_verify,215.1038646697998,406.75973892211914,0.0,1859.0,44.0,446.6792,446.6792,621.923638791919,396.7048571037354
56,56,46,draft|draft_verify,174.38077926635742,412.25457191467285,0.0,1903.0,33.0,336.8376,406.81977412211916,586.6953775810302,406.81977412211916
56,56,47,draft|draft_verify,227.25200653076172,412.8859043121338,0.0,1936.0,44.0,454.62559999999996,454.62559999999996,640.1979460428955,412.3145983146729
56,56,48,draft|draft_verify,170.8540916442871,439.84127044677734,0.0,1980.0,33.0,342.75120000000004,412.9459395121338,610.7553884910644,412.9459395121338
56,56,49,draft|draft_verify,233.3698272705078,442.07215309143066,0.0,2013.0,44.0,462.572,904.7041882914307,675.5020155619385,882.0334851382081
57,57,1,draft|draft_verify|target|target_rescue_verify,324.45621490478516,64.09430503845215,436.4776611328125,101.0,72.0,436.62480000000005,436.4776611328125,825.0882386760497,436.4776611328125
57,57,2,draft|draft_verify|target|target_rescue_verify,456.5143585205078,132.71307945251465,697.0534324645996,168.0,105.0,657.7368,724.1534237262573,1286.340954437622,697.0534324645996
57,57,3,draft|draft_verify|target|target_rescue_verify,485.91089248657227,233.23655128479004,1329.6105861663818,282.0,113.0,739.6088,1329.6105861663818,2048.8181203377444,1329.6105861663818
57,57,5,draft|draft_verify|target|target_rescue_verify,746.8795776367188,344.1767692565918,1624.4828701019287,576.0,158.0,1153.7240000000002,1796.5712547302246,2715.599343395239,1796.5712547302246
58,58,1,draft|draft_verify|target|target_rescue_verify,681.4389228820801,144.20604705810547,415.0247573852539,206.0,136.0,869.4159999999999,753.6020552111328,1240.7298361254393,753.6020552111328
58,58,2,draft|draft_verify|target|backtracking_verify,330.86299896240234,161.09824180603027,661.8368625640869,270.0,69.0,445.7544,661.8368625640869,1153.8581585325196,661.8368625640869
58,58,3,draft|draft_verify|target|target_rescue_verify,1387.5484466552734,566.8580532073975,2264.9147510528564,699.0,289.0,2241.8872,3941.262859933826,4219.381482115527,3086.924106589099
59,59,1,draft|draft_verify,137.15052604675293,32.8369140625,0.0,73.0,30.0,178.3248,137.15052604675293,170.04746410925293,137.15052604675293
59,59,2,draft|draft_verify,875.6308555603027,61.1271858215332,0.0,103.0,186.0,1154.664,1154.664,936.8181901818359,875.6308555603027
59,59,3,draft|draft_verify,161.31019592285156,77.46553421020508,0.0,289.0,33.0,212.88240000000002,212.88240000000002,238.83575653305664,161.31019592285156
59,59,4,draft|draft_verify,79.32162284851074,77.59737968444824,0.0,322.0,15.0,97.17120000000001,174.82859168444827,156.97901453295898,156.97901453295898
60,60,1,draft|draft_verify,338.3824825286865,35.17746925354004,0.0,102.0,70.0,424.48720000000003,338.3824825286865,373.62000778222654,338.3824825286865
60,60,2,draft|draft_verify,469.73323822021484,68.17960739135742,0.0,172.0,91.0,569.32,569.32,537.9729184115722,469.73323822021484
60,60,3,draft|draft_verify,185.8658790588379,68.31908226013184,0.0,263.0,34.0,217.33599999999998,217.33599999999998,254.24498851896973,185.8658790588379
60,60,4,draft|draft_verify|target|backtracking_verify,29.94990348815918,152.7559757232666,351.28307342529297,297.0,6.0,38.04,351.28307342529297,534.0489574367188,351.28307342529297
60,60,5,draft|draft_verify|target|target_rescue_verify,1263.6818885803223,313.690185546875,515.5346393585205,654.0,278.0,2122.9064,2279.8117151734373,2092.9669358857177,1420.5872037537597
60,60,6,draft|draft_verify|target|backtracking_verify|target_rescue_verify,694.3309307098389,489.97950553894043,634.4695091247559,788.0,137.0,1065.9416,1750.7210933165834,1818.8400549735352,1379.1104240264222
60,60,7,draft|draft_verify|target|target_rescue_verify,1053.9724826812744,529.0811061859131,1324.1500854492188,888.0,229.0,1863.0279999999998,3054.244332110522,2907.2638575164065,2245.188814791797
61,61,1,draft|draft_verify,101.87745094299316,31.244516372680664,0.0,133.0,22.0,133.5376,101.87745094299316,133.1819849156738,101.87745094299316
61,61,2,draft|draft_verify,267.67826080322266,51.71775817871094,0.0,155.0,59.0,364.3424,364.3424,319.4560661819336,267.67826080322266
61,61,3,draft|draft_verify,544.5153713226318,78.11927795410156,0.0,214.0,119.0,760.5152,760.5152,622.6947444767334,544.5153713226318
61,61,4,draft|draft_verify|target|target_rescue_verify,565.2790069580078,243.29113960266113,545.8495616912842,333.0,128.0,855.7256,977.4312722013306,1354.4798106519531,686.9846791593384
61,61,5,draft|draft_verify,587.1062278747559,144.14334297180176,0.0,417.0,125.0,860.1992,860.1992,731.3096708465577,587.1062278747559
61,61,6,draft|draft_verify,277.9526710510254,128.64971160888672,0.0,542.0,58.0,411.0328,411.0328,406.6624290599121,277.9526710510254
61,61,7,draft|draft_verify,205.69539070129395,133.46242904663086,0.0,600.0,42.0,302.1864,435.70886264663085,339.2178533479248,339.2178533479248
62,62,1,draft|draft_verify,354.21061515808105,31.316041946411133,0.0,92.0,81.0,490.38,354.21061515808105,385.5867219044922,354.21061515808105
62,62,2,draft|draft_verify|target|backtracking_verify,516.0439014434814,199.47361946105957,2727.65851020813,173.0,118.0,742.4656,2727.65851020813,3443.2361255126707,2727.65851020813
62,62,3,draft|draft_verify|target|target_rescue_verify,866.2126064300537,218.8584804534912,487.32995986938477,291.0,192.0,1279.4807999999998,1388.9701938267453,1572.4612003529296,975.7020002567994
62,62,4,draft|draft_verify|target|backtracking_verify,436.82098388671875,253.77798080444336,754.2517185211182,366.0,93.0,624.9000000000001,754.2517185211182,1444.9107576122803,754.2517185211182
62,62,5,draft|draft_verify|target|target_rescue_verify,714.3783569335938,528.702974319458,1795.7491874694824,941.0,152.0,1241.0408,2535.502746074335,3038.890640322534,2060.1006746292114
62,62,6,draft|draft_verify|target|target_rescue_verify,1028.8722515106201,608.7226867675781,1889.4710540771484,1223.0,216.0,1926.636,3327.973714914258,3527.126165155347,2430.209966424878
62,62,7,draft|draft_verify|target|target_rescue_verify,277.3771286010742,342.2067165374756,518.6166763305664,756.0,57.0,432.6168,774.8835621374756,1138.2605670691162,689.7200345993042
63,63,1,draft|draft_verify,853.7266254425049,92.40865707397461,0.0,149.0,173.0,1090.2344,853.7266254425049,946.1954209164795,853.7266254425049
63,63,2,draft|draft_verify,176.04756355285645,80.40213584899902,0.0,322.0,37.0,241.79919999999998,241.79919999999998,256.5097290018555,176.04756355285645
63,63,3,draft|draft_verify,111.18316650390625,93.74094009399414,0.0,359.0,23.0,151.5824,151.5824,204.98412499790038,111.18316650390625
63,63,4,draft|draft_verify,45.983076095581055,92.50712394714355,0.0,382.0,9.0,59.0808,93.80095849399414,138.5502072427246,93.80095849399414
63,63,5,draft|draft_verify,397.85146713256836,126.96242332458496,0.0,391.0,79.0,534.0496,534.0496,524.8739536571534,397.85146713256836
63,63,6,draft|draft_verify,167.4952507019043,127.3813247680664,0.0,470.0,35.0,240.68,240.68,294.9366034699707,167.4952507019043
63,63,7,draft|draft_verify,285.5353355407715,127.9916763305664,0.0,505.0,53.0,370.5512,370.5512,413.5870542713379,285.5353355407715
63,63,8,draft|draft_verify,221.51541709899902,130.3110122680664,0.0,558.0,47.0,333.97760000000005,333.97760000000005,351.8864669670654,221.51541709899902
63,63,9,draft|draft_verify|target|target_rescue_verify,486.61279678344727,311.0067844390869,943.0828094482422,605.0,109.0,796.6024,952.1658794195434,1740.7624778707764,943.0828094482422
63,63,10,draft|draft_verify,77.59213447570801,155.57479858398438,0.0,752.0,13.0,96.4648,155.50339221954346,233.2269434596924,155.50339221954346
63,63,11,draft|draft_verify,576.9786834716797,180.7842254638672,0.0,765.0,112.0,861.5944,861.5944,757.8229985355468,576.9786834716797
63,63,12,draft|draft_verify,149.95384216308594,178.89833450317383,0.0,877.0,30.0,234.28320000000002,234.28320000000002,328.91220066625976,180.84431506386719
63,63,13,draft|draft_verify,549.659252166748,201.64966583251953,0.0,907.0,121.0,973.1800000000001,973.1800000000001,751.3690147992676,549.659252166748
63,63,14,draft|draft_verify|target|target_rescue_verify,362.17665672302246,460.85119247436523,622.3104000091553,1028.0,77.0,636.5096,866.9952578371826,1445.398310806543,622.3104000091553
63,63,15,draft|draft_verify,430.1180839538574,256.4735412597656,0.0,1124.0,92.0,783.6080000000001,783.6080000000001,686.651698813623,430.1180839538574
63,63,16,draft|draft_verify,59.35382843017578,256.92105293273926,0.0,1216.0,12.0,101.14079999999998,256.53361485976563,316.33489096291504,256.53361485976563
63,63,17,draft|draft_verify,301.29480361938477,257.7173709869385,0.0,1228.0,68.0,593.2496,593.2496,559.0722290063233,301.29480361938477
63,63,18,draft|draft_verify,77.87442207336426,277.99463272094727,0.0,1296.0,17.0,147.6728,257.7774253869385,355.9290683943115,257.7774253869385
63,63,19,draft|draft_verify,245.30267715454102,279.2491912841797,0.0,1313.0,53.0,471.38960000000003,471.38960000000003,524.6119108387206,278.05464632094726
63,63,20,draft|draft_verify,165.6169891357422,281.53038024902344,0.0,1366.0,29.0,259.2296,279.3092336841797,447.2073925847656,279.3092336841797
63,63,21,draft|draft_verify,321.33007049560547,311.73110008239746,0.0,1395.0,58.0,527.7232,527.7232,633.1212169780028,321.33007049560547
63,63,22,draft|draft_verify,69.16522979736328,311.5880489349365,0.0,1453.0,13.0,116.65360000000001,311.79114648239744,380.8132891322998,311.79114648239744
63,63,23,draft|draft_verify,787.6784801483154,332.9646587371826,0.0,1466.0,172.0,1624.2208,1624.2208,1120.703276485498,787.6784801483154
63,63,24,draft|draft_verify,46.932220458984375,334.72466468811035,0.0,1638.0,7.0,63.8176,667.809466625293,381.71689074709474,667.809466625293
64,64,1,draft|draft_verify,235.55541038513184,29.101848602294922,0.0,88.0,51.0,306.36,235.55541038513184,264.7172997874268,235.55541038513184
64,64,2,draft|draft_verify|target|target_rescue_verify,1751.4927387237549,242.57254600524902,1443.2759284973145,139.0,369.0,2403.7752,2646.408041205249,3437.4015084263183,1994.1255799290038
65,65,1,draft|draft_verify,197.8127956390381,29.74534034729004,0.0,94.0,45.0,270.6024,197.8127956390381,227.61817198632812,197.8127956390381
65,65,2,draft|draft_verify,263.5459899902344,50.824880599975586,0.0,139.0,66.0,405.672,405.672,314.43092339020995,263.5459899902344
65,65,3,draft|draft_verify,153.39279174804688,58.44879150390625,0.0,205.0,32.0,200.1224,200.1224,211.9016088519531,153.39279174804688
65,65,4,draft|draft_verify,136.3050937652588,61.20157241821289,0.0,237.0,30.0,189.7392,189.7392,197.56669018347168,136.3050937652588
65,65,5,draft|draft_verify,173.6757755279541,64.68772888183594,0.0,267.0,34.0,217.65279999999998,217.65279999999998,238.42353160979005,173.6757755279541
65,65,6,draft|draft_verify,149.0347385406494,79.5736312866211,0.0,301.0,31.0,200.728,200.728,228.66839462727052,149.0347385406494
65,65,7,draft|draft_verify,154.50406074523926,82.77463912963867,0.0,332.0,28.0,183.1408,183.1408,237.33872227487794,154.50406074523926
65,65,8,draft|draft_verify,139.3439769744873,98.0064868927002,0.0,360.0,27.0,178.28640000000001,178.28640000000001,237.4104854671875,139.3439769744873
65,65,9,draft|draft_verify,142.85016059875488,94.27165985107422,0.0,387.0,27.0,179.9712,179.9712,237.1818420498291,142.85016059875488
65,65,10,draft|draft_verify,120.67055702209473,126.50084495544434,0.0,414.0,24.0,161.27519999999998,161.27519999999998,247.23142117753906,120.67055702209473
65,65,11,draft|draft_verify,125.00977516174316,128.21650505065918,0.0,438.0,24.0,162.6,162.6,253.28629941240234,126.56086415544434
65,65,12,draft|draft_verify|target|backtracking_verify,602.7536392211914,264.3256187438965,306.86235427856445,462.0,116.0,809.36,941.5829021719483,1174.0017050436522,734.9765413931397
65,65,13,draft|draft_verify|target|backtracking_verify,312.3805522918701,409.5582962036133,162.83822059631348,1080.0,55.0,459.23199999999997,664.0711921018067,884.8371130917969,517.2197443936768
65,65,14,draft|draft_verify|target|target_rescue_verify,597.3925590515137,663.7136936187744,426.0129928588867,1732.0,100.0,997.4032,1741.4407313244628,1687.1793255291748,1341.4300903759765
65,65,15,draft|draft_verify,163.21420669555664,133.35680961608887,0.0,574.0,34.0,241.9672,241.9672,296.63104351164554,163.21420669555664
65,65,16,draft|draft_verify,159.47437286376953,134.95945930480957,0.0,608.0,29.0,208.292,208.292,294.4938553685791,159.47437286376953
65,65,17,draft|draft_verify,114.3035888671875,133.6832046508789,0.0,637.0,18.0,129.67680000000001,135.01948250480956,248.0468079180664,135.01948250480956
65,65,18,draft|draft_verify,120.3911304473877,156.07571601867676,0.0,655.0,22.0,159.8464,315.98213361867676,276.52686406606443,289.8789526695557
66,66,1,draft|draft_verify,386.25407218933105,66.21479988098145,0.0,113.0,74.0,451.03999999999996,386.25407218933105,452.5289312703125,386.25407218933105
66,66,2,draft|draft_verify,84.29455757141113,62.14332580566406,0.0,187.0,17.0,105.0872,105.0872,146.4978969770752,84.29455757141113
66,66,3,draft|draft_verify,158.2348346710205,57.94239044189453,0.0,204.0,34.0,212.6632,212.6632,216.23725231291505,158.2348346710205
66,66,4,draft|draft_verify|target|backtracking_verify,579.3864727020264,181.18977546691895,954.8919200897217,238.0,105.0,675.2088,954.8919200897217,1715.528252258667,954.8919200897217
66,66,5,draft|draft_verify|target|target_rescue_verify,757.296085357666,394.20509338378906,1290.3366088867188,740.0,133.0,1018.9192,1290.3366088867188,2441.897894028174,1290.3366088867188
66,66,6,draft|draft_verify,766.8123245239258,128.22461128234863,0.0,432.0,135.0,935.5391999999999,935.5391999999999,895.0970438062744,766.8123245239258
66,66,7,draft|draft_verify,209.72871780395508,129.32944297790527,0.0,567.0,45.0,320.5512,320.5512,339.1181967818603,209.72871780395508
66,66,8,draft|draft_verify,249.8941421508789,132.92837142944336,0.0,612.0,54.0,391.24080000000004,391.24080000000004,382.88255678032226,249.8941421508789
66,66,9,draft|draft_verify,222.25713729858398,152.64248847961426,0.0,666.0,50.0,368.2616,368.2616,374.9596657781982,222.25713729858398
66,66,10,draft|draft_verify|target|target_rescue_verify,618.5946464538574,335.21413803100586,397.31502532958984,716.0,130.0,987.9976,1155.664773015503,1351.1839138144533,786.2618194693604
66,66,11,draft|draft_verify,290.86828231811523,175.63104629516602,0.0,769.0,59.0,449.8112,449.8112,466.55937581328124,290.86828231811523
66,66,12,draft|draft_verify|target|target_rescue_verify,134.4125270843506,366.32347106933594,230.93533515930176,828.0,28.0,215.2816,398.503357934668,731.7313557129883,358.912851429834
66,66,13,draft|draft_verify,267.0462131500244,178.87234687805176,0.0,858.0,56.0,438.392,438.392,445.9786048280762,267.0462131500244
66,66,14,draft|draft_verify|target|backtracking_verify,275.6056785583496,407.38630294799805,360.5799674987793,914.0,59.0,469.9952,673.7483986739991,1043.631996205127,479.3588772323486
66,66,15,draft|draft_verify|target|target_rescue_verify,368.5643672943115,617.9335117340088,180.79447746276855,1940.0,77.0,802.8584,1111.8852174670044,1167.3524180910888,677.5911847613158
66,66,16,draft|draft_verify,144.91677284240723,221.9717502593994,0.0,1026.0,30.0,244.6536,308.9667558670044,366.94854710180664,308.9667558670044
66,66,17,draft|draft_verify,243.4842586517334,230.5457592010498,0.0,1056.0,56.0,464.52799999999996,464.52799999999996,474.0900626527832,243.4842586517334
66,66,18,draft|draft_verify,242.79499053955078,232.13911056518555,0.0,1112.0,53.0,446.3048,446.3048,474.9941435047363,242.79499053955078
66,66,19,draft|draft_verify,280.5147171020508,257.86638259887695,0.0,1165.0,59.0,504.9344,504.9344,538.4411469009277,280.5147171020508
66,66,20,draft|draft_verify,144.03867721557617,261.4750862121582,0.0,1224.0,30.0,258.4344,258.4344,405.5737874277344,257.92642979887694
66,66,21,draft|draft_verify,252.26998329162598,275.50601959228516,0.0,1254.0,56.0,490.664,490.664,527.8360476839111,261.5351102121582
66,66,22,draft|draft_verify,252.01940536499023,278.7027359008789,0.0,1310.0,53.0,471.01520000000005,471.01520000000005,530.7821836658691,275.56606439228517
66,66,23,draft|draft_verify,283.0471992492676,307.572603225708,0.0,1363.0,59.0,532.496,532.496,590.6798496749756,283.0471992492676
66,66,24,draft|draft_verify,146.6832160949707,308.93468856811523,0.0,1422.0,30.0,272.2152,307.632650425708,455.67792866308594,307.632650425708
66,66,25,draft|draft_verify,268.8479423522949,314.50581550598145,0.0,1452.0,56.0,516.8,516.8,583.4138026582764,308.99471256811523
66,66,26,draft|draft_verify,248.94165992736816,331.9101333618164,0.0,1508.0,53.0,495.7256,495.7256,580.9118356891845,314.56586030598146
66,66,27,draft|draft_verify,278.00583839416504,335.33549308776855,0.0,1561.0,59.0,560.0576,560.0576,613.4013786819336,331.9701757618164
66,66,28,draft|draft_verify,143.43523979187012,330.3093910217285,0.0,1620.0,30.0,285.996,335.39554028776854,473.80465481359863,335.39554028776854
66,66,29,draft|draft_verify,271.3334560394287,356.1384677886963,0.0,1650.0,56.0,542.9359999999999,542.9359999999999,627.531968628125,330.3694150217285
66,66,30,draft|draft_verify,255.57827949523926,368.25060844421387,0.0,1706.0,53.0,520.436,520.436,623.888930339453,356.1985125886963
66,66,31,draft|draft_verify,290.07887840270996,394.2294120788574,0.0,1759.0,59.0,587.6192,587.6192,684.3683376815674,368.31065084421385
66,66,32,draft|draft_verify,143.85366439819336,396.79670333862305,0.0,1818.0,30.0,299.7768,394.2894592788574,540.7103917368164,394.2894592788574
66,66,33,draft|draft_verify,252.20179557800293,397.1884250640869,0.0,1848.0,56.0,569.0719999999999,569.0719999999999,649.4502654420899,396.85672733862305
66,66,34,draft|draft_verify,235.5940341949463,407.012939453125,0.0,1904.0,53.0,545.1464000000001,545.1464000000001,642.6670160480712,397.2484698640869
66,66,35,draft|draft_verify,281.36539459228516,410.7804298400879,0.0,1957.0,59.0,615.1808000000001,615.1808000000001,692.205871632373,407.072981853125
66,66,36,draft|draft_verify,148.07629585266113,439.32509422302246,0.0,2016.0,30.0,313.5576,410.8404770400879,587.4614140756836,410.8404770400879
66,66,37,draft|draft_verify,265.669584274292,456.67409896850586,0.0,2046.0,56.0,595.208,1051.942143768506,722.4037280427979,896.1192619915283
67,67,1,draft|draft_verify,317.61980056762695,50.5375862121582,0.0,119.0,71.0,433.49600000000004,317.61980056762695,368.21744357978514,317.61980056762695
67,67,2,draft|draft_verify,449.19300079345703,60.5778694152832,0.0,190.0,99.0,624.5904,624.5904,509.83094940874025,449.19300079345703
67,67,3,draft|draft_verify|target|target_rescue_verify,520.8899974822998,191.20359420776367,761.6233825683594,289.0,114.0,748.1952,843.8570883038818,1473.7770654584228,761.6233825683594
67,67,4,draft|draft_verify,752.9165744781494,129.35209274291992,0.0,407.0,161.0,1111.34,1111.34,882.3287960210694,752.9165744781494
67,67,5,draft|draft_verify,1027.1310806274414,163.72346878051758,0.0,568.0,224.0,1649.696,1649.696,1190.914728607959,1027.1310806274414
67,67,6,draft|draft_verify|target|target_rescue_verify,936.2132549285889,383.1908702850342,672.8920936584473,792.0,202.0,1590.2631999999999,1781.9187967425169,1992.3563804720702,1127.8688516711059
67,67,7,draft|draft_verify,159.58023071289062,180.80878257751465,0.0,895.0,35.0,275.36,275.36,340.44904129040526,191.5954351425171
67,67,8,draft|draft_verify,165.64226150512695,203.0625343322754,0.0,930.0,33.0,262.1112,465.2337607322754,368.7648222374023,383.99137130979
68,68,1,draft|draft_verify,215.3029441833496,48.00677299499512,0.0,138.0,48.0,293.79359999999997,215.3029441833496,263.3697555783447,215.3029441833496
68,68,2,draft|draft_verify|target|target_rescue_verify,808.2194328308105,146.31080627441406,208.08839797973633,186.0,181.0,1158.388,1231.603547937207,1162.678781884961,881.4349807680176
68,68,3,draft|draft_verify,151.65400505065918,71.32291793823242,0.0,208.0,27.0,168.8016,168.8016,223.0369445888916,151.65400505065918
68,68,4,draft|draft_verify,127.47645378112793,70.36113739013672,0.0,235.0,27.0,170.4864,170.4864,197.89761277126465,127.47645378112793
68,68,5,draft|draft_verify,122.6186752319336,68.62545013427734,0.0,262.0,26.0,165.74,165.74,191.30414616621096,122.6186752319336
68,68,6,draft|draft_verify|target|target_rescue_verify,100.23999214172363,172.05429077148438,349.9126434326172,288.0,21.0,134.868,349.9126434326172,622.2669431458252,349.9126434326172
68,68,7,draft|draft_verify,191.30635261535645,100.2509593963623,0.0,342.0,39.0,256.8288,256.8288,291.6173432117188,191.30635261535645
68,68,8,draft|draft_verify,94.36178207397461,97.31173515319824,0.0,381.0,14.0,92.4656,100.3109905963623,191.73352842717287,100.3109905963623
68,68,9,draft|draft_verify,149.52850341796875,95.24345397949219,0.0,395.0,22.0,146.7424,146.7424,244.83197499746095,149.52850341796875
68,68,10,draft|draft_verify|target|backtracking_verify,159.7299575805664,257.9214572906494,259.42492485046387,417.0,25.0,168.2392,297.2599486453247,677.1363597216797,288.7507062258911
68,68,11,draft|draft_verify|target|target_rescue_verify,309.33213233947754,411.8001461029053,283.1563949584961,891.0,54.0,426.7296,632.6897162514526,1004.3487166008789,515.2922485909302
68,68,12,draft|draft_verify,60.57596206665039,136.85941696166992,0.0,465.0,11.0,74.432,205.90007305145264,197.4953878283203,205.90007305145264
68,68,13,draft|draft_verify,254.94861602783203,145.81871032714844,0.0,476.0,50.0,345.9176,345.9176,400.8273663549804,254.94861602783203
68,68,14,draft|draft_verify,117.4018383026123,133.09311866760254,0.0,526.0,21.0,146.292,146.292,250.55497377021484,145.87875032714842
68,68,15,draft|draft_verify,126.89518928527832,130.2168369293213,0.0,547.0,27.0,189.95520000000002,189.95520000000002,257.17204781459964,133.15313546760254
68,68,16,draft|draft_verify,40.9388542175293,130.629301071167,0.0,574.0,9.0,62.7672,130.2768585293213,171.6281624886963,130.2768585293213
68,68,17,draft|draft_verify,126.88970565795898,133.20159912109375,0.0,583.0,25.0,177.8008,177.8008,260.15132477905274,130.689308271167
68,68,18,draft|draft_verify,40.78984260559082,133.09001922607422,0.0,608.0,8.0,56.2016,133.26161912109376,173.93986823166503,133.26161912109376
68,68,19,draft|draft_verify,52.841901779174805,133.2833766937256,0.0,616.0,10.0,70.81360000000001,133.1500256260742,186.1852864729004,133.1500256260742
68,68,20,draft|draft_verify,47.12867736816406,133.34298133850098,0.0,626.0,9.0,63.765600000000006,133.3433846937256,180.53166590666504,133.3433846937256
68,68,21,draft|draft_verify,180.48572540283203,153.58471870422363,0.0,635.0,36.0,261.492,261.492,334.13047290705566,180.48572540283203
68,68,22,draft|draft_verify,113.42859268188477,154.4516086578369,0.0,671.0,23.0,168.056,168.056,267.94021973972167,153.64474750422363
68,68,23,draft|draft_verify,135.6956958770752,161.33475303649902,0.0,694.0,28.0,206.5984,206.5984,297.0904713135742,154.5116270578369
68,68,24,draft|draft_verify,66.07747077941895,155.5006504058838,0.0,722.0,10.0,73.1032,161.39477543649903,221.63812918530272,161.39477543649903
68,68,25,draft|draft_verify,67.26241111755371,155.02643585205078,0.0,732.0,9.0,65.80080000000001,310.6471014579346,222.3488541696045,310.6471014579346
69,69,1,draft|draft_verify|target|backtracking_verify,405.8990478515625,82.56244659423828,274.1994857788086,121.0,90.0,552.0576,447.24034314868163,762.7210522246094,447.24034314868163
69,69,2,draft|draft_verify|target|backtracking_verify,1814.4869804382324,361.88220977783203,2050.9426593780518,372.0,391.0,2775.52,2956.521417688916,4227.3721623941165,2050.9426593780518
69,69,4,draft|draft_verify,806.8196773529053,97.9468822479248,0.0,260.0,171.0,1122.5040000000001,1122.5040000000001,904.8266964008301,806.8196773529053
69,69,5,draft|draft_verify|target|target_rescue_verify,332.9463005065918,254.07910346984863,325.86073875427246,431.0,67.0,458.15680000000003,585.2564053349244,912.9461963307128,460.0459058415161
69,69,6,draft|draft_verify|target|target_rescue_verify,672.1651554107666,261.2180709838867,1019.8013782501221,471.0,142.0,998.4928,1129.1619490919434,1953.2447182447754,1019.8013782501221
69,69,7,draft|draft_verify,74.18084144592285,132.88068771362305,0.0,637.0,15.0,107.7552,130.60903549194336,207.1215411595459,130.60903549194336
69,69,9,draft|draft_verify,157.26971626281738,279.7243595123291,0.0,1355.0,30.0,267.552,267.552,437.0540997751465,157.26971626281738
69,69,10,draft|draft_verify,85.22295951843262,278.43189239501953,0.0,1385.0,16.0,141.988,558.2762887073486,363.71486471345213,558.2762887073486
70,70,1,draft|draft_verify,316.0417079925537,29.714107513427734,0.0,67.0,69.0,412.6248,316.0417079925537,345.81587070598147,316.0417079925537
70,70,2,draft|draft_verify,108.51430892944336,31.871795654296875,0.0,136.0,24.0,145.9296,145.9296,140.44612378374023,108.51430892944336
70,70,3,draft|draft_verify,44.82293128967285,30.83491325378418,0.0,160.0,7.0,42.5344,42.5344,75.71785014345703,44.82293128967285
70,70,4,draft|draft_verify,238.94309997558594,52.06418037414551,0.0,167.0,39.0,240.86880000000002,240.86880000000002,291.06731154973147,238.94309997558594
70,70,5,draft|draft_verify,241.47701263427734,61.214447021484375,0.0,206.0,39.0,244.4256,244.4256,302.75149085576174,241.47701263427734
70,70,6,draft|draft_verify,110.43500900268555,65.77682495117188,0.0,245.0,19.0,120.0544,120.0544,176.27184915385743,110.43500900268555
70,70,7,draft|draft_verify,171.5104579925537,63.46440315246582,0.0,264.0,33.0,210.9624,274.4868295524658,235.03488754501953,235.03488754501953
71,71,1,draft|draft_verify,390.56897163391113,35.56036949157715,0.0,94.0,88.0,533.9344,390.56897163391113,426.18941152548825,390.56897163391113
71,71,2,draft|draft_verify,137.00199127197266,57.57284164428711,0.0,182.0,31.0,192.16,192.16,194.63485771625977,137.00199127197266
71,71,3,draft|draft_verify,226.30548477172852,68.23563575744629,0.0,213.0,51.0,321.36,321.36,294.60116132917483,226.30548477172852
71,71,4,draft|draft_verify,131.3486099243164,68.14694404602051,0.0,264.0,28.0,178.7344,178.7344,199.55557637033692,131.3486099243164
71,71,5,draft|draft_verify,38.04469108581543,66.26725196838379,0.0,292.0,8.0,50.8928,68.2069664460205,104.37194945419921,68.2069664460205
71,71,6,draft|draft_verify,121.15597724914551,77.54135131835938,0.0,300.0,26.0,168.02,168.02,198.7573493675049,121.15597724914551
71,71,7,draft|draft_verify,29.23870086669922,76.62487030029297,0.0,326.0,6.0,38.388,77.60137211835938,105.92357596699219,77.60137211835938
71,71,8,draft|draft_verify,62.59465217590332,80.82747459411621,0.0,332.0,13.0,84.36880000000001,84.36880000000001,143.48213717001954,76.68487510029297
71,71,9,draft|draft_verify,154.33573722839355,96.12655639648438,0.0,345.0,29.0,190.6184,286.8049795964844,250.52231682487792,250.52231682487792
72,72,1,draft|draft_verify,340.2819633483887,31.464099884033203,0.0,103.0,65.0,393.9128,340.2819633483887,371.80611523242186,340.2819633483887
72,72,2,draft|draft_verify,120.13840675354004,54.00681495666504,0.0,168.0,23.0,141.4976,141.4976,174.20524011020507,120.13840675354004
72,72,3,draft|draft_verify,174.92151260375977,53.075551986694336,0.0,191.0,37.0,230.4808,230.4808,228.0570941904541,174.92151260375977
72,72,4,draft|draft_verify,122.36499786376953,69.70095634460449,0.0,228.0,24.0,151.00799999999998,151.00799999999998,192.12597340837402,122.36499786376953
72,72,5,draft|draft_verify,52.423954010009766,63.77696990966797,0.0,252.0,10.0,62.95120000000001,69.76097554460449,116.26093191967774,69.76097554460449
72,72,6,draft|draft_verify,57.608842849731445,65.20962715148926,0.0,262.0,11.0,69.56,69.56,122.8784788012207,63.83697790966797
72,72,7,draft|draft_verify,30.608177185058594,64.77952003479004,0.0,273.0,5.0,31.344800000000003,65.26963595148926,95.44770121984862,65.26963595148926
72,72,8,draft|draft_verify,161.59391403198242,82.07058906555176,0.0,278.0,33.0,212.03760000000003,212.03760000000003,243.72452949753418,161.59391403198242
72,72,9,draft|draft_verify,61.406612396240234,84.53583717346191,0.0,311.0,12.0,77.24879999999999,82.13061546555176,146.00245916970215,82.13061546555176
72,72,10,draft|draft_verify,60.896873474121094,79.48160171508789,0.0,323.0,10.0,64.4848,164.1374564885498,140.438483189209,164.1374564885498
73,73,1,draft|draft_verify,209.06496047973633,24.45507049560547,0.0,72.0,40.0,238.21120000000002,209.06496047973633,233.5800629753418,209.06496047973633
73,73,2,draft|draft_verify,149.32847023010254,31.46672248840332,0.0,112.0,29.0,174.9608,174.9608,180.85521591850585,149.32847023010254
73,73,3,draft|draft_verify,86.8062973022461,30.789852142333984,0.0,141.0,20.0,121.68560000000001,121.68560000000001,117.65616544458008,86.8062973022461
73,73,4,draft|draft_verify,106.42409324645996,51.47552490234375,0.0,161.0,27.0,165.86880000000002,165.86880000000002,157.9596397488037,106.42409324645996
73,73,5,draft|draft_verify,29.58226203918457,51.26667022705078,0.0,188.0,7.0,42.9376,51.53554650234375,80.90893786623535,51.53554650234375
73,73,6,draft|draft_verify,64.99242782592773,51.6054630279541,0.0,195.0,13.0,80.42320000000001,80.42320000000001,116.65790125388183,64.99242782592773
73,73,7,draft|draft_verify,35.11214256286621,51.071882247924805,0.0,208.0,7.0,43.2256,51.665473427954105,86.24403041079101,51.665473427954105
73,73,8,draft|draft_verify,92.27538108825684,59.69405174255371,0.0,215.0,20.0,125.06,125.06,152.02944883081057,92.27538108825684
73,73,9,draft|draft_verify,50.37260055541992,59.74221229553223,0.0,235.0,11.0,68.912,68.912,110.17482165095214,59.75406774255371
73,73,10,draft|draft_verify,130.56325912475586,61.180830001831055,0.0,246.0,28.0,177.56799999999998,177.56799999999998,191.80411152658692,130.56325912475586
73,73,11,draft|draft_verify,71.67196273803711,61.75661087036133,0.0,274.0,15.0,95.5584,95.5584,133.48858560839844,71.67196273803711
73,73,12,draft|draft_verify,72.78251647949219,77.02755928039551,0.0,289.0,14.0,89.5952,166.6827704803955,149.87008695988771,149.87008695988771
74,74,1,draft|draft_verify,335.4771137237549,31.27264976501465,0.0,97.0,74.0,448.2368,335.4771137237549,366.80982268876954,335.4771137237549
74,74,2,draft|draft_verify|target|target_rescue_verify,364.0561103820801,129.06217575073242,650.2935886383057,171.0,80.0,499.20560000000006,650.2935886383057,1143.4719387711182,650.2935886383057
74,74,3,draft|draft_verify|target|target_rescue_verify,453.30286026000977,191.82968139648438,533.6668491363525,275.0,98.0,637.9472,733.9221190982421,1178.8594691928467,549.2777793582519
74,74,4,draft|draft_verify,388.64994049072266,140.2294635772705,0.0,356.0,88.0,588.64,588.64,528.9394744679931,388.64994049072266
74,74,5,draft|draft_verify,114.22610282897949,125.09632110595703,0.0,444.0,23.0,156.0704,281.226739505957,239.3824423349365,265.44587348322756
75,75,1,draft|draft_verify,142.9598331451416,21.231889724731445,0.0,73.0,32.0,190.3016,142.9598331451416,164.25174846987304,142.9598331451416
75,75,2,draft|draft_verify,136.44766807556152,29.63113784790039,0.0,105.0,31.0,186.61599999999999,186.61599999999999,166.13883072346192,136.44766807556152
75,75,3,draft|draft_verify,405.1957130432129,50.93050003051758,0.0,136.0,76.0,467.56,467.56,456.18627387373044,405.1957130432129
75,75,4,draft|draft_verify,242.74587631225586,60.56857109069824,0.0,212.0,54.0,340.36080000000004,340.36080000000004,303.3744906029541,242.74587631225586
75,75,5,draft|draft_verify,558.3407878875732,104.06756401062012,0.0,266.0,123.0,801.9119999999999,801.9119999999999,662.4684502981934,558.3407878875732
75,75,6,draft|draft_verify,118.51978302001953,92.90742874145508,0.0,389.0,24.0,159.8952,252.86264794145507,211.4872309614746,211.4872309614746
76,76,1,draft|draft_verify,238.0218505859375,30.27963638305664,0.0,89.0,54.0,324.71520000000004,238.0218505859375,268.36153016899414,238.0218505859375
76,76,2,draft|draft_verify,253.86571884155273,51.92446708679199,0.0,143.0,51.0,312.96000000000004,312.96000000000004,305.85022672834475,253.86571884155273
76,76,3,draft|draft_verify,116.5006160736084,51.31101608276367,0.0,194.0,26.0,161.66,161.66,167.8716529563721,116.5006160736084
76,76,4,draft|draft_verify,132.798433303833,60.95457077026367,0.0,220.0,31.0,194.896,194.896,193.8130288740967,132.798433303833
76,76,5,draft|draft_verify,112.48064041137695,61.02705001831055,0.0,251.0,26.0,165.08,165.08,173.56771122968752,112.48064041137695
76,76,6,draft|draft_verify,124.59111213684082,78.33266258239746,0.0,277.0,23.0,147.2528,147.2528,202.98379311923827,124.59111213684082
76,76,7,draft|draft_verify,249.78208541870117,80.42573928833008,0.0,300.0,53.0,344.96720000000005,344.96720000000005,330.26786710703124,249.78208541870117
76,76,8,draft|draft_verify,323.8346576690674,104.17532920837402,0.0,353.0,68.0,452.5496,452.5496,428.0700412774414,323.8346576690674
76,76,9,draft|draft_verify,227.83541679382324,139.28675651550293,0.0,421.0,47.0,318.8528,318.8528,367.18221090932616,227.83541679382324
76,76,10,draft|draft_verify,79.91409301757812,126.47628784179688,0.0,468.0,16.0,108.976,139.34679411550292,206.45039365937498,139.34679411550292
76,76,11,draft|draft_verify,122.21121788024902,128.27467918395996,0.0,484.0,25.0,172.0984,172.0984,250.545917064209,126.53630064179687
76,76,12,draft|draft_verify,83.92763137817383,143.8586711883545,0.0,509.0,17.0,117.452,128.33469918395997,227.8463161665283,128.33469918395997
76,76,13,draft|draft_verify,55.1602840423584,137.16483116149902,0.0,526.0,11.0,75.896,143.91868478835448,192.3851240038574,143.91868478835448
76,76,14,draft|draft_verify,61.887264251708984,128.21531295776367,0.0,537.0,14.0,97.33279999999999,137.22483996149901,190.16258840947265,137.22483996149901
76,76,15,draft|draft_verify,41.146039962768555,127.64406204223633,0.0,551.0,8.0,55.244,128.27532415776366,168.85010840500487,128.27532415776366
76,76,16,draft|draft_verify,90.99173545837402,128.71551513671875,0.0,559.0,16.0,112.25200000000001,127.70406844223633,219.76726339509275,127.70406844223633
76,76,17,draft|draft_verify,110.15033721923828,129.20475006103516,0.0,575.0,22.0,155.8144,285.07916766103517,239.41510488027342,258.0402955977539
77,77,1,draft|draft_verify,210.45613288879395,29.378175735473633,0.0,81.0,53.0,317.636,210.45613288879395,239.89435102426756,210.45613288879395
77,77,2,draft|draft_verify,88.41562271118164,30.461549758911133,0.0,134.0,23.0,139.7024,139.7024,118.93719087009278,88.41562271118164
77,77,3,draft|draft_verify,159.31415557861328,51.00440979003906,0.0,157.0,36.0,221.34,221.34,210.37859416865234,159.31415557861328
77,77,4,draft|draft_verify,116.45078659057617,51.175594329833984,0.0,193.0,26.0,161.60000000000002,161.60000000000002,167.68640172041017,116.45078659057617
77,77,5,draft|draft_verify,46.45109176635742,55.463552474975586,0.0,219.0,10.0,62.238400000000006,62.238400000000006,101.97465224133302,51.23561512983398
77,77,6,draft|draft_verify,326.82204246520996,84.03944969177246,0.0,229.0,71.0,451.976,451.976,410.9215489569824,326.82204246520996
77,77,7,draft|draft_verify,138.63205909729004,85.0362777709961,0.0,300.0,30.0,194.12400000000002,194.12400000000002,223.72836086828613,138.63205909729004
77,77,8,draft|draft_verify,345.93701362609863,105.88812828063965,0.0,330.0,74.0,489.0584,489.0584,451.8852011067383,345.93701362609863
77,77,9,draft|draft_verify,57.89542198181152,100.49867630004883,0.0,404.0,11.0,72.968,105.94818748063965,158.45410708186034,105.94818748063965
77,77,10,draft|draft_verify,186.49578094482422,127.00819969177246,0.0,415.0,33.0,222.5592,222.5592,313.56400703659665,186.49578094482422
77,77,11,draft|draft_verify,234.3602180480957,127.25520133972168,0.0,448.0,41.0,280.316,280.316,361.67545218781737,234.3602180480957
77,77,12,draft|draft_verify,92.11444854736328,131.59465789794922,0.0,489.0,18.0,123.6384,127.31523413972168,223.7691208453125,127.31523413972168
77,77,13,draft|draft_verify,135.9384059906006,137.09282875061035,0.0,507.0,26.0,180.44,317.59284955061037,273.0912555412109,273.0912555412109
78,78,1,draft|draft_verify|target|target_rescue_verify,388.8874053955078,112.19024658203125,616.3249015808105,152.0,86.0,533.4200000000001,616.3249015808105,1117.4626223583496,616.3249015808105
78,78,2,draft|draft_verify|target|backtracking_verify,222.83053398132324,200.36745071411133,2244.385004043579,251.0,48.0,306.53999999999996,2244.385004043579,2667.6430271390136,2244.385004043579
78,78,3,draft|draft_verify|target|target_rescue_verify,172.03688621520996,170.8984375,262.67170906066895,299.0,37.0,239.81199999999998,410.77046709999996,605.6670623758789,348.12092781066895
79,79,1,draft|draft_verify|target|backtracking_verify,412.5709533691406,121.94108963012695,404.3090343475342,196.0,95.0,600.2336,473.6015741842041,938.8811533468017,473.6015741842041
79,79,2,draft|draft_verify|target|backtracking_verify|target_rescue_verify,1981.7097187042236,499.3896484375,3959.144115447998,552.0,442.0,3355.2232,5709.397847652124,6440.303836189722,4335.8843663563475
79,79,3,draft|draft_verify|target|target_rescue_verify,1284.0054035186768,534.3320369720459,1958.6029052734375,846.0,289.0,2343.4936,3723.604311565753,3777.0005769641602,2664.11611508443
79,79,5,draft|draft_verify|target|target_rescue_verify,706.8250179290771,792.1395301818848,2039.886474609375,1731.0,155.0,1558.1216,3172.229608941101,3538.911146720337,2435.9562397003174
79,79,6,draft|draft_verify|target|target_rescue_verify,811.0170364379883,435.33968925476074,838.5956287384033,914.0,174.0,1414.3752,1849.7750284547608,2085.012493631152,1246.4168648927491
80,80,1,draft|draft_verify|target|backtracking_verify,244.74310874938965,89.13159370422363,539.6301746368408,111.0,49.0,296.8696,539.6301746368408,873.5649162904541,539.6301746368408
80,80,2,draft|draft_verify|target|target_rescue_verify,309.6590042114258,103.20281982421875,347.3079204559326,160.0,64.0,396.3904,448.05186111210935,760.2297956915771,361.32046532353513
80,80,3,draft|draft_verify|target|backtracking_verify,492.9354190826416,130.88393211364746,519.0145969390869,213.0,79.0,500.728,566.2300292568237,1142.894011335376,558.4374483394654
80,80,4,draft|draft_verify|target|target_rescue_verify,926.0108470916748,291.72563552856445,546.5924739837646,589.0,166.0,1218.952,1364.8749505642822,1764.389089404004,1071.933797655957
80,80,5,draft|draft_verify,511.5363597869873,127.16388702392578,0.0,378.0,110.0,744.6727999999999,744.6727999999999,638.760334810913,511.5363597869873
80,80,6,draft|draft_verify|target|target_rescue_verify,387.2830867767334,260.12372970581055,543.950080871582,488.0,87.0,609.0816,739.2035344529053,1191.416966954126,543.950080871582
80,80,7,draft|draft_verify,504.5487880706787,133.3322525024414,0.0,571.0,110.0,795.1615999999999,795.1615999999999,637.9411285731201,504.5487880706787
80,80,8,draft|draft_verify,384.74082946777344,154.51908111572266,0.0,681.0,83.0,618.608,618.608,539.3199769834961,384.74082946777344
80,80,9,draft|draft_verify,522.5257873535156,177.88052558898926,0.0,764.0,110.0,845.6504,845.6504,700.4664009425048,522.5257873535156
80,80,10,draft|draft_verify,388.85951042175293,201.8287181854248,0.0,874.0,83.0,656.5904,656.5904,590.7482950071777,388.85951042175293
80,80,11,draft|draft_verify|target|target_rescue_verify,217.13495254516602,436.56444549560547,727.4610996246338,957.0,45.0,361.73519999999996,727.4610996246338,1381.2205336654051,727.4610996246338
80,80,12,draft|draft_verify,390.1834487915039,231.48179054260254,0.0,1067.0,83.0,694.5728,694.5728,621.7253057341064,390.1834487915039
80,80,13,draft|draft_verify,520.2574729919434,259.1574192047119,0.0,1150.0,110.0,946.6279999999999,946.6279999999999,779.4749801966552,520.2574729919434
80,80,14,draft|draft_verify,390.8505439758301,277.6906490325928,0.0,1260.0,83.0,732.5552,732.5552,668.6012594084228,390.8505439758301
80,80,15,draft|draft_verify,520.5357074737549,308.6512088775635,0.0,1343.0,110.0,997.1168,997.1168,829.2470043513183,520.5357074737549
80,80,16,draft|draft_verify,359.818696975708,314.24760818481445,0.0,1453.0,83.0,770.5376,770.5376,674.1263715605224,359.818696975708
80,80,17,draft|draft_verify,518.8760757446289,332.83042907714844,0.0,1536.0,110.0,1047.6055999999999,1047.6055999999999,851.7665928217773,518.8760757446289
80,80,18,draft|draft_verify,389.6749019622803,355.0741672515869,0.0,1646.0,83.0,808.52,808.52,744.8091356138672,389.6749019622803
80,80,19,draft|draft_verify,534.4133377075195,389.77622985839844,0.0,1729.0,110.0,1098.0944,1098.0944,924.2496555659179,534.4133377075195
80,80,20,draft|draft_verify,392.301082611084,396.4414596557617,0.0,1839.0,83.0,846.5024,846.5024,788.8026086668457,392.301082611084
80,80,21,draft|draft_verify,515.4874324798584,406.80885314941406,0.0,1922.0,110.0,1148.5832,1148.5832,922.3563736292724,515.4874324798584
80,80,22,draft|draft_verify,524.1010189056396,436.97643280029297,0.0,2032.0,83.0,884.4848,1321.521299200293,961.1375181059326,961.1375181059326
81,81,1,draft|draft_verify,210.50786972045898,30.951738357543945,0.0,109.0,47.0,284.408,210.50786972045898,241.51964567800292,210.50786972045898
81,81,2,draft|draft_verify,98.61540794372559,31.29744529724121,0.0,156.0,22.0,134.6968,134.6968,129.97287084096678,98.61540794372559
81,81,3,draft|draft_verify,98.1740951538086,51.0869026184082,0.0,178.0,22.0,135.8056,135.8056,149.32101537221678,98.1740951538086
81,81,4,draft|draft_verify,195.1301097869873,60.59432029724121,0.0,200.0,44.0,275.4704,275.4704,255.7844652842285,195.1301097869873
81,81,5,draft|draft_verify,212.34607696533203,61.446428298950195,0.0,244.0,46.0,292.87600000000003,292.87600000000003,273.85254206428226,212.34607696533203
81,81,6,draft|draft_verify,262.30478286743164,77.6224136352539,0.0,290.0,42.0,271.68240000000003,271.68240000000003,339.98723010268554,262.30478286743164
81,81,7,draft|draft_verify,215.7604694366455,96.94528579711914,0.0,332.0,45.0,295.7352,295.7352,312.7657912337646,215.7604694366455
81,81,8,draft|draft_verify,90.52515029907227,97.35703468322754,0.0,377.0,18.0,119.06880000000001,216.48584908322755,187.9421993822998,194.42237088034668
82,82,1,draft|draft_verify,157.69195556640625,29.64639663696289,0.0,105.0,35.0,210.89600000000002,157.69195556640625,187.39838020336913,157.69195556640625
82,82,2,draft|draft_verify,259.2029571533203,50.29106140136719,0.0,140.0,66.0,405.82800000000003,405.82800000000003,309.5540713546875,259.2029571533203
82,82,3,draft|draft_verify,517.8771018981934,84.65290069580078,0.0,206.0,119.0,758.2496000000001,758.2496000000001,602.5900977939941,517.8771018981934
82,82,4,draft|draft_verify,414.6227836608887,102.99301147460938,0.0,325.0,89.0,588.8984,588.8984,517.6758663354981,414.6227836608887
82,82,5,draft|draft_verify,120.95308303833008,125.57458877563477,0.0,414.0,24.0,161.27519999999998,286.90980797563475,246.58769101396484,246.58769101396484
83,83,1,draft|draft_verify|target|backtracking_verify,265.74134826660156,63.49945068359375,425.93932151794434,99.0,60.0,362.6664,425.93932151794434,755.2401684681397,425.93932151794434
83,83,2,draft|draft_verify|target|target_rescue_verify,611.2205982208252,241.14012718200684,1394.49143409729,327.0,149.0,997.8728,1876.0337316351502,2246.912278700122,1515.0614976882935
83,83,3,draft|draft_verify|target|target_rescue_verify,835.2413177490234,369.65370178222656,1956.1982154846191,530.0,182.0,1314.4424,2569.8419296789793,3161.153380615869,2141.0250663757324
83,83,4,draft|draft_verify|target|target_rescue_verify,1194.6992874145508,383.3270072937012,940.4478073120117,849.0,246.0,1983.576,2175.2997004468507,2518.5342988202638,1386.4229878614015
83,83,5,draft|draft_verify,393.1150436401367,127.99501419067383,0.0,524.0,94.0,667.0072,667.0072,521.1701330308106,393.1150436401367
83,83,6,draft|draft_verify,138.8230323791504,131.06131553649902,0.0,618.0,30.0,216.2568,216.2568,269.9443719156494,138.8230323791504
83,83,7,draft|draft_verify,171.14830017089844,151.2465476989746,0.0,648.0,36.0,262.584,413.8905764989746,322.45487666987304,322.45487666987304
84,84,1,draft|draft_verify|target|backtracking_verify,447.19743728637695,97.43595123291016,488.4641170501709,120.0,102.0,626.9304,495.975494502832,1033.157587169458,495.975494502832
84,84,2,draft|draft_verify|target|target_rescue_verify,1061.239242553711,395.7188129425049,5177.685499191284,405.0,237.0,1656.8904,5177.685499191284,6634.7037442875,5177.685499191284
84,84,3,draft|draft_verify,301.90443992614746,81.60567283630371,0.0,249.0,67.0,429.32800000000003,429.32800000000003,383.5701663624512,301.90443992614746
84,84,4,draft|draft_verify,330.56116104125977,92.54789352416992,0.0,316.0,72.0,473.2608,473.2608,423.1691121654297,330.56116104125977
84,84,5,draft|draft_verify|target|target_rescue_verify,1084.0070247650146,259.5934867858887,642.8964138031006,388.0,240.0,1668.9888,1798.8457353929443,1986.5571173540038,1213.863960157959
84,84,6,draft|draft_verify,674.9253273010254,131.1783790588379,0.0,491.0,154.0,1092.5296,1092.5296,806.1638295598633,674.9253273010254
84,84,7,draft|draft_verify|target|target_rescue_verify,325.2742290496826,306.0884475708008,469.341516494751,645.0,78.0,574.1232,727.2274861854004,1100.7642555152343,478.378515235083
84,84,8,draft|draft_verify,544.3153381347656,175.67849159240723,0.0,719.0,132.0,1004.484,1004.484,720.0539353271729,544.3153381347656
84,84,9,draft|draft_verify|target|target_rescue_verify,313.762903213501,378.2999515533447,847.8214740753174,851.0,77.0,604.2248,847.8214740753174,1539.944390442163,847.8214740753174
84,84,10,draft|draft_verify|target|backtracking_verify,218.3518409729004,414.14880752563477,372.21360206604004,991.0,53.0,431.204,638.3384461628174,1004.7742929645751,425.48628713571776
84,84,11,draft|draft_verify|target|target_rescue_verify|backtracking_verify,518.1546211242676,908.3397388458252,417.9577827453613,2091.0,122.0,1325.2208,2215.5145931070497,1844.5122403154542,1408.4484142313172
84,84,12,draft|draft_verify|target|target_rescue_verify,482.1808338165283,486.94419860839844,239.64524269104004,1091.0,105.0,888.1176,1375.1218826083984,1208.8303591159668,969.1851164249267
85,85,1,draft|draft_verify|target|backtracking_verify,548.7964153289795,111.92846298217773,265.8054828643799,176.0,118.0,743.308,660.7849727111573,926.5904555755371,660.7849727111573
86,86,1,draft|draft_verify,310.6873035430908,31.07619285583496,0.0,81.0,71.0,427.112,310.6873035430908,341.82355319892577,310.6873035430908
86,86,2,draft|draft_verify,76.78604125976562,30.689001083374023,0.0,152.0,17.0,103.7432,103.7432,107.53505594313965,76.78604125976562
86,86,3,draft|draft_verify,261.7659568786621,51.442623138427734,0.0,169.0,59.0,366.2912,366.2912,313.26862721708983,261.7659568786621
86,86,4,draft|draft_verify,97.27311134338379,59.937238693237305,0.0,228.0,22.0,138.3256,138.3256,157.27036763662107,97.27311134338379
86,86,5,draft|draft_verify,200.7303237915039,60.85205078125,0.0,250.0,46.0,293.524,293.524,261.64241137275394,200.7303237915039
86,86,6,draft|draft_verify,53.9395809173584,77.47840881347656,0.0,296.0,11.0,70.376,70.376,131.47799853083495,60.91208758125
86,86,7,draft|draft_verify,329.941987991333,103.67631912231445,0.0,307.0,74.0,485.0288,485.0288,433.6783663136475,329.941987991333
86,86,8,draft|draft_verify,174.39961433410645,93.19829940795898,0.0,381.0,42.0,280.6368,280.6368,267.6579473420654,174.39961433410645
86,86,9,draft|draft_verify,129.12440299987793,124.62210655212402,0.0,423.0,30.0,202.68480000000002,202.68480000000002,253.80653355200195,129.12440299987793
86,86,10,draft|draft_verify,19.069433212280273,125.50950050354004,0.0,453.0,4.0,26.236,124.68213055212402,144.63893691582032,124.68213055212402
86,86,11,draft|draft_verify,197.3891258239746,128.2055377960205,0.0,457.0,45.0,308.9352,308.9352,325.6546996199951,197.3891258239746
86,86,12,draft|draft_verify,50.79340934753418,143.91040802001953,0.0,502.0,11.0,75.32,128.2655737960205,194.7638261675537,128.2655737960205
86,86,13,draft|draft_verify,50.90832710266113,144.3781852722168,0.0,513.0,10.0,68.5888,288.40861009223636,195.34652037487794,288.40861009223636
87,87,1,draft|draft_verify,230.80706596374512,29.593944549560547,0.0,90.0,51.0,306.6,230.80706596374512,260.4610513133057,230.80706596374512
87,87,2,draft|draft_verify,160.44950485229492,31.407594680786133,0.0,141.0,36.0,219.996,219.996,191.91712833308105,160.44950485229492
87,87,3,draft|draft_verify|target|target_rescue_verify,327.040433883667,112.55216598510742,345.4933166503906,177.0,73.0,455.91280000000006,512.2489413925538,785.145974919165,383.3765752762207
87,87,4,draft|draft_verify,47.867774963378906,58.481693267822266,0.0,228.0,10.0,62.43280000000001,62.43280000000001,106.40947623120118,56.27608299255371
87,87,5,draft|draft_verify,165.4188632965088,61.06400489807129,0.0,238.0,36.0,228.144,228.144,226.54289699458008,165.4188632965088
87,87,6,draft|draft_verify,150.24352073669434,78.37557792663574,0.0,274.0,32.0,205.256,205.256,228.67912426333007,150.24352073669434
87,87,7,draft|draft_verify|target|target_rescue_verify,562.4740123748779,187.63065338134766,576.0161876678467,306.0,120.0,793.3296,887.2050226906739,1326.1809494240724,656.3494350655518
87,87,8,draft|draft_verify,64.49246406555176,93.14751625061035,0.0,399.0,13.0,86.2984,93.81532669067383,157.69999071616212,93.81532669067383
87,87,9,draft|draft_verify,67.52181053161621,125.07414817810059,0.0,412.0,14.0,93.4328,93.4328,192.65596990971682,93.20752665061035
87,87,10,draft|draft_verify,35.08901596069336,125.01788139343262,0.0,426.0,7.0,46.3648,125.13415937810059,160.166902954126,125.13415937810059
87,87,11,draft|draft_verify,149.49607849121094,125.67520141601562,0.0,433.0,31.0,210.232,210.232,275.23130470722657,149.49607849121094
87,87,12,draft|draft_verify,86.85302734375,127.56776809692383,0.0,464.0,18.0,122.61840000000001,125.73522621601562,214.48080984067383,125.73522621601562
87,87,13,draft|draft_verify,435.5757236480713,128.06057929992676,0.0,482.0,91.0,636.28,636.28,563.696375747998,435.5757236480713
87,87,14,draft|draft_verify,58.002471923828125,128.59416007995605,0.0,573.0,11.0,77.024,128.12065209992676,186.65664080378417,128.12065209992676
87,87,15,draft|draft_verify,187.17408180236816,131.06322288513184,0.0,584.0,45.0,322.3464,322.3464,318.29734068749997,187.17408180236816
87,87,16,draft|draft_verify,33.06221961975098,132.43579864501953,0.0,629.0,6.0,42.023999999999994,131.12325888513183,165.5580230647705,131.12325888513183
87,87,17,draft|draft_verify,92.81253814697266,130.51533699035645,0.0,635.0,19.0,136.9024,136.9024,223.3878903373291,132.49580344501953
87,87,18,draft|draft_verify,95.03483772277832,153.60426902770996,0.0,654.0,21.0,152.436,306.10028582770997,248.69912355048828,284.23963801806644
88,88,1,draft|draft_verify,333.0223560333252,51.04494094848633,0.0,121.0,73.0,446.23600000000005,333.0223560333252,384.1273553818115,333.0223560333252
88,88,2,draft|draft_verify|target|target_rescue_verify,1056.2193393707275,236.81974411010742,2643.23353767395,194.0,224.0,1449.5312,2643.23353767395,3936.332800354785,2643.23353767395
88,88,3,draft|draft_verify,1023.0660438537598,174.98302459716797,0.0,650.0,219.0,1654.4304,1654.4304,1198.1092436509277,1023.0660438537598
88,88,4,draft|draft_verify,1314.8510456085205,205.28292655944824,0.0,869.0,199.0,1602.4912,1602.4912,1520.1941313679688,1314.8510456085205
88,88,5,draft|draft_verify|target|target_rescue_verify,1594.0320491790771,537.1665954589844,1312.7119541168213,1068.0,353.0,3077.5735999999997,3614.800477858984,3443.9708811548826,2131.2589270380613
89,89,1,draft|draft_verify,139.36829566955566,50.8882999420166,0.0,169.0,29.0,178.7912,139.36829566955566,190.31661881157225,139.36829566955566
89,89,2,draft|draft_verify|target|target_rescue_verify,380.4764747619629,121.31667137145996,361.0966205596924,198.0,83.0,523.5536,584.2720020857299,862.9498330931152,441.19487684769285
89,89,3,draft|draft_verify|target|target_rescue_verify,524.6965885162354,188.3859634399414,891.1113739013672,253.0,112.0,725.1976,891.1113739013672,1604.254015457544,891.1113739013672
89,89,4,draft|draft_verify,521.5513706207275,144.07777786254883,0.0,402.0,109.0,743.9848,743.9848,665.6892356832764,521.5513706207275
89,89,5,draft|draft_verify,358.4764003753662,128.19290161132812,0.0,511.0,74.0,520.7696,520.7696,486.72936118669435,358.4764003753662
89,89,6,draft|draft_verify,587.0053768157959,151.95417404174805,0.0,585.0,112.0,813.6424,813.6424,739.0196404575439,587.0053768157959
89,89,7,draft|draft_verify,273.87428283691406,161.18979454040527,0.0,697.0,65.0,485.1512,485.1512,435.1241293773193,273.87428283691406
89,89,8,draft|draft_verify,239.30644989013672,174.27372932434082,0.0,762.0,49.0,371.8648,546.1985685243408,413.64021841447754,413.64021841447754
90,90,1,draft|draft_verify|target|backtracking_verify,377.28285789489746,122.47276306152344,506.300687789917,189.0,83.0,521.7824,506.300687789917,1006.1163751463379,506.300687789917
90,90,2,draft|draft_verify|target|backtracking_verify|target_rescue_verify,1762.8087997436523,629.2273998260498,7627.823829650879,543.0,375.0,2808.1967999999997,7942.437529563904,10019.920329220582,7942.437529563904
90,90,3,draft|draft_verify|target|target_rescue_verify|backtracking_verify,936.7225170135498,563.2598400115967,2366.17374420166,783.0,219.0,1724.016,3329.6079273095274,3866.216276426807,2647.8036642074585
90,90,4,draft|draft_verify|target|target_rescue_verify|backtracking_verify,1996.8481063842773,924.2048263549805,3719.038486480713,1630.0,421.0,4271.764,7521.354016416293,6640.151756019971,5246.4381228005695
90,90,5,draft|draft_verify|target|target_rescue_verify,928.7014007568359,614.9489879608154,1711.707353591919,1263.0,202.0,1817.4735999999998,3134.5991793665708,3255.41790390957,2245.826980123407
90,90,6,draft|draft_verify|target|target_rescue_verify,1802.582025527954,905.8825969696045,5461.716890335083,1540.0,442.0,4400.9223999999995,7811.253146494744,8170.2418664326415,5914.658188819885
90,90,7,draft|draft_verify|target|target_rescue_verify,1527.2622108459473,501.5571117401123,734.809160232544,994.0,332.0,2827.184,3328.8013773401126,2763.6887484186036,2028.8795881860597
91,91,1,draft|draft_verify|target|backtracking_verify,331.4669132232666,66.67685508728027,391.0963535308838,95.0,74.0,447.8864,391.0963535308838,789.3001810414307,391.0963535308838
91,91,2,draft|draft_verify|target|target_rescue_verify,1182.4309825897217,194.8838233947754,336.8058204650879,328.0,227.0,1542.4496,1639.9516932973877,1714.180808049585,1279.9330758871095
91,91,3,draft|draft_verify|target|backtracking_verify,376.53136253356934,250.39219856262207,1293.2870388031006,413.0,84.0,572.796,1293.2870388031006,1920.270667099292,1293.2870388031006
91,91,4,draft|draft_verify|target|target_rescue_verify,2232.1507930755615,639.3961906433105,2313.8530254364014,936.0,484.0,4143.6976,6219.156829693693,5185.460396355274,4307.610022769254
91,91,5,draft|draft_verify|target|backtracking_verify|target_rescue_verify,1360.0289821624756,780.7984352111816,2908.1778526306152,1318.0,296.0,2736.968,5326.478834563061,5049.065506804272,3949.539816725537
91,91,6,draft|draft_verify|target|target_rescue_verify,897.362470626831,666.2747859954834,1628.5691261291504,1415.0,191.0,1785.1280000000002,3132.4925446609623,3192.2665355514646,2244.7270152877927
91,91,7,draft|draft_verify,412.8003120422363,126.9521713256836,0.0,413.0,89.0,607.484,607.484,539.81255456792,412.8003120422363
91,91,8,draft|draft_verify,337.50343322753906,129.33683395385742,0.0,502.0,83.0,583.3808,583.3808,466.90033358139647,337.50343322753906
91,91,9,draft|draft_verify|target|backtracking_verify,298.82168769836426,293.5206890106201,610.7995510101318,585.0,52.0,373.26640000000003,610.7995510101318,1203.2019693191162,610.7995510101318
91,91,10,draft|draft_verify|target|target_rescue_verify,927.2520542144775,632.2438716888428,781.036376953125,1320.0,189.0,1723.0824,2587.8436434431947,2340.592454056445,1792.0132976576722
91,91,11,draft|draft_verify|target|target_rescue_verify,459.78403091430664,481.7984104156494,153.7015438079834,1439.0,96.0,890.0759999999999,1131.0352820078247,1095.3440619379394,700.7433129221313
91,91,12,draft|draft_verify,105.62443733215332,183.00700187683105,0.0,827.0,21.0,160.74,240.8992052078247,288.69145600898435,240.8992052078247
91,91,13,draft|draft_verify,512.5510692596436,201.7662525177002,0.0,848.0,108.0,851.5536000000001,851.5536000000001,714.3774081773438,512.5510692596436
91,91,14,draft|draft_verify,496.5553283691406,226.78184509277344,0.0,956.0,108.0,879.288,879.288,723.3972598619141,496.5553283691406
91,91,15,draft|draft_verify,101.29761695861816,228.52563858032227,0.0,1064.0,22.0,180.45999999999998,455.4275876730957,329.8832731389404,455.4275876730957
92,92,1,draft|draft_verify,212.68081665039062,31.46195411682129,0.0,75.0,48.0,286.68719999999996,212.68081665039062,244.2028091672119,212.68081665039062
92,92,2,draft|draft_verify|target|backtracking_verify,247.4827766418457,100.37827491760254,824.3680000305176,123.0,56.0,341.372,824.3680000305176,1172.2890963899658,824.3680000305176
92,92,3,draft|draft_verify|target|target_rescue_verify,392.9407596588135,112.90860176086426,359.24363136291504,179.0,89.0,558.0632,614.5775720804322,865.1530639825928,449.4551317392456
92,92,4,draft|draft_verify|target|target_rescue_verify,253.95846366882324,137.76779174804688,343.2188034057617,233.0,56.0,355.892,424.83594067402345,735.0051036226319,343.2188034057617
92,92,5,draft|draft_verify,269.52338218688965,87.40830421447754,0.0,287.0,57.0,369.58320000000003,369.58320000000003,356.9917320013672,269.52338218688965
92,92,6,draft|draft_verify|target|target_rescue_verify,283.47039222717285,209.51437950134277,208.9216709136963,344.0,60.0,397.3584,502.1756377506714,701.966490642212,388.28762997784423
92,92,7,draft|draft_verify,276.5324115753174,125.29397010803223,0.0,373.0,59.0,394.68800000000005,394.68800000000005,401.8864288833496,276.5324115753174
92,92,8,draft|draft_verify,139.05787467956543,125.98919868469238,0.0,432.0,29.0,196.4648,322.5140218846924,265.1070965642578,265.1070965642578
93,93,1,draft|draft_verify,189.88585472106934,31.145095825195312,0.0,118.0,42.0,254.75760000000002,189.88585472106934,221.09098414626465,189.88585472106934
93,93,2,draft|draft_verify|target|target_rescue_verify,240.4472827911377,100.54850578308105,236.39607429504395,160.0,54.0,333.74640000000005,384.0806960915406,577.4519060692627,290.7815788826782
93,93,3,draft|draft_verify,144.96898651123047,50.19736289978027,0.0,195.0,32.0,199.3784,199.3784,195.22637501101073,144.96898651123047
93,93,4,draft|draft_verify,148.9427089691162,60.47987937927246,0.0,227.0,33.0,208.1208,208.1208,209.48261474838867,148.9427089691162
93,93,5,draft|draft_verify,180.7882785797119,61.99288368225098,0.0,260.0,38.0,242.8952,242.8952,242.84119266196288,180.7882785797119
93,93,6,draft|draft_verify,249.73225593566895,87.73589134216309,0.0,298.0,53.0,344.7176,344.7176,337.528189677832,249.73225593566895
93,93,7,draft|draft_verify|target|target_rescue_verify,267.05241203308105,208.63008499145508,367.0990467071533,351.0,55.0,364.7536,469.12868649572755,842.8415877316895,371.4274985288086
93,93,8,draft|draft_verify|target|target_rescue_verify,265.244722366333,252.62737274169922,400.29096603393555,405.0,56.0,378.596,504.9697311708496,918.2231059419678,400.29096603393555
93,93,9,draft|draft_verify,980.4809093475342,152.59027481079102,0.0,466.0,241.0,1721.1640000000002,1721.1640000000002,1133.1313769583253,980.4809093475342
93,93,10,draft|draft_verify,249.56059455871582,155.73453903198242,0.0,707.0,54.0,403.32480000000004,559.1193822319824,405.35517679069824,405.35517679069824
94,94,1,draft|draft_verify,198.33087921142578,30.417680740356445,0.0,111.0,46.0,278.512,198.33087921142578,228.80859675178223,198.33087921142578
94,94,2,draft|draft_verify,384.6704959869385,60.82463264465332,0.0,157.0,88.0,547.0888,547.0888,445.55519903159177,384.6704959869385
94,94,3,draft|draft_verify,147.68433570861816,61.3255500793457,0.0,245.0,32.0,203.0984,203.0984,209.06991138796386,147.68433570861816
94,94,4,draft|draft_verify|target|target_rescue_verify,255.89299201965332,165.5406951904297,509.45210456848145,277.0,55.0,355.16319999999996,509.45210456848145,930.9458357785645,509.45210456848145
94,94,5,draft|draft_verify,122.42388725280762,100.1582145690918,0.0,354.0,25.0,164.6104,164.6104,222.64212182189942,122.42388725280762
94,94,6,draft|draft_verify,119.37212944030762,92.68712997436523,0.0,379.0,25.0,166.0504,166.0504,212.11927941467286,119.37212944030762
94,94,7,draft|draft_verify|target|target_rescue_verify,450.38604736328125,251.59144401550293,241.12462997436523,404.0,100.0,681.8704,807.7262020077515,943.1622013531494,576.2418493710327
94,94,8,draft|draft_verify,62.19363212585449,125.09441375732422,0.0,439.0,15.0,101.1024,125.79572200775146,187.3480578831787,125.79572200775146
94,94,9,draft|draft_verify,180.741548538208,127.41613388061523,0.0,454.0,44.0,301.6832,301.6832,308.21771761882326,180.741548538208
94,94,10,draft|draft_verify,52.21295356750488,128.25870513916016,0.0,498.0,10.0,68.26480000000001,127.47616908061524,180.53166670666505,127.47616908061524
94,94,11,draft|draft_verify,246.3974952697754,127.95543670654297,0.0,508.0,50.0,349.6808,349.6808,374.4129719763183,246.3974952697754
94,94,12,draft|draft_verify,55.62543869018555,129.8387050628662,0.0,558.0,11.0,76.664,128.01547670654296,185.52415255305175,128.01547670654296
94,94,13,draft|draft_verify,71.990966796875,129.40573692321777,0.0,569.0,10.0,69.7984,259.364458786084,201.45671172009276,259.364458786084
95,95,1,draft|draft_verify|target|target_rescue_verify,871.551513671875,120.27192115783691,662.6987457275391,122.0,143.0,886.7648,931.7475886507934,1654.582294957251,931.7475886507934
95,95,2,draft|draft_verify,460.31761169433594,69.69451904296875,0.0,229.0,73.0,464.89840000000004,464.89840000000004,530.0721891373047,460.31761169433594
95,95,3,draft|draft_verify|target|target_rescue_verify,836.8456363677979,235.9905242919922,557.4443340301514,302.0,163.0,1084.7248,1202.780192545996,1630.3406250899416,954.901028913794
95,95,4,draft|draft_verify|target|backtracking_verify,176.0232448577881,218.6868190765381,473.94561767578125,381.0,33.0,219.948,473.94561767578125,868.7157080101074,473.94561767578125
95,95,5,draft|draft_verify|target|target_rescue_verify,404.81090545654297,270.5199718475342,754.403829574585,414.0,84.0,572.9952000000001,754.403829574585,1429.7947740786622,754.403829574585
95,95,6,draft|draft_verify,528.6946296691895,132.232666015625,0.0,537.0,113.0,808.1528,808.1528,660.9873860848145,528.6946296691895
95,95,7,draft|draft_verify,489.5899295806885,154.47568893432617,0.0,650.0,105.0,778.0440000000001,778.0440000000001,644.1257025150146,489.5899295806885
95,95,8,draft|draft_verify|target|target_rescue_verify,440.3402805328369,351.5479564666748,625.2486705780029,755.0,93.0,710.7912,886.6252526333374,1417.1969819775147,625.2486705780029
95,95,9,draft|draft_verify,288.8307571411133,177.9768466949463,0.0,853.0,61.0,477.364,477.364,466.8676526360596,288.8307571411133
95,95,10,draft|draft_verify|target|target_rescue_verify,839.7886753082275,430.1331043243408,307.1560859680176,914.0,179.0,1456.1552,1671.2818953621704,1577.1380088005858,1054.915370670398
95,95,11,draft|draft_verify,84.98811721801758,200.92225074768066,0.0,958.0,17.0,134.6936,215.0665521621704,285.97038156569823,215.0665521621704
95,95,12,draft|draft_verify,83.24599266052246,193.19987297058105,0.0,975.0,16.0,127.22800000000001,394.24215011826175,276.5058784311035,394.24215011826175
96,96,1,draft|draft_verify,191.38455390930176,30.899524688720703,0.0,82.0,42.0,251.2152,191.38455390930176,222.34411219802246,191.38455390930176
96,96,2,draft|draft_verify,264.7240161895752,46.34284973144531,0.0,124.0,59.0,360.0272,360.0272,311.1269131210205,264.7240161895752
96,96,3,draft|draft_verify,23.5903263092041,50.499677658081055,0.0,183.0,5.0,30.480800000000002,46.40289693144531,74.15000796728515,46.40289693144531
96,96,4,draft|draft_verify,121.2761402130127,51.12624168395996,0.0,188.0,26.0,161.3,161.3,172.46240269697267,121.2761402130127
96,96,5,draft|draft_verify,42.83571243286133,51.262855529785156,0.0,214.0,9.0,55.8552,55.8552,94.15857516264649,51.18626248395996
96,96,6,draft|draft_verify,120.96452713012695,59.355974197387695,0.0,223.0,26.0,163.4,163.4,180.38052212751467,120.96452713012695
96,96,7,draft|draft_verify,61.989784240722656,59.53645706176758,0.0,249.0,13.0,81.97840000000001,81.97840000000001,121.58625170249024,61.989784240722656
96,96,8,draft|draft_verify|target|target_rescue_verify,121.97089195251465,125.30899047851562,197.18384742736816,262.0,25.0,159.31119999999999,222.0257152392578,444.52374985839845,197.18384742736816
96,96,9,draft|draft_verify,49.32737350463867,77.61502265930176,0.0,286.0,10.0,63.68560000000001,63.68560000000001,127.00240416394044,62.65449523925781
96,96,10,draft|draft_verify,127.08473205566406,76.51948928833008,0.0,296.0,27.0,174.29280000000003,174.29280000000003,203.66424294399414,127.08473205566406
96,96,11,draft|draft_verify,121.19555473327637,77.15821266174316,0.0,323.0,26.0,169.4,169.4,198.41378819501955,121.19555473327637
96,96,12,draft|draft_verify,80.02471923828125,91.51649475097656,0.0,349.0,17.0,111.30799999999999,111.30799999999999,171.6012275892578,80.02471923828125
96,96,13,draft|draft_verify,70.5270767211914,91.90726280212402,0.0,366.0,15.0,98.6496,98.6496,162.49435152331543,91.57650835097657
96,96,14,draft|draft_verify,100.90517997741699,92.54193305969238,0.0,381.0,20.0,132.6296,132.6296,193.5071290371094,100.90517997741699
96,96,15,draft|draft_verify,108.12807083129883,124.01866912841797,0.0,401.0,20.0,133.54160000000002,133.54160000000002,232.20675595971682,108.12807083129883
96,96,16,draft|draft_verify,116.99581146240234,125.25153160095215,0.0,421.0,22.0,148.0528,148.0528,242.30736066335447,124.07868512841797
96,96,17,draft|draft_verify,39.446353912353516,125.7786750793457,0.0,443.0,8.0,53.4296,125.31154920095214,165.2850353916992,125.31154920095214
96,96,18,draft|draft_verify,96.01998329162598,126.48272514343262,0.0,451.0,20.0,135.82160000000002,135.82160000000002,222.5627244350586,125.83868147934571
96,96,19,draft|draft_verify|target|backtracking_verify,57.71160125732422,252.5947093963623,64.08262252807617,471.0,12.0,81.47279999999999,252.9001054416138,374.4489427817627,252.9001054416138
96,96,20,draft|draft_verify|target|backtracking_verify|target_rescue_verify,192.21806526184082,556.3664436340332,293.29776763916016,958.0,42.0,337.4136,901.397350145105,1041.9423101350342,756.2018154069458
96,96,21,draft|draft_verify|target|target_rescue_verify,710.7276916503906,647.5708484649658,1384.9248886108398,1489.0,152.0,1439.636,2650.2152446773925,2743.2835503261963,1921.3069363277832
96,96,22,draft|draft_verify|target|target_rescue_verify,1129.530668258667,749.0565776824951,898.9856243133545,1779.0,252.0,2594.0519999999997,3642.850275902673,2777.633071854517,2178.3289441613406
96,96,23,draft|draft_verify|target|backtracking_verify,262.89963722229004,741.0280704498291,174.6675968170166,1938.0,55.0,570.4287999999999,1250.6450987683716,1178.6553484891358,943.1159359906617
96,96,24,draft|draft_verify|target|target_rescue_verify,340.592622756958,1391.6985988616943,497.1036911010742,3361.0,66.0,908.3040000000001,2518.2572423362008,2229.4549655197266,1950.5458650931587
96,96,25,draft|draft_verify,206.2389850616455,158.10656547546387,0.0,634.0,44.0,320.25919999999996,320.25919999999996,364.4055857371094,206.2389850616455
96,96,26,draft|draft_verify,84.39278602600098,154.1140079498291,0.0,678.0,18.0,131.3496,158.16660067546385,238.56680837583008,158.16660067546385
96,96,27,draft|draft_verify,93.66631507873535,155.34305572509766,0.0,696.0,20.0,146.99360000000001,154.1740223498291,249.06938680383303,154.1740223498291
96,96,28,draft|draft_verify,85.89959144592285,155.25293350219727,0.0,716.0,18.0,132.9,155.40307172509765,241.21253934812012,155.40307172509765
96,96,29,draft|draft_verify,173.63286018371582,175.53973197937012,0.0,734.0,36.0,269.808,269.808,349.23262096308594,173.63286018371582
96,96,30,draft|draft_verify,88.56964111328125,167.02580451965332,0.0,770.0,18.0,135.10320000000002,175.59976077937011,255.65546003293457,175.59976077937011
96,96,31,draft|draft_verify,97.95880317687988,175.34852027893066,0.0,788.0,20.0,151.18880000000001,167.08581891965332,273.36733945581057,167.08581891965332
96,96,32,draft|draft_verify,88.29712867736816,177.1068572998047,0.0,808.0,18.0,136.6536,175.40853627893065,265.46400037717285,175.40853627893065
96,96,33,draft|draft_verify,65.14310836791992,175.99725723266602,0.0,826.0,13.0,98.596,177.1668716998047,241.20037600058595,177.1668716998047
96,96,34,draft|draft_verify,89.0190601348877,177.78897285461426,0.0,839.0,18.0,137.91840000000002,176.05726763266603,266.86804738950195,176.05726763266603
96,96,35,draft|draft_verify,98.18696975708008,177.7479648590088,0.0,857.0,20.0,154.33520000000001,177.84898725461426,275.9949506160889,177.84898725461426
96,96,36,draft|draft_verify,88.78135681152344,1230.9832572937012,0.0,877.0,18.0,139.4688,177.80798085900878,1319.8246285052246,177.80798085900878
96,96,37,draft|draft_verify,73.49157333374023,203.385591506958,0.0,895.0,13.0,100.5832,1231.0432716937012,276.93717524069825,1231.0432716937012
96,96,38,draft|draft_verify,88.04440498352051,202.09479331970215,0.0,908.0,18.0,140.7336,203.44560190695802,290.19921270322266,203.44560190695802
96,96,39,draft|draft_verify,96.02189064025879,210.45303344726562,0.0,926.0,20.0,157.48160000000001,202.15480771970215,306.53494008752443,202.15480771970215
96,96,40,draft|draft_verify,90.72136878967285,203.0777931213379,0.0,946.0,18.0,142.284,210.51304944726562,293.85917631101074,210.51304944726562
96,96,41,draft|draft_verify,67.69514083862305,204.82277870178223,0.0,964.0,13.0,102.5704,203.1378075213379,272.5779299404053,203.1378075213379
96,96,42,draft|draft_verify,94.2373275756836,203.9344310760498,0.0,977.0,18.0,143.5488,204.88278910178224,298.2317730517334,204.88278910178224
96,96,43,draft|draft_verify,110.09430885314941,231.1387062072754,0.0,995.0,20.0,160.62800000000001,203.9944454760498,341.2930310604248,203.9944454760498
96,96,44,draft|draft_verify,99.85995292663574,231.64844512939453,0.0,1015.0,18.0,145.0992,231.19872220727538,331.5684124560303,231.19872220727538
96,96,45,draft|draft_verify,70.2974796295166,225.54826736450195,0.0,1033.0,13.0,104.55760000000001,231.70845952939453,295.90575739401856,231.70845952939453
96,96,46,draft|draft_verify,84.70034599304199,232.18464851379395,0.0,1046.0,18.0,146.364,225.60827776450196,316.94500890683594,225.60827776450196
96,96,47,draft|draft_verify,109.67803001403809,240.2944564819336,0.0,1064.0,20.0,163.7744,232.24466291379395,350.0325024959717,232.24466291379395
96,96,48,draft|draft_verify,93.1694507598877,233.16669464111328,0.0,1084.0,18.0,147.9144,240.35447248193358,326.396159801001,240.35447248193358
96,96,49,draft|draft_verify,64.6979808807373,258.4531307220459,0.0,1102.0,13.0,106.54480000000001,233.22670904111328,323.2111220027832,233.22670904111328
96,96,50,draft|draft_verify,93.75596046447754,260.62750816345215,0.0,1115.0,18.0,149.1792,258.5131411220459,354.4434830279297,258.5131411220459
96,96,51,draft|draft_verify,88.26446533203125,258.0103874206543,0.0,1133.0,20.0,166.9208,260.68752256345215,346.33486875268557,260.68752256345215
96,96,52,draft|draft_verify,84.79118347167969,260.1776123046875,0.0,1153.0,18.0,150.7296,258.0704034206543,345.0288101763672,258.0704034206543
96,96,53,draft|draft_verify,65.93918800354004,262.2416019439697,0.0,1171.0,13.0,108.53200000000001,260.2376267046875,328.2408003475098,260.2376267046875
96,96,54,draft|draft_verify,83.27984809875488,268.85318756103516,0.0,1184.0,18.0,151.9944,262.30161234396974,352.19305005979004,262.30161234396974
96,96,55,draft|draft_verify,101.26233100891113,265.5315399169922,0.0,1202.0,20.0,170.0672,268.91320196103516,366.85388692590334,268.91320196103516
96,96,56,draft|draft_verify,88.95444869995117,275.67601203918457,0.0,1222.0,18.0,153.5448,265.5915559169922,364.69047513913574,265.5915559169922
96,96,57,draft|draft_verify,53.95936965942383,281.1570167541504,0.0,1240.0,13.0,110.51920000000001,275.73602643918457,335.17639681357423,275.73602643918457
96,96,58,draft|draft_verify,90.71469306945801,282.6719284057617,0.0,1253.0,18.0,154.8096,281.2170271541504,373.4466358752197,281.2170271541504
96,96,59,draft|draft_verify,101.08327865600586,282.1238040924072,0.0,1271.0,20.0,173.2136,282.7319428057617,383.2670987484131,282.7319428057617
96,96,60,draft|draft_verify,90.05165100097656,283.60724449157715,0.0,1291.0,18.0,156.36,282.18382009240725,373.7189098925537,282.18382009240725
96,96,61,draft|draft_verify,66.66445732116699,284.5296859741211,0.0,1309.0,13.0,112.50640000000001,283.66725889157715,351.2541536952881,283.66725889157715
96,96,62,draft|draft_verify,101.97234153747559,282.89318084716797,0.0,1322.0,18.0,157.6248,284.5896963741211,384.92553678464355,284.5896963741211
96,96,63,draft|draft_verify,98.9072322845459,312.61706352233887,0.0,1340.0,20.0,176.36,282.95319524716797,411.5843118068848,282.95319524716797
96,96,64,draft|draft_verify,88.23680877685547,313.76004219055176,0.0,1360.0,18.0,159.17520000000002,312.6770795223389,402.0568653674072,312.6770795223389
96,96,65,draft|draft_verify,65.96899032592773,318.0985450744629,0.0,1378.0,13.0,114.4936,313.82005659055176,384.12754580039064,313.82005659055176
96,96,66,draft|draft_verify,87.81123161315918,318.79615783691406,0.0,1391.0,18.0,160.44,318.1585554744629,406.66740385007324,318.1585554744629
96,96,67,draft|draft_verify,98.83999824523926,316.27774238586426,0.0,1409.0,20.0,179.50639999999999,318.85617223691406,415.17775663110353,318.85617223691406
96,96,68,draft|draft_verify,88.4246826171875,319.0591335296631,0.0,1429.0,18.0,161.9904,316.3377583858643,407.5438305468506,316.3377583858643
96,96,69,draft|draft_verify,65.40942192077637,336.0424041748047,0.0,1447.0,13.0,116.4808,319.1191479296631,401.51183649558106,319.1191479296631
96,96,70,draft|draft_verify,94.93088722229004,337.0018005371094,0.0,1460.0,18.0,163.2552,336.1024145748047,431.9927021593994,336.1024145748047
96,96,71,draft|draft_verify,84.7008228302002,334.4895839691162,0.0,1478.0,20.0,182.6528,337.0618149371094,419.2504227993164,337.0618149371094
96,96,72,draft|draft_verify,75.58846473693848,339.08939361572266,0.0,1498.0,18.0,164.8056,334.54959996911623,414.73787275266113,334.54959996911623
96,96,73,draft|draft_verify,64.61334228515625,337.45622634887695,0.0,1516.0,13.0,118.468,339.14940801572266,402.1295790340332,339.14940801572266
96,96,74,draft|draft_verify,74.74875450134277,338.8328552246094,0.0,1529.0,18.0,166.0704,337.51623674887696,413.64162412595215,337.51623674887696
96,96,75,draft|draft_verify,99.68829154968262,334.6831798553467,0.0,1547.0,20.0,185.79919999999998,338.8928696246094,434.4314874050293,338.8928696246094
96,96,76,draft|draft_verify,89.28990364074707,357.8758239746094,0.0,1567.0,18.0,167.6208,334.7431958553467,447.22574201535645,334.7431958553467
96,96,77,draft|draft_verify,67.17157363891602,355.2126884460449,0.0,1585.0,13.0,120.4552,357.9358383746094,422.44427248496095,357.9358383746094
96,96,78,draft|draft_verify,90.78788757324219,358.28423500061035,0.0,1598.0,18.0,168.8856,355.27269884604493,449.13213697385254,355.27269884604493
96,96,79,draft|draft_verify,96.62079811096191,371.46949768066406,0.0,1616.0,20.0,188.9456,358.34424940061035,468.150311791626,358.34424940061035
96,96,80,draft|draft_verify,89.07556533813477,366.09482765197754,0.0,1636.0,18.0,170.436,371.5295136806641,455.2304073901123,371.5295136806641
96,96,81,draft|draft_verify,68.93634796142578,369.13061141967773,0.0,1654.0,13.0,122.4424,366.15484205197754,438.1269697811035,366.15484205197754
96,96,82,draft|draft_verify,91.44043922424316,396.35443687438965,0.0,1667.0,18.0,171.70080000000002,369.19062181967774,487.8548904986328,369.19062181967774
96,96,83,draft|draft_verify,98.95944595336914,393.94450187683105,0.0,1685.0,20.0,192.09199999999998,396.41445127438965,492.9639638302002,396.41445127438965
96,96,84,draft|draft_verify,82.12423324584961,394.92249488830566,0.0,1705.0,18.0,173.25119999999998,394.0045178768311,477.1067425341553,394.0045178768311
96,96,85,draft|draft_verify,67.2311782836914,395.4739570617676,0.0,1723.0,13.0,124.4296,394.98250928830566,462.765145745459,394.98250928830566
96,96,86,draft|draft_verify,90.72995185852051,401.83091163635254,0.0,1736.0,18.0,174.51600000000002,395.5339674617676,492.62087789487305,395.5339674617676
96,96,87,draft|draft_verify,106.1851978302002,399.94359016418457,0.0,1754.0,20.0,195.2384,401.89092603635254,506.1888039943848,401.89092603635254
96,96,88,draft|draft_verify,91.53175354003906,404.9553871154785,0.0,1774.0,18.0,176.0664,400.0036061641846,496.5471550555176,400.0036061641846
96,96,89,draft|draft_verify,92.75293350219727,420.29690742492676,0.0,1792.0,13.0,126.4168,825.3723193404053,513.109851327124,825.3723193404053
97,97,1,draft|draft_verify,208.80818367004395,30.92789649963379,0.0,104.0,42.0,253.38000000000002,208.80818367004395,239.79611376967773,208.80818367004395
97,97,2,draft|draft_verify,260.4813575744629,51.60093307495117,0.0,146.0,57.0,350.63280000000003,350.63280000000003,312.1423362494141,260.4813575744629
97,97,4,draft|draft_verify,45.24374008178711,60.12439727783203,0.0,266.0,9.0,56.8536,56.8536,105.42814455961914,51.660978674951174
97,97,5,draft|draft_verify,1084.707260131836,129.54235076904297,0.0,275.0,231.0,1541.496,1541.496,1214.3097957008788,1084.707260131836
97,97,6,draft|draft_verify,62.57319450378418,128.1142234802246,0.0,506.0,13.0,89.38000000000001,129.60253556904297,190.7474283840088,129.60253556904297
97,97,7,draft|draft_verify|target|target_rescue_verify,81.33912086486816,288.4657382965088,156.14748001098633,519.0,17.0,117.836,272.467116628479,526.0123527723633,272.467116628479
97,97,8,draft|draft_verify,68.01176071166992,136.87396049499512,0.0,535.0,14.0,97.2704,144.2328691482544,204.94573240666506,144.2328691482544
97,97,10,draft|draft_verify,96.32706642150879,132.1542263031006,0.0,625.0,20.0,143.756,143.756,228.5413087246094,136.9339716949951
97,97,11,draft|draft_verify,94.96331214904785,133.2087516784668,0.0,645.0,19.0,137.3344,270.6031668784668,228.23207902751466,265.48300918156735
98,98,1,draft|draft_verify,185.3475570678711,47.04427719116211,0.0,145.0,41.0,251.228,185.3475570678711,232.4518670590332,185.3475570678711
98,98,2,draft|draft_verify,449.6266841888428,60.913801193237305,0.0,186.0,99.0,623.6496,623.6496,510.6005645820801,449.6266841888428
98,98,3,draft|draft_verify,248.5964298248291,76.65133476257324,0.0,285.0,53.0,343.09520000000003,343.09520000000003,325.30780698740233,248.5964298248291
98,98,4,draft|draft_verify,584.8486423492432,142.02332496643066,0.0,338.0,125.0,836.6888,836.6888,726.9320673156739,584.8486423492432
98,98,5,draft|draft_verify,389.5566463470459,139.09673690795898,0.0,463.0,83.0,575.7056,575.7056,528.7134496550049,389.5566463470459
98,98,6,draft|draft_verify,184.62848663330078,129.21881675720215,0.0,546.0,39.0,275.4336,275.4336,313.90733459050296,184.62848663330078
98,98,7,draft|draft_verify|target|target_rescue_verify,503.8583278656006,11712.026834487915,531.1088562011719,585.0,108.0,784.0152,6640.088703643957,12747.054104954688,6359.931831509558
98,98,8,draft|draft_verify,277.7667045593262,160.0508689880371,0.0,663.0,57.0,420.1176,5856.0134172439575,437.8776191473633,5856.0134172439575
98,98,9,draft|draft_verify,80.05738258361816,153.63788604736328,0.0,720.0,15.0,110.54400000000001,313.8088126354004,233.75528063098145,313.8088126354004
99,99,1,draft|draft_verify,453.36008071899414,51.390886306762695,0.0,124.0,105.0,646.7544,453.36008071899414,504.81105102575685,453.36008071899414
99,99,2,draft|draft_verify,107.90157318115234,60.43434143066406,0.0,229.0,26.0,163.76000000000002,163.76000000000002,168.39593541181642,107.90157318115234
99,99,3,draft|draft_verify,49.282073974609375,60.54401397705078,0.0,255.0,12.0,75.7704,75.7704,109.88609755166016,60.49436223066406
99,99,4,draft|draft_verify,94.89893913269043,60.1649284362793,0.0,267.0,23.0,146.72480000000002,146.72480000000002,155.12388596896972,94.89893913269043
99,99,5,draft|draft_verify,44.38281059265137,60.37187576293945,0.0,290.0,11.0,70.232,70.232,104.81469515559081,60.224946836279294
99,99,6,draft|draft_verify,82.16595649719238,76.20787620544434,0.0,301.0,20.0,128.98160000000001,128.98160000000001,158.43384870263674,82.16595649719238
99,99,7,draft|draft_verify|target|target_rescue_verify,572.1406936645508,218.9180850982666,600.8725166320801,321.0,116.0,770.444,879.9631353491333,1391.9913881948974,681.6598290136841
99,99,8,draft|draft_verify|target|target_rescue_verify,225.3396511077881,251.9826889038086,179.26764488220215,415.0,55.0,373.048,499.0993884519043,656.6500288937989,351.3910395596924
99,99,9,draft|draft_verify,100.88801383972168,126.62291526794434,0.0,437.0,18.0,121.5168,125.9913444519043,227.57094350766602,125.9913444519043
99,99,10,draft|draft_verify,182.53040313720703,127.33960151672363,0.0,455.0,34.0,232.5424,232.5424,309.9300318539307,182.53040313720703
99,99,11,draft|draft_verify,205.5342197418213,144.18625831604004,0.0,489.0,38.0,263.23040000000003,263.23040000000003,349.7805084578613,205.5342197418213
99,99,12,draft|draft_verify,151.9479751586914,130.97262382507324,0.0,527.0,31.0,217.0,217.0,282.98062378376466,151.9479751586914
99,99,13,draft|draft_verify,195.66965103149414,129.3506622314453,0.0,558.0,33.0,233.54160000000002,362.9522886314453,325.0803396629394,325.0803396629394
100,100,1,draft|draft_verify|target|target_rescue_verify,289.59107398986816,62.96801567077637,387.6047134399414,92.0,56.0,337.28,387.6047134399414,740.223847900586,387.6047134399414
100,100,2,draft|draft_verify,186.98835372924805,48.00009727478027,0.0,147.0,35.0,214.3232,214.3232,235.0484790040283,186.98835372924805
100,100,3,draft|draft_verify|target|target_rescue_verify,836.014986038208,231.9200038909912,1642.564296722412,182.0,159.0,1011.8208000000001,1642.564296722412,2710.559413851611,1642.564296722412
100,100,4,draft|draft_verify,169.4812774658203,129.77337837219238,0.0,443.0,34.0,231.59199999999998,231.59199999999998,299.31468303801273,169.4812774658203
100,100,5,draft|draft_verify,156.51178359985352,130.9223175048828,0.0,477.0,32.0,220.3592,220.3592,287.49412670473635,156.51178359985352
100,100,6,draft|draft_verify,139.5714282989502,145.4477310180664,0.0,509.0,29.0,201.63920000000002,201.63920000000002,285.0791825170166,139.5714282989502
100,100,7,draft|draft_verify,285.9687805175781,128.30805778503418,0.0,538.0,60.0,424.8288,424.8288,414.3368863026123,285.9687805175781
100,100,8,draft|draft_verify,755.5980682373047,162.1553897857666,0.0,598.0,162.0,1192.2456,1192.2456,917.8135876230713,755.5980682373047
100,100,9,draft|draft_verify,316.82658195495605,174.4377613067627,0.0,760.0,72.0,548.9184,548.9184,491.32440086171874,316.82658195495605
100,100,10,draft|draft_verify,145.56169509887695,177.45614051818848,0.0,832.0,31.0,238.95999999999998,238.95999999999998,323.07786041706544,174.4978189067627
100,100,11,draft|draft_verify|target|target_rescue_verify,401.72839164733887,381.3059329986572,212.71538734436035,863.0,85.0,670.4488,1051.8148009986571,995.8097799903564,783.0943926459961
101,101,1,draft|draft_verify,369.9519634246826,51.09834671020508,0.0,112.0,85.0,519.0472,369.9519634246826,421.1103781348877,369.9519634246826
101,101,2,draft|draft_verify,54.553985595703125,51.32007598876953,0.0,197.0,14.0,86.7248,86.7248,105.93407278447265,54.553985595703125
101,101,3,draft|draft_verify,171.30279541015625,60.25815010070801,0.0,211.0,41.0,257.564,257.564,231.62097831086425,171.30279541015625
101,101,4,draft|draft_verify,32.56344795227051,61.18273735046387,0.0,252.0,8.0,50.220800000000004,60.31818290070801,93.80619170273437,60.31818290070801
101,101,5,draft|draft_verify,157.0127010345459,61.760663986206055,0.0,260.0,34.0,217.0984,217.0984,218.83339222075196,157.0127010345459
101,101,6,draft|draft_verify,497.7993965148926,98.15835952758789,0.0,294.0,108.0,709.2864000000001,709.2864000000001,596.0178424424805,497.7993965148926
101,101,7,draft|draft_verify,572.7393627166748,167.0093536376953,0.0,402.0,125.0,855.7352,855.7352,739.8088163543702,572.7393627166748
101,101,8,draft|draft_verify,364.4413948059082,130.12123107910156,0.0,527.0,77.0,545.1272,545.1272,494.62268748500975,364.4413948059082
101,101,9,draft|draft_verify,60.959577560424805,131.55007362365723,0.0,604.0,11.0,77.768,261.7913751027588,192.56965998408202,261.7913751027588
102,102,1,draft|draft_verify,163.37060928344727,30.224323272705078,0.0,111.0,36.0,217.476,163.37060928344727,193.65496135615234,163.37060928344727
102,102,2,draft|draft_verify,411.88979148864746,60.454368591308594,0.0,147.0,102.0,633.4752,633.4752,472.40424167995604,411.88979148864746
102,102,3,draft|draft_verify|target|target_rescue_verify,499.76134300231934,187.15524673461914,853.0881404876709,249.0,117.0,757.188,853.0881404876709,1540.0648238246094,853.0881404876709
102,102,4,draft|draft_verify,435.00328063964844,132.84921646118164,0.0,374.0,77.0,517.22,517.22,567.91255870083,435.00328063964844
102,102,5,draft|draft_verify,745.3668117523193,130.6006908416748,0.0,451.0,134.0,934.5056000000001,934.5056000000001,876.0276097939941,745.3668117523193
102,102,6,draft|draft_verify,97.33295440673828,129.47607040405273,0.0,585.0,15.0,106.00800000000001,260.1968804457275,226.86903681079102,260.1968804457275
103,103,1,draft|draft_verify|target|target_rescue_verify,535.4950428009033,110.6877326965332,625.9102821350098,96.0,101.0,614.9,625.9102821350098,1272.1531384324462,625.9102821350098
103,103,2,draft|draft_verify,279.3738842010498,70.0376033782959,0.0,185.0,60.0,374.84400000000005,374.84400000000005,349.4715355793457,279.3738842010498
103,103,3,draft|draft_verify,53.18403244018555,72.50857353210449,0.0,245.0,7.0,43.7584,70.0976513782959,125.75261157229004,70.0976513782959
103,103,4,draft|draft_verify|target|backtracking_verify,295.8712577819824,179.9774169921875,405.28178215026855,252.0,60.0,384.3312,474.37995649609377,881.1905049244385,405.28178215026855
103,103,5,draft|draft_verify|target|backtracking_verify,131.8798065185547,164.23439979553223,287.42408752441406,312.0,22.0,142.5592,287.42408752441406,583.598311438501,287.42408752441406
103,103,6,draft|draft_verify|target|target_rescue_verify,518.1319713592529,390.5487060546875,755.9373378753662,689.0,108.0,810.7224000000001,1481.6626848786989,1664.6781016893067,1189.0722562379517
103,103,7,draft|draft_verify|target|backtracking_verify,78.2783031463623,371.7529773712158,166.39971733093262,795.0,15.0,113.06400000000001,475.13860369387817,616.4910098485108,459.7117802075501
103,103,8,draft|draft_verify|target|target_rescue_verify,744.5042133331299,946.0253715515137,1573.9777088165283,1615.0,153.0,1495.2792,3503.594804119971,3264.567416101172,2752.8198174531008
103,103,9,draft|draft_verify,33.69283676147461,126.27530097961426,0.0,473.0,6.0,40.151999999999994,118.25317144393921,160.02814254108887,118.25317144393921
103,103,11,draft|draft_verify,171.59342765808105,149.03903007507324,0.0,539.0,31.0,217.864,217.864,320.6924825331543,171.59342765808105
103,103,12,draft|draft_verify|target|target_rescue_verify,399.5330333709717,269.09589767456055,531.6286087036133,570.0,86.0,618.692,753.3000176372802,1200.3176085491455,534.1410510082519
103,103,13,draft|draft_verify,59.27729606628418,131.97731971740723,0.0,642.0,12.0,85.9872,134.54794883728027,191.3146253836914,134.54794883728027
103,103,14,draft|draft_verify,178.59315872192383,156.18348121643066,0.0,654.0,37.0,270.484,270.484,334.8366695383545,178.59315872192383
103,103,15,draft|draft_verify|target|backtracking_verify,46.95558547973633,311.85150146484375,87.29124069213867,691.0,9.0,65.0136,312.2292687488525,446.1583348367187,312.2292687488525
103,103,16,draft|draft_verify|target|target_rescue_verify,312.6702308654785,652.6751518249512,533.5953235626221,1399.0,65.0,592.9784,1349.3424776500244,1499.0007582530518,1069.034308515503
103,103,17,draft|draft_verify,152.0674228668213,164.4585132598877,0.0,737.0,32.0,239.7032,239.7032,316.585961726709,163.1687879562378
103,103,18,draft|draft_verify|target|target_rescue_verify,199.65863227844238,354.10594940185547,199.92756843566895,769.0,40.0,303.4504,480.56340670092777,753.7521821159668,376.7716389793701
103,103,19,draft|draft_verify,345.1571464538574,178.18284034729004,0.0,793.0,75.0,577.9968,577.9968,523.4000468011475,345.1571464538574
103,103,20,draft|draft_verify,53.21192741394043,179.33940887451172,0.0,868.0,9.0,68.412,357.64231642180175,232.61134348845215,357.64231642180175
104,104,1,draft|draft_verify,275.285005569458,47.43337631225586,0.0,123.0,62.0,378.4256,275.285005569458,322.7784314817139,275.285005569458
104,104,2,draft|draft_verify|target|backtracking_verify,195.94645500183105,114.44807052612305,579.484224319458,185.0,43.0,267.6352,579.484224319458,889.9387842474121,579.484224319458
104,104,3,draft|draft_verify|target|target_rescue_verify,693.2461261749268,329.5474052429199,1453.660488128662,505.0,144.0,1024.5864000000001,1998.637313196521,2476.5141347465087,1667.2970393714477
104,104,4,draft|draft_verify|target|target_rescue_verify,929.3842315673828,363.6054992675781,477.19407081604004,737.0,194.0,1499.8688,1681.731704833789,1770.243956851001,1111.247136401172
104,104,5,draft|draft_verify|target|target_rescue_verify|backtracking_verify,594.210147857666,621.7014789581299,4177.525520324707,898.0,122.0,978.7736,4488.376259803772,5393.497244740503,4488.376259803772
104,104,6,draft|draft_verify|target|target_rescue_verify,482.9702377319336,281.7513942718506,417.82116889953613,467.0,101.0,703.94,844.8757779359254,1182.6028817033202,623.9060156678589
104,104,7,draft|draft_verify|target|target_rescue_verify,369.4307804107666,260.13779640197754,567.3880577087402,528.0,77.0,545.3096,675.4385598009889,1197.0166961214843,567.3880577087402
104,104,8,draft|draft_verify|target|target_rescue_verify,212.86892890930176,292.59443283081055,762.7964019775391,617.0,43.0,311.18080000000003,762.7964019775391,1268.3197981176513,762.7964019775391
104,104,9,draft|draft_verify,97.9926586151123,157.77873992919922,0.0,738.0,20.0,148.9088,306.7475559291992,255.83141454431154,304.1359723446045
105,105,1,draft|draft_verify|target|backtracking_verify,236.50431632995605,67.31057167053223,374.8290538787842,118.0,54.0,328.40400000000005,374.8290538787842,678.7039850792725,374.8290538787842
105,105,2,draft|draft_verify|target|target_rescue_verify|backtracking_verify,1162.5800132751465,279.5553207397461,893.1093215942383,347.0,269.0,1853.7608,2510.042166551929,2335.304870809131,1818.861379827075
105,105,3,draft|draft_verify|target|target_rescue_verify,747.6692199707031,333.0106735229492,1281.9797992706299,463.0,166.0,1169.056,2059.8640375775267,2362.7198255642825,1638.47725754823
105,105,4,draft|draft_verify|target|target_rescue_verify,715.0919437408447,423.86388778686523,1032.3889255523682,658.0,152.0,1138.4816,1972.634100216333,2171.404878680078,1549.2444439571777
105,105,5,draft|draft_verify|target|target_rescue_verify,208.40978622436523,200.85978507995605,458.9664936065674,339.0,44.0,289.8152,458.9664936065674,868.2961001108887,458.9664936065674
105,105,6,draft|draft_verify|target|target_rescue_verify,109.52234268188477,268.13411712646484,277.0504951477051,411.0,23.0,154.328,288.4550769632324,654.7669733560547,277.0504951477051
105,105,7,draft|draft_verify|target|target_rescue_verify,100.70633888244629,254.55784797668457,186.0330104827881,450.0,20.0,135.776,390.3938639766846,541.357213341919,388.684922539917
106,106,1,draft|draft_verify,470.20578384399414,50.52018165588379,0.0,90.0,105.0,638.268,470.20578384399414,520.7860494998779,470.20578384399414
106,106,2,draft|draft_verify,94.48385238647461,51.454782485961914,0.0,195.0,21.0,130.404,130.404,145.99865167243652,94.48385238647461
106,106,3,draft|draft_verify,41.62907600402832,50.82273483276367,0.0,216.0,9.0,55.893600000000006,55.893600000000006,92.511818036792,51.514799285961914
106,106,4,draft|draft_verify,81.79140090942383,60.43052673339844,0.0,225.0,18.0,112.86720000000001,112.86720000000001,142.28194204282227,81.79140090942383
106,106,5,draft|draft_verify,44.1584587097168,60.97531318664551,0.0,243.0,9.0,56.412000000000006,60.49054113339844,105.1937790963623,60.49054113339844
106,106,6,draft|draft_verify,93.48535537719727,65.63758850097656,0.0,252.0,20.0,126.7472,126.7472,159.18295987817385,93.48535537719727
106,106,7,draft|draft_verify,89.14327621459961,61.91444396972656,0.0,272.0,19.0,121.2208,121.2208,151.11773538432618,89.14327621459961
106,106,8,draft|draft_verify,116.93549156188965,77.61192321777344,0.0,291.0,25.0,160.98160000000001,160.98160000000001,194.6074347796631,116.93549156188965
106,106,9,draft|draft_verify,34.749507904052734,80.87563514709473,0.0,316.0,7.0,44.7808,77.67194321777343,115.68514865114746,77.67194321777343
106,106,10,draft|draft_verify|target|backtracking_verify,97.71561622619629,158.99062156677246,190.50073623657227,323.0,20.0,129.9848,209.54012678338626,447.26699002954103,190.50073623657227
106,106,11,draft|draft_verify|target|target_rescue_verify,417.891263961792,325.11019706726074,768.7873840332031,688.0,86.0,642.764,805.3791673336304,1511.8489138622558,768.7873840332031
106,106,12,draft|draft_verify|target|backtracking_verify,103.9738655090332,193.23468208312988,134.79089736938477,373.0,20.0,132.2648,259.23245557519533,432.05946096154787,259.23245557519533
106,106,13,draft|draft_verify|target|target_rescue_verify,391.2992477416992,255.13267517089844,484.6606254577637,393.0,79.0,534.424,662.0504007854493,1131.1526115703614,518.9256485271485
106,106,14,draft|draft_verify,515.0911808013916,129.24528121948242,0.0,468.0,110.0,768.2167999999999,768.2167999999999,644.396550020874,515.0911808013916
106,106,15,draft|draft_verify,488.59572410583496,158.99991989135742,0.0,578.0,104.0,752.696,752.696,647.6557271971924,488.59572410583496
106,106,16,draft|draft_verify,493.64590644836426,157.13763236999512,0.0,682.0,106.0,793.6600000000001,793.6600000000001,650.8436236183594,493.64590644836426
106,106,17,draft|draft_verify,440.3104782104492,178.17974090576172,0.0,788.0,102.0,788.8536,788.8536,618.5503007162109,440.3104782104492
106,106,18,draft|draft_verify,234.18307304382324,201.1568546295166,0.0,890.0,47.0,370.6304,370.6304,435.39996527333983,234.18307304382324
106,106,19,draft|draft_verify,55.56488037109375,201.76386833190918,0.0,937.0,10.0,77.7472,403.0407685614258,257.3887567030029,403.0407685614258
107,107,1,draft|draft_verify|target|backtracking_verify,212.32843399047852,65.68193435668945,345.4763889312744,121.0,52.0,316.4728,345.4763889312744,623.5467988784424,345.4763889312744
107,107,2,draft|draft_verify|target|backtracking_verify|target_rescue_verify,657.3400497436523,259.14549827575684,1377.3674964904785,342.0,147.0,989.3712,1872.474189552057,2293.9131621098877,1540.4430392957092
107,107,4,draft|draft_verify|target|backtracking_verify|target_rescue_verify,956.8617343902588,398.0603218078613,1016.8709754943848,615.0,177.0,1313.1384,2120.179270703088,2371.853173292505,1763.9026050933471
107,107,5,draft|draft_verify|target|backtracking_verify|target_rescue_verify,992.1581745147705,973.61159324646,12725.025415420532,1063.0,189.0,1607.124,13374.099810918173,14690.855334381762,13374.099810918173
107,107,6,draft|draft_verify|target|target_rescue_verify,1360.8119487762451,897.3517417907715,2943.90606880188,1352.0,294.0,2741.6567999999997,5846.998328592181,5202.129994568897,4466.153477368427
108,108,1,draft|draft_verify,97.1074104309082,55.6185245513916,0.0,176.0,18.0,110.86800000000001,97.1074104309082,152.7859493822998,97.1074104309082
108,108,2,draft|draft_verify,352.0243167877197,65.26327133178711,0.0,194.0,73.0,458.85040000000004,458.85040000000004,417.34764651950684,352.0243167877197
108,108,3,draft|draft_verify,337.73136138916016,83.77909660339355,0.0,267.0,69.0,445.2648,445.2648,421.57051319255373,337.73136138916016
108,108,4,draft|draft_verify,320.0340270996094,94.4526195526123,0.0,336.0,69.0,456.5256,456.5256,414.5467018522217,320.0340270996094
108,108,5,draft|draft_verify,171.5872287750244,126.56426429748535,0.0,405.0,37.0,248.97039999999998,248.97039999999998,298.2115226725098,171.5872287750244
108,108,6,draft|draft_verify|target|target_rescue_verify,2157.032251358032,324.04232025146484,771.8801498413086,442.0,457.0,3356.9752000000003,3519.0567257257326,3253.0150870508055,2319.1137770837645
108,108,7,draft|draft_verify,453.5958766937256,131.24895095825195,0.0,560.0,98.0,704.2952,704.2952,584.9049060519776,453.5958766937256
108,108,8,draft|draft_verify,497.8680610656738,162.03045845031738,0.0,658.0,102.0,757.3416,757.3416,659.9586011159912,497.8680610656738
108,108,9,draft|draft_verify,464.39146995544434,179.0482997894287,0.0,760.0,99.0,758.6544,758.6544,643.4998489448731,464.39146995544434
108,108,10,draft|draft_verify,456.76708221435547,197.3555088043213,0.0,859.0,97.0,765.8679999999999,765.8679999999999,654.1826686186768,456.76708221435547
108,108,11,draft|draft_verify,507.9648494720459,227.15401649475098,0.0,956.0,103.0,837.856,837.856,735.1789483667969,507.9648494720459
108,108,12,draft|draft_verify,507.3707103729248,231.0616970062256,0.0,1059.0,103.0,863.0704000000001,863.0704000000001,738.4924897791504,507.3707103729248
108,108,13,draft|draft_verify,469.2530632019043,259.35840606689453,0.0,1162.0,101.0,870.74,870.74,728.6715500687988,469.2530632019043
108,108,14,draft|draft_verify,485.4116439819336,282.78279304504395,0.0,1263.0,103.0,913.0096000000001,913.0096000000001,768.2545194269776,485.4116439819336
108,108,15,draft|draft_verify,484.4043254852295,314.1000270843506,0.0,1366.0,103.0,938.2239999999999,938.2239999999999,798.5644349695801,484.4043254852295
108,108,16,draft|draft_verify,510.84446907043457,331.2692642211914,0.0,1469.0,109.0,1020.5511999999999,1020.5511999999999,842.173820491626,510.84446907043457
108,108,17,draft|draft_verify,503.72958183288574,349.81513023376465,0.0,1578.0,109.0,1048.804,1048.804,853.6047992666504,503.72958183288574
108,108,18,draft|draft_verify,504.8694610595703,376.48510932922363,0.0,1687.0,109.0,1077.0567999999998,1077.0567999999998,881.414657588794,504.8694610595703
108,108,19,draft|draft_verify,508.55040550231934,393.85151863098145,0.0,1796.0,109.0,1105.3096,1105.3096,902.4620113333008,508.55040550231934
108,108,20,draft|draft_verify,516.9799327850342,412.65058517456055,0.0,1905.0,109.0,1133.5624,1133.5624,929.6906051595947,516.9799327850342
108,108,21,draft|draft_verify,536.1661911010742,424.9918460845947,0.0,2014.0,109.0,1161.8152,1586.8671332845947,961.218124385669,961.218124385669
109,109,1,draft|draft_verify,436.2373352050781,63.895463943481445,0.0,180.0,97.0,609.4264,436.2373352050781,500.19287674855957,436.2373352050781
109,109,2,draft|draft_verify|target|target_rescue_verify,126.23882293701172,131.24799728393555,204.15234565734863,277.0,23.0,147.2528,212.9368170419678,461.6991842782959,204.15234565734863
109,109,3,draft|draft_verify,51.48792266845703,78.29070091247559,0.0,303.0,11.0,70.544,70.544,129.8386323809326,65.62399864196777
109,109,4,draft|draft_verify,183.9885711669922,80.2767276763916,0.0,314.0,33.0,214.8024,214.8024,264.32532524338376,183.9885711669922
109,109,5,draft|draft_verify,47.65200614929199,78.80711555480957,0.0,347.0,9.0,58.4088,80.3367540763916,126.51912890410156,80.3367540763916
109,109,6,draft|draft_verify,177.20580101013184,101.38297080993652,0.0,356.0,36.0,238.056,238.056,278.64880062006836,177.20580101013184
109,109,7,draft|draft_verify,53.99823188781738,97.40495681762695,0.0,392.0,8.0,52.5728,101.44299960993652,151.46319510544433,101.44299960993652
109,109,8,draft|draft_verify,357.85913467407227,131.45089149475098,0.0,400.0,73.0,494.4472,494.4472,489.37008456882324,357.85913467407227
109,109,9,draft|draft_verify,95.66283226013184,136.3229751586914,0.0,473.0,15.0,102.24480000000001,131.51094989475098,232.04581941882324,131.51094989475098
109,109,10,draft|draft_verify|target|backtracking_verify,100.99005699157715,262.30740547180176,179.18825149536133,488.0,20.0,137.5088,268.72251873590085,542.5457299587403,267.5967058945923
109,109,11,draft|draft_verify|target|target_rescue_verify,731.6811084747314,525.597095489502,1109.5571517944336,1016.0,154.0,1285.3096,2234.346120714343,2366.895478958667,1680.7176291890746
109,109,12,draft|draft_verify|target|target_rescue_verify,702.8493881225586,597.4578857421875,1558.3176612854004,1180.0,144.0,1256.2464,2483.5587601493407,2858.6850503501464,1930.1617482718993
109,109,13,draft|draft_verify|target|backtracking_verify,107.89632797241211,468.8892364501953,116.95218086242676,1404.0,20.0,179.2784,413.78303422509765,693.7977612850342,383.86910566064455
109,109,14,draft|draft_verify|target|backtracking_verify,621.1338043212891,964.867115020752,936.314582824707,2136.0,126.0,1382.94,2811.265751867098,2522.375602966748,2049.459556188387
109,109,15,draft|draft_verify|target|target_rescue_verify,1696.0482597351074,2321.719169616699,8107.997894287109,4524.0,354.0,6014.647199999999,14899.614967254563,12125.825606838916,10581.016026989671
109,109,16,draft|draft_verify,597.63503074646,234.06982421875,0.0,974.0,126.0,1034.34,1034.34,831.76495576521,597.63503074646
109,109,17,draft|draft_verify,288.0096435546875,232.987642288208,0.0,1100.0,63.0,529.9872,529.9872,521.0573362428955,288.0096435546875
109,109,18,draft|draft_verify,75.90222358703613,254.96387481689453,0.0,1163.0,12.0,99.74159999999999,488.0715771051025,330.92610800393066,488.0715771051025
110,110,1,draft|draft_verify|target|backtracking_verify,290.7271385192871,67.80290603637695,535.7248783111572,88.0,45.0,269.9688,535.7248783111572,894.3149588668214,535.7248783111572
110,110,2,draft|draft_verify|target|backtracking_verify|target_rescue_verify,508.6255073547363,227.8592586517334,1380.737066268921,305.0,103.0,678.4912,1539.8142595232605,2117.281914675391,1494.6666955947876
110,110,3,draft|draft_verify|target|backtracking_verify|target_rescue_verify,626.049280166626,460.83593368530273,1087.5091552734375,687.0,119.0,894.4688,2003.5649434533773,2174.454464325366,1735.1454236200034
110,110,4,draft|draft_verify|target|target_rescue_verify,2289.278984069824,837.9340171813965,2777.515411376953,1259.0,433.0,4015.2183999999997,6991.431690964819,5904.788759028173,5265.492275034643
110,110,5,draft|draft_verify,688.6825561523438,156.85439109802246,0.0,615.0,147.0,1085.0304,1085.0304,845.5970648503662,688.6825561523438
110,110,6,draft|draft_verify,136.07525825500488,163.06090354919434,0.0,762.0,26.0,195.74,358.8609243491943,299.1961826041992,320.03543304721677
111,111,1,draft|draft_verify|target|backtracking_verify,472.8422164916992,121.76322937011719,551.2402057647705,159.0,101.0,630.02,551.2402057647705,1145.9057324265868,551.2402057647705
111,111,2,draft|draft_verify|target|backtracking_verify,422.1949577331543,257.5259208679199,591.1350250244141,501.0,86.0,604.616,1093.388021963147,1270.9159724254882,910.9669796963012
111,111,3,draft|draft_verify|target|target_rescue_verify,1069.7224140167236,691.2446022033691,1971.1170196533203,1173.0,231.0,2037.192,4120.428976467938,3732.1442206734127,3152.959390484662
111,111,4,draft|draft_verify|target|target_rescue_verify,2088.7668132781982,968.4982299804688,2163.3353233337402,1475.0,458.0,4497.867200000001,6770.29245527242,5220.660732992407,4361.1920685506175
111,111,5,draft|draft_verify|target|target_rescue_verify,395.8699703216553,286.1628532409668,1338.707685470581,446.0,90.0,621.4776,1338.707685470581,2020.8005810332031,1338.707685470581
111,111,6,draft|draft_verify|target|target_rescue_verify,479.72583770751953,314.23425674438477,294.614315032959,671.0,80.0,594.0056000000001,751.1827923721925,1088.6344734848633,636.9030300797119
111,111,7,draft|draft_verify,254.3051242828369,164.92366790771484,0.0,713.0,39.0,290.664,290.664,419.2888233905518,254.3051242828369
111,111,8,draft|draft_verify,101.05538368225098,154.76322174072266,0.0,752.0,14.0,104.04079999999999,319.8069320484375,255.87861662297365,319.8069320484375
112,112,1,draft|draft_verify,217.0395851135254,22.338151931762695,0.0,83.0,35.0,209.1008,217.0395851135254,239.43776504528807,217.0395851135254
112,112,2,draft|draft_verify,312.50643730163574,31.189680099487305,0.0,118.0,51.0,309.96000000000004,309.96000000000004,343.75615820112307,312.50643730163574
112,112,3,draft|draft_verify,294.88658905029297,51.14388465881348,0.0,169.0,48.0,297.2904,297.2904,346.09051210910644,294.88658905029297
112,112,4,draft|draft_verify,248.88014793395996,60.502052307128906,0.0,217.0,40.0,251.78320000000002,251.78320000000002,309.44223224108885,248.88014793395996
112,112,5,draft|draft_verify,156.55040740966797,60.93549728393555,0.0,257.0,23.0,146.1968,207.19231568393553,217.5459230936035,217.5459230936035
113,113,1,draft|draft_verify,125.63228607177734,29.148101806640625,0.0,74.0,27.0,160.44000000000003,125.63228607177734,154.84040947841797,125.63228607177734
113,113,2,draft|draft_verify,195.46127319335938,42.64259338378906,0.0,101.0,40.0,240.92560000000003,240.92560000000003,238.16389857714844,195.46127319335938
113,113,3,draft|draft_verify,132.6620578765869,46.7381477355957,0.0,141.0,28.0,170.764,170.764,179.46022801218263,132.6620578765869
113,113,4,draft|draft_verify,265.7361030578613,58.66122245788574,0.0,169.0,59.0,366.2912,366.2912,324.45737271574706,265.7361030578613
113,113,5,draft|draft_verify,115.5858039855957,68.71318817138672,0.0,228.0,25.0,157.3528,226.12600817138673,184.35901215698243,184.35901215698243
114,114,1,draft|draft_verify,440.80519676208496,57.86848068237305,0.0,92.0,99.0,601.5408,440.80519676208496,498.733756644458,440.80519676208496
114,114,2,draft|draft_verify,162.03665733337402,60.814857482910156,0.0,191.0,36.0,224.19600000000003,224.19600000000003,222.91154361628418,162.03665733337402
114,114,3,draft|draft_verify,34.58094596862793,58.64453315734863,0.0,227.0,7.0,43.4992,60.874886282910154,93.28548472597656,60.874886282910154
114,114,4,draft|draft_verify,215.81625938415527,69.90551948547363,0.0,234.0,45.0,285.3864,285.3864,285.7818148696289,215.81625938415527
114,114,5,draft|draft_verify,115.03815650939941,68.9535140991211,0.0,279.0,22.0,140.896,209.9095316991211,184.0516882085205,184.0516882085205
115,115,1,draft|draft_verify,102.16760635375977,38.06138038635254,0.0,105.0,22.0,132.1264,102.16760635375977,140.28900434011229,102.16760635375977
115,115,2,draft|draft_verify,187.94727325439453,36.810874938964844,0.0,127.0,42.0,255.6432,255.6432,224.81818179335937,187.94727325439453
115,115,3,draft|draft_verify,32.619476318359375,35.52103042602539,0.0,169.0,7.0,42.664,42.664,68.20051234438476,36.87090853896484
115,115,4,draft|draft_verify,425.2641201019287,69.63443756103516,0.0,176.0,95.0,595.7216000000001,595.7216000000001,494.95863366296385,425.2641201019287
115,115,5,draft|draft_verify,112.42318153381348,17193.033933639526,0.0,271.0,23.0,146.936,17340.029952039527,17305.51713357334,17305.51713357334
116,116,1,draft|draft_verify,73.41647148132324,31.209468841552734,0.0,77.0,14.0,82.9808,73.41647148132324,104.68595152287598,73.41647148132324
116,116,2,draft|draft_verify,149.44100379943848,35.005807876586914,0.0,91.0,31.0,185.608,185.608,184.5068364760254,149.44100379943848
116,116,3,draft|draft_verify,192.7189826965332,34.41309928894043,0.0,122.0,47.0,285.8432,285.8432,227.19211958547362,192.7189826965332
116,116,4,draft|draft_verify,174.38626289367676,57.92117118835449,0.0,169.0,39.0,241.05120000000002,241.05120000000002,232.36746528203125,174.38626289367676
116,116,5,draft|draft_verify,33.28514099121094,57.160139083862305,0.0,208.0,7.0,43.2256,57.98120238835449,90.50528567507324,57.98120238835449
116,116,6,draft|draft_verify,136.90567016601562,67.24071502685547,0.0,215.0,32.0,200.8664,200.8664,204.20641079287108,136.90567016601562
116,116,7,draft|draft_verify,104.10141944885254,68.01581382751465,0.0,247.0,23.0,145.6688,145.6688,172.17725167636718,104.10141944885254
116,116,8,draft|draft_verify,54.711103439331055,68.91155242919922,0.0,270.0,10.0,63.34,68.07583222751465,123.68266386853028,68.07583222751465
116,116,9,draft|draft_verify,107.8493595123291,88.94205093383789,0.0,280.0,19.0,121.5664,210.5684661338379,196.851425646167,196.851425646167
117,117,1,draft|draft_verify,130.06854057312012,35.81809997558594,0.0,101.0,26.0,156.08,130.06854057312012,165.94666134870604,130.06854057312012
117,117,2,draft|draft_verify|target|target_rescue_verify,286.8778705596924,131.61063194274902,806.7121505737305,127.0,64.0,391.4008,806.7121505737305,1225.260704276172,806.7121505737305
117,117,3,draft|draft_verify|target|target_rescue_verify,395.9534168243408,199.70393180847168,583.4534168243408,258.0,79.0,509.15200000000004,609.0640291042359,1179.1708286571534,583.4534168243408
117,117,4,draft|draft_verify,592.0188426971436,148.80895614624023,0.0,347.0,123.0,825.6288,825.6288,740.8878972433838,592.0188426971436
117,117,5,draft|draft_verify,148.8363742828369,145.42293548583984,0.0,470.0,27.0,185.15040000000002,330.63335708583986,294.3193313686768,294.35201163208006
118,118,1,draft|draft_verify|target|target_rescue_verify,502.3672580718994,93.14632415771484,558.3035945892334,95.0,102.0,620.8704,558.3035945892334,1153.8772584188478,558.3035945892334
118,118,2,draft|draft_verify,455.86490631103516,68.91655921936035,0.0,176.0,95.0,595.7216000000001,664.6982352193604,524.8415415303955,524.8415415303955
119,119,1,draft|draft_verify,204.1783332824707,39.5357608795166,0.0,84.0,45.0,269.5464,204.1783332824707,243.7741301619873,204.1783332824707
119,119,2,draft|draft_verify,252.37655639648438,59.65018272399902,0.0,129.0,58.0,354.5344,354.5344,312.08678552048343,252.37655639648438
119,119,3,draft|draft_verify,319.7484016418457,77.91662216186523,0.0,187.0,65.0,406.8152,406.8152,397.7250758037109,319.7484016418457
119,119,4,draft|draft_verify,304.20851707458496,87.38851547241211,0.0,252.0,65.0,416.79920000000004,416.79920000000004,391.65708454699705,304.20851707458496
119,119,5,draft|draft_verify,230.6652069091797,87.96286582946777,0.0,317.0,47.0,307.37120000000004,395.3941034294678,318.68811033864745,318.68811033864745
120,120,1,draft|draft_verify,153.67865562438965,23.395061492919922,0.0,78.0,36.0,214.704,153.67865562438965,177.13374591730957,153.67865562438965
120,120,2,draft|draft_verify,452.14056968688965,55.95898628234863,0.0,114.0,101.0,619.22,619.22,508.15963676923826,452.14056968688965
120,120,3,draft|draft_verify|target|target_rescue_verify,209.90514755249023,169.8601245880127,977.0197868347168,215.0,51.0,321.6,977.0197868347168,1356.8450997752198,977.0197868347168
120,120,4,draft|draft_verify,110.08763313293457,93.00923347473145,0.0,372.0,22.0,145.5832,238.65245107473146,203.156884207666,203.156884207666
121,121,1,draft|draft_verify,233.33358764648438,39.15262222290039,0.0,105.0,53.0,320.63120000000004,233.33358764648438,272.54625226938475,233.33358764648438
121,121,2,draft|draft_verify,215.52562713623047,56.80966377258301,0.0,158.0,49.0,302.284,302.284,272.3953301088135,215.52562713623047
121,121,3,draft|draft_verify,219.03157234191895,66.17188453674316,0.0,207.0,49.0,307.92879999999997,307.92879999999997,285.2634960786621,219.03157234191895
121,121,4,draft|draft_verify,249.98950958251953,83.02903175354004,0.0,256.0,52.0,332.9968,332.9968,333.07858293605955,249.98950958251953
121,121,5,draft|draft_verify,181.6272735595703,78.20439338684082,0.0,308.0,39.0,253.728,253.728,259.89169814641116,181.6272735595703
121,121,6,draft|draft_verify,425.75764656066895,144.55723762512207,0.0,347.0,96.0,641.0999999999999,641.0999999999999,570.374960985791,425.75764656066895
121,121,7,draft|draft_verify,295.48001289367676,132.75766372680664,0.0,443.0,63.0,432.2256,432.2256,428.2977270204834,295.48001289367676
121,121,8,draft|draft_verify,108.60967636108398,144.75750923156738,0.0,506.0,24.0,166.35359999999997,311.17112843156735,253.42720479265137,277.635242558374
122,122,1,draft|draft_verify,225.50415992736816,30.79700469970703,0.0,77.0,45.0,268.8072,225.50415992736816,256.36120062707516,225.50415992736816
122,122,2,draft|draft_verify,107.99622535705566,30.31611442565918,0.0,122.0,25.0,151.2472,151.2472,138.37235978271485,107.99622535705566
122,122,3,draft|draft_verify,130.80739974975586,31.798601150512695,0.0,147.0,31.0,189.64,189.64,162.66602570026856,130.80739974975586
122,122,4,draft|draft_verify,193.7100887298584,59.45253372192383,0.0,178.0,47.0,292.02560000000005,292.02560000000005,253.2226600517822,193.7100887298584
122,122,5,draft|draft_verify,182.9063892364502,65.72675704956055,0.0,225.0,28.0,176.2072,176.2072,248.69316868601075,182.9063892364502
122,122,6,draft|draft_verify,38.660287857055664,69.03576850891113,0.0,253.0,7.0,43.873599999999996,65.78677944956054,107.7560619659668,65.78677944956054
122,122,7,draft|draft_verify|target|target_rescue_verify,214.68019485473633,155.6985378265381,441.61152839660645,260.0,51.0,327.0,441.61152839660645,812.0503018778809,441.61152839660645
122,122,8,draft|draft_verify,208.79888534545898,92.1640396118164,0.0,324.0,44.0,288.2672,288.2672,301.0229601572754,208.79888534545898
122,122,9,draft|draft_verify,135.2384090423584,96.72999382019043,0.0,368.0,21.0,138.708,138.708,232.02841966254883,135.2384090423584
122,122,10,draft|draft_verify,331.4340114593506,126.1148452758789,0.0,389.0,64.0,431.0152,431.0152,457.60890793522947,331.4340114593506
122,122,11,draft|draft_verify,221.33445739746094,127.58851051330566,0.0,453.0,44.0,301.58,301.58,348.9830031107666,221.33445739746094
122,122,12,draft|draft_verify,115.84043502807617,144.56439018249512,0.0,497.0,21.0,144.9,144.9,260.46484201057126,127.64854571330567
122,122,13,draft|draft_verify,149.45673942565918,132.99250602722168,0.0,518.0,29.0,202.244,202.244,282.50926865288085,149.45673942565918
122,122,14,draft|draft_verify,94.15650367736816,134.11974906921387,0.0,547.0,17.0,118.9112,267.2322918964355,228.33626634658202,267.2322918964355
123,123,1,draft|draft_verify,271.5296745300293,36.22794151306152,0.0,117.0,58.0,352.8928,271.5296745300293,307.8176624430908,271.5296745300293
123,123,2,draft|draft_verify|target|target_rescue_verify,1679.3439388275146,210.54387092590332,419.9965000152588,175.0,352.0,2316.1624,2421.494617062952,2309.944591368677,1784.6761558904664
123,123,3,draft|draft_verify,458.24742317199707,90.48295021057129,0.0,240.0,87.0,557.8944,557.8944,548.7904429825684,458.24742317199707
123,123,4,draft|draft_verify,390.1667594909668,96.46248817443848,0.0,327.0,70.0,461.7472,461.7472,486.68930366540525,390.1667594909668
123,123,5,draft|draft_verify|target|target_rescue_verify,618.5178756713867,275.0413417816162,683.8786602020264,397.0,131.0,896.24,1033.8207756908082,1577.4979824550292,756.0986513621948
123,123,6,draft|draft_verify,431.70619010925293,131.14166259765625,0.0,507.0,92.0,648.8552,648.8552,562.9079263069092,431.70619010925293
123,123,7,draft|draft_verify,224.40505027770996,137.28761672973633,0.0,599.0,45.0,323.9304,323.9304,361.75270300744626,224.40505027770996
123,123,8,draft|draft_verify,164.11852836608887,138.8704776763916,0.0,644.0,33.0,240.14640000000003,240.14640000000003,303.04903244248044,164.11852836608887
123,123,9,draft|draft_verify,129.18376922607422,155.8544635772705,0.0,677.0,20.0,146.12720000000002,302.04167957727054,285.09824880334475,294.8449836536621
124,124,1,draft|draft_verify,212.64028549194336,50.698280334472656,0.0,178.0,34.0,210.60399999999998,212.64028549194336,263.39859302641605,212.64028549194336
124,124,2,draft|draft_verify|target|backtracking_verify,213.14120292663574,124.33767318725586,215.17586708068848,212.0,44.0,276.7088,338.93767179362794,552.7147783945801,275.3700747202637
124,124,3,draft|draft_verify|target|backtracking_verify,53.39980125427246,129.06956672668457,152.54497528076172,256.0,11.0,69.416,152.54497528076172,335.07435206171874,152.54497528076172
124,124,4,draft|draft_verify|target|target_rescue_verify,472.8059768676758,331.6495418548584,850.8961200714111,534.0,98.0,698.2424,1372.4876948268493,1655.4117171939454,1147.051271694525
124,124,5,draft|draft_verify|target|target_rescue_verify,302.07324028015137,362.98155784606934,569.3240165710449,648.0,64.0,470.176,1027.1342278700745,1234.4388658972657,859.0314681502258
124,124,6,draft|draft_verify,86.75932884216309,102.89120674133301,0.0,361.0,18.0,118.41600000000001,118.41600000000001,189.7105499834961,90.74538946151733
124,124,7,draft|draft_verify|target|backtracking_verify,148.36859703063965,195.15442848205566,123.19755554199219,379.0,29.0,192.9032,290.54043744102785,466.7806042546875,246.00583447166747
124,124,8,draft|draft_verify|target|backtracking_verify,221.22883796691895,438.5998249053955,301.1641502380371,800.0,38.0,290.8472,770.4391741980652,961.0528435103515,700.8208121649841
124,124,9,draft|draft_verify|target|target_rescue_verify,452.84581184387207,1022.1714973449707,544.628381729126,1676.0,80.0,784.5536,2215.256447641815,2019.7057549179688,1883.5486594856873
125,125,1,draft|draft_verify,152.94599533081055,31.80694580078125,0.0,144.0,30.0,183.2664,152.94599533081055,184.8129651315918,152.94599533081055
125,125,2,draft|draft_verify,256.3014030456543,55.52792549133301,0.0,174.0,56.0,348.104,348.104,311.8893733369873,256.3014030456543
125,125,3,draft|draft_verify|target|target_rescue_verify,261.99913024902344,144.74821090698242,567.6937103271484,230.0,57.0,361.9224,567.6937103271484,974.5010970831543,567.6937103271484
125,125,4,draft|draft_verify,349.87592697143555,106.13870620727539,0.0,309.0,74.0,485.37919999999997,485.37919999999997,456.07469237871095,349.87592697143555
125,125,5,draft|draft_verify|target|target_rescue_verify,521.2864875793457,277.24170684814453,601.3808250427246,383.0,101.0,683.78,822.4609342240723,1399.9691002702148,659.967421803418
125,125,6,draft|draft_verify,135.4053020477295,137.82286643981934,0.0,475.0,26.0,178.52,316.40288723981934,273.2881892875488,276.50374066389156
126,126,1,draft|draft_verify,132.45797157287598,34.340858459472656,0.0,140.0,28.0,170.6992,132.45797157287598,166.85885243234864,132.45797157287598
126,126,2,draft|draft_verify,526.7484188079834,64.82911109924316,0.0,168.0,118.0,741.0616,741.0616,591.6376243072266,526.7484188079834
126,126,3,draft|draft_verify,323.2913017272949,78.43375205993652,0.0,286.0,71.0,461.552,461.552,401.78511058723143,323.2913017272949
126,126,4,draft|draft_verify,545.2365875244141,143.1884765625,0.0,357.0,115.0,773.5072,773.5072,688.4851560869141,545.2365875244141
126,126,5,draft|draft_verify,379.87518310546875,153.7637710571289,0.0,472.0,84.0,584.5488,584.5488,533.6990213625977,379.87518310546875
126,126,6,draft|draft_verify|target|target_rescue_verify,458.0190181732178,284.5273017883301,825.0241279602051,556.0,88.0,630.4,825.0241279602051,1567.6305183217528,825.0241279602051
126,126,7,draft|draft_verify,131.52265548706055,153.0923843383789,0.0,686.0,26.0,191.18,344.33240513837893,284.6750606254394,295.4160560325439
127,127,1,draft|draft_verify,267.3044204711914,31.273603439331055,0.0,100.0,58.0,350.5672,267.3044204711914,298.63807031052244,267.3044204711914
127,127,2,draft|draft_verify,235.31413078308105,51.51200294494629,0.0,158.0,51.0,314.76,314.76,286.88617452802737,235.31413078308105
127,127,3,draft|draft_verify|target|target_rescue_verify,357.92994499206543,127.92301177978516,317.89541244506836,209.0,72.0,455.028,519.0495634898925,803.8084268169189,421.951508481958
127,127,4,draft|draft_verify|target|target_rescue_verify,402.10819244384766,179.69799041748047,392.23599433898926,254.0,84.0,541.1232,631.0322624087403,974.1022444003174,492.0172548525879
127,127,5,draft|draft_verify,273.47517013549805,101.318359375,0.0,315.0,54.0,353.4624,353.4624,374.85357271049804,273.47517013549805
127,127,6,draft|draft_verify|target|target_rescue_verify,517.8587436676025,266.0081386566162,662.1856689453125,369.0,112.0,756.1,889.1641589283081,1446.1126408695313,662.1856689453125
127,127,7,draft|draft_verify,97.23687171936035,127.02298164367676,0.0,471.0,17.0,115.99279999999999,260.08706457198485,224.3198669630371,260.08706457198485
128,128,1,draft|draft_verify,327.32558250427246,39.97635841369629,0.0,95.0,67.0,404.93440000000004,327.32558250427246,367.36199451796875,327.32558250427246
128,128,2,draft|draft_verify,105.91483116149902,56.06651306152344,0.0,162.0,19.0,116.4688,116.4688,162.04135942302247,105.91483116149902
128,128,3,draft|draft_verify,78.16529273986816,56.61463737487793,0.0,181.0,14.0,86.2256,86.2256,134.8399413147461,78.16529273986816
128,128,4,draft|draft_verify,73.4107494354248,54.570674896240234,0.0,195.0,15.0,92.90400000000001,92.90400000000001,128.04143633166504,73.4107494354248
128,128,5,draft|draft_verify,464.2012119293213,65.48953056335449,0.0,210.0,92.0,583.9904,583.9904,529.7508160926758,464.2012119293213
128,128,6,draft|draft_verify,77.99673080444336,77.13103294372559,0.0,302.0,16.0,103.0,103.0,155.18777654816893,77.99673080444336
128,128,7,draft|draft_verify,39.54195976257324,76.60150527954102,0.0,318.0,8.0,51.3296,77.19104574372558,116.20347144211425,77.19104574372558
128,128,8,draft|draft_verify,63.00044059753418,77.12006568908691,0.0,326.0,13.0,84.196,84.196,140.1805166866211,76.66151167954102
128,128,9,draft|draft_verify,56.972503662109375,80.12986183166504,0.0,339.0,12.0,77.988,77.988,137.16237509377441,77.18007608908691
128,128,10,draft|draft_verify,58.90464782714844,96.48633003234863,0.0,351.0,11.0,71.696,80.18987143166504,155.45098665949706,80.18987143166504
128,128,11,draft|draft_verify,65.17505645751953,93.71662139892578,0.0,362.0,13.0,85.2328,96.54633883234864,158.95168825644532,96.54633883234864
128,128,12,draft|draft_verify,60.22167205810547,94.93303298950195,0.0,375.0,11.0,72.272,188.76967358842774,155.2147138476074,188.76967358842774
129,129,1,draft|draft_verify,292.6490306854248,31.96406364440918,0.0,88.0,65.0,391.60880000000003,292.6490306854248,324.67314632983397,292.6490306854248
129,129,2,draft|draft_verify|target|target_rescue_verify,2031.785488128662,195.95646858215332,337.21280097961426,153.0,446.0,2961.6079999999997,3059.6465910910765,2565.0151144904294,2129.824079219739
129,129,3,draft|draft_verify,161.26608848571777,62.081098556518555,0.0,200.0,36.0,224.952,224.952,223.40721584223633,161.26608848571777
129,129,4,draft|draft_verify|target|target_rescue_verify,692.9504871368408,184.42797660827637,487.3816967010498,236.0,154.0,998.8936,1091.1677115041382,1364.820283646167,785.224598640979
129,129,5,draft|draft_verify,417.7441596984863,115.9200668334961,0.0,308.0,91.0,598.696,598.696,533.7242993319824,417.7441596984863
129,129,6,draft|draft_verify,1787.3945236206055,165.7540798187256,0.0,399.0,356.0,2535.044,2535.044,1953.2088882393311,1787.3945236206055
129,129,7,draft|draft_verify,72.47662544250488,155.0426483154297,0.0,755.0,17.0,126.8984,165.8143646187256,227.57928735793456,165.8143646187256
129,129,8,draft|draft_verify,58.48383903503418,154.99591827392578,0.0,772.0,10.0,74.1832,310.15858818935544,213.53976530895997,310.15858818935544
130,130,1,draft|draft_verify|target|backtracking_verify,154.77919578552246,141.06416702270508,235.68296432495117,105.0,34.0,204.8224,235.68296432495117,531.5863543331787,235.68296432495117
130,130,2,draft|draft_verify|target|target_rescue_verify|backtracking_verify,550.1503944396973,34831.41851425171,951.0529041290283,267.0,112.0,728.9272,27328.077627353297,36332.68190242044,27149.300821792993
130,130,3,draft|draft_verify|target|backtracking_verify|target_rescue_verify,570.8181858062744,251.0702610015869,1010.1723670959473,371.0,123.0,832.656,9401.30360626209,1832.1209123038086,9401.30360626209
130,130,4,draft|draft_verify|target|target_rescue_verify,610.1386547088623,226.5164852142334,406.400203704834,494.0,133.0,940.9864,1054.3047490071167,1243.1154500279297,723.457003715979
130,130,5,draft|draft_verify|target|target_rescue_verify,526.2339115142822,281.1295986175537,579.709529876709,610.0,110.0,805.364,945.9888873087768,1387.1331280085449,666.858798823059
130,130,6,draft|draft_verify|target|target_rescue_verify,107.11002349853516,191.58077239990234,195.64056396484375,351.0,25.0,164.4376,356.0783923999023,494.39137986328126,332.2055917086792
131,131,1,draft|draft_verify,337.91160583496094,33.93888473510742,0.0,81.0,73.0,439.324,337.91160583496094,371.91054897006836,337.91160583496094
131,131,2,draft|draft_verify,161.6358757019043,52.073001861572266,0.0,154.0,29.0,177.78320000000002,177.78320000000002,213.76890076347655,161.6358757019043
131,131,3,draft|draft_verify,147.9499340057373,51.45692825317383,0.0,183.0,30.0,185.98080000000002,185.98080000000002,199.46688625891113,147.9499340057373
131,131,4,draft|draft_verify,125.47993659973145,62.055110931396484,0.0,213.0,29.0,181.74800000000002,181.74800000000002,187.59507073112792,125.47993659973145
131,131,5,draft|draft_verify,495.2836036682129,81.56347274780273,0.0,242.0,98.0,630.2647999999999,630.2647999999999,576.9071548160157,495.2836036682129
131,131,6,draft|draft_verify,64.82434272766113,81.17222785949707,0.0,340.0,13.0,84.59920000000001,84.59920000000001,146.0565809871582,81.62355114780273
131,131,7,draft|draft_verify,57.81841278076172,95.34120559692383,0.0,353.0,11.0,71.744,81.23223825949707,153.21962717768554,81.23223825949707
131,131,8,draft|draft_verify,435.7779026031494,126.63674354553223,0.0,364.0,85.0,569.8504,569.8504,562.4747141486816,435.7779026031494
131,131,9,draft|draft_verify,113.41595649719238,127.1669864654541,0.0,449.0,24.0,163.2072,290.4342056654541,240.64296216264648,253.92381721098633
132,132,1,draft|draft_verify,406.31651878356934,54.86011505126953,0.0,115.0,92.0,563.2424000000001,406.31651878356934,461.2367074348389,406.31651878356934
132,132,2,draft|draft_verify,455.413818359375,61.78474426269531,0.0,207.0,91.0,576.88,576.88,517.2586354220703,455.413818359375
132,132,3,draft|draft_verify,200.59871673583984,80.10339736938477,0.0,298.0,41.0,265.916,265.916,280.7621469052246,200.59871673583984
132,132,4,draft|draft_verify,178.9531707763672,110.41593551635742,0.0,339.0,32.0,210.092,210.092,289.4291318927246,178.9531707763672
132,132,5,draft|draft_verify,234.1153621673584,95.15762329101562,0.0,371.0,51.0,340.32,340.32,329.33302625837405,234.1153621673584
132,132,6,draft|draft_verify,227.88310050964355,130.77330589294434,0.0,422.0,44.0,298.3808,298.3808,358.7164416025879,227.88310050964355
132,132,7,draft|draft_verify,318.0427551269531,149.03545379638672,0.0,466.0,66.0,456.684,456.684,467.13826172333984,318.0427551269531
132,132,8,draft|draft_verify,347.25165367126465,128.95464897155762,0.0,532.0,61.0,431.14,431.14,476.26635144282227,347.25165367126465
132,132,9,draft|draft_verify,137.37130165100098,132.12227821350098,0.0,593.0,28.0,200.0536,332.235900613501,269.55360226450193,269.55360226450193
133,133,1,draft|draft_verify|target|backtracking_verify,171.76342010498047,62.012672424316406,233.65259170532227,116.0,37.0,224.0008,233.65259170532227,467.48871383461915,233.65259170532227
133,133,2,draft|draft_verify|target|target_rescue_verify,668.0154800415039,243.2546615600586,792.5858497619629,302.0,148.0,982.1727999999999,1560.9668394510254,1703.9161097635254,1246.8095194925293
133,133,3,draft|draft_verify|target|target_rescue_verify,273.6847400665283,136.31653785705566,387.10522651672363,195.0,60.0,376.26000000000005,444.4783169285279,797.1665524403077,387.10522651672363
133,133,4,draft|draft_verify,111.76037788391113,67.71397590637207,0.0,256.0,24.0,152.5536,152.5536,179.5343729902832,111.76037788391113
133,133,5,draft|draft_verify,166.01181030273438,85.99376678466797,0.0,280.0,34.0,218.6824,218.6824,252.06560428740235,166.01181030273438
133,133,6,draft|draft_verify|target|target_rescue_verify,356.9490909576416,189.05329704284668,284.5885753631592,314.0,75.0,492.9264,587.5131085214233,830.6510233636475,451.53579947906496
133,133,7,draft|draft_verify|target|target_rescue_verify,482.3446273803711,229.0482521057129,323.1923580169678,356.0,97.0,649.9767999999999,764.5610036528564,1034.6453151030519,596.9288310332275
133,133,8,draft|draft_verify|target|target_rescue_verify,124.50075149536133,254.1944980621338,343.25647354125977,405.0,26.0,174.32,343.25647354125977,722.011743898755,343.25647354125977
133,133,9,draft|draft_verify|target|target_rescue_verify,95.76296806335449,262.5420093536377,110.08405685424805,456.0,20.0,136.0496,267.3806206768188,468.44905027124025,258.42826970788576
133,133,10,draft|draft_verify|target|backtracking_verify,151.41797065734863,284.91687774658203,432.3408603668213,466.0,31.0,212.608,432.3408603668213,868.735733570752,432.3408603668213
133,133,11,draft|draft_verify|target|target_rescue_verify,546.0567474365234,395.79081535339355,451.4799118041992,1030.0,92.0,763.0784,1158.9292889533936,1393.3875481941163,941.907636389917
134,134,1,draft|draft_verify,186.1734390258789,29.9832820892334,0.0,91.0,44.0,264.2216,186.1734390258789,216.2167563151123,186.1734390258789
134,134,2,draft|draft_verify,187.85715103149414,46.69833183288574,0.0,135.0,46.0,281.10400000000004,281.10400000000004,234.6155196643799,187.85715103149414
134,134,3,draft|draft_verify,651.9100666046143,84.29670333862305,0.0,181.0,148.0,939.4839999999999,939.4839999999999,736.2668883432373,651.9100666046143
134,134,4,draft|draft_verify,496.30141258239746,148.53954315185547,0.0,329.0,105.0,697.9224,697.9224,644.9010397342529,496.30141258239746
134,134,5,draft|draft_verify,1050.079584121704,135.93220710754395,0.0,434.0,220.0,1548.7264,1548.7264,1186.071967229248,1050.079584121704
134,134,6,draft|draft_verify,122.56669998168945,133.7423324584961,0.0,654.0,23.0,167.1584,300.9607508584961,256.36905084018554,269.79473396604004
135,135,1,draft|draft_verify,116.05525016784668,33.04433822631836,0.0,120.0,25.0,151.132,116.05525016784668,149.15960839416505,116.05525016784668
135,135,2,draft|draft_verify,217.1938419342041,53.52973937988281,0.0,145.0,48.0,294.5832,294.5832,270.7836197140869,217.1938419342041
135,135,3,draft|draft_verify,88.31548690795898,51.78952217102051,0.0,193.0,12.0,74.1336,74.1336,140.1650186789795,88.31548690795898
135,135,4,draft|draft_verify,247.60746955871582,61.44094467163086,0.0,205.0,48.0,301.35119999999995,301.35119999999995,309.1084526303467,247.60746955871582
135,135,5,draft|draft_verify,66.12348556518555,70.93286514282227,0.0,253.0,11.0,69.344,69.344,137.1163595080078,66.12348556518555
135,135,6,draft|draft_verify,320.06216049194336,81.12454414367676,0.0,264.0,54.0,346.97520000000003,346.97520000000003,401.2467478356201,320.06216049194336
135,135,7,draft|draft_verify,557.2035312652588,94.12908554077148,0.0,318.0,108.0,715.4496,715.4496,651.3927032060303,557.2035312652588
135,135,8,draft|draft_verify,726.7870903015137,141.36481285095215,0.0,426.0,156.0,1082.928,1082.928,868.2120279524659,726.7870903015137
135,135,9,draft|draft_verify,478.60074043273926,154.63662147521973,0.0,582.0,97.0,702.0472,702.0472,633.297439507959,478.60074043273926
135,135,10,draft|draft_verify,1493.567705154419,207.1516513824463,0.0,679.0,303.0,2341.1664,2341.1664,1700.7795989368653,1493.567705154419
135,135,11,draft|draft_verify,512.134313583374,223.2992649078369,0.0,982.0,100.0,819.2031999999999,819.2031999999999,735.4936584912109,512.134313583374
135,135,12,draft|draft_verify,276.3035297393799,232.01274871826172,0.0,1082.0,57.0,476.4312,476.4312,508.3763240576416,276.3035297393799
135,135,13,draft|draft_verify,115.14711380004883,231.92882537841797,0.0,1139.0,21.0,175.716,464.0616364966797,347.13595597846677,464.0616364966797
136,136,1,draft|draft_verify,243.16954612731934,34.42859649658203,0.0,114.0,55.0,334.03839999999997,243.16954612731934,277.6581866239014,243.16954612731934
136,136,2,draft|draft_verify,258.09574127197266,57.795047760009766,0.0,169.0,54.0,334.8912,334.8912,315.9508322319824,258.09574127197266
136,136,3,draft|draft_verify,270.8749771118164,62.53385543823242,0.0,223.0,58.0,367.3936,367.3936,333.4688789500488,270.8749771118164
136,136,4,draft|draft_verify,265.8557891845703,25798.71106147766,0.0,281.0,54.0,349.1376,349.1376,26064.62689386223,265.8557891845703
136,136,5,draft|draft_verify|target|target_rescue_verify,500.2434253692627,263.12923431396484,571.6779232025146,335.0,83.0,550.5152,25930.395788234644,1335.110649285742,25930.395788234644
136,136,6,draft|draft_verify,245.50867080688477,126.6472339630127,0.0,419.0,51.0,346.08,346.08,372.2159455698975,245.50867080688477
136,136,7,draft|draft_verify,245.92971801757812,128.62873077392578,0.0,470.0,52.0,359.1904,359.1904,374.6184903915039,245.92971801757812
136,136,8,draft|draft_verify,213.83142471313477,128.0069351196289,0.0,522.0,45.0,315.7992,315.7992,341.89839583276364,213.83142471313477
136,136,9,draft|draft_verify,315.22202491760254,133.48793983459473,0.0,567.0,67.0,479.6992,479.6992,448.77001835219727,315.22202491760254
136,136,10,draft|draft_verify,214.07079696655273,152.54950523376465,0.0,634.0,45.0,327.6264,327.6264,366.68033820031735,214.07079696655273
136,136,11,draft|draft_verify|target|target_rescue_verify,501.523494720459,312.5579357147217,676.9628524780273,679.0,108.0,808.1544000000001,964.493454257361,1491.104369313208,676.9628524780273
136,136,12,draft|draft_verify|target|backtracking_verify,943.6943531036377,381.02054595947266,679.5454025268555,787.0,212.0,1669.0952000000002,1859.6656425797364,2004.3204711899657,1134.264795683374
136,136,13,draft|draft_verify|target|target_rescue_verify,719.2134857177734,482.61284828186035,1220.2050685882568,999.0,156.0,1296.084,1537.4505489409303,2422.091527387891,1220.2050685882568
136,136,14,draft|draft_verify,270.94292640686035,259.3882083892822,0.0,1198.0,58.0,500.7736,500.7736,530.3911811961425,270.94292640686035
136,136,15,draft|draft_verify|target|target_rescue_verify,300.8127212524414,552.5102615356445,617.2683238983154,1256.0,60.0,526.4976,802.8127787678222,1470.6513546864014,617.2683238983154
136,136,16,draft|draft_verify,110.28718948364258,281.91494941711426,0.0,1352.0,23.0,204.0128,276.25513076782227,392.2621573007568,276.25513076782227
136,136,17,draft|draft_verify|target|backtracking_verify,169.0971851348877,559.3478679656982,258.26239585876465,1375.0,34.0,305.40639999999996,585.1403611828491,986.7674761593506,561.7089289999633
136,136,18,draft|draft_verify|target|backtracking_verify,682.680606842041,1275.65336227417,1620.8527088165283,2820.0,150.0,1896.252,3663.4784961138917,3579.2467979327394,2449.9071029559327
136,136,19,draft|draft_verify|target|target_rescue_verify,1226.315975189209,1946.4097023010254,1031.3162803649902,4454.0,264.0,4410.0432,6719.655683360847,4204.102169055224,3535.9284585500573
136,136,20,draft|draft_verify,550.8260726928711,328.9074897766113,0.0,1538.0,119.0,1135.472,1135.472,879.7936576694824,550.8260726928711
136,136,21,draft|draft_verify,249.92799758911133,349.987268447876,0.0,1657.0,44.0,425.8328,425.8328,599.9753012369873,328.9675849766113
136,136,22,draft|draft_verify|target|target_rescue_verify,806.0686588287354,753.6129951477051,332.1115970611572,1701.0,169.0,1689.9735999999998,2443.6467303477048,1891.8533862375975,1559.7417891764403
137,137,1,draft|draft_verify,149.33443069458008,30.669450759887695,0.0,88.0,36.0,215.544,149.33443069458008,180.06391025446777,149.33443069458008
137,137,2,draft|draft_verify,115.43703079223633,30.40790557861328,0.0,124.0,27.0,163.56000000000003,163.56000000000003,145.9049579708496,115.43703079223633
137,137,3,draft|draft_verify,203.0942440032959,51.456451416015625,0.0,151.0,37.0,227.0248,227.0248,254.61072501931153,203.0942440032959
137,137,4,draft|draft_verify,143.89991760253906,51.50628089904785,0.0,188.0,31.0,192.59199999999998,192.59199999999998,195.46622330158692,143.89991760253906
137,137,5,draft|draft_verify,402.64391899108887,61.454057693481445,0.0,219.0,77.0,488.94800000000004,488.94800000000004,464.1580382845703,402.64391899108887
137,137,6,draft|draft_verify,315.69600105285645,82.49378204345703,0.0,296.0,57.0,370.7928,370.7928,398.2498286963135,315.69600105285645
137,137,7,draft|draft_verify,206.45761489868164,103.8060188293457,0.0,353.0,43.0,284.56960000000004,284.56960000000004,310.32366812802735,206.45761489868164
137,137,8,draft|draft_verify,127.4712085723877,125.66208839416504,0.0,396.0,30.0,200.80560000000003,200.80560000000003,253.19332096655273,127.4712085723877
137,137,9,draft|draft_verify,174.7138500213623,125.93579292297363,0.0,426.0,27.0,182.40480000000002,182.40480000000002,300.70966454433596,174.7138500213623
137,137,10,draft|draft_verify,47.307729721069336,125.7774829864502,0.0,453.0,7.0,46.7536,125.99581452297363,173.14521830751954,125.99581452297363
137,137,11,draft|draft_verify,116.99223518371582,127.32148170471191,0.0,460.0,25.0,170.716,170.716,244.37373688842774,125.83748858645019
137,137,12,draft|draft_verify|target|target_rescue_verify,416.52941703796387,257.8399181365967,693.8574314117432,485.0,89.0,622.6904,751.6704302682983,1368.2868377863037,693.8574314117432
137,137,13,draft|draft_verify,444.5455074310303,152.56047248840332,0.0,593.0,99.0,719.376,719.376,597.1660591194336,444.5455074310303
137,137,14,draft|draft_verify,145.22695541381836,160.53247451782227,0.0,692.0,32.0,236.3552,236.3552,305.81945553164064,152.6205516884033
137,137,15,draft|draft_verify,129.7001838684082,155.37357330322266,0.0,724.0,29.0,216.0872,216.0872,285.13378037163085,160.59250011782225
137,137,16,draft|draft_verify,52.36363410949707,154.3748378753662,0.0,753.0,11.0,81.344,155.43359650322265,206.79848078486327,155.43359650322265
137,137,17,draft|draft_verify,132.8897476196289,173.51078987121582,0.0,764.0,31.0,234.064,234.064,306.46056229084473,154.4348466753662
137,137,18,draft|draft_verify,39.731740951538086,166.9163703918457,0.0,795.0,9.0,67.0104,173.57081467121583,206.7081185433838,173.57081467121583
137,137,19,draft|draft_verify,63.500404357910156,174.90100860595703,0.0,804.0,13.0,97.9624,341.9373965978027,238.4614233638672,341.9373965978027
138,138,1,draft|draft_verify|target|backtracking_verify,494.7807788848877,121.35148048400879,628.042459487915,148.0,111.0,690.864,628.042459487915,1244.2348076568114,628.042459487915
138,138,3,draft|draft_verify|target|target_rescue_verify,2155.9524536132812,514.3918991088867,1702.0649909973145,727.0,460.0,3694.6312,4931.517987830322,4372.469711719483,3392.8392414436034
138,138,4,draft|draft_verify|target|target_rescue_verify,784.6226692199707,311.4476203918457,669.5692539215088,580.0,164.0,1200.3344,1356.118341395923,1765.699674733325,940.4066106158936
138,138,5,draft|draft_verify|target|target_rescue_verify,272.2940444946289,306.729793548584,170.5021858215332,689.0,57.0,423.61199999999997,730.4018391485839,749.5860694647461,579.0838836432129
139,139,1,draft|draft_verify,382.04503059387207,31.11886978149414,0.0,81.0,87.0,525.0768,382.04503059387207,413.22396997536623,382.04503059387207
139,139,2,draft|draft_verify,258.55135917663574,51.36251449584961,0.0,168.0,58.0,359.8696,359.8696,309.9739200724853,258.55135917663574
139,139,3,draft|draft_verify,1100.083351135254,141.92461967468262,0.0,226.0,252.0,1658.5248,1658.5248,1242.0681724099366,1100.083351135254
139,139,4,draft|draft_verify|target|target_rescue_verify,57.71374702453613,254.75502014160156,298.46692085266113,478.0,13.0,88.5736,298.46692085266113,610.9956984187988,298.46692085266113
139,139,5,draft|draft_verify,95.85118293762207,144.23298835754395,0.0,517.0,19.0,131.8048,276.09780355754395,240.14418649516602,271.67051362834474
140,140,2,draft|draft_verify|target|target_rescue_verify,349.36046600341797,133.6066722869873,609.5232963562012,164.0,78.0,485.23440000000005,609.5232963562012,1092.5504970466063,609.5232963562012
140,140,3,draft|draft_verify|target|target_rescue_verify,574.3207931518555,191.01858139038086,411.8461608886719,261.0,122.0,793.7887999999999,889.3581882951903,1177.2456330309083,669.890181447046
140,140,4,draft|draft_verify|target|target_rescue_verify,406.42547607421875,201.02477073669434,517.0059204101562,324.0,87.0,575.232,675.8044549683472,1124.5162368210695,517.0059204101562
140,140,5,draft|draft_verify|target|target_rescue_verify,348.6194610595703,265.1481628417969,644.726037979126,409.0,76.0,516.7,649.3341422208985,1258.5537226804931,644.726037979126
140,140,6,draft|draft_verify|target|target_rescue_verify,196.80547714233398,268.72777938842773,844.2404270172119,514.0,42.0,293.724,844.2404270172119,1309.8337171479736,844.2404270172119
140,140,7,draft|draft_verify,163.8178825378418,152.3582935333252,0.0,655.0,34.0,248.3824,248.3824,316.236203271167,163.8178825378418
140,140,8,draft|draft_verify,83.92071723937988,152.89545059204102,0.0,689.0,16.0,116.932,305.3737841253662,236.87618063142088,305.3737841253662
141,141,1,draft|draft_verify,119.3990707397461,31.072616577148438,0.0,101.0,26.0,156.08,119.3990707397461,150.53170811689455,119.3990707397461
141,141,2,draft|draft_verify,65.89841842651367,29.903888702392578,0.0,127.0,15.0,90.6192,90.6192,95.86231912890625,65.89841842651367
141,141,3,draft|draft_verify,183.84671211242676,47.25241661071777,0.0,142.0,42.0,257.11920000000003,257.11920000000003,231.15916232314453,183.84671211242676
141,141,4,draft|draft_verify,184.1416358947754,51.23639106750488,0.0,184.0,40.0,248.69440000000003,248.69440000000003,235.43805896228028,184.1416358947754
141,141,5,draft|draft_verify,80.99985122680664,64.70847129821777,0.0,224.0,17.0,106.508,106.508,145.7683361250244,80.99985122680664
141,141,6,draft|draft_verify,208.28986167907715,61.71774864196777,0.0,241.0,45.0,286.1256,286.1256,270.0676463210449,208.28986167907715
141,141,7,draft|draft_verify,255.86700439453125,77.50916481018066,0.0,286.0,55.0,356.32959999999997,356.32959999999997,333.4362132047119,255.86700439453125
141,141,8,draft|draft_verify,209.48386192321777,94.61355209350586,0.0,341.0,45.0,296.6856,296.6856,304.1574500167236,209.48386192321777
141,141,9,draft|draft_verify,224.8859405517578,126.10983848571777,0.0,386.0,48.0,321.768,321.768,351.0558174374756,224.8859405517578
141,141,10,draft|draft_verify,229.22182083129883,126.8310546875,0.0,434.0,46.0,313.396,313.396,356.11291231879886,229.22182083129883
141,141,11,draft|draft_verify,95.32356262207031,126.82390213012695,0.0,480.0,19.0,130.2064,257.09031733012694,222.20747995219727,253.77500881762694
142,142,1,draft|draft_verify,87.02826499938965,31.03351593017578,0.0,107.0,19.0,114.0928,87.02826499938965,118.12179612956542,87.02826499938965
142,142,2,draft|draft_verify|target|target_rescue_verify,254.14586067199707,134.19437408447266,1427.0298480987549,126.0,58.0,354.124,1427.0298480987549,1815.4301292552245,1427.0298480987549
142,142,3,draft|draft_verify,410.20655632019043,141.9062614440918,0.0,353.0,92.0,615.2216000000001,615.2216000000001,552.1728913642822,410.20655632019043
142,142,4,draft|draft_verify|target|target_rescue_verify,113.71469497680664,250.51188468933105,239.72320556640625,445.0,24.0,162.9864,288.30236154466553,604.0098044325439,267.28229658875733
142,142,5,draft|draft_verify,93.93167495727539,125.78773498535156,0.0,480.0,22.0,151.0264,276.87415258535157,219.77942754262693,251.10369493001707
143,143,1,draft|draft_verify,269.9732780456543,31.049251556396484,0.0,108.0,61.0,370.084,269.9732780456543,301.0825784020508,269.9732780456543
143,143,2,draft|draft_verify|target|backtracking_verify,764.6579742431641,156.60858154296875,984.9379062652588,169.0,169.0,1072.2712000000001,1150.6356259714846,1906.2645972513915,984.9379062652588
143,143,3,draft|draft_verify|target|target_rescue_verify,1042.8271293640137,460.0539207458496,1516.8428421020508,670.0,229.0,1743.7384,2847.2604448104125,3019.7840754119143,2146.3491741744265
143,143,4,draft|draft_verify|target|target_rescue_verify,307.05881118774414,252.3059844970703,542.8576469421387,392.0,62.0,417.80719999999997,544.0202418485351,1102.282492226953,542.8576469421387
143,143,5,draft|draft_verify,574.0110874176025,128.2813549041748,0.0,478.0,132.0,928.7136,928.7136,702.3525479217774,574.0110874176025
143,143,6,draft|draft_verify,319.0479278564453,132.54785537719727,0.0,610.0,68.0,493.8752,493.8752,451.6558376336426,319.0479278564453
143,143,7,draft|draft_verify|target|target_rescue_verify,565.3314590454102,310.3599548339844,462.0177745819092,678.0,127.0,953.2095999999999,1108.4496790169921,1337.7692900613038,720.5715380624024
143,143,8,draft|draft_verify,371.4938163757324,174.9093532562256,0.0,748.0,78.0,593.1576,593.1576,546.463232031958,371.4938163757324
143,143,9,draft|draft_verify,370.8012104034424,178.15351486206055,0.0,826.0,78.0,607.572,607.572,549.0147876655029,370.8012104034424
143,143,10,draft|draft_verify,373.0180263519287,201.768159866333,0.0,904.0,78.0,621.9864,621.9864,574.8462486182617,373.0180263519287
143,143,11,draft|draft_verify,372.4179267883301,226.88531875610352,0.0,982.0,78.0,636.4008,636.4008,599.3633079444336,372.4179267883301
143,143,12,draft|draft_verify,378.77821922302246,230.07464408874512,0.0,1060.0,78.0,650.8152,650.8152,608.9129257117676,378.77821922302246
143,143,13,draft|draft_verify,373.8899230957031,257.3087215423584,0.0,1138.0,78.0,665.2296,665.2296,631.2587070380615,373.8899230957031
143,143,14,draft|draft_verify,371.48118019104004,260.06531715393066,0.0,1216.0,78.0,679.644,679.644,631.6065597449707,371.48118019104004
143,143,15,draft|draft_verify,373.62051010131836,278.4740924835205,0.0,1294.0,78.0,694.0584,694.0584,652.1546649848389,373.62051010131836
143,143,16,draft|draft_verify,372.9255199432373,307.8904151916504,0.0,1372.0,78.0,708.4728,708.4728,680.8759975348877,372.9255199432373
143,143,17,draft|draft_verify,376.41072273254395,314.10956382751465,0.0,1450.0,78.0,722.8872,722.8872,690.5803489600586,376.41072273254395
143,143,18,draft|draft_verify,374.09281730651855,332.0426940917969,0.0,1528.0,78.0,737.3016,737.3016,706.1955737983154,374.09281730651855
143,143,19,draft|draft_verify,345.888614654541,351.3762950897217,0.0,1606.0,78.0,751.716,751.716,697.3249721442627,345.888614654541
143,143,20,draft|draft_verify,385.15305519104004,363.63816261291504,0.0,1684.0,78.0,766.1304,766.1304,748.8512802039551,385.15305519104004
143,143,21,draft|draft_verify,372.84374237060547,389.48893547058105,0.0,1762.0,78.0,780.5448,780.5448,762.3927402411865,372.84374237060547
143,143,22,draft|draft_verify,383.81505012512207,396.14367485046387,0.0,1840.0,78.0,794.9592,794.9592,780.0187873755859,389.54899787058105
143,143,23,draft|draft_verify,366.2874698638916,406.782865524292,0.0,1918.0,78.0,809.3736,809.3736,773.1303977881836,396.20373725046386
143,143,24,draft|draft_verify,365.401029586792,435.94884872436523,0.0,1996.0,78.0,823.788,1259.7969111243651,801.4099407111572,842.8518390486572
144,144,1,draft|draft_verify|target|backtracking_verify,139.65916633605957,102.9348373413086,217.18597412109375,170.0,31.0,191.296,217.18597412109375,459.8400025984619,217.18597412109375
144,144,2,draft|draft_verify|target|target_rescue_verify,1079.972743988037,276.8516540527344,828.5884857177734,402.0,236.0,1647.92,2269.9131721984377,2185.473072558545,1701.9659161864747
144,144,3,draft|draft_verify|target|target_rescue_verify,1746.255874633789,403.6238193511963,656.0502052307129,514.0,386.0,2868.908,3499.7112759287534,2805.990208015698,2377.0591505625425
144,144,4,draft|draft_verify|target|target_rescue_verify,1174.2422580718994,375.65040588378906,1135.6327533721924,614.0,252.0,1892.2559999999999,2741.8703826989376,2685.585618927881,2023.8566407708374
144,144,5,draft|draft_verify,396.38376235961914,126.13582611083984,0.0,399.0,85.0,576.9064000000001,576.9064000000001,522.579656470459,396.38376235961914
144,144,6,draft|draft_verify,264.5103931427002,143.83912086486816,0.0,484.0,56.0,389.024,389.024,408.4095588075684,264.5103931427002
144,144,7,draft|draft_verify,245.03731727600098,15518.418550491333,0.0,540.0,52.0,367.7584,367.7584,15763.515909367334,245.03731727600098
144,144,8,draft|draft_verify,173.44045639038086,146.16823196411133,0.0,592.0,35.0,250.6352,15518.478592091333,319.6687163544922,15518.478592091333
144,144,9,draft|draft_verify,206.69293403625488,133.1949234008789,0.0,627.0,43.0,312.1888,312.1888,339.9478918371338,206.69293403625488
144,144,10,draft|draft_verify,167.0851707458496,153.4571647644043,0.0,670.0,35.0,257.0,257.0,320.6023635102539,167.0851707458496
144,144,11,draft|draft_verify,189.8021697998047,154.3562412261963,0.0,705.0,39.0,289.9344,289.9344,344.218442226001,189.8021697998047
144,144,12,draft|draft_verify,159.7282886505127,154.59513664245605,0.0,744.0,34.0,255.4312,255.4312,314.3834524929688,159.7282886505127
144,144,13,draft|draft_verify|target|backtracking_verify,264.7230625152588,350.2659797668457,368.26419830322266,778.0,57.0,435.5736,610.7666354834229,983.3132861853271,439.9160979986816
144,144,14,draft|draft_verify|target|target_rescue_verify,362.2438907623291,530.2224159240723,315.19150733947754,1668.0,77.0,753.2456,1018.416869562036,1207.7178756258788,627.4151603243652
144,144,15,draft|draft_verify,206.18057250976562,178.80821228027344,0.0,872.0,44.0,344.82079999999996,344.82079999999996,385.0488199900391,265.11120796203613
144,144,16,draft|draft_verify,180.54819107055664,192.93689727783203,0.0,916.0,37.0,293.1208,486.117726877832,373.5451179483887,373.5451179483887
145,145,1,draft|draft_verify,777.6587009429932,79.38337326049805,0.0,145.0,172.0,1082.0824,777.6587009429932,857.1022118034912,777.6587009429932
145,145,2,draft|draft_verify|target|target_rescue_verify,150.7394313812256,157.393217086792,254.00209426879883,317.0,31.0,201.88,280.636633343396,562.1947675368165,254.00209426879883
145,145,3,draft|draft_verify,60.37092208862305,78.6583423614502,0.0,349.0,12.0,78.252,78.696608543396,139.08927405007324,78.696608543396
145,145,4,draft|draft_verify,349.92432594299316,126.01423263549805,0.0,361.0,74.0,494.4896,494.4896,475.9986177784912,349.92432594299316
145,145,5,draft|draft_verify,36.39483451843262,125.79894065856934,0.0,435.0,7.0,46.4944,126.07429183549804,162.25378077700196,126.07429183549804
145,145,6,draft|draft_verify,59.39936637878418,126.40547752380371,0.0,442.0,12.0,80.7072,125.85894625856933,185.8648535025879,125.85894625856933
145,145,7,draft|draft_verify,82.47876167297363,128.14807891845703,0.0,454.0,17.0,115.34,126.46548712380371,210.68685419143065,126.46548712380371
145,145,8,draft|draft_verify,98.66213798522949,127.94256210327148,0.0,471.0,21.0,143.65200000000002,143.65200000000002,226.66471688850098,128.20809251845702
145,145,9,draft|draft_verify,90.67726135253906,128.23152542114258,0.0,492.0,18.0,123.7608,256.29411872441403,218.96880117368164,256.29411872441403
146,146,1,draft|draft_verify|target|backtracking_verify,161.33975982666016,58.444976806640625,250.95558166503906,105.0,37.0,223.0504,250.95558166503906,470.80034789833985,250.95558166503906
146,146,2,draft|draft_verify|target|target_rescue_verify,981.856107711792,193.62974166870117,589.972972869873,284.0,228.0,1525.5504,1965.8193750864625,1765.5190046503662,1422.1250827982544
146,146,3,draft|draft_verify|target|backtracking_verify|target_rescue_verify,1097.566843032837,258.65936279296875,817.5859451293945,372.0,248.0,1717.5488,2320.396493059424,2173.8723493552,1700.4145360922607
146,146,4,draft|draft_verify|target|target_rescue_verify|backtracking_verify,2204.5719623565674,631.8356990814209,2205.134391784668,867.0,464.0,3884.5688,5881.24851495763,5041.602424422656,4201.251677314197
146,146,5,draft|draft_verify|target|target_rescue_verify,1374.859094619751,748.7759590148926,1213.118314743042,1128.0,276.0,2419.8,3852.585729807772,3336.8135891776856,2807.644824427523
146,146,6,draft|draft_verify|target|target_rescue_verify,766.169548034668,409.5292091369629,577.9483318328857,886.0,159.0,1278.7776000000001,1483.6023317684817,1753.7072162045165,970.9942798031494
146,146,7,draft|draft_verify|target|target_rescue_verify,501.1146068572998,397.7022171020508,508.0432891845703,1061.0,107.0,897.7088,1295.4711027020508,1406.920198743921,898.8769095593506
147,147,1,draft|draft_verify,137.52484321594238,30.261993408203125,0.0,115.0,31.0,187.33599999999998,137.52484321594238,167.84686142414552,137.52484321594238
147,147,2,draft|draft_verify,736.6995811462402,77.91876792907715,0.0,146.0,167.0,1050.0128,1050.0128,814.6784826753174,736.6995811462402
147,147,3,draft|draft_verify|target|target_rescue_verify,466.4320945739746,219.87652778625488,1103.4178733825684,313.0,98.0,646.7936,1103.4178733825684,1789.786574142798,1103.4178733825684
147,147,4,draft|draft_verify,402.38404273986816,127.81453132629395,0.0,497.0,88.0,618.0808,618.0808,530.2586444661621,402.38404273986816
147,147,5,draft|draft_verify,96.78387641906738,127.56943702697754,0.0,585.0,20.0,141.93200000000002,269.5614530269776,224.41332944604494,255.50405475327148
148,148,1,draft|draft_verify|target|target_rescue_verify,269.68932151794434,111.09209060668945,605.1356792449951,153.0,62.0,382.81759999999997,605.1356792449951,985.9771409696289,605.1356792449951
148,148,2,draft|draft_verify|target|backtracking_verify,250.59008598327637,126.63578987121582,338.97924423217773,252.0,54.0,345.4488,408.8267381356079,716.2651632866699,338.97924423217773
148,148,3,draft|draft_verify|target|target_rescue_verify,785.5348587036133,290.9853458404541,370.88513374328613,610.0,169.0,1250.0824,1395.6352081202272,1447.4654734873534,931.0876668238403
148,148,4,draft|draft_verify|target|target_rescue_verify,1316.5528774261475,267.2119140625,346.41408920288086,385.0,283.0,1980.7552,2114.42138343125,1930.2391070915282,1450.2190608573974
148,148,5,draft|draft_verify|target|target_rescue_verify,1542.431116104126,295.33934593200684,334.23542976379395,436.0,330.0,2368.7496,2516.4795369660037,2172.0661557999265,1690.1610530701294
148,148,6,draft|draft_verify|target|target_rescue_verify,407.27710723876953,253.85522842407227,118.25037002563477,485.0,87.0,608.4624,735.4500838120362,779.4427752884766,534.2647910508057
148,148,7,draft|draft_verify,152.9836654663086,143.04208755493164,0.0,497.0,32.0,221.8472,221.8472,296.08577862124025,152.9836654663086
148,148,8,draft|draft_verify|target|target_rescue_verify,281.6507816314697,259.17792320251465,696.5858936309814,529.0,61.0,430.70799999999997,696.5858936309814,1237.4746472649658,696.5858936309814
148,148,9,draft|draft_verify,720.4158306121826,157.58371353149414,0.0,641.0,150.0,1117.0416,1117.0416,878.0596641436767,720.4158306121826
148,148,10,draft|draft_verify,678.5354614257812,200.67906379699707,0.0,791.0,154.0,1202.6896,1202.6896,879.2746484227783,678.5354614257812
148,148,11,draft|draft_verify,520.7114219665527,225.73614120483398,0.0,945.0,117.0,950.9544000000001,950.9544000000001,746.5076567713867,520.7114219665527
148,148,12,draft|draft_verify,136.4309787750244,228.81197929382324,0.0,1062.0,31.0,255.51999999999998,484.39200409382323,365.30298286884766,454.66823889865725
149,149,1,draft|draft_verify,184.36765670776367,30.872583389282227,0.0,88.0,41.0,245.756,184.36765670776367,215.3002728970459,184.36765670776367
149,149,3,draft|draft_verify|target|target_rescue_verify,282.09424018859863,122.4360466003418,243.1020736694336,182.0,60.0,374.41920000000005,435.69727130017094,647.6924084583741,343.3723114887695
149,149,4,draft|draft_verify|target|target_rescue_verify,388.338565826416,155.74026107788086,771.3439464569092,211.0,85.0,539.0056000000001,771.3439464569092,1315.482841361206,771.3439464569092
149,149,5,draft|draft_verify,151.97300910949707,102.70929336547852,0.0,340.0,32.0,210.1664,210.1664,254.74232807497557,151.97300910949707
149,149,6,draft|draft_verify,120.24712562561035,92.21005439758301,0.0,372.0,24.0,158.9568,251.226873597583,212.51719922319336,212.51719922319336
150,150,1,draft|draft_verify,154.8621654510498,29.60801124572754,0.0,101.0,34.0,204.5056,154.8621654510498,184.53020389677735,154.8621654510498
150,150,2,draft|draft_verify,246.94371223449707,49.85213279724121,0.0,135.0,55.0,336.76,336.76,296.8558890317383,246.94371223449707
150,150,3,draft|draft_verify,296.6434955596924,60.0283145904541,0.0,190.0,66.0,413.62800000000004,413.62800000000004,356.7318629501465,296.6434955596924
150,150,4,draft|draft_verify,126.8606185913086,59.07177925109863,0.0,256.0,27.0,171.79680000000002,171.79680000000002,185.99241944240723,126.8606185913086
150,150,5,draft|draft_verify,76.46703720092773,59.369564056396484,0.0,283.0,15.0,95.86080000000001,155.2903760563965,135.89661325732422,135.89661325732422
151,151,1,draft|draft_verify|target|backtracking_verify,300.0168800354004,93.68753433227539,429.1238784790039,121.0,66.0,402.86400000000003,429.1238784790039,822.8883456466797,429.1238784790039
151,151,3,draft|draft_verify|target|target_rescue_verify,279.6974182128906,156.32319450378418,482.3412895202637,243.0,66.0,421.896,500.1176500518921,918.4219550369385,482.3412895202637
151,151,4,draft|draft_verify|target|backtracking_verify,273.2841968536377,195.03450393676758,410.2909564971924,309.0,64.0,418.9192,516.4965031683838,878.6697084875976,410.2909564971924
151,151,5,draft|draft_verify|target|backtracking_verify,734.1816425323486,375.6563663482666,492.9623603820801,746.0,158.0,1217.78,1405.6683095741332,1602.8604956626953,922.0699521064819
151,151,6,draft|draft_verify|target|backtracking_verify,648.1328010559082,631.5493583679199,634.4919204711914,1356.0,141.0,1288.644,2111.1895597299317,1914.2341926950194,1470.6783607858397
151,151,7,draft|draft_verify|target|target_rescue_verify,2158.8735580444336,1283.6899757385254,2873.680830001831,2495.0,465.0,5706.4439999999995,9160.770014166137,6316.30473578479,5613.199572210571
151,151,8,draft|draft_verify,223.30021858215332,130.8615207672119,0.0,591.0,47.0,337.62080000000003,337.62080000000003,354.2217769493652,223.30021858215332
151,151,9,draft|draft_verify,330.51085472106934,151.84950828552246,0.0,638.0,70.0,513.2488,513.2488,482.42041900659177,330.51085472106934
151,151,10,draft|draft_verify,312.2422695159912,154.59275245666504,0.0,708.0,66.0,494.43600000000004,494.43600000000004,466.89507477265624,312.2422695159912
151,151,11,draft|draft_verify,315.89674949645996,173.76446723937988,0.0,774.0,67.0,512.488,512.488,489.72127033583985,315.89674949645996
151,151,12,draft|draft_verify,306.49733543395996,177.87623405456543,0.0,841.0,65.0,507.26959999999997,507.26959999999997,484.4336214885254,306.49733543395996
151,151,13,draft|draft_verify|target|target_rescue_verify,469.74635124206543,411.3800525665283,629.1022300720215,906.0,100.0,801.1456,1006.8957062832641,1510.2887138806152,675.4964575253296
151,151,14,draft|draft_verify,228.10602188110352,225.0998020172119,0.0,1005.0,48.0,391.59119999999996,391.59119999999996,453.2658622983154,228.10602188110352
151,151,15,draft|draft_verify,313.16184997558594,229.1407585144043,0.0,1053.0,67.0,556.6816,556.6816,542.3626620899902,313.16184997558594
151,151,16,draft|draft_verify,311.29956245422363,255.0203800201416,0.0,1120.0,67.0,567.2944,567.2944,566.3799960743652,311.29956245422363
151,151,17,draft|draft_verify|target|target_rescue_verify,436.87891960144043,518.2540416717529,593.4679508209229,1187.0,94.0,814.9888000000001,1074.1758960358766,1548.6609872941162,696.0660156373169
151,151,18,draft|draft_verify,224.66516494750977,278.2704830169678,0.0,1280.0,48.0,422.61119999999994,422.61119999999994,502.99568636447754,259.12702083587646
151,151,19,draft|draft_verify,439.9523735046387,281.31628036499023,0.0,1328.0,93.0,837.3096,837.3096,721.328728269629,439.9523735046387
151,151,20,draft|draft_verify,230.10921478271484,309.91554260253906,0.0,1421.0,48.0,438.51599999999996,438.51599999999996,540.0847957852538,281.37635476499025
151,151,21,draft|draft_verify,382.9355239868164,314.6708011627197,0.0,1469.0,81.0,754.7639999999999,754.7639999999999,697.6663899495361,382.9355239868164
151,151,22,draft|draft_verify,381.0305595397949,333.7113857269287,0.0,1550.0,79.0,751.0144,751.0144,714.8020084667237,381.0305595397949
151,151,23,draft|draft_verify,300.9648323059082,351.4723777770996,0.0,1629.0,75.0,726.4703999999999,726.4703999999999,652.4972700830078,333.7714489269287
151,151,24,draft|draft_verify,204.03766632080078,353.72042655944824,0.0,1704.0,48.0,470.43839999999994,470.43839999999994,557.818131280249,351.53243777709963
151,151,25,draft|draft_verify,487.84494400024414,390.66362380981445,0.0,1752.0,107.0,1073.4992,1073.4992,878.5686534100586,487.84494400024414
151,151,26,draft|draft_verify,307.7878952026367,395.3216075897217,0.0,1859.0,57.0,580.86,580.86,703.1695483923584,390.72370940981443
151,151,27,draft|draft_verify,375.91075897216797,406.7046642303467,0.0,1916.0,81.0,840.588,840.588,782.6754880025146,395.3816531897217
151,151,28,draft|draft_verify,355.3166389465332,422.2605228424072,0.0,1997.0,67.0,706.2112,1128.5317764424071,777.6372153889404,829.0853054727539
152,152,1,draft|draft_verify,376.1627674102783,51.48601531982422,0.0,137.0,81.0,499.02,376.1627674102783,427.70884753010256,376.1627674102783
152,152,2,draft|draft_verify,336.08078956604004,61.27762794494629,0.0,218.0,71.0,450.12800000000004,450.12800000000004,397.4184743109863,336.08078956604004
152,152,3,draft|draft_verify|target|backtracking_verify,340.14201164245605,206.4800262451172,1110.9507083892822,289.0,71.0,462.05600000000004,1110.9507083892822,1657.6328030768555,1110.9507083892822
152,152,4,draft|draft_verify|target|target_rescue_verify,1493.4718608856201,579.2639255523682,2359.4374656677246,829.0,308.0,2492.1944,4106.421323398138,4432.233498505713,3107.698784283759
152,152,5,draft|draft_verify|target|target_rescue_verify,1281.5916538238525,603.4860610961914,3678.046703338623,1226.0,218.0,1946.5879999999997,3678.046703338623,5563.184592658667,3678.046703338623
152,152,6,draft|draft_verify,281.4526557922363,129.4543743133545,0.0,551.0,69.0,491.6136,491.6136,410.96708530559084,301.7430305480957
152,152,7,draft|draft_verify|target|backtracking_verify,272.9606628417969,5024.053573608398,393.66888999938965,620.0,61.0,443.812,2955.898835604199,5690.743175249585,2785.047498445996
152,152,8,draft|draft_verify|target|backtracking_verify,494.0752983093262,473.9186763763428,463.86146545410156,1362.0,106.0,965.02,2749.0462097923705,1431.9155249397704,2749.0462097923705
152,152,9,draft|draft_verify|target|backtracking_verify,633.3091259002686,775.4859924316406,712.5527858734131,2202.0,135.0,1504.7712000000001,2481.4964948820193,2121.4080122053224,1610.0344207822877
152,152,10,draft|draft_verify|target|target_rescue_verify,1356.0457229614258,1753.3936500549316,2291.7842864990234,3895.0,295.0,4545.687999999999,7957.229950248657,5401.283895515381,4767.587673210083
152,152,11,draft|draft_verify,621.1142539978027,201.07793807983398,0.0,841.0,134.0,1058.9936,1058.9936,822.2522992776367,621.1142539978027
152,152,12,draft|draft_verify|target|target_rescue_verify,256.5159797668457,427.6301860809326,552.8571605682373,975.0,55.0,445.624,659.4991370404664,1237.0633704160157,552.8571605682373
152,152,13,draft|draft_verify|target|target_rescue_verify,161.17429733276367,459.03563499450684,191.89977645874023,1063.0,33.0,272.3256,731.4212613945068,812.1697351860107,672.9107544349731
153,153,1,draft|draft_verify|target|backtracking_verify,75.06251335144043,170.88603973388672,286.12422943115234,340.0,15.0,97.77600000000001,286.12422943115234,532.1327945164795,286.12422943115234
153,153,2,draft|draft_verify|target|backtracking_verify,321.47693634033203,373.3854293823242,348.56224060058594,738.0,68.0,514.4576,968.8378467370361,1043.484660723242,775.8571830773682
153,153,4,draft|draft_verify|target|target_rescue_verify,497.75171279907227,770.2336311340332,12372.624397277832,961.0,107.0,872.2688,12372.624397277832,13640.669826810938,12372.624397277832
153,153,5,draft|draft_verify,428.5013675689697,128.5715103149414,0.0,505.0,91.0,641.248,641.248,557.1329506839111,428.5013675689697
153,153,6,draft|draft_verify,21.182775497436523,127.7015209197998,0.0,596.0,4.0,27.2656,128.6315831149414,148.94429961723634,128.6315831149414
153,153,7,draft|draft_verify|target|backtracking_verify,424.576997756958,309.52978134155273,590.0740623474121,600.0,91.0,661.768,816.5929634707763,1324.2409142459228,590.0740623474121
153,153,8,draft|draft_verify|target|target_rescue_verify,54.662227630615234,303.5869598388672,125.98967552185059,691.0,11.0,79.856,306.61837939020995,484.298871791333,306.61837939020995
153,153,9,draft|draft_verify|target|backtracking_verify,141.01099967956543,306.90836906433105,448.84252548217773,702.0,29.0,214.6088,448.84252548217773,896.8219174260742,448.84252548217773
153,153,10,draft|draft_verify|target|target_rescue_verify,129.20546531677246,460.5903625488281,126.17111206054688,1504.0,26.0,240.26,470.615202074414,716.0269607261474,383.80938660657955
153,153,11,draft|draft_verify,56.24961853027344,154.44231033325195,0.0,785.0,11.0,82.112,230.29518127441406,210.75193766352538,230.29518127441406
153,153,12,draft|draft_verify|target|target_rescue_verify,72.90410995483398,348.1621742248535,232.2995662689209,796.0,15.0,113.0976,328.64341824567873,653.4258624486084,328.64341824567873
153,153,13,draft|draft_verify,69.16403770446777,174.64160919189453,0.0,828.0,14.0,106.412,174.08108711242676,243.86565809636232,174.08108711242676
153,153,14,draft|draft_verify,207.07178115844727,175.81558227539062,0.0,842.0,44.0,341.72479999999996,341.72479999999996,382.9473986338379,207.07178115844727
153,153,15,draft|draft_verify,78.13525199890137,177.43563652038574,0.0,886.0,16.0,124.024,175.8756174753906,255.6309013192871,175.8756174753906
153,153,16,draft|draft_verify,200.2887725830078,201.21097564697266,0.0,902.0,42.0,331.90319999999997,331.90319999999997,401.55978182998047,200.2887725830078
153,153,17,draft|draft_verify|target|target_rescue_verify,155.09486198425293,402.7395248413086,275.58135986328125,944.0,32.0,255.10399999999998,456.53378802065424,833.4757722888428,402.70079726762697
153,153,18,draft|draft_verify,171.59318923950195,202.8961181640625,0.0,982.0,35.0,282.4592,282.4592,374.54933540356444,201.3697624206543
153,153,19,draft|draft_verify,174.4523048400879,225.7235050201416,0.0,1017.0,36.0,293.58000000000004,519.3635338201416,400.2358386602295,428.7396799842041
154,154,1,draft|draft_verify|target|target_rescue_verify,272.98998832702637,110.96930503845215,338.87457847595215,178.0,63.0,392.7936,338.87457847595215,722.8939222414307,338.87457847595215
154,154,2,draft|draft_verify|target|backtracking_verify,66.16353988647461,125.10108947753906,468.1117534637451,225.0,14.0,87.5984,468.1117534637451,659.4363940277588,468.1117534637451
154,154,3,draft|draft_verify|target|target_rescue_verify,251.24001502990723,150.526762008667,469.41471099853516,239.0,55.0,350.23839999999996,469.41471099853516,871.2415320371094,469.41471099853516
154,154,4,draft|draft_verify,462.06068992614746,106.01973533630371,0.0,312.0,99.0,653.2848,653.2848,568.1405044624512,462.06068992614746
154,154,5,draft|draft_verify,408.79297256469727,127.8238296508789,0.0,411.0,86.0,586.2560000000001,586.2560000000001,536.6768710155761,408.79297256469727
154,154,6,draft|draft_verify|target|target_rescue_verify,401.0295867919922,258.314847946167,721.5797901153564,497.0,86.0,603.8000000000001,733.0174927730836,1380.9842936535156,721.5797901153564
154,154,7,draft|draft_verify,404.4942855834961,153.18608283996582,0.0,596.0,87.0,631.3728,631.3728,557.7404380234619,404.4942855834961
154,154,8,draft|draft_verify|target|target_rescue_verify,438.8155937194824,310.2102279663086,468.18065643310547,683.0,94.0,702.4960000000001,857.6611891831544,1217.2665533188965,593.9807829026367
154,154,9,draft|draft_verify,249.7086524963379,174.40295219421387,0.0,757.0,53.0,402.0008,402.0008,424.17164709055174,249.7086524963379
154,154,10,draft|draft_verify|target|target_rescue_verify,392.0478820800781,381.8662166595459,792.9873466491699,810.0,84.0,651.8784,842.871575529773,1566.961512588794,792.9873466491699
154,154,11,draft|draft_verify,303.27486991882324,203.68719100952148,0.0,933.0,64.0,513.268,513.268,507.0221121283447,303.27486991882324
154,154,12,draft|draft_verify,109.52115058898926,202.20279693603516,0.0,997.0,22.0,177.0832,203.7472422095215,311.7839651250244,203.7472422095215
154,154,13,draft|draft_verify,187.6237392425537,204.38718795776367,0.0,1019.0,29.0,235.9112,235.9112,392.0709504003174,202.26281453603517
154,154,14,draft|draft_verify,139.07313346862793,221.31967544555664,0.0,1048.0,20.0,163.0448,425.82690260332026,360.4528249141846,425.82690260332026
155,155,1,draft|draft_verify|target|backtracking_verify,492.66839027404785,81.4213752746582,713.167667388916,78.0,109.0,660.004,713.167667388916,1287.317520137622,713.167667388916
155,155,2,draft|draft_verify|target|target_rescue_verify|backtracking_verify,1231.8942546844482,325.13904571533203,1810.5590343475342,365.0,234.0,1612.6944,2761.888388660266,3367.652521947314,2381.088243344714
155,155,5,draft|draft_verify|target|target_rescue_verify,573.8816261291504,256.0384273529053,839.1964435577393,445.0,122.0,847.2224,975.3017112764526,1669.176594639795,839.1964435577393
155,155,6,draft|draft_verify,569.6642398834229,152.66847610473633,0.0,567.0,122.0,882.6512,882.6512,722.3928135881591,569.6642398834229
155,155,7,draft|draft_verify|target|target_rescue_verify,376.0337829589844,328.54437828063965,782.1543216705322,689.0,84.0,627.7752,792.1074563403199,1486.7925501101563,782.1543216705322
155,155,8,draft|draft_verify|target|target_rescue_verify,297.1670627593994,383.7406635284424,846.0328578948975,814.0,67.0,518.8240000000001,846.0328578948975,1527.0006377827392,846.0328578948975
155,155,9,draft|draft_verify,700.5496025085449,234.30204391479492,0.0,939.0,125.0,1015.5464,1015.5464,934.9117464233399,700.5496025085449
155,155,10,draft|draft_verify|target|target_rescue_verify,586.6572856903076,516.7942047119141,802.8955459594727,1064.0,125.0,1052.7464,1311.203602355957,1906.4071363616945,845.1144880462646
155,155,11,draft|draft_verify|target|target_rescue_verify,599.54833984375,505.0172805786133,762.9985809326172,1189.0,125.0,1089.9464,1342.5151402893066,1867.6243013549806,852.1170801330567
155,155,12,draft|draft_verify,558.0754280090332,281.693696975708,0.0,1314.0,125.0,1127.1464,1127.1464,839.8292249847412,558.0754280090332
155,155,13,draft|draft_verify,607.1724891662598,331.43115043640137,0.0,1439.0,131.0,1221.344,1221.344,938.6637444026611,607.1724891662598
155,155,14,draft|draft_verify,650.763750076294,352.8594970703125,0.0,1570.0,131.0,1262.2160000000001,1262.2160000000001,1003.6833519466064,650.763750076294
155,155,15,draft|draft_verify,621.8976974487305,388.8876438140869,0.0,1701.0,131.0,1303.0880000000002,1303.0880000000002,1010.8454460628174,621.8976974487305
155,155,16,draft|draft_verify,623.2967376708984,405.15613555908203,0.0,1832.0,131.0,1343.96,1343.96,1028.5129780299803,623.2967376708984
155,155,17,draft|draft_verify|target|target_rescue_verify,613.8389110565186,848.5033512115479,850.1453399658203,1963.0,131.0,1384.832,2233.395456011548,2312.5477070338866,1462.4023670680663
156,156,1,draft|draft_verify,192.20733642578125,32.81974792480469,0.0,111.0,43.0,260.17600000000004,192.20733642578125,225.08711875058594,192.20733642578125
156,156,2,draft|draft_verify,235.95809936523438,51.96976661682129,0.0,154.0,54.0,332.9832,332.9832,287.98790918205566,235.95809936523438
156,156,3,draft|draft_verify|target|target_rescue_verify,163.1932258605957,131.43229484558105,403.9807319641113,208.0,37.0,231.9496,403.9807319641113,698.6662822702881,403.9807319641113
156,156,4,draft|draft_verify|target|backtracking_verify,334.2325687408447,182.59811401367188,426.06186866760254,268.0,71.0,458.528,549.8871138068359,942.9526082221191,426.06186866760254
156,156,5,draft|draft_verify|target|target_rescue_verify,336.3604545593262,244.1418170928955,655.3444862365723,339.0,74.0,490.6352,655.3444862365723,1235.906817088794,655.3444862365723
156,156,6,draft|draft_verify,404.3447971343994,134.49859619140625,0.0,443.0,64.0,439.18,439.18,538.9034445258056,404.3447971343994
156,156,7,draft|draft_verify,397.45211601257324,130.7976245880127,0.0,507.0,73.0,512.9368000000001,512.9368000000001,528.3097990005859,397.45211601257324
156,156,8,draft|draft_verify,141.82400703430176,133.469820022583,0.0,580.0,25.0,177.628,311.157840022583,275.3538470568848,275.3538470568848
157,157,1,draft|draft_verify,125.1535415649414,31.42404556274414,0.0,93.0,29.0,173.684,125.1535415649414,156.63761032768554,125.1535415649414
157,157,2,draft|draft_verify,218.42718124389648,32.03582763671875,0.0,122.0,49.0,298.1368,298.1368,250.52304808061524,218.42718124389648
157,157,3,draft|draft_verify|target|target_rescue_verify,614.7046089172363,129.33921813964844,455.1355838775635,171.0,121.0,761.2120000000001,825.9417058698243,1199.2395077344481,679.4343147870605
157,157,4,draft|draft_verify|target|target_rescue_verify,1479.1016578674316,293.2400703430176,2238.809823989868,237.0,322.0,2154.8992,2301.5794927715087,4011.2118098003175,2238.809823989868
157,157,5,draft|draft_verify|target|target_rescue_verify,397.5393772125244,286.5297794342041,296.37813568115234,615.0,83.0,605.6192,748.944156117102,980.5073587278808,540.8643333296264
157,157,6,draft|draft_verify|target|backtracking_verify,55.59420585632324,266.07370376586914,139.0366554260254,658.0,8.0,57.0416,276.36174800003664,460.7645714482178,276.36174800003664
157,157,7,draft|draft_verify|target|target_rescue_verify,313.1272792816162,312.8328323364258,355.2238941192627,666.0,49.0,360.80559999999997,517.2820553682129,981.2440449373047,469.6037346498291
157,157,8,draft|draft_verify,237.22076416015625,155.92646598815918,0.0,721.0,36.0,268.716,424.7024947881592,393.2072589483154,393.2072589483154
158,158,1,draft|draft_verify|target|target_rescue_verify,655.6589603424072,53.63273620605469,199.56016540527344,70.0,108.0,651.7632000000001,682.5354148454346,908.9119483537354,682.5354148454346
158,158,2,draft|draft_verify|target|backtracking_verify,450.8209228515625,88.39964866638184,738.1737232208252,98.0,75.0,454.5648,738.1737232208252,1277.4543547387696,738.1737232208252
158,158,3,draft|draft_verify|target|target_rescue_verify,746.4025020599365,136.94524765014648,521.5771198272705,173.0,123.0,774.6816,843.2143222250733,1404.9849679373535,814.9352242850098
158,158,4,draft|draft_verify|target|target_rescue_verify,429.6576976776123,176.4087677001953,595.5379009246826,255.0,68.0,436.7912,595.5379009246826,1201.6644207024901,595.5379009246826
158,158,5,draft|draft_verify|target|backtracking_verify,111.8154525756836,196.7175006866455,199.0182399749756,347.0,23.0,150.9488,249.36756874332275,507.6112116373047,210.23422131900634
158,158,6,draft|draft_verify|target|target_rescue_verify,2118.2754039764404,504.45032119750977,771.5854644775391,745.0,459.0,3705.8304000000003,4470.021240336902,3394.3715568514895,2882.4662443133425
158,158,7,draft|draft_verify|target|target_rescue_verify,415.0195121765137,507.0669651031494,606.6346168518066,861.0,87.0,686.0688,1369.7464018532655,1528.7811637314699,1098.6971140297792
158,158,8,draft|draft_verify|target|target_rescue_verify,116.96386337280273,255.39255142211914,198.2417106628418,477.0,25.0,171.6952,299.4514957110596,570.6581454577637,254.52303698684693
158,158,9,draft|draft_verify,69.24962997436523,128.01170349121094,0.0,503.0,13.0,89.2936,255.76798960227052,197.32134386557618,255.76798960227052
159,159,1,draft|draft_verify|target|backtracking_verify,200.55437088012695,65.02962112426758,365.0064468383789,101.0,45.0,271.3416,365.0064468383789,630.6504748427734,365.0064468383789
159,159,2,draft|draft_verify|target|backtracking_verify|target_rescue_verify,539.7117137908936,221.7268943786621,940.2449131011963,304.0,120.0,792.7584,1429.2361233345948,1701.743617270752,1176.1894371254884
159,159,4,draft|draft_verify|target|target_rescue_verify,1310.5754852294922,443.9544677734375,2742.6836490631104,532.0,276.0,2026.44,3730.8078961616334,4497.27382286604,3014.9433813911255
159,159,5,draft|draft_verify,385.5113983154297,96.36902809143066,0.0,351.0,74.0,492.7376,492.7376,481.94048560686036,385.5113983154297
159,159,6,draft|draft_verify,349.06601905822754,134.0944766998291,0.0,425.0,74.0,505.7024,505.7024,483.22055495805665,349.06601905822754
159,159,7,draft|draft_verify,360.00537872314453,133.39591026306152,0.0,499.0,74.0,518.6672,518.6672,493.46134818620607,360.00537872314453
159,159,8,draft|draft_verify,128.29136848449707,129.5166015625,0.0,573.0,26.0,184.4,184.4,257.86799084699703,133.45596946306154
159,159,9,draft|draft_verify|target|target_rescue_verify,90.34132957458496,265.60473442077637,232.8946590423584,599.0,17.0,120.908,262.4390031728882,588.9007366377198,262.4390031728882
159,159,10,draft|draft_verify,121.97542190551758,132.7662467956543,0.0,628.0,23.0,165.7856,298.6118651956543,254.80168710117186,265.62863240604247
160,160,1,draft|draft_verify|target|backtracking_verify,255.15127182006836,63.87138366699219,457.7064514160156,105.0,57.0,345.1224,457.7064514160156,776.7891525030761,457.7064514160156
160,160,2,draft|draft_verify|target|backtracking_verify,582.9532146453857,247.07388877868652,1391.8452262878418,340.0,132.0,885.3264,1766.6145353279358,2221.932435311914,1515.382170677185
160,160,4,draft|draft_verify|target|target_rescue_verify,1334.364652633667,773.6210823059082,2432.8978061676025,1178.0,284.0,2526.7039999999997,5028.356028843371,4540.943768307177,3836.0166814770387
160,160,5,draft|draft_verify,711.2138271331787,133.13722610473633,0.0,464.0,153.0,1075.3944,1075.3944,844.411175637915,711.2138271331787
160,160,6,draft|draft_verify|target|target_rescue_verify,173.5217571258545,286.2575054168701,584.7499370574951,617.0,35.0,252.67520000000002,584.7499370574951,1044.5892276002196,584.7499370574951
160,160,7,draft|draft_verify|target|target_rescue_verify,221.53115272521973,310.7471466064453,407.8559875488281,707.0,45.0,335.3352,490.7688093032226,940.1943228804931,407.8559875488281
160,160,8,draft|draft_verify|target|backtracking_verify,116.46556854248047,313.2326602935791,211.50875091552734,771.0,24.0,180.9816,337.65794934678956,641.2669989515869,312.0499226500122
160,160,9,draft|draft_verify|target|target_rescue_verify,65.91796875,470.0777530670166,93.86205673217773,1594.0,10.0,91.9384,626.7540912138062,629.9177865491944,626.7540912138062
161,161,1,draft|draft_verify|target|backtracking_verify,332.02219009399414,69.37575340270996,258.94665718078613,84.0,74.0,445.9592,366.77012599534913,660.4046598774903,366.77012599534913
161,161,2,draft|draft_verify|target|target_rescue_verify|backtracking_verify,628.706693649292,199.68819618225098,1265.8469676971436,281.0,130.0,853.3216,1636.07133498526,2094.3019615286867,1411.4564286345521
161,161,3,draft|draft_verify|target|backtracking_verify|target_rescue_verify,1303.1730651855469,401.40795707702637,1538.740634918213,662.0,284.0,2176.2368,3266.7937103207278,3243.3818843807862,2393.7299755062745
161,161,4,draft|draft_verify|target|target_rescue_verify|backtracking_verify,1403.5298824310303,864.8536205291748,2298.8598346710205,1333.0,294.0,2728.2960000000003,5209.248029166294,4567.303572831226,3884.4819115973237
161,161,5,draft|draft_verify|target|target_rescue_verify|backtracking_verify,1974.8222827911377,827.0664215087891,3848.4668731689453,1188.0,416.0,3778.2560000000003,7033.182932836621,6650.415910268872,5229.7492156277585
161,161,6,draft|draft_verify|target|target_rescue_verify,1652.9159545898438,998.2471466064453,1814.8529529571533,2402.0,355.0,4229.2432,6437.452599244548,4466.0763381534425,3861.1253538343913
162,162,1,draft|draft_verify,491.5597438812256,52.52695083618164,0.0,114.0,108.0,663.0624,491.5597438812256,544.1467811174073,491.5597438812256
162,162,2,draft|draft_verify,204.10609245300293,61.72466278076172,0.0,222.0,46.0,290.5,290.5,265.8907920337647,204.10609245300293
162,162,3,draft|draft_verify,263.6566162109375,80.75094223022461,0.0,268.0,56.0,360.512,360.512,344.4676032411621,263.6566162109375
162,162,4,draft|draft_verify,238.1889820098877,93.38903427124023,0.0,324.0,50.0,328.0424,328.0424,331.6380562811279,238.1889820098877
162,162,5,draft|draft_verify,150.62737464904785,116.18375778198242,0.0,374.0,32.0,212.696,212.696,266.8711580310303,150.62737464904785
162,162,6,draft|draft_verify,301.4662265777588,126.78837776184082,0.0,406.0,64.0,433.5856,433.5856,428.3146555395996,301.4662265777588
162,162,7,draft|draft_verify,437.18743324279785,148.637056350708,0.0,470.0,94.0,654.9544000000001,654.9544000000001,585.8845647935059,437.18743324279785
162,162,8,draft|draft_verify,299.4344234466553,131.65712356567383,0.0,564.0,65.0,464.7224,464.7224,431.1515990123291,299.4344234466553
162,162,9,draft|draft_verify,207.06462860107422,134.40299034118652,0.0,629.0,43.0,312.3904,312.3904,341.52765334226075,207.06462860107422
162,162,10,draft|draft_verify,206.90083503723145,164.63422775268555,0.0,672.0,42.0,309.2712,309.2712,371.595096389917,206.90083503723145
162,162,11,draft|draft_verify,247.77865409851074,163.15293312072754,0.0,714.0,52.0,389.05600000000004,389.05600000000004,410.99162881923826,247.77865409851074
162,162,12,draft|draft_verify,453.3085823059082,175.3849983215332,0.0,766.0,91.0,697.624,697.624,628.7536534274413,453.3085823059082
162,162,13,draft|draft_verify,384.20772552490234,206.1922550201416,0.0,857.0,70.0,549.5152,549.5152,590.460036545044,384.20772552490234
162,162,14,draft|draft_verify,425.81892013549805,202.60143280029297,0.0,927.0,70.0,561.1072,561.1072,628.480408935791,425.81892013549805
162,162,15,draft|draft_verify,353.31249237060547,231.38856887817383,0.0,997.0,70.0,572.6992,572.6992,584.7611172487793,353.31249237060547
162,162,16,draft|draft_verify,334.09976959228516,243.95084381103516,0.0,1067.0,70.0,584.2912,584.2912,578.1106694033203,334.09976959228516
162,162,17,draft|draft_verify,382.2364807128906,257.8926086425781,0.0,1137.0,70.0,595.8832,595.8832,640.1891453554688,382.2364807128906
162,162,18,draft|draft_verify,326.7223834991455,261.32750511169434,0.0,1207.0,70.0,607.4752,607.4752,588.1099446108399,326.7223834991455
162,162,19,draft|draft_verify,335.77895164489746,288.8038158416748,0.0,1277.0,70.0,619.0672,619.0672,624.6428234865723,335.77895164489746
162,162,20,draft|draft_verify,325.63328742980957,284.8830223083496,0.0,1347.0,70.0,630.6592,630.6592,610.5763657381592,325.63328742980957
162,162,21,draft|draft_verify,365.68760871887207,315.6716823577881,0.0,1417.0,70.0,642.2512,642.2512,681.4193470766602,365.68760871887207
162,162,22,draft|draft_verify,395.3874111175537,332.61895179748535,0.0,1487.0,70.0,653.8432,653.8432,728.0664189150391,395.3874111175537
162,162,23,draft|draft_verify,447.2355842590332,338.0110263824463,0.0,1557.0,70.0,665.4352,665.4352,785.3066666414795,447.2355842590332
162,162,24,draft|draft_verify,333.0731391906738,355.18789291381836,0.0,1627.0,70.0,677.0272,677.0272,688.3210881044922,338.07108238244626
162,162,25,draft|draft_verify,336.61532402038574,373.6999034881592,0.0,1697.0,70.0,688.6192000000001,688.6192000000001,710.375283508545,355.24794891381833
162,162,26,draft|draft_verify,361.8009090423584,392.06695556640625,0.0,1767.0,70.0,700.2112,700.2112,753.9279206087647,373.75995948815915
162,162,27,draft|draft_verify,358.87861251831055,397.4027633666992,0.0,1837.0,70.0,711.8032000000001,711.8032000000001,756.3414318850098,392.1270115664062
162,162,28,draft|draft_verify,343.62149238586426,413.01870346069336,0.0,1907.0,70.0,723.3951999999999,723.3951999999999,756.7002518465576,397.4628193666992
162,162,29,draft|draft_verify,335.61182022094727,437.9689693450928,0.0,1977.0,70.0,734.9872,734.9872,773.6408455660401,413.07875946069333
162,162,30,draft|draft_verify,354.1116714477539,430.52220344543457,0.0,2047.0,70.0,746.5792,1177.1614594454345,784.6939308931885,868.6112847905273
163,163,1,draft|draft_verify|target|backtracking_verify,447.63970375061035,116.01686477661133,601.3765335083008,132.0,96.0,592.0799999999999,601.3765335083008,1165.0931788355224,601.3765335083008
163,163,2,draft|draft_verify|target|target_rescue_verify,1084.8948955535889,357.374906539917,1046.6492176055908,457.0,234.0,1664.1408000000001,2455.556775907733,2488.9792068990964,1876.310871461322
163,163,3,draft|draft_verify|target|target_rescue_verify,544.6701049804688,209.56182479858398,588.0875587463379,279.0,115.0,752.1664000000001,857.007404399292,1342.3795805253908,649.5111093797607
163,163,4,draft|draft_verify|target|target_rescue_verify,716.4435386657715,273.2408046722412,700.1125812530518,375.0,158.0,1077.9872,1214.6677287361206,1689.8570509910644,853.124067401892
163,163,5,draft|draft_verify,95.19457817077637,129.30011749267578,0.0,487.0,18.0,123.55680000000001,265.9805342287964,224.55471006345215,265.9805342287964
164,164,1,draft|draft_verify|target|backtracking_verify,393.5084342956543,83.49132537841797,200.05393028259277,115.0,87.0,532.0944,435.3141665848633,677.1137595566651,435.3141665848633
164,164,2,draft|draft_verify|target|target_rescue_verify|backtracking_verify,997.7221488952637,282.5312614440918,1304.4133186340332,340.0,220.0,1499.32,2363.485281400085,2584.7269049733886,1861.887430295349
164,164,4,draft|draft_verify|target|target_rescue_verify,810.1580142974854,282.7472686767578,831.7000865936279,318.0,131.0,871.5920000000001,1013.025739138379,1924.665474367871,951.5917534358642
164,164,5,draft|draft_verify,697.437047958374,132.9519748687744,0.0,445.0,154.0,1075.6384,1075.6384,830.4491460271485,697.437047958374
164,164,6,draft|draft_verify,642.1787738800049,165.92144966125488,0.0,599.0,138.0,1011.7583999999999,1011.7583999999999,808.1603339412598,642.1787738800049
164,164,8,draft|draft_verify,86.76552772521973,201.58910751342773,0.0,924.0,15.0,117.39840000000001,367.63067957468263,288.4146472386475,367.63067957468263
165,165,2,draft|draft_verify,181.68020248413086,36.47589683532715,0.0,132.0,40.0,243.82720000000003,181.68020248413086,218.21613131945801,181.68020248413086
165,165,3,draft|draft_verify,67.40236282348633,47.10268974304199,0.0,172.0,13.0,79.7608,79.7608,114.56506296652832,67.40236282348633
165,165,4,draft|draft_verify,55.79662322998047,51.28073692321777,0.0,185.0,12.0,73.9224,73.9224,107.13736975319824,55.79662322998047
165,165,5,draft|draft_verify,78.60732078552246,51.520347595214844,0.0,197.0,17.0,105.4712,105.4712,130.1876819807373,78.60732078552246
165,165,6,draft|draft_verify,363.72852325439453,60.955047607421875,0.0,214.0,79.0,500.9152,500.9152,424.7436340618164,363.72852325439453
165,165,7,draft|draft_verify,143.99361610412598,77.92925834655762,0.0,293.0,30.0,193.63680000000002,193.63680000000002,221.9828984506836,143.99361610412598
165,165,8,draft|draft_verify,147.597074508667,77.91781425476074,0.0,323.0,31.0,202.312,202.312,225.57491356342774,147.597074508667
165,165,9,draft|draft_verify,153.06830406188965,92.84043312072754,0.0,354.0,32.0,211.208,211.208,245.96876278261718,153.06830406188965
165,165,10,draft|draft_verify,57.40642547607422,93.46580505371094,0.0,386.0,12.0,79.22879999999999,92.90045872072754,150.93224012978516,92.90045872072754
165,165,11,draft|draft_verify,76.06792449951172,93.34897994995117,0.0,398.0,16.0,106.456,106.456,169.47691724946287,93.52581465371094
165,165,12,draft|draft_verify,363.19732666015625,127.53033638000488,0.0,414.0,79.0,538.3552,538.3552,490.78772624016113,363.19732666015625
165,165,13,draft|draft_verify,142.83275604248047,144.76537704467773,0.0,493.0,30.0,207.5568,207.5568,287.6581570871582,142.83275604248047
165,165,14,draft|draft_verify,171.87738418579102,128.10683250427246,0.0,523.0,35.0,245.0048,245.0048,300.04424469006346,171.87738418579102
165,165,15,draft|draft_verify|target|target_rescue_verify,198.9448070526123,263.5829448699951,98.8767147064209,558.0,43.0,305.2336,437.0851068349976,561.4645010290283,330.79631388760987
165,165,16,draft|draft_verify|target|target_rescue_verify,340.14391899108887,285.48622131347656,628.3187866210938,563.0,72.0,515.3496,658.1527682567382,1254.0089845256591,628.3187866210938
165,165,17,draft|draft_verify,28.563499450683594,156.1570167541504,0.0,664.0,4.0,27.755200000000002,142.74311065673828,184.780519404834,142.74311065673828
165,165,18,draft|draft_verify,645.6048488616943,168.25604438781738,0.0,668.0,143.0,1072.8416,1072.8416,813.9210076495117,645.6048488616943
165,165,19,draft|draft_verify,22.446155548095703,176.41520500183105,0.0,811.0,4.0,28.8136,168.3161587878174,198.92136374992677,168.3161587878174
165,165,20,draft|draft_verify|target|backtracking_verify,339.28680419921875,389.9064064025879,746.3185787200928,815.0,74.0,574.0304,769.0436624012939,1475.5718485218995,746.3185787200928
165,165,21,draft|draft_verify|target|target_rescue_verify,302.5174140930176,619.3938255310059,255.75566291809082,1814.0,62.0,625.9879999999999,935.7449623655029,1177.7269521421142,612.2743764585205
165,165,22,draft|draft_verify|target|target_rescue_verify,447.85046577453613,607.9027652740479,194.98276710510254,1851.0,89.0,911.1895999999999,1215.201053837024,1250.7960693536866,751.8619196115601
165,165,23,draft|draft_verify,40.195465087890625,205.78503608703613,0.0,1006.0,7.0,54.7168,303.9513826370239,246.04050677492677,303.9513826370239
165,165,24,draft|draft_verify,444.46277618408203,228.224515914917,0.0,1013.0,74.0,608.72,608.72,672.7473512989991,444.46277618408203
165,165,25,draft|draft_verify,37.55521774291992,229.97617721557617,0.0,1087.0,7.0,55.8832,228.284575114917,267.5914005584961,228.284575114917
165,165,26,draft|draft_verify,347.9652404785156,256.96778297424316,0.0,1094.0,74.0,622.9112,622.9112,604.9930826527589,347.9652404785156
165,165,27,draft|draft_verify,42.92917251586914,257.47156143188477,0.0,1168.0,7.0,57.0496,257.0278421742432,300.4607395477539,257.0278421742432
165,165,28,draft|draft_verify,363.6019229888916,262.82525062561035,0.0,1175.0,74.0,637.1024,637.1024,626.487232814502,363.6019229888916
165,165,29,draft|draft_verify,49.748897552490234,268.27073097229004,0.0,1249.0,7.0,58.215999999999994,262.88530982561036,318.0796341247803,262.88530982561036
165,165,30,draft|draft_verify,336.5588188171387,278.7802219390869,0.0,1256.0,74.0,651.2936,651.2936,615.3990999562257,336.5588188171387
165,165,31,draft|draft_verify,39.67452049255371,275.8522033691406,0.0,1330.0,7.0,59.382400000000004,278.8402811390869,315.58672946169435,278.8402811390869
165,165,32,draft|draft_verify,349.2898941040039,308.4828853607178,0.0,1337.0,74.0,665.4848,665.4848,657.8328386647217,349.2898941040039
165,165,33,draft|draft_verify,38.90800476074219,315.57703018188477,0.0,1411.0,7.0,60.5488,308.5429445607178,354.54504054262696,308.5429445607178
165,165,34,draft|draft_verify,429.9197196960449,317.2013759613037,0.0,1418.0,74.0,679.6759999999999,679.6759999999999,747.1811548573487,429.9197196960449
165,165,35,draft|draft_verify,38.336992263793945,315.13261795043945,0.0,1492.0,7.0,61.715199999999996,317.2614351613037,353.5296158142334,317.2614351613037
165,165,36,draft|draft_verify,365.68188667297363,333.4791660308838,0.0,1499.0,74.0,693.8671999999999,693.8671999999999,699.2211119038575,365.68188667297363
165,165,37,draft|draft_verify,40.93050956726074,334.8696231842041,0.0,1573.0,7.0,62.8816,333.5392252308838,375.86013835146485,333.5392252308838
165,165,38,draft|draft_verify,456.1495780944824,357.6023578643799,0.0,1580.0,74.0,708.0584,708.0584,813.8119951588624,456.1495780944824
165,165,39,draft|draft_verify,42.44375228881836,352.4909019470215,0.0,1654.0,7.0,64.048,357.6624170643799,394.99465983583985,357.6624170643799
165,165,40,draft|draft_verify,336.5771770477295,355.6516170501709,0.0,1661.0,74.0,722.2496,722.2496,692.2888532979005,352.5509075470215
165,165,41,draft|draft_verify,40.50421714782715,363.95859718322754,0.0,1735.0,7.0,65.2144,355.7116762501709,404.5228199310547,355.7116762501709
165,165,42,draft|draft_verify,420.6407070159912,396.1505889892578,0.0,1742.0,74.0,736.4408,736.4408,816.8513552052491,420.6407070159912
165,165,43,draft|draft_verify,48.107147216796875,392.0307159423828,0.0,1816.0,7.0,66.3808,396.2106481892578,440.1978687591797,396.2106481892578
165,165,44,draft|draft_verify,498.55709075927734,413.7446880340576,0.0,1823.0,74.0,750.6320000000001,750.6320000000001,912.361837993335,498.55709075927734
165,165,45,draft|draft_verify,52.869558334350586,406.5840244293213,0.0,1897.0,7.0,67.5472,413.80474723405763,459.5135883636719,413.80474723405763
165,165,46,draft|draft_verify,360.576868057251,413.59543800354004,0.0,1904.0,74.0,764.8232,764.8232,774.2323652607911,406.6440300293213
165,165,47,draft|draft_verify,46.40650749206543,413.8815402984619,0.0,1978.0,7.0,68.7136,413.65549720354005,460.34805339052735,413.65549720354005
165,165,48,draft|draft_verify,333.266019821167,437.09373474121094,0.0,1985.0,74.0,779.0144,1216.168193941211,770.419813762378,851.0953398396729
166,166,1,draft|draft_verify,135.65492630004883,57.93309211730957,0.0,197.0,29.0,180.6728,135.65492630004883,193.6480416173584,135.65492630004883
166,166,2,draft|draft_verify,263.0946636199951,62.851667404174805,0.0,226.0,57.0,361.3848,361.3848,326.00637662416995,263.0946636199951
166,166,3,draft|draft_verify,566.9083595275879,95.71099281311035,0.0,283.0,98.0,639.8095999999999,639.8095999999999,662.6794307406982,566.9083595275879
166,166,4,draft|draft_verify,231.59098625183105,95.5514907836914,0.0,381.0,41.0,273.884,273.884,327.20250983552245,231.59098625183105
166,166,5,draft|draft_verify,541.8698787689209,129.5626163482666,0.0,422.0,85.0,581.5432000000001,581.5432000000001,671.4925631171875,541.8698787689209
166,166,6,draft|draft_verify|target|backtracking_verify,171.22697830200195,299.5409965515137,194.69952583312988,507.0,26.0,180.44,330.27051907575685,665.5275214866455,321.05749737775875
166,166,7,draft|draft_verify|target|backtracking_verify|target_rescue_verify,612.2496128082275,545.8672046661377,1601.7701625823975,1062.0,97.0,812.6392,2022.984762390802,2759.947057656763,1874.7037649154663
166,166,8,draft|draft_verify|target|target_rescue_verify,552.077054977417,912.628173828125,2467.2582149505615,1826.0,98.0,999.02,3404.4423665571453,3932.0235221561034,3075.676997502645
166,166,9,draft|draft_verify|target|target_rescue_verify,1102.900505065918,523.6878395080566,238.17873001098633,1481.0,184.0,1747.0216,2008.9256669540284,1864.827221784961,1364.8045720199464
166,166,10,draft|draft_verify,714.4975662231445,212.41426467895508,0.0,853.0,113.0,893.0935999999999,893.0935999999999,926.9719213020996,714.4975662231445
166,166,11,draft|draft_verify,271.498441696167,207.38935470581055,0.0,966.0,41.0,330.044,330.044,478.9478292019775,271.498441696167
166,166,12,draft|draft_verify,257.84945487976074,221.04382514953613,0.0,1007.0,41.0,333.98,333.98,478.95331282929686,257.84945487976074
166,166,13,draft|draft_verify,269.2580223083496,231.3706874847412,0.0,1048.0,41.0,337.916,337.916,500.6887425930908,269.2580223083496
166,166,14,draft|draft_verify,262.6957893371582,239.83287811279297,0.0,1089.0,41.0,341.852,341.852,502.58870024995116,262.6957893371582
166,166,15,draft|draft_verify,205.7669162750244,237.40816116333008,0.0,1130.0,41.0,345.788,345.788,443.2351102383545,239.89291091279296
166,166,16,draft|draft_verify,267.261266708374,260.61344146728516,0.0,1171.0,41.0,349.724,349.724,527.9347409756592,267.261266708374
166,166,17,draft|draft_verify,255.6157112121582,260.70690155029297,0.0,1212.0,41.0,353.65999999999997,353.65999999999997,516.3826455624512,260.67347426728514
166,166,18,draft|draft_verify,272.14956283569336,263.7767791748047,0.0,1253.0,41.0,357.596,357.596,535.9863748104981,272.14956283569336
166,166,19,draft|draft_verify,268.2230472564697,278.853178024292,0.0,1294.0,41.0,361.532,361.532,547.1362580807618,268.2230472564697
166,166,20,draft|draft_verify,258.50486755371094,291.5055751800537,0.0,1335.0,41.0,365.46799999999996,365.46799999999996,550.0704755337647,278.913210824292
166,166,21,draft|draft_verify,201.3697624206543,282.63092041015625,0.0,1376.0,41.0,369.404,369.404,484.06071563081053,291.5656079800537
166,166,22,draft|draft_verify,244.06743049621582,320.2025890350342,0.0,1417.0,41.0,373.34,373.34,564.33005233125,282.69095321015624
166,166,23,draft|draft_verify,211.48967742919922,316.9131278991699,0.0,1458.0,41.0,377.27599999999995,377.27599999999995,528.4628381283692,320.26262183503417
166,166,24,draft|draft_verify,212.48912811279297,320.73473930358887,0.0,1499.0,41.0,381.212,381.212,533.2839002163819,316.9731606991699
166,166,25,draft|draft_verify,217.71502494812012,342.97728538513184,0.0,1540.0,41.0,385.148,385.148,560.752343133252,320.79477210358885
166,166,26,draft|draft_verify,203.07302474975586,339.4732475280762,0.0,1581.0,41.0,389.08399999999995,389.08399999999995,542.6063050778321,343.0373181851318
166,166,27,draft|draft_verify,258.69035720825195,336.8515968322754,0.0,1622.0,41.0,393.02,393.02,595.6019868405274,339.53328032807616
166,166,28,draft|draft_verify,205.61456680297852,359.10820960998535,0.0,1663.0,41.0,396.956,396.956,564.7828092129639,336.9116296322754
166,166,29,draft|draft_verify,198.7321376800537,377.49338150024414,0.0,1704.0,41.0,400.892,400.892,576.2855519802979,359.16824240998534
166,166,30,draft|draft_verify,217.66424179077148,369.6455955505371,0.0,1745.0,41.0,404.828,404.828,587.3698701413086,377.5534143002441
166,166,31,draft|draft_verify,201.8575668334961,395.3242301940918,0.0,1786.0,41.0,408.764,408.764,597.2418298275879,369.7056283505371
166,166,32,draft|draft_verify,204.95080947875977,415.04573822021484,0.0,1827.0,41.0,412.7,412.7,620.0565804989747,395.3842629940918
166,166,33,draft|draft_verify,331.8955898284912,406.9328308105469,0.0,1868.0,41.0,416.63599999999997,416.63599999999997,738.8884534390381,415.10577102021483
166,166,34,draft|draft_verify,215.867280960083,417.42420196533203,0.0,1909.0,41.0,420.572,420.572,633.3515157254151,406.99286361054686
166,166,35,draft|draft_verify,277.8787612915039,419.2326068878174,0.0,1950.0,41.0,424.508,424.508,697.1714009793213,417.484234765332
166,166,36,draft|draft_verify,220.42369842529297,409.81316566467285,0.0,1991.0,41.0,428.44399999999996,428.44399999999996,630.2968968899659,419.29263968781737
166,166,37,draft|draft_verify,194.18668746948242,444.150447845459,0.0,2032.0,41.0,432.38,876.5904806454589,638.3971681149415,854.0836791101318
167,167,1,draft|draft_verify|target|target_rescue_verify,517.6393985748291,114.53580856323242,424.48997497558594,141.0,100.0,619.3816,574.9673828564453,1056.7252621136474,574.9673828564453
167,167,2,draft|draft_verify|target|target_rescue_verify,667.2210693359375,155.8988094329834,415.3130054473877,195.0,137.0,872.3864,950.3959143164917,1238.4929938163086,745.2305836524292
167,167,3,draft|draft_verify|target|target_rescue_verify,444.122314453125,196.4409351348877,994.5006370544434,261.0,76.0,490.06,994.5006370544434,1635.123947442456,994.5006370544434
167,167,4,draft|draft_verify,565.0877952575684,128.1261444091797,0.0,386.0,88.0,594.904,594.904,693.274010066748,565.0877952575684
167,167,5,draft|draft_verify,457.338809967041,138.52262496948242,0.0,474.0,73.0,507.23440000000005,507.23440000000005,595.9214933365234,457.338809967041
167,167,6,draft|draft_verify|target|backtracking_verify,306.51307106018066,281.3887596130371,543.8530445098877,547.0,47.0,332.76320000000004,543.8530445098877,1131.8149127831055,543.8530445098877
167,167,7,draft|draft_verify|target|target_rescue_verify,362.7474308013916,265.2153968811035,187.67571449279785,594.0,64.0,462.01120000000003,594.6789496405518,815.698593375293,495.41518044194333
167,167,8,draft|draft_verify|target|backtracking_verify,84.75756645202637,270.4005241394043,159.00754928588867,613.0,17.0,121.4456,267.8679741102539,514.2256534773194,267.8679741102539
167,167,9,draft|draft_verify|target|target_rescue_verify,248.02231788635254,534.1386795043945,377.99692153930664,1260.0,50.0,438.116,1027.778510397949,1160.2179589300536,837.6848282843017
167,167,10,draft|draft_verify|target|backtracking_verify,17.54307746887207,272.2361087799072,192.76833534240723,655.0,2.0,13.054400000000001,269.7127258660522,482.60752319118654,269.7127258660522
167,167,11,draft|draft_verify|target|backtracking_verify,348.92773628234863,474.839448928833,211.78650856018066,1327.0,57.0,509.3592,746.8389700644165,1035.6137393713623,586.4075063467651
167,167,12,draft|draft_verify|target|target_rescue_verify,586.108922958374,824.1708278656006,1074.8729705810547,2061.0,99.0,1064.6496,2261.482826783008,2485.2128006050293,1782.9421497413819
167,167,13,draft|draft_verify,75.25157928466797,162.489652633667,0.0,735.0,14.0,103.5104,327.3838294067871,237.80124311833498,327.3838294067871
168,168,1,draft|draft_verify|target|backtracking_verify,426.1190891265869,110.72063446044922,678.5802841186523,131.0,99.0,610.7136,678.5802841186523,1215.4800869056885,678.5802841186523
168,168,2,draft|draft_verify|target|target_rescue_verify|backtracking_verify,759.6938610076904,306.0891628265381,910.8116626739502,452.0,152.0,1063.8272,1748.8600250568786,1976.6548081081787,1444.726686064569
168,168,3,draft|draft_verify|target|target_rescue_verify|backtracking_verify,735.1391315460205,364.22252655029297,1689.9080276489258,537.0,122.0,873.9392,1992.1202063371827,2789.3297833452393,1872.0192909240723
168,168,4,draft|draft_verify|target|target_rescue_verify,891.3922309875488,418.68066787719727,1233.0718040466309,650.0,157.0,1173.9304,2104.5369285312136,2543.204828511377,1821.9987595187622
168,168,5,draft|draft_verify|target|target_rescue_verify,514.8756504058838,276.874303817749,935.4074001312256,429.0,86.0,589.928,935.4074001312256,1727.2174231548584,935.4074001312256
168,168,6,draft|draft_verify|target|target_rescue_verify,321.4390277862549,259.30166244506836,361.76109313964844,544.0,59.0,418.49120000000005,548.2020784225342,942.5618305709717,451.14990620878905
168,168,7,draft|draft_verify,94.53511238098145,128.56316566467285,0.0,599.0,18.0,128.1264,258.27401128720703,223.1582924456543,258.27401128720703
169,169,1,draft|draft_verify,170.88866233825684,33.95414352416992,0.0,127.0,36.0,218.82000000000002,170.88866233825684,204.90283466242676,170.88866233825684
169,169,2,draft|draft_verify,288.04516792297363,60.46247482299805,0.0,163.0,64.0,396.844,396.844,348.56769394597166,288.04516792297363
169,169,3,draft|draft_verify,388.81707191467285,73.45199584960938,0.0,227.0,71.0,451.64,451.64,462.3291245642822,388.81707191467285
169,169,4,draft|draft_verify|target|target_rescue_verify,1211.5540504455566,236.88220977783203,626.7788410186768,298.0,179.0,1193.0,1311.501248088916,2075.2752444420657,1330.0552985344727
169,169,5,draft|draft_verify,400.4960060119629,126.14035606384277,0.0,374.0,62.0,415.17199999999997,415.17199999999997,526.6964116758056,400.4960060119629
169,169,6,draft|draft_verify,306.3497543334961,127.10189819335938,0.0,436.0,46.0,313.612,313.612,433.51168932685545,306.3497543334961
169,169,7,draft|draft_verify,97.86772727966309,127.25019454956055,0.0,482.0,16.0,109.48,254.47214234291994,225.1779346292236,254.47214234291994
170,170,1,draft|draft_verify,174.47161674499512,34.424781799316406,0.0,94.0,38.0,228.1544,174.47161674499512,208.9564289443115,174.47161674499512
170,170,2,draft|draft_verify,96.60148620605469,32.33456611633301,0.0,132.0,21.0,127.38000000000001,127.38000000000001,128.9960691223877,96.60148620605469
170,170,3,draft|draft_verify,246.85382843017578,52.23965644836426,0.0,153.0,55.0,339.0928,339.0928,299.15352887854004,246.85382843017578
170,170,4,draft|draft_verify,42.786598205566406,52.233219146728516,0.0,208.0,9.0,55.74,55.74,95.07982455229492,52.299700448364256
170,170,5,draft|draft_verify,233.89887809753418,61.05184555053711,0.0,217.0,51.0,321.84000000000003,321.84000000000003,295.0107644480713,233.89887809753418
170,170,6,draft|draft_verify,58.31718444824219,61.80167198181152,0.0,268.0,12.0,76.11359999999999,76.11359999999999,120.17886603005371,61.11188635053711
170,170,7,draft|draft_verify,249.0236759185791,78.887939453125,0.0,280.0,53.0,342.4712,342.4712,327.9716577717041,249.0236759185791
170,170,8,draft|draft_verify,210.2525234222412,96.3282585144043,0.0,333.0,44.0,289.196,289.196,306.6408171366455,210.2525234222412
170,170,9,draft|draft_verify,111.8631362915039,94.11096572875977,0.0,377.0,23.0,152.5328,152.5328,206.03412042026366,111.8631362915039
170,170,10,draft|draft_verify,362.9477024078369,128.44061851501465,0.0,400.0,77.0,521.9624,521.9624,491.44838252285155,362.9477024078369
170,170,11,draft|draft_verify,126.69563293457031,128.1290054321289,0.0,477.0,22.0,150.8752,279.0642230321289,254.8846559666992,256.6897031471436
171,171,1,draft|draft_verify,474.9009609222412,32.262325286865234,0.0,73.0,108.0,652.5336000000001,474.9009609222412,507.22337260910643,474.9009609222412
171,171,2,draft|draft_verify,87.61358261108398,52.073001861572266,0.0,181.0,19.0,117.28960000000001,117.28960000000001,139.74659967265626,87.61358261108398
171,171,3,draft|draft_verify,76.38144493103027,51.99456214904785,0.0,200.0,17.0,105.5864,105.5864,128.43602068007812,76.38144493103027
171,171,4,draft|draft_verify,135.9233856201172,61.61904335021973,0.0,217.0,30.0,188.34720000000002,188.34720000000002,197.6024529703369,135.9233856201172
171,171,5,draft|draft_verify,85.50763130187988,61.609506607055664,0.0,247.0,17.0,107.3912,169.06072020705565,147.17715150893554,147.17715150893554
172,172,1,draft|draft_verify,192.27933883666992,35.68601608276367,0.0,94.0,25.0,149.6344,192.27933883666992,228.0253749194336,192.27933883666992
172,172,2,draft|draft_verify,93.03975105285645,35.537004470825195,0.0,119.0,11.0,66.128,66.128,128.63676432368163,93.03975105285645
172,172,3,draft|draft_verify,212.3126983642578,30.689239501953125,0.0,130.0,32.0,194.54240000000001,194.54240000000001,243.06196346621093,212.3126983642578
172,172,4,draft|draft_verify,122.76744842529297,47.71852493286133,0.0,162.0,17.0,104.1272,104.1272,170.5459869581543,122.76744842529297
172,172,5,draft|draft_verify,136.14892959594727,51.023244857788086,0.0,179.0,19.0,117.2032,117.2032,187.23218965373536,136.14892959594727
172,172,6,draft|draft_verify,84.55967903137207,53.07745933532715,0.0,198.0,18.0,111.7656,111.7656,137.69715276669922,84.55967903137207
172,172,7,draft|draft_verify,141.2818431854248,59.34596061706543,0.0,216.0,17.0,106.2008,106.2008,200.68781740249023,141.2818431854248
172,172,8,draft|draft_verify,145.48206329345703,61.896562576293945,0.0,233.0,16.0,100.516,100.516,207.438638669751,145.48206329345703
172,172,9,draft|draft_verify,111.8628978729248,67.66319274902344,0.0,249.0,16.0,101.092,101.092,179.58610342194822,111.8628978729248
172,172,10,draft|draft_verify,97.33891487121582,68.52912902832031,0.0,265.0,17.0,108.08239999999999,108.08239999999999,165.92805749953612,97.33891487121582
172,172,11,draft|draft_verify,171.51832580566406,89.2648696899414,0.0,282.0,23.0,147.51680000000002,147.51680000000002,260.84321389560546,171.51832580566406
172,172,12,draft|draft_verify,147.47071266174316,89.72978591918945,0.0,305.0,20.0,129.16400000000002,218.95380191918946,237.2605145809326,237.26051458093264
173,173,1,draft|draft_verify,186.6588592529297,37.146806716918945,0.0,109.0,29.0,174.75920000000002,186.6588592529297,223.86568916984862,186.6588592529297
173,173,2,draft|draft_verify,212.85271644592285,35.405635833740234,0.0,138.0,38.0,232.0616,232.0616,248.31838267966307,212.85271644592285
173,173,3,draft|draft_verify,69.31209564208984,57.47556686401367,0.0,176.0,11.0,67.496,67.496,126.84767130610352,69.31209564208984
173,173,4,draft|draft_verify|target|target_rescue_verify,74.68819618225098,118.0257797241211,472.23734855651855,187.0,11.0,67.76,472.23734855651855,665.0113332628906,472.23734855651855
173,173,5,draft|draft_verify,457.52739906311035,66.84541702270508,0.0,237.0,61.0,388.65999999999997,388.65999999999997,524.4328648858154,457.52739906311035
173,173,6,draft|draft_verify,290.147066116333,86.9150161743164,0.0,298.0,38.0,246.2696,246.2696,377.12211269064943,290.147066116333
173,173,7,draft|draft_verify|target|target_rescue_verify,186.52749061584473,171.97895050048828,170.11356353759766,336.0,26.0,170.18,256.22949605024417,528.6800254539306,272.5769866660889
173,173,8,draft|draft_verify,384.67884063720703,107.31315612792969,0.0,354.0,59.0,392.0432,499.4164033279297,492.0520439651367,492.0520439651367
174,174,1,draft|draft_verify,304.5084476470947,55.00006675720215,0.0,187.0,48.0,299.32079999999996,304.5084476470947,359.56855280429687,304.5084476470947
174,174,2,draft|draft_verify,391.90053939819336,72.93915748596191,0.0,235.0,58.0,369.03520000000003,369.03520000000003,464.89974328415525,391.90053939819336
174,174,3,draft|draft_verify,587.0809555053711,93.45650672912598,0.0,293.0,90.0,588.7968000000001,588.7968000000001,680.5975342344971,587.0809555053711
174,174,4,draft|draft_verify,1222.1674919128418,133.48746299743652,0.0,383.0,199.0,1371.5439999999999,1371.5439999999999,1355.7151141102784,1222.1674919128418
174,174,5,draft|draft_verify,272.21226692199707,132.5697898864746,0.0,582.0,44.0,314.89279999999997,314.89279999999997,404.8420920084717,272.21226692199707
174,174,6,draft|draft_verify|target|target_rescue_verify,471.88448905944824,348.16479682922363,1985.3723049163818,626.0,79.0,578.0416,1985.3723049163818,2805.4816540050538,1985.3723049163818
174,174,7,draft|draft_verify,92.09537506103516,179.82172966003418,0.0,887.0,15.0,116.15520000000001,353.964140074646,271.97711672106936,353.964140074646
175,175,1,draft|draft_verify,275.6304740905762,30.595064163208008,0.0,94.0,51.0,307.08,275.6304740905762,306.2855790537842,275.6304740905762
175,175,2,draft|draft_verify,617.0165538787842,60.645103454589844,0.0,145.0,106.0,658.336,658.336,677.721742133374,617.0165538787842
175,175,3,draft|draft_verify|target|target_rescue_verify,591.7320251464844,177.34169960021973,895.7831859588623,251.0,102.0,658.6848,895.7831859588623,1664.9169923055665,895.7831859588623
175,175,4,draft|draft_verify,166.97955131530762,114.14766311645508,0.0,355.0,25.0,164.668,278.8756831164551,281.1872344317627,281.1872344317627
176,176,1,draft|draft_verify,138.289213180542,23.966073989868164,0.0,76.0,27.0,160.56480000000002,138.289213180542,162.31530877041016,138.289213180542
176,176,2,draft|draft_verify,306.73885345458984,33.9047908782959,0.0,103.0,61.0,369.364,369.364,340.70369313288575,306.73885345458984
176,176,3,draft|draft_verify,341.3522243499756,65.86384773254395,0.0,164.0,84.0,523.1952,523.1952,407.2761392825195,341.3522243499756
176,176,4,draft|draft_verify,329.60963249206543,87.24617958068848,0.0,248.0,70.0,448.6648,448.6648,416.9158680727539,329.60963249206543
176,176,5,draft|draft_verify,209.18560028076172,100.69823265075684,0.0,318.0,51.0,333.96000000000004,333.96000000000004,309.9438737315186,209.18560028076172
176,176,6,draft|draft_verify,139.52231407165527,100.8307933807373,0.0,369.0,30.0,198.9264,198.9264,240.41313145239258,139.52231407165527
176,176,7,draft|draft_verify,90.73734283447266,98.23489189147949,0.0,399.0,16.0,106.492,204.7869046914795,189.03224752595213,199.18572207221678
177,177,1,draft|draft_verify,157.52339363098145,33.25676918029785,0.0,90.0,30.0,179.508,157.52339363098145,190.8401868112793,157.52339363098145
177,177,2,draft|draft_verify,273.71740341186523,48.33865165710449,0.0,120.0,63.0,384.1632,384.1632,322.11610546896975,273.71740341186523
177,177,3,draft|draft_verify,707.3214054107666,78.3538818359375,0.0,183.0,161.0,1025.324,1025.324,785.7354160467041,707.3214054107666
177,177,4,draft|draft_verify,389.8470401763916,140.4097080230713,0.0,344.0,96.0,640.4159999999999,640.4159999999999,530.3168249994628,389.8470401763916
177,177,5,draft|draft_verify,98.71625900268555,125.08630752563477,0.0,440.0,20.0,135.32,265.61610834870606,223.86258252832033,265.61610834870606
178,178,1,draft|draft_verify,324.9504566192627,56.426048278808594,0.0,147.0,73.0,450.72880000000004,324.9504566192627,381.4365632980713,324.9504566192627
178,178,2,draft|draft_verify,67.61980056762695,55.86361885070801,0.0,220.0,14.0,87.44239999999999,87.44239999999999,123.54343061833497,67.61980056762695
178,178,3,draft|draft_verify,162.3067855834961,61.99836730957031,0.0,234.0,35.0,221.4224,221.4224,224.3651808930664,162.3067855834961
178,178,4,draft|draft_verify,95.05248069763184,61.47456169128418,0.0,269.0,20.0,127.5224,127.5224,156.58705838891603,95.05248069763184
178,178,5,draft|draft_verify,113.86656761169434,80.55686950683594,0.0,289.0,24.0,154.37519999999998,154.37519999999998,194.48345631853027,113.86656761169434
178,178,6,draft|draft_verify,94.23112869262695,78.27234268188477,0.0,313.0,20.0,129.52880000000002,129.52880000000002,172.56348737451174,94.23112869262695
178,178,7,draft|draft_verify,71.25473022460938,78.47809791564941,0.0,333.0,15.0,97.5408,176.07890991564943,149.7928401402588,156.87046859753417
179,179,1,draft|draft_verify,206.65597915649414,53.15709114074707,0.0,136.0,46.0,281.212,206.65597915649414,259.87310709724125,206.65597915649414
179,179,2,draft|draft_verify,402.49085426330566,67.94595718383789,0.0,182.0,94.0,590.6728,590.6728,470.4968866471436,402.49085426330566
179,179,3,draft|draft_verify,151.78942680358887,87.72158622741699,0.0,276.0,36.0,231.336,231.336,239.57104183100586,151.78942680358887
179,179,4,draft|draft_verify,192.51441955566406,82.85641670227051,0.0,312.0,46.0,300.22,300.22,275.4308730579346,192.51441955566406
179,179,5,draft|draft_verify,136.66391372680664,99.17926788330078,0.0,358.0,30.0,198.16080000000002,198.16080000000002,235.90320561010742,136.66391372680664
179,179,6,draft|draft_verify,303.15518379211426,126.27816200256348,0.0,388.0,55.0,369.54879999999997,369.54879999999997,429.49338979467774,303.15518379211426
179,179,7,draft|draft_verify,166.88823699951172,126.37472152709961,0.0,443.0,37.0,252.2536,252.2536,293.32298812661134,166.88823699951172
179,179,8,draft|draft_verify,88.51432800292969,127.50673294067383,0.0,480.0,22.0,151.0264,151.0264,216.0810785436035,126.4347511270996
179,179,9,draft|draft_verify,128.9651393890381,143.64004135131836,0.0,502.0,27.0,187.14720000000003,330.8472629513184,272.6652023403565,272.6652023403565
180,180,1,draft|draft_verify,519.0658569335938,127.75516510009766,0.0,439.0,83.0,570.9824,519.0658569335938,646.8810884336914,519.0658569335938
180,180,2,draft|draft_verify|target|target_rescue_verify,371.6003894805908,261.5928649902344,746.7963695526123,522.0,70.0,494.0392,746.7963695526123,1380.0496800234375,746.7963695526123
180,180,3,draft|draft_verify|target|backtracking_verify,1521.669864654541,355.30781745910645,423.5577583312988,629.0,269.0,2035.1432,2212.8573239295533,2300.5956556449464,1699.3839885840941
180,180,6,draft|draft_verify|target|target_rescue_verify,133.94713401794434,471.4057445526123,334.46717262268066,1134.0,24.0,201.01919999999998,436.78209147630616,939.8800703932372,413.4168002058594
180,180,7,draft|draft_verify,82.03482627868652,236.1471652984619,0.0,1173.0,12.0,100.00559999999999,471.91004717476807,318.24200117714844,471.91004717476807
181,181,1,draft|draft_verify,140.81645011901855,34.673452377319336,0.0,92.0,31.0,185.68,140.81645011901855,175.5499272963379,140.81645011901855
181,181,2,draft|draft_verify,127.13980674743652,38.742780685424805,0.0,123.0,32.0,194.0216,194.0216,165.94261303286135,127.13980674743652
181,181,3,draft|draft_verify,183.78853797912598,50.86064338684082,0.0,155.0,40.0,245.98000000000002,245.98000000000002,234.7092133659668,183.78853797912598
181,181,4,draft|draft_verify,109.70640182495117,51.23329162597656,0.0,195.0,24.0,149.1864,149.1864,160.99971265092773,109.70640182495117
181,181,5,draft|draft_verify,40.48752784729004,54.40378189086914,0.0,219.0,8.0,49.6664,51.29331082597656,94.95131613815917,51.29331082597656
181,181,6,draft|draft_verify,483.3519458770752,82.16595649719238,0.0,227.0,104.0,665.9288,665.9288,565.5779855742676,483.3519458770752
181,181,7,draft|draft_verify|target|target_rescue_verify,725.4557609558105,257.6766014099121,958.5182666778564,331.0,156.0,1047.588,1176.486425504956,1941.7107538435791,958.5182666778564
181,181,8,draft|draft_verify,261.77215576171875,143.63884925842285,0.0,435.0,41.0,279.068,279.068,405.4710378201416,261.77215576171875
181,181,9,draft|draft_verify|target|target_rescue_verify,410.36200523376465,284.82842445373535,406.9061279296875,476.0,68.0,472.328,614.8022666268677,1102.1566120171874,552.8362718606323
181,181,10,draft|draft_verify|target|target_rescue_verify,337.03112602233887,271.1327075958252,378.6928653717041,530.0,65.0,459.5,730.6927595958252,986.9167509898682,608.2238856181641
182,182,1,draft|draft_verify,159.77740287780762,30.918359756469727,0.0,103.0,32.0,192.5336,159.77740287780762,190.75578823427733,159.77740287780762
182,182,2,draft|draft_verify,258.95071029663086,32.19723701477051,0.0,135.0,43.0,262.59520000000003,262.59520000000003,291.2079817114014,258.95071029663086
182,182,3,draft|draft_verify,287.91046142578125,61.10191345214844,0.0,178.0,58.0,361.2376,361.2376,349.07242127792966,287.91046142578125
182,182,4,draft|draft_verify,333.90212059020996,64.03851509094238,0.0,236.0,57.0,362.7288,362.7288,398.00068128115237,333.90212059020996
182,182,5,draft|draft_verify,113.13271522521973,84.15484428405762,0.0,293.0,15.0,96.19680000000001,180.41165628405764,197.34757150927734,197.34757150927734
183,183,1,draft|draft_verify,228.9128303527832,22.793054580688477,0.0,80.0,34.0,202.8424,228.9128303527832,251.7659121334717,228.9128303527832
183,183,2,draft|draft_verify,425.49920082092285,58.501243591308594,0.0,114.0,80.0,488.39840000000004,488.39840000000004,484.06050841223146,425.49920082092285
183,183,3,draft|draft_verify|target|target_rescue_verify,555.3321838378906,142.47417449951172,800.9450435638428,194.0,99.0,625.5312,800.9450435638428,1498.8114811012451,800.9450435638428
183,183,4,draft|draft_verify,450.8640766143799,92.5300121307373,0.0,296.0,71.0,463.232,463.232,543.4541455451172,450.8640766143799
183,183,5,draft|draft_verify,145.2314853668213,108.09588432312012,0.0,367.0,22.0,145.3312,253.48710192312012,253.38738728994142,253.3873872899414
184,184,1,draft|draft_verify,133.33630561828613,34.84058380126953,0.0,104.0,29.0,174.4232,133.33630561828613,168.23691261955565,133.33630561828613
184,184,2,draft|draft_verify,481.658935546875,67.66533851623535,0.0,133.0,113.0,699.5576,699.5576,549.3843644631104,481.658935546875
184,184,3,draft|draft_verify,205.86609840393066,68.09020042419434,0.0,246.0,44.0,280.2176,280.2176,274.016334028125,205.86609840393066
184,184,4,draft|draft_verify,1566.1306381225586,142.37666130065918,0.0,290.0,273.0,1845.4392,1845.4392,1708.5675178232177,1566.1306381225586
184,184,5,draft|draft_verify,134.5202922821045,131.2546730041504,0.0,563.0,17.0,119.5256,273.75156630480956,265.8349788862549,273.75156630480956
185,185,1,draft|draft_verify,74.20468330383301,31.154155731201172,0.0,119.0,19.0,114.6112,74.20468330383301,105.41885423503417,74.20468330383301
185,185,2,draft|draft_verify,198.74024391174316,49.59607124328613,0.0,138.0,46.0,281.428,281.428,248.3963519550293,198.74024391174316
185,185,3,draft|draft_verify,65.38271903991699,54.66294288635254,0.0,184.0,14.0,86.3192,86.3192,120.10567312626954,65.38271903991699
185,185,4,draft|draft_verify,194.5345401763916,57.7390193939209,0.0,198.0,42.0,262.6296,262.6296,252.3335931703125,194.5345401763916
185,185,5,draft|draft_verify,34.78598594665527,60.50896644592285,0.0,240.0,5.0,31.028000000000002,57.799052993920895,95.35495639257812,57.799052993920895
185,185,6,draft|draft_verify,94.05994415283203,61.02585792541504,0.0,245.0,20.0,126.42800000000001,126.42800000000001,155.1458180782471,94.05994415283203
185,185,7,draft|draft_verify,165.81106185913086,62.33620643615723,0.0,265.0,30.0,191.68800000000002,191.68800000000002,228.20729229528808,165.81106185913086
185,185,8,draft|draft_verify,442.9018497467041,92.92435646057129,0.0,295.0,70.0,456.448,456.448,535.8862622072754,442.9018497467041
185,185,9,draft|draft_verify,62.84284591674805,93.05787086486816,0.0,365.0,9.0,58.754400000000004,92.98441246057129,155.9607239816162,92.98441246057129
185,185,10,draft|draft_verify,120.34368515014648,92.4379825592041,0.0,374.0,19.0,125.6272,125.6272,212.8416829093506,120.34368515014648
185,185,11,draft|draft_verify,43.058156967163086,92.34952926635742,0.0,393.0,9.0,59.292,92.4979977592041,135.4676934335205,92.4979977592041
185,185,12,draft|draft_verify,183.0298900604248,132.53068923950195,0.0,402.0,35.0,235.1312,235.1312,315.62060729992675,183.0298900604248
185,185,13,draft|draft_verify,177.7794361114502,146.60954475402832,0.0,437.0,36.0,244.86,244.86,324.4490096654785,177.7794361114502
185,185,14,draft|draft_verify|target|target_rescue_verify,557.0573806762695,257.8458786010742,294.4777011871338,473.0,95.0,662.7248000000001,791.7078153005372,1109.4410364644775,686.0403959768066
185,185,15,draft|draft_verify,390.21921157836914,133.54802131652832,0.0,506.0,59.0,413.2016,413.2016,523.8272800948974,390.21921157836914
185,185,16,draft|draft_verify,645.592451095581,133.6979866027832,0.0,565.0,96.0,690.804,690.804,779.3505144983643,645.592451095581
185,185,17,draft|draft_verify,39.98255729675293,152.72068977355957,0.0,661.0,6.0,42.407999999999994,133.7580634027832,192.7632518703125,133.7580634027832
185,185,18,draft|draft_verify,230.69119453430176,160.37845611572266,0.0,667.0,46.0,338.56,338.56,391.12968745002445,230.69119453430176
185,185,19,draft|draft_verify,148.0855941772461,155.5325984954834,0.0,713.0,24.0,177.77999999999997,333.37261769548337,303.6782118727295,316.03111061120603
186,186,1,draft|draft_verify,226.3326644897461,35.78758239746094,0.0,80.0,41.0,244.988,226.3326644897461,262.180279687207,226.3326644897461
186,186,2,draft|draft_verify,137.18652725219727,33.124685287475586,0.0,121.0,31.0,187.768,187.768,170.37123733967286,137.18652725219727
186,186,3,draft|draft_verify,350.08955001831055,56.90598487854004,0.0,152.0,54.0,332.72880000000004,332.72880000000004,407.0555780968506,350.08955001831055
186,186,4,draft|draft_verify,323.9121437072754,65.86933135986328,0.0,206.0,56.0,352.328,352.328,389.8415198671387,323.9121437072754
186,186,5,draft|draft_verify,391.4525508880615,88.1199836730957,0.0,262.0,52.0,333.7312,333.7312,479.6325761611572,391.4525508880615
186,186,6,draft|draft_verify,145.1253890991211,91.87746047973633,0.0,314.0,19.0,123.0352,214.9726756797363,237.06286477885743,237.06286477885743
187,187,1,draft|draft_verify,225.968599319458,40.58432579040527,0.0,106.0,38.0,229.22,225.968599319458,266.61295550986324,225.968599319458
187,187,2,draft|draft_verify,218.24359893798828,52.80923843383789,0.0,144.0,39.0,238.77120000000002,238.77120000000002,271.1128685718262,218.24359893798828
187,187,3,draft|draft_verify,153.16176414489746,57.999372482299805,0.0,183.0,36.0,223.524,223.524,211.22116542719726,153.16176414489746
187,187,4,draft|draft_verify,257.68113136291504,69.02718544006348,0.0,219.0,62.0,392.48,392.48,326.76836640297853,257.68113136291504
187,187,5,draft|draft_verify,152.41599082946777,86.6856575012207,0.0,281.0,32.0,205.7768,205.7768,239.16167393068847,152.41599082946777
187,187,6,draft|draft_verify,102.7061939239502,82.38863945007324,0.0,313.0,22.0,142.6096,225.05825705007322,185.15485097402342,185.15485097402342
188,188,1,draft|draft_verify,206.5119743347168,83.66727828979492,0.0,336.0,38.0,249.644,206.5119743347168,290.2392830245117,206.5119743347168
188,188,2,draft|draft_verify,388.73767852783203,104.57253456115723,0.0,374.0,62.0,415.17199999999997,415.17199999999997,493.37026268898927,388.73767852783203
188,188,3,draft|draft_verify,349.2915630340576,129.94790077209473,0.0,436.0,61.0,417.316,417.316,479.29951260615235,349.2915630340576
188,188,4,draft|draft_verify|target|target_rescue_verify,438.35997581481934,275.6388187408447,477.49996185302734,497.0,66.0,461.52000000000004,599.3994621704223,1191.5588092086914,576.2394379852417
188,188,5,draft|draft_verify|target|target_rescue_verify,302.323579788208,262.1428966522217,446.72465324401855,558.0,62.0,442.1096,573.2410979261108,1011.2511792844482,446.72465324401855
188,188,6,draft|draft_verify|target|target_rescue_verify,141.5719985961914,270.0197696685791,290.59863090515137,619.0,28.0,201.7384,471.81819206857915,702.2504215699219,425.6085157394409
189,189,1,draft|draft_verify,178.61366271972656,39.469242095947266,0.0,96.0,28.0,167.84799999999998,178.61366271972656,218.14292721567384,178.61366271972656
189,189,2,draft|draft_verify,282.3770046234131,41.1224365234375,0.0,124.0,46.0,279.916,279.916,323.55947794685056,282.3770046234131
189,189,3,draft|draft_verify,235.17370223999023,51.76687240600586,0.0,170.0,35.0,216.20000000000002,216.20000000000002,287.0006026459961,235.17370223999023
189,189,4,draft|draft_verify,305.29069900512695,61.85555458068848,0.0,205.0,52.0,326.75440000000003,326.75440000000003,367.2062951858154,305.29069900512695
189,189,5,draft|draft_verify,63.211679458618164,62.201499938964844,0.0,257.0,9.0,56.680800000000005,61.915596180688475,125.47318659758301,63.211679458618164
189,189,6,draft|draft_verify,243.88933181762695,80.73544502258301,0.0,266.0,46.0,295.252,295.252,324.68481364021,243.88933181762695
189,189,7,draft|draft_verify,58.27927589416504,78.83524894714355,0.0,312.0,8.0,51.2288,80.79548182258301,137.17453124130859,80.79548182258301
189,189,8,draft|draft_verify,507.565975189209,101.12404823303223,0.0,320.0,79.0,520.7584,520.7584,608.7500866222413,507.565975189209
189,189,9,draft|draft_verify,180.9074878692627,128.32188606262207,0.0,399.0,28.0,187.48239999999998,315.86430846262203,309.28939633188475,309.28939633188475
190,190,1,draft|draft_verify,376.4636516571045,62.09421157836914,0.0,174.0,59.0,366.98720000000003,376.4636516571045,438.6179104354736,376.4636516571045
190,190,2,draft|draft_verify|target|target_rescue_verify,594.1579341888428,152.13465690612793,294.8908805847168,233.0,96.0,615.108,691.235405253064,1041.2435484796874,670.2853394419068
190,190,3,draft|draft_verify,187.33668327331543,69.4127082824707,0.0,261.0,28.0,178.54,178.54,256.8094139557861,187.33668327331543
190,190,4,draft|draft_verify|target|target_rescue_verify,315.9482479095459,179.96931076049805,427.20723152160645,289.0,47.0,304.28000000000003,427.20723152160645,923.1848277916504,427.20723152160645
190,190,5,draft|draft_verify,240.86785316467285,105.10540008544922,0.0,338.0,36.0,236.544,236.544,346.03328205012207,240.86785316467285
190,190,6,draft|draft_verify,196.63047790527344,108.14714431762695,0.0,374.0,32.0,212.696,212.696,304.8376478229004,196.63047790527344
190,190,7,draft|draft_verify|target|target_rescue_verify,253.71098518371582,255.28788566589355,230.4985523223877,406.0,49.0,330.8536,458.55758203294675,739.5574623719971,381.4149672166626
190,190,8,draft|draft_verify,136.15679740905762,129.40645217895508,0.0,437.0,23.0,155.70080000000002,155.70080000000002,265.6232679880127,136.15679740905762
190,190,9,draft|draft_verify,82.16547966003418,131.25896453857422,0.0,460.0,14.0,94.93039999999999,260.78544631752925,213.48445539860842,260.78544631752925
191,191,1,draft|draft_verify,66.72501564025879,49.04007911682129,0.0,171.0,14.0,85.9136,66.72501564025879,115.82510595708008,66.72501564025879
191,191,2,draft|draft_verify,80.92117309570312,55.457353591918945,0.0,185.0,19.0,117.4624,117.4624,136.43854188762208,80.92117309570312
191,191,3,draft|draft_verify,272.1419334411621,62.70861625671387,0.0,204.0,51.0,320.28000000000003,320.28000000000003,334.910590497876,272.1419334411621
191,191,4,draft|draft_verify,134.22369956970215,65.6135082244873,0.0,255.0,22.0,139.6864,139.6864,199.89722539418946,134.22369956970215
191,191,5,draft|draft_verify,119.52352523803711,60.91761589050293,0.0,277.0,16.0,102.10000000000001,102.10000000000001,180.50115392854002,119.52352523803711
191,191,6,draft|draft_verify,86.51113510131836,76.99275016784668,0.0,293.0,18.0,115.64160000000001,115.64160000000001,163.56389966916504,86.51113510131836
191,191,7,draft|draft_verify,39.15238380432129,79.88524436950684,0.0,311.0,5.0,31.709600000000002,77.05276456784668,119.09763217382812,77.05276456784668
191,191,8,draft|draft_verify,98.19507598876953,83.62579345703125,0.0,316.0,18.0,116.58000000000001,116.58000000000001,181.88088384580078,98.19507598876953
191,191,9,draft|draft_verify,151.86429023742676,82.41677284240723,0.0,334.0,22.0,143.668,143.668,234.341080679834,151.86429023742676
191,191,10,draft|draft_verify,203.6290168762207,96.68827056884766,0.0,356.0,31.0,204.688,204.688,300.37731224506837,203.6290168762207
191,191,11,draft|draft_verify,121.04010581970215,95.11423110961914,0.0,387.0,18.0,119.4768,119.4768,216.2143513293213,121.04010581970215
191,191,12,draft|draft_verify,161.3302230834961,129.7295093536377,0.0,405.0,26.0,174.32,174.32,291.11975323713375,161.3302230834961
191,191,13,draft|draft_verify,76.99298858642578,129.60338592529297,0.0,431.0,15.0,100.8336,129.78953015363768,206.65638651171875,129.78953015363768
191,191,14,draft|draft_verify,71.53487205505371,134.0792179107666,0.0,446.0,8.0,53.480000000000004,263.80262223605956,205.67409636582033,263.80262223605956
192,192,1,draft|draft_verify,151.79848670959473,52.3223876953125,0.0,173.0,25.0,154.1848,151.79848670959473,204.18089440490724,151.79848670959473
192,192,2,draft|draft_verify,559.8571300506592,70.7700252532959,0.0,198.0,89.0,562.076,562.076,630.6872265039551,559.8571300506592
192,192,3,draft|draft_verify,88.62066268920898,62.92128562927246,0.0,287.0,16.0,102.46000000000001,102.46000000000001,151.60196111848143,88.62066268920898
192,192,4,draft|draft_verify,141.39485359191895,79.16092872619629,0.0,303.0,20.0,129.0728,129.0728,220.61579831811522,141.39485359191895
192,192,5,draft|draft_verify,34.74092483520508,84.19561386108398,0.0,323.0,6.0,38.352,79.2209447261963,118.99654349628906,79.2209447261963
192,192,6,draft|draft_verify,136.4748477935791,85.65139770507812,0.0,329.0,22.0,143.416,143.416,222.18626309865724,136.4748477935791
192,192,7,draft|draft_verify,48.86746406555176,80.30867576599121,0.0,351.0,7.0,45.2848,85.71141530507812,129.23614543154298,85.71141530507812
192,192,8,draft|draft_verify,42.36745834350586,95.36075592041016,0.0,358.0,5.0,32.1608,175.78944128640137,137.788218263916,175.78944128640137
193,193,1,draft|draft_verify,204.68497276306152,33.788204193115234,0.0,133.0,35.0,213.1808,204.68497276306152,238.53320495617675,204.68497276306152
193,193,2,draft|draft_verify,120.12290954589844,60.5924129486084,0.0,168.0,24.0,147.696,147.696,180.77534169450684,120.12290954589844
193,193,3,draft|draft_verify,258.78119468688965,62.2406005859375,0.0,192.0,55.0,344.1472,344.1472,321.08183927282715,258.78119468688965
193,193,4,draft|draft_verify,219.16723251342773,61.36131286621094,0.0,247.0,42.0,267.45120000000003,267.45120000000003,280.58857897963867,219.16723251342773
193,193,5,draft|draft_verify,195.2357292175293,81.19416236877441,0.0,289.0,35.0,225.9104,225.9104,276.4899195863037,195.2357292175293
193,193,6,draft|draft_verify,88.73414993286133,82.13520050048828,0.0,324.0,14.0,90.6872,172.8824117004883,170.92936163334963,170.92936163334963
194,194,1,draft|draft_verify,238.3289337158203,70.08194923400879,0.0,253.0,47.0,300.3056,238.3289337158203,308.4709205498291,238.3289337158203
194,194,2,draft|draft_verify,544.4207191467285,105.00669479370117,0.0,300.0,73.0,477.16720000000004,477.16720000000004,649.4874723404297,544.4207191467285
194,194,3,draft|draft_verify,382.95578956604004,98.30832481384277,0.0,373.0,55.0,367.60479999999995,367.60479999999995,481.3241583798828,382.95578956604004
194,194,4,draft|draft_verify|target|target_rescue_verify,469.07901763916016,276.1261463165283,1895.1606750488281,428.0,71.0,485.408,1895.1606750488281,2640.4258958045166,1895.1606750488281
194,194,5,draft|draft_verify|target|target_rescue_verify,230.11541366577148,314.60022926330566,383.07809829711914,671.0,44.0,324.07759999999996,481.4377498316528,927.8537764261963,387.47556349742433
194,194,6,draft|draft_verify,117.32625961303711,156.1586856842041,0.0,726.0,13.0,95.71600000000001,313.51881071585694,273.5449556972412,313.51881071585694
195,195,1,draft|draft_verify,216.06040000915527,58.55226516723633,0.0,163.0,36.0,221.84400000000002,216.06040000915527,274.6726939763916,216.06040000915527
195,195,2,draft|draft_verify,271.2240219116211,65.93585014343262,0.0,199.0,46.0,288.016,288.016,337.2199088550537,271.2240219116211
195,195,3,draft|draft_verify,166.83697700500488,62.986135482788086,0.0,245.0,31.0,196.696,196.696,229.88313728779298,166.83697700500488
195,195,5,draft|draft_verify,60.75286865234375,69.43988800048828,0.0,289.0,9.0,57.2952,63.04616028278809,130.25276385283203,63.04616028278809
195,195,6,draft|draft_verify,104.55632209777832,76.69568061828613,0.0,298.0,16.0,102.85600000000001,102.85600000000001,181.31201551606443,104.55632209777832
195,195,7,draft|draft_verify,144.04702186584473,78.44042778015137,0.0,314.0,20.0,129.5744,129.5744,222.54746564599608,144.04702186584473
195,195,8,draft|draft_verify,129.46534156799316,80.50823211669922,0.0,334.0,19.0,123.89920000000001,123.89920000000001,210.0335888846924,129.46534156799316
195,195,9,draft|draft_verify,53.414344787597656,94.11334991455078,0.0,353.0,6.0,38.711999999999996,80.56824731669921,147.58769950214844,80.56824731669921
195,195,10,draft|draft_verify,47.408342361450195,94.09570693969727,0.0,359.0,9.0,58.6392,94.17335471455078,141.56405650114746,94.17335471455078
195,195,11,draft|draft_verify,184.92913246154785,94.53582763671875,0.0,368.0,35.0,232.3568,326.95265563671876,279.5249880982666,279.5249880982666
196,196,1,draft|draft_verify,224.0147590637207,60.83798408508301,0.0,202.0,47.0,294.6752,224.0147590637207,284.9127807488037,224.0147590637207
196,196,2,draft|draft_verify,115.08536338806152,60.36686897277832,0.0,249.0,25.0,158.5624,158.5624,175.51225236083985,115.08536338806152
196,196,3,draft|draft_verify,208.24742317199707,77.28457450866699,0.0,274.0,42.0,270.108,270.108,285.59203128066406,208.24742317199707
196,196,4,draft|draft_verify,189.85223770141602,77.87680625915527,0.0,316.0,37.0,241.2808,241.2808,267.7890735605713,189.85223770141602
196,196,5,draft|draft_verify|target|target_rescue_verify,306.06889724731445,191.14208221435547,495.93400955200195,353.0,56.0,371.73199999999997,495.93400955200195,993.2050338136719,495.93400955200195
196,196,6,draft|draft_verify|target|target_rescue_verify,173.0644702911377,253.4959316253662,287.9672050476074,423.0,30.0,202.68480000000002,329.4927898126831,714.5876309641113,299.8724601038208
196,196,7,draft|draft_verify|target|backtracking_verify,301.4943599700928,256.03437423706055,382.0502758026123,457.0,46.0,315.88,443.9572239185303,939.6390468097657,429.5715838886231
196,196,8,draft|draft_verify|target|backtracking_verify,610.7578277587891,395.2302932739258,484.205961227417,1016.0,104.0,860.9696,1058.6448298369628,1490.2541654601318,808.433057595752
196,196,9,draft|draft_verify|target|target_rescue_verify|backtracking_verify,881.5960884094238,668.0324077606201,939.0134811401367,1688.0,150.0,1491.4488000000001,2495.4415867785647,2488.7020973101808,1885.5888751879884
196,196,10,draft|draft_verify|target|target_rescue_verify,286.58246994018555,530.036211013794,761.6465091705322,1224.0,56.0,486.70399999999995,1265.1144576456115,1578.3252349245117,1064.9929275857971
196,196,11,draft|draft_verify|target|target_rescue_verify,340.2252197265625,627.1474361419678,582.0624828338623,1333.0,53.0,473.8856,1235.337460923407,1549.4951811023925,1101.6770806499694
196,196,12,draft|draft_verify,147.08805084228516,153.31315994262695,0.0,706.0,19.0,139.9696,156.78685903549194,300.4612259849121,156.78685903549194
196,196,13,draft|draft_verify,847.6052284240723,174.32332038879395,0.0,725.0,119.0,905.2304,905.2304,1021.9886440128662,847.6052284240723
196,196,14,draft|draft_verify,576.4412879943848,200.01602172851562,0.0,844.0,119.0,938.9312,938.9312,776.5174049229004,576.4412879943848
196,196,15,draft|draft_verify,609.229326248169,222.3947048187256,0.0,963.0,119.0,972.6320000000001,972.6320000000001,831.6841262668945,609.229326248169
196,196,16,draft|draft_verify|target|backtracking_verify,585.646390914917,513.9105319976807,804.6844005584717,1082.0,119.0,1006.3328,1263.3481611988404,1904.3014186710693,842.6617521137573
196,196,17,draft|draft_verify|target|backtracking_verify,546.3840961456299,757.8554153442383,235.3341579437256,2402.0,106.0,1227.1,1606.087792472119,1539.6337542335937,925.371888617749
196,196,18,draft|draft_verify|target|target_rescue_verify,282.7885150909424,1549.3042469024658,583.5182666778564,3743.0,46.0,670.768,2350.927087003959,2415.6710654712647,2059.086794676078
196,196,19,draft|draft_verify|target|target_rescue_verify,132.51328468322754,1039.3154621124268,254.14180755615234,2566.0,24.0,280.06559999999996,1446.511985090503,1426.0305735518066,1424.6637595742473
197,197,1,draft|draft_verify,210.2503776550293,49.800872802734375,0.0,152.0,32.0,196.1792,210.2503776550293,260.1112760577637,210.2503776550293
197,197,2,draft|draft_verify,229.59661483764648,56.11586570739746,0.0,184.0,43.0,267.5344,267.5344,285.77251494504395,229.59661483764648
197,197,3,draft|draft_verify,511.737585067749,79.14113998413086,0.0,227.0,92.0,587.7032,587.7032,590.9387986518799,511.737585067749
197,197,4,draft|draft_verify,366.6834831237793,107.9106330871582,0.0,319.0,64.0,420.4312,420.4312,474.6541674109375,366.6834831237793
197,197,5,draft|draft_verify,491.44434928894043,142.9123878479004,0.0,383.0,104.0,704.492,704.492,634.4168203368408,491.44434928894043
197,197,6,draft|draft_verify,281.65197372436523,149.55401420593262,0.0,487.0,49.0,340.1848,489.7988534059326,431.26602713029786,431.26602713029786
198,198,1,draft|draft_verify,196.05708122253418,35.060882568359375,0.0,89.0,42.0,251.904,196.05708122253418,231.17799739089355,196.05708122253418
198,198,2,draft|draft_verify,198.25053215026855,31.154155731201172,0.0,131.0,47.0,286.83680000000004,286.83680000000004,229.4647254814697,198.25053215026855
198,198,3,draft|draft_verify,233.2632541656494,51.690101623535156,0.0,178.0,53.0,329.7416,329.7416,285.01339818918456,233.2632541656494
198,198,4,draft|draft_verify,479.083776473999,78.33647727966309,0.0,231.0,96.0,614.6519999999999,614.6519999999999,557.480330553662,479.083776473999
198,198,5,draft|draft_verify,137.14051246643066,77.9111385345459,0.0,327.0,29.0,189.4088,189.4088,215.11167420097655,137.14051246643066
198,198,6,draft|draft_verify,95.98183631896973,98.86479377746582,0.0,356.0,19.0,124.8496,223.7744089774658,194.90664529643556,194.90664529643556
199,199,1,draft|draft_verify,195.15323638916016,31.79025650024414,0.0,119.0,46.0,279.37600000000003,195.15323638916016,227.0035296894043,195.15323638916016
199,199,2,draft|draft_verify,175.24957656860352,50.96578598022461,0.0,165.0,39.0,240.68640000000002,240.68640000000002,226.27539374882812,175.24957656860352
199,199,3,draft|draft_verify,297.14274406433105,61.362266540527344,0.0,204.0,66.0,415.812,415.812,358.5650634048584,297.14274406433105
199,199,4,draft|draft_verify,309.01622772216797,78.13096046447754,0.0,270.0,66.0,426.10800000000006,426.10800000000006,387.2072409866455,309.01622772216797
199,199,5,draft|draft_verify,125.3807544708252,78.53460311889648,0.0,336.0,25.0,163.5736,163.5736,203.9753775897217,125.3807544708252
199,199,6,draft|draft_verify,307.93094635009766,104.70271110534668,0.0,361.0,66.0,440.30400000000003,440.30400000000003,412.69371025544433,307.93094635009766
199,199,7,draft|draft_verify,209.0616226196289,142.23909378051758,0.0,427.0,45.0,305.7672,305.7672,351.36075240014645,209.0616226196289
199,199,8,draft|draft_verify,66.3912296295166,29363.150358200073,0.0,472.0,13.0,88.4008,29505.50949838059,29429.60159822959,29505.50949838059
200,200,1,draft|draft_verify,359.73644256591797,61.5544319152832,0.0,129.0,82.0,503.728,359.73644256591797,421.35094008120114,359.73644256591797
200,200,2,draft|draft_verify,42.27280616760254,57.727813720703125,0.0,211.0,9.0,55.7976,61.614497515283205,100.06062708830567,61.614497515283205
200,200,3,draft|draft_verify|target|target_rescue_verify,394.61469650268555,166.55635833740234,706.8471908569336,220.0,85.0,540.82,706.8471908569336,1268.0783136970215,706.8471908569336
200,200,4,draft|draft_verify,515.7310962677002,100.68917274475098,0.0,327.0,105.0,697.4232000000001,697.4232000000001,616.4803530124511,515.7310962677002
200,200,5,draft|draft_verify,555.0358295440674,143.92805099487305,0.0,432.0,109.0,751.7608,751.7608,699.0239677389404,555.0358295440674
200,200,6,draft|draft_verify,536.2045764923096,132.46560096740723,0.0,541.0,110.0,787.3136,787.3136,668.7302654597167,536.2045764923096
200,200,7,draft|draft_verify,87.59331703186035,131.84785842895508,0.0,651.0,18.0,130.248,264.4335617963623,219.50118986081543,264.4335617963623
201,201,1,draft|draft_verify,161.03005409240723,52.08396911621094,0.0,172.0,36.0,222.60000000000002,161.03005409240723,213.17405200861816,161.03005409240723
201,201,2,draft|draft_verify,180.2363395690918,61.92779541015625,0.0,208.0,41.0,257.276,257.276,242.22416777924803,180.2363395690918
201,201,3,draft|draft_verify|target|target_rescue_verify,286.5948677062988,139.6803855895996,378.57556343078613,249.0,62.0,396.87199999999996,466.7722423947998,804.9108663266845,378.57556343078613
201,201,4,draft|draft_verify|target|target_rescue_verify,265.16079902648926,170.61543464660645,411.24820709228516,306.0,57.0,372.1368,457.5045629233032,847.0844863653808,411.24820709228516
201,201,5,draft|draft_verify,304.71181869506836,100.6934642791748,0.0,367.0,61.0,407.38,407.38,405.46533177424317,304.71181869506836
201,201,6,draft|draft_verify|target|target_rescue_verify,210.4489803314209,258.7742805480957,541.0366058349609,428.0,49.0,333.388,541.0366058349609,1010.3199059144775,541.0366058349609
201,201,7,draft|draft_verify|target|backtracking_verify,67.77119636535645,272.48692512512207,320.1332092285156,515.0,13.0,89.6392,320.1332092285156,660.4513411189942,320.1332092285156
201,201,8,draft|draft_verify|target|target_rescue_verify,106.9338321685791,540.9245491027832,189.63885307312012,1090.0,18.0,148.1592,783.9631900393433,837.5572487444824,772.0474526019043
202,202,1,draft|draft_verify,251.4183521270752,31.206607818603516,0.0,123.0,55.0,335.2048,251.4183521270752,282.6850039456787,251.4183521270752
202,202,2,draft|draft_verify,353.7333011627197,60.38498878479004,0.0,178.0,79.0,494.17600000000004,494.17600000000004,414.17835314750977,353.7333011627197
202,202,3,draft|draft_verify,108.95514488220215,60.44793128967285,0.0,257.0,23.0,146.1968,146.1968,169.463094571875,108.95514488220215
202,202,4,draft|draft_verify|target|target_rescue_verify,117.66886711120605,155.99846839904785,287.22119331359863,280.0,25.0,160.348,287.22119331359863,560.9485488238525,287.22119331359863
202,202,5,draft|draft_verify,109.10344123840332,76.47538185119629,0.0,311.0,23.0,149.048,149.048,185.6388414895996,109.10344123840332
202,202,6,draft|draft_verify,135.6649398803711,76.93910598754883,0.0,334.0,28.0,183.2704,260.2695283875488,212.66406826791993,212.6640682679199
203,203,1,draft|draft_verify,480.31139373779297,51.4681339263916,0.0,116.0,108.0,663.576,480.31139373779297,531.8396140641846,480.31139373779297
203,203,2,draft|draft_verify,277.0240306854248,59.45444107055664,0.0,224.0,61.0,386.788,386.788,336.53852055598145,277.0240306854248
203,203,3,draft|draft_verify|target|target_rescue_verify,810.8623027801514,268.0332660675049,1082.2458267211914,285.0,196.0,1304.2839999999999,1438.3607898337523,2161.201552368848,1082.2458267211914
203,203,4,draft|draft_verify,167.52958297729492,126.0981559753418,0.0,464.0,39.0,267.9552,267.9552,293.68777015263674,167.52958297729492
203,203,5,draft|draft_verify|target|backtracking_verify,939.9192333221436,289.7963523864746,809.2105388641357,503.0,223.0,1607.4256,1752.3839545932374,2038.986302972754,1084.877587915381
203,203,6,draft|draft_verify|target|target_rescue_verify,518.9597606658936,460.6947898864746,349.7648239135742,1360.0,113.0,1029.3752,1259.7826853432373,1329.4794648659424,749.3672460091309
203,203,7,draft|draft_verify|target|target_rescue_verify,119.39311027526855,309.5967769622803,362.55383491516113,722.0,25.0,185.8072,385.20580342437745,791.60374215271,385.20580342437745
203,203,8,draft|draft_verify,121.4284896850586,154.18577194213867,0.0,773.0,24.0,181.09199999999998,335.33779114213866,275.67428082719726,309.0441796232788
204,204,1,draft|draft_verify,148.9253044128418,50.4612922668457,0.0,177.0,36.0,223.02,148.9253044128418,199.4466254796875,148.9253044128418
204,204,2,draft|draft_verify,212.3115062713623,59.83543395996094,0.0,213.0,54.0,340.48800000000006,340.48800000000006,272.20698343132324,212.3115062713623
204,204,3,draft|draft_verify,434.3078136444092,78.17697525024414,0.0,267.0,98.0,636.0848,636.0848,512.5448672946534,434.3078136444092
204,204,4,draft|draft_verify|target|target_rescue_verify,611.0818386077881,266.60966873168945,657.658576965332,365.0,131.0,886.2560000000001,1019.6209391658448,1535.4101891048094,744.4467777736328
204,204,5,draft|draft_verify,646.6190814971924,128.8139820098877,0.0,452.0,141.0,984.9,984.9,775.49317630708,646.6190814971924
204,204,6,draft|draft_verify|target|target_rescue_verify,205.2617073059082,281.11910820007324,797.0433235168457,593.0,38.0,272.4656,797.0433235168457,1283.484169422827,797.0433235168457
204,204,7,draft|draft_verify,68.86816024780273,151.41987800598145,0.0,705.0,14.0,102.5744,140.55955410003662,220.3480494537842,140.55955410003662
204,204,8,draft|draft_verify,69.22554969787598,151.9489288330078,0.0,719.0,13.0,95.51440000000001,303.48882843898923,221.2344889308838,303.48882843898923
205,205,1,draft|draft_verify,218.63365173339844,59.88788604736328,0.0,255.0,46.0,294.064,218.63365173339844,278.58157458076175,218.63365173339844
205,205,2,draft|draft_verify|target|target_rescue_verify,211.99822425842285,152.43220329284668,186.8269443511963,301.0,45.0,292.4616,368.7377376464233,551.3174079024658,288.27436190484616
205,205,3,draft|draft_verify,193.0999755859375,77.59237289428711,0.0,324.0,42.0,275.028,275.028,270.7523820802246,193.0999755859375
205,205,4,draft|draft_verify,134.19747352600098,91.19224548339844,0.0,366.0,32.0,212.1008,212.1008,225.4497446093994,134.19747352600098
205,205,5,draft|draft_verify,26.163578033447266,91.59398078918457,0.0,398.0,6.0,39.251999999999995,91.25227108339844,117.81756362263184,91.25227108339844
205,205,6,draft|draft_verify,302.1116256713867,124.79138374328613,0.0,404.0,65.0,440.1464,440.1464,426.96306141467284,302.1116256713867
205,205,7,draft|draft_verify,422.4226474761963,127.19273567199707,0.0,469.0,91.0,633.472,633.472,549.6754559481933,422.4226474761963
205,205,8,draft|draft_verify,467.0429229736328,132.6916217803955,0.0,560.0,100.0,718.9359999999999,718.9359999999999,599.7946247540283,467.0429229736328
205,205,9,draft|draft_verify,496.157169342041,154.72102165222168,0.0,660.0,100.0,742.696,742.696,650.9382709942627,496.157169342041
205,205,10,draft|draft_verify|target|backtracking_verify,93.77074241638184,309.10706520080566,291.97120666503906,760.0,22.0,165.1384,319.7519502004028,694.9090318822266,309.3946518526245
205,205,11,draft|draft_verify|target|target_rescue_verify,83.63533020019531,490.894079208374,97.67389297485352,1580.0,16.0,149.00799999999998,645.5076246087768,672.2633151834228,645.5076246087768
206,206,1,draft|draft_verify,342.3154354095459,60.38308143615723,0.0,187.0,76.0,476.74,342.3154354095459,402.7585776457031,342.3154354095459
206,206,2,draft|draft_verify,491.78290367126465,77.72040367126465,0.0,263.0,105.0,681.4488,681.4488,569.5633913425293,491.78290367126465
206,206,3,draft|draft_verify,191.68853759765625,92.13685989379883,0.0,368.0,41.0,272.63599999999997,272.63599999999997,283.88543029145507,191.68853759765625
206,206,4,draft|draft_verify|target|target_rescue_verify,80.38330078125,185.43195724487305,149.2323875427246,409.0,16.0,106.852,292.34397004487306,415.10765836884764,277.6888627386719
207,207,1,draft|draft_verify|target|backtracking_verify,229.22182083129883,103.23643684387207,260.3003978729248,166.0,50.0,309.4616,280.9000792532349,592.8186955480957,280.9000792532349
207,207,2,draft|draft_verify|target|backtracking_verify,513.533353805542,180.63092231750488,380.6931972503662,420.0,113.0,776.7032,867.0787515587525,1074.9175637734131,603.9089053642945
207,207,3,draft|draft_verify|target|target_rescue_verify,1053.1368255615234,467.8483009338379,1175.278663635254,809.0,223.0,1770.4624,2943.9152716017006,2696.3239685306153,2226.589697163224
207,207,4,draft|draft_verify|target|target_rescue_verify,1099.9391078948975,536.5414619445801,813.6322498321533,988.0,239.0,2004.464,2840.573485671741,2450.173010871631,1936.0485935666381
207,207,5,draft|draft_verify|target|target_rescue_verify|backtracking_verify,527.2021293640137,24607.369661331177,607.384443283081,755.0,112.0,858.9304,19618.209957239924,25742.01632357827,19286.481686603936
207,207,6,draft|draft_verify|target|target_rescue_verify,564.5313262939453,605.1044464111328,811.6731643676758,853.0,112.0,885.0376,7011.567421924981,1981.369026672754,7011.567421924981
207,207,7,draft|draft_verify|target|target_rescue_verify,118.00527572631836,264.56284523010254,503.12018394470215,523.0,28.0,195.5176,503.12018394470215,885.748327301123,503.12018394470215
207,207,8,draft|draft_verify,176.50294303894043,132.34448432922363,0.0,604.0,37.0,266.164,266.164,308.90745696816407,176.50294303894043
207,207,9,draft|draft_verify|target|target_rescue_verify,106.26697540283203,262.8800868988037,128.0815601348877,641.0,21.0,151.812,414.7521036988037,497.2886392365234,395.3446176280273
208,208,1,draft|draft_verify,183.31360816955566,30.825376510620117,0.0,119.0,40.0,242.61040000000003,183.31360816955566,214.1990166801758,183.31360816955566
208,208,2,draft|draft_verify,257.2453022003174,51.38373374938965,0.0,159.0,58.0,358.6384,358.6384,308.689082349707,257.2453022003174
208,208,3,draft|draft_verify,205.45721054077148,60.331106185913086,0.0,217.0,46.0,289.96000000000004,289.96000000000004,265.8483535266846,205.45721054077148
208,208,4,draft|draft_verify,325.4218101501465,76.73048973083496,0.0,263.0,70.0,451.1488,451.1488,402.2123558809814,325.4218101501465
208,208,5,draft|draft_verify,210.49237251281738,92.36001968383789,0.0,333.0,45.0,295.8408,295.8408,302.91242819665524,210.49237251281738
208,208,6,draft|draft_verify,104.57372665405273,93.2929515838623,0.0,378.0,21.0,139.188,232.5409683838623,197.92669503791504,197.92669503791504
209,209,1,draft|draft_verify,34.19756889343262,21.850109100341797,0.0,104.0,7.0,41.728,34.19756889343262,56.10768359377441,34.19756889343262
209,209,2,draft|draft_verify,160.7656478881836,29.331445693969727,0.0,111.0,36.0,217.476,217.476,190.15712238215332,160.7656478881836
209,209,3,draft|draft_verify,112.41292953491211,29.953479766845703,0.0,147.0,25.0,152.6872,152.6872,142.42642930175782,112.41292953491211
209,209,4,draft|draft_verify,45.50290107727051,45.82810401916504,0.0,172.0,10.0,61.223200000000006,61.223200000000006,91.39101309643556,45.50290107727051
209,209,5,draft|draft_verify,133.35824012756348,50.084829330444336,0.0,182.0,30.0,185.9112,185.9112,183.5030934580078,133.35824012756348
209,209,6,draft|draft_verify,49.559593200683594,50.17495155334473,0.0,212.0,11.0,68.36,68.36,99.79455355402831,50.144853330444334
209,209,7,draft|draft_verify,102.71477699279785,59.076786041259766,0.0,223.0,23.0,144.4016,144.4016,161.8515814340576,102.71477699279785
209,209,8,draft|draft_verify,19.209623336791992,59.37981605529785,0.0,246.0,4.0,24.7456,59.13680444125976,78.64944259208984,59.13680444125976
209,209,9,draft|draft_verify,50.7349967956543,59.21626091003418,0.0,250.0,11.0,69.272,69.272,110.01126650568847,59.43981925529785
209,209,10,draft|draft_verify,62.7284049987793,59.67593193054199,0.0,261.0,15.0,95.1216,95.1216,122.46434892932129,62.7284049987793
209,209,11,draft|draft_verify,84.44976806640625,76.38955116271973,0.0,276.0,18.0,114.94800000000001,114.94800000000001,160.89933362912598,84.44976806640625
209,209,12,draft|draft_verify,51.57113075256348,76.0033130645752,0.0,294.0,11.0,70.328,76.44956556271973,127.63445261713866,76.44956556271973
209,209,13,draft|draft_verify,72.1745491027832,76.94578170776367,0.0,305.0,11.0,70.592,153.06911237233888,149.18033961054687,153.06911237233888
210,210,1,draft|draft_verify,122.1611499786377,21.929502487182617,0.0,79.0,31.0,184.744,122.1611499786377,144.15067726582032,122.1611499786377
210,210,2,draft|draft_verify,523.461103439331,52.96158790588379,0.0,110.0,101.0,618.26,618.26,576.4827721452149,523.461103439331
210,210,3,draft|draft_verify,348.4792709350586,60.93025207519531,0.0,211.0,75.0,474.6336,474.6336,409.4695830102539,348.4792709350586
210,210,4,draft|draft_verify,254.71735000610352,83.47153663635254,0.0,286.0,54.0,349.77360000000004,349.77360000000004,338.24892984245605,254.71735000610352
210,210,5,draft|draft_verify,255.0959587097168,103.49273681640625,0.0,340.0,55.0,363.328,363.328,358.64873952612305,255.0959587097168
210,210,6,draft|draft_verify|target|target_rescue_verify,83.45365524291992,227.15258598327637,419.3277359008789,395.0,17.0,113.0744,419.3277359008789,729.9939907270752,419.3277359008789
210,210,7,draft|draft_verify,84.71059799194336,125.29802322387695,0.0,457.0,17.0,115.45519999999999,240.81323682387693,210.0686348158203,238.93432981551513
211,211,1,draft|draft_verify,210.5112075805664,30.816316604614258,0.0,84.0,47.0,281.648,210.5112075805664,241.38756178518065,210.5112075805664
211,211,2,draft|draft_verify,235.25094985961914,46.07892036437988,0.0,131.0,53.0,323.87600000000003,323.87600000000003,281.389912623999,235.25094985961914
211,211,3,draft|draft_verify,628.4105777740479,77.79979705810547,0.0,184.0,139.0,881.8192,881.8192,706.2704860321534,628.4105777740479
211,211,4,draft|draft_verify,412.89544105529785,104.09975051879883,0.0,323.0,89.0,588.476,588.476,517.0552627740967,412.89544105529785
211,211,5,draft|draft_verify,113.7540340423584,125.23174285888672,0.0,412.0,23.0,154.38080000000002,279.67256125888673,239.0457953012451,239.0457953012451
212,212,1,draft|draft_verify|target|backtracking_verify,153.01012992858887,155.6723117828369,260.64372062683105,301.0,32.0,207.2648,260.64372062683105,569.3861879382569,260.64372062683105
212,212,2,draft|draft_verify|target|target_rescue_verify|backtracking_verify,394.6497440338135,341.42589569091797,621.0887432098389,673.0,84.0,624.588,1191.261860573108,1357.2244501345704,961.3236046069214
212,212,3,draft|draft_verify|target|backtracking_verify,352.82301902770996,372.7569580078125,776.9863605499268,724.0,76.0,573.4,1241.5209595808228,1502.6263983854492,1020.9439786085327
212,212,4,draft|draft_verify|target|target_rescue_verify,784.6155166625977,32981.96840286255,1370.1543807983398,1646.0,178.0,1758.748,31645.646280503483,35136.798442723484,30671.51379716608
212,212,5,draft|draft_verify|target|target_rescue_verify,1633.0795288085938,880.2456855773926,1527.6236534118652,1372.0,368.0,3482.8448,5874.760185013555,4041.0091621978518,5874.760185013555
212,212,6,draft|draft_verify|target|backtracking_verify,186.4016056060791,257.74431228637695,135.18118858337402,571.0,39.0,277.7136,535.5179434863769,579.3871376758301,444.2059490924561
213,213,1,draft|draft_verify|target|backtracking_verify,157.65023231506348,62.200307846069336,230.604887008667,143.0,35.0,213.9968,230.604887008667,450.5154551697998,230.604887008667
213,213,2,draft|draft_verify|target|target_rescue_verify|backtracking_verify,434.44371223449707,225.36444664001465,1386.932134628296,355.0,98.0,656.5712,1519.1206806941589,2046.8003719028077,1499.6143579483032
213,213,3,draft|draft_verify|target|backtracking_verify,953.8474082946777,450.2856731414795,1206.4542770385742,801.0,221.0,1749.812,2929.4130891102823,2610.6475352747316,2133.44849740496
213,213,4,draft|draft_verify|target|target_rescue_verify,1423.8345623016357,1154.5641422271729,5857.641935348511,1725.0,317.0,3248.0264,8973.307929883264,8436.10089347732,7149.1160921849
213,213,6,draft|draft_verify,406.1474800109863,154.64305877685547,0.0,704.0,83.0,623.1344,623.1344,560.8506051878418,406.1474800109863
213,213,7,draft|draft_verify,143.39876174926758,172.95002937316895,0.0,787.0,36.0,274.26,447.27005817316893,316.4088199224365,327.71318335002445
214,214,1,draft|draft_verify,305.7870864868164,29.29520606994629,0.0,71.0,68.0,407.204,305.7870864868164,335.1423469567627,305.7870864868164
214,214,2,draft|draft_verify,104.38728332519531,30.738115310668945,0.0,139.0,24.0,146.09519999999998,146.09519999999998,135.18541783586426,104.38728332519531
214,214,3,draft|draft_verify,41.28694534301758,30.570030212402344,0.0,163.0,9.0,54.876000000000005,54.876000000000005,71.91698275541992,41.28694534301758
214,214,4,draft|draft_verify,185.89234352111816,50.86493492126465,0.0,172.0,42.0,260.07120000000003,260.07120000000003,236.8173120423828,185.89234352111816
214,214,5,draft|draft_verify,186.62476539611816,60.00995635986328,0.0,214.0,42.0,264.204,264.204,246.69475535598144,186.62476539611816
214,214,6,draft|draft_verify,165.56954383850098,60.98461151123047,0.0,256.0,35.0,223.2176,223.2176,226.61418334973143,165.56954383850098
214,214,7,draft|draft_verify|target|target_rescue_verify,123.8863468170166,165.4222011566162,259.92655754089355,291.0,25.0,160.98160000000001,259.92655754089355,549.2951255145264,259.92655754089355
214,214,8,draft|draft_verify,138.93985748291016,84.57303047180176,0.0,327.0,28.0,182.8168,267.44985287180174,223.57291035471192,223.5729103547119
215,215,1,draft|draft_verify,205.733060836792,32.84001350402832,0.0,98.0,49.0,295.372,205.733060836792,238.63311354082032,205.733060836792
215,215,2,draft|draft_verify,92.3621654510498,33.63919258117676,0.0,147.0,22.0,134.2432,134.2432,126.06137563222656,92.3621654510498
215,215,3,draft|draft_verify,250.38480758666992,55.55391311645508,0.0,169.0,61.0,378.868,378.868,305.998769503125,250.38480758666992
215,215,4,draft|draft_verify,45.159101486206055,63.27390670776367,0.0,230.0,9.0,56.162400000000005,56.162400000000005,108.49301539396973,55.613961916455075
215,215,5,draft|draft_verify,277.21405029296875,66.38431549072266,0.0,239.0,60.0,382.4904,382.4904,343.6584137836914,277.21405029296875
215,215,6,draft|draft_verify,62.67523765563965,83.98604393005371,0.0,299.0,11.0,70.448,70.448,146.72129038569335,66.44436349072265
215,215,7,draft|draft_verify,227.21433639526367,78.08828353881836,0.0,310.0,49.0,319.7944,319.7944,305.36265913408204,227.21433639526367
215,215,8,draft|draft_verify,105.55911064147949,92.60916709899902,0.0,359.0,24.0,158.23919999999998,158.23919999999998,198.22829694047851,105.55911064147949
215,215,9,draft|draft_verify,261.1241340637207,124.99237060546875,0.0,383.0,62.0,416.4896,416.4896,386.17655426918947,261.1241340637207
215,215,10,draft|draft_verify,53.66921424865723,125.02384185791016,0.0,445.0,12.0,80.78639999999999,125.05242020546875,178.75306570656738,125.05242020546875
215,215,11,draft|draft_verify,111.96708679199219,125.29516220092773,0.0,457.0,25.0,170.5432,295.89838220092776,237.32226899291993,250.4390336588379
216,216,1,draft|draft_verify,259.1373920440674,30.738115310668945,0.0,95.0,66.0,398.80800000000005,259.1373920440674,289.9355601547363,259.1373920440674
216,216,2,draft|draft_verify,86.16805076599121,46.68712615966797,0.0,161.0,22.0,134.9488,134.9488,132.91519452565916,86.16805076599121
216,216,3,draft|draft_verify,136.48509979248047,51.216840744018555,0.0,183.0,30.0,185.98080000000002,185.98080000000002,187.76196453649902,136.48509979248047
216,216,4,draft|draft_verify,214.31756019592285,60.70971488952637,0.0,213.0,46.0,289.528,289.528,275.08731188544925,214.31756019592285
216,216,5,draft|draft_verify,216.55559539794922,78.38678359985352,0.0,259.0,50.0,320.3984,320.3984,295.0024189978027,216.55559539794922
216,216,6,draft|draft_verify,241.94931983947754,80.10745048522949,0.0,309.0,52.0,339.48400000000004,339.48400000000004,322.116811924707,241.94931983947754
216,216,7,draft|draft_verify|target|target_rescue_verify,254.1670799255371,206.27236366271973,378.9942264556885,361.0,52.0,345.84880000000004,449.04502343135994,839.4937116439453,378.9942264556885
216,216,8,draft|draft_verify|target|target_rescue_verify,114.24064636230469,250.91814994812012,331.02965354919434,415.0,23.0,154.5392,331.02965354919434,696.2484682596191,331.02965354919434
216,216,9,draft|draft_verify,121.98233604431152,125.22125244140625,0.0,452.0,24.0,163.37279999999998,163.37279999999998,247.26360768571777,125.45907497406006
216,216,10,draft|draft_verify,147.51338958740234,126.31058692932129,0.0,476.0,31.0,213.328,213.328,273.88400131672364,147.51338958740234
216,216,11,draft|draft_verify,242.16485023498535,127.77423858642578,0.0,507.0,50.0,349.5632,349.5632,369.9991288214111,242.16485023498535
216,216,12,draft|draft_verify,234.99155044555664,131.09159469604492,0.0,557.0,50.0,355.4432,355.4432,366.1431851416015,234.99155044555664
216,216,13,draft|draft_verify,290.5120849609375,134.01031494140625,0.0,607.0,56.0,405.26,405.26,424.58244470234376,290.5120849609375
216,216,14,draft|draft_verify|target|target_rescue_verify,286.745548248291,307.9805374145508,451.8017768859863,663.0,58.0,427.5856,581.6359151072754,1046.587908948828,451.8017768859863
216,216,15,draft|draft_verify,191.32661819458008,157.32407569885254,0.0,727.0,41.0,307.1,307.1,348.7107266934326,191.32661819458008
216,216,16,draft|draft_verify|target|backtracking_verify,66.97702407836914,313.17687034606934,142.2429084777832,768.0,13.0,96.9256,314.0325540718872,522.4568133022217,314.0325540718872
216,216,17,draft|draft_verify|target|backtracking_verify,664.9177074432373,722.3937511444092,736.5100383758545,1562.0,136.0,1308.7599999999998,2218.8704413462337,2123.881605763501,1575.0281487894713
216,216,18,draft|draft_verify|target|backtracking_verify|target_rescue_verify,890.1717662811279,8581.303834915161,426.4063835144043,3370.0,160.0,2234.92,10063.425771186568,9897.942112710693,8718.677537467698
216,216,19,draft|draft_verify|target|target_rescue_verify,1627.2523403167725,2190.1543140411377,2300.347089767456,5128.0,304.0,5584.576,9509.233605877256,6117.813987325366,5551.909946194029
216,216,20,draft|draft_verify|target|target_rescue_verify,95.92080116271973,381.3629150390625,113.56997489929199,902.0,19.0,148.4368,373.2543322229594,590.9137063010742,373.2543322229594
216,216,21,draft|draft_verify,264.1284465789795,201.23958587646484,0.0,913.0,60.0,477.9288,679.2284338764648,465.42808045544433,465.42808045544433
217,217,1,draft|draft_verify|target|target_rescue_verify,312.50500679016113,100.5549430847168,387.401819229126,135.0,76.0,467.38,387.401819229126,800.5218299040039,387.401819229126
217,217,2,draft|draft_verify|target|target_rescue_verify,446.41971588134766,128.60369682312012,512.0360851287842,196.0,102.0,645.3528,709.71473001156,1087.119579433252,512.0360851287842
217,217,3,draft|draft_verify,374.575138092041,87.59641647338867,0.0,280.0,89.0,579.3944,579.3944,462.23162576542967,374.575138092041
217,217,4,draft|draft_verify,435.6100559234619,136.85297966003418,0.0,369.0,90.0,605.0304,605.0304,572.5231075834961,435.6100559234619
217,217,5,draft|draft_verify,426.9216060638428,136.8541717529297,0.0,459.0,97.0,673.708,810.6222493529297,563.8358554167725,563.8358554167725
218,218,1,draft|draft_verify,82.73077011108398,30.302762985229492,0.0,114.0,18.0,108.33840000000001,82.73077011108398,113.09354749631348,82.73077011108398
218,218,2,draft|draft_verify,73.1043815612793,30.008554458618164,0.0,132.0,18.0,109.0728,109.0728,103.17295041989746,73.1043815612793
218,218,3,draft|draft_verify,301.9366264343262,51.2394905090332,0.0,150.0,79.0,488.93440000000004,488.93440000000004,353.2361801433594,301.9366264343262
218,218,4,draft|draft_verify,106.82511329650879,60.12320518493652,0.0,229.0,26.0,163.76000000000002,163.76000000000002,167.00833928144533,106.82511329650879
218,218,5,draft|draft_verify,91.69173240661621,59.85522270202637,0.0,255.0,18.0,114.0912,114.0912,151.60696950864258,91.69173240661621
218,218,6,draft|draft_verify,379.6095848083496,78.25756072998047,0.0,273.0,79.0,511.96000000000004,511.96000000000004,457.9272087383301,379.6095848083496
218,218,7,draft|draft_verify,122.93243408203125,92.69833564758301,0.0,352.0,26.0,171.14000000000001,171.14000000000001,215.69079052961428,122.93243408203125
218,218,8,draft|draft_verify,85.71195602416992,92.3922061920166,0.0,378.0,20.0,132.49280000000002,132.49280000000002,178.16417821618654,92.75835644758301
218,218,9,draft|draft_verify,188.44962120056152,124.34577941894531,0.0,398.0,45.0,302.7048,302.7048,312.8554366195068,188.44962120056152
218,218,10,draft|draft_verify|target|target_rescue_verify,123.19159507751465,253.59416007995605,334.96928215026855,443.0,28.0,190.3336,334.96928215026855,711.8150597077392,334.96928215026855
218,218,11,draft|draft_verify,82.67045021057129,127.07090377807617,0.0,489.0,17.0,116.684,126.79708003997803,209.80136758864745,126.79708003997803
218,218,12,draft|draft_verify,198.49395751953125,136.5678310394287,0.0,506.0,42.0,292.9368,292.9368,335.12182215895996,198.49395751953125
218,218,13,draft|draft_verify|target|target_rescue_verify,106.53162002563477,257.6122283935547,267.9026126861572,548.0,25.0,175.7848,304.65093419677737,632.1064811053467,267.9026126861572
218,218,14,draft|draft_verify,68.13955307006836,128.15093994140625,0.0,585.0,14.0,98.8304,257.01706533818356,196.35050421147463,257.01706533818356
219,219,1,draft|draft_verify,254.31370735168457,51.145076751708984,0.0,136.0,61.0,374.116,254.31370735168457,305.51883290339356,254.31370735168457
219,219,2,draft|draft_verify,258.4190368652344,60.47987937927246,0.0,197.0,61.0,382.9,382.9,318.95896504450684,258.4190368652344
219,219,3,draft|draft_verify,88.93203735351562,60.591697692871094,0.0,258.0,22.0,139.8376,139.8376,149.5837526463867,88.93203735351562
219,219,4,draft|draft_verify,72.36957550048828,61.45167350769043,0.0,280.0,18.0,115.11120000000001,115.11120000000001,133.8812634081787,72.36957550048828
219,219,5,draft|draft_verify,128.36599349975586,77.95286178588867,0.0,298.0,27.0,174.41760000000002,174.41760000000002,206.37887688564453,128.36599349975586
219,219,6,draft|draft_verify,274.5225429534912,93.3380126953125,0.0,325.0,59.0,388.00640000000004,388.00640000000004,367.9206028488037,274.5225429534912
219,219,7,draft|draft_verify|target|target_rescue_verify,209.38730239868164,227.0359992980957,204.36954498291016,384.0,45.0,301.2264,414.80443564904783,640.8528826796875,322.96533804772946
219,219,8,draft|draft_verify,452.03137397766113,127.34580039978027,0.0,409.0,94.0,641.3392,641.3392,579.4372495774414,452.03137397766113
219,219,9,draft|draft_verify,363.513708114624,131.42871856689453,0.0,503.0,79.0,555.0160000000001,555.0160000000001,495.00248988151856,363.513708114624
219,219,10,draft|draft_verify,361.9375228881836,132.54141807556152,0.0,582.0,79.0,569.8048,569.8048,494.5390041637451,361.9375228881836
219,219,11,draft|draft_verify,386.4753246307373,161.13567352294922,0.0,661.0,85.0,629.7256,629.7256,547.6710661536865,386.4753246307373
219,219,12,draft|draft_verify,95.81136703491211,155.64298629760742,0.0,746.0,20.0,149.27360000000002,161.19574152294922,251.51436933251955,161.19574152294922
219,219,13,draft|draft_verify,54.40211296081543,160.8433723449707,0.0,766.0,10.0,74.0536,316.6063826425781,215.30549330578614,316.6063826425781
220,220,1,draft|draft_verify,170.33696174621582,30.18951416015625,0.0,109.0,37.0,223.396,170.33696174621582,200.58650550637208,170.33696174621582
220,220,2,draft|draft_verify,233.31308364868164,52.26421356201172,0.0,146.0,52.0,319.5328,319.5328,285.63733881069334,233.31308364868164
220,220,3,draft|draft_verify,424.06487464904785,61.318397521972656,0.0,198.0,99.0,626.472,626.472,485.4433513710205,424.06487464904785
220,220,4,draft|draft_verify,292.1640872955322,78.59277725219727,0.0,297.0,63.0,410.5008,410.5008,370.8169149477295,292.1640872955322
220,220,5,draft|draft_verify,439.0368461608887,142.5154209136963,0.0,360.0,95.0,637.2320000000001,637.2320000000001,581.6123430745849,439.0368461608887
220,220,6,draft|draft_verify|target|backtracking_verify,312.2279644012451,264.83869552612305,545.706033706665,455.0,68.0,468.9512,601.4306021630615,1122.832748034033,545.706033706665
220,220,7,draft|draft_verify|target|target_rescue_verify,183.52031707763672,259.1216564178467,441.75076484680176,523.0,39.0,273.336,441.75076484680176,884.4527695422852,441.75076484680176
220,220,8,draft|draft_verify|target|target_rescue_verify,147.74632453918457,261.54160499572754,235.6550693511963,587.0,31.0,221.32,352.15082729786377,645.0030236861085,278.57715183704835
220,220,9,draft|draft_verify|target|target_rescue_verify,60.172080993652344,264.911413192749,115.38362503051758,621.0,11.0,78.176,395.7422244906128,440.52712801691894,395.7422244906128
221,221,1,draft|draft_verify,395.27297019958496,54.10480499267578,0.0,136.0,87.0,536.4288,395.27297019958496,449.43784479226076,395.27297019958496
221,221,2,draft|draft_verify,339.01500701904297,60.518741607666016,0.0,223.0,72.0,457.41360000000003,457.41360000000003,399.593806226709,339.01500701904297
221,221,3,draft|draft_verify|target|target_rescue_verify,2081.7511081695557,243.86334419250488,479.5265197753906,295.0,485.0,3408.26,3530.2520600962525,2805.201360137451,2203.743168265808
221,221,4,draft|draft_verify,361.9065284729004,26742.28072166443,0.0,367.0,76.0,509.14,509.14,27104.247310937328,361.9065284729004
221,221,5,draft|draft_verify,157.35483169555664,202.71754264831543,0.0,443.0,24.0,162.87599999999998,26945.11834431274,360.13239354387207,26945.11834431274
222,222,1,draft|draft_verify,199.63455200195312,31.311988830566406,0.0,136.0,44.0,268.8656,199.63455200195312,231.00657603251952,199.63455200195312
222,222,2,draft|draft_verify,248.33321571350098,51.75280570983887,0.0,180.0,55.0,342.592,342.592,300.14606542333985,248.33321571350098
222,222,3,draft|draft_verify,37.66226768493652,59.62395668029785,0.0,235.0,8.0,49.9352,51.812849709838865,97.34623076523437,51.812849709838865
222,222,4,draft|draft_verify,913.3994579315186,125.76603889465332,0.0,243.0,193.0,1264.2615999999998,1264.2615999999998,1039.225651226172,913.3994579315186
222,222,5,draft|draft_verify,845.4194068908691,147.26781845092773,0.0,436.0,187.0,1309.7488,1309.7488,992.7473749417969,845.4194068908691
222,222,6,draft|draft_verify|target|target_rescue_verify,796.8189716339111,333.6811065673828,1292.4554347991943,623.0,172.0,1278.2536,1445.1542908836914,2423.0156506004882,1292.4554347991943
222,222,7,draft|draft_verify,983.6890697479248,204.1006088256836,0.0,834.0,211.0,1684.6480000000001,1684.6480000000001,1187.8498473736086,983.6890697479248
222,222,8,draft|draft_verify,61.45930290222168,212.79072761535645,0.0,1045.0,11.0,88.352,417.0115140410401,274.3100393175781,417.0115140410401
223,223,1,draft|draft_verify,399.242639541626,51.20229721069336,0.0,103.0,90.0,548.2128,399.242639541626,450.5050087523193,399.242639541626
223,223,2,draft|draft_verify,136.05904579162598,53.6038875579834,0.0,193.0,29.0,180.404,180.404,189.72295654960936,136.05904579162598
223,223,3,draft|draft_verify,576.641321182251,77.42547988891602,0.0,222.0,130.0,835.0552,835.0552,654.126905071167,576.641321182251
223,223,4,draft|draft_verify,585.6122970581055,142.08579063415527,0.0,352.0,132.0,889.0992000000001,889.0992000000001,727.7581932922608,585.6122970581055
223,223,5,draft|draft_verify,298.53343963623047,154.85668182373047,0.0,484.0,65.0,452.4344,452.4344,453.4501734599609,298.53343963623047
223,223,6,draft|draft_verify,414.9601459503174,132.16114044189453,0.0,549.0,75.0,534.6623999999999,534.6623999999999,547.1813463922119,414.9601459503174
223,223,7,draft|draft_verify,288.13695907592773,151.2315273284912,0.0,624.0,60.0,437.0064,437.0064,439.42853440441894,288.13695907592773
223,223,8,draft|draft_verify,97.4128246307373,152.2078514099121,0.0,684.0,18.0,131.5944,303.5594411384033,249.6806904406494,303.5594411384033
224,224,1,draft|draft_verify,157.70268440246582,30.881166458129883,0.0,100.0,34.0,204.4264,157.70268440246582,188.6438780605957,157.70268440246582
224,224,2,draft|draft_verify,79.3752670288086,29.324054718017578,0.0,134.0,17.0,103.05199999999999,103.05199999999999,108.75933534682618,79.3752670288086
224,224,3,draft|draft_verify,74.47123527526855,29.861927032470703,0.0,151.0,16.0,97.56400000000001,97.56400000000001,104.39317510773925,74.47123527526855
224,224,4,draft|draft_verify,72.41058349609375,45.59469223022461,0.0,167.0,16.0,98.14,98.14,118.06528852631835,72.41058349609375
224,224,5,draft|draft_verify,22.629737854003906,49.66282844543457,0.0,183.0,5.0,30.480800000000002,45.65470503022461,72.35257029943847,45.65470503022461
224,224,6,draft|draft_verify,88.15836906433105,51.64313316345215,0.0,188.0,18.0,111.3576,111.3576,139.8615166277832,88.15836906433105
224,224,7,draft|draft_verify|target|target_rescue_verify,83.79077911376953,114.84789848327637,502.95162200927734,206.0,18.0,112.09200000000001,502.95162200927734,701.6503140063232,502.95162200927734
224,224,8,draft|draft_verify|target|backtracking_verify,81.89201354980469,145.91646194458008,213.3316993713379,275.0,17.0,108.4664,213.3316993713379,441.20018846572265,213.3316993713379
224,224,9,draft|draft_verify|target|backtracking_verify,94.72155570983887,238.3716106414795,125.07772445678711,597.0,19.0,135.2608,254.50662052073972,458.2309060081055,213.96737623057862
224,224,10,draft|draft_verify|target|target_rescue_verify,608.9348793029785,414.6897792816162,526.6342163085938,921.0,127.0,1026.6928,1621.82183317959,1550.3189764931885,1204.0639124825684
224,224,11,draft|draft_verify,39.792776107788086,94.97857093811035,0.0,398.0,8.0,52.6736,82.93795585632324,134.83135344589843,82.93795585632324
224,224,12,draft|draft_verify,585.883617401123,137.0563507080078,0.0,406.0,126.0,863.94,863.94,723.0000689091308,585.883617401123
224,224,13,draft|draft_verify,25.907039642333984,136.8570327758789,0.0,532.0,5.0,33.8312,137.1164515080078,162.82407641821288,137.1164515080078
224,224,14,draft|draft_verify,468.51372718811035,130.1279067993164,0.0,537.0,99.0,706.2048,706.2048,598.7017131874268,468.51372718811035
224,224,15,draft|draft_verify,102.00953483581543,133.1014633178711,0.0,636.0,21.0,151.572,151.572,235.17101495368652,130.1879859993164
224,224,16,draft|draft_verify,83.6174488067627,152.52208709716797,0.0,657.0,17.0,123.1352,133.1614801178711,236.19954950393065,133.1614801178711
224,224,17,draft|draft_verify,53.91526222229004,152.01687812805176,0.0,674.0,11.0,79.448,152.58210069716796,205.9921491503418,152.58210069716796
224,224,18,draft|draft_verify|target|target_rescue_verify,47.46675491333008,305.94563484191895,137.44020462036133,685.0,10.0,72.304,458.08252976997073,490.91260237561033,458.08252976997073
225,225,1,draft|draft_verify,174.93247985839844,30.878782272338867,0.0,138.0,42.0,256.7256,174.93247985839844,205.8712957307373,174.93247985839844
225,225,2,draft|draft_verify,145.26915550231934,50.99964141845703,0.0,180.0,35.0,217.01600000000002,217.01600000000002,196.32882492077636,145.26915550231934
225,225,3,draft|draft_verify,244.79985237121582,60.56571006774902,0.0,215.0,56.0,353.51599999999996,353.51599999999996,305.42560723896486,244.79985237121582
225,225,4,draft|draft_verify|target|target_rescue_verify,125.7929801940918,141.0806179046631,411.06557846069336,271.0,29.0,185.6456,411.06557846069336,677.9991997594482,411.06557846069336
225,225,5,draft|draft_verify,55.623769760131836,78.27949523925781,0.0,333.0,11.0,71.264,71.264,133.96327379938964,70.54030895233154
225,225,6,draft|draft_verify,169.7235107421875,93.54305267333984,0.0,344.0,38.0,250.3544,250.3544,263.3265938155273,169.7235107421875
225,225,7,draft|draft_verify|target|backtracking_verify,58.57348442077637,185.88876724243164,107.06472396850586,382.0,12.0,79.1232,186.60747629455568,351.58698523171387,186.60747629455568
225,225,8,draft|draft_verify|target|target_rescue_verify,283.22339057922363,467.2055244445801,541.102409362793,787.0,60.0,460.0872,1081.1025960148315,1291.5913723865967,904.2387865940552
225,225,9,draft|draft_verify,81.9711685180664,124.36819076538086,0.0,431.0,17.0,114.4568,116.80138111114502,206.39937288344726,116.80138111114502
225,225,10,draft|draft_verify,150.5744457244873,126.65176391601562,0.0,448.0,32.0,218.2016,218.2016,277.28623524050295,150.5744457244873
225,225,11,draft|draft_verify,71.33674621582031,126.70493125915527,0.0,480.0,15.0,102.48,126.71178951601563,198.1016894749756,126.71178951601563
225,225,12,draft|draft_verify,157.53579139709473,144.01721954345703,0.0,495.0,32.0,221.6984,365.77564514345704,301.6130365405518,301.6130365405518
226,226,1,draft|draft_verify,154.62374687194824,29.30927276611328,0.0,105.0,34.0,204.8224,154.62374687194824,183.99304683806153,154.62374687194824
226,226,2,draft|draft_verify,121.33598327636719,30.378103256225586,0.0,139.0,27.0,164.496,164.496,151.77410813259277,121.33598327636719
226,226,3,draft|draft_verify,187.7288818359375,50.173044204711914,0.0,166.0,42.0,259.4808,259.4808,237.9619596406494,187.7288818359375
226,226,4,draft|draft_verify,465.25096893310547,79.20002937316895,0.0,208.0,102.0,648.2616,648.2616,544.5110799062744,465.25096893310547
226,226,5,draft|draft_verify,296.05865478515625,93.37878227233887,0.0,310.0,64.0,419.0704,419.0704,389.4974882574951,296.05865478515625
226,226,6,draft|draft_verify,212.310791015625,93.96862983703613,0.0,374.0,44.0,293.42719999999997,387.4558650370361,306.33945605266115,306.33945605266115
227,227,1,draft|draft_verify,148.18620681762695,21.230697631835938,0.0,74.0,33.0,196.37040000000002,148.18620681762695,169.4769308494629,148.18620681762695
227,227,2,draft|draft_verify,270.6291675567627,30.740976333618164,0.0,107.0,61.0,369.94,369.94,301.43019269038086,270.6291675567627
227,227,3,draft|draft_verify,315.8760070800781,57.96456336975098,0.0,168.0,71.0,441.728,441.728,373.9006272498291,315.8760070800781
227,227,4,draft|draft_verify,174.46184158325195,60.272216796875,0.0,239.0,35.0,221.8304,221.8304,234.79408638012694,174.46184158325195
227,227,5,draft|draft_verify,186.89513206481934,77.12888717651367,0.0,274.0,40.0,257.1184,334.3073191765137,264.084051241333,264.084051241333
228,228,1,draft|draft_verify,149.32918548583984,22.52936363220215,0.0,82.0,32.0,190.9712,149.32918548583984,171.91857471804198,149.32918548583984
228,228,2,draft|draft_verify,360.27979850769043,57.37471580505371,0.0,114.0,91.0,556.792,556.792,417.71458711274414,360.27979850769043
228,228,3,draft|draft_verify,405.41839599609375,69.45085525512695,0.0,205.0,90.0,570.0,570.0,474.9293232512207,405.41839599609375
228,228,5,draft|draft_verify,904.5567512512207,149.60050582885742,0.0,350.0,197.0,1341.7544,1341.7544,1054.217414680078,904.5567512512207
228,228,6,draft|draft_verify,335.56342124938965,132.23505020141602,0.0,547.0,84.0,599.4888,599.4888,467.85853865080566,335.56342124938965
228,228,7,draft|draft_verify,173.35247993469238,133.09025764465332,0.0,631.0,37.0,268.4968,401.64708724465333,306.5027671793457,306.5027671793457
229,229,1,draft|draft_verify,108.5963249206543,31.453609466552734,0.0,93.0,26.0,155.60000000000002,108.5963249206543,140.10995518720705,108.5963249206543
229,229,2,draft|draft_verify,63.64560127258301,31.23760223388672,0.0,119.0,13.0,78.23440000000001,78.23440000000001,94.94321390646974,63.64560127258301
229,229,3,draft|draft_verify,317.88110733032227,51.57613754272461,0.0,132.0,63.0,385.9488,385.9488,369.5172952730469,317.88110733032227
229,229,4,draft|draft_verify,540.6899452209473,63.87186050415039,0.0,195.0,87.0,548.6064,548.6064,604.6218753250977,540.6899452209473
229,229,5,draft|draft_verify,97.30243682861328,62.92390823364258,0.0,282.0,14.0,89.3768,89.3768,160.28635626225588,97.30243682861328
229,229,6,draft|draft_verify|target|target_rescue_verify,576.0416984558105,183.7599277496338,458.87136459350586,296.0,114.0,750.0936,842.0336550748169,1218.7330819989502,667.9817535306274
229,229,7,draft|draft_verify,230.76891899108887,94.23112869262695,0.0,361.0,49.0,325.6696,325.6696,325.0600868837158,230.76891899108887
229,229,8,draft|draft_verify,93.20616722106934,126.58333778381348,0.0,410.0,18.0,120.4152,247.05855218381348,219.8495194048828,220.93452007644044
230,230,1,draft|draft_verify,239.34292793273926,34.30294990539551,0.0,108.0,55.0,333.2608,239.34292793273926,273.70592183813477,239.34292793273926
230,230,2,draft|draft_verify,363.9047145843506,59.54742431640625,0.0,163.0,80.0,497.6888,497.6888,423.51220290075685,363.9047145843506
230,230,3,draft|draft_verify,117.3250675201416,61.710357666015625,0.0,243.0,27.0,170.9856,170.9856,179.09544678615723,117.3250675201416
230,230,4,draft|draft_verify,157.59921073913574,62.416791915893555,0.0,270.0,33.0,211.4232,211.4232,220.0760290550293,157.59921073913574
230,230,5,draft|draft_verify,114.33601379394531,78.85503768920898,0.0,303.0,24.0,155.148,155.148,193.2510706831543,114.33601379394531
230,230,6,draft|draft_verify,305.5086135864258,103.76191139221191,0.0,327.0,66.0,435.0,435.0,409.3305777786377,305.5086135864258
230,230,7,draft|draft_verify,79.56457138061523,104.88009452819824,0.0,393.0,16.0,106.276,106.276,184.50467870881346,103.82196419221191
230,230,8,draft|draft_verify,137.21346855163574,127.7315616607666,0.0,409.0,29.0,194.91920000000002,194.91920000000002,265.00505341240233,137.21346855163574
230,230,9,draft|draft_verify,84.19489860534668,125.94103813171387,0.0,438.0,16.0,107.896,127.7915848607666,210.19594953706053,127.7915848607666
230,230,10,draft|draft_verify,62.16621398925781,127.03561782836914,0.0,454.0,13.0,87.8824,126.00105093171386,189.26184221762696,126.00105093171386
230,230,11,draft|draft_verify,90.22688865661621,132.72571563720703,0.0,467.0,18.0,122.74080000000001,259.8813582655762,223.01261869382324,259.8813582655762
231,231,1,draft|draft_verify,74.05829429626465,21.67367935180664,0.0,94.0,16.0,95.512,74.05829429626465,95.79198644807128,74.05829429626465
231,231,2,draft|draft_verify|target|backtracking_verify,604.8431396484375,93.85013580322266,351.8853187561035,110.0,137.0,844.6424,891.6275775016113,1050.6387038077637,651.8283171500489
231,231,3,draft|draft_verify|target|target_rescue_verify,1284.1756343841553,327.3959159851074,1440.018892288208,412.0,271.0,1910.32,2875.9365999329348,3051.6506594574707,2249.79223431709
231,231,4,draft|draft_verify,181.2882423400879,68.03178787231445,0.0,261.0,36.0,230.07600000000002,230.07600000000002,249.38005901240234,181.2882423400879
231,231,5,draft|draft_verify,316.58935546875,89.15090560913086,0.0,297.0,64.0,417.1048,417.1048,405.80031227788083,316.58935546875
231,231,6,draft|draft_verify|target|target_rescue_verify,473.1588363647461,236.14954948425293,418.89357566833496,361.0,95.0,637.4576000000001,755.5924507421265,1128.262037517334,591.2936871068725
231,231,7,draft|draft_verify,120.44978141784668,126.81388854980469,0.0,427.0,23.0,155.1728,282.0467069498047,247.32368836765136,247.32368836765136
232,232,1,draft|draft_verify,203.97639274597168,31.46505355834961,0.0,110.0,45.0,272.29200000000003,203.97639274597168,235.50148230432129,203.97639274597168
232,232,2,draft|draft_verify,29.320240020751953,31.081438064575195,0.0,155.0,5.0,30.212000000000003,31.52508955834961,60.46168208532715,31.52508955834961
232,232,3,draft|draft_verify,357.0139408111572,61.20777130126953,0.0,160.0,75.0,465.576,465.576,418.2817721124268,357.0139408111572
232,232,4,draft|draft_verify,153.98478507995605,68.64547729492188,0.0,235.0,30.0,189.60000000000002,258.3055012949219,222.69028637487793,222.69028637487793
233,233,1,draft|draft_verify,153.42211723327637,35.109758377075195,0.0,85.0,39.0,233.3904,153.42211723327637,188.59190681035156,153.42211723327637
233,233,2,draft|draft_verify,235.24069786071777,34.79456901550293,0.0,124.0,56.0,341.504,341.504,270.0953116762207,235.24069786071777
233,233,3,draft|draft_verify,217.1804904937744,57.106971740722656,0.0,180.0,52.0,323.69440000000003,323.69440000000003,274.34750383449705,217.1804904937744
233,233,4,draft|draft_verify,184.94200706481934,66.89929962158203,0.0,232.0,46.0,291.58000000000004,291.58000000000004,251.90134348640137,184.94200706481934
233,233,5,draft|draft_verify,149.90878105163574,88.33122253417969,0.0,278.0,32.0,205.55360000000002,205.55360000000002,238.30002918581542,149.90878105163574
233,233,6,draft|draft_verify,119.60458755493164,82.11183547973633,0.0,310.0,27.0,175.1664,257.3382570797363,201.77644463466797,201.77644463466797
234,234,1,draft|draft_verify,147.75896072387695,26.135921478271484,0.0,83.0,29.0,173.012,147.75896072387695,173.95490540214843,147.75896072387695
234,234,2,draft|draft_verify,209.30218696594238,33.54072570800781,0.0,112.0,48.0,290.8608,290.8608,242.9029510739502,209.30218696594238
234,234,3,draft|draft_verify|target|target_rescue_verify,450.6971836090088,135.54072380065918,665.2638912200928,160.0,106.0,662.1160000000001,729.9464467003297,1251.5618834297607,665.2638912200928
234,234,4,draft|draft_verify,145.9817886352539,73.99320602416992,0.0,263.0,28.0,178.6696,178.6696,220.03501705942384,145.9817886352539
234,234,5,draft|draft_verify,191.9093132019043,87.84961700439453,0.0,291.0,41.0,265.244,265.244,279.8189630062988,191.9093132019043
234,234,6,draft|draft_verify,259.59229469299316,104.21442985534668,0.0,332.0,54.0,355.62480000000005,355.62480000000005,363.86676774833984,259.59229469299316
234,234,7,draft|draft_verify,527.4126529693604,127.80189514160156,0.0,386.0,132.0,899.7888,899.7888,655.274653710962,527.4126529693604
234,234,8,draft|draft_verify|target|backtracking_verify,254.06146049499512,275.1805782318115,190.08612632751465,518.0,62.0,436.2536,573.9039387159057,719.3882146543212,391.7117992109009
234,234,9,draft|draft_verify|target|target_rescue_verify,97.02277183532715,256.71958923339844,235.9786033630371,580.0,21.0,148.88400000000001,277.3038114166992,589.7809812317627,266.01010053260495
234,234,10,draft|draft_verify,96.7552661895752,137.8343105316162,0.0,609.0,18.0,128.5344,266.4287249316162,234.6495911211914,266.25411954831543
235,235,1,draft|draft_verify,120.71776390075684,31.146764755249023,0.0,106.0,27.0,162.4368,120.71776390075684,151.92455025600586,120.71776390075684
235,235,2,draft|draft_verify,200.77037811279297,33.995866775512695,0.0,133.0,44.0,268.556,268.556,234.82628008830565,200.77037811279297
235,235,3,draft|draft_verify,313.69709968566895,61.15317344665527,0.0,177.0,70.0,436.9072,436.9072,374.9103291323242,313.69709968566895
235,235,4,draft|draft_verify,219.59972381591797,61.875343322753906,0.0,247.0,47.0,299.64320000000004,299.64320000000004,281.53510473867186,219.59972381591797
235,235,5,draft|draft_verify,147.59540557861328,79.7731876373291,0.0,294.0,31.0,200.224,200.224,227.4286180159424,147.59540557861328
235,235,6,draft|draft_verify,133.28933715820312,77.98480987548828,0.0,325.0,26.0,169.52,247.56483067548828,211.3341678336914,211.33416783369142
236,236,1,draft|draft_verify|target|target_rescue_verify,339.28751945495605,79.0553092956543,411.8609428405762,106.0,74.0,449.8136,411.8609428405762,830.2638307911866,411.8609428405762
236,236,2,draft|draft_verify,264.589786529541,65.95516204833984,0.0,168.0,55.0,341.03679999999997,341.03679999999997,330.60499257788086,264.589786529541
236,236,3,draft|draft_verify,184.74817276000977,70.08075714111328,0.0,223.0,40.0,252.34480000000002,252.34480000000002,254.88896190112305,184.74817276000977
236,236,4,draft|draft_verify,169.74472999572754,72.4477767944336,0.0,263.0,34.0,217.33599999999998,217.33599999999998,242.25253399016114,169.74472999572754
236,236,5,draft|draft_verify,229.4323444366455,87.80527114868164,0.0,297.0,47.0,305.1632,305.1632,317.29765318532714,229.4323444366455
236,236,6,draft|draft_verify,198.75502586364746,104.37536239624023,0.0,344.0,36.0,237.048,237.048,303.1904170598877,198.75502586364746
236,236,7,draft|draft_verify,112.80488967895508,96.28009796142578,0.0,380.0,22.0,145.9864,242.32651556142577,209.14500524038084,209.14500524038084
237,237,1,draft|draft_verify,217.92101860046387,51.904916763305664,0.0,164.0,49.0,302.9752,217.92101860046387,269.88597456376954,217.92101860046387
237,237,2,draft|draft_verify|target|backtracking_verify,309.490442276001,123.59762191772461,439.36896324157715,213.0,69.0,436.452,498.3108661588623,872.5170826353028,439.36896324157715
237,237,3,draft|draft_verify|target|target_rescue_verify,1498.8548755645752,396.54016494750977,1029.4525623321533,564.0,310.0,2312.6104,3124.8020528767092,2924.907850844238,2311.046528441284
237,237,4,draft|draft_verify|target|target_rescue_verify,703.681468963623,467.5285816192627,885.037899017334,722.0,139.0,1060.0048,1853.2302969231139,2056.3080608002197,1496.906965886737
237,237,5,draft|draft_verify,535.456657409668,146.82626724243164,0.0,458.0,83.0,574.7216,574.7216,682.3429910520996,535.456657409668
237,237,7,draft|draft_verify,355.9539318084717,155.14516830444336,0.0,647.0,57.0,417.9672,417.9672,511.15914571291506,355.9539318084717
237,237,8,draft|draft_verify,124.62925910949707,154.41203117370605,0.0,704.0,25.0,184.7704,339.24245117370606,279.10131028320313,309.6772650781494
238,238,1,draft|draft_verify,154.06560897827148,29.749393463134766,0.0,104.0,34.0,204.7432,154.06560897827148,183.87502964140626,154.06560897827148
238,238,2,draft|draft_verify,143.2805061340332,36.63921356201172,0.0,138.0,26.0,158.3,158.3,179.9797404960449,143.2805061340332
238,238,3,draft|draft_verify,165.66753387451172,52.093505859375,0.0,164.0,34.0,209.49519999999998,209.49519999999998,217.82106693388673,165.66753387451172
238,238,4,draft|draft_verify,183.81190299987793,62.32452392578125,0.0,198.0,40.0,250.00480000000002,250.00480000000002,246.1964589256592,183.81190299987793
238,238,5,draft|draft_verify,81.89892768859863,65.19341468811035,0.0,238.0,17.0,107.0456,107.0456,147.15235597670898,81.89892768859863
238,238,6,draft|draft_verify,194.39053535461426,69.7176456451416,0.0,255.0,40.0,255.34000000000003,255.34000000000003,264.16821299975584,194.39053535461426
238,238,7,draft|draft_verify,57.97410011291504,82.25607872009277,0.0,295.0,11.0,70.352,152.6680875200928,140.2901876330078,152.0937651652344
239,239,1,draft|draft_verify,99.91240501403809,58.21537971496582,0.0,193.0,22.0,136.5616,99.91240501403809,158.1878023290039,99.91240501403809
239,239,2,draft|draft_verify,193.99476051330566,72.8919506072998,0.0,215.0,44.0,277.0184,277.0184,266.9467463206055,193.99476051330566
239,239,3,draft|draft_verify,172.67322540283203,68.43757629394531,0.0,259.0,37.0,236.356,236.356,241.17083129677735,172.67322540283203
239,239,4,draft|draft_verify|target|target_rescue_verify,666.475772857666,227.36859321594238,426.6383647918701,296.0,145.0,959.6536000000001,1073.3980126079714,1320.5428468654786,780.2201854656372
239,239,5,draft|draft_verify,218.6439037322998,96.28772735595703,0.0,350.0,47.0,311.0144,311.0144,314.9916686882568,218.6439037322998
239,239,6,draft|draft_verify,106.68420791625977,97.50032424926758,0.0,397.0,16.0,106.42,106.42,204.24454496552733,106.68420791625977
239,239,7,draft|draft_verify|target|target_rescue_verify,268.85008811950684,258.76736640930176,318.41325759887695,413.0,54.0,365.928,495.3717264046509,846.0907553276855,398.2938145241577
239,239,8,draft|draft_verify,174.05390739440918,127.46191024780273,0.0,459.0,36.0,246.70800000000003,246.70800000000003,301.5758464422119,174.05390739440918
239,239,9,draft|draft_verify,233.25538635253906,138.1850242614746,0.0,495.0,55.0,383.416,383.416,371.5004546140137,233.25538635253906
239,239,10,draft|draft_verify|target|target_rescue_verify,291.51296615600586,264.739990234375,343.198299407959,550.0,60.0,426.528,558.9580431171876,899.5113037983399,423.94300927319335
239,239,11,draft|draft_verify,250.00333786010742,152.6930332183838,0.0,597.0,49.0,352.8568,352.8568,402.7564102784912,250.00333786010742
239,239,12,draft|draft_verify,325.9143829345703,171.7979907989502,0.0,646.0,62.0,454.9928,454.9928,497.7724233335205,325.9143829345703
239,239,13,draft|draft_verify,242.4921989440918,157.92107582092285,0.0,708.0,50.0,373.2008,373.2008,400.4733147650146,242.4921989440918
239,239,14,draft|draft_verify|target|backtracking_verify,491.79840087890625,356.6598892211914,684.100866317749,758.0,101.0,773.78,952.1700254105957,1532.6192372178466,684.100866317749
239,239,15,draft|draft_verify|target|target_rescue_verify,786.90505027771,776.3814926147461,976.0091304779053,1721.0,161.0,1615.916,2686.266813500012,2539.355802170361,1857.2558637777222
239,239,16,draft|draft_verify,378.1585693359375,224.5621681213379,0.0,946.0,79.0,637.9456,637.9456,602.7808006572754,378.1585693359375
239,239,17,draft|draft_verify,360.156774520874,234.89093780517578,0.0,1025.0,79.0,652.7344,652.7344,595.1077755260499,360.156774520874
239,239,18,draft|draft_verify,393.79024505615234,261.4932060241699,0.0,1104.0,79.0,667.5232,667.5232,655.3435142803223,393.79024505615234
239,239,19,draft|draft_verify,410.20894050598145,260.1161003112793,0.0,1183.0,79.0,682.312,682.312,670.3851040172608,410.20894050598145
239,239,20,draft|draft_verify,387.46070861816406,282.5944423675537,0.0,1262.0,79.0,697.1008,697.1008,670.1152141857178,387.46070861816406
239,239,21,draft|draft_verify,379.8990249633789,281.93211555480957,0.0,1341.0,79.0,711.8896,711.8896,661.8912037181885,379.8990249633789
239,239,22,draft|draft_verify,398.0069160461426,315.92655181884766,0.0,1420.0,79.0,726.6784,726.6784,713.9935310649903,398.0069160461426
239,239,23,draft|draft_verify,378.76129150390625,339.71595764160156,0.0,1499.0,79.0,741.4672,741.4672,718.5373123455079,378.76129150390625
239,239,24,draft|draft_verify,367.0523166656494,336.8704319000244,0.0,1578.0,79.0,756.256,756.256,703.9828117656739,367.0523166656494
239,239,25,draft|draft_verify,405.29537200927734,367.1538829803467,0.0,1657.0,79.0,771.0448,771.0448,772.5093181896241,405.29537200927734
239,239,26,draft|draft_verify,430.647611618042,397.68433570861816,0.0,1736.0,79.0,785.8335999999999,785.8335999999999,828.3920105266602,430.647611618042
239,239,27,draft|draft_verify,325.822114944458,396.99554443359375,0.0,1815.0,79.0,800.6224,800.6224,722.8777225780518,397.74439890861817
239,239,28,draft|draft_verify,384.0205669403076,405.0633907318115,0.0,1894.0,79.0,815.4112,815.4112,789.1440208721192,397.05560763359375
239,239,29,draft|draft_verify,390.15889167785645,433.11214447021484,0.0,1973.0,79.0,830.2,1263.372207670215,823.3310993480713,838.2956616020264
240,240,1,draft|draft_verify,205.60169219970703,78.57823371887207,0.0,328.0,42.0,275.4216,205.60169219970703,284.2399595185791,205.60169219970703
240,240,2,draft|draft_verify,553.9376735687256,127.03442573547363,0.0,370.0,132.0,894.7584,894.7584,681.0322049041993,553.9376735687256
240,240,3,draft|draft_verify|target|target_rescue_verify,201.77483558654785,288.7578010559082,362.8056049346924,502.0,40.0,278.4592,422.8981325279541,853.3982735771484,362.8056049346924
240,240,4,draft|draft_verify|target|target_rescue_verify,488.116979598999,260.84136962890625,460.8914852142334,546.0,99.0,708.3216,838.8023640144531,1209.9099136421387,618.5977436134522
240,240,5,draft|draft_verify,207.96871185302734,135.04910469055176,0.0,619.0,44.0,318.71119999999996,318.71119999999996,343.0778517435791,207.96871185302734
240,240,6,draft|draft_verify,153.17082405090332,152.70113945007324,0.0,663.0,27.0,197.1936,349.9547610500732,305.9319851009766,305.9319851009766
241,241,1,draft|draft_verify,402.738094329834,54.35633659362793,0.0,108.0,79.0,481.07200000000006,402.738094329834,457.1544941234619,402.738094329834
241,241,2,draft|draft_verify|target|backtracking_verify,33.013105392456055,117.11931228637695,235.47601699829102,187.0,6.0,36.72,235.47601699829102,385.668439477124,235.47601699829102
241,241,3,draft|draft_verify|target|target_rescue_verify|backtracking_verify,489.21799659729004,262.59803771972656,1028.5413265228271,408.0,95.0,648.0608000000001,1359.3400675512084,1780.4174368398437,1200.4972641484985
241,241,4,draft|draft_verify|target|target_rescue_verify,572.7090835571289,633.5766315460205,12219.196081161499,499.0,108.0,761.9304000000001,12219.196081161499,13425.54188266465,12219.196081161499
241,241,5,draft|draft_verify,679.8622608184814,125.13041496276855,0.0,270.0,164.0,1079.0624,1079.0624,805.05280698125,679.8622608184814
241,241,6,draft|draft_verify,514.3373012542725,146.37279510498047,0.0,434.0,99.0,681.9792,681.9792,660.770175559253,514.3373012542725
241,241,7,draft|draft_verify,99.48849678039551,144.60444450378418,0.0,533.0,16.0,111.316,291.09733160876465,244.15295408417967,291.09733160876465
242,242,1,draft|draft_verify,192.0769214630127,54.7947883605957,0.0,194.0,35.0,218.1584,192.0769214630127,246.9317378236084,192.0769214630127
242,242,2,draft|draft_verify|target|target_rescue_verify,1003.7386417388916,12282.191276550293,374.54676628112793,229.0,191.0,1244.3120000000001,7385.467791075146,13660.536837370313,7144.894432814038
242,242,3,draft|draft_verify,234.44890975952148,86.71998977661133,0.0,284.0,50.0,323.3384,6141.0956382751465,321.22893953613277,6141.0956382751465
242,242,4,draft|draft_verify,289.87669944763184,100.14843940734863,0.0,334.0,60.0,395.9424,395.9424,390.08518685498046,289.87669944763184
242,242,5,draft|draft_verify,360.63289642333984,127.45285034179688,0.0,394.0,78.0,527.7384000000001,527.7384000000001,488.1458091651367,360.63289642333984
242,242,6,draft|draft_verify|target|backtracking_verify,371.0198402404785,284.7750186920166,383.18800926208496,472.0,74.0,513.9368,656.3843685460083,1039.0429273945801,513.4674087864869
242,242,7,draft|draft_verify|target|target_rescue_verify,1192.9428577423096,418.46299171447754,596.2133407592773,1075.0,272.0,2348.9144,2558.2061134572386,2207.6794078160647,1402.2345711995483
242,242,8,draft|draft_verify,432.79194831848145,133.99672508239746,0.0,583.0,95.0,687.5408,687.5408,566.8487494008789,432.79194831848145
242,242,9,draft|draft_verify|target|target_rescue_verify,649.4541168212891,351.6049385070801,823.662281036377,678.0,149.0,1122.548,1298.41058845354,1824.781455564746,825.3167052748291
242,242,10,draft|draft_verify,246.32596969604492,179.6278953552246,0.0,812.0,53.0,408.8648,408.8648,426.0139074512695,246.32596969604492
242,242,11,draft|draft_verify|target|backtracking_verify,373.1415271759033,374.5157718658447,206.19535446166992,865.0,80.0,630.788,818.1059499329224,953.912717503418,560.4594771088257
242,242,12,draft|draft_verify|target|target_rescue_verify,491.87707901000977,424.41368103027344,367.83337593078613,945.0,107.0,868.1984,1292.6721666302735,1284.1842215710694,916.3508456402832
243,243,1,draft|draft_verify,119.79484558105469,32.3333740234375,0.0,118.0,20.0,120.63680000000001,119.79484558105469,152.1882356044922,119.79484558105469
243,243,2,draft|draft_verify,165.98844528198242,32.12928771972656,0.0,138.0,36.0,219.74400000000003,219.74400000000003,198.17776180170898,165.98844528198242
243,243,3,draft|draft_verify,78.64069938659668,51.662445068359375,0.0,174.0,17.0,104.588,104.588,130.36315805495605,78.64069938659668
243,243,4,draft|draft_verify,191.02168083190918,59.4329833984375,0.0,191.0,43.0,268.24,268.24,250.5146986303467,191.02168083190918
243,243,5,draft|draft_verify,100.71563720703125,61.74874305725098,0.0,234.0,21.0,132.276,194.084759857251,162.52439706428223,162.52439706428223
244,244,1,draft|draft_verify,114.12882804870605,47.29461669921875,0.0,161.0,25.0,153.4936,114.12882804870605,161.4834647479248,114.12882804870605
244,244,2,draft|draft_verify,137.1164321899414,58.937788009643555,0.0,186.0,31.0,192.448,192.448,196.11424499958497,137.1164321899414
244,244,3,draft|draft_verify|target|target_rescue_verify,107.17463493347168,137.176513671875,255.45001029968262,217.0,23.0,144.0848,255.45001029968262,499.8611773050293,255.45001029968262
244,244,4,draft|draft_verify,103.33967208862305,73.34756851196289,0.0,252.0,16.0,101.2,101.2,176.74725340058592,103.33967208862305
244,244,5,draft|draft_verify,165.34161567687988,68.80378723144531,0.0,268.0,31.0,198.352,198.352,234.2054277083252,165.34161567687988
244,244,6,draft|draft_verify,37.12201118469238,88.30976486206055,0.0,299.0,7.0,44.536,68.8638120314453,125.49178164675293,68.8638120314453
244,244,7,draft|draft_verify,106.04238510131836,78.09877395629883,0.0,306.0,24.0,155.31359999999998,155.31359999999998,184.2011782576172,106.04238510131836
244,244,8,draft|draft_verify,92.6976203918457,79.48946952819824,0.0,330.0,17.0,110.5784,110.5784,172.24710352004394,92.6976203918457
244,244,9,draft|draft_verify,124.10855293273926,97.79548645019531,0.0,347.0,23.0,150.9488,248.8043048501953,221.96405778293456,221.96405778293456
245,245,1,draft|draft_verify,161.17024421691895,35.01701354980469,0.0,121.0,36.0,218.316,161.17024421691895,196.24728656672363,161.17024421691895
245,245,2,draft|draft_verify|target|target_rescue_verify,238.21020126342773,103.38664054870605,244.1105842590332,157.0,54.0,333.36480000000006,385.1181634743531,585.767469271167,289.96356473778076
245,245,3,draft|draft_verify,164.16192054748535,51.85127258300781,0.0,190.0,37.0,230.3944,230.3944,216.07322273049317,164.16192054748535
245,245,4,draft|draft_verify,861.2256050109863,104.36868667602539,0.0,227.0,186.0,1209.72,1209.72,965.6544404870117,861.2256050109863
245,245,5,draft|draft_verify,51.01370811462402,104.77447509765625,0.0,413.0,11.0,73.184,104.42883547602538,155.84819201228026,104.42883547602538
245,245,6,draft|draft_verify,29.349803924560547,127.08544731140137,0.0,424.0,5.0,32.7944,231.97993520905763,156.4952552359619,231.97993520905763
246,246,1,draft|draft_verify,293.8404083251953,51.35345458984375,0.0,143.0,75.0,462.5568,293.8404083251953,345.2539229150391,293.8404083251953
246,246,2,draft|draft_verify,48.140764236450195,53.66325378417969,0.0,218.0,10.0,62.216800000000006,62.216800000000006,101.8640260206299,51.41351458984375
246,246,3,draft|draft_verify,510.8346939086914,97.03540802001953,0.0,228.0,111.0,711.9839999999999,711.9839999999999,607.930190728711,510.8346939086914
246,246,4,draft|draft_verify,589.5051956176758,145.19810676574707,0.0,339.0,114.0,761.7552000000001,761.7552000000001,734.7633935834228,589.5051956176758
246,246,5,draft|draft_verify,478.1777858734131,128.38506698608398,0.0,453.0,114.0,792.672,792.672,606.6229440594971,478.1777858734131
246,246,6,draft|draft_verify,519.8783874511719,134.7060203552246,0.0,567.0,112.0,808.8471999999999,808.8471999999999,654.6444974063965,519.8783874511719
246,246,7,draft|draft_verify,102.42486000061035,154.62636947631836,0.0,679.0,20.0,146.2184,300.90478547631835,257.11124547692873,289.45249543154296
247,247,1,draft|draft_verify,73.9600658416748,29.55341339111328,0.0,120.0,16.0,96.44800000000001,73.9600658416748,103.57349203278808,73.9600658416748
247,247,2,draft|draft_verify,201.33495330810547,46.994924545288086,0.0,136.0,45.0,275.0376,275.0376,248.38991385339355,201.33495330810547
247,247,3,draft|draft_verify,59.48185920715332,50.36520957946777,0.0,181.0,13.0,80.02000000000001,80.02000000000001,109.9070791866211,59.48185920715332
247,247,4,draft|draft_verify,144.97852325439453,55.88579177856445,0.0,194.0,32.0,199.304,199.304,200.92434063295897,144.97852325439453
247,247,5,draft|draft_verify,244.63820457458496,62.332868576049805,0.0,226.0,52.0,329.32480000000004,329.32480000000004,307.03111475063474,244.63820457458496
247,247,6,draft|draft_verify,103.52730751037598,61.112403869628906,0.0,278.0,22.0,140.8456,140.8456,164.69972898000486,103.52730751037598
247,247,7,draft|draft_verify,212.2173309326172,80.97124099731445,0.0,300.0,46.0,298.92400000000004,298.92400000000004,293.2486087299317,212.2173309326172
247,247,8,draft|draft_verify,199.97429847717285,97.95808792114258,0.0,346.0,39.0,257.1936,257.1936,297.99241759831546,199.97429847717285
247,247,9,draft|draft_verify,290.18688201904297,126.65700912475586,0.0,385.0,53.0,355.5752,355.5752,416.9039335437988,290.18688201904297
247,247,10,draft|draft_verify,103.8661003112793,135.1335048675537,0.0,438.0,22.0,148.9096,148.9096,239.059622778833,126.71705152475586
247,247,11,draft|draft_verify,182.20138549804688,128.04436683654785,0.0,460.0,41.0,281.468,281.468,310.3057851345947,182.20138549804688
247,247,12,draft|draft_verify,338.7939929962158,128.3125877380371,0.0,501.0,70.0,490.5616,490.5616,467.1666367342529,338.7939929962158
247,247,13,draft|draft_verify,361.419677734375,135.50758361816406,0.0,571.0,73.0,523.996,523.996,496.98731975253907,361.419677734375
247,247,14,draft|draft_verify,106.84013366699219,134.23609733581543,0.0,644.0,18.0,129.9624,269.8637537539795,241.13624540280762,269.8637537539795
248,248,1,draft|draft_verify,205.51276206970215,62.783241271972656,0.0,224.0,37.0,233.332,205.51276206970215,268.3560329416748,205.51276206970215
248,248,2,draft|draft_verify,275.0964164733887,64.62240219116211,0.0,261.0,46.0,294.712,294.712,339.77885546455076,275.0964164733887
248,248,3,draft|draft_verify,369.28820610046387,93.40023994445801,0.0,307.0,80.0,524.9912,524.9912,462.7485100449219,369.28820610046387
248,248,4,draft|draft_verify,71.79093360900879,93.66607666015625,0.0,387.0,16.0,106.06,106.06,165.51702306916502,93.460303944458
248,248,5,draft|draft_verify,83.91857147216797,93.63651275634766,0.0,403.0,17.0,113.38159999999999,113.38159999999999,177.61509782851562,93.72608946015625
248,248,6,draft|draft_verify,139.64390754699707,126.07026100158691,0.0,420.0,29.0,195.6584,195.6584,265.774191748584,139.64390754699707
248,248,7,draft|draft_verify,135.6332302093506,125.66184997558594,0.0,449.0,31.0,211.384,211.384,261.35510498493653,135.6332302093506
248,248,8,draft|draft_verify,32.68694877624512,125.66947937011719,0.0,480.0,7.0,47.1424,251.45135974570312,158.41643374636232,251.45135974570312
249,249,2,draft|draft_verify,63.81845474243164,58.296918869018555,0.0,198.0,14.0,86.756,63.81845474243164,122.17538481145019,63.81845474243164
249,249,3,draft|draft_verify,95.91889381408691,58.10737609863281,0.0,212.0,22.0,137.5192,137.5192,154.0862875127197,95.91889381408691
249,249,4,draft|draft_verify,97.13506698608398,67.56734848022461,0.0,234.0,21.0,132.276,132.276,164.7624322663086,97.13506698608398
249,249,5,draft|draft_verify,40.940284729003906,65.16861915588379,0.0,255.0,7.0,43.9024,67.62736528022461,106.16890948488769,67.62736528022461
249,249,6,draft|draft_verify,174.31950569152832,61.33127212524414,0.0,262.0,31.0,197.92,197.92,235.71080261677247,174.31950569152832
249,249,7,draft|draft_verify|target|backtracking_verify,275.1810550689697,173.65217208862305,468.5993194580078,293.0,62.0,403.3136,490.19973564431155,917.4925962156005,468.5993194580078
249,249,8,draft|draft_verify|target|target_rescue_verify,932.1959018707275,334.4149589538574,393.81885528564453,725.0,164.0,1257.0584,1424.3260106769285,1660.4898473102294,1099.4635125476561
249,249,9,draft|draft_verify|target|target_rescue_verify|backtracking_verify,766.6816711425781,548.0804443359375,893.2771682739258,871.0,132.0,1052.2728,1910.031822988916,2208.0993893524414,1624.4406941314942
249,249,10,draft|draft_verify|target|backtracking_verify,457.28492736816406,394.5620059967041,427.7987480163574,1050.0,91.0,758.968,956.3090757983521,1279.7057541812255,654.626003166516
249,249,11,draft|draft_verify|target|target_rescue_verify|backtracking_verify,174.47710037231445,654.2551517486572,429.05521392822266,1723.0,31.0,303.11199999999997,1041.103753163037,1257.8474908491944,935.2727561613892
249,249,12,draft|draft_verify|target|target_rescue_verify|backtracking_verify,298.42257499694824,788.5308265686035,817.847490310669,1749.0,65.0,646.7384,1849.1391343476157,1904.8609438762207,1500.8233093445638
249,249,13,draft|draft_verify|target|target_rescue_verify,138.41557502746582,795.0589656829834,290.722131729126,1854.0,27.0,271.512,1127.9359141552368,1224.2566940395752,994.8394891827027
249,249,14,draft|draft_verify|target|target_rescue_verify,210.41393280029297,266.13521575927734,305.6011199951172,614.0,44.0,318.1952,584.3904509592774,782.2103037546875,476.6091837595703
250,250,1,draft|draft_verify,440.37675857543945,60.880422592163086,0.0,213.0,96.0,610.548,440.37675857543945,501.31725796760253,440.37675857543945
250,250,2,draft|draft_verify,281.984806060791,79.21433448791504,0.0,309.0,61.0,399.02799999999996,399.02799999999996,361.25918934870606,281.984806060791
250,250,3,draft|draft_verify,92.85950660705566,104.35819625854492,0.0,370.0,19.0,125.45439999999999,125.45439999999999,197.2777180656006,92.85950660705566
250,250,4,draft|draft_verify,35.88414192199707,98.57726097106934,0.0,389.0,7.0,45.832,104.41821145854492,134.52140849306642,104.41821145854492
250,250,5,draft|draft_verify,41.79191589355469,96.00281715393066,0.0,396.0,5.0,32.525600000000004,194.700087725,137.85473704748534,194.700087725
251,251,1,draft|draft_verify,125.42152404785156,55.1905632019043,0.0,168.0,27.0,166.30560000000003,125.42152404785156,180.67210884975586,125.42152404785156
251,251,2,draft|draft_verify,116.82009696960449,52.143096923828125,0.0,195.0,25.0,155.452,155.452,169.02321389343263,116.82009696960449
251,251,3,draft|draft_verify|target|target_rescue_verify,379.52733039855957,134.1073513031006,366.3170337677002,220.0,82.0,521.4184,588.5321412515503,880.0117810693603,446.6410716501099
251,251,4,draft|draft_verify,304.5327663421631,85.70528030395508,0.0,269.0,65.0,419.41040000000004,419.41040000000004,390.29809864611815,304.5327663421631
251,251,5,draft|draft_verify,246.9494342803955,103.73163223266602,0.0,334.0,54.0,355.8792,355.8792,350.7411097130615,246.9494342803955
251,251,6,draft|draft_verify|target|target_rescue_verify,314.3181800842285,280.1392078399658,381.3824653625488,388.0,68.0,458.1776,598.3072583199829,975.8999076867432,454.44783840421144
251,251,7,draft|draft_verify,206.37059211730957,138.46588134765625,0.0,443.0,41.0,279.836,279.836,344.8965062649658,206.37059211730957
251,251,8,draft|draft_verify,74.86653327941895,134.64856147766113,0.0,484.0,13.0,88.74640000000001,273.2344860253174,209.5751051570801,273.2344860253174
252,252,1,draft|draft_verify,190.1416778564453,59.48328971862793,0.0,197.0,42.0,262.5312,190.1416778564453,249.68500117507324,190.1416778564453
252,252,2,draft|draft_verify,112.7479076385498,61.50627136230469,0.0,239.0,25.0,157.9864,157.9864,174.3141990008545,112.7479076385498
252,252,3,draft|draft_verify|target|target_rescue_verify,709.1984748840332,172.7151870727539,342.2281742095947,264.0,148.0,968.7664,1055.184111936377,1224.2019545663818,795.6161868204101
252,252,4,draft|draft_verify,648.5929489135742,132.521390914917,0.0,314.0,130.0,863.5384,863.5384,781.1744438284912,648.5929489135742
252,252,5,draft|draft_verify,168.7941551208496,127.38513946533203,0.0,444.0,36.0,245.448,245.448,296.23932338618164,168.7941551208496
252,252,6,draft|draft_verify|target|target_rescue_verify,586.3480567932129,263.3967399597168,1344.0921306610107,480.0,136.0,958.192,1344.0921306610107,2193.8970362139403,1344.0921306610107
252,252,7,draft|draft_verify,197.24011421203613,153.7916660308838,0.0,652.0,36.0,262.92,262.92,351.0918090429199,197.24011421203613
252,252,8,draft|draft_verify,41.00227355957031,159.90376472473145,0.0,688.0,7.0,50.1376,313.81546515561524,200.96604388430177,313.81546515561524
253,253,1,draft|draft_verify,375.14185905456543,60.256004333496094,0.0,165.0,84.0,523.3944,375.14185905456543,435.4579305880615,375.14185905456543
253,253,2,draft|draft_verify,180.4523468017578,59.93318557739258,0.0,249.0,39.0,248.34720000000002,248.34720000000002,240.4455635791504,180.4523468017578
253,253,3,draft|draft_verify,260.01882553100586,78.26709747314453,0.0,288.0,56.0,363.152,363.152,338.3459678041504,260.01882553100586
253,253,4,draft|draft_verify,505.0969123840332,135.77842712402344,0.0,344.0,109.0,728.9512,728.9512,640.9354267080566,505.0969123840332
253,253,5,draft|draft_verify|target|target_rescue_verify,466.400146484375,266.9236660003662,671.6852188110352,453.0,100.0,693.5128,827.034713000183,1405.0691112957763,671.6852188110352
253,253,6,draft|draft_verify|target|target_rescue_verify,1783.172369003296,336.48204803466797,744.4117069244385,558.0,384.0,2893.56,3061.861331217334,2864.1264311624022,1951.4737002206298
253,253,7,draft|draft_verify,650.371789932251,159.60931777954102,0.0,678.0,123.0,922.5455999999999,922.5455999999999,810.041206111792,650.371789932251
253,253,8,draft|draft_verify,72.60274887084961,176.15008354187012,0.0,801.0,13.0,97.876,335.87951012141116,248.81284281271974,335.87951012141116
254,254,1,draft|draft_verify,181.58793449401855,31.522035598754883,0.0,132.0,40.0,243.82720000000003,181.58793449401855,213.17000209277344,181.58793449401855
254,254,2,draft|draft_verify,71.80428504943848,52.631378173828125,0.0,172.0,16.0,98.32000000000001,98.32000000000001,124.4956760232666,71.80428504943848
254,254,3,draft|draft_verify,80.63578605651855,51.54061317443848,0.0,188.0,19.0,117.592,117.592,132.23641443095704,80.63578605651855
254,254,4,draft|draft_verify,88.32883834838867,52.31475830078125,0.0,207.0,19.0,118.4128,118.4128,140.70361184916993,88.32883834838867
254,254,5,draft|draft_verify,113.07764053344727,60.797691345214844,0.0,226.0,25.0,157.2376,157.2376,173.93535187866212,113.07764053344727
254,254,6,draft|draft_verify,90.38329124450684,60.6687068939209,0.0,251.0,19.0,120.31360000000001,120.31360000000001,151.11201333842774,90.38329124450684
254,254,7,draft|draft_verify,23.928403854370117,60.024261474609375,0.0,270.0,5.0,31.316000000000003,60.7287220939209,84.01266932897948,60.7287220939209
254,254,8,draft|draft_verify,73.5018253326416,27545.934677124023,0.0,275.0,15.0,95.59200000000001,95.59200000000001,27619.496514456667,73.5018253326416
254,254,9,draft|draft_verify,126.10888481140137,113.7394905090332,0.0,290.0,19.0,121.9984,27545.994689124025,239.90839052043458,27545.994689124025
254,254,10,draft|draft_verify,72.65233993530273,84.90562438964844,0.0,309.0,15.0,96.73440000000001,113.7995057090332,157.61797632495117,113.7995057090332
254,254,11,draft|draft_verify,25.872468948364258,77.6822566986084,0.0,324.0,5.0,31.834400000000002,84.96563638964844,103.61472964697265,84.96563638964844
254,254,12,draft|draft_verify,51.328420639038086,77.51250267028809,0.0,329.0,10.0,64.6144,77.7422606986084,128.90093130932618,77.7422606986084
254,254,13,draft|draft_verify,88.16337585449219,92.82350540161133,0.0,339.0,16.0,104.33200000000001,104.33200000000001,181.0468940561035,88.16337585449219
254,254,14,draft|draft_verify|target|backtracking_verify,83.56475830078125,187.96539306640625,99.90167617797852,355.0,17.0,111.5384,205.58111013320314,371.491841145166,186.92622833481445
254,254,15,draft|draft_verify|target|backtracking_verify,826.671838760376,347.123384475708,148.47970008850098,736.0,174.0,1340.4696,1514.091431437854,1322.3350625245848,1000.29367019823
254,254,16,draft|draft_verify|target|target_rescue_verify|backtracking_verify,256.63161277770996,698.7740993499756,571.1450576782227,1297.0,53.0,469.3928,1432.5279636437947,1526.6108122059081,1219.7667764215048
254,254,17,draft|draft_verify|target|target_rescue_verify|backtracking_verify,1158.1861972808838,933.0606460571289,1375.0927448272705,1742.0,250.0,2550.7191999999995,4267.274164600481,3466.399788165283,2874.741161881365
254,254,18,draft|draft_verify|target|target_rescue_verify,983.2940101623535,782.7250957489014,1124.0384578704834,1598.0,207.0,2029.4016000000001,3431.0916506377403,2890.117729381738,2384.9840608000936
254,254,19,draft|draft_verify,61.920166015625,133.18443298339844,0.0,585.0,10.0,70.144,263.69862360821537,195.16460699902345,263.69862360821537
255,255,1,draft|draft_verify,63.57216835021973,26.998281478881836,0.0,94.0,13.0,77.51440000000001,63.57216835021973,90.63046022910157,63.57216835021973
255,255,2,draft|draft_verify,103.44386100769043,43.598175048828125,0.0,107.0,22.0,132.2272,132.2272,147.10205365651854,103.44386100769043
255,255,3,draft|draft_verify,99.6999740600586,31.327486038208008,0.0,129.0,21.0,127.236,127.236,131.0874768982666,99.6999740600586
255,255,4,draft|draft_verify,43.66898536682129,30.457258224487305,0.0,150.0,9.0,54.626400000000004,54.626400000000004,74.1862507913086,43.66898536682129
255,255,5,draft|draft_verify,199.1100311279297,51.163434982299805,0.0,159.0,44.0,271.2392,271.2392,250.33350131022948,199.1100311279297
255,255,6,draft|draft_verify,89.14017677307129,51.17654800415039,0.0,203.0,18.0,111.96960000000001,163.2061624041504,140.37673917722168,140.37673917722168
256,256,1,draft|draft_verify,280.02452850341797,31.856060028076172,0.0,116.0,64.0,389.7376,280.02452850341797,311.9406397314941,280.02452850341797
256,256,2,draft|draft_verify|target|backtracking_verify,157.5024127960205,116.67585372924805,208.08792114257812,180.0,37.0,229.5304,287.928356464624,482.3262172678467,215.90036926064454
256,256,3,draft|draft_verify|target|target_rescue_verify,226.85885429382324,199.73158836364746,168.2116985321045,425.0,54.0,367.4544,467.38023738182375,594.8621843895752,326.78469167564697
256,256,4,draft|draft_verify|target|target_rescue_verify,258.92138481140137,157.029390335083,474.9917984008789,236.0,58.0,369.172,474.9917984008789,891.0026199473632,474.9917984008789
256,256,5,draft|draft_verify,455.707311630249,104.44450378417969,0.0,311.0,104.0,686.6936000000001,686.6936000000001,560.2118986144287,455.707311630249
256,256,6,draft|draft_verify,307.19947814941406,146.96860313415527,0.0,415.0,64.0,434.9464,434.9464,454.2281324835693,307.19947814941406
256,256,7,draft|draft_verify|target|target_rescue_verify,583.2364559173584,259.3362331390381,182.23905563354492,479.0,122.0,857.096,986.8242141695191,1024.8718422899415,712.9646700868775
256,256,8,draft|draft_verify,247.4365234375,128.32236289978027,0.0,501.0,56.0,391.268,391.268,375.8189311372803,247.4365234375
256,256,9,draft|draft_verify,309.8714351654053,132.54117965698242,0.0,557.0,68.0,485.3528,485.3528,442.4726692223877,309.8714351654053
256,256,10,draft|draft_verify,193.76730918884277,132.94291496276855,0.0,625.0,42.0,304.6464,304.6464,326.7702577516113,193.76730918884277
256,256,11,draft|draft_verify,433.84313583374023,156.46958351135254,0.0,667.0,93.0,691.3608,691.3608,590.3727937450928,433.84313583374023
256,256,12,draft|draft_verify,429.0194511413574,183.08043479919434,0.0,760.0,93.0,711.8952,711.8952,612.1599603405518,429.0194511413574
256,256,13,draft|draft_verify,430.49097061157227,202.08477973937988,0.0,853.0,93.0,732.4296,732.4296,632.6358247509522,430.49097061157227
256,256,14,draft|draft_verify,452.0535469055176,210.30783653259277,0.0,946.0,95.0,769.4336000000001,769.4336000000001,662.4214594381103,452.0535469055176
256,256,15,draft|draft_verify,550.971508026123,240.92340469360352,0.0,1041.0,116.0,969.164,969.164,791.9550055197266,550.971508026123
256,256,16,draft|draft_verify,610.4846000671387,265.6588554382324,0.0,1157.0,118.0,1018.7728,1018.7728,876.2035499053711,610.4846000671387
256,256,17,draft|draft_verify,583.8515758514404,281.85582160949707,0.0,1275.0,119.0,1060.9904000000001,1060.9904000000001,865.7674926609375,583.8515758514404
256,256,18,draft|draft_verify,513.9715671539307,320.5540180206299,0.0,1394.0,115.0,1057.2304,1057.2304,834.5856771745606,513.9715671539307
256,256,19,draft|draft_verify,89.18476104736328,323.61578941345215,0.0,1509.0,17.0,155.85199999999998,644.289913034082,412.8605640608154,644.289913034082
257,257,1,draft|draft_verify,242.50221252441406,29.710769653320312,0.0,94.0,54.0,325.35120000000006,242.50221252441406,272.27302537773437,242.50221252441406
257,257,2,draft|draft_verify,141.45159721374512,31.215429306030273,0.0,148.0,32.0,195.8816,195.8816,172.72705211977538,141.45159721374512
257,257,3,draft|draft_verify,276.536226272583,59.63730812072754,0.0,180.0,62.0,386.7704,386.7704,336.23358399331056,276.536226272583
257,257,4,draft|draft_verify,180.29379844665527,61.23805046081543,0.0,242.0,39.0,247.7088,247.7088,241.5918801074707,180.29379844665527
257,257,5,draft|draft_verify,153.67579460144043,77.76093482971191,0.0,281.0,33.0,212.26800000000003,212.26800000000003,231.49675583115234,153.67579460144043
257,257,6,draft|draft_verify,448.4062194824219,104.54273223876953,0.0,314.0,93.0,613.4184,613.4184,553.0090261211915,448.4062194824219
257,257,7,draft|draft_verify,114.61067199707031,135.3163719177246,0.0,407.0,22.0,147.3472,282.7235895177246,249.9870615147949,249.98706151479493
258,258,1,draft|draft_verify,98.67286682128906,53.67851257324219,0.0,170.0,23.0,141.60320000000002,98.67286682128906,152.41139779453124,98.67286682128906
258,258,2,draft|draft_verify|target|target_rescue_verify,301.46050453186035,139.1005516052246,731.8859100341797,193.0,65.0,407.7368,731.8859100341797,1172.5070181712647,731.8859100341797
258,258,3,draft|draft_verify,133.06021690368652,82.11541175842285,0.0,309.0,30.0,194.7504,194.7504,215.23565266210937,133.06021690368652
258,258,4,draft|draft_verify,132.16686248779297,103.47223281860352,0.0,339.0,30.0,196.8384,196.8384,235.69911930639648,132.16686248779297
258,258,5,draft|draft_verify,331.0260772705078,131.84642791748047,0.0,369.0,67.0,448.336,448.336,462.9325587879883,331.0260772705078
258,258,6,draft|draft_verify,135.36405563354492,125.62251091003418,0.0,436.0,29.0,196.7336,196.7336,261.0465897435791,135.36405563354492
258,258,7,draft|draft_verify,145.34425735473633,127.34746932983398,0.0,465.0,30.0,205.608,205.608,272.7517506845703,145.34425735473633
258,258,8,draft|draft_verify,526.7593860626221,128.52072715759277,0.0,495.0,111.0,782.472,782.472,655.3402020202149,526.7593860626221
258,258,9,draft|draft_verify,501.53279304504395,155.2906036376953,0.0,606.0,108.0,789.408,789.408,656.8834830827393,501.53279304504395
258,258,10,draft|draft_verify|target|target_rescue_verify,506.7934989929199,357.70726203918457,706.8588733673096,714.0,99.0,747.8352,926.7489102195923,1571.419713599414,706.8588733673096
258,258,11,draft|draft_verify|target|target_rescue_verify,671.7414855957031,388.08417320251465,570.8200931549072,825.0,130.0,1021.744,1215.8461906012574,1630.7058559531251,865.8436761969605
258,258,12,draft|draft_verify,151.73625946044922,201.0657787322998,0.0,913.0,27.0,212.79360000000003,413.9194003322998,352.86205979274905,395.16788693355716
259,259,1,draft|draft_verify,132.22408294677734,50.64749717712402,0.0,163.0,29.0,178.388,132.22408294677734,182.93160332390136,132.22408294677734
259,259,2,draft|draft_verify,435.23597717285156,61.65671348571777,0.0,192.0,100.0,631.4992,631.4992,496.95277065856936,435.23597717285156
259,259,3,draft|draft_verify,217.9572582244873,78.68576049804688,0.0,292.0,45.0,291.51120000000003,291.51120000000003,296.70305472253415,217.9572582244873
259,259,4,draft|draft_verify|target|target_rescue_verify,260.6830596923828,199.6302604675293,405.4453372955322,337.0,55.0,362.93919999999997,462.8143742337646,865.8187014554444,405.4453372955322
259,259,5,draft|draft_verify,185.5454444885254,95.59321403503418,0.0,391.0,39.0,261.2976,261.2976,281.1986897235596,185.5454444885254
259,259,6,draft|draft_verify,163.28167915344238,134.75370407104492,0.0,430.0,33.0,223.71120000000002,223.71120000000002,298.0954096244873,163.28167915344238
259,259,7,draft|draft_verify,140.1972770690918,133.25071334838867,0.0,463.0,31.0,212.392,212.392,273.5080152174805,140.1972770690918
259,259,8,draft|draft_verify,246.42205238342285,137.62474060058594,0.0,494.0,51.0,355.08,355.08,384.1068337840088,246.42205238342285
259,259,9,draft|draft_verify,114.8843765258789,134.0951919555664,0.0,545.0,26.0,182.72,182.72,249.03958928144533,137.68478140058593
259,259,10,draft|draft_verify,120.70775032043457,128.59463691711426,0.0,571.0,24.0,169.9416,169.9416,249.36240643754883,134.1552127555664
259,259,11,draft|draft_verify,164.2303466796875,141.770601272583,0.0,595.0,35.0,250.88,392.710629272583,306.0609759522705,306.0609759522705
260,260,1,draft|draft_verify,163.85388374328613,31.347990036010742,0.0,141.0,36.0,219.996,163.85388374328613,195.26190257929687,163.85388374328613
260,260,2,draft|draft_verify,152.67395973205566,54.41021919250488,0.0,177.0,33.0,204.28080000000003,204.28080000000003,207.14420532456055,152.67395973205566
260,260,3,draft|draft_verify,129.9288272857666,59.560298919677734,0.0,210.0,29.0,181.5464,181.5464,189.54914940544433,129.9288272857666
260,260,5,draft|draft_verify,120.33605575561523,68.08018684387207,0.0,271.0,19.0,121.1776,121.1776,188.4762577994873,120.33605575561523
260,260,6,draft|draft_verify,163.4819507598877,87.36419677734375,0.0,290.0,34.0,219.4744,219.4744,250.90617473723145,163.4819507598877
260,260,7,draft|draft_verify,87.79621124267578,86.20572090148926,0.0,324.0,18.0,116.9064,116.9064,174.06194654416504,87.79621124267578
260,260,8,draft|draft_verify|target|target_rescue_verify,102.28180885314941,171.68426513671875,174.30782318115234,342.0,21.0,137.46,223.36214936835938,448.3339139710205,188.1839582215088
260,260,9,draft|draft_verify,82.14402198791504,92.64755249023438,0.0,358.0,17.0,111.6536,111.6536,174.8515880781494,85.84213256835938
260,260,10,draft|draft_verify,49.30377006530762,92.76676177978516,0.0,375.0,10.0,65.608,92.70756609023438,142.13053984509278,92.70756609023438
260,260,11,draft|draft_verify,152.36401557922363,125.77581405639648,0.0,385.0,34.0,226.9984,352.83424125639647,278.19985683562015,278.1998568356201
261,261,1,draft|draft_verify,419.3694591522217,51.51176452636719,0.0,118.0,97.0,595.1415999999999,419.3694591522217,470.94130127858887,419.3694591522217
261,261,2,draft|draft_verify,83.98604393005371,51.66959762573242,0.0,215.0,19.0,118.7584,118.7584,135.71565675578614,83.98604393005371
261,261,3,draft|draft_verify,514.0907764434814,79.13613319396973,0.0,234.0,112.0,720.136,720.136,593.2869992374511,514.0907764434814
261,261,4,draft|draft_verify,529.2115211486816,141.5688991546631,0.0,346.0,114.0,763.6536,763.6536,670.8405115033447,529.2115211486816
261,261,5,draft|draft_verify,517.3261165618896,130.02514839172363,0.0,460.0,109.0,759.0183999999999,759.0183999999999,647.4113521536133,517.3261165618896
261,261,6,draft|draft_verify,642.4741744995117,154.8025608062744,0.0,569.0,134.0,972.1712000000001,972.1712000000001,797.3368425057861,642.4741744995117
261,261,7,draft|draft_verify,91.80879592895508,154.3278694152832,0.0,703.0,18.0,132.3696,309.2505518215576,246.19667974423828,309.2505518215576
262,262,1,draft|draft_verify,213.45138549804688,22.59540557861328,0.0,68.0,47.0,279.88160000000005,213.45138549804688,236.10682867666014,213.45138549804688
262,262,2,draft|draft_verify,53.01475524902344,35.6597900390625,0.0,115.0,14.0,84.1664,84.1664,88.73455648808593,53.01475524902344
262,262,3,draft|draft_verify,251.36613845825195,51.88608169555664,0.0,129.0,59.0,360.7232,360.7232,303.3122673538086,251.36613845825195
262,262,4,draft|draft_verify,79.25057411193848,52.576303482055664,0.0,188.0,15.0,92.6688,145.30511548205567,131.88688959399414,131.88688959399414
263,263,1,draft|draft_verify,257.0631504058838,61.06424331665039,0.0,240.0,47.0,298.8704,257.0631504058838,318.18743132253417,257.0631504058838
263,263,2,draft|draft_verify,121.8571662902832,78.69434356689453,0.0,287.0,27.0,173.73120000000003,173.73120000000003,200.61153145717773,121.8571662902832
263,263,3,draft|draft_verify,84.2139720916748,78.52792739868164,0.0,314.0,20.0,129.5744,129.5744,162.80191549035646,84.2139720916748
263,263,4,draft|draft_verify,152.88257598876953,79.20575141906738,0.0,334.0,26.0,170.06,249.3257722190674,232.1483482078369,232.14834820783693
264,264,1,draft|draft_verify,110.47172546386719,59.146881103515625,0.0,191.0,27.0,167.7408,110.47172546386719,169.6786281673828,110.47172546386719
264,264,2,draft|draft_verify,202.7294635772705,68.13716888427734,0.0,218.0,47.0,296.44160000000005,296.44160000000005,270.92667006154784,202.7294635772705
264,264,3,draft|draft_verify,242.44117736816406,87.53395080566406,0.0,265.0,52.0,334.0984,334.0984,330.0351697738281,242.44117736816406
264,264,4,draft|draft_verify,383.9287757873535,104.3386459350586,0.0,317.0,81.0,533.5799999999999,533.5799999999999,488.32748652241213,383.9287757873535
264,264,5,draft|draft_verify,170.80450057983398,99.33948516845703,0.0,398.0,30.0,200.94480000000001,200.94480000000001,270.204009748291,170.80450057983398
264,264,6,draft|draft_verify,169.7688102722168,127.62808799743652,0.0,428.0,32.0,216.7136,216.7136,297.45692386965334,169.7688102722168
264,264,7,draft|draft_verify,239.95494842529297,128.0198097229004,0.0,460.0,58.0,399.8152,399.8152,368.0348045481934,239.95494842529297
264,264,8,draft|draft_verify,273.6225128173828,131.1817169189453,0.0,518.0,52.0,365.0656,365.0656,404.8642713363281,273.6225128173828
264,264,9,draft|draft_verify,193.54939460754395,130.19180297851562,0.0,570.0,43.0,306.4432,306.4432,323.8012319860596,193.54939460754395
264,264,10,draft|draft_verify|target|target_rescue_verify,89.5240306854248,267.3673629760742,139.24860954284668,613.0,16.0,114.196,397.6792131545899,496.2000160043457,397.6792131545899
265,265,1,draft|draft_verify,234.02142524719238,52.4601936340332,0.0,171.0,48.0,297.51599999999996,234.02142524719238,286.5416572812256,234.02142524719238
265,265,2,draft|draft_verify|target|target_rescue_verify,318.922758102417,123.54183197021484,378.8776397705078,219.0,73.0,463.17040000000003,525.0013743851075,821.4022882431397,380.7537324875244
265,265,3,draft|draft_verify,183.4087371826172,77.41785049438477,0.0,277.0,39.0,250.9008,250.9008,260.886618877002,183.4087371826172
265,265,4,draft|draft_verify,1140.0175094604492,137.50576972961426,0.0,316.0,248.0,1684.3519999999999,1684.3519999999999,1277.5834775900635,1140.0175094604492
265,265,5,draft|draft_verify,66.75267219543457,128.7252902984619,0.0,564.0,14.0,98.1752,137.56596812961425,195.5379736938965,137.56596812961425
265,265,6,draft|draft_verify,25.27022361755371,130.07426261901855,0.0,578.0,5.0,34.272800000000004,258.9195681174805,155.40449023657226,258.9195681174805
266,266,1,draft|draft_verify,247.11346626281738,30.261993408203125,0.0,83.0,53.0,317.8856,247.11346626281738,277.4355020710205,247.11346626281738
266,266,2,draft|draft_verify,171.66519165039062,31.575441360473633,0.0,136.0,41.0,250.364,250.364,203.30066581086425,171.66519165039062
266,266,3,draft|draft_verify,98.74176979064941,50.74453353881836,0.0,177.0,26.0,160.64000000000001,160.64000000000001,149.5463241294678,98.74176979064941
266,266,4,draft|draft_verify,151.8077850341797,59.181928634643555,0.0,203.0,37.0,231.5176,231.5176,211.04974326882325,151.8077850341797
266,266,5,draft|draft_verify,85.9673023223877,60.14728546142578,0.0,240.0,21.0,132.564,192.77130226142577,146.17460458381348,146.17460458381348
267,267,1,draft|draft_verify,68.86100769042969,31.035661697387695,0.0,157.0,16.0,97.78,68.86100769042969,99.95668218781738,68.86100769042969
267,267,2,draft|draft_verify,109.31158065795898,52.39701271057129,0.0,173.0,26.0,160.4,160.4,161.7686141685303,109.31158065795898
267,267,3,draft|draft_verify,259.8917484283447,68.71604919433594,0.0,199.0,62.0,389.552,389.552,328.6678472226807,259.8917484283447
267,267,4,draft|draft_verify,176.15056037902832,88.48357200622559,0.0,261.0,44.0,281.7656,281.7656,264.6941675852539,176.15056037902832
267,267,5,draft|draft_verify,119.58909034729004,82.41415023803711,0.0,305.0,26.0,168.32,168.32,202.06326138532717,119.58909034729004
267,267,6,draft|draft_verify,89.36929702758789,81.61568641662598,0.0,331.0,19.0,123.7696,123.7696,171.04499864421388,89.36929702758789
267,267,7,draft|draft_verify,121.57320976257324,94.40016746520996,0.0,350.0,26.0,171.02,171.02,216.03339802778322,121.57320976257324
267,267,8,draft|draft_verify,85.5262279510498,93.59955787658691,0.0,376.0,18.0,119.028,119.028,179.18580022763672,94.46018826520996
267,267,9,draft|draft_verify,136.3532543182373,125.23961067199707,0.0,394.0,29.0,193.9112,193.9112,261.65288819023436,136.3532543182373
267,267,10,draft|draft_verify,52.59847640991211,124.80044364929199,0.0,423.0,11.0,73.424,125.29963387199707,177.4589288592041,125.29963387199707
267,267,11,draft|draft_verify,172.52278327941895,127.26879119873047,0.0,434.0,37.0,251.476,251.476,299.8516040781494,172.52278327941895
267,267,12,draft|draft_verify|target|backtracking_verify,20.600557327270508,254.33635711669922,86.84706687927246,471.0,4.0,26.3656,254.55700255708007,361.84398452324217,254.55700255708007
267,267,13,draft|draft_verify|target|target_rescue_verify,235.14199256896973,511.7201805114746,417.70386695861816,951.0,48.0,385.5,978.202107262915,1164.6260784390624,827.8440998318847
267,267,14,draft|draft_verify,26.625394821166992,142.84324645996094,0.0,505.0,5.0,33.572,127.93004512786865,169.52864528112792,127.93004512786865
267,267,15,draft|draft_verify,120.16439437866211,136.80696487426758,0.0,510.0,28.0,194.6752,194.6752,257.03138165292967,142.90325045996093
267,267,16,draft|draft_verify,176.93424224853516,128.33523750305176,0.0,538.0,42.0,296.0856,296.0856,305.3295133515869,176.93424224853516
267,267,17,draft|draft_verify,42.2511100769043,127.99811363220215,0.0,580.0,10.0,70.036,128.39527110305175,170.30923170910646,128.39527110305175
267,267,18,draft|draft_verify,389.07599449157715,152.09579467773438,0.0,590.0,93.0,674.3592000000001,674.3592000000001,541.2318635693116,389.07599449157715
267,267,19,draft|draft_verify,45.14932632446289,152.07290649414062,0.0,683.0,10.0,72.2608,152.15586907773437,197.28224081860353,152.15586907773437
267,267,20,draft|draft_verify,380.2168369293213,173.431396484375,0.0,693.0,93.0,697.1016,697.1016,553.7083078136964,380.2168369293213
267,267,21,draft|draft_verify,149.3687629699707,37162.64271736145,0.0,786.0,36.0,274.176,274.176,37312.07150913142,173.491470884375
267,267,22,draft|draft_verify|target|backtracking_verify,453.9942741394043,479.40778732299805,580.4276466369629,822.0,93.0,725.5848000000001,37402.466714222945,1513.8897824993653,37402.466714222945
267,267,23,draft|draft_verify|target|backtracking_verify,102.83923149108887,602.0989418029785,148.34117889404297,1830.0,20.0,198.704,540.8133805629883,853.3393681881104,540.8133805629883
267,267,24,draft|draft_verify|target|backtracking_verify|target_rescue_verify,286.59534454345703,1005.0418376922607,409.3639850616455,2784.0,59.0,730.2991999999999,1739.0747098846314,1701.0612144973634,1309.8249807861207
267,267,25,draft|draft_verify|target|target_rescue_verify|backtracking_verify,420.5336570739746,1613.6116981506348,757.5993537902832,3790.0,87.0,1290.6144,3270.7842208245174,2791.8047786148927,2400.7034778984926
267,267,26,draft|draft_verify|target|target_rescue_verify,352.1702289581299,1420.6297397613525,449.76043701171875,3925.0,70.0,1057.576,2778.1060871024983,2222.6204617312014,2072.700316060628
268,268,1,draft|draft_verify,130.7821273803711,31.029939651489258,0.0,94.0,29.0,173.7512,130.7821273803711,161.87209023186034,130.7821273803711
268,268,2,draft|draft_verify,265.4116153717041,47.24407196044922,0.0,123.0,60.0,366.06480000000005,366.06480000000005,312.7157353321533,265.4116153717041
268,268,3,draft|draft_verify,270.552396774292,60.655832290649414,0.0,183.0,60.0,374.56080000000003,374.56080000000003,331.2682770649414,270.552396774292
268,268,4,draft|draft_verify,237.36190795898438,61.91682815551758,0.0,243.0,52.0,331.4056,331.4056,299.33877771450193,237.36190795898438
268,268,5,draft|draft_verify,407.9411029815674,95.72267532348633,0.0,295.0,87.0,569.2464,569.2464,503.72384790505373,407.9411029815674
268,268,6,draft|draft_verify,119.06242370605469,102.68878936767578,0.0,382.0,27.0,179.65920000000003,282.4080109676758,221.81123467373047,221.81123467373047
269,269,1,draft|draft_verify,200.49786567687988,34.0113639831543,0.0,97.0,50.0,301.3472,200.49786567687988,234.56926966003417,200.49786567687988
269,269,2,draft|draft_verify,225.99124908447266,56.88762664794922,0.0,147.0,57.0,350.7672,350.7672,282.93892133242184,225.99124908447266
269,269,3,draft|draft_verify,501.67059898376465,86.28153800964355,0.0,204.0,112.0,712.144,798.4856276096435,588.0122265934083,588.0122265934082
270,270,1,draft|draft_verify,313.77506256103516,34.9276065826416,0.0,103.0,71.0,430.808,313.77506256103516,348.76272594367674,313.77506256103516
270,270,2,draft|draft_verify,103.24311256408691,56.31566047668457,0.0,174.0,25.0,154.2424,154.2424,159.6187930407715,103.24311256408691
270,270,3,draft|draft_verify,42.39177703857422,56.757211685180664,0.0,199.0,11.0,68.048,68.048,99.20899752375487,56.37568047668457
270,270,4,draft|draft_verify,88.22798728942871,57.298898696899414,0.0,210.0,21.0,131.124,131.124,145.58690278632812,88.22798728942871
270,270,5,draft|draft_verify,95.47805786132812,67.41595268249512,0.0,231.0,23.0,144.824,144.824,162.95402894382323,95.47805786132812
270,270,6,draft|draft_verify,105.67831993103027,62.16931343078613,0.0,254.0,22.0,139.636,139.636,167.9076509618164,105.67831993103027
270,270,7,draft|draft_verify,49.283742904663086,61.96856498718262,0.0,276.0,9.0,57.0456,62.229331030786135,111.3123150918457,62.229331030786135
270,270,8,draft|draft_verify,76.56359672546387,78.7210464477539,0.0,285.0,18.0,115.3152,115.3152,155.34465757321777,76.56359672546387
270,270,9,draft|draft_verify,95.6885814666748,78.50122451782227,0.0,303.0,19.0,122.56,201.12123971782228,174.24982118449708,174.24982118449708
271,271,1,draft|draft_verify,231.20546340942383,34.38997268676758,0.0,123.0,51.0,310.56,231.20546340942383,265.65547689619143,231.20546340942383
271,271,2,draft|draft_verify,36.93509101867676,48.55656623840332,0.0,174.0,8.0,48.9104,48.9104,85.55166365708007,36.93509101867676
271,271,3,draft|draft_verify,250.11944770812988,58.06922912597656,0.0,182.0,57.0,355.4712,355.4712,308.2487224341064,250.11944770812988
271,271,4,draft|draft_verify,95.703125,59.94606018066406,0.0,239.0,22.0,138.88,138.88,155.70920278066404,95.703125
271,271,5,draft|draft_verify,85.06655693054199,60.753822326660156,0.0,261.0,18.0,114.33600000000001,114.33600000000001,145.88039365720215,85.06655693054199
271,271,6,draft|draft_verify,117.71512031555176,78.67002487182617,0.0,279.0,25.0,160.2904,160.2904,196.44516518737794,117.71512031555176
271,271,7,draft|draft_verify,29.328346252441406,76.44295692443848,0.0,304.0,6.0,38.123999999999995,78.73004487182617,105.83130797687988,78.73004487182617
271,271,8,draft|draft_verify,172.77789115905762,77.79216766357422,0.0,310.0,37.0,240.76239999999999,240.76239999999999,250.63008842263184,172.77789115905762
271,271,9,draft|draft_verify,93.96028518676758,92.04244613647461,0.0,347.0,20.0,131.07920000000001,131.07920000000001,186.0627473232422,93.96028518676758
271,271,10,draft|draft_verify,117.09380149841309,91.88175201416016,0.0,367.0,25.0,165.3592,165.3592,209.03557351257325,117.09380149841309
271,271,11,draft|draft_verify,102.87857055664062,93.13511848449707,0.0,392.0,22.0,146.5912,146.5912,196.07370664113768,102.87857055664062
271,271,12,draft|draft_verify,66.02191925048828,125.2291202545166,0.0,414.0,14.0,93.4952,93.4952,191.3110507050049,93.19513608449707
271,271,13,draft|draft_verify,79.47921752929688,132.110595703125,0.0,428.0,16.0,107.536,257.4597399576416,211.64982603242186,257.4597399576416
272,272,1,draft|draft_verify,272.9954719543457,31.01801872253418,0.0,100.0,58.0,350.5672,272.9954719543457,304.07353707687986,272.9954719543457
272,272,2,draft|draft_verify,299.47829246520996,51.73540115356445,0.0,158.0,67.0,414.91360000000003,414.91360000000003,351.2737472187744,299.47829246520996
272,272,3,draft|draft_verify,164.21270370483398,60.95743179321289,0.0,225.0,37.0,233.4184,233.4184,225.23016509804688,164.21270370483398
272,272,4,draft|draft_verify|target|target_rescue_verify,150.7725715637207,122.50280380249023,241.43075942993164,262.0,37.0,236.6152,297.9266315012451,514.7661643961426,241.43075942993164
272,272,5,draft|draft_verify,157.2732925415039,85.83998680114746,0.0,294.0,34.0,219.7912,219.7912,243.17330654265137,157.2732925415039
272,272,6,draft|draft_verify,184.2672824859619,104.56538200378418,0.0,328.0,38.0,248.9336,248.9336,288.89269488974605,184.2672824859619
272,272,7,draft|draft_verify,315.98901748657227,126.3589859008789,0.0,366.0,72.0,481.7808,481.7808,442.40806098745117,315.98901748657227
272,272,8,draft|draft_verify,207.89384841918945,126.92093849182129,0.0,438.0,44.0,300.032,300.032,334.87482211101076,207.89384841918945
272,272,9,draft|draft_verify|target|target_rescue_verify,136.21163368225098,257.9066753387451,505.7857036590576,482.0,28.0,192.86079999999998,505.7857036590576,899.9640350800537,505.7857036590576
272,272,10,draft|draft_verify,505.05805015563965,133.6658000946045,0.0,560.0,113.0,814.3352,814.3352,638.7839406502442,505.05805015563965
272,272,11,draft|draft_verify,113.67630958557129,152.32610702514648,0.0,673.0,22.0,160.7536,313.1397246251465,266.06243421071775,286.112015119751
273,273,1,draft|draft_verify,117.4931526184082,30.379056930541992,0.0,105.0,26.0,156.32000000000002,117.4931526184082,147.9322303489502,117.4931526184082
273,273,2,draft|draft_verify,80.09743690490723,29.56390380859375,0.0,131.0,18.0,109.03200000000001,109.03200000000001,109.72135511350098,80.09743690490723
273,273,3,draft|draft_verify|target|target_rescue_verify,285.60638427734375,83.33110809326172,181.55169486999512,149.0,65.0,400.9784,442.70400604663087,550.5492392406006,327.3319903239746
273,273,5,draft|draft_verify,87.56303787231445,66.24102592468262,0.0,217.0,20.0,125.15120000000002,125.15120000000002,153.8640797969971,87.56303787231445
273,273,6,draft|draft_verify,92.32258796691895,68.19868087768555,0.0,237.0,21.0,132.42000000000002,132.42000000000002,160.5812856446045,92.32258796691895
273,273,7,draft|draft_verify,88.4857177734375,68.33338737487793,0.0,258.0,22.0,139.8376,139.8376,156.8791227483154,88.4857177734375
273,273,8,draft|draft_verify,45.78971862792969,68.01867485046387,0.0,280.0,11.0,69.992,69.992,113.86840227839355,68.39340497487792
273,273,9,draft|draft_verify,48.28453063964844,78.99975776672363,0.0,291.0,10.0,63.793600000000005,68.07868365046387,127.34429640637208,68.07868365046387
273,273,10,draft|draft_verify,50.89139938354492,77.48699188232422,0.0,301.0,11.0,70.496,79.05976576672363,128.43840006586913,79.05976576672363
273,273,11,draft|draft_verify,64.97001647949219,78.35102081298828,0.0,312.0,15.0,96.83520000000001,96.83520000000001,143.38104929248047,77.54700068232422
273,273,12,draft|draft_verify,71.7611312866211,78.02224159240723,0.0,327.0,14.0,90.7808,90.7808,149.84338407902834,78.41103281298828
273,273,13,draft|draft_verify,95.62993049621582,92.31686592102051,0.0,341.0,20.0,130.8056,130.8056,188.00681241723635,95.62993049621582
273,273,14,draft|draft_verify,43.949127197265625,92.6668643951416,0.0,361.0,9.0,58.677600000000005,92.37688192102051,136.67599879240723,92.37688192102051
273,273,15,draft|draft_verify,82.84687995910645,94.1166877746582,0.0,370.0,17.0,112.11439999999999,112.11439999999999,177.02358133376464,92.7268715951416
273,273,16,draft|draft_verify,53.85422706604004,94.26116943359375,0.0,387.0,11.0,72.56,94.17670137465821,148.17540529963378,94.17670137465821
273,273,17,draft|draft_verify,49.42727088928223,127.64811515808105,0.0,398.0,9.0,59.388000000000005,222.02930059167483,177.13539324736328,222.02930059167483
274,274,1,draft|draft_verify,118.80803108215332,31.16750717163086,0.0,134.0,25.0,151.9384,118.80803108215332,150.0355582537842,118.80803108215332
274,274,2,draft|draft_verify,174.21603202819824,50.71377754211426,0.0,159.0,39.0,240.13920000000002,240.13920000000002,224.9898407703125,174.21603202819824
274,274,3,draft|draft_verify|target|target_rescue_verify,722.022294998169,129.3199062347412,216.84980392456055,198.0,155.0,991.5248,1056.2448771173706,1068.2521291574708,786.7423721155395
274,274,4,draft|draft_verify|target|target_rescue_verify,554.9213886260986,156.45885467529297,414.8106575012207,226.0,121.0,777.0520000000001,855.3415241376466,1126.2509976026122,633.2109127637451
274,274,5,draft|draft_verify,31.863927841186523,67.00706481933594,0.0,291.0,6.0,37.967999999999996,78.22942733764648,98.93099746052246,78.22942733764648
274,274,6,draft|draft_verify,151.106595993042,77.51655578613281,0.0,297.0,32.0,206.9672,206.9672,228.6831773791748,151.106595993042
274,274,7,draft|draft_verify,200.4258632659912,93.42837333679199,0.0,329.0,49.0,321.9832,321.9832,293.9142758027832,200.4258632659912
274,274,8,draft|draft_verify,198.43816757202148,95.98660469055176,0.0,378.0,41.0,273.596,273.596,294.48480506257323,198.43816757202148
274,274,9,draft|draft_verify,144.98162269592285,131.84309005737305,0.0,419.0,32.0,216.044,347.94711565737305,276.8847383532959,276.8847383532959
275,275,1,draft|draft_verify,120.70250511169434,31.679153442382812,0.0,100.0,26.0,156.02,120.70250511169434,152.44167935407717,120.70250511169434
275,275,2,draft|draft_verify,166.3069725036621,30.61819076538086,0.0,126.0,38.0,230.996,230.996,196.98519366904296,166.3069725036621
275,275,3,draft|draft_verify|target|target_rescue_verify,261.96813583374023,103.36065292358398,326.9317150115967,164.0,61.0,378.14799999999997,429.88837526179196,692.3205525689209,326.9317150115967
275,275,4,draft|draft_verify,246.2756633758545,60.45031547546387,0.0,212.0,55.0,346.7392,346.7392,306.78602285131836,246.2756633758545
275,275,5,draft|draft_verify,243.7751293182373,87.35346794128418,0.0,267.0,50.0,321.3392,321.3392,331.18863725952144,243.7751293182373
275,275,6,draft|draft_verify,310.375452041626,101.3936996459961,0.0,317.0,62.0,406.8272,406.8272,411.8292012876221,310.375452041626
275,275,7,draft|draft_verify,176.46455764770508,95.69454193115234,0.0,379.0,36.0,239.988,239.988,272.2191283788574,176.46455764770508
275,275,8,draft|draft_verify,312.558650970459,126.78384780883789,0.0,415.0,65.0,441.836,441.836,439.40255077929686,312.558650970459
275,275,9,draft|draft_verify,158.25653076171875,128.20720672607422,0.0,480.0,32.0,220.5824,348.84963232607424,286.523763087793,286.523763087793
276,276,1,draft|draft_verify,224.4558334350586,47.41501808166504,0.0,136.0,51.0,312.12,224.4558334350586,271.93089231672366,224.4558334350586
276,276,2,draft|draft_verify,41.6874885559082,51.17917060852051,0.0,187.0,9.0,55.336800000000004,55.336800000000004,92.92666636442871,47.47505888166504
276,276,3,draft|draft_verify,289.959192276001,60.91666221618652,0.0,196.0,65.0,408.1976,408.1976,350.9359064921875,289.959192276001
276,276,4,draft|draft_verify,161.17405891418457,65.6137466430664,0.0,261.0,34.0,217.17759999999998,217.17759999999998,226.84783275725098,161.17405891418457
276,276,5,draft|draft_verify|target|target_rescue_verify,175.69613456726074,156.2035083770752,348.9398956298828,295.0,37.0,239.4664,348.9398956298828,680.8995681742188,348.9398956298828
276,276,6,draft|draft_verify,349.63369369506836,94.39301490783691,0.0,344.0,73.0,484.77040000000005,484.77040000000005,444.0867670029053,349.63369369506836
276,276,7,draft|draft_verify,97.76139259338379,126.30414962768555,0.0,417.0,20.0,134.27120000000002,260.6353656276856,224.12555822106935,224.12555822106935
277,277,1,draft|draft_verify,474.0023612976074,53.43294143676758,0.0,119.0,107.0,658.0640000000001,474.0023612976074,527.495388334375,474.0023612976074
277,277,2,draft|draft_verify,242.0029640197754,61.39683723449707,0.0,226.0,55.0,348.55359999999996,348.55359999999996,303.45984525427247,242.0029640197754
277,277,3,draft|draft_verify,458.20116996765137,92.77868270874023,0.0,281.0,95.0,619.4096000000001,619.4096000000001,551.0399286763916,458.20116996765137
277,277,4,draft|draft_verify,89.63704109191895,93.7047004699707,0.0,376.0,20.0,132.4016,226.1663164699707,183.40175756188967,186.60347517871094
278,278,1,draft|draft_verify,83.08744430541992,52.35576629638672,0.0,212.0,18.0,112.33680000000001,83.08744430541992,135.50322500180664,83.08744430541992
278,278,2,draft|draft_verify,68.74871253967285,61.05232238769531,0.0,230.0,15.0,94.08000000000001,94.08000000000001,129.86104692736816,68.74871253967285
278,278,3,draft|draft_verify,265.28000831604004,61.771392822265625,0.0,245.0,58.0,370.4032,370.4032,327.11144753830564,265.28000831604004
278,278,4,draft|draft_verify,85.23726463317871,76.94458961486816,0.0,303.0,18.0,116.04960000000001,116.04960000000001,162.24186864804688,85.23726463317871
278,278,5,draft|draft_verify,314.3942356109619,93.80912780761719,0.0,321.0,69.0,454.0776,454.0776,408.2634186185791,314.3942356109619
278,278,6,draft|draft_verify,133.77022743225098,94.15793418884277,0.0,390.0,29.0,193.6424,193.6424,227.98818482109374,133.77022743225098
278,278,7,draft|draft_verify,72.89862632751465,125.23341178894043,0.0,419.0,15.0,100.4304,100.4304,198.19205011645508,94.21795738884278
278,278,8,draft|draft_verify,124.51624870300293,127.47025489807129,0.0,434.0,26.0,176.06,176.06,252.04652440107424,125.29342378894043
278,278,9,draft|draft_verify,54.036617279052734,126.48415565490723,0.0,460.0,11.0,74.312,127.53027569807129,180.58078173395995,127.53027569807129
278,278,10,draft|draft_verify,53.87091636657715,127.80094146728516,0.0,471.0,11.0,74.576,126.54416445490723,181.7318666338623,126.54416445490723
278,278,11,draft|draft_verify|target|backtracking_verify,81.97975158691406,255.40709495544434,190.8881664276123,482.0,17.0,116.4152,255.62451134500733,528.3350265699708,255.62451134500733
278,278,12,draft|draft_verify|target|target_rescue_verify,412.10317611694336,399.29747581481934,148.23246002197266,1006.0,86.0,707.636,907.3448067074096,959.6931807537353,611.811982824353
278,278,13,draft|draft_verify,25.39968490600586,128.16810607910156,0.0,585.0,5.0,34.34,199.64873790740967,153.6277949851074,199.64873790740967
278,278,14,draft|draft_verify|target|target_rescue_verify,738.9664649963379,293.3645248413086,221.30227088928223,590.0,157.0,1151.4664,1298.2087880206543,1253.6933863269287,885.7088530169922
278,278,15,draft|draft_verify,149.11174774169922,132.8434944152832,0.0,620.0,31.0,223.696,223.696,282.01526695698243,149.11174774169922
278,278,16,draft|draft_verify,146.74758911132812,152.8944969177246,0.0,651.0,31.0,225.928,225.928,299.70211082905274,146.74758911132812
278,278,17,draft|draft_verify|target|backtracking_verify,178.50446701049805,309.56244468688965,237.75053024291992,682.0,38.0,280.3688,435.21005274344486,725.8774723403076,333.34571975394283
278,278,18,draft|draft_verify|target|backtracking_verify,257.7211856842041,468.597412109375,232.51843452453613,1435.0,54.0,495.9264,730.2851492546874,958.8970755181152,492.0799349388916
278,278,19,draft|draft_verify|target|target_rescue_verify|backtracking_verify,713.526725769043,1054.4750690460205,1637.061595916748,2241.0,152.0,1712.1607999999999,3682.3245430828492,3405.1235123318115,2683.690468851892
278,278,20,draft|draft_verify|target|target_rescue_verify,41.06020927429199,319.8535442352295,114.89701271057129,747.0,7.0,50.9872,335.7326225586182,475.8707718200928,335.7326225586182
278,278,21,draft|draft_verify,31.408071517944336,159.21521186828613,0.0,759.0,6.0,43.583999999999996,159.92677211761475,190.68328818623047,159.92677211761475
278,278,22,draft|draft_verify,29.955625534057617,156.5079689025879,0.0,765.0,5.0,36.068000000000005,315.843189570874,186.5235984366455,315.843189570874
279,279,1,draft|draft_verify,99.1065502166748,33297.30796813965,0.0,120.0,24.0,145.04639999999998,99.1065502166748,33396.47453755632,99.1065502166748
279,279,2,draft|draft_verify,311.54322624206543,136.44027709960938,0.0,144.0,47.0,288.27200000000005,33297.36798733965,448.0435409416748,33297.36798733965
279,279,3,draft|draft_verify,260.8373165130615,68.20225715637207,0.0,191.0,59.0,369.35360000000003,369.35360000000003,329.0996208694336,260.8373165130615
279,279,4,draft|draft_verify,323.02093505859375,87.39733695983887,0.0,250.0,71.0,455.504,455.504,410.4783288184326,323.02093505859375
279,279,5,draft|draft_verify,416.34654998779297,106.22620582580566,0.0,321.0,91.0,601.504,601.504,522.6328286135986,416.34654998779297
279,279,6,draft|draft_verify,224.87783432006836,143.35393905639648,0.0,412.0,46.0,311.02000000000004,311.02000000000004,368.2918101764649,224.87783432006836
279,279,7,draft|draft_verify,111.62996292114258,126.28316879272461,0.0,458.0,22.0,149.9176,276.2607863927246,237.97314931386717,269.7571622491211
280,280,1,draft|draft_verify,90.16275405883789,29.15811538696289,0.0,118.0,20.0,120.63680000000001,90.16275405883789,119.38088544580079,90.16275405883789
280,280,2,draft|draft_verify,214.51735496520996,46.514272689819336,0.0,138.0,49.0,299.98,299.98,261.0916668550293,214.51735496520996
280,280,3,draft|draft_verify,75.67143440246582,49.83949661254883,0.0,187.0,17.0,105.0872,105.0872,125.57094461501465,75.67143440246582
280,280,4,draft|draft_verify,208.36591720581055,60.13655662536621,0.0,204.0,46.0,288.55600000000004,288.55600000000004,268.5625106311768,208.36591720581055
280,280,5,draft|draft_verify|target|target_rescue_verify,360.7473373413086,148.23150634765625,346.52209281921387,250.0,74.0,475.0424,549.2182123738281,855.5609957081788,434.92314971513673
280,280,6,draft|draft_verify,305.4940700531006,88.01388740539551,0.0,297.0,65.0,423.7112,423.7112,393.5680094584961,305.4940700531006
280,280,7,draft|draft_verify,241.6858673095703,103.92260551452637,0.0,362.0,51.0,339.24,339.24,345.6685136240967,241.6858673095703
280,280,8,draft|draft_verify,134.56201553344727,125.4417896270752,0.0,413.0,27.0,181.5936,307.0954112270752,260.0638267605225,260.0638267605225
281,281,1,draft|draft_verify,137.85600662231445,30.709028244018555,0.0,97.0,30.0,179.9952,137.85600662231445,168.625058866333,137.85600662231445
281,281,2,draft|draft_verify,794.9273586273193,69.92101669311523,0.0,127.0,173.0,1081.1528,1081.1528,864.9085137204346,794.9273586273193
281,281,3,draft|draft_verify,378.9393901824951,92.14401245117188,0.0,300.0,70.0,457.276,457.276,471.14345863366697,378.9393901824951
281,281,4,draft|draft_verify,388.7605667114258,141.5882110595703,0.0,370.0,90.0,605.244,605.244,530.4088497709961,388.7605667114258
281,281,5,draft|draft_verify,89.31350708007812,127.22492218017578,0.0,460.0,16.0,108.688,268.93321803974607,216.5984420602539,268.93321803974607
282,282,1,draft|draft_verify,145.20025253295898,61.36274337768555,0.0,278.0,30.0,192.5928,145.20025253295898,206.62301991064453,145.20025253295898
282,282,2,draft|draft_verify|target|target_rescue_verify,481.28366470336914,175.75860023498535,219.67196464538574,308.0,99.0,652.344,740.2833793174927,876.7743087837403,569.2230440208618
282,282,3,draft|draft_verify,125.17595291137695,78.52864265441895,0.0,334.0,26.0,170.06,170.06,203.76461636579592,125.17595291137695
282,282,4,draft|draft_verify,132.00974464416504,97.32532501220703,0.0,360.0,26.0,171.62,171.62,229.39509045637206,132.00974464416504
282,282,5,draft|draft_verify,73.43459129333496,93.13130378723145,0.0,386.0,12.0,79.22879999999999,97.38534581220704,166.6259046805664,97.38534581220704
282,282,6,draft|draft_verify,236.1452579498291,126.09148025512695,0.0,398.0,53.0,357.1976,357.1976,362.29678060495604,236.1452579498291
282,282,7,draft|draft_verify,234.11846160888672,127.9146671295166,0.0,451.0,54.0,370.76160000000004,370.76160000000004,362.0931719384033,234.11846160888672
282,282,8,draft|draft_verify,231.2619686126709,130.80143928527832,0.0,505.0,54.0,377.6304,377.6304,362.1234510979492,231.2619686126709
282,282,9,draft|draft_verify,87.18013763427734,129.319429397583,0.0,559.0,17.0,119.372,130.86148248527832,216.55958063186034,130.86148248527832
282,282,10,draft|draft_verify,232.36918449401855,132.0946216583252,0.0,576.0,49.0,350.4376,350.4376,364.52384535234376,232.36918449401855
282,282,11,draft|draft_verify,104.91824150085449,133.3761215209961,0.0,625.0,22.0,158.3344,291.7705391209961,238.35438062185057,265.59079997932133
283,283,1,draft|draft_verify|target|backtracking_verify,207.75866508483887,115.84329605102539,339.71285820007324,191.0,45.0,280.8456,339.71285820007324,663.3748553359375,339.71285820007324
283,283,2,draft|draft_verify|target|target_rescue_verify,379.7132968902588,139.36471939086914,339.7231101989746,236.0,81.0,518.028,587.7704244954346,858.8611912801025,449.4557213856934
283,283,3,draft|draft_verify|target|target_rescue_verify,267.25029945373535,165.45724868774414,472.69678115844727,286.0,57.0,369.4488,472.69678115844727,905.4643748999267,472.69678115844727
283,283,4,draft|draft_verify,201.88593864440918,100.26812553405762,0.0,359.0,43.0,285.1744,285.1744,302.2140985784668,201.88593864440918
283,283,5,draft|draft_verify,272.1753120422363,138.19050788879395,0.0,402.0,59.0,398.7248,398.7248,410.42586713103026,272.1753120422363
283,283,6,draft|draft_verify,144.53577995300293,127.06613540649414,0.0,461.0,30.0,205.32960000000003,332.45575940649417,271.66193935949707,271.66193935949707
284,284,1,draft|draft_verify|target|backtracking_verify,94.04444694519043,44.68131065368652,175.72355270385742,91.0,21.0,125.412,175.72355270385742,314.50932710273435,175.72355270385742
284,284,2,draft|draft_verify|target|backtracking_verify|target_rescue_verify,540.5499935150146,134.53435897827148,481.86278343200684,226.0,99.0,633.0576,974.949840149707,1157.007215125293,882.4422336647217
284,284,3,draft|draft_verify|target|target_rescue_verify,607.6228618621826,255.23686408996582,758.9013576507568,454.0,128.0,892.6064,1476.306672497351,1621.8211860029053,1191.3231343595337
284,284,4,draft|draft_verify,333.13989639282227,65.93775749206543,0.0,163.0,76.0,472.42,472.42,399.13771468488767,333.13989639282227
284,284,5,draft|draft_verify|target|target_rescue_verify,335.7415199279785,153.18036079406738,369.7853088378906,239.0,74.0,473.11519999999996,626.3556199940673,858.7672487599366,488.9819399220459
285,285,1,draft|draft_verify|target|backtracking_verify,359.377384185791,113.88206481933594,463.7417793273926,140.0,80.0,493.32800000000003,463.7417793273926,937.0612923325195,463.7417793273926
285,285,2,draft|draft_verify|target|target_rescue_verify,925.4262447357178,309.7994327545166,1051.8097877502441,434.0,201.0,1410.3,2168.6146292410094,2287.0956260404782,1683.7408739767272
285,285,3,draft|draft_verify|target|target_rescue_verify,442.7785873413086,182.30676651000977,380.3892135620117,300.0,100.0,657.16,748.3734632550048,1005.53464741333,533.9920505963134
285,285,4,draft|draft_verify|target|target_rescue_verify,266.481876373291,232.12003707885742,734.9810600280762,359.0,61.0,406.22799999999995,734.9810600280762,1233.6430222802246,734.9810600280762
285,285,5,draft|draft_verify,153.69391441345215,128.76176834106445,0.0,477.0,33.0,227.32080000000002,227.32080000000002,282.51570915451657,153.69391441345215
285,285,6,draft|draft_verify,127.89344787597656,145.5700397491455,0.0,510.0,24.0,166.5744,312.20445894914553,273.52350682512207,274.45185369021
286,286,1,draft|draft_verify,213.7758731842041,31.99934959411621,0.0,112.0,46.0,278.62,213.7758731842041,245.83525957832032,213.7758731842041
286,286,2,draft|draft_verify|target|backtracking_verify,755.4507255554199,135.84017753601074,427.020788192749,158.0,165.0,1041.7608,1109.7410207680055,1318.3718232841798,823.4309463234252
286,286,3,draft|draft_verify|target|target_rescue_verify,1239.4979000091553,345.16072273254395,1886.2559795379639,547.0,279.0,2059.4928,2232.133384566272,3470.974825479663,1886.2559795379639
286,286,4,draft|draft_verify,33.34522247314453,66.47586822509766,0.0,238.0,6.0,37.331999999999994,172.58036136627197,99.88109549824219,172.58036136627197
286,286,5,draft|draft_verify,55.7403564453125,62.577247619628906,0.0,244.0,12.0,75.47999999999999,75.47999999999999,118.3776136649414,66.53587302509766
286,286,6,draft|draft_verify,48.093557357788086,61.4171028137207,0.0,256.0,11.0,69.416,69.416,109.57066897150878,62.63725721962891
286,286,7,draft|draft_verify,59.69691276550293,61.37418746948242,0.0,267.0,14.0,88.9088,88.9088,121.13111143498534,61.4771116137207
286,286,8,draft|draft_verify,45.39823532104492,64.83578681945801,0.0,281.0,10.0,63.577600000000004,63.577600000000004,110.29403014050294,61.43419866948242
286,286,9,draft|draft_verify,64.19539451599121,79.2086124420166,0.0,291.0,13.0,83.188,83.188,143.46401735800782,64.895794819458
286,286,10,draft|draft_verify,280.60007095336914,95.30949592590332,0.0,304.0,59.0,385.08320000000003,385.08320000000003,375.96961407927245,280.60007095336914
286,286,11,draft|draft_verify,128.25512886047363,94.17843818664551,0.0,363.0,27.0,178.4736,178.4736,222.49358864711914,128.25512886047363
286,286,12,draft|draft_verify,43.976783752441406,94.51961517333984,0.0,390.0,9.0,59.2344,94.2384597866455,138.55640612578125,94.2384597866455
286,286,13,draft|draft_verify,148.53644371032715,127.70485877990723,0.0,399.0,31.0,207.784,207.784,276.3013272902344,148.53644371032715
286,286,14,draft|draft_verify,115.46754837036133,128.3094882965088,0.0,430.0,24.0,162.15839999999997,162.15839999999997,243.83705586687012,127.76488357990722
286,286,15,draft|draft_verify,201.74551010131836,129.25481796264648,0.0,454.0,44.0,301.6832,301.6832,331.06036326396486,201.74551010131836
286,286,16,draft|draft_verify,147.9475498199463,138.4570598602295,0.0,498.0,31.0,214.91199999999998,214.91199999999998,286.4646344801758,147.9475498199463
286,286,17,draft|draft_verify,240.92888832092285,135.69402694702148,0.0,529.0,39.0,273.8832,273.8832,376.68294646794436,240.92888832092285
286,286,18,draft|draft_verify|target|target_rescue_verify,320.57785987854004,267.35544204711914,386.84821128845215,568.0,67.0,479.85760000000005,613.5953746235596,974.8415668141113,454.3156345020996
286,286,19,draft|draft_verify,247.33233451843262,153.2609462738037,0.0,623.0,52.0,377.9176,377.9176,400.6533223922363,247.33233451843262
286,286,20,draft|draft_verify,36.6215705871582,155.09653091430664,0.0,675.0,7.0,49.9504,308.4775243881104,191.77810710146485,308.4775243881104
287,287,1,draft|draft_verify,299.5467185974121,31.648874282836914,0.0,89.0,67.0,403.98400000000004,299.5467185974121,331.255646480249,299.5467185974121
287,287,2,draft|draft_verify,89.85662460327148,31.918048858642578,0.0,156.0,20.0,122.3696,122.3696,121.83468946191407,89.85662460327148
287,287,3,draft|draft_verify|target|target_rescue_verify,250.09965896606445,111.51432991027832,411.9703769683838,176.0,55.0,342.0736,411.9703769683838,773.6444098447266,411.9703769683838
287,287,4,draft|draft_verify,191.50757789611816,61.63763999938965,0.0,237.0,43.0,272.8768,272.8768,253.20525229550782,191.50757789611816
287,287,5,draft|draft_verify,266.7405605316162,87.95928955078125,0.0,280.0,63.0,407.9712,407.9712,354.7599004823975,266.7405605316162
287,287,6,draft|draft_verify,125.60105323791504,87.70942687988281,0.0,343.0,21.0,137.508,225.27744367988282,213.37049691779785,213.37049691779785
288,288,1,draft|draft_verify,175.51898956298828,56.31399154663086,0.0,186.0,42.0,261.4488,175.51898956298828,231.89301470961914,175.51898956298828
288,288,2,draft|draft_verify,37.78648376464844,63.45415115356445,0.0,228.0,8.0,49.8176,56.374025146630856,101.30064131821288,56.374025146630856
288,288,3,draft|draft_verify,131.17599487304688,66.44606590270996,0.0,236.0,31.0,196.048,196.048,197.68208557575684,131.17599487304688
288,288,4,draft|draft_verify,250.22029876708984,83.29248428344727,0.0,267.0,59.0,379.93280000000004,379.93280000000004,333.5728302505371,250.22029876708984
288,288,5,draft|draft_verify,76.10535621643066,83.4200382232666,0.0,326.0,17.0,110.4248,110.4248,159.58540803969726,83.35253148344727
288,288,6,draft|draft_verify,189.3770694732666,90.29650688171387,0.0,343.0,44.0,290.228,290.228,279.7336115549805,189.3770694732666
288,288,7,draft|draft_verify,190.14525413513184,125.03933906555176,0.0,387.0,44.0,294.7688,294.7688,315.2446284006836,190.14525413513184
288,288,8,draft|draft_verify,201.0643482208252,126.59907341003418,0.0,431.0,49.0,333.73359999999997,333.73359999999997,327.7234608308594,201.0643482208252
288,288,9,draft|draft_verify,46.01573944091797,126.7549991607666,0.0,480.0,10.0,67.876,126.65911261003419,172.83074660168458,126.65911261003419
288,288,10,draft|draft_verify,231.71210289001465,137.33315467834473,0.0,490.0,56.0,389.816,389.816,369.1053023683594,231.71210289001465
288,288,11,draft|draft_verify,38.47360610961914,127.70342826843262,0.0,546.0,9.0,62.229600000000005,137.3931994783447,166.23704157805176,137.3931994783447
288,288,12,draft|draft_verify,174.13687705993652,128.2179355621338,0.0,555.0,38.0,269.0912,269.0912,302.4148430220703,174.13687705993652
288,288,13,draft|draft_verify,27.51302719116211,127.9752254486084,0.0,593.0,5.0,34.4168,128.27796596213378,155.5482566397705,128.27796596213378
288,288,14,draft|draft_verify|target|target_rescue_verify,220.92771530151367,267.7419185638428,395.42508125305176,598.0,46.0,331.108,465.03899608192137,884.1547519184082,395.42508125305176
288,288,15,draft|draft_verify,34.34467315673828,134.10210609436035,0.0,653.0,7.0,49.6336,133.8709592819214,168.50678485109864,133.8709592819214
288,288,16,draft|draft_verify,96.43435478210449,159.84249114990234,0.0,660.0,19.0,137.98239999999998,137.98239999999998,256.33686113200685,134.16211169436036
288,288,17,draft|draft_verify,50.37808418273926,153.50961685180664,0.0,679.0,11.0,79.568,159.90250634990235,203.9477098345459,159.90250634990235
288,288,18,draft|draft_verify|target|target_rescue_verify,138.4284496307373,309.77749824523926,155.37166595458984,690.0,29.0,213.8024,368.7511723226196,603.6376370305663,308.51839797442625
288,288,19,draft|draft_verify,31.211376190185547,155.4551124572754,0.0,709.0,6.0,42.983999999999995,154.88874912261963,186.72649344746094,154.88874912261963
288,288,20,draft|draft_verify|target|target_rescue_verify,117.29788780212402,312.3166561126709,176.93161964416504,715.0,25.0,185.404,341.62234805633545,606.60618355896,311.73346531361085
288,288,21,draft|draft_verify,87.03851699829102,155.55500984191895,0.0,734.0,18.0,133.6344,156.15832805633545,242.65354124020996,156.15832805633545
288,288,22,draft|draft_verify,467.14305877685547,179.2163848876953,0.0,752.0,100.0,764.5552,764.5552,646.4195236645508,467.14305877685547
288,288,23,draft|draft_verify|target|target_rescue_verify,50.969839096069336,357.4635982513428,226.26185417175293,852.0,10.0,75.91120000000001,358.0682720133667,634.755299519165,358.0682720133667
288,288,24,draft|draft_verify|target|backtracking_verify,242.88654327392578,406.99052810668945,257.1685314178467,882.0,51.0,401.64,605.1953048533447,907.1056435984619,446.44184812727053
288,288,25,draft|draft_verify|target|target_rescue_verify,184.93294715881348,601.4759540557861,182.2059154510498,1851.0,44.0,445.8536,746.6516122278931,968.6748518656494,504.2932762812378
288,288,26,draft|draft_verify|target|target_rescue_verify,64.67938423156738,408.05578231811523,77.51202583312988,954.0,15.0,118.4064,708.8537713460083,550.3072043828125,708.8537713460083
289,289,1,draft|draft_verify,152.72212028503418,31.173229217529297,0.0,97.0,34.0,204.1888,152.72212028503418,183.95537670256348,152.72212028503418
289,289,2,draft|draft_verify,137.986421585083,31.747817993164062,0.0,131.0,31.0,188.488,188.488,169.79426437824708,137.986421585083
289,289,3,draft|draft_verify,122.09105491638184,51.25784873962402,0.0,162.0,27.0,165.93120000000002,165.93120000000002,173.40892525600586,122.09105491638184
289,289,4,draft|draft_verify,224.3063449859619,58.61711502075195,0.0,189.0,50.0,312.1664,312.1664,282.9835000067138,224.3063449859619
289,289,5,draft|draft_verify,279.59251403808594,61.934471130371094,0.0,239.0,61.0,388.948,388.948,341.58703396845704,279.59251403808594
289,289,6,draft|draft_verify,158.60342979431152,78.9947509765625,0.0,300.0,34.0,220.2664,220.2664,237.65820797087403,158.60342979431152
289,289,7,draft|draft_verify,157.81760215759277,96.57883644104004,0.0,334.0,32.0,209.72,306.35886204104,254.4564641986328,254.45646419863283
290,290,1,draft|draft_verify|target|backtracking_verify,311.16652488708496,66.30063056945801,327.3811340332031,95.0,69.0,417.1944,344.376895371814,704.9083446897462,344.376895371814
290,290,2,draft|draft_verify|target|backtracking_verify,1459.7275257110596,315.7811164855957,2085.9436988830566,310.0,329.0,2261.9864,3541.854350005725,3861.512604279712,2739.5954757167847
290,290,3,draft|draft_verify|target|target_rescue_verify,2130.952835083008,958.7550163269043,3063.809871673584,1292.0,478.0,4496.4088,7633.237225441229,6153.578105483496,5267.781260524237
290,290,4,draft|draft_verify|target|target_rescue_verify,738.0900382995605,521.9404697418213,1737.309217453003,790.0,156.0,1218.336,2478.5060858328675,2997.399850294385,1998.2794523239136
290,290,5,draft|draft_verify,602.8013229370117,152.39715576171875,0.0,558.0,137.0,990.8696,990.8696,755.2585882987305,602.8013229370117
290,290,6,draft|draft_verify,169.13747787475586,157.8235626220703,0.0,695.0,41.0,304.028,461.9115954220703,327.02107329682616,327.02107329682616
291,291,1,draft|draft_verify,287.0829105377197,35.48383712768555,0.0,119.0,63.0,384.0144,287.0829105377197,322.6267980654053,287.0829105377197
291,291,2,draft|draft_verify,512.2792720794678,62.87550926208496,0.0,182.0,113.0,712.7288,712.7288,575.2148717415528,512.2792720794678
291,291,3,draft|draft_verify,478.0855178833008,94.57111358642578,0.0,295.0,109.0,716.2503999999999,716.2503999999999,572.7167186697266,478.0855178833008
291,291,4,draft|draft_verify,198.10771942138672,127.7315616607666,0.0,404.0,43.0,289.7104,289.7104,325.8993154821533,198.10771942138672
291,291,5,draft|draft_verify,109.73119735717773,132.01522827148438,0.0,447.0,21.0,142.5,274.57524507148435,241.8064424286621,259.866841132251
292,292,1,draft|draft_verify,202.52656936645508,38.58590126037598,0.0,124.0,44.0,267.6272,202.52656936645508,241.17250582683104,202.52656936645508
292,292,2,draft|draft_verify,158.84900093078613,53.498268127441406,0.0,168.0,35.0,216.0368,216.0368,212.40729705822753,158.84900093078613
292,292,3,draft|draft_verify|target|target_rescue_verify,989.8996353149414,147.8426456451416,158.6768627166748,203.0,215.0,1393.5728000000001,1467.554294822571,1296.4793156767578,1063.8811301375122
292,292,4,draft|draft_verify,161.65661811828613,63.21454048156738,0.0,220.0,35.0,220.28,220.28,224.9311865998535,161.65661811828613
292,292,5,draft|draft_verify|target|target_rescue_verify,428.0667304992676,24584.969520568848,332.60655403137207,255.0,92.0,593.8184,12886.363233884424,25345.70287869949,12720.611564383691
292,292,6,draft|draft_verify|target|target_rescue_verify,163.85746002197266,253.69572639465332,422.14465141296387,300.0,30.0,194.12400000000002,12419.39264748175,839.7578618295898,12419.39264748175
292,292,8,draft|draft_verify,169.33155059814453,93.7049388885498,0.0,385.0,34.0,226.9984,226.9984,263.0965166866944,169.33155059814453
292,292,9,draft|draft_verify,109.79032516479492,125.58674812316895,0.0,419.0,25.0,168.3544,294.00116812316895,235.43709328796388,235.43709328796388
293,293,1,draft|draft_verify,213.4087085723877,31.780719757080078,0.0,116.0,50.0,303.5816,213.4087085723877,245.24946832946776,213.4087085723877
293,293,2,draft|draft_verify,112.2596263885498,50.94099044799805,0.0,166.0,24.0,147.5856,147.5856,163.26063603654785,112.2596263885498
293,293,3,draft|draft_verify,152.8317928314209,62.592506408691406,0.0,190.0,32.0,199.0064,199.0064,215.4843248401123,152.8317928314209
293,293,4,draft|draft_verify|target|target_rescue_verify,162.26530075073242,123.40402603149414,366.58477783203125,222.0,34.0,214.0888,366.58477783203125,652.3141318142578,366.58477783203125
293,293,5,draft|draft_verify,70.7240104675293,60.58907508850098,0.0,279.0,17.0,108.62,108.62,131.37309915603026,70.7240104675293
293,293,6,draft|draft_verify,60.78505516052246,76.89642906188965,0.0,296.0,15.0,96.2976,96.2976,137.7414962224121,60.78505516052246
293,293,7,draft|draft_verify,113.12627792358398,78.88674736022949,0.0,311.0,26.0,168.68,247.62676816022952,192.0730460838135,192.0730460838135
294,294,1,draft|draft_verify,341.7212963104248,72.85594940185547,0.0,195.0,72.0,452.6424,341.7212963104248,414.63730331228027,341.7212963104248
294,294,2,draft|draft_verify,403.0191898345947,79.19573783874512,0.0,267.0,85.0,550.2952,550.2952,482.27499567333984,403.0191898345947
294,294,3,draft|draft_verify|target|target_rescue_verify,2271.5466022491455,300.1565933227539,491.7631149291992,352.0,480.0,3435.7632000000003,3585.901880661377,3063.5266945010985,2421.6852829105223
294,294,4,draft|draft_verify,309.30018424987793,127.73370742797852,0.0,423.0,62.0,422.3456,422.3456,437.09394127785646,309.30018424987793
294,294,5,draft|draft_verify,407.21917152404785,128.62324714660645,0.0,485.0,91.0,636.928,636.928,535.9024914706542,407.21917152404785
294,294,6,draft|draft_verify,357.2075366973877,134.02628898620605,0.0,576.0,78.0,561.3720000000001,561.3720000000001,491.29388808359374,357.2075366973877
294,294,7,draft|draft_verify,426.5425205230713,154.7079086303711,0.0,654.0,83.0,613.2944,613.2944,581.3104955534424,426.5425205230713
294,294,8,draft|draft_verify|target|target_rescue_verify,377.53820419311523,330.4579257965088,343.77241134643555,737.0,86.0,652.76,818.0490316982543,1051.8286101360595,542.8272358913696
294,294,9,draft|draft_verify,162.72902488708496,175.60601234436035,0.0,785.0,32.0,243.2744,243.2744,338.39506283144533,165.2289628982544
294,294,10,draft|draft_verify,164.81828689575195,179.79693412780762,0.0,817.0,32.0,245.6552,245.6552,344.6752466235596,175.66603794436034
294,294,11,draft|draft_verify,136.16228103637695,177.95133590698242,0.0,849.0,32.0,248.036,248.036,314.1736425433594,179.8569597278076
294,294,12,draft|draft_verify,149.8723030090332,179.74495887756348,0.0,881.0,32.0,250.4168,250.4168,329.6772874865967,178.0113615069824
294,294,13,draft|draft_verify,155.3032398223877,208.2228660583496,0.0,913.0,32.0,252.7976,252.7976,363.5861314807373,179.80498447756347
294,294,14,draft|draft_verify,152.80985832214355,204.65397834777832,0.0,945.0,32.0,255.1784,255.1784,357.5238622699219,208.2828916583496
294,294,15,draft|draft_verify,169.11602020263672,204.29015159606934,0.0,977.0,32.0,257.55920000000003,257.55920000000003,373.4661973987061,204.7140039477783
294,294,16,draft|draft_verify,166.8684482574463,210.0672721862793,0.0,1009.0,32.0,259.94,259.94,376.9957460437256,204.35017719606932
294,294,17,draft|draft_verify,153.0745029449463,230.28111457824707,0.0,1041.0,32.0,262.3208,262.3208,383.4156431231934,210.12729778627929
294,294,18,draft|draft_verify,156.0373306274414,231.76217079162598,0.0,1073.0,32.0,264.7016,264.7016,387.8595270190674,230.34114017824706
294,294,19,draft|draft_verify,143.3887481689453,233.5050106048584,0.0,1105.0,32.0,267.0824,267.0824,376.9537843738037,231.82219639162597
294,294,20,draft|draft_verify,144.1197395324707,258.46266746520996,0.0,1137.0,32.0,269.46320000000003,269.46320000000003,402.6424325976807,233.5650362048584
294,294,21,draft|draft_verify,155.3783416748047,260.67304611206055,0.0,1169.0,32.0,271.844,271.844,416.11141338686525,258.52269306521
294,294,22,draft|draft_verify,155.8859348297119,261.7020606994629,0.0,1201.0,32.0,274.2248,274.2248,417.6480211291748,260.73307171206056
294,294,23,draft|draft_verify,155.82847595214844,260.3285312652588,0.0,1233.0,32.0,276.6056,276.6056,416.21703281740724,261.7620862994629
294,294,24,draft|draft_verify,157.5779914855957,271.46434783935547,0.0,1265.0,32.0,278.9864,278.9864,429.1023649249512,260.3885568652588
294,294,25,draft|draft_verify,154.3428897857666,277.9850959777832,0.0,1297.0,32.0,281.3672,281.3672,432.3880113635498,271.5243734393555
294,294,26,draft|draft_verify,153.11217308044434,279.21295166015625,0.0,1329.0,32.0,283.748,283.748,432.3851503406006,278.0451215777832
294,294,27,draft|draft_verify,153.0916690826416,278.84674072265625,0.0,1361.0,32.0,286.1288,286.1288,431.99843540529787,279.27297726015627
294,294,28,draft|draft_verify,154.50191497802734,308.73799324035645,0.0,1393.0,32.0,288.5096,288.5096,463.2999338183838,278.90676632265627
294,294,29,draft|draft_verify,157.6542854309082,314.19825553894043,0.0,1425.0,32.0,290.8904,308.79801884035646,471.91256656984865,308.79801884035646
294,294,30,draft|draft_verify,156.84032440185547,313.6944770812988,0.0,1457.0,32.0,293.2712,314.25828113894045,470.5948270831543,314.25828113894045
294,294,31,draft|draft_verify,160.01272201538086,315.7212734222412,0.0,1489.0,32.0,295.652,313.75450268129885,475.7940210376221,313.75450268129885
294,294,32,draft|draft_verify,155.5778980255127,331.5415382385254,0.0,1521.0,32.0,298.0328,315.7812990222412,487.1794618640381,315.7812990222412
294,294,33,draft|draft_verify,158.74886512756348,331.707239151001,0.0,1553.0,32.0,300.4136,331.6015638385254,490.51612987856447,331.6015638385254
294,294,34,draft|draft_verify,156.01086616516113,333.9211940765381,0.0,1585.0,32.0,302.7944,331.767264751001,489.99208584169924,331.767264751001
294,294,35,draft|draft_verify,157.55701065063477,330.4624557495117,0.0,1617.0,32.0,305.1752,333.9812196765381,488.0794920001465,333.9812196765381
294,294,36,draft|draft_verify,156.4314365386963,352.53190994262695,0.0,1649.0,32.0,307.556,330.52248134951174,509.02337208132326,330.52248134951174
294,294,37,draft|draft_verify,157.52577781677246,362.1647357940674,0.0,1681.0,32.0,309.9368,352.59193554262697,519.7505392108399,352.59193554262697
294,294,38,draft|draft_verify,157.59539604187012,363.0812168121338,0.0,1713.0,32.0,312.31759999999997,362.2247613940674,520.7366384540039,362.2247613940674
294,294,39,draft|draft_verify,153.65910530090332,389.67299461364746,0.0,1745.0,32.0,314.6984,363.1412424121338,543.3921255145508,363.1412424121338
294,294,40,draft|draft_verify,162.71305084228516,393.4214115142822,0.0,1777.0,32.0,317.0792,389.7330202136475,556.1944879565674,389.7330202136475
294,294,41,draft|draft_verify,155.7142734527588,392.9898738861084,0.0,1809.0,32.0,319.46000000000004,393.48143711428224,548.7641729388672,393.48143711428224
294,294,42,draft|draft_verify,157.79876708984375,396.2702751159668,0.0,1841.0,32.0,321.8408,393.0498994861084,554.1290678058106,393.0498994861084
294,294,43,draft|draft_verify,154.11019325256348,405.00473976135254,0.0,1873.0,32.0,324.22159999999997,396.3303007159668,559.174958613916,396.3303007159668
294,294,45,draft|draft_verify,151.27205848693848,410.90941429138184,0.0,1937.0,32.0,328.9832,405.06476536135256,562.2414983783203,405.06476536135256
294,294,46,draft|draft_verify,145.06220817565918,410.6030464172363,0.0,1969.0,32.0,331.36400000000003,410.96943989138185,555.7252801928955,410.96943989138185
294,294,47,draft|draft_verify,159.041166305542,443.7370300292969,0.0,2001.0,32.0,333.7448,410.66307201723635,602.8382219348389,410.66307201723635
294,294,48,draft|draft_verify,159.6090793609619,425.25482177734375,0.0,2033.0,32.0,336.12559999999996,869.1119030066407,584.9239267383057,869.1119030066407
295,295,1,draft|draft_verify,155.8370590209961,31.404733657836914,0.0,127.0,35.0,212.6912,155.8370590209961,187.301820678833,155.8370590209961
295,295,2,draft|draft_verify,193.47047805786133,50.894975662231445,0.0,162.0,44.0,271.5488,271.5488,244.42548892009276,193.47047805786133
295,295,3,draft|draft_verify,274.28388595581055,60.94861030578613,0.0,206.0,62.0,390.5768,390.5768,335.2925458615967,274.28388595581055
295,295,4,draft|draft_verify|target|target_rescue_verify,340.73448181152344,165.29035568237305,458.42647552490234,268.0,73.0,471.6376,554.3428362411865,964.5113714187988,458.42647552490234
295,295,5,draft|draft_verify,317.7173137664795,104.12049293518066,0.0,336.0,69.0,456.5256,456.5256,421.8978619016602,317.7173137664795
295,295,6,draft|draft_verify,128.39245796203613,142.00139045715332,0.0,405.0,27.0,181.0944,181.0944,270.4538700191895,128.39245796203613
295,295,7,draft|draft_verify,214.3728733062744,127.55513191223145,0.0,432.0,46.0,313.18,313.18,341.9880420185059,214.3728733062744
295,295,8,draft|draft_verify|target|target_rescue_verify,170.17340660095215,257.274866104126,169.14844512939453,478.0,37.0,255.2776,383.975062652063,596.6567474344727,298.87086925301514
295,295,9,draft|draft_verify,327.12459564208984,129.852294921875,0.0,499.0,70.0,490.23040000000003,490.23040000000003,457.0369465639648,327.12459564208984
295,295,10,draft|draft_verify,139.93430137634277,129.20618057250977,0.0,569.0,29.0,205.6712,334.93740377250975,269.2005051488525,269.2005051488525
296,296,1,draft|draft_verify,184.6907138824463,30.991792678833008,0.0,114.0,42.0,254.364,184.6907138824463,215.7425401612793,184.6907138824463
296,296,2,draft|draft_verify,279.16502952575684,51.99170112609863,0.0,156.0,64.0,395.7856,395.7856,331.21678185185544,279.16502952575684
296,296,3,draft|draft_verify,488.4662628173828,78.99904251098633,0.0,220.0,109.0,696.8104,696.8104,567.5253925283691,488.4662628173828
296,296,4,draft|draft_verify|target|backtracking_verify,443.387508392334,201.53427124023438,534.4903469085693,329.0,94.0,623.4832,724.3104108201172,1179.4722017411377,544.2147192124512
296,296,5,draft|draft_verify|target|target_rescue_verify,254.03141975402832,384.7007751464844,285.08615493774414,839.0,54.0,420.1152,804.8760183464844,923.8783930382568,638.7922381005127
297,297,1,draft|draft_verify|target|backtracking_verify,466.68052673339844,94.1014289855957,194.17643547058105,137.0,113.0,700.6328,513.7913316261963,755.0184815895752,513.7913316261963
297,297,2,draft|draft_verify|target|target_rescue_verify,504.60362434387207,172.3763942718506,310.9571933746338,414.0,111.0,761.088,847.3362859359253,987.9973007903565,590.8519102797974
297,297,3,draft|draft_verify|target|target_rescue_verify,613.6670112609863,235.4743480682373,349.00426864624023,474.0,136.0,956.2479999999999,1074.0452828341186,1198.2057367754637,731.464294095105
297,297,4,draft|draft_verify|target|target_rescue_verify,512.6574039459229,179.91209030151367,285.5668067932129,272.0,112.0,730.2592,820.2753347507568,978.1963906406494,602.6735386966797
297,297,5,draft|draft_verify,183.26425552368164,80.72733879089355,0.0,315.0,39.0,254.3664,254.3664,264.0516255145752,183.26425552368164
297,297,6,draft|draft_verify,185.06145477294922,94.83551979064941,0.0,354.0,40.0,264.6064,264.6064,279.9570065635986,185.06145477294922
297,297,7,draft|draft_verify,181.9906234741211,126.79862976074219,0.0,394.0,39.0,261.57120000000003,261.57120000000003,308.8492844348633,181.9906234741211
297,297,8,draft|draft_verify,215.39664268493652,127.83098220825195,0.0,433.0,40.0,272.0008,272.0008,343.28765689318845,215.39664268493652
297,297,9,draft|draft_verify,180.6025505065918,129.67658042907715,0.0,473.0,39.0,268.776,268.776,310.33916213566897,180.6025505065918
297,297,10,draft|draft_verify,228.58428955078125,132.08651542663574,0.0,512.0,40.0,279.39520000000005,279.39520000000005,360.73083697741697,228.58428955078125
297,297,11,draft|draft_verify,186.6440773010254,129.4569969177246,0.0,552.0,39.0,275.9808,275.9808,316.16110541875,186.6440773010254
297,297,12,draft|draft_verify,185.7452392578125,133.162260055542,0.0,591.0,40.0,286.7896,286.7896,318.96753131335447,185.7452392578125
297,297,13,draft|draft_verify,183.96711349487305,135.03766059875488,0.0,631.0,39.0,283.1856,283.1856,319.06480529362796,183.96711349487305
297,297,14,draft|draft_verify,189.666748046875,154.23822402954102,0.0,670.0,40.0,294.184,294.184,343.965004076416,189.666748046875
297,297,15,draft|draft_verify,184.85426902770996,156.22425079345703,0.0,710.0,39.0,290.3904,290.3904,341.138551021167,184.85426902770996
297,297,16,draft|draft_verify,222.54014015197754,154.5722484588623,0.0,749.0,40.0,301.5784,301.5784,377.1724206108398,222.54014015197754
297,297,17,draft|draft_verify,249.14240837097168,176.95069313049316,0.0,789.0,39.0,297.5952,297.5952,426.15313270146487,249.14240837097168
297,297,18,draft|draft_verify,240.8287525177002,183.91180038452148,0.0,828.0,40.0,308.9728,308.9728,424.80058490222166,240.8287525177002
297,297,19,draft|draft_verify,188.66467475891113,178.85875701904297,0.0,868.0,39.0,304.8,304.8,367.5834629779541,188.66467475891113
297,297,20,draft|draft_verify,181.80179595947266,201.19071006774902,0.0,907.0,40.0,316.3672,316.3672,383.05253802722166,181.80179595947266
297,297,21,draft|draft_verify,180.1614761352539,202.68702507019043,0.0,947.0,39.0,312.0048,312.0048,382.90853240544436,201.25074206774903
297,297,22,draft|draft_verify,189.78619575500488,204.15854454040527,0.0,986.0,40.0,323.76160000000004,323.76160000000004,394.00477229541013,202.74705627019043
297,297,23,draft|draft_verify,183.76660346984863,228.60455513000488,0.0,1026.0,39.0,319.2096,319.2096,412.43118979985354,204.21857654040528
297,297,24,draft|draft_verify,192.77119636535645,231.9180965423584,0.0,1065.0,40.0,331.156,331.156,424.7493249077148,228.66458633000488
297,297,25,draft|draft_verify,188.40742111206055,234.82918739318848,0.0,1105.0,39.0,326.4144,326.4144,423.29663970524905,231.9781285423584
297,297,26,draft|draft_verify,189.59879875183105,256.7296028137207,0.0,1144.0,40.0,338.5504,338.5504,446.38843356555174,234.88921859318847
297,297,27,draft|draft_verify,183.441162109375,262.4084949493408,0.0,1184.0,39.0,333.6192,333.6192,445.90968825871585,256.7896348137207
297,297,28,draft|draft_verify,189.9261474609375,258.2859992980957,0.0,1223.0,40.0,345.9448,345.9448,448.2721787590332,262.46852614934085
297,297,29,draft|draft_verify,187.64615058898926,281.6495895385742,0.0,1263.0,39.0,340.824,340.824,469.3557713275635,258.3460312980957
297,297,30,draft|draft_verify,187.78657913208008,280.764102935791,0.0,1302.0,40.0,353.3392,353.3392,468.6107140678711,281.70962073857424
297,297,31,draft|draft_verify,189.8958683013916,281.33392333984375,0.0,1342.0,39.0,348.0288,348.0288,471.2898228412354,280.824134935791
297,297,32,draft|draft_verify,181.79988861083984,309.82375144958496,0.0,1381.0,40.0,360.7336,360.7336,491.6836720604248,281.3939545398438
297,297,33,draft|draft_verify,177.9036521911621,313.1988048553467,0.0,1421.0,39.0,355.2336,355.2336,491.1624882465088,309.88378344958494
297,297,34,draft|draft_verify,184.58938598632812,316.97916984558105,0.0,1460.0,40.0,368.12800000000004,368.12800000000004,501.62858783190916,313.2588360553467
297,297,35,draft|draft_verify,191.38193130493164,332.4713706970215,0.0,1500.0,39.0,362.4384,362.4384,523.9133332019532,317.03920184558103
297,297,36,draft|draft_verify,188.51351737976074,332.012414932251,0.0,1539.0,40.0,375.5224,375.5224,520.5859643120117,332.5314018970215
297,297,37,draft|draft_verify,192.04211235046387,334.15913581848145,0.0,1579.0,39.0,369.6432,369.6432,526.2612793689453,332.07244693225095
297,297,38,draft|draft_verify,195.0218677520752,358.4306240081787,0.0,1618.0,40.0,382.91679999999997,382.91679999999997,553.5125237602539,334.21916701848147
297,297,39,draft|draft_verify,193.4645175933838,356.20713233947754,0.0,1658.0,39.0,376.84799999999996,376.84799999999996,549.7316811328614,358.4906560081787
297,297,40,draft|draft_verify,195.34850120544434,364.23492431640625,0.0,1697.0,40.0,390.3112,390.3112,559.6434575218506,356.26716353947756
297,297,41,draft|draft_verify,192.7638053894043,399.03950691223145,0.0,1737.0,39.0,384.0528,384.0528,591.8633435016358,364.2949563164062
297,297,43,draft|draft_verify,188.76099586486816,398.0443477630615,0.0,1816.0,39.0,391.2576,399.09953811223147,586.8653748279297,399.09953811223147
297,297,44,draft|draft_verify,180.67073822021484,405.64823150634766,0.0,1855.0,40.0,405.1,405.1,586.3790017265625,398.10437896306155
297,297,45,draft|draft_verify,189.53824043273926,411.97967529296875,0.0,1895.0,39.0,398.4624,405.70826350634763,601.577946925708,405.70826350634763
297,297,46,draft|draft_verify,193.90630722045898,413.4349822998047,0.0,1934.0,40.0,412.49440000000004,412.49440000000004,607.4013215202637,412.0397064929688
297,297,47,draft|draft_verify,194.79751586914062,438.9305114746094,0.0,1974.0,39.0,405.6672,413.49501429980467,633.78805854375,413.49501429980467
297,297,48,draft|draft_verify,196.57182693481445,437.04962730407715,0.0,2013.0,40.0,419.8888,876.1002019786865,633.6814862388916,876.1002019786865
298,298,1,draft|draft_verify,124.29285049438477,21.744489669799805,0.0,74.0,27.0,160.44000000000003,124.29285049438477,146.09736176418457,124.29285049438477
298,298,2,draft|draft_verify,517.1289443969727,50.91738700866699,0.0,101.0,115.0,703.4656,703.4656,568.1064234056397,517.1289443969727
298,298,3,draft|draft_verify|target|backtracking_verify,569.4053173065186,172.00875282287598,1269.3593502044678,216.0,123.0,787.2719999999999,1269.3593502044678,2010.8335187338623,1269.3593502044678
298,298,4,draft|draft_verify|target|target_rescue_verify,2089.1926288604736,447.0808506011963,5774.049758911133,339.0,462.0,3282.5280000000002,5997.590184211731,8310.383607972803,5997.590184211731
299,299,1,draft|draft_verify,348.926305770874,31.402111053466797,0.0,95.0,82.0,497.1184,348.926305770874,380.3884824243408,348.926305770874
299,299,2,draft|draft_verify,59.54790115356445,50.52685737609863,0.0,177.0,14.0,86.10079999999999,86.10079999999999,110.13476972966308,59.54790115356445
299,299,3,draft|draft_verify,37.70589828491211,50.96030235290527,0.0,191.0,8.0,49.196,50.58686857609863,88.72620703781737,50.58686857609863
299,299,4,draft|draft_verify,51.01203918457031,52.25729942321777,0.0,199.0,12.0,74.292,74.292,103.32934820778809,51.02030875290527
299,299,5,draft|draft_verify|target|target_rescue_verify,268.9487934112549,128.00884246826172,482.3267459869385,211.0,63.0,397.704,482.3267459869385,879.3444322664551,482.3267459869385
299,299,6,draft|draft_verify,74.53632354736328,61.812639236450195,0.0,285.0,14.0,89.4704,89.4704,136.4089739838135,74.53632354736328
299,299,7,draft|draft_verify|target|backtracking_verify,39.12043571472168,171.56529426574707,95.6270694732666,299.0,8.0,51.010400000000004,147.71530396932374,306.3728058537354,147.71530396932374
299,299,8,draft|draft_verify|target|backtracking_verify,144.5908546447754,235.0010871887207,167.97637939453125,614.0,22.0,157.78,275.34056119436036,547.6283388280274,262.1514158391357
299,299,9,draft|draft_verify|target|backtracking_verify|target_rescue_verify,247.59221076965332,405.51185607910156,309.9243640899658,962.0,46.0,370.42,849.8517037082642,963.0884677387207,727.0239144779175
299,299,10,draft|draft_verify|target|backtracking_verify,134.02867317199707,398.1797695159912,194.91338729858398,990.0,24.0,193.07039999999998,609.130928462085,727.1818491865722,550.089201634082
299,299,11,draft|draft_verify|target|target_rescue_verify,546.3998317718506,970.0644016265869,910.2122783660889,1690.0,110.0,1087.892,2786.186312319458,2426.7365997645265,2244.6941440913088
300,300,1,draft|draft_verify|target|backtracking_verify,342.53621101379395,107.6502799987793,380.7554244995117,151.0,78.0,482.83200000000005,396.4214134131836,831.001977912085,396.4214134131836
300,300,2,draft|draft_verify|target|target_rescue_verify,457.0310115814209,280.3759574890137,1170.5524921417236,440.0,107.0,739.7264,1535.3446997876222,1908.0195468121583,1310.7404708862305
300,300,3,draft|draft_verify|target|target_rescue_verify,377.2857189178467,193.53294372558594,613.257884979248,296.0,84.0,549.4896,646.316139062793,1184.1366148226807,613.257884979248
300,300,4,draft|draft_verify|target|target_rescue_verify,418.7655448913574,252.4435520172119,357.58042335510254,397.0,100.0,680.2072,806.4890560086059,1028.8496002636718,545.0474008999633
300,300,5,draft|draft_verify,76.64370536804199,124.76897239685059,0.0,446.0,17.0,115.0328,251.05076200545653,201.47269136489257,251.05076200545653
301,301,1,draft|draft_verify|target|backtracking_verify,217.07630157470703,59.76271629333496,310.5144500732422,96.0,45.0,270.8136,310.5144500732422,587.4135039412841,310.5144500732422
301,301,2,draft|draft_verify|target|backtracking_verify|target_rescue_verify,608.8757514953613,200.90532302856445,653.0411243438721,285.0,139.0,915.2704,1392.5300656433594,1462.8823100677978,1086.1354171387206
301,301,3,draft|draft_verify|target|target_rescue_verify,890.4447555541992,1192.3015117645264,23994.391918182373,574.0,190.0,1394.0584000000001,24709.77282524109,26077.198337501097,24709.77282524109
301,301,4,draft|draft_verify,241.89448356628418,60.2564811706543,0.0,202.0,55.0,345.4432,345.4432,302.2110087369385,241.89448356628418
301,301,5,draft|draft_verify,235.49461364746094,88.00554275512695,0.0,257.0,51.0,326.64,326.64,323.5601972025879,235.49461364746094
301,301,6,draft|draft_verify|target|target_rescue_verify,388.319730758667,195.51801681518555,435.8370304107666,308.0,76.0,498.52,596.3390692075927,1019.7348387846191,486.13879996625974
301,301,7,draft|draft_verify,357.8474521636963,126.2362003326416,0.0,366.0,81.0,542.9879999999999,542.9879999999999,484.1437172963379,357.8474521636963
301,301,8,draft|draft_verify,243.01791191101074,136.29841804504395,0.0,447.0,56.0,384.14,384.14,379.3763747560547,243.01791191101074
301,301,9,draft|draft_verify,351.9251346588135,131.00767135620117,0.0,503.0,74.0,519.3679999999999,519.3679999999999,482.99286521501466,351.9251346588135
301,301,10,draft|draft_verify,525.1154899597168,157.8381061553955,0.0,577.0,111.0,804.1199999999999,804.1199999999999,683.0136849151123,525.1154899597168
301,301,11,draft|draft_verify,191.2214756011963,153.8410186767578,0.0,688.0,41.0,303.356,303.356,345.1225270779541,191.2214756011963
301,301,12,draft|draft_verify,265.08307456970215,155.22336959838867,0.0,729.0,57.0,428.988,428.988,420.36648976809084,265.08307456970215
301,301,13,draft|draft_verify|target|backtracking_verify,294.6145534515381,354.2523384094238,533.376932144165,786.0,64.0,491.0416,668.2278204047119,1182.303875205127,533.376932144165
301,301,14,draft|draft_verify|target|backtracking_verify,472.47886657714844,544.5518493652344,138.72528076171875,1721.0,100.0,994.7896,1267.1256046826172,1155.8160767041015,744.8148712597656
301,301,15,draft|draft_verify|target|target_rescue_verify,714.6115303039551,995.3179359436035,821.7587471008301,2687.0,154.0,1898.9008,3106.0946455052976,2531.7483365483886,1921.8053758092528
301,301,16,draft|draft_verify,139.19639587402344,204.99753952026367,0.0,958.0,28.0,223.7056,428.76316192026366,344.2539577942871,404.12114910898435
302,302,1,draft|draft_verify|target|target_rescue_verify,401.23701095581055,110.8713150024414,323.44865798950195,156.0,92.0,572.1968,456.73274205703126,835.6170575477539,456.73274205703126
302,302,2,draft|draft_verify,340.40021896362305,60.7149600982666,0.0,204.0,76.0,479.8,479.8,401.1752398618896,340.40021896362305
302,302,3,draft|draft_verify,111.17148399353027,61.26046180725098,0.0,280.0,24.0,153.8784,153.8784,172.49196500078125,111.17148399353027
302,302,4,draft|draft_verify,116.54329299926758,77.56590843200684,0.0,304.0,25.0,161.7304,161.7304,194.16922143127442,116.54329299926758
302,302,5,draft|draft_verify,214.19024467468262,96.81558609008789,0.0,329.0,45.0,295.4184,295.4184,311.0658667647705,214.19024467468262
302,302,6,draft|draft_verify,175.0171184539795,92.9415225982666,0.0,374.0,40.0,266.4784,266.4784,268.0186730522461,175.0171184539795
302,302,7,draft|draft_verify,213.47403526306152,124.17840957641602,0.0,414.0,47.0,318.08000000000004,318.08000000000004,337.7124824394775,213.47403526306152
302,302,8,draft|draft_verify,25.208234786987305,124.73773956298828,0.0,461.0,6.0,40.007999999999996,124.23844717641602,150.0059791499756,124.23844717641602
302,302,9,draft|draft_verify,115.12374877929688,126.42884254455566,0.0,467.0,24.0,164.2008,164.2008,241.61261052385254,124.79774436298828
302,302,10,draft|draft_verify,151.1702537536621,144.20294761657715,0.0,491.0,35.0,242.3936,242.3936,295.43322937023925,151.1702537536621
302,302,11,draft|draft_verify|target|target_rescue_verify,574.7113227844238,263.11516761779785,649.2679119110107,526.0,131.0,936.488,1068.105688608899,1487.1545071132323,706.3290113933227
302,302,12,draft|draft_verify,146.4834213256836,132.4300765991211,0.0,631.0,29.0,209.8376,342.3276997991211,278.9735211248047,278.9735211248047
303,303,1,draft|draft_verify,192.40617752075195,30.5941104888916,0.0,124.0,42.0,255.348,192.40617752075195,223.06032160964355,192.40617752075195
303,303,2,draft|draft_verify|target|backtracking_verify,400.9275436401367,119.03834342956543,496.0064888000488,166.0,89.0,555.3176,614.8968429147827,1016.032447069751,496.0064888000488
303,303,3,draft|draft_verify|target|target_rescue_verify,462.2528553009033,274.8241424560547,774.867057800293,501.0,99.0,697.7375999999999,1291.3493149421874,1512.004134757251,1055.8645702430908
303,303,4,draft|draft_verify|target|backtracking_verify,315.3119087219238,260.13827323913574,198.77243041992188,618.0,68.0,495.1616,625.2907910195679,774.2826667809815,445.4410997414917
303,303,5,draft|draft_verify|target|target_rescue_verify|backtracking_verify,949.0175247192383,579.4985294342041,1055.302381515503,1025.0,204.0,1720.0344,2906.5449254055056,2583.878598868945,2135.528050124744
303,303,6,draft|draft_verify|target|target_rescue_verify|backtracking_verify,1405.5650234222412,717.5047397613525,867.8197860717773,1180.0,303.0,2704.2911999999997,3880.818582915645,2990.949791655371,2582.0924063378866
303,303,7,draft|draft_verify|target|target_rescue_verify|backtracking_verify,2249.5429515838623,804.6431541442871,1480.7686805725098,1286.0,493.0,4639.396,6297.171476568578,4535.015180700659,3907.318428152442
303,303,9,draft|draft_verify|target|target_rescue_verify,328.19437980651855,311.86556816101074,737.0302677154541,630.0,70.0,511.924,737.0302677154541,1377.1502716829834,737.0302677154541
303,303,10,draft|draft_verify,119.82965469360352,154.86788749694824,0.0,750.0,25.0,187.42000000000002,187.42000000000002,274.75756219055177,155.93278408050537
303,303,11,draft|draft_verify,170.6562042236328,166.0442352294922,0.0,775.0,35.0,265.568,431.67226322949216,336.760467453125,336.760467453125
304,304,1,draft|draft_verify,94.95353698730469,30.867815017700195,0.0,108.0,21.0,126.22800000000001,94.95353698730469,125.88136880500488,94.95353698730469
304,304,2,draft|draft_verify,287.6424789428711,46.44274711608887,0.0,129.0,57.0,348.348,348.348,334.14527165896,287.6424789428711
304,304,3,draft|draft_verify,217.91863441467285,58.34197998046875,0.0,186.0,50.0,311.8136,311.8136,276.32065439514156,217.91863441467285
304,304,4,draft|draft_verify,226.64356231689453,60.20498275756836,0.0,236.0,51.0,324.12,324.12,286.9085858744629,226.64356231689453
304,304,5,draft|draft_verify|target|backtracking_verify,297.8041172027588,155.30109405517578,394.8652744293213,287.0,61.0,395.86,473.5705958275879,848.0305344872559,394.8652744293213
304,304,6,draft|draft_verify|target|target_rescue_verify,392.90595054626465,232.90395736694336,472.3837375640869,348.0,98.0,654.9416,771.4536570834716,1098.253723877295,509.41800762973634
304,304,7,draft|draft_verify,289.6552085876465,126.90401077270508,0.0,418.0,62.0,421.6136,421.6136,416.6192689603516,289.6552085876465
304,304,8,draft|draft_verify,266.86954498291016,137.2077465057373,0.0,480.0,61.0,423.652,423.652,404.13734028864747,266.86954498291016
304,304,9,draft|draft_verify,227.92506217956543,129.23407554626465,0.0,541.0,45.0,317.8056,317.8056,357.21917372583005,227.92506217956543
304,304,10,draft|draft_verify,316.1046504974365,132.23600387573242,0.0,586.0,70.0,504.6376,504.6376,448.4007103731689,316.1046504974365
304,304,11,draft|draft_verify,287.9219055175781,152.63700485229492,0.0,656.0,63.0,463.92,463.92,440.61896076987307,287.9219055175781
304,304,12,draft|draft_verify,283.89978408813477,155.47490119934082,0.0,719.0,62.0,465.67999999999995,465.67999999999995,439.4347348874756,283.89978408813477
304,304,13,draft|draft_verify,262.42828369140625,174.07584190368652,0.0,781.0,46.0,350.872,350.872,436.56416239509275,262.42828369140625
304,304,14,draft|draft_verify,395.19214630126953,177.72150039672852,0.0,827.0,71.0,552.44,552.44,572.973703497998,395.19214630126953
304,304,15,draft|draft_verify,244.2605495452881,201.6608715057373,0.0,898.0,63.0,499.9296,499.9296,445.9814714510254,244.2605495452881
304,304,16,draft|draft_verify,257.11965560913086,202.34441757202148,0.0,961.0,62.0,501.1088,501.1088,459.52412278115236,257.11965560913086
304,304,17,draft|draft_verify,207.29804039001465,228.24954986572266,0.0,1023.0,46.0,377.00800000000004,377.00800000000004,435.60762705573734,207.29804039001465
304,304,18,draft|draft_verify,344.2234992980957,225.5532741546631,0.0,1069.0,71.0,593.096,593.096,569.8368302527588,344.2234992980957
304,304,19,draft|draft_verify,276.40557289123535,255.6300163269043,0.0,1140.0,63.0,535.9392,535.9392,532.0956396181397,276.40557289123535
304,304,20,draft|draft_verify,345.5336093902588,259.3390941619873,0.0,1203.0,62.0,536.5376,536.5376,604.932753152246,345.5336093902588
304,304,21,draft|draft_verify,240.6625747680664,285.9833240509033,0.0,1265.0,46.0,403.144,403.144,526.7059356189698,259.3991437619873
304,304,22,draft|draft_verify,365.3135299682617,285.05587577819824,0.0,1311.0,71.0,633.752,633.752,650.42946254646,365.3135299682617
304,304,23,draft|draft_verify,294.0549850463867,308.21824073791504,0.0,1382.0,63.0,571.9488,571.9488,602.3332761843018,294.0549850463867
304,304,24,draft|draft_verify,264.46080207824707,316.93196296691895,0.0,1445.0,62.0,571.9664,571.9664,581.452814645166,308.27829113791506
304,304,25,draft|draft_verify,214.98537063598633,331.5083980560303,0.0,1507.0,46.0,429.28,429.28,546.5538054920166,316.99201256691896
304,304,26,draft|draft_verify,325.96826553344727,334.06615257263184,0.0,1553.0,71.0,674.408,674.408,660.0944749060791,331.56843485603025
304,304,27,draft|draft_verify,330.28411865234375,352.83446311950684,0.0,1624.0,63.0,607.9584,607.9584,683.1786321718506,334.1262093726318
304,304,28,draft|draft_verify,295.4118251800537,362.6284599304199,0.0,1687.0,62.0,607.3951999999999,607.3951999999999,658.1003347104736,352.89451351950686
304,304,29,draft|draft_verify,223.49238395690918,389.74690437316895,0.0,1749.0,46.0,455.416,455.416,613.2993251300782,362.68850953041994
304,304,30,draft|draft_verify,299.6087074279785,395.2348232269287,0.0,1795.0,71.0,715.064,715.064,694.9035874549072,389.8069411731689
304,304,31,draft|draft_verify,292.91558265686035,402.7373790740967,0.0,1866.0,63.0,643.968,643.968,695.713012130957,395.2948800269287
304,304,32,draft|draft_verify,263.1981372833252,406.76259994506836,0.0,1929.0,62.0,642.824,642.824,670.0207868283935,402.7974294740967
304,304,33,draft|draft_verify,187.79325485229492,409.56854820251465,0.0,1991.0,46.0,481.552,481.552,597.4218398548096,406.8226495450684
304,304,34,draft|draft_verify,336.1246585845947,457.61847496032715,0.0,2037.0,71.0,755.72,1213.3985317603272,793.8031903449219,867.3071167628418
305,305,1,draft|draft_verify|target|backtracking_verify,181.31375312805176,65.63258171081543,266.6020393371582,133.0,37.0,225.46959999999999,266.6020393371582,513.6084037760254,266.6020393371582
305,305,2,draft|draft_verify|target|backtracking_verify,459.87606048583984,225.4481315612793,840.6209945678711,341.0,92.0,612.6008,1202.057469554895,1526.0052602149904,1049.332730040735
305,305,4,draft|draft_verify|target|target_rescue_verify,1708.526372909546,529.3104648590088,1517.4460411071777,830.0,364.0,2971.0144,4423.797439320626,3755.3431700757324,3161.309412230172
305,305,5,draft|draft_verify|target|target_rescue_verify,1009.8044872283936,535.8109474182129,1216.2261009216309,708.0,209.0,1605.26,2615.291428224475,2761.9017027682376,2019.8359154528687
305,305,6,draft|draft_verify,163.94901275634766,142.78268814086914,0.0,472.0,33.0,226.9368,369.7795145408692,306.79172729721677,306.79172729721677
306,306,1,draft|draft_verify,115.06032943725586,29.92415428161621,0.0,124.0,26.0,157.46,115.06032943725586,145.0445045188721,115.06032943725586
306,306,2,draft|draft_verify,454.20098304748535,59.86952781677246,0.0,150.0,113.0,704.1272,704.1272,514.1306012642578,454.20098304748535
306,306,3,draft|draft_verify|target|backtracking_verify,342.5126075744629,139.00017738342285,288.4969711303711,263.0,81.0,523.212,592.7721534917114,770.0698208882568,412.07276106617434
306,306,4,draft|draft_verify|target|target_rescue_verify,805.0317764282227,313.4629726409912,724.8671054840088,650.0,172.0,1289.3344000000002,1446.1260239204958,1843.4219921532226,961.8234003487182
306,306,5,draft|draft_verify|target|backtracking_verify,370.56708335876465,270.62249183654785,872.0991611480713,397.0,84.0,569.6088,872.0991611480713,1513.3488035433838,872.0991611480713
306,306,6,draft|draft_verify|target|target_rescue_verify|backtracking_verify,1494.4062232971191,524.5516300201416,1157.2082042694092,1023.0,312.0,2670.8856,3642.963674249811,3176.22630718667,2466.48429754693
306,306,7,draft|draft_verify|target|backtracking_verify|target_rescue_verify,1591.0732746124268,860.4493141174316,7665.50874710083,1261.0,355.0,3259.8496,8095.733404159546,10117.091619830688,8095.733404159546
306,306,10,draft|draft_verify|target|target_rescue_verify,1186.708927154541,1621.8061447143555,1367.6133155822754,4658.0,249.0,4275.804,6257.115772762622,4176.188586651172,3168.0206999171633
306,306,11,draft|draft_verify|target|target_rescue_verify,375.8416175842285,1259.406328201294,1134.951114654541,2941.0,78.0,998.424,2825.3659479285643,2770.2591228400634,2202.783565512793
307,307,1,draft|draft_verify|target|target_rescue_verify,344.41280364990234,101.1052131652832,434.82327461242676,125.0,86.0,527.912,434.82327461242676,880.4013602276123,434.82327461242676
307,307,2,draft|draft_verify|target|target_rescue_verify,409.2860221862793,129.75120544433594,553.6105632781982,193.0,92.0,580.2776,645.213276322168,1092.7078645088136,553.6105632781982
307,307,3,draft|draft_verify|target|target_rescue_verify,415.09509086608887,222.82648086547852,1214.080572128296,270.0,89.0,577.2824,1214.080572128296,1852.0622150598633,1214.080572128296
307,307,4,draft|draft_verify,244.25578117370605,135.42819023132324,0.0,471.0,52.0,359.31280000000004,359.31280000000004,379.7440130050293,244.25578117370605
307,307,5,draft|draft_verify,113.41714859008789,140.66290855407715,0.0,523.0,23.0,160.2416,300.96452695407714,254.14007554416503,276.21115878540036
308,308,1,draft|draft_verify,162.54568099975586,31.171560287475586,0.0,117.0,36.0,217.98000000000002,162.54568099975586,193.77727008723144,162.54568099975586
308,308,2,draft|draft_verify,142.38429069519043,47.005414962768555,0.0,153.0,32.0,196.2536,196.2536,189.44973125795897,142.38429069519043
308,308,3,draft|draft_verify|target|target_rescue_verify,925.107479095459,177.14595794677734,829.3190002441406,185.0,210.0,1350.864,1439.4971469733887,1931.632605286377,1013.7406260688476
308,308,4,draft|draft_verify,234.99274253845215,93.16015243530273,0.0,320.0,49.0,320.9464,320.9464,328.2129341737549,234.99274253845215
308,308,5,draft|draft_verify,275.12645721435547,96.07982635498047,0.0,369.0,58.0,387.3664,387.3664,371.2663299693359,275.12645721435547
308,308,6,draft|draft_verify,237.78057098388672,132.19690322875977,0.0,427.0,51.0,347.04,347.04,370.0375150126465,237.78057098388672
308,308,7,draft|draft_verify,44.85344886779785,127.3036003112793,0.0,478.0,9.0,60.92400000000001,132.25694402875976,172.21705637907715,132.25694402875976
308,308,8,draft|draft_verify,228.2121181488037,143.89562606811523,0.0,487.0,49.0,340.1848,340.1848,372.16778341691895,228.2121181488037
308,308,9,draft|draft_verify,223.86860847473145,130.540132522583,0.0,536.0,49.0,345.82959999999997,345.82959999999997,354.46878019731446,223.86860847473145
308,308,10,draft|draft_verify,265.76876640319824,132.80320167541504,0.0,585.0,57.0,409.6344,409.6344,398.6320136786133,265.76876640319824
308,308,11,draft|draft_verify,240.25607109069824,152.94790267944336,0.0,642.0,51.0,372.84000000000003,372.84000000000003,393.2640145701416,240.25607109069824
308,308,12,draft|draft_verify,307.481050491333,161.6063117980957,0.0,693.0,67.0,499.6576,499.6576,469.1474158894287,307.481050491333
308,308,13,draft|draft_verify|target|backtracking_verify,66.05076789855957,332.0789337158203,314.33820724487305,760.0,12.0,89.10239999999999,327.76584185600586,712.527918459253,327.76584185600586
308,308,14,draft|draft_verify|target|target_rescue_verify,79.36930656433105,322.13330268859863,200.14715194702148,772.0,14.0,104.6648,488.23278074650875,601.7097723999511,488.23278074650875
309,309,1,draft|draft_verify,93.13583374023438,37.00375556945801,0.0,110.0,20.0,120.272,93.13583374023438,130.1996053096924,93.13583374023438
309,309,2,draft|draft_verify,198.65942001342773,31.607389450073242,0.0,130.0,39.0,237.4944,237.4944,230.32684066350097,198.65942001342773
309,309,3,draft|draft_verify|target|target_rescue_verify,491.3525581359863,115.0057315826416,217.7283763885498,169.0,107.0,670.7840000000001,728.3469513913209,824.1467517071777,548.9155095273071
309,309,4,draft|draft_verify|target|target_rescue_verify,276.89671516418457,129.39763069152832,324.37634468078613,197.0,61.0,382.9,447.65886414576414,730.730739336499,341.65557930994873
309,309,5,draft|draft_verify,303.80892753601074,91.85576438903809,0.0,245.0,65.0,415.72400000000005,415.72400000000005,395.7247439250488,303.80892753601074
309,309,6,draft|draft_verify|target|target_rescue_verify,311.290979385376,181.26726150512695,302.07276344299316,310.0,63.0,412.4352,503.1288811525635,794.6910547334961,401.9846605379395
309,309,7,draft|draft_verify|target|target_rescue_verify,326.7335891723633,221.3270664215088,464.4951820373535,354.0,68.0,452.7104,563.4339876107543,1012.6158920312256,464.4951820373535
309,309,8,draft|draft_verify|target|target_rescue_verify,397.7844715118408,254.19306755065918,383.17298889160156,427.0,86.0,589.52,716.6766025753295,1035.2105967541015,524.9410740871704
309,309,9,draft|draft_verify|target|backtracking_verify,449.17798042297363,257.3285102844238,705.1501274108887,485.0,95.0,665.432,794.1563311422119,1411.7166941182861,705.1501274108887
309,309,10,draft|draft_verify|target|target_rescue_verify,444.0474510192871,264.01829719543457,606.5020561218262,580.0,70.0,503.644,635.7132045977173,1314.6278603365479,606.5020561218262
309,309,11,draft|draft_verify,560.5728626251221,154.25682067871094,0.0,668.0,89.0,661.34,661.34,714.889754503833,560.5728626251221
309,309,12,draft|draft_verify,237.20550537109375,155.81226348876953,0.0,757.0,37.0,279.3832,279.3832,393.0777984598633,237.20550537109375
309,309,13,draft|draft_verify,140.15531539916992,175.55665969848633,0.0,794.0,27.0,205.36800000000002,380.98468129848635,315.7719966976563,331.4889743872559
310,310,1,draft|draft_verify,409.95264053344727,47.16038703918457,0.0,121.0,68.0,415.24399999999997,409.95264053344727,457.17308197263185,409.95264053344727
310,310,2,draft|draft_verify|target|backtracking_verify,310.8530044555664,128.04722785949707,385.4174613952637,189.0,68.0,426.1784,490.26206832974856,824.3777481103272,385.4174613952637
310,310,3,draft|draft_verify|target|target_rescue_verify,722.6846218109131,252.39229202270508,523.66042137146,505.0,127.0,900.8944,1027.1506476113525,1498.7974368050782,848.9408694222657
310,310,4,draft|draft_verify|target|target_rescue_verify,1810.4135990142822,453.7172317504883,1587.3205661773682,650.0,389.0,3019.2584,4153.26691810155,3851.5117081421386,2944.4221171158324
310,310,5,draft|draft_verify|target|target_rescue_verify,231.4624786376953,185.3044033050537,173.10070991516113,353.0,48.0,318.0456,410.75784005252683,589.9276302579101,324.17471869022216
310,310,6,draft|draft_verify|target|target_rescue_verify,1261.077880859375,255.2471160888672,391.7219638824463,376.0,229.0,1582.8616,1710.5453412444335,1908.1071440306885,1388.7616221038086
310,310,7,draft|draft_verify|target|target_rescue_verify,339.24198150634766,254.38594818115234,466.6018486022949,437.0,72.0,493.8792,621.1322316905762,1060.2898358897949,466.6018486022949
310,310,8,draft|draft_verify,334.7814083099365,132.05742835998535,0.0,512.0,71.0,499.52,499.52,466.89889346992186,334.7814083099365
310,310,9,draft|draft_verify,345.7350730895996,133.70037078857422,0.0,583.0,63.0,453.0576,453.0576,479.49549427817385,345.7350730895996
310,310,10,draft|draft_verify|target|target_rescue_verify,499.62806701660156,320.53256034851074,571.7148780822754,646.0,96.0,709.2719999999999,869.5983569742552,1391.9355822473876,659.9544239908569
310,310,11,draft|draft_verify|target|backtracking_verify,135.41603088378906,316.35546684265137,200.9134292602539,722.0,28.0,208.4128,366.6505558213257,652.7449493866943,318.50403599558103
310,310,12,draft|draft_verify|target|target_rescue_verify,966.2842750549316,838.0472660064697,4458.326578140259,1497.0,210.0,2008.9632000000001,4877.350211143494,6262.71828720166,4877.350211143494
310,310,13,draft|draft_verify,796.0522174835205,178.70044708251953,0.0,754.0,171.0,1324.056,1324.056,974.81280136604,796.0522174835205
310,310,14,draft|draft_verify,180.0217628479004,202.7137279510498,0.0,925.0,36.0,285.852,285.852,382.7955195989502,180.0217628479004
310,310,15,draft|draft_verify|target|target_rescue_verify,2001.2521743774414,520.8284854888916,952.2709846496582,961.0,364.0,3085.1416,3345.6161339444457,3474.411935715991,2261.726708321887
310,310,16,draft|draft_verify,133.73136520385742,231.24098777770996,0.0,1100.0,31.0,258.256,260.4142427444458,365.0323777815674,260.4142427444458
310,310,17,draft|draft_verify,22.168636322021484,226.17077827453613,0.0,1131.0,4.0,31.117600000000003,231.30101257770997,248.39941779655763,231.30101257770997
310,310,18,draft|draft_verify|target|target_rescue_verify,242.8581714630127,514.0295028686523,572.7005004882812,1135.0,54.0,457.7664,714.8411946343261,1329.6482180199464,572.7005004882812
310,310,19,draft|draft_verify,427.39319801330566,277.61387825012207,0.0,1226.0,91.0,796.9839999999999,796.9839999999999,705.0671490634277,427.39319801330566
310,310,20,draft|draft_verify,415.2412414550781,283.77318382263184,0.0,1317.0,90.0,807.5232,807.5232,699.07449727771,415.2412414550781
310,310,21,draft|draft_verify,654.2294025421143,316.725492477417,0.0,1407.0,121.0,1117.18,1117.18,971.0149918195312,654.2294025421143
310,310,22,draft|draft_verify,432.10864067077637,332.9639434814453,0.0,1528.0,90.0,852.5928,852.5928,765.1326561522217,432.10864067077637
310,310,23,draft|draft_verify,546.3225841522217,352.0393371582031,0.0,1618.0,121.0,1177.948,1177.948,898.4220181104248,546.3225841522217
310,310,24,draft|draft_verify,459.9730968475342,393.99099349975586,0.0,1739.0,89.0,887.5352,887.5352,854.0241615472901,459.9730968475342
310,310,25,draft|draft_verify,409.73782539367676,396.5885639190674,0.0,1828.0,89.0,906.3319999999999,906.3319999999999,806.3864605127442,409.73782539367676
310,310,26,draft|draft_verify,524.4905948638916,409.1074466705322,0.0,1917.0,120.0,1253.4312,1253.4312,933.6581375344239,524.4905948638916
310,310,27,draft|draft_verify,416.37635231018066,425.31275749206543,0.0,2037.0,89.0,950.4728,1375.8456286920655,841.7491810022461,841.7491810022461
311,311,1,draft|draft_verify,178.27153205871582,30.130386352539062,0.0,106.0,42.0,253.57680000000002,178.27153205871582,208.46195201125488,178.27153205871582
311,311,2,draft|draft_verify|target|backtracking_verify,245.51653861999512,106.68230056762695,310.20164489746094,148.0,56.0,344.67199999999997,398.07319508381346,662.460528885083,310.20164489746094
311,311,3,draft|draft_verify|target|target_rescue_verify,513.667106628418,279.90150451660156,1350.6278991699219,400.0,116.0,792.248,1677.548170772412,2144.2566031149413,1490.5786514282227
311,311,4,draft|draft_verify|target|backtracking_verify,263.8437747955322,178.42888832092285,629.2753219604492,303.0,54.0,351.93600000000004,629.2753219604492,1071.6080282769044,629.2753219604492
311,311,5,draft|draft_verify|target|target_rescue_verify,916.1956310272217,282.0405960083008,659.6724987030029,357.0,186.0,1267.44,1408.5204468041504,1857.9688745385254,1057.276077831372
311,311,6,draft|draft_verify|target|target_rescue_verify,435.23240089416504,272.7797031402588,501.3105869293213,465.0,92.0,639.6824,776.1323251701294,1209.3827645637452,571.6823260642944
311,311,7,draft|draft_verify|target|target_rescue_verify,543.4896945953369,264.44315910339355,637.0604038238525,542.0,116.0,831.44,963.7216723516968,1445.053350322583,675.7713669470337
311,311,8,draft|draft_verify|target|target_rescue_verify,1323.857307434082,346.127986907959,699.7053623199463,643.0,293.0,2235.1016,2408.2258278539794,2369.750891061987,1496.9815352880614
311,311,9,draft|draft_verify|target|backtracking_verify,360.17465591430664,333.46104621887207,391.97278022766113,755.0,75.0,571.248,738.0385831094361,1085.6685423608399,526.9652390237427
311,311,10,draft|draft_verify|target|target_rescue_verify,1366.142749786377,604.1514873504639,686.4690780639648,1644.0,277.0,2770.708,3072.843965275232,2656.8235368008054,1668.2787150616089
311,311,11,draft|draft_verify|target|target_rescue_verify,954.186201095581,638.5021209716797,380.6483745574951,1892.0,206.0,2163.98,2483.29122528584,1973.396861424756,1273.4974263814208
311,311,12,draft|draft_verify,124.23563003540039,232.42974281311035,0.0,1065.0,25.0,205.564,319.25106048583984,356.72539284851075,319.25106048583984
311,311,13,draft|draft_verify,136.51371002197266,231.4763069152832,0.0,1090.0,27.0,223.83840000000004,464.0260913283936,368.0500385372559,464.0260913283936
312,312,1,draft|draft_verify|target|target_rescue_verify,221.909761428833,71.60305976867676,444.99731063842773,113.0,48.0,290.9736,444.99731063842773,738.5701702359374,444.99731063842773
312,312,2,draft|draft_verify|target|target_rescue_verify,333.10890197753906,128.36909294128418,403.58567237854004,182.0,73.0,456.77680000000004,521.0214048706421,865.1237256973633,403.58567237854004
312,312,3,draft|draft_verify|target|backtracking_verify,315.20724296569824,169.9850559234619,426.2993335723877,245.0,68.0,435.1832,520.2357823617309,911.5516868615479,426.2993335723877
312,312,4,draft|draft_verify|target|target_rescue_verify,836.7400169372559,466.95637702941895,2538.8219356536865,624.0,179.0,1332.2672,2951.9555937989076,3842.578472820361,2772.300124168396
312,312,5,draft|draft_verify|target|target_rescue_verify,550.6505966186523,259.06872749328613,624.1793632507324,520.0,118.0,839.9032000000001,969.4976581466432,1433.958781762671,680.2450547652954
312,312,6,draft|draft_verify,100.51727294921875,135.14161109924316,0.0,619.0,18.0,128.94240000000002,264.73598924588623,235.7188984484619,264.73598924588623
313,313,1,draft|draft_verify|target|backtracking_verify,285.7508659362793,112.67733573913574,208.2374095916748,184.0,64.0,400.0192,342.14958500584714,606.7256624670898,342.14958500584714
313,313,2,draft|draft_verify|target|target_rescue_verify,748.7187385559082,285.30287742614746,695.826530456543,461.0,171.0,1204.5120000000002,1766.4625600978823,1729.9082832385986,1310.6692986537903
313,313,3,draft|draft_verify|target|backtracking_verify,304.9139976501465,231.91142082214355,116.60575866699219,564.0,64.0,457.4752,573.4909616110717,653.4912283392822,420.92975926121824
313,313,4,draft|draft_verify|target|target_rescue_verify,1380.8910846710205,565.9401416778564,1020.1842784881592,963.0,296.0,2485.6279999999997,3448.5324893863644,2967.075741637036,2343.7955740573852
313,313,5,draft|draft_verify,176.76973342895508,89.90120887756348,0.0,296.0,36.0,233.01600000000002,233.01600000000002,266.73097110651855,176.76973342895508
313,313,6,draft|draft_verify,123.37732315063477,84.82003211975098,0.0,332.0,25.0,163.3432,163.3432,208.25737527038575,123.37732315063477
313,313,7,draft|draft_verify|target|target_rescue_verify,195.83868980407715,200.93536376953125,275.0728130340576,357.0,41.0,271.58,372.1077146847656,671.9068994076661,296.36640448884276
313,313,8,draft|draft_verify,119.85445022583008,100.95977783203125,0.0,395.0,25.0,166.972,166.972,220.87424805786134,119.85445022583008
313,313,9,draft|draft_verify,146.56901359558105,136.8997097015381,0.0,420.0,31.0,209.296,209.296,283.52874809711915,146.56901359558105
313,313,10,draft|draft_verify,80.95049858093262,126.33800506591797,0.0,451.0,17.0,115.2248,136.9597345015381,207.34851724685058,136.9597345015381
313,313,11,draft|draft_verify|target|target_rescue_verify,510.6022357940674,276.2258052825928,386.4717483520508,468.0,107.0,746.8496,885.0225882412964,1173.359875028711,648.7752240353637
313,313,12,draft|draft_verify,72.26061820983887,136.45601272583008,0.0,522.0,14.0,96.8648,138.1129026412964,208.77664213566896,138.1129026412964
313,313,13,draft|draft_verify,379.06694412231445,138.68451118469238,0.0,536.0,78.0,553.98,553.98,517.8115177070068,379.06694412231445
313,313,14,draft|draft_verify,52.58679389953613,129.669189453125,0.0,614.0,12.0,85.24799999999999,138.74457358469238,182.31599295266113,138.74457358469238
313,313,15,draft|draft_verify,172.52278327941895,131.44159317016602,0.0,626.0,38.0,275.396,275.396,304.0244068495849,172.52278327941895
313,313,16,draft|draft_verify|target|target_rescue_verify,302.02364921569824,314.09287452697754,495.6700801849365,664.0,64.0,472.5952,629.7016884634887,1111.8466551276124,495.6700801849365
313,313,17,draft|draft_verify|target|target_rescue_verify,362.7758026123047,333.5614204406738,380.8772563934326,722.0,78.0,588.3528,755.1935726203369,1077.274541846411,529.6165752326416
313,313,18,draft|draft_verify,273.1485366821289,175.92835426330566,0.0,780.0,58.0,443.5912,443.5912,449.13693734543455,273.1485366821289
313,313,19,draft|draft_verify,280.8094024658203,187.29162216186523,0.0,838.0,58.0,451.5256,451.5256,468.1610710276855,280.8094024658203
313,313,20,draft|draft_verify,142.08626747131348,200.83284378051758,0.0,896.0,29.0,227.6456,227.6456,342.97913445183104,187.35166856186524
313,313,21,draft|draft_verify,72.26181030273438,204.1916847229004,0.0,925.0,14.0,109.4384,200.89286698051757,276.5135062256348,200.89286698051757
313,313,22,draft|draft_verify,384.9005699157715,206.3910961151123,0.0,939.0,78.0,628.4544000000001,628.4544000000001,591.3517284308838,384.9005699157715
313,313,23,draft|draft_verify,41.94784164428711,204.6184539794922,0.0,1017.0,7.0,54.8752,206.4511585151123,246.6263012237793,206.4511585151123
313,313,24,draft|draft_verify|target|target_rescue_verify,736.6032600402832,490.27299880981445,776.2706279754639,1024.0,169.0,1417.0072,1662.2038346049071,2003.2070220255614,981.7998946451904
313,313,25,draft|draft_verify,64.90969657897949,243.28064918518066,0.0,1129.0,12.0,98.844,245.13649940490723,308.25035536416016,245.13649940490723
313,313,26,draft|draft_verify,60.81986427307129,235.01992225646973,0.0,1141.0,11.0,90.656,243.34065878518066,295.899795329541,243.34065878518066
313,313,27,draft|draft_verify,325.49595832824707,261.6262435913086,0.0,1152.0,59.0,503.12480000000005,503.12480000000005,587.1822491195556,325.49595832824707
313,313,28,draft|draft_verify,168.6859130859375,260.81275939941406,0.0,1211.0,35.0,301.1456,301.1456,429.55870048535155,261.6862907913086
313,313,29,draft|draft_verify,261.6410255432129,280.54022789001465,0.0,1246.0,54.0,471.8856,471.8856,542.2412966332275,261.6410255432129
313,313,30,draft|draft_verify,247.6937770843506,360.08167266845703,0.0,1300.0,54.0,478.75440000000003,478.75440000000003,607.8354929528076,280.60027109001464
313,313,31,draft|draft_verify,255.5234432220459,284.70373153686523,0.0,1354.0,54.0,485.6232,485.6232,540.2872179589111,360.141715868457
313,313,32,draft|draft_verify,198.23789596557617,314.685583114624,0.0,1408.0,42.0,381.6936,381.6936,512.9835126802002,284.76377473686523
313,313,33,draft|draft_verify,61.61642074584961,316.131591796875,0.0,1450.0,12.0,107.3184,314.745616714624,377.8080221427246,314.745616714624
313,313,34,draft|draft_verify|target|target_rescue_verify,227.34379768371582,636.3017559051514,232.3009967803955,1462.0,49.0,452.5048,770.7157171525757,1096.0065895692628,634.4025185494506
313,313,35,draft|draft_verify,90.7595157623291,319.1404342651367,0.0,1491.0,18.0,164.52,318.1508779525757,409.9599644274658,318.1508779525757
313,313,36,draft|draft_verify,109.05885696411133,335.4308605194092,0.0,1509.0,20.0,184.0664,319.2004486651367,444.5497334835205,319.2004486651367
313,313,37,draft|draft_verify,92.38219261169434,335.12306213378906,0.0,1529.0,13.0,118.8424,670.6739490531983,427.5652651454834,670.6739490531983
314,314,1,draft|draft_verify|target|target_rescue_verify,557.0077896118164,95.45731544494629,207.88240432739258,155.0,123.0,769.4112,604.7965457342896,860.4076077841553,604.7965457342896
314,314,2,draft|draft_verify|target|backtracking_verify,336.70878410339355,121.84953689575195,585.0021839141846,182.0,75.0,469.4832,585.0021839141846,1043.62056491333,585.0021839141846
314,314,5,draft|draft_verify|target|target_rescue_verify,105.73863983154297,353.33251953125,219.1791534423828,829.0,24.0,184.1832,537.57573873125,678.3103320051757,459.13117856279297
315,315,1,draft|draft_verify|target|target_rescue_verify,993.2234287261963,122.4508285522461,659.2650413513184,109.0,163.0,1009.6864,1054.5089734023193,1774.999429029761,1054.5089734023193
315,315,2,draft|draft_verify|target|target_rescue_verify,667.3510074615479,235.71252822875977,1943.5467720031738,216.0,118.0,754.5400000000001,1943.5467720031738,2846.6704020934812,1943.5467720031738
315,315,3,draft|draft_verify|target|target_rescue_verify,634.4892978668213,650.1119136810303,12134.902477264404,519.0,144.0,1029.3912,12459.95843410492,13419.563804012256,12459.95843410492
316,316,1,draft|draft_verify|target|backtracking_verify,237.70737648010254,123.14009666442871,479.5341491699219,212.0,52.0,327.6112,479.5341491699219,840.4416639144531,479.5341491699219
316,316,2,draft|draft_verify|target|backtracking_verify,613.8436794281006,326.7655372619629,859.5888614654541,552.0,135.0,974.1312,1649.0598916791992,1800.2581861555177,1288.7723711073
316,316,3,draft|draft_verify|target|target_rescue_verify,1560.7919692993164,794.0025329589844,1879.3730735778809,1373.0,322.0,3030.0735999999997,4963.622839664383,4234.227833436182,3494.3412089637
316,316,4,draft|draft_verify|target|target_rescue_verify,1256.3340663909912,649.6479511260986,1288.0489826202393,1268.0,260.0,2361.3968,3525.1998602109984,3194.091208137329,2420.1371266019896
316,316,5,draft|draft_verify|target|backtracking_verify|target_rescue_verify,805.213212966919,525.9358882904053,1366.412878036499,979.0,174.0,1441.3632,2519.0816944360536,2697.622118493823,1882.9317074029723
316,316,6,draft|draft_verify|target|backtracking_verify|target_rescue_verify,1496.8478679656982,897.6490497589111,1870.377540588379,1747.0,327.0,3371.7552,5366.774696791345,4264.934719912988,3491.8673647570436
316,316,7,draft|draft_verify|target|target_rescue_verify,850.7275581359863,748.1083869934082,919.252872467041,1985.0,184.0,1968.3784,3026.551693028247,2518.1489647964354,1908.9008511642332
316,316,8,draft|draft_verify,390.0115489959717,178.2090663909912,0.0,809.0,83.0,643.7984,643.7984,568.2806817869629,390.0115489959717
316,316,9,draft|draft_verify,157.7460765838623,179.7032356262207,0.0,892.0,28.0,219.4288,219.4288,337.509334610083,178.26913279099122
316,316,10,draft|draft_verify,71.93732261657715,200.1049518585205,0.0,920.0,15.0,117.26400000000001,379.9282218847412,272.1022864750977,379.9282218847412
317,317,1,draft|draft_verify|target|backtracking_verify,280.853271484375,83.26053619384766,266.74938201904297,132.0,57.0,348.7512,322.54358518129885,630.9232352972656,322.54358518129885
317,317,2,draft|draft_verify|target|target_rescue_verify|backtracking_verify,462.85295486450195,255.9504508972168,948.3644962310791,361.0,103.0,692.2,1358.4051686884522,1667.227984392798,1129.0581235529542
317,317,3,draft|draft_verify|target|target_rescue_verify,909.5449447631836,341.2513732910156,1146.4002132415771,492.0,194.0,1386.3847999999998,2215.58359178905,2397.256686495776,1738.743736552234
317,317,4,draft|draft_verify|target|target_rescue_verify,1064.4147396087646,279.2999744415283,1052.5329113006592,351.0,225.0,1540.6776,1820.0377544415283,2396.307805350952,1343.774894050293
318,318,1,draft|draft_verify,79.41079139709473,39.19029235839844,0.0,137.0,15.0,90.9552,79.41079139709473,118.66109575549316,79.41079139709473
318,318,2,draft|draft_verify,215.18611907958984,50.85921287536621,0.0,152.0,47.0,289.15520000000004,289.15520000000004,266.10536955495604,215.18611907958984
318,318,3,draft|draft_verify,450.85954666137695,61.36822700500488,0.0,199.0,102.0,646.08,646.08,512.2878552663818,450.85954666137695
318,318,4,draft|draft_verify,163.10739517211914,77.08740234375,0.0,301.0,35.0,226.8896,226.8896,240.25482551586913,163.10739517211914
318,318,5,draft|draft_verify,234.50922966003418,93.09530258178711,0.0,336.0,49.0,322.7896,322.7896,327.6645714418213,234.50922966003418
318,318,6,draft|draft_verify,147.12858200073242,93.91951560974121,0.0,385.0,26.0,173.12,267.09953640974123,241.10811841047362,241.10811841047365
319,319,1,draft|draft_verify,164.0770435333252,30.38763999938965,0.0,108.0,36.0,217.22400000000002,164.0770435333252,194.52471233271484,164.0770435333252
319,319,2,draft|draft_verify,441.56837463378906,58.64691734313965,0.0,144.0,99.0,613.7712,613.7712,500.27537117692873,441.56837463378906
319,319,3,draft|draft_verify,457.17811584472656,78.58657836914062,0.0,243.0,99.0,637.056,637.056,535.8247734138672,457.17811584472656
319,319,4,draft|draft_verify,135.66303253173828,97.18799591064453,0.0,342.0,29.0,190.4168,190.4168,232.9110516423828,135.66303253173828
319,319,5,draft|draft_verify,166.35680198669434,92.88382530212402,0.0,371.0,36.0,239.316,239.316,259.30065608881836,166.35680198669434
319,319,6,draft|draft_verify,179.87394332885742,125.55408477783203,0.0,407.0,38.0,255.9488,255.9488,305.4880585066894,179.87394332885742
319,319,7,draft|draft_verify|target|target_rescue_verify,372.39694595336914,255.2816867828369,500.78701972961426,445.0,63.0,432.5232,560.2240937914185,1128.5257028658202,500.78701972961426
319,319,8,draft|draft_verify,163.71464729309082,128.2522678375244,0.0,521.0,33.0,230.70000000000002,359.01229423752443,292.0269415306152,292.0269415306152
320,320,1,draft|draft_verify,99.72929954528809,30.660152435302734,0.0,102.0,22.0,131.9752,99.72929954528809,130.4494695805908,99.72929954528809
320,320,2,draft|draft_verify,367.8116798400879,51.59258842468262,0.0,124.0,85.0,521.4664,521.4664,419.4643362647705,367.8116798400879
320,320,3,draft|draft_verify,592.0040607452393,78.77182960510254,0.0,209.0,129.0,824.4792,824.4792,670.8359935503418,592.0040607452393
320,320,4,draft|draft_verify,501.34825706481934,142.16256141662598,0.0,338.0,102.0,679.7736,679.7736,643.5709000814453,501.34825706481934
320,320,5,draft|draft_verify,127.79641151428223,126.63078308105469,0.0,440.0,26.0,176.42000000000002,303.1108038810547,254.48721539533693,268.91344689768067
321,321,1,draft|draft_verify|target|target_rescue_verify,575.4969120025635,126.4183521270752,671.3476181030273,142.0,119.0,740.1248,671.3476181030273,1373.322977432666,671.3476181030273
321,321,3,draft|draft_verify|target|target_rescue_verify,482.67197608947754,357.1493625640869,371.05822563171387,783.0,107.0,826.9856,1005.6203668820434,1210.9396498852784,661.306742971521
321,321,4,draft|draft_verify,83.83965492248535,175.11749267578125,0.0,835.0,16.0,122.188,353.7521867578247,259.0171603982666,353.7521867578247
322,322,1,draft|draft_verify,211.90357208251953,30.30848503112793,0.0,100.0,47.0,283.4144,211.90357208251953,242.27209471364745,211.90357208251953
322,322,2,draft|draft_verify,1963.749647140503,139.48655128479004,0.0,147.0,428.0,2826.6728000000003,2826.6728000000003,2103.296540825293,1963.749647140503
322,322,3,draft|draft_verify,2099.9252796173096,215.98315238952637,0.0,575.0,433.0,3306.0472,3306.0472,2315.968778406836,2099.9252796173096
322,322,4,draft|draft_verify,496.0596561431885,228.93261909484863,0.0,1008.0,107.0,884.2256,1113.2183046948487,725.0523608380371,725.0523608380371
323,323,1,draft|draft_verify|target|target_rescue_verify,476.0472774505615,86.44890785217285,422.09529876708984,115.0,106.0,650.7760000000001,519.331816176648,984.6515688698242,519.331816176648
323,323,2,draft|draft_verify,126.36876106262207,51.286935806274414,0.0,179.0,21.0,129.636,129.636,177.71571366889648,126.36876106262207
323,323,3,draft|draft_verify,168.11537742614746,62.84379959106445,0.0,200.0,38.0,237.5672,237.5672,231.0192074172119,168.11537742614746
323,323,4,draft|draft_verify,204.7131061553955,69.02623176574707,0.0,238.0,44.0,279.392,279.392,273.7993731211426,204.7131061553955
323,323,5,draft|draft_verify,313.5685920715332,88.15193176269531,0.0,282.0,61.0,395.14,395.14,401.7805726342285,313.5685920715332
323,323,6,draft|draft_verify|target|target_rescue_verify,348.18387031555176,203.00984382629395,214.80846405029297,343.0,77.0,511.5656,613.130583513147,766.0622397921386,449.7488538286987
323,323,7,draft|draft_verify,65.38581848144531,93.80173683166504,0.0,371.0,12.0,78.83279999999999,195.366668344812,159.24756491311035,195.366668344812
324,324,1,draft|draft_verify,224.42889213562012,51.87821388244629,0.0,174.0,44.0,272.7872,224.42889213562012,276.3671412180664,224.42889213562012
324,324,2,draft|draft_verify,302.844762802124,65.57583808898926,0.0,218.0,65.0,411.57680000000005,411.57680000000005,368.48065289111327,302.844762802124
324,324,3,draft|draft_verify|target|target_rescue_verify,312.43252754211426,159.33704376220703,468.9304828643799,283.0,65.0,421.56080000000003,501.28937388110353,940.7601061687012,468.9304828643799
324,324,4,draft|draft_verify|target|target_rescue_verify,340.72184562683105,213.49596977233887,456.32147789001465,355.0,74.0,493.4384,600.2464440861694,1010.5993524891846,456.32147789001465
324,324,5,draft|draft_verify|target|target_rescue_verify,335.77919006347656,255.0644874572754,372.8630542755127,425.0,72.0,491.8344,619.4267013286377,963.7667893962646,463.37149139211425
324,324,6,draft|draft_verify|target|backtracking_verify,378.8442611694336,268.2785987854004,438.6863708496094,481.0,82.0,572.1568,706.3561649927002,1085.8692964044433,513.0436261621338
324,324,7,draft|draft_verify|target|target_rescue_verify,868.0450916290283,547.8947162628174,791.7013168334961,1112.0,191.0,1646.96,2453.791848413861,2207.7012775253415,1674.8769400428894
324,324,8,draft|draft_verify,466.7530059814453,154.33478355407715,0.0,633.0,100.0,736.2808,736.2808,621.1478695355224,466.7530059814453
324,324,9,draft|draft_verify,544.3587303161621,176.88584327697754,0.0,733.0,116.0,884.156,884.156,721.3046663931397,544.3587303161621
324,324,10,draft|draft_verify,641.273021697998,202.30674743652344,0.0,849.0,136.0,1077.748,1077.748,843.6398779345215,641.273021697998
324,324,11,draft|draft_verify,754.1155815124512,234.63749885559082,0.0,985.0,160.0,1324.804,1324.804,988.813208368042,754.1155815124512
324,324,12,draft|draft_verify,842.9388999938965,278.7361145019531,0.0,1145.0,180.0,1563.7559999999999,1563.7559999999999,1121.7351584958496,842.9388999938965
324,324,14,draft|draft_verify,946.556568145752,352.24223136901855,0.0,1517.0,204.0,1959.7368000000001,1959.7368000000001,1298.8589627147705,946.556568145752
324,324,15,draft|draft_verify,984.3637943267822,395.8008289337158,0.0,1721.0,212.0,2142.0728,2142.0728,1380.224792860498,984.3637943267822
324,324,16,draft|draft_verify,1115.464448928833,426.6970157623291,0.0,1933.0,232.0,2467.6456,2894.402801362329,1542.2216502911622,1542.2216502911622
325,325,1,draft|draft_verify,421.5695858001709,52.28233337402344,0.0,114.0,93.0,569.2584,421.5695858001709,473.91199357419436,421.5695858001709
325,325,2,draft|draft_verify,108.26277732849121,51.98812484741211,0.0,207.0,23.0,143.5568,143.5568,160.3109205759033,108.26277732849121
325,325,3,draft|draft_verify,80.89375495910645,60.82797050476074,0.0,230.0,13.0,81.4312,81.4312,141.7817358638672,80.89375495910645
325,325,4,draft|draft_verify,89.91289138793945,66.97678565979004,0.0,243.0,19.0,119.968,119.968,156.9496922477295,89.91289138793945
325,325,5,draft|draft_verify,122.15375900268555,67.98076629638672,0.0,262.0,25.0,159.31119999999999,159.31119999999999,190.19454529907227,122.15375900268555
325,325,6,draft|draft_verify,97.49245643615723,80.22785186767578,0.0,287.0,19.0,121.8688,121.8688,177.78032350383302,97.49245643615723
325,325,7,draft|draft_verify,495.12195587158203,95.36004066467285,0.0,306.0,97.0,638.4567999999999,638.4567999999999,590.5420741362549,495.12195587158203
325,325,8,draft|draft_verify|target|target_rescue_verify,416.7318344116211,261.08813285827637,448.03643226623535,403.0,90.0,612.2928,742.8969384291382,1125.9164715361328,547.3359728407593
325,325,9,draft|draft_verify|target|target_rescue_verify,426.9275665283203,283.2961082458496,431.2865734100342,465.0,75.0,519.744,661.4521141229249,1141.5703081842041,568.6356806512451
325,325,10,draft|draft_verify|target|backtracking_verify,177.5989532470703,273.21791648864746,215.67940711975098,527.0,37.0,259.5112,396.1801878443237,666.5563064554688,314.26794109139405
325,325,11,draft|draft_verify|target|target_rescue_verify,1900.033712387085,500.75554847717285,1416.036605834961,1113.0,423.0,3769.4736,4019.9117126385863,3816.886205099219,2150.4718250256715
325,325,12,draft|draft_verify,182.95812606811523,132.9021453857422,0.0,566.0,35.0,248.5136,250.37777423858643,315.9202994538574,250.37777423858643
325,325,13,draft|draft_verify,214.75481986999512,133.21590423583984,0.0,601.0,43.0,309.568,309.568,348.03075850583497,214.75481986999512
325,325,14,draft|draft_verify|target|backtracking_verify,97.05972671508789,324.4016170501709,1481.6629886627197,644.0,22.0,159.292,1481.6629886627197,1903.1843500279786,1481.6629886627197
325,325,16,draft|draft_verify,362.4413013458252,177.87480354309082,0.0,777.0,66.0,505.20000000000005,505.20000000000005,540.376157688916,362.4413013458252
325,325,17,draft|draft_verify,342.35119819641113,181.03432655334473,0.0,843.0,68.0,531.3416,531.3416,523.4455791497559,342.35119819641113
325,325,18,draft|draft_verify,734.5879077911377,209.89465713500977,0.0,911.0,121.0,974.3320000000001,974.3320000000001,944.5426617261475,734.5879077911377
325,325,19,draft|draft_verify,149.0952968597412,232.73921012878418,0.0,1032.0,32.0,261.6512,261.6512,381.8945325885254,209.95475393500976
325,325,20,draft|draft_verify,323.76861572265625,235.05401611328125,0.0,1064.0,67.0,558.424,558.424,558.8826854359374,323.76861572265625
325,325,21,draft|draft_verify,413.64097595214844,263.6697292327881,0.0,1131.0,89.0,759.1256,759.1256,677.3707763849366,413.64097595214844
325,325,22,draft|draft_verify,128.248929977417,263.16380500793457,0.0,1220.0,22.0,188.3224,263.72980043278807,391.4727525853516,263.72980043278807
325,325,23,draft|draft_verify,87.22758293151855,263.5974884033203,0.0,1242.0,17.0,145.5992,263.22382260793455,350.88508493483886,263.22382260793455
325,325,24,draft|draft_verify,168.98441314697266,277.91380882263184,0.0,1259.0,35.0,305.0624,305.0624,446.9582499696045,263.6575020033203
325,325,25,draft|draft_verify,208.71520042419434,279.6182632446289,0.0,1294.0,43.0,379.42240000000004,379.42240000000004,488.39349806882325,277.9738368226318
325,325,26,draft|draft_verify,122.01476097106934,279.2811393737793,0.0,1337.0,22.0,194.2192,279.6782976446289,401.3559179448486,279.6782976446289
325,325,27,draft|draft_verify|target|target_rescue_verify,693.7541961669922,632.4172019958496,1056.9369792938232,1359.0,148.0,1355.0823999999998,1671.3511193979245,2383.168495856665,1056.9369792938232
325,325,28,draft|draft_verify,552.7656078338623,335.674524307251,0.0,1519.0,90.0,850.6704,850.6704,888.5002041411133,552.7656078338623
325,325,29,draft|draft_verify,331.9404125213623,353.05166244506836,0.0,1609.0,67.0,644.752,644.752,685.0521285664306,335.73459630725097
325,325,30,draft|draft_verify,421.7402935028076,367.31481552124023,0.0,1676.0,90.0,884.2056,884.2056,789.1151810240478,421.7402935028076
325,325,31,draft|draft_verify,170.1037883758545,391.6821479797363,0.0,1766.0,32.0,316.2608,367.3748875212402,561.8459619555908,367.3748875212402
325,325,32,draft|draft_verify,338.41586112976074,396.20137214660645,0.0,1798.0,66.0,664.4760000000001,664.4760000000001,734.6772860763672,391.74217357973635
325,325,33,draft|draft_verify,435.1811408996582,408.3209037780762,0.0,1864.0,89.0,913.9351999999999,913.9351999999999,843.5621158777344,435.1811408996582
325,325,34,draft|draft_verify,115.2491569519043,410.09020805358887,0.0,1953.0,22.0,225.2656,408.38097497807615,525.3993826054932,408.38097497807615
325,325,35,draft|draft_verify,87.1274471282959,412.35828399658203,0.0,1975.0,17.0,173.7464,410.15022565358885,499.5457447248779,410.15022565358885
325,325,36,draft|draft_verify,173.40397834777832,408.5357189178467,0.0,1992.0,35.0,364.87519999999995,412.418297596582,581.999725265625,412.418297596582
325,325,37,draft|draft_verify,211.11655235290527,428.2650947570801,0.0,2027.0,43.0,453.3088,881.63392915708,639.4416815099853,836.9208760749268
326,326,1,draft|draft_verify|target|backtracking_verify,409.4057083129883,104.0952205657959,547.4016666412354,131.0,93.0,573.0120000000001,547.4016666412354,1060.9626699200196,547.4016666412354
326,326,2,draft|draft_verify|target|target_rescue_verify,911.2584590911865,332.9801559448242,1630.598783493042,442.0,204.0,1435.9968,2501.091471905139,2874.8975617290525,1976.3531309963257
326,326,3,draft|draft_verify|target|target_rescue_verify,1566.7221546173096,541.1686897277832,2017.052173614502,711.0,336.0,2635.3559999999998,4049.818872903088,4125.003286759595,2981.185027520398
326,326,4,draft|draft_verify,424.98040199279785,135.5898380279541,0.0,547.0,89.0,635.7848,635.7848,560.630311220752,424.98040199279785
326,326,5,draft|draft_verify,123.94952774047852,131.94894790649414,0.0,636.0,24.0,173.5296,305.53856710649416,255.95849484697266,267.6588763344482
327,327,1,draft|draft_verify|target|backtracking_verify,203.4590244293213,62.358856201171875,295.6967353820801,87.0,40.0,239.61520000000002,295.6967353820801,561.5746480125732,295.6967353820801
327,327,2,draft|draft_verify|target|target_rescue_verify,1224.8563766479492,208.8797092437744,750.5788803100586,258.0,283.0,1894.8016,1999.3016810218871,2184.375192601782,1329.3564576698363
327,327,3,draft|draft_verify|target|backtracking_verify|target_rescue_verify,1023.9739418029785,285.1536273956299,953.0043601989746,406.0,213.0,1483.38,2173.80757104621,2262.192099797583,1714.4015128491883
327,327,4,draft|draft_verify|target|target_rescue_verify,1271.2137699127197,520.0111865997314,964.0657901763916,903.0,268.0,2202.8296,3100.931658767981,2755.3509610888427,2169.3158286807006
327,327,5,draft|draft_verify|target|target_rescue_verify,1141.5150165557861,529.5705795288086,1486.6688251495361,693.0,238.0,1827.9856,2968.5581376213745,3157.814611634131,2282.0875541771607
327,327,6,draft|draft_verify|target|backtracking_verify,593.8434600830078,258.5000991821289,846.4741706848145,445.0,127.0,882.7504,1012.0605511910644,1698.8778315499512,846.4741706848145
327,327,7,draft|draft_verify|target|backtracking_verify|target_rescue_verify,1427.0477294921875,616.7409420013428,1712.2666835784912,1157.0,282.0,2494.0512,3812.8004738902528,3756.1155806720217,2745.7970033824404
327,327,8,draft|draft_verify|target|target_rescue_verify|backtracking_verify,1057.554006576538,955.1334381103516,1342.1087265014648,2126.0,225.0,2494.9175999999998,4185.661462759603,3354.8563511883544,2748.2978693361406
327,327,9,draft|draft_verify|target|target_rescue_verify,1340.5334949493408,762.0491981506348,743.9560890197754,1626.0,262.0,2604.4647999999997,3548.0399527228637,2846.598991719751,2284.108647672205
327,327,10,draft|draft_verify,175.29058456420898,175.0190258026123,0.0,833.0,30.0,231.2208,231.2208,350.3696343668213,190.5122995376587
327,327,11,draft|draft_verify|target|target_rescue_verify,207.5958251953125,356.8129539489746,348.77514839172363,863.0,47.0,367.6496,724.5225915489746,913.2439651360107,564.4688167442871
328,328,1,draft|draft_verify,188.93980979919434,31.270265579223633,0.0,89.0,42.0,251.904,188.93980979919434,220.27010897841797,188.93980979919434
328,328,2,draft|draft_verify,98.75726699829102,30.715465545654297,0.0,131.0,22.0,133.4368,133.4368,129.5327501439453,98.75726699829102
328,328,3,draft|draft_verify,38.774967193603516,30.900239944458008,0.0,153.0,8.0,48.5576,48.5576,69.73521353806152,38.774967193603516
328,328,4,draft|draft_verify|target|target_rescue_verify,132.249116897583,101.49431228637695,272.7947235107422,161.0,29.0,178.2536,272.7947235107422,506.59817589470214,272.7947235107422
328,328,5,draft|draft_verify,29.518842697143555,50.37403106689453,0.0,200.0,6.0,36.876,50.74715614318848,79.95287856403809,50.74715614318848
328,328,6,draft|draft_verify,107.11026191711426,55.155277252197266,0.0,206.0,22.0,137.2168,137.2168,162.3255567693115,107.11026191711426
328,328,7,draft|draft_verify,153.25045585632324,62.78562545776367,0.0,228.0,33.0,208.19760000000002,208.19760000000002,216.0961077140869,153.25045585632324
328,328,8,draft|draft_verify,63.082218170166016,65.54031372070312,0.0,261.0,13.0,82.324,82.324,128.68254229086915,63.082218170166016
328,328,9,draft|draft_verify,85.2048397064209,69.08512115478516,0.0,274.0,16.0,101.992,101.992,154.34997366120604,85.2048397064209
328,328,10,draft|draft_verify,137.42756843566895,86.85708045959473,0.0,290.0,32.0,206.4464,206.4464,224.34467449526366,137.42756843566895
328,328,11,draft|draft_verify,99.59745407104492,83.91737937927246,0.0,322.0,23.0,149.6288,149.6288,183.57485185031737,99.59745407104492
328,328,12,draft|draft_verify,56.459665298461914,96.64154052734375,0.0,345.0,13.0,84.7432,84.7432,153.16121622580567,83.97739777927247
328,328,13,draft|draft_verify,76.49898529052734,91.5689468383789,0.0,358.0,16.0,105.016,105.016,168.12794492890623,96.70155092734375
328,328,14,draft|draft_verify,174.2570400238037,93.55354309082031,0.0,374.0,37.0,246.292,246.292,267.87061271462403,174.2570400238037
328,328,15,draft|draft_verify,25.96116065979004,125.93817710876465,0.0,411.0,5.0,32.6696,93.6135726908203,151.95934176855468,93.6135726908203
328,328,16,draft|draft_verify,68.10307502746582,126.50942802429199,0.0,416.0,14.0,93.5576,125.99818110876465,194.67251425175783,125.99818110876465
328,328,17,draft|draft_verify,44.53539848327637,131.02960586547852,0.0,430.0,9.0,60.0024,126.569439224292,175.62501154875488,126.569439224292
328,328,18,draft|draft_verify,124.23157691955566,127.75611877441406,0.0,439.0,26.0,176.36,176.36,252.04771649396974,131.08961306547852
328,328,19,draft|draft_verify,121.03509902954102,128.07416915893555,0.0,465.0,23.0,157.1792,157.1792,249.16928658847655,127.81613957441407
328,328,20,draft|draft_verify,63.23742866516113,143.91279220581055,0.0,488.0,13.0,88.86160000000001,128.13418755893554,207.2102312709717,128.13418755893554
328,328,21,draft|draft_verify,75.91414451599121,137.6955509185791,0.0,501.0,16.0,110.164,143.97280260581056,213.6697082345703,143.97280260581056
328,328,22,draft|draft_verify,177.9487133026123,129.7593116760254,0.0,517.0,38.0,265.7168,265.7168,307.76805537863765,177.9487133026123
328,328,23,draft|draft_verify,31.585693359375,128.91650199890137,0.0,555.0,5.0,34.052,129.81934207602538,160.56219935827636,129.81934207602538
328,328,24,draft|draft_verify,73.19188117980957,130.25832176208496,0.0,560.0,14.0,98.0504,128.97650599890136,203.51021414189455,128.97650599890136
328,328,25,draft|draft_verify,47.12843894958496,129.6403408050537,0.0,574.0,9.0,62.7672,130.31833296208495,176.82878695463867,130.31833296208495
328,328,26,draft|draft_verify,134.22322273254395,143.62859725952148,0.0,583.0,27.0,192.2016,192.2016,277.91184159206546,134.22322273254395
328,328,27,draft|draft_verify,131.1197280883789,144.9899673461914,0.0,610.0,23.0,164.83520000000001,164.83520000000001,276.1697138345703,143.68861885952148
328,328,28,draft|draft_verify,85.66808700561523,155.2126407623291,0.0,633.0,13.0,93.0376,145.0499857461914,240.94073816794435,145.0499857461914
328,328,29,draft|draft_verify,90.93022346496582,154.38246726989746,0.0,646.0,16.0,115.384,155.2726511623291,245.37270353486326,155.2726511623291
328,328,30,draft|draft_verify|target|target_rescue_verify,193.71271133422852,315.4582977294922,411.7143154144287,662.0,39.0,286.0128,443.8019800647461,920.9453556781494,411.7143154144287
328,328,31,draft|draft_verify,60.991525650024414,156.03232383728027,0.0,720.0,10.0,73.06,157.7291488647461,217.0838574873047,157.7291488647461
328,328,32,draft|draft_verify,91.88294410705566,159.2717170715332,0.0,730.0,18.0,133.4712,156.09233183728028,251.21467557858887,156.09233183728028
328,328,33,draft|draft_verify,49.55267906188965,156.0819149017334,0.0,748.0,9.0,66.108,159.3317314715332,205.69460116362305,159.3317314715332
328,328,34,draft|draft_verify,146.01612091064453,176.55205726623535,0.0,757.0,29.0,218.3048,218.3048,322.6282013768799,156.1419221017334
328,328,35,draft|draft_verify,67.61026382446289,177.08921432495117,0.0,786.0,16.0,120.424,176.61208046623534,244.75949094941404,176.61208046623534
328,328,36,draft|draft_verify,291.9924259185791,178.38001251220703,0.0,802.0,56.0,431.0,431.0,470.43248323078615,291.9924259185791
328,328,37,draft|draft_verify,185.99939346313477,201.62272453308105,0.0,858.0,42.0,327.5736,327.5736,387.6821515962158,185.99939346313477
328,328,38,draft|draft_verify,59.19623374938965,194.45085525512695,0.0,900.0,13.0,100.72720000000001,201.68275813308105,253.7070994045166,201.68275813308105
328,328,39,draft|draft_verify,75.75845718383789,205.47819137573242,0.0,913.0,16.0,124.99600000000001,194.51086565512696,281.2966613595703,194.51086565512696
328,328,40,draft|draft_verify,317.6093101501465,207.9911231994629,0.0,929.0,59.0,472.08320000000003,472.08320000000003,525.6604805496094,317.6093101501465
328,328,41,draft|draft_verify,51.14436149597168,206.54702186584473,0.0,988.0,10.0,78.84880000000001,208.0511703994629,257.7513913618164,208.0511703994629
328,328,42,draft|draft_verify,89.46609497070312,228.70182991027832,0.0,998.0,18.0,144.4056,206.60702986584474,318.22793928098145,206.60702986584474
328,328,43,draft|draft_verify,49.0419864654541,232.1641445159912,0.0,1016.0,9.0,71.2536,228.76184431027832,281.2661381814453,228.76184431027832
328,328,44,draft|draft_verify,167.52004623413086,231.2624454498291,0.0,1025.0,30.0,244.584,244.584,398.84251568395996,232.2241517159912
328,328,45,draft|draft_verify,77.45146751403809,241.00232124328613,0.0,1055.0,16.0,130.108,231.3224694498291,318.5138015573242,231.3224694498291
328,328,46,draft|draft_verify,297.6226806640625,259.6421241760254,0.0,1071.0,54.0,449.6256,449.6256,557.3248480400879,297.6226806640625
328,328,47,draft|draft_verify,232.59663581848145,255.77259063720703,0.0,1125.0,42.0,353.8464,353.8464,488.4292600556885,259.7021673760254
328,328,48,draft|draft_verify,73.7905502319336,262.41040229797363,0.0,1167.0,13.0,108.4168,255.83262423720703,336.26096292990724,255.83262423720703
328,328,49,draft|draft_verify,78.51815223693848,251.62434577941895,0.0,1180.0,16.0,134.608,262.47041269797364,330.2025108163574,262.47041269797364
328,328,50,draft|draft_verify,242.51437187194824,284.35802459716797,0.0,1196.0,58.0,500.5,500.5,526.9324428691162,251.68435857941896
328,328,51,draft|draft_verify,68.40968132019043,285.54224967956543,0.0,1254.0,10.0,84.59440000000001,284.41807099716794,354.01193899975584,284.41807099716794
328,328,52,draft|draft_verify,112.14613914489746,281.57639503479004,0.0,1264.0,18.0,155.2584,285.6022576795654,393.7825485796875,285.6022576795654
328,328,53,draft|draft_verify,40.73810577392578,280.7505130767822,0.0,1282.0,9.0,76.3608,281.63640943479004,321.548626050708,281.63640943479004
328,328,54,draft|draft_verify,125.05650520324707,280.76863288879395,0.0,1291.0,31.0,272.008,280.8105202767822,405.885162892041,280.8105202767822
328,328,55,draft|draft_verify,67.1834945678711,283.1852436065674,0.0,1322.0,16.0,139.72,280.82865768879395,350.42875097443846,280.82865768879395
328,328,56,draft|draft_verify,300.08554458618164,317.24047660827637,0.0,1338.0,60.0,538.1088,538.1088,617.3860691944581,300.08554458618164
328,328,57,draft|draft_verify,214.02740478515625,316.84398651123047,0.0,1398.0,48.0,435.92159999999996,435.92159999999996,530.9314296963867,317.30052460827636
328,328,58,draft|draft_verify,62.841176986694336,318.648099899292,0.0,1446.0,13.0,116.452,316.90402491123047,381.54928728598634,316.90402491123047
328,328,59,draft|draft_verify,79.56218719482422,315.86718559265137,0.0,1459.0,16.0,144.652,318.708110299292,395.48938558747557,318.708110299292
328,328,60,draft|draft_verify,283.22482109069824,334.45215225219727,0.0,1475.0,59.0,548.0864,548.0864,617.7370205428955,315.92719839265135
328,328,61,draft|draft_verify,52.10566520690918,336.20285987854004,0.0,1534.0,10.0,90.64240000000001,334.51219945219725,388.3685330854492,334.51219945219725
328,328,62,draft|draft_verify,118.3464527130127,335.96253395080566,0.0,1544.0,18.0,166.6824,336.26286787854,454.36900106381836,336.26286787854
328,328,63,draft|draft_verify,63.363075256347656,335.4825973510742,0.0,1562.0,9.0,81.7368,336.02254835080566,398.90567980742185,336.02254835080566
328,328,64,draft|draft_verify,181.51092529296875,355.24702072143555,0.0,1571.0,32.0,301.7528,335.5426045510742,536.8179716144043,335.5426045510742
328,328,65,draft|draft_verify,82.17644691467285,354.999303817749,0.0,1603.0,16.0,149.836,355.30704632143556,437.23576353242186,355.30704632143556
328,328,66,draft|draft_verify,284.49225425720215,369.4465160369873,0.0,1619.0,60.0,577.8984,577.8984,653.9988182941895,355.059316617749
328,328,67,draft|draft_verify,239.50982093811035,391.04461669921875,0.0,1679.0,48.0,467.61839999999995,467.61839999999995,630.614476037329,369.5065640369873
328,328,68,draft|draft_verify|target|backtracking_verify,47.09053039550781,799.0882396697998,793.5280799865723,1727.0,10.0,94.8112,793.5280799865723,1639.7668580518798,793.5280799865723
328,328,69,draft|draft_verify|target|target_rescue_verify,937.6926422119141,811.4528656005859,723.5949039459229,1737.0,199.0,2014.9647999999997,2420.7513920002925,2472.800570958423,1343.479234212207
328,328,71,draft|draft_verify,49.33881759643555,404.80828285217285,0.0,1870.0,8.0,77.4032,810.5947220524658,454.2071068486084,810.5947220524658
329,329,1,draft|draft_verify,391.5126323699951,51.12791061401367,0.0,110.0,88.0,537.2752,391.5126323699951,442.70061338400876,391.5126323699951
329,329,4,draft|draft_verify|target|backtracking_verify,289.89505767822266,189.88466262817383,467.1468734741211,355.0,51.0,338.4,467.1468734741211,946.9866345805176,467.1468734741211
329,329,5,draft|draft_verify|target|target_rescue_verify,919.2636013031006,425.54402351379395,560.034990310669,835.0,204.0,1627.4664,1840.298574956897,1904.9027783275635,1132.0957762599976
329,329,7,draft|draft_verify|target|backtracking_verify,731.7335605621338,463.7782573699951,395.0366973876953,1287.0,157.0,1412.4232,1644.3724542849975,1590.6086409198242,963.6828148471313
329,329,9,draft|draft_verify|target|backtracking_verify|target_rescue_verify,523.8986015319824,754.4209957122803,1163.7499332427979,1714.0,109.0,1084.0552,2231.8060006056094,2442.1296176870605,1671.6494021375916
329,329,10,draft|draft_verify|target|target_rescue_verify|backtracking_verify,1200.1688480377197,1322.164535522461,3449.15509223938,2812.0,237.0,3020.2151999999996,6421.515897361636,5971.54866539956,4601.469545399357
329,329,11,draft|draft_verify|target|backtracking_verify,1131.3457489013672,699.1333961486816,679.7270774841309,2142.0,222.0,2469.2712,2818.898075674341,2510.26640013418,1480.9726245757079
329,329,13,draft|draft_verify|target|target_rescue_verify,821.9306468963623,1682.2824478149414,1713.5567665100098,3879.0,177.0,2691.852,5236.185359119125,4217.830002821313,3366.264006015487
329,329,14,draft|draft_verify,285.5100631713867,307.4042797088623,0.0,1383.0,62.0,562.8896,870.3539293088622,592.974392480249,592.974392480249
330,330,1,draft|draft_verify,124.06539916992188,47.183990478515625,0.0,162.0,27.0,165.93120000000002,124.06539916992188,171.3094112484375,124.06539916992188
330,330,2,draft|draft_verify,271.4672088623047,59.9360466003418,0.0,189.0,60.0,375.41040000000004,375.41040000000004,331.4633034626465,271.4672088623047
330,330,3,draft|draft_verify|target|backtracking_verify,137.71963119506836,166.11814498901367,798.4232902526855,249.0,31.0,196.98399999999998,798.4232902526855,1102.3210912367676,798.4232902526855
330,330,4,draft|draft_verify|target|target_rescue_verify,717.0360088348389,400.91824531555176,916.0258769989014,661.0,155.0,1162.6496,1921.4113464861146,2034.040255149292,1475.7977553209535
330,330,5,draft|draft_verify,621.0153102874756,133.26454162597656,0.0,436.0,134.0,929.7176000000001,929.7176000000001,754.3399591134521,621.0153102874756
330,330,6,draft|draft_verify,268.8593864440918,134.9484920501709,0.0,570.0,55.0,393.13599999999997,393.13599999999997,403.8679224942627,268.8593864440918
330,330,7,draft|draft_verify,402.44197845458984,153.81145477294922,0.0,625.0,83.0,607.5871999999999,607.5871999999999,556.313499627539,402.44197845458984
330,330,8,draft|draft_verify|target|target_rescue_verify,787.3532772064209,333.65845680236816,573.2386112213135,708.0,174.0,1328.844,1495.7333676011842,1694.3104844301024,954.242644807605
330,330,9,draft|draft_verify,96.03667259216309,175.34804344177246,0.0,797.0,16.0,120.82,342.2372846429565,271.4447288339355,342.2372846429565
331,331,1,draft|draft_verify,183.22396278381348,31.26382827758789,0.0,137.0,44.0,268.9688,183.22396278381348,214.54782626140135,183.22396278381348
331,331,2,draft|draft_verify,264.41025733947754,60.51826477050781,0.0,181.0,64.0,399.5656,399.5656,324.9885733099853,264.41025733947754
331,331,3,draft|draft_verify,329.09178733825684,77.00634002685547,0.0,245.0,75.0,480.672,480.672,406.1581873651123,329.09178733825684
331,331,4,draft|draft_verify|target|target_rescue_verify,482.4674129486084,233.63184928894043,486.64283752441406,320.0,113.0,749.8232,866.6992150444703,1202.802190161963,599.3434279930786
331,331,5,draft|draft_verify,155.38763999938965,100.91590881347656,0.0,394.0,35.0,234.4784,234.4784,256.3635768128662,155.38763999938965
331,331,6,draft|draft_verify,246.4773654937744,127.5477409362793,0.0,429.0,55.0,374.8624,374.8624,374.0851504300537,246.4773654937744
331,331,7,draft|draft_verify|target|backtracking_verify,227.0834445953369,272.2499370574951,226.8693447113037,484.0,49.0,339.8392,476.02420772874757,726.2627655641357,363.2684523240845
331,331,8,draft|draft_verify|target|target_rescue_verify,2112.507104873657,858.0965995788574,11982.841968536377,1049.0,459.0,4039.9872000000005,11982.841968536377,14953.506040188891,11982.841968536377
331,331,9,draft|draft_verify,1272.7935314178467,181.46061897277832,0.0,556.0,270.0,1995.9096,1995.9096,1454.314366390625,1272.7935314178467
331,331,10,draft|draft_verify,270.40624618530273,179.79669570922852,0.0,826.0,57.0,442.0248,442.0248,450.2629874945313,270.40624618530273
331,331,11,draft|draft_verify,955.9588432312012,229.4301986694336,0.0,883.0,196.0,1584.148,1584.148,1185.4491987006347,955.9588432312012
331,331,12,draft|draft_verify|target|target_rescue_verify,319.5371627807617,466.0327434539795,384.69886779785156,1079.0,68.0,569.2904,802.3668261269897,1170.3288284325927,552.6135889077515
331,331,13,draft|draft_verify,123.6870288848877,233.81900787353516,0.0,1132.0,23.0,192.39679999999998,466.8953980005249,357.56605515842284,466.8953980005249
332,332,1,draft|draft_verify,163.832426071167,50.62437057495117,0.0,153.0,35.0,214.8128,163.832426071167,214.51682464611815,163.832426071167
332,332,2,draft|draft_verify|target|target_rescue_verify,461.5132808685303,123.01230430603027,606.3196659088135,188.0,101.0,636.98,698.5462329530152,1190.905331883374,606.3196659088135
332,332,3,draft|draft_verify|target|target_rescue_verify,403.9757251739502,172.74856567382812,634.3319416046143,279.0,85.0,552.7144000000001,639.1487508369141,1211.1163004523926,634.3319416046143
332,332,4,draft|draft_verify|target|target_rescue_verify,383.38160514831543,264.8608684539795,556.9617748260498,370.0,81.0,543.756,676.2464990269897,1205.2643132283447,556.9617748260498
332,332,5,draft|draft_verify|target|target_rescue_verify,512.9175186157227,267.3957347869873,350.5713939666748,460.0,111.0,773.232,906.9899561934936,1130.9447361693847,646.6754748092163
332,332,6,draft|draft_verify|target|backtracking_verify,354.3410301208496,324.0842819213867,2095.435380935669,512.0,68.0,478.1168,2095.435380935669,2773.920747377905,2095.435380935669
332,332,7,draft|draft_verify|target|target_rescue_verify,278.62000465393066,264.3587589263916,426.0406494140625,580.0,44.0,314.6864,446.92581466319575,969.0794481943848,426.0406494140625
332,332,8,draft|draft_verify|target|target_rescue_verify,338.8562202453613,286.78083419799805,203.73010635375977,643.0,72.0,528.9816000000001,672.432074698999,829.4272183971191,482.30669494436034
332,332,9,draft|draft_verify,127.78973579406738,162.72401809692383,0.0,671.0,26.0,190.28,353.0640388969238,290.57377469099123,306.1744559959228
333,333,1,draft|draft_verify|target|target_rescue_verify,444.760799407959,77.26526260375977,270.6470489501953,95.0,94.0,571.2544,483.4535059098389,792.7331861619141,483.4535059098389
333,333,2,draft|draft_verify,155.6715965270996,31.80694580078125,0.0,136.0,38.0,231.88400000000001,231.88400000000001,187.53857272788085,155.6715965270996
333,333,3,draft|draft_verify,242.645263671875,51.64813995361328,0.0,174.0,57.0,354.396,354.396,294.35344922548825,242.645263671875
333,333,4,draft|draft_verify,241.1203384399414,61.43808364868164,0.0,231.0,56.0,355.628,355.628,302.61846688862306,241.1203384399414
333,333,5,draft|draft_verify|target|backtracking_verify,549.9448776245117,181.52785301208496,279.9110412597656,287.0,126.0,828.24,919.0640273060425,1011.4438726963623,640.7689049305542
333,333,6,draft|draft_verify|target|target_rescue_verify,827.7163505554199,486.0341548919678,2114.0308380126953,740.0,192.0,1485.3024,2906.9035887753234,3427.841497060083,2357.047915458679
333,333,7,draft|draft_verify|target|target_rescue_verify,676.9969463348389,453.4153938293457,174.33977127075195,1091.0,154.0,1312.8496,1539.6174201146728,1304.8122346349364,903.7647664495117
333,333,8,draft|draft_verify|target|target_rescue_verify,1021.350622177124,458.38093757629395,825.3538608551025,1182.0,199.0,1751.2287999999999,1980.4794279881469,2305.145579808521,1250.601250165271
333,333,9,draft|draft_verify,438.54355812072754,151.5810489654541,0.0,590.0,95.0,689.1200000000001,689.1200000000001,590.1846830861816,438.54355812072754
333,333,10,draft|draft_verify,326.4944553375244,153.40018272399902,0.0,685.0,70.0,521.032,521.032,479.9546940615234,326.4944553375244
333,333,11,draft|draft_verify|target|target_rescue_verify,456.2370777130127,327.7132511138916,321.0902214050293,755.0,100.0,765.268,929.1847055569458,1105.1006302319336,620.1537832699585
333,333,12,draft|draft_verify,415.99011421203613,175.92620849609375,0.0,796.0,89.0,688.3736,688.3736,591.9763939081299,415.99011421203613
333,333,13,draft|draft_verify,257.03907012939453,202.6350498199463,0.0,885.0,54.0,425.9664,628.6614930199463,459.7341631493408,459.7341631493408
334,334,1,draft|draft_verify,487.23912239074707,51.666975021362305,0.0,104.0,109.0,666.7432,487.23912239074707,538.9661846121094,487.23912239074707
334,334,2,draft|draft_verify,73.64749908447266,52.161216735839844,0.0,213.0,16.0,99.796,99.796,125.8687286203125,73.64749908447266
334,334,3,draft|draft_verify,46.076059341430664,59.10849571228027,0.0,229.0,10.0,62.45440000000001,62.45440000000001,105.24456305371095,52.221229535839846
334,334,4,draft|draft_verify,55.29594421386719,61.21563911437988,0.0,239.0,12.0,75.348,75.348,116.57159292824707,59.16850371228028
334,334,5,draft|draft_verify|target|target_rescue_verify,370.73659896850586,138.43917846679688,64.22877311706543,251.0,78.0,501.312,570.5916516333984,573.4646129523682,440.0162506019043
334,334,6,draft|draft_verify,78.37462425231934,59.76462364196777,0.0,253.0,16.0,101.236,101.236,138.1992606942871,78.37462425231934
334,334,7,draft|draft_verify|target|backtracking_verify,177.52504348754883,157.23371505737305,239.98641967773438,269.0,37.0,237.22,315.8968871286865,574.8052078226563,256.20193061623536
334,334,8,draft|draft_verify|target|target_rescue_verify,1047.0082759857178,354.11596298217773,1246.629238128662,609.0,226.0,1687.12,1864.2381622910889,2647.8136578965577,1246.629238128662
334,334,9,draft|draft_verify,56.93387985229492,78.83214950561523,0.0,325.0,11.0,71.072,177.05798149108887,135.82603815791015,177.05798149108887
334,334,10,draft|draft_verify,86.52687072753906,78.84526252746582,0.0,336.0,18.0,117.396,117.396,165.43214765500488,86.52687072753906
334,334,11,draft|draft_verify,56.916236877441406,93.93572807312012,0.0,354.0,11.0,71.768,78.90527692746582,150.91197375056151,78.90527692746582
334,334,12,draft|draft_verify,69.3197250366211,93.30487251281738,0.0,365.0,14.0,91.9664,93.99573687312012,162.6846087494385,93.99573687312012
334,334,13,draft|draft_verify,45.47739028930664,93.3377742767334,0.0,379.0,9.0,59.0232,93.36488371281739,138.87517176604004,93.36488371281739
334,334,14,draft|draft_verify,87.69369125366211,94.58017349243164,0.0,388.0,18.0,119.5176,119.5176,182.33387914609375,93.3977814767334
334,334,15,draft|draft_verify,50.91142654418945,127.12550163269043,0.0,406.0,9.0,59.5416,94.64018789243164,178.09693537687988,94.64018789243164
334,334,16,draft|draft_verify,75.66308975219727,126.01447105407715,0.0,415.0,17.0,113.8424,127.18550883269043,201.7375744062744,127.18550883269043
334,334,17,draft|draft_verify|target|target_rescue_verify,241.6059970855713,255.38182258605957,191.18809700012207,432.0,57.0,389.0712,516.8221568930297,688.2359622717529,369.35695397860104
334,334,18,draft|draft_verify,56.76841735839844,126.95932388305664,0.0,454.0,11.0,74.168,127.69091129302979,183.78775004145507,127.69091129302979
334,334,19,draft|draft_verify,90.03973007202148,127.93493270874023,0.0,465.0,18.0,122.6592,127.01933268305665,218.03467718076172,127.01933268305665
334,334,20,draft|draft_verify,54.29553985595703,128.47471237182617,0.0,483.0,11.0,74.864,127.99494710874023,182.8302610277832,127.99494710874023
334,334,21,draft|draft_verify,71.11525535583496,147.71628379821777,0.0,494.0,15.0,102.9504,128.53472117182616,218.89155115405273,128.53472117182616
334,334,22,draft|draft_verify,56.59008026123047,145.12276649475098,0.0,509.0,9.0,61.519200000000005,147.77629579821777,201.77285395598145,147.77629579821777
334,334,23,draft|draft_verify,96.78387641906738,131.7734718322754,0.0,518.0,16.0,110.77600000000001,145.18277369475098,228.61736105134275,145.18277369475098
334,334,24,draft|draft_verify,122.62582778930664,131.6514015197754,0.0,534.0,25.0,174.9784,174.9784,254.33724930908204,131.8334846322754
334,334,25,draft|draft_verify,186.63668632507324,132.4899196624756,0.0,559.0,35.0,247.9424,247.9424,319.1866339875488,186.63668632507324
334,334,26,draft|draft_verify,395.54429054260254,153.43332290649414,0.0,594.0,79.0,572.0512,572.0512,549.0376766490967,395.54429054260254
334,334,27,draft|draft_verify,45.789241790771484,153.96547317504883,0.0,673.0,10.0,72.04480000000001,153.49338610649414,199.81472296582032,153.49338610649414
334,334,28,draft|draft_verify,83.05168151855469,155.66277503967285,0.0,683.0,17.0,124.1336,154.02548117504884,238.77447015822753,154.02548117504884
334,334,29,draft|draft_verify,110.96882820129395,162.5535488128662,0.0,700.0,26.0,192.02,192.02,273.5823978141602,155.72278863967284
334,334,30,draft|draft_verify,48.25735092163086,156.08835220336914,0.0,726.0,11.0,80.696,162.6135696128662,204.405711925,162.6135696128662
334,334,31,draft|draft_verify,67.0022964477539,156.53133392333984,0.0,737.0,16.0,118.66,156.14836100336913,223.59364317109373,156.14836100336913
334,334,32,draft|draft_verify,88.37699890136719,176.57065391540527,0.0,753.0,18.0,134.4096,156.59134672333985,265.00766721677246,156.59134672333985
334,334,33,draft|draft_verify|target|target_rescue_verify,617.4294948577881,402.85515785217285,901.9536972045898,771.0,134.0,1036.6496000000002,1238.1372861260866,1922.2984571145507,901.9536972045898
334,334,34,draft|draft_verify,290.6665802001953,206.29215240478516,0.0,909.0,62.0,493.496,493.496,497.0187822049805,290.6665802001953
334,334,35,draft|draft_verify,29.494762420654297,204.64253425598145,0.0,971.0,4.0,29.965600000000002,206.35220200478517,234.19729987663575,206.35220200478517
334,334,36,draft|draft_verify,45.12834548950195,203.38964462280273,0.0,975.0,8.0,62.3672,408.1521884787842,248.57799651230468,408.1521884787842
335,335,1,draft|draft_verify|target|backtracking_verify,343.37925910949707,82.96608924865723,300.2760410308838,119.0,79.0,483.13120000000004,384.9223669338257,726.6814525890381,384.9223669338257
335,335,3,draft|draft_verify|target|target_rescue_verify,835.6566429138184,301.10907554626465,1969.3536758422852,463.0,174.0,1227.12,2119.9082136154175,3106.179533502368,2119.9082136154175
336,336,1,draft|draft_verify|target|backtracking_verify,539.5779609680176,103.3015251159668,551.159143447876,126.0,101.0,622.1,591.288804326001,1194.0987103318603,591.288804326001
336,336,2,draft|draft_verify|target|target_rescue_verify,1081.1002254486084,293.5659885406494,944.1549777984619,442.0,235.0,1663.1152000000002,2355.427368304718,2318.8813797877197,1773.4123937533263
336,336,3,draft|draft_verify|target|target_rescue_verify,852.6167869567871,418.1852340698242,1017.1618461608887,592.0,177.0,1303.4232,2125.7031902328126,2288.0240087875,1674.8967771895996
336,336,4,draft|draft_verify|target|target_rescue_verify,830.9688568115234,276.3044834136963,707.8197002410889,381.0,174.0,1193.0736,1331.2859809068482,1815.1531796663085,969.1812377183716
336,336,5,draft|draft_verify|target|target_rescue_verify,268.18132400512695,267.4703598022461,208.62817764282227,497.0,58.0,404.8768,538.6720263011231,744.3399078501952,401.97655030625003
336,336,6,draft|draft_verify|target|target_rescue_verify,465.1627540588379,291.4736270904541,1057.1870803833008,525.0,112.0,797.6584,1057.1870803833008,1813.8835511325929,1057.1870803833008
336,336,7,draft|draft_verify,204.47158813476562,163.9108657836914,0.0,695.0,43.0,319.0432,319.0432,368.44248831845704,204.47158813476562
336,336,8,draft|draft_verify,128.2646656036377,156.3708782196045,0.0,738.0,26.0,194.3,350.7308990196045,284.69556462324215,320.4017992032959
337,337,1,draft|draft_verify,175.9939193725586,33.272743225097656,0.0,111.0,39.0,235.76160000000002,175.9939193725586,209.32669379765625,175.9939193725586
337,337,3,draft|draft_verify,381.8950653076172,65.71388244628906,0.0,185.0,78.0,489.1152,489.1152,447.66901015390624,381.8950653076172
337,337,4,draft|draft_verify|target|target_rescue_verify,353.9614677429199,165.65418243408203,536.2284183502197,263.0,71.0,457.688,540.575148017041,1055.9041253272217,536.2284183502197
337,337,5,draft|draft_verify|target|target_rescue_verify,289.81804847717285,250.9315013885498,674.3371486663818,339.0,59.0,389.9552,674.3371486663818,1215.1467457321046,674.3371486663818
337,337,6,draft|draft_verify|target|target_rescue_verify,677.361011505127,258.3291530609131,478.8374900817871,434.0,137.0,950.396,1079.6206861304565,1414.5877642478272,806.5856976355835
337,337,7,draft|draft_verify|target|target_rescue_verify,274.20830726623535,259.8748207092285,425.8005619049072,507.0,60.0,420.4392,550.4366583546143,959.9437378803711,425.8005619049072
337,337,8,draft|draft_verify|target|target_rescue_verify,164.21103477478027,262.7379894256592,425.4121780395508,572.0,34.0,241.8088,425.4121780395508,852.4212294399903,425.4121780395508
337,337,9,draft|draft_verify,315.765380859375,152.3284912109375,0.0,637.0,67.0,490.78720000000004,490.78720000000004,468.1539256703125,315.765380859375
337,337,10,draft|draft_verify,305.2194118499756,154.22892570495605,0.0,704.0,65.0,486.2264,486.2264,459.5083895549316,305.2194118499756
337,337,11,draft|draft_verify,316.31016731262207,174.14617538452148,0.0,769.0,67.0,511.696,511.696,490.51639629714356,316.31016731262207
337,337,12,draft|draft_verify,309.5228672027588,179.16297912597656,0.0,836.0,65.0,506.50160000000005,506.50160000000005,488.74589832873534,309.5228672027588
337,337,13,draft|draft_verify,318.05944442749023,202.0714282989502,0.0,901.0,67.0,532.6048000000001,532.6048000000001,520.1909263264404,318.05944442749023
337,337,14,draft|draft_verify,332.28182792663574,204.26678657531738,0.0,968.0,67.0,543.2176000000001,543.2176000000001,536.6086681019531,332.28182792663574
337,337,15,draft|draft_verify,312.6866817474365,229.2623519897461,0.0,1035.0,67.0,553.8304,553.8304,542.0090873371826,312.6866817474365
337,337,16,draft|draft_verify,322.58057594299316,240.2970790863037,0.0,1102.0,67.0,564.4432,564.4432,562.9377086292968,322.58057594299316
337,337,17,draft|draft_verify,429.9793243408203,258.7924003601074,0.0,1169.0,67.0,575.056,575.056,688.8317783009277,429.9793243408203
337,337,18,draft|draft_verify,283.6465835571289,272.1850872039795,0.0,1236.0,67.0,585.6688,585.6688,555.8917243611083,283.6465835571289
337,337,19,draft|draft_verify,312.1647834777832,279.5858383178711,0.0,1303.0,67.0,596.2816,596.2816,591.8106753956542,312.1647834777832
337,337,20,draft|draft_verify,310.2612495422363,308.5048198699951,0.0,1370.0,67.0,606.8944,606.8944,618.8261230122314,310.2612495422363
337,337,21,draft|draft_verify,312.3965263366699,318.67218017578125,0.0,1437.0,67.0,617.5072,617.5072,631.1287601124511,312.3965263366699
337,337,22,draft|draft_verify,306.15806579589844,331.0284614562988,0.0,1504.0,67.0,628.12,628.12,637.2465808521972,318.73223377578125
337,337,23,draft|draft_verify,303.1504154205322,332.7476978302002,0.0,1571.0,67.0,638.7328,638.7328,635.9581668507324,331.08851505629883
337,337,24,draft|draft_verify,309.22961235046387,355.4809093475342,0.0,1638.0,67.0,649.3456,649.3456,664.770575297998,332.8077514302002
337,337,25,draft|draft_verify,359.8504066467285,365.1885986328125,0.0,1705.0,67.0,659.9584,659.9584,725.099058879541,359.8504066467285
337,337,26,draft|draft_verify,356.0473918914795,391.5557861328125,0.0,1772.0,67.0,670.5712000000001,670.5712000000001,747.6632316242919,365.2486522328125
337,337,27,draft|draft_verify,303.4663200378418,405.90882301330566,0.0,1839.0,67.0,681.184,681.184,709.4351966511474,391.6158397328125
337,337,28,draft|draft_verify,347.3684787750244,407.4718952178955,0.0,1906.0,67.0,691.7968000000001,691.7968000000001,754.9004275929199,405.96887661330567
337,337,29,draft|draft_verify,321.9752311706543,408.0228805541992,0.0,1973.0,67.0,702.4096,702.4096,730.0581653248535,407.5319488178955
337,337,30,draft|draft_verify,318.6817169189453,423.84791374206543,0.0,2040.0,67.0,713.0224000000001,1136.9303673420654,742.5896842610107,831.9909014962647
338,338,1,draft|draft_verify|target|target_rescue_verify,410.9182357788086,82.45587348937988,391.8190002441406,103.0,92.0,560.6216000000001,452.20624612349854,885.2531831123291,452.20624612349854
338,338,2,draft|draft_verify,218.0044651031494,52.644968032836914,0.0,163.0,48.0,296.61359999999996,296.61359999999996,270.7094715359863,218.0044651031494
338,338,3,draft|draft_verify,822.0722675323486,104.09998893737793,0.0,211.0,179.0,1155.8336,1155.8336,926.2323996697265,822.0722675323486
338,338,4,draft|draft_verify,81.89177513122559,92.87428855895996,0.0,390.0,17.0,112.88239999999999,112.88239999999999,174.82607729018554,104.16013213737793
338,338,5,draft|draft_verify,426.49364471435547,126.7249584197998,0.0,407.0,91.0,620.08,620.08,553.2786759341552,426.49364471435547
338,338,6,draft|draft_verify,150.24447441101074,142.6255702972412,0.0,498.0,31.0,214.91199999999998,214.91199999999998,292.93006950825196,150.24447441101074
338,338,7,draft|draft_verify,341.65191650390625,127.92563438415527,0.0,529.0,75.0,531.1104,531.1104,469.63761088806154,341.65191650390625
338,338,8,draft|draft_verify,568.1970119476318,153.106689453125,0.0,604.0,134.0,983.3432,983.3432,721.3638086007568,568.1970119476318
338,338,9,draft|draft_verify,243.79491806030273,155.0745964050293,0.0,738.0,43.0,323.37760000000003,323.37760000000003,398.92954886533204,243.79491806030273
338,338,10,draft|draft_verify,276.84497833251953,176.58329010009766,0.0,781.0,57.0,435.9768,435.9768,453.4883140326172,276.84497833251953
338,338,11,draft|draft_verify,206.72941207885742,178.2543659210205,0.0,838.0,35.0,270.7088,449.0231939210205,385.0438059998779,385.0438059998779
339,339,1,draft|draft_verify,214.32948112487793,35.19415855407715,0.0,94.0,39.0,234.21120000000002,214.32948112487793,249.58367087895508,214.32948112487793
339,339,2,draft|draft_verify,529.3476581573486,53.31921577453613,0.0,133.0,103.0,636.3856000000001,636.3856000000001,582.7269563318848,529.3476581573486
339,339,3,draft|draft_verify|target|backtracking_verify,258.5113048553467,124.34697151184082,120.52321434020996,236.0,56.0,356.288,418.52153055592044,503.4415355073975,320.7448354112671
339,339,5,draft|draft_verify|target|backtracking_verify,611.3080978393555,343.1432247161865,752.9845237731934,665.0,132.0,987.5064,1159.1381179580933,1707.4959519287354,782.9398157974488
339,339,6,draft|draft_verify|target|target_rescue_verify,1459.5985412597656,780.665397644043,3117.952346801758,1294.0,316.0,2911.5519999999997,5640.801648704541,5358.276538505566,4188.848189964307
339,339,7,draft|draft_verify|target|target_rescue_verify,1492.3415184020996,533.1687927246094,1877.044677734375,1087.0,310.0,2700.4672,2967.1118443623045,3902.6152368610838,1877.044677734375
339,339,8,draft|draft_verify|target|target_rescue_verify,801.4326095581055,289.4620895385742,114.72868919372559,529.0,172.0,1239.6760000000002,1384.4671823692872,1205.6835258904052,946.2237919273925
339,339,9,draft|draft_verify|target|backtracking_verify,293.0560111999512,262.0420455932617,813.5099411010742,541.0,63.0,446.808,813.5099411010742,1368.668048294287,813.5099411010742
339,339,10,draft|draft_verify|target|target_rescue_verify,821.8843936920166,453.11546325683594,454.46324348449707,1279.0,176.0,1584.38,1810.997872428418,1729.5232412333496,1048.5022661204346
339,339,11,draft|draft_verify,107.79070854187012,159.38735008239746,0.0,757.0,22.0,164.9872,226.55773162841797,267.23807622426756,226.55773162841797
339,339,12,draft|draft_verify,149.00612831115723,165.10820388793945,0.0,779.0,31.0,235.144,235.144,314.1743569990967,159.44736768239747
339,339,13,draft|draft_verify,62.02530860900879,175.5199432373047,0.0,810.0,11.0,82.712,340.74818072524414,237.60526064631347,340.74818072524414
340,340,1,draft|draft_verify,376.178503036499,42.29736328125,0.0,79.0,69.0,414.5832,376.178503036499,418.53592151774905,376.178503036499
340,340,2,draft|draft_verify,192.0299530029297,47.3477840423584,0.0,148.0,39.0,239.13600000000002,239.13600000000002,239.43776824528808,192.0299530029297
340,340,3,draft|draft_verify,68.17245483398438,50.384521484375,0.0,187.0,13.0,80.1928,80.1928,118.61698671835937,68.17245483398438
340,340,4,draft|draft_verify,228.8341522216797,60.32729148864746,0.0,200.0,46.0,288.124,288.124,289.2214805103272,228.8341522216797
340,340,5,draft|draft_verify,53.163766860961914,60.05501747131348,0.0,246.0,11.0,69.176,69.176,113.27879313227538,60.38732828864746
340,340,6,draft|draft_verify,110.9769344329834,60.84179878234863,0.0,257.0,23.0,146.1968,146.1968,171.87875161533202,110.9769344329834
340,340,7,draft|draft_verify,62.98637390136719,63.127994537353516,0.0,280.0,13.0,82.8712,82.8712,126.17437883872071,62.98637390136719
340,340,8,draft|draft_verify,168.69544982910156,77.83126831054688,0.0,293.0,35.0,226.23680000000002,226.23680000000002,246.58674613964843,168.69544982910156
340,340,9,draft|draft_verify,25.065183639526367,78.08375358581543,0.0,328.0,5.0,31.8728,77.89129631054688,103.20894122534179,77.89129631054688
340,340,10,draft|draft_verify,170.2880859375,93.71399879455566,0.0,333.0,37.0,242.7496,242.7496,264.06211433205567,170.2880859375
340,340,11,draft|draft_verify,26.208162307739258,92.96917915344238,0.0,370.0,5.0,32.276,93.77402839455566,119.23734546118163,93.77402839455566
340,340,12,draft|draft_verify,225.04138946533203,127.73966789245605,0.0,375.0,48.0,320.5272,320.5272,352.8410957577881,225.04138946533203
340,340,13,draft|draft_verify,113.04426193237305,125.21600723266602,0.0,423.0,27.0,182.2176,182.2176,238.32029076503906,127.79970629245605
340,340,14,draft|draft_verify,89.12181854248047,125.63586235046387,0.0,450.0,22.0,149.5144,149.5144,214.81769849294432,125.27602883266601
340,340,15,draft|draft_verify,312.27779388427734,127.40516662597656,0.0,472.0,71.0,492.8,492.8,439.7430173102539,312.27779388427734
340,340,16,draft|draft_verify,126.37805938720703,127.7930736541748,0.0,543.0,29.0,203.924,203.924,254.23115624138183,127.46522342597656
340,340,17,draft|draft_verify,119.45557594299316,128.20768356323242,0.0,572.0,21.0,148.5,276.7677003632324,247.72327630622559,256.12079721740724
341,341,1,draft|draft_verify,445.61123847961426,51.10883712768555,0.0,116.0,90.0,550.9896,445.61123847961426,496.7801476072998,445.61123847961426
341,341,2,draft|draft_verify,225.45385360717773,60.19997596740723,0.0,206.0,53.0,333.23600000000005,333.23600000000005,285.71387197458495,225.45385360717773
341,341,3,draft|draft_verify,49.56865310668945,60.15276908874512,0.0,259.0,8.0,50.3384,60.26001836740723,109.78142859543456,60.26001836740723
341,341,4,draft|draft_verify|target|backtracking_verify,382.4584484100342,157.10926055908203,456.82501792907715,267.0,77.0,497.70320000000004,576.3178918795411,996.4527884981933,461.0731402895752
341,341,5,draft|draft_verify|target|backtracking_verify,81.3448429107666,232.96332359313965,102.3855209350586,664.0,16.0,116.032,232.57367459656982,416.7537002389648,197.8865175073364
341,341,7,draft|draft_verify,31.004667282104492,127.23851203918457,0.0,450.0,6.0,39.876,116.48166179656982,158.30318412128906,116.48166179656982
341,341,8,draft|draft_verify,109.98868942260742,127.80594825744629,0.0,456.0,23.0,156.704,156.704,237.8546560800537,127.29851683918457
341,341,9,draft|draft_verify|target|target_rescue_verify,410.63904762268066,268.64051818847656,447.7212429046631,479.0,78.0,543.4464,677.8267214942383,1127.0608711158202,545.0193691169189
341,341,10,draft|draft_verify,121.02937698364258,132.42053985595703,0.0,548.0,24.0,168.672,168.672,253.5099360395996,134.32025909423828
341,341,11,draft|draft_verify,68.66836547851562,132.77888298034668,0.0,572.0,13.0,91.2808,132.48055905595703,201.50725885886231,132.48055905595703
341,341,12,draft|draft_verify,91.77088737487793,132.70068168640137,0.0,585.0,18.0,127.55520000000001,132.8388933803467,224.5315834612793,132.8388933803467
341,341,13,draft|draft_verify,138.8106346130371,145.02882957458496,0.0,603.0,21.0,149.988,149.988,283.89948098762204,138.8106346130371
341,341,14,draft|draft_verify,239.09759521484375,142.625093460083,0.0,624.0,37.0,267.892,267.892,381.78271827492676,239.09759521484375
341,341,15,draft|draft_verify,717.4580097198486,153.91135215759277,0.0,661.0,9.0,64.4376,142.68512306008301,871.4293690774414,717.4580097198486
341,341,16,draft|draft_verify|target|backtracking_verify,216.72487258911133,308.9756965637207,350.7726192474365,670.0,44.0,323.9744,478.5222834818603,876.5332236002686,371.2727560709717
341,341,17,draft|draft_verify|target|backtracking_verify,83.75263214111328,616.0268783569336,201.1113166809082,1436.0,18.0,162.276,724.9118315081544,900.9508415789551,717.1236797900146
341,341,18,draft|draft_verify|target|target_rescue_verify,216.39418601989746,1242.5096035003662,472.306489944458,2908.0,40.0,503.6608,2100.4603029587097,1931.2703114647218,1813.193688978607
342,342,1,draft|draft_verify,488.0354404449463,50.39238929748535,0.0,91.0,113.0,688.268,488.0354404449463,538.4879201424317,488.0354404449463
342,342,2,draft|draft_verify,222.8553295135498,61.894893646240234,0.0,204.0,50.0,313.9304,313.9304,284.81026315979,222.8553295135498
342,342,3,draft|draft_verify,378.2622814178467,77.68011093139648,0.0,254.0,93.0,600.1704000000001,600.1704000000001,456.0024667492432,378.2622814178467
342,342,4,draft|draft_verify,341.0320281982422,104.52485084533691,0.0,347.0,73.0,485.28880000000004,485.28880000000004,445.6169374435791,341.0320281982422
342,342,5,draft|draft_verify|target|target_rescue_verify,465.3003215789795,257.21120834350586,924.1626262664795,420.0,99.0,678.6864,924.1626262664795,1646.7342353889649,924.1626262664795
342,342,6,draft|draft_verify|target|target_rescue_verify,266.43967628479004,268.45526695251465,367.145299911499,571.0,56.0,400.508,534.7956782762573,902.1002879488037,400.7273545610474
342,342,7,draft|draft_verify|target|target_rescue_verify,443.162202835083,307.2972297668457,464.9171829223633,629.0,96.0,705.396,859.1046916834227,1215.436692324292,596.8708945185058
342,342,8,draft|draft_verify,334.2928886413574,154.37054634094238,0.0,703.0,70.0,524.0128,524.0128,488.7234909822998,334.2928886413574
342,342,9,draft|draft_verify,453.3982276916504,176.35035514831543,0.0,773.0,108.0,832.2936000000001,832.2936000000001,629.8086692399659,453.3982276916504
342,342,10,draft|draft_verify,252.88963317871094,201.34639739990234,0.0,881.0,58.0,457.408,457.408,454.2960769786133,252.88963317871094
342,342,11,draft|draft_verify|target|target_rescue_verify,260.08152961730957,405.2393436431885,349.61748123168945,939.0,65.0,522.3224,725.0021238215943,1014.9984064921875,462.76125343890385
342,342,12,draft|draft_verify,512.2959613800049,230.67927360534668,0.0,989.0,113.0,929.6504,929.6504,743.0353253853516,512.2959613800049
342,342,13,draft|draft_verify|target|backtracking_verify,263.6582851409912,462.9073143005371,243.9279556274414,1102.0,58.0,487.6408,719.1545035502686,970.5536014689696,495.1719886912598
342,342,14,draft|draft_verify|target|backtracking_verify,475.0025272369385,774.085283279419,329.8773765563965,2297.0,100.0,1131.6471999999999,1518.7499216397093,1579.0252670727539,862.1052488766479
342,342,15,draft|draft_verify|target|target_rescue_verify,1346.466302871704,1321.2227821350098,738.2173538208008,3607.0,291.0,4282.08,5708.227135418409,3405.9666716275146,2772.6134382901123
342,342,16,draft|draft_verify|target|target_rescue_verify|backtracking_verify,972.1682071685791,1967.3776626586914,8829.076290130615,3812.0,205.0,3093.2392,10618.831609635987,11768.682323957886,10140.661398569742
342,342,17,draft|draft_verify|target|target_rescue_verify,500.37264823913574,622.1623420715332,960.5622291564941,1340.0,108.0,977.8992000000001,1289.0404574357667,2083.157305867163,960.5622291564941
342,342,18,draft|draft_verify,109.70211029052734,315.48070907592773,0.0,1498.0,22.0,202.3336,311.0811710357666,425.24283696645506,311.0811710357666
342,342,19,draft|draft_verify,637.5436782836914,329.8306465148926,0.0,1520.0,156.0,1489.896,1489.896,967.434449598584,637.5436782836914
342,342,20,draft|draft_verify,123.19159507751465,356.2314510345459,0.0,1676.0,22.0,211.3048,329.89077131489256,479.4830637120605,329.89077131489256
342,342,21,draft|draft_verify,783.8044166564941,395.4119682312012,0.0,1698.0,162.0,1617.2856,1617.2856,1179.2765144876953,783.8044166564941
342,342,22,draft|draft_verify,113.64364624023438,399.5060920715332,0.0,1860.0,23.0,230.8352,395.47209783120115,513.2097567117676,395.47209783120115
342,342,23,draft|draft_verify,742.2120571136475,410.07423400878906,0.0,1883.0,160.0,1667.4807999999998,1667.4807999999998,1152.3464191224366,742.2120571136475
342,342,24,draft|draft_verify,110.90731620788574,446.25139236450195,0.0,2043.0,23.0,240.49759999999998,856.4457727732911,557.2187269723877,856.4457727732911
343,343,1,draft|draft_verify,394.61207389831543,56.1983585357666,0.0,124.0,78.0,477.8424,394.61207389831543,450.870494834082,394.61207389831543
343,343,2,draft|draft_verify,117.37203598022461,50.32968521118164,0.0,202.0,24.0,149.5728,149.5728,167.76174039140625,117.37203598022461
343,343,3,draft|draft_verify,52.681684494018555,59.01765823364258,0.0,226.0,11.0,68.696,68.696,111.75935152766112,52.681684494018555
343,343,4,draft|draft_verify|target|target_rescue_verify,301.2213706970215,123.80647659301758,355.4575443267822,237.0,63.0,401.57280000000003,463.53608869650884,780.5454420168213,363.1846593935303
343,343,5,draft|draft_verify,26.451826095581055,61.12098693847656,0.0,289.0,5.0,31.498400000000004,61.90323829650879,87.63281703405761,61.90323829650879
343,343,6,draft|draft_verify|target|target_rescue_verify,221.49085998535156,162.02044486999512,318.15409660339355,294.0,46.0,298.276,379.34625923499755,701.7254382587403,318.15409660339355
343,343,7,draft|draft_verify,42.99664497375488,78.44233512878418,0.0,342.0,8.0,51.7328,81.01022243499756,121.49898650253905,81.01022243499756
343,343,8,draft|draft_verify,138.153076171875,101.6390323638916,0.0,350.0,29.0,190.95440000000002,190.95440000000002,239.8521317357666,138.153076171875
343,343,9,draft|draft_verify,72.22294807434082,95.00956535339355,0.0,379.0,15.0,99.08640000000001,101.6990555638916,167.29252542773438,101.6990555638916
343,343,10,draft|draft_verify,150.42829513549805,126.30462646484375,0.0,394.0,33.0,220.9464,220.9464,276.79294800034177,150.42829513549805
343,343,11,draft|draft_verify,45.29380798339844,126.40786170959473,0.0,427.0,9.0,59.9448,126.36465286484375,171.76167689299317,126.36465286484375
343,343,12,draft|draft_verify,148.0104923248291,129.41741943359375,0.0,436.0,31.0,210.44799999999998,210.44799999999998,277.48793655842286,148.0104923248291
343,343,13,draft|draft_verify,225.58140754699707,144.67430114746094,0.0,467.0,47.0,323.93120000000005,323.93120000000005,370.315746294458,225.58140754699707
343,343,14,draft|draft_verify,96.87972068786621,138.4725570678711,0.0,514.0,20.0,138.6944,144.73433874746092,235.41229375573732,144.73433874746092
343,343,15,draft|draft_verify,223.00481796264648,128.92746925354004,0.0,534.0,47.0,331.32800000000003,331.32800000000003,351.9923248161865,223.00481796264648
343,343,16,draft|draft_verify,64.29195404052734,129.14419174194336,0.0,581.0,13.0,91.54,128.98750685354003,193.4961561824707,128.98750685354003
343,343,17,draft|draft_verify,97.89156913757324,131.0582160949707,0.0,594.0,20.0,142.3424,142.3424,229.00980123254396,129.20420214194337
343,343,18,draft|draft_verify,251.0983943939209,162.8439426422119,0.0,614.0,54.0,391.4952,391.4952,414.0023802361328,251.0983943939209
343,343,19,draft|draft_verify,64.5437240600586,153.87606620788574,0.0,668.0,13.0,94.04560000000001,162.9039858422119,218.47980066794435,162.9039858422119
343,343,20,draft|draft_verify,89.08820152282715,154.12592887878418,0.0,681.0,20.0,146.30960000000002,153.93607660788575,243.27414640161135,153.93607660788575
343,343,21,draft|draft_verify|target|target_rescue_verify,246.72174453735352,14693.8796043396,365.72909355163574,701.0,59.0,440.3456,7787.345449369799,15306.39048962859,7593.721593907153
343,343,22,draft|draft_verify,69.36430931091309,178.06077003479004,0.0,755.0,13.0,96.55120000000001,7346.9398021698,247.48508974570314,7346.9398021698
343,343,23,draft|draft_verify,99.87616539001465,174.78132247924805,0.0,768.0,20.0,150.2768,178.12078043479005,274.7175038692627,178.12078043479005
343,343,24,draft|draft_verify|target|backtracking_verify,245.38779258728027,357.9444885253906,441.82538986206055,788.0,53.0,405.8696,584.9018866626952,1045.2177133747314,441.82538986206055
343,343,25,draft|draft_verify|target|target_rescue_verify,115.62299728393555,569.2956447601318,534.4741344451904,1682.0,23.0,221.4368,534.4741344451904,1219.4527948892578,534.4741344451904
343,343,26,draft|draft_verify,97.20921516418457,178.5280704498291,0.0,854.0,20.0,154.1984,284.6478223800659,275.7973016140137,284.6478223800659
343,343,27,draft|draft_verify,248.9147186279297,201.85542106628418,0.0,874.0,53.0,416.6024,416.6024,450.83018209421385,248.9147186279297
343,343,28,draft|draft_verify,60.66298484802246,202.22043991088867,0.0,927.0,13.0,101.5048,201.91546346628417,262.94343515891114,201.91546346628417
343,343,29,draft|draft_verify,99.49874877929688,204.12945747375488,0.0,940.0,20.0,158.12,202.28045031088868,303.6882222530518,202.28045031088868
343,343,30,draft|draft_verify,226.15528106689453,205.46817779541016,0.0,960.0,47.0,378.3584,378.3584,431.6834964623047,226.15528106689453
343,343,31,draft|draft_verify,82.20887184143066,226.98497772216797,0.0,1007.0,13.0,103.8088,205.52821539541014,309.25385996359864,205.52821539541014
343,343,32,draft|draft_verify,98.73723983764648,221.03381156921387,0.0,1020.0,20.0,161.768,227.04498812216798,319.83106740686037,227.04498812216798
343,343,33,draft|draft_verify,258.6827278137207,225.87180137634277,0.0,1040.0,54.0,445.68240000000003,445.68240000000003,484.6145723900635,258.6827278137207
343,343,34,draft|draft_verify,75.00052452087402,230.7145595550537,0.0,1094.0,13.0,106.3144,225.93184457634277,305.77509447592774,225.93184457634277
343,343,35,draft|draft_verify,101.16219520568848,231.72831535339355,0.0,1107.0,20.0,165.73520000000002,230.77456995505372,332.95052655908205,230.77456995505372
343,343,36,draft|draft_verify,298.97618293762207,258.4807872772217,0.0,1127.0,54.0,456.7488,456.7488,557.5170134148437,298.97618293762207
343,343,37,draft|draft_verify,80.38473129272461,261.7499828338623,0.0,1181.0,13.0,108.82,258.5408304772217,342.1947245265869,258.5408304772217
343,343,38,draft|draft_verify,96.65274620056152,264.56308364868164,0.0,1194.0,20.0,169.7024,261.8099932338623,361.2758458492432,261.8099932338623
343,343,39,draft|draft_verify,246.64831161499023,272.8707790374756,0.0,1214.0,53.0,459.0344,459.0344,519.5791330524657,264.62309964868166
343,343,40,draft|draft_verify,66.05672836303711,276.8206596374512,0.0,1267.0,13.0,111.2968,272.9308214374756,342.9373984004883,272.9308214374756
343,343,41,draft|draft_verify,97.02396392822266,280.2538871765137,0.0,1280.0,20.0,173.624,276.8806700374512,377.33786710473635,276.8806700374512
343,343,42,draft|draft_verify,249.23372268676758,282.3007106781006,0.0,1300.0,53.0,469.7672,469.7672,531.5944757648681,280.3139031765137
343,343,43,draft|draft_verify,65.6895637512207,284.6331596374512,0.0,1353.0,13.0,113.7736,282.3607530781006,350.3827337886719,282.3607530781006
343,343,44,draft|draft_verify|target|backtracking_verify,100.65221786499023,625.281810760498,164.83664512634277,1366.0,20.0,177.5456,597.3940914177002,890.8306897518311,597.3940914177002
343,343,45,draft|draft_verify|target|backtracking_verify,508.44597816467285,953.7973403930664,358.16025733947754,2772.0,108.0,1345.6368,1822.5955565965332,1820.4636622972168,985.4047347612061
343,343,46,draft|draft_verify|target|backtracking_verify,212.29124069213867,1588.9973640441895,238.68417739868164,4320.0,39.0,619.6224,2010.2224111346923,2040.0328133350097,1867.4986813312257
343,343,47,draft|draft_verify|target|target_rescue_verify,2435.879707336426,3277.301073074341,837.9170894622803,7265.0,525.0,12480.083999999999,16100.04905733673,6551.158289873047,6055.8447646731565
343,343,48,draft|draft_verify,256.5326690673828,335.8957767486572,0.0,1472.0,54.0,500.6328,500.6328,592.48848901604,327.7301073074341
343,343,49,draft|draft_verify,114.64786529541016,339.57529067993164,0.0,1526.0,23.0,213.2,335.9558199486572,454.2831743753418,335.9558199486572
343,343,50,draft|draft_verify,283.51449966430664,337.8608226776123,0.0,1549.0,62.0,587.192,587.192,621.4353719419189,339.63530907993163
343,343,51,draft|draft_verify,58.046817779541016,355.7126522064209,0.0,1611.0,10.0,92.3056,693.6935324840332,413.8194779859619,693.6935324840332
344,344,1,draft|draft_verify,380.9080123901367,55.199623107910156,0.0,123.0,79.0,483.88000000000005,380.9080123901367,436.1676986980469,380.9080123901367
344,344,2,draft|draft_verify|target|target_rescue_verify,487.75506019592285,128.42941284179688,417.0267581939697,202.0,102.0,646.8072,711.0819880208984,1033.2713128316896,552.0298482168213
344,344,3,draft|draft_verify|target|target_rescue_verify,1385.2415084838867,217.9257869720459,511.43693923950195,262.0,309.0,2081.5368,2190.559940686023,2114.6644818954346,1494.2646491699097
344,344,4,draft|draft_verify,317.5339698791504,93.71471405029297,0.0,343.0,67.0,444.21760000000006,444.21760000000006,411.30873752944336,317.5339698791504
344,344,5,draft|draft_verify,74.45597648620605,93.68348121643066,0.0,410.0,14.0,93.3704,93.77476765029297,168.19946890263674,93.77476765029297
344,344,6,draft|draft_verify,69.15807723999023,125.59890747070312,0.0,424.0,14.0,93.8072,93.8072,194.81699591069338,93.74349241643067
344,344,7,draft|draft_verify,640.831470489502,129.0304660797119,0.0,438.0,128.0,887.7296,1016.8201684797119,769.9220389692139,769.9220389692139
345,345,1,draft|draft_verify,571.7694759368896,59.091806411743164,0.0,122.0,124.0,766.0767999999999,571.7694759368896,630.9213815486328,571.7694759368896
345,345,2,draft|draft_verify,144.15812492370605,61.347007751464844,0.0,246.0,29.0,183.9656,183.9656,205.5651558751709,144.15812492370605
345,345,3,draft|draft_verify|target|backtracking_verify,278.1217098236084,156.90112113952637,513.463020324707,275.0,56.0,361.436,513.463020324707,948.5458960878418,513.463020324707
345,345,4,draft|draft_verify|target|target_rescue_verify|backtracking_verify,722.1322059631348,437.9160404205322,825.5658149719238,687.0,157.0,1187.7832,1929.0632634013612,1985.6741869555908,1463.4122693644958
345,345,5,draft|draft_verify|target|target_rescue_verify,249.12261962890625,351.9618511199951,67.13008880615234,824.0,51.0,394.68,570.7209663599975,668.2746003550537,425.16358598890383
345,345,6,draft|draft_verify|target|target_rescue_verify,506.3929557800293,381.79659843444824,562.2670650482178,832.0,108.0,847.4448,1038.4031856172242,1450.5167056626954,697.3513413972535
345,345,7,draft|draft_verify|target|target_rescue_verify,300.6010055541992,403.31506729125977,247.80964851379395,971.0,67.0,543.6928,745.4103872456299,951.7857749592529,502.3185927998291
345,345,8,draft|draft_verify,249.97735023498535,132.1866512298584,0.0,536.0,57.0,403.0488,403.0488,382.2240470648437,249.97735023498535
345,345,9,draft|draft_verify|target|target_rescue_verify,393.6004638671875,281.71730041503906,80.33585548400879,593.0,88.0,638.1256,779.0443206075195,755.7136901662353,534.519184474707
345,345,10,draft|draft_verify,265.9273147583008,132.7049732208252,0.0,599.0,57.0,411.516,411.516,398.692333579126,265.9273147583008
345,345,12,draft|draft_verify|target|target_rescue_verify,386.5165710449219,309.16333198547363,283.9188575744629,704.0,63.0,471.0624,625.7041163927369,979.6588110048584,541.1582874376587
345,345,13,draft|draft_verify,226.1483669281006,155.77077865600586,0.0,746.0,48.0,362.376,362.376,381.97918398410644,226.1483669281006
345,345,14,draft|draft_verify,186.6469383239746,174.7891902923584,0.0,794.0,39.0,298.0512,298.0512,361.49615981633303,186.6469383239746
345,345,15,draft|draft_verify|target|backtracking_verify,144.94705200195312,354.2654514312744,228.4557819366455,833.0,34.0,262.48,439.67275291563726,727.7283125698731,352.0419744079956
345,345,16,draft|draft_verify|target|backtracking_verify,317.4090385437012,717.897891998291,431.29968643188477,1734.0,62.0,614.276,1368.4093118146607,1466.666666573877,1071.5423503583618
345,345,17,draft|draft_verify|target|target_rescue_verify,2055.3195476531982,1666.8386459350586,992.5932884216309,3592.0,444.0,6603.604799999999,8806.5939367094,4714.811837209887,4258.308684362598
345,345,18,draft|draft_verify,127.91180610656738,201.36308670043945,0.0,929.0,31.0,245.944,245.944,329.33491760700684,208.35483074188232
345,345,19,draft|draft_verify,123.55542182922363,201.19380950927734,0.0,960.0,28.0,223.8352,223.8352,324.80925373850096,201.42311150043946
345,345,20,draft|draft_verify,263.1387710571289,226.47976875305176,0.0,988.0,62.0,505.0616,505.0616,489.6785894101807,263.1387710571289
345,345,21,draft|draft_verify,128.10873985290527,228.36732864379883,0.0,1050.0,29.0,237.99439999999998,237.99439999999998,356.5360916967041,226.53981835305177
345,345,22,draft|draft_verify,171.67949676513672,230.03578186035156,0.0,1079.0,41.0,340.892,340.892,401.77531142548827,228.42735184379882
345,345,23,draft|draft_verify,125.091552734375,230.84783554077148,0.0,1120.0,29.0,242.6984,242.6984,355.9994114751465,230.09581466035155
345,345,24,draft|draft_verify,153.8393497467041,249.0861415863037,0.0,1149.0,35.0,296.0864,296.0864,402.9855193330078,230.90785874077147
345,345,25,draft|draft_verify,140.61498641967773,256.6821575164795,0.0,1184.0,29.0,246.9992,249.1461695863037,397.3571671361572,249.1461695863037
345,345,26,draft|draft_verify,145.8117961883545,258.8932514190674,0.0,1213.0,35.0,301.3088,301.3088,404.76507560742186,256.7421807164795
345,345,27,draft|draft_verify,140.8674716949463,257.97343254089355,0.0,1248.0,29.0,251.3,258.95327941906737,398.90092743583983,258.95327941906737
345,345,28,draft|draft_verify,173.44164848327637,275.63953399658203,0.0,1277.0,35.0,306.5312,306.5312,449.1412104798584,258.03345574089354
345,345,29,draft|draft_verify,144.61541175842285,277.8024673461914,0.0,1312.0,29.0,255.6008,275.699561996582,422.47790230461425,275.699561996582
345,345,30,draft|draft_verify,164.23940658569336,280.9317111968994,0.0,1341.0,35.0,311.7536,311.7536,445.23114578259276,277.8624905461914
345,345,31,draft|draft_verify,147.4621295928955,309.6790313720703,0.0,1376.0,31.0,278.128,280.9917391968994,457.2011857649658,280.9917391968994
345,345,32,draft|draft_verify,160.35151481628418,308.5751533508301,0.0,1407.0,35.0,317.13919999999996,317.13919999999996,468.98669616711425,309.7390561720703
345,345,33,draft|draft_verify,147.88460731506348,313.9767646789551,0.0,1442.0,31.0,282.88,308.63518135083007,461.92139679401856,308.63518135083007
345,345,34,draft|draft_verify,165.2052402496338,313.1413459777832,0.0,1473.0,35.0,322.5248,322.5248,478.406614227417,314.0367894789551
345,345,35,draft|draft_verify,145.90954780578613,332.93771743774414,0.0,1508.0,31.0,287.632,313.2013739777832,478.9072900435303,313.2013739777832
345,345,36,draft|draft_verify,163.09833526611328,331.0129642486572,0.0,1539.0,35.0,327.9104,332.99774223774415,494.1713275147705,332.99774223774415
345,345,37,draft|draft_verify,145.88284492492676,335.7579708099365,0.0,1574.0,31.0,292.384,331.0729922486572,481.7008405348633,331.0729922486572
345,345,38,draft|draft_verify,163.39421272277832,330.594539642334,0.0,1605.0,36.0,342.972,342.972,494.0487811651123,335.81799560993653
345,345,39,draft|draft_verify,151.96657180786133,351.95350646972656,0.0,1641.0,32.0,306.9608,330.654568442334,503.9801038775879,330.654568442334
345,345,40,draft|draft_verify,168.00761222839355,364.44592475891113,0.0,1673.0,36.0,348.68399999999997,352.0135320697266,532.5135657873047,352.0135320697266
345,345,41,draft|draft_verify,154.0994644165039,365.7820224761963,0.0,1709.0,32.0,312.02,364.50595355891113,519.9415124927002,364.50595355891113
345,345,42,draft|draft_verify,172.5609302520752,391.1595344543457,0.0,1741.0,36.0,354.39599999999996,365.8420480761963,563.780493506421,365.8420480761963
345,345,43,draft|draft_verify,154.24275398254395,392.0257091522217,0.0,1777.0,32.0,317.0792,391.2195632543457,546.3284887347656,391.2195632543457
345,345,44,draft|draft_verify,154.56056594848633,397.568941116333,0.0,1809.0,36.0,360.108,392.0857347522217,552.1895358648194,392.0857347522217
345,345,45,draft|draft_verify,128.33333015441895,399.2581367492676,0.0,1845.0,32.0,322.1384,397.628969916333,527.6514925036865,397.628969916333
345,345,46,draft|draft_verify,168.11275482177734,409.1970920562744,0.0,1877.0,36.0,365.82,399.3181623492676,577.3698756780518,399.3181623492676
345,345,47,draft|draft_verify,153.84483337402344,409.9459648132324,0.0,1913.0,32.0,327.19759999999997,409.2571208562744,563.8508237872559,409.2571208562744
345,345,48,draft|draft_verify,220.77679634094238,411.37099266052246,0.0,1945.0,36.0,371.53200000000004,410.00599041323244,632.2078178014649,410.00599041323244
345,345,49,draft|draft_verify,155.5631160736084,441.39862060546875,0.0,1981.0,32.0,332.2568,411.43102146052246,597.0217622790772,411.43102146052246
345,345,50,draft|draft_verify,180.60803413391113,442.3501491546631,0.0,2013.0,36.0,377.244,883.8688241601319,623.0182120885743,883.8688241601319
346,346,1,draft|draft_verify,241.0273551940918,30.997753143310547,0.0,91.0,50.0,300.6416,241.0273551940918,272.0851483374023,241.0273551940918
346,346,2,draft|draft_verify|target|target_rescue_verify,351.6576290130615,86.1818790435791,274.57642555236816,141.0,77.0,474.7208,517.8718011217895,712.4759952090087,394.80863013485106
346,346,3,draft|draft_verify,76.07698440551758,56.757211685180664,0.0,176.0,16.0,98.464,98.464,132.89420889069822,76.07698440551758
346,346,4,draft|draft_verify,305.3722381591797,68.98713111877441,0.0,192.0,68.0,426.6608,426.6608,374.4194236779541,305.3722381591797
346,346,5,draft|draft_verify,122.21145629882812,68.30787658691406,0.0,260.0,26.0,165.62,165.62,190.5793536857422,122.21145629882812
346,346,6,draft|draft_verify,275.1462459564209,87.9218578338623,0.0,286.0,60.0,389.1456,389.1456,363.1281517902832,275.1462459564209
346,346,7,draft|draft_verify|target|backtracking_verify,29.94513511657715,168.26438903808594,92.54717826843262,346.0,6.0,38.628,172.17410515290527,290.8167072230957,172.17410515290527
346,346,8,draft|draft_verify|target|backtracking_verify,827.4924755096436,381.2997341156006,575.9727954864502,706.0,186.0,1422.3960000000002,1613.1060158578005,1784.8251539116943,1018.2024913674438
346,346,9,draft|draft_verify|target|backtracking_verify,108.80255699157715,761.8396282196045,267.2555446624756,1337.0,21.0,185.22,1003.7466038157877,1137.9577466736573,1003.7466038157877
346,346,10,draft|draft_verify|target|target_rescue_verify,2058.1812858581543,1711.5318775177002,3029.2460918426514,2716.0,438.0,5592.348,9685.684314660102,6799.019605618506,6151.517600518256
346,346,11,draft|draft_verify,25.46095848083496,138.51189613342285,0.0,528.0,5.0,33.7928,142.62765645980835,164.0328586142578,142.62765645980835
346,346,12,draft|draft_verify,151.52478218078613,129.55832481384277,0.0,533.0,35.0,245.8208,245.8208,281.1431349946289,151.52478218078613
346,346,13,draft|draft_verify,49.8967170715332,129.00090217590332,0.0,568.0,9.0,62.652,129.61835281384276,178.95762644743652,129.61835281384276
346,346,14,draft|draft_verify,258.61072540283203,132.7667236328125,0.0,577.0,38.0,271.0448,271.0448,391.43747943564455,258.61072540283203
346,346,15,draft|draft_verify,53.28869819641113,132.401704788208,0.0,615.0,8.0,56.3192,132.8267540328125,185.75040938461913,132.8267540328125
346,346,17,draft|draft_verify,194.45466995239258,153.76520156860352,0.0,661.0,34.0,248.8576,248.8576,348.27989872099613,194.45466995239258
346,346,18,draft|draft_verify,34.73973274230957,151.46183967590332,0.0,695.0,7.0,50.2384,153.82522876860352,186.2615780182129,153.82522876860352
346,346,19,draft|draft_verify|target|target_rescue_verify,163.44690322875977,306.7793846130371,274.7361660003662,702.0,35.0,259.6112,413.06092030651854,745.0224818421631,316.8966235352783
346,346,20,draft|draft_verify,40.39597511291504,153.2423496246338,0.0,731.0,8.0,58.268,153.38969230651855,193.69833113754882,153.38969230651855
346,346,21,draft|draft_verify,196.57611846923828,153.83672714233398,0.0,739.0,42.0,315.86400000000003,315.86400000000003,350.47287921157226,196.57611846923828
346,346,22,draft|draft_verify,140.2599811553955,174.84378814697266,0.0,781.0,30.0,227.60160000000002,227.60160000000002,315.16379330236816,153.89676074233398
346,346,23,draft|draft_verify,105.9579849243164,174.72267150878906,0.0,811.0,22.0,167.7088,174.90381214697265,280.74067403310545,174.90381214697265
346,346,24,draft|draft_verify,46.47994041442871,175.5664348602295,0.0,833.0,10.0,75.5008,174.78268910878907,222.1063832746582,174.78268910878907
346,346,25,draft|draft_verify,85.53743362426758,183.2602024078369,0.0,843.0,20.0,153.6968,175.6264428602295,268.8576520321045,175.6264428602295
346,346,26,draft|draft_verify,304.1656017303467,200.3498077392578,0.0,863.0,67.0,526.5856,526.5856,504.5754630696045,304.1656017303467
346,346,27,draft|draft_verify,413.9389991760254,204.04553413391113,0.0,930.0,95.0,765.8240000000001,765.8240000000001,618.0446093099365,413.9389991760254
346,346,28,draft|draft_verify,30.416250228881836,224.67684745788574,0.0,1025.0,6.0,46.775999999999996,204.10561013391114,255.15310248676758,204.10561013391114
346,346,29,draft|draft_verify,195.75834274291992,228.1959056854248,0.0,1031.0,46.0,377.872,377.872,424.01428522834476,224.73685225788574
346,346,30,draft|draft_verify|target|target_rescue_verify,128.7691593170166,486.5450859069824,486.82308197021484,1077.0,27.0,223.02720000000002,486.82308197021484,1102.197348794214,486.82308197021484
346,346,31,draft|draft_verify|target|target_rescue_verify,259.1698169708252,515.2585506439209,313.4438991546631,1150.0,63.0,537.4272,795.1165257219604,1087.932317169409,516.8591426927857
346,346,32,draft|draft_verify,27.872562408447266,256.7451000213623,0.0,1197.0,5.0,40.2152,257.62927532196045,284.67766642980956,257.62927532196045
346,346,33,draft|draft_verify,54.213762283325195,258.99696350097656,0.0,1202.0,10.0,83.47120000000001,515.8620755223388,313.27073378430174,515.8620755223388
347,347,1,draft|draft_verify|target|target_rescue_verify,439.2271041870117,139.75191116333008,863.806962966919,205.0,100.0,634.588,863.806962966919,1442.8460583172607,863.806962966919
347,347,2,draft|draft_verify|target|backtracking_verify,356.3692569732666,197.9506015777588,519.7896957397461,346.0,80.0,532.3856000000001,631.4209647888795,1074.1696182907715,519.7896957397461
347,347,4,draft|draft_verify|target|target_rescue_verify,1276.9300937652588,419.21281814575195,947.8061199188232,1042.0,287.0,2461.1072,2880.380247745752,2644.0092614298337,1696.2031415110107
348,348,1,draft|draft_verify,752.2687911987305,78.03750038146973,0.0,206.0,166.0,1067.284,752.2687911987305,830.3664243802002,752.2687911987305
348,348,3,draft|draft_verify|target|target_rescue_verify,660.9961986541748,257.627010345459,461.87758445739746,513.0,108.0,765.5256,894.3991915727295,1380.5608798570313,789.8697902269043
348,348,4,draft|draft_verify,637.0201110839844,154.97756004333496,0.0,585.0,136.0,992.212,992.212,792.0577799273193,637.0201110839844
348,348,5,draft|draft_verify|target|backtracking_verify,518.829345703125,328.366756439209,259.03940200805664,721.0,106.0,803.488,967.7314630196046,1106.2955889503905,683.0728087227295
348,348,6,draft|draft_verify|target|backtracking_verify,848.029613494873,431.6060543060303,1563.4465217590332,827.0,192.0,1525.1832,1741.046380753015,2843.1423431599364,1563.4465217590332
348,348,7,draft|draft_verify|target|backtracking_verify,1044.7092056274414,999.6528625488281,1877.929925918579,2116.0,238.0,2637.388,4326.152800270911,3922.3521844948486,2733.474005898352
348,348,8,draft|draft_verify|target|target_rescue_verify,899.3980884552002,1549.7918128967285,1769.4871425628662,3561.0,200.0,2896.4936,5367.705032455851,4218.737203914795,3370.6095209110517
348,348,9,draft|draft_verify|target|target_rescue_verify,281.97526931762695,770.6854343414307,297.454833984375,2542.0,49.0,576.9208,1347.6662735414307,1350.1755768434327,1052.7207428590577
349,349,1,draft|draft_verify,244.12178993225098,31.076669692993164,0.0,106.0,54.0,326.87760000000003,244.12178993225098,275.25850282524414,244.12178993225098
349,349,2,draft|draft_verify|target|backtracking_verify,882.5540542602539,135.8470916748047,264.30511474609375,160.0,196.0,1245.7839999999999,1313.7677026374022,1282.7664174811523,950.5377568976562
349,349,3,draft|draft_verify|target|target_rescue_verify,999.5229244232178,298.2451915740967,405.22289276123047,555.0,196.0,1430.644,1579.8267525870483,1703.0511655585449,1148.705677010266
349,349,4,draft|draft_verify|target|target_rescue_verify,408.4210395812988,321.4836120605469,581.2251567840576,663.0,90.0,667.8288,828.6306780302734,1311.1898804259033,581.2251567840576
349,349,5,draft|draft_verify|target|target_rescue_verify|backtracking_verify,879.1608810424805,443.0973529815674,1291.6169166564941,778.0,170.0,1325.8328000000001,2304.024409064423,2613.935286680542,1857.3524901069031
349,349,6,draft|draft_verify|target|backtracking_verify|target_rescue_verify,889.272928237915,410.14909744262695,562.9763603210449,715.0,201.0,1545.18,2134.3401640424927,1862.4585468015869,1478.4330922804077
349,349,7,draft|draft_verify|target|target_rescue_verify,781.3029289245605,639.9950981140137,1196.3839530944824,1219.0,172.0,1522.852,2633.1001926384524,2617.7421177330566,1891.5511215630127
349,349,8,draft|draft_verify,211.06529235839844,127.3956298828125,0.0,441.0,50.0,341.8016,341.8016,338.5209622412109,211.06529235839844
349,349,9,draft|draft_verify,135.26463508605957,146.1954116821289,0.0,491.0,29.0,200.4296,200.4296,281.52006996818847,135.26463508605957
349,349,10,draft|draft_verify,92.0863151550293,138.24033737182617,0.0,520.0,21.0,146.004,146.2554348821289,230.38666932685547,146.2554348821289
349,349,11,draft|draft_verify|target|target_rescue_verify,255.87701797485352,257.12013244628906,350.2974510192871,541.0,62.0,439.6208,568.2409158231445,863.3546510404296,384.49713379799806
349,349,12,draft|draft_verify|target|target_rescue_verify,247.6799488067627,267.0280933380127,219.36726570129395,592.0,51.0,366.84000000000003,500.4140874690064,734.1353486460694,381.25403627576907
349,349,13,draft|draft_verify,150.1007080078125,134.6578598022461,0.0,620.0,31.0,223.696,358.41388460224607,284.8185926100586,284.8185926100586
350,350,1,draft|draft_verify|target|backtracking_verify,371.9503879547119,103.06763648986816,428.33542823791504,121.0,67.0,409.05280000000005,428.33542823791504,903.4135062824951,428.33542823791504
350,350,2,draft|draft_verify|target|target_rescue_verify|backtracking_verify,740.8120632171631,265.6073570251465,1329.6153545379639,375.0,156.0,1063.9560000000001,1928.029319837842,2336.0948995802737,1604.885383055005
350,350,3,draft|draft_verify|target|target_rescue_verify,1208.1875801086426,588.3595943450928,1923.2590198516846,865.0,262.0,2127.7744000000002,3900.306951455367,3719.86640390542,2980.7201315640095
350,350,4,draft|draft_verify|target|target_rescue_verify,689.2297267913818,456.79259300231934,670.4490184783936,821.0,149.0,1173.3416,1851.2206731909362,1816.5314574720946,1367.108799982318
350,350,5,draft|draft_verify|target|target_rescue_verify,739.9420738220215,288.24377059936523,1256.260633468628,482.0,162.0,1147.4232,1291.6052148996826,2284.5066074900146,1256.260633468628
350,350,6,draft|draft_verify,160.11977195739746,153.76996994018555,0.0,695.0,33.0,244.0632,244.0632,313.949768297583,160.11977195739746
350,350,7,draft|draft_verify,323.75431060791016,155.18832206726074,0.0,728.0,68.0,512.8496,668.0979764672608,479.0026870751709,479.0026870751709
351,351,1,draft|draft_verify,150.42471885681152,36.33379936218262,0.0,127.0,34.0,206.5648,150.42471885681152,186.81854541899415,150.42471885681152
351,351,2,draft|draft_verify,448.23551177978516,61.121463775634766,0.0,161.0,99.0,617.7696,617.7696,509.41705475541994,448.23551177978516
351,351,3,draft|draft_verify|target|target_rescue_verify,511.3551616668701,183.2277774810791,862.673282623291,260.0,110.0,713.804,862.673282623291,1557.3163097712402,862.673282623291
351,351,4,draft|draft_verify,355.4646968841553,142.59576797485352,0.0,404.0,84.0,571.0032,571.0032,498.1205320590088,355.4646968841553
351,351,5,draft|draft_verify,1165.3790473937988,154.84213829040527,0.0,488.0,264.0,1906.7040000000002,1906.7040000000002,1320.281396884204,1165.3790473937988
351,351,6,draft|draft_verify,173.43688011169434,155.2424430847168,0.0,752.0,41.0,309.5,309.5,328.7393559964111,173.43688011169434
351,351,7,draft|draft_verify,379.5514106750488,175.49991607666016,0.0,793.0,79.0,609.3040000000001,609.3040000000001,555.111389951709,379.5514106750488
351,351,8,draft|draft_verify,444.89336013793945,201.41029357910156,0.0,872.0,93.0,736.6248,736.6248,646.3637281170411,444.89336013793945
351,351,9,draft|draft_verify,158.16164016723633,201.4787197113037,0.0,965.0,32.0,256.6664,458.2051453113037,359.70038547854006,403.00911329040525
352,352,1,draft|draft_verify|target|backtracking_verify,352.327823638916,67.15083122253418,255.22732734680176,88.0,78.0,471.18960000000004,385.9633016501831,674.766044608252,385.9633016501831
352,352,2,draft|draft_verify|target|backtracking_verify,350.75879096984863,150.94661712646484,326.2903690338135,291.0,69.0,449.1816,524.7149637632324,828.055832330127,426.292154733081
352,352,3,draft|draft_verify|target|target_rescue_verify,1453.7456035614014,465.0440216064453,1775.3889560699463,575.0,323.0,2423.1872,3994.3767804520016,3694.238839637793,3024.9351840134036
352,352,4,draft|draft_verify,834.5522880554199,88.20486068725586,0.0,184.0,179.0,1144.2992,1144.2992,922.8172919426758,834.5522880554199
352,352,5,draft|draft_verify,492.97189712524414,143.01776885986328,0.0,363.0,109.0,733.876,733.876,636.0497531851074,492.97189712524414
352,352,6,draft|draft_verify|target|target_rescue_verify,793.9529418945312,280.14159202575684,564.6805763244629,472.0,177.0,1252.7352,1392.8661376128784,1638.835251844751,934.0838795074096
352,352,8,draft|draft_verify,536.6067886352539,228.0893325805664,0.0,990.0,113.0,929.9192,929.9192,764.7562116158203,536.6067886352539
352,352,9,draft|draft_verify,776.0312557220459,257.63916969299316,0.0,1103.0,153.0,1308.5016,1308.5016,1033.730547815039,776.0312557220459
352,352,10,draft|draft_verify,141.92628860473633,251.64794921875,0.0,1256.0,28.0,243.016,509.4072637117432,393.6342602234863,509.4072637117432
353,353,1,draft|draft_verify,232.49053955078125,30.99203109741211,0.0,126.0,50.0,304.7576,232.49053955078125,263.5426106481933,232.49053955078125
353,353,2,draft|draft_verify|target|target_rescue_verify,714.7338390350342,128.94725799560547,174.79991912841797,176.0,157.0,996.4648000000001,1060.998554597803,1018.5411417590576,779.2675936328369
353,353,3,draft|draft_verify|target|target_rescue_verify,226.52411460876465,126.16801261901855,219.9532985687256,197.0,50.0,313.1072,376.25124630950927,572.7054657965087,289.66816091827394
353,353,4,draft|draft_verify|target|target_rescue_verify,139.13273811340332,135.71691513061523,217.64850616455078,228.0,31.0,195.472,263.3904823653076,492.55818420856934,217.64850616455078
353,353,5,draft|draft_verify|target|target_rescue_verify,101.24754905700684,8588.862419128418,171.94437980651855,256.0,21.0,133.332,4427.823226364209,8862.114364791943,4395.738775421216
353,353,6,draft|draft_verify,213.70291709899902,88.61517906188965,0.0,279.0,43.0,277.1104,4294.431209564209,302.3781305608887,4294.431209564209
353,353,7,draft|draft_verify,190.5829906463623,92.22745895385742,0.0,322.0,39.0,255.00480000000002,255.00480000000002,282.87048080021975,190.5829906463623
353,353,8,draft|draft_verify|target|target_rescue_verify,236.56582832336426,192.90637969970703,261.00945472717285,361.0,49.0,325.6696,422.1828290498535,690.5417019502441,333.0790573732178
353,353,9,draft|draft_verify,201.92265510559082,124.76420402526855,0.0,394.0,43.0,288.7024,288.7024,326.7468935308594,201.92265510559082
353,353,10,draft|draft_verify,228.31106185913086,125.84280967712402,0.0,437.0,49.0,334.4248,334.4248,354.2139107362549,228.31106185913086
353,353,11,draft|draft_verify,144.26875114440918,143.8271999359131,0.0,486.0,31.0,214.048,214.048,288.1559758803223,144.26875114440918
353,353,12,draft|draft_verify|target|target_rescue_verify,94.5432186126709,265.40350914001465,218.32561492919922,517.0,20.0,138.83120000000002,276.6489953059204,578.3323586818848,276.6489953059204
353,353,13,draft|draft_verify,152.21881866455078,128.4322738647461,0.0,546.0,32.0,225.4928,225.4928,280.7111181292969,152.21881866455078
353,353,14,draft|draft_verify|target|target_rescue_verify,109.1315746307373,255.19847869873047,106.69517517089844,578.0,23.0,163.1456,290.8048577493652,471.0852469003662,256.15155721411134
353,353,15,draft|draft_verify|target|target_rescue_verify,205.71446418762207,262.9539966583252,351.46546363830566,588.0,44.0,315.512,447.04903352916256,820.193959684253,351.46546363830566
353,353,16,draft|draft_verify,106.01401329040527,134.48739051818848,0.0,641.0,22.0,159.1408,159.1408,240.56142140859373,131.4769983291626
353,353,17,draft|draft_verify|target|backtracking_verify,134.16242599487305,311.8109703063965,552.1712303161621,663.0,27.0,197.1936,552.1712303161621,998.2046482174317,552.1712303161621
353,353,18,draft|draft_verify|target|target_rescue_verify,461.21907234191895,660.4042053222656,437.38651275634766,1442.0,95.0,881.3312000000001,1595.387686369873,1559.0698664205322,1175.275558711792
353,353,19,draft|draft_verify,104.81929779052734,175.140380859375,0.0,793.0,19.0,143.728,340.3014473899414,280.01969384990235,340.3014473899414
354,354,1,draft|draft_verify,339.0543460845947,30.397653579711914,0.0,92.0,69.0,416.7048,339.0543460845947,369.51205486430666,339.0543460845947
354,354,2,draft|draft_verify,204.5116424560547,52.1090030670166,0.0,161.0,44.0,271.4456,271.4456,256.6806807230713,204.5116424560547
354,354,3,draft|draft_verify,132.04050064086914,59.41581726074219,0.0,205.0,29.0,181.2104,181.2104,191.51634110161132,132.04050064086914
354,354,4,draft|draft_verify|target|backtracking_verify,162.6431941986084,125.77605247497559,253.80635261535645,234.0,36.0,227.80800000000002,290.75605503748784,542.2856280889405,253.80635261535645
354,354,5,draft|draft_verify|target|target_rescue_verify,497.50280380249023,217.23675727844238,115.64493179321289,538.0,101.0,720.98,829.6584594392212,830.4445736741454,606.1812632417115
354,354,6,draft|draft_verify|target|backtracking_verify,117.6307201385498,190.81425666809082,96.99463844299316,560.0,24.0,169.3344,264.8015475340454,405.4996344496338,213.0978676725952
354,354,7,draft|draft_verify|target|target_rescue_verify,1459.9273204803467,536.7453098297119,867.9587841033936,870.0,280.0,2283.496,3309.483171593689,2864.691638413452,2485.9144920740355
354,354,9,draft|draft_verify,162.81628608703613,145.84803581237793,0.0,497.0,35.0,242.8832,242.8832,308.72434989941405,162.81628608703613
354,354,11,draft|draft_verify|target|target_rescue_verify,426.6245365142822,308.00533294677734,538.3594036102295,621.0,87.0,636.5328,790.5955360733886,1273.0493426712892,580.6872725876709
354,354,12,draft|draft_verify,413.36894035339355,156.02684020996094,0.0,708.0,88.0,662.1376,662.1376,569.4558509633545,413.36894035339355
354,354,13,draft|draft_verify,396.8620300292969,181.5640926361084,0.0,796.0,88.0,680.512,680.512,578.4861930654052,396.8620300292969
354,354,14,draft|draft_verify,408.9384078979492,208.54854583740234,0.0,884.0,87.0,690.816,690.816,617.5470233353516,408.9384078979492
354,354,15,draft|draft_verify,450.9563446044922,224.5926856994629,0.0,971.0,87.0,708.7728,708.7728,675.6090999039551,450.9563446044922
354,354,16,draft|draft_verify,413.8774871826172,235.11719703674316,0.0,1058.0,88.0,735.2176,735.2176,649.0547546193603,413.8774871826172
354,354,17,draft|draft_verify,438.39526176452637,257.3542594909668,0.0,1146.0,88.0,753.592,753.592,695.8095916554931,438.39526176452637
354,354,18,draft|draft_verify,431.1718940734863,280.63416481018066,0.0,1234.0,87.0,763.056,763.056,711.866128483667,431.1718940734863
354,354,19,draft|draft_verify,469.50554847717285,282.73916244506836,0.0,1321.0,92.0,826.6328000000001,826.6328000000001,752.3047845222412,469.50554847717285
354,354,20,draft|draft_verify,431.7500591278076,314.97669219970703,0.0,1413.0,89.0,818.684,818.684,746.7868225275147,431.7500591278076
354,354,21,draft|draft_verify,483.4778308868408,336.0886573791504,0.0,1502.0,88.0,827.9248,827.9248,819.6265586659912,483.4778308868408
354,354,22,draft|draft_verify,438.2967948913574,349.9588966369629,0.0,1590.0,92.0,885.3824,885.3824,788.3157651283203,438.2967948913574
354,354,23,draft|draft_verify,428.73144149780273,361.8509769439697,0.0,1682.0,91.0,895.48,895.48,790.6424912417724,428.73144149780273
354,354,24,draft|draft_verify,412.19353675842285,394.8547840118408,0.0,1773.0,88.0,884.5096,884.5096,807.1083911702636,412.19353675842285
354,354,25,draft|draft_verify,435.12773513793945,406.4960479736328,0.0,1861.0,92.0,944.5688,944.5688,841.6838567115723,435.12773513793945
354,354,26,draft|draft_verify,477.0042896270752,421.2322235107422,0.0,1953.0,89.0,932.732,932.732,898.2965843378174,477.0042896270752
354,354,27,draft|draft_verify,465.5613899230957,431.55574798583984,0.0,2042.0,90.0,962.3832,1393.9990199858398,897.1772099089355,897.1772099089355
355,355,1,draft|draft_verify|target|backtracking_verify,342.24963188171387,84.56540107727051,408.2622528076172,115.0,72.0,439.0104,408.2622528076172,835.1373433666015,408.2622528076172
355,355,2,draft|draft_verify|target|target_rescue_verify,492.7973747253418,187.31307983398438,614.243745803833,358.0,109.0,732.5799999999999,826.2966271169921,1294.4142875631592,614.243745803833
355,355,3,draft|draft_verify,184.14568901062012,65.61613082885742,0.0,199.0,42.0,262.728,262.728,249.82185343947754,184.14568901062012
355,355,4,draft|draft_verify,167.72961616516113,68.81570816040039,0.0,241.0,35.0,221.99360000000001,221.99360000000001,236.6053523255615,167.72961616516113
355,355,5,draft|draft_verify,117.66600608825684,68.90320777893066,0.0,276.0,28.0,179.512,179.512,186.62923626718748,117.66600608825684
355,355,6,draft|draft_verify,172.6818084716797,87.72969245910645,0.0,304.0,36.0,233.68800000000002,233.68800000000002,260.47152973078613,172.6818084716797
355,355,7,draft|draft_verify,132.95793533325195,104.17699813842773,0.0,340.0,28.0,183.6592,183.6592,237.1949558716797,132.95793533325195
355,355,8,draft|draft_verify,177.83808708190918,95.84474563598633,0.0,368.0,38.0,252.4856,252.4856,273.74286311789547,177.83808708190918
355,355,9,draft|draft_verify,94.51603889465332,96.10414505004883,0.0,406.0,20.0,133.7696,133.7696,190.68019994470217,95.90477603598633
355,355,11,draft|draft_verify,84.95855331420898,130.57637214660645,0.0,464.0,18.0,122.61840000000001,122.61840000000001,215.59493986081543,96.16416105004883
355,355,12,draft|draft_verify,158.63537788391113,144.9146270751953,0.0,482.0,36.0,248.64000000000001,248.64000000000001,303.61003375910644,158.63537788391113
355,355,13,draft|draft_verify,92.80729293823242,137.17079162597656,0.0,518.0,20.0,138.8768,144.9746558751953,230.038100564209,144.9746558751953
355,355,14,draft|draft_verify,191.73574447631836,134.25517082214355,0.0,538.0,38.0,267.5816,267.5816,326.0509456984619,191.73574447631836
355,355,15,draft|draft_verify,60.15968322753906,128.58152389526367,0.0,576.0,10.0,69.9496,134.31520122214354,188.80121512280274,134.31520122214354
355,355,16,draft|draft_verify,152.55331993103027,132.38120079040527,0.0,586.0,38.0,271.844,271.844,284.9945511214355,152.55331993103027
355,355,17,draft|draft_verify,137.1457576751709,132.77363777160645,0.0,624.0,28.0,202.0624,202.0624,269.9794178467773,137.1457576751709
355,355,18,draft|draft_verify,162.47010231018066,155.68089485168457,0.0,652.0,36.0,262.92,262.92,318.21102596186523,162.47010231018066
355,355,19,draft|draft_verify,122.70569801330566,156.57782554626465,0.0,688.0,20.0,146.6288,155.74092365168457,279.34353955957033,155.74092365168457
355,355,20,draft|draft_verify,225.61335563659668,164.72506523132324,0.0,708.0,38.0,282.6776,282.6776,390.3984512679199,225.61335563659668
355,355,21,draft|draft_verify,71.12979888916016,156.43763542175293,0.0,746.0,10.0,73.6216,164.78509563132323,227.62744231091307,164.78509563132323
355,355,22,draft|draft_verify,181.976318359375,174.9136447906494,0.0,756.0,38.0,286.94,286.94,356.9499935500244,181.976318359375
355,355,23,draft|draft_verify,109.41386222839355,177.14619636535645,0.0,794.0,18.0,136.0824,174.9736751906494,286.62007299375,174.9736751906494
355,355,24,draft|draft_verify,214.57314491271973,175.91571807861328,0.0,812.0,36.0,276.36,276.36,390.548891791333,214.57314491271973
355,355,25,draft|draft_verify,98.92797470092773,190.3233528137207,0.0,848.0,20.0,153.9248,175.97574687861328,289.31134351464846,175.97574687861328
355,355,26,draft|draft_verify,203.77087593078613,200.46329498291016,0.0,868.0,38.0,296.8856,296.8856,404.29420131369625,203.77087593078613
355,355,27,draft|draft_verify,62.967538833618164,201.94745063781738,0.0,906.0,10.0,77.0776,200.52332538291014,264.97499747143553,200.52332538291014
355,355,28,draft|draft_verify,200.89197158813477,202.52180099487305,0.0,916.0,38.0,301.148,301.148,403.4738029830078,202.0074586378174
355,355,29,draft|draft_verify,167.13666915893555,203.06015014648438,0.0,954.0,28.0,223.44639999999998,223.44639999999998,370.2568417054199,202.58183139487303
355,355,30,draft|draft_verify,162.37926483154297,212.25595474243164,0.0,982.0,36.0,290.64,290.64,374.6952483739746,203.12017254648438
355,355,31,draft|draft_verify,110.0308895111084,226.05252265930176,0.0,1018.0,20.0,161.67680000000001,212.31598354243164,336.1434281704102,212.31598354243164
355,355,32,draft|draft_verify,215.61074256896973,230.30805587768555,0.0,1038.0,38.0,311.9816,311.9816,445.97882884665523,226.11253865930175
355,355,33,draft|draft_verify,59.99016761779785,225.47578811645508,0.0,1076.0,10.0,80.7496,230.36808627768553,285.5259637342529,230.36808627768553
355,355,34,draft|draft_verify,190.02842903137207,231.65297508239746,0.0,1086.0,38.0,316.244,316.244,421.7414345137695,225.5357961164551
355,355,35,draft|draft_verify,100.06999969482422,232.76686668395996,0.0,1124.0,18.0,149.5464,231.71300548239745,332.8968807787842,231.71300548239745
355,355,36,draft|draft_verify,179.94284629821777,260.03026962280273,0.0,1142.0,36.0,304.08,304.08,440.0331447210205,232.82688108395996
355,355,37,draft|draft_verify,93.78337860107422,257.5500011444092,0.0,1178.0,20.0,168.9728,260.09029842280273,351.3933957454834,260.09029842280273
355,355,38,draft|draft_verify,181.70785903930664,260.8323097229004,0.0,1198.0,38.0,326.1896,326.1896,442.600199162207,257.6100171444092
355,355,39,draft|draft_verify,55.450439453125,263.3357048034668,0.0,1236.0,10.0,84.2056,260.8923401229004,318.8461522565918,260.8923401229004
355,355,40,draft|draft_verify,185.1348876953125,277.618408203125,0.0,1246.0,38.0,330.452,330.452,462.81332629843746,263.3957128034668
355,355,41,draft|draft_verify,88.82451057434082,279.7412872314453,0.0,1284.0,18.0,156.0744,277.678438603125,368.62581220578613,277.678438603125
355,355,42,draft|draft_verify,178.17330360412598,281.7220687866211,0.0,1302.0,36.0,317.52,317.52,459.95540119074707,279.8013016314453
355,355,43,draft|draft_verify,100.2054214477539,292.33551025390625,0.0,1338.0,20.0,176.2688,281.7820975866211,392.6009477016602,281.7820975866211
355,355,44,draft|draft_verify,207.26752281188965,281.635046005249,0.0,1358.0,38.0,340.3976,340.3976,488.96259921713863,292.39552625390627
355,355,45,draft|draft_verify,50.53305625915527,308.269739151001,0.0,1396.0,10.0,87.6616,281.69507640524904,358.86280341015623,281.69507640524904
355,355,46,draft|draft_verify,176.58424377441406,321.96545600891113,0.0,1406.0,38.0,344.65999999999997,344.65999999999997,498.60973018332515,308.32974715100096
355,355,47,draft|draft_verify,134.4447135925293,316.0743713378906,0.0,1444.0,28.0,255.1984,322.02548640891115,450.5791073304199,322.02548640891115
355,355,48,draft|draft_verify,157.22036361694336,320.6591606140137,0.0,1472.0,36.0,331.8,331.8,477.93955303095703,316.1343937378906
355,355,49,draft|draft_verify,111.59920692443848,335.8154296875,0.0,1508.0,20.0,184.0208,320.71918941401367,447.4746526119385,320.71918941401367
355,355,50,draft|draft_verify,207.89813995361328,335.38079261779785,0.0,1528.0,38.0,355.4936,355.4936,543.3389629714111,335.8754456875
355,355,51,draft|draft_verify,50.40574073791504,334.81788635253906,0.0,1566.0,10.0,91.3336,335.44082301779787,385.2836350904541,335.44082301779787
355,355,52,draft|draft_verify,174.01862144470215,338.7007713317871,0.0,1576.0,38.0,359.756,359.756,512.7794231764892,334.87789435253904
355,355,53,draft|draft_verify,119.52924728393555,329.79583740234375,0.0,1614.0,18.0,169.5384,338.7608017317871,449.3850990862793,338.7608017317871
355,355,54,draft|draft_verify,230.1168441772461,355.621337890625,0.0,1632.0,36.0,345.24,345.24,585.7982108678711,329.85585180234375
355,355,55,draft|draft_verify,131.84022903442383,356.6124439239502,0.0,1668.0,20.0,191.3168,355.681366690625,488.51268895837404,355.681366690625
355,355,56,draft|draft_verify,219.16675567626953,368.92056465148926,0.0,1688.0,38.0,369.7016,369.7016,588.1473507277587,356.6724599239502
355,355,57,draft|draft_verify,64.89229202270508,368.757963180542,0.0,1726.0,10.0,94.78960000000001,368.9805950514893,433.71026320324705,368.9805950514893
355,355,58,draft|draft_verify,221.18449211120605,395.81990242004395,0.0,1736.0,38.0,373.964,373.964,617.06442493125,368.817971180542
355,355,59,draft|draft_verify,92.85926818847656,393.41259002685547,0.0,1774.0,18.0,176.0664,395.87993282004396,486.33187261533203,395.87993282004396
355,355,60,draft|draft_verify,170.84407806396484,403.4464359283447,0.0,1792.0,36.0,358.68,393.47260442685547,574.3505427923096,393.47260442685547
355,355,61,draft|draft_verify,94.00582313537598,399.69706535339355,0.0,1828.0,20.0,198.6128,403.5064647283447,493.76290448876955,403.5064647283447
355,355,62,draft|draft_verify,186.5863800048828,408.968448638916,0.0,1848.0,38.0,383.90959999999995,399.7570813533936,595.6148590437988,399.7570813533936
355,355,63,draft|draft_verify,54.49962615966797,408.62536430358887,0.0,1886.0,10.0,98.2456,409.02847903891603,463.1849984632568,409.02847903891603
355,355,64,draft|draft_verify,182.24096298217773,409.4538688659668,0.0,1896.0,38.0,388.172,408.68537230358885,591.7548622481445,408.68537230358885
355,355,65,draft|draft_verify,92.26250648498535,420.57347297668457,0.0,1934.0,18.0,182.5944,409.5138992659668,512.8959938616699,409.5138992659668
355,355,66,draft|draft_verify,185.17184257507324,411.4384651184082,0.0,1952.0,36.0,372.12,420.63348737668457,596.6703364934815,420.63348737668457
355,355,67,draft|draft_verify,103.1649112701416,439.75162506103516,0.0,1988.0,20.0,205.90879999999999,411.4984939184082,542.9765523311768,411.4984939184082
355,355,68,draft|draft_verify,184.06224250793457,439.96405601501465,0.0,2008.0,38.0,398.1176,439.8116410610352,624.0863289229492,439.8116410610352
355,355,69,draft|draft_verify,56.539297103881836,433.8531494140625,0.0,2046.0,10.0,101.7016,873.9372438290771,490.4524545179443,873.9372438290771
356,356,1,draft|draft_verify|target|target_rescue_verify,453.4740447998047,103.60956192016602,671.2403297424316,98.0,95.0,578.1248,723.0451107025146,1228.3840124624023,723.0451107025146
357,357,1,draft|draft_verify,107.42926597595215,31.464099884033203,0.0,127.0,24.0,145.4328,107.42926597595215,138.95338505998535,107.42926597595215
357,357,2,draft|draft_verify,81.99906349182129,31.795978546142578,0.0,151.0,20.0,122.14160000000001,122.14160000000001,113.85505803796387,81.99906349182129
357,357,3,draft|draft_verify,82.32402801513672,51.33366584777832,0.0,171.0,20.0,123.05360000000002,123.05360000000002,133.71770986291506,82.32402801513672
357,357,4,draft|draft_verify,276.74078941345215,60.96529960632324,0.0,191.0,63.0,394.728,394.728,337.7661394197754,276.74078941345215
357,357,5,draft|draft_verify,22.190093994140625,60.533761978149414,0.0,254.0,5.0,31.1624,61.025350006323244,82.78385997229003,61.025350006323244
357,357,6,draft|draft_verify,169.57998275756836,61.942338943481445,0.0,259.0,36.0,229.90800000000002,229.90800000000002,231.5823505010498,169.57998275756836
357,357,7,draft|draft_verify,111.1750602722168,83.4493637084961,0.0,295.0,23.0,148.2032,148.2032,194.68444238071288,111.1750602722168
357,357,8,draft|draft_verify,58.78448486328125,86.34090423583984,0.0,318.0,12.0,77.4336,83.5093821084961,145.1853986991211,83.5093821084961
357,357,9,draft|draft_verify,298.92516136169434,101.17125511169434,0.0,330.0,63.0,415.4112,415.4112,400.1564668733887,298.92516136169434
357,357,10,draft|draft_verify,164.9949550628662,126.55210494995117,0.0,393.0,35.0,234.39679999999998,234.39679999999998,291.60708801281737,164.9949550628662
357,357,11,draft|draft_verify,57.58547782897949,126.52873992919922,0.0,428.0,12.0,80.3376,126.61213294995117,184.1742273581787,126.61213294995117
357,357,12,draft|draft_verify,255.20873069763184,135.15615463256836,0.0,440.0,55.0,376.288,376.288,390.4249293302002,255.20873069763184
357,357,13,draft|draft_verify,158.63943099975586,146.62957191467285,0.0,495.0,30.0,207.69600000000003,207.69600000000003,305.3290269144287,158.63943099975586
357,357,14,draft|draft_verify,98.44827651977539,128.5378932952881,0.0,525.0,17.0,118.0664,146.68959591467285,227.04618341506347,146.68959591467285
357,357,15,draft|draft_verify,69.29588317871094,134.89270210266113,0.0,542.0,13.0,90.41680000000001,128.59790689528808,204.24859568137208,128.59790689528808
357,357,16,draft|draft_verify,238.5690212249756,140.1970386505127,0.0,555.0,49.0,348.0184,348.0184,378.8260990754883,238.5690212249756
357,357,17,draft|draft_verify,87.14461326599121,134.13500785827637,0.0,604.0,18.0,128.3304,140.2570778505127,221.33963552426758,140.2570778505127
357,357,18,draft|draft_verify,64.40043449401855,131.38294219970703,0.0,622.0,13.0,92.7208,134.19502225827637,195.8433870937256,134.19502225827637
357,357,19,draft|draft_verify,214.5366668701172,156.49652481079102,0.0,635.0,40.0,290.908,290.908,371.0932236809082,214.5366668701172
357,357,20,draft|draft_verify,151.05175971984863,154.77991104125977,0.0,675.0,30.0,220.22400000000002,220.22400000000002,305.8916947611084,156.55655681079102
357,357,21,draft|draft_verify|target|target_rescue_verify,302.837610244751,331.5093517303467,473.8495349884033,705.0,57.0,425.7624,591.5771214651734,1108.256542563501,473.8495349884033
357,357,22,draft|draft_verify,41.702985763549805,167.022705078125,0.0,756.0,7.0,51.1168,332.83738654329835,208.78569644167482,332.83738654329835
358,358,1,draft|draft_verify|target|target_rescue_verify,335.3159427642822,64.19587135314941,349.4687080383301,86.0,74.0,446.3096,367.47393764085695,749.0405813557618,367.47393764085695
358,358,2,draft|draft_verify,453.6774158477783,64.86749649047852,0.0,137.0,102.0,631.0512,631.0512,518.6049939382568,453.6774158477783
358,358,3,draft|draft_verify,168.17688941955566,62.51692771911621,0.0,239.0,36.0,228.228,228.228,230.75384593867187,168.17688941955566
358,358,4,draft|draft_verify,183.81023406982422,88.02127838134766,0.0,275.0,38.0,244.2272,244.2272,271.89154285117183,183.81023406982422
358,358,6,draft|draft_verify,56.72407150268555,109.53307151794434,0.0,366.0,11.0,72.056,88.08130878134766,166.31715182062987,88.08130878134766
358,358,8,draft|draft_verify,298.67053031921387,126.99294090270996,0.0,423.0,46.0,312.208,312.208,425.7235080219238,298.67053031921387
358,358,9,draft|draft_verify,216.52960777282715,128.1726360321045,0.0,469.0,46.0,317.17600000000004,317.17600000000004,344.7622806049317,216.52960777282715
358,358,10,draft|draft_verify,256.73627853393555,128.6451816558838,0.0,515.0,46.0,322.144,322.144,385.4414969898193,256.73627853393555
358,358,11,draft|draft_verify,224.55620765686035,132.4782371520996,0.0,561.0,46.0,327.112,327.112,357.09448160896,224.55620765686035
358,358,12,draft|draft_verify|target|backtracking_verify,211.83180809020996,266.0825252532959,342.72098541259766,607.0,46.0,332.08000000000004,465.181299426648,820.6953555561036,344.93310751685794
358,358,13,draft|draft_verify|target|target_rescue_verify,238.2955551147461,311.8607997894287,352.75983810424805,653.0,48.0,351.88559999999995,507.8760382947143,902.9762314084228,394.28599340946045
358,358,14,draft|draft_verify,162.40525245666504,161.0705852508545,0.0,701.0,33.0,244.524,405.65461165085446,323.5358641075195,323.5358641075195
359,359,1,draft|draft_verify,206.1288356781006,77.08024978637695,0.0,283.0,43.0,277.5136,206.1288356781006,283.26911986447755,206.1288356781006
359,359,2,draft|draft_verify|target|backtracking_verify,998.3692169189453,274.1127014160156,960.5751037597656,326.0,213.0,1442.6760000000002,1579.792521108008,2233.1171924947266,1135.4857380269532
359,359,3,draft|draft_verify|target|target_rescue_verify,1683.0427646636963,426.19943618774414,940.3445720672607,1018.0,365.0,3143.8567999999996,3357.0168100938718,3049.6470649187013,1896.2027747575685
359,359,4,draft|draft_verify|target|target_rescue_verify,1722.3515510559082,552.208662033081,1112.7753257751465,1396.0,371.0,3533.912,3810.07662781654,3387.395835664136,1998.5161788724488
359,359,5,draft|draft_verify,186.24234199523926,156.09073638916016,0.0,742.0,41.0,308.53999999999996,308.53999999999996,342.3931111843994,276.1043310165405
359,359,6,draft|draft_verify,1015.6519412994385,194.6091651916504,0.0,783.0,221.0,1740.308,1740.308,1210.321283291089,1015.6519412994385
359,359,7,draft|draft_verify,345.91102600097656,228.54304313659668,0.0,1004.0,68.0,557.2304,557.2304,574.5141235375733,345.91102600097656
359,359,8,draft|draft_verify,1169.2836284637451,266.69955253601074,0.0,1072.0,219.0,1875.2208,1875.2208,1436.0433561997559,1169.2836284637451
359,359,9,draft|draft_verify,1217.7889347076416,315.8087730407715,0.0,1291.0,203.0,1840.304,1840.304,1533.6578701484132,1217.7889347076416
359,359,10,draft|draft_verify,1003.2956600189209,352.5726795196533,0.0,1494.0,207.0,1977.984,1977.984,1355.928505138574,1003.2956600189209
359,359,11,draft|draft_verify,964.4453525543213,395.97344398498535,0.0,1701.0,207.0,2080.3248,2080.3248,1360.4789621393065,964.4453525543213
359,359,12,draft|draft_verify,923.0773448944092,433.9461326599121,0.0,1908.0,207.0,2182.6656,2616.671898259912,1357.0836431543212,1357.0836431543212
360,360,1,draft|draft_verify,255.71942329406738,33.00833702087402,0.0,111.0,57.0,345.9288,255.71942329406738,288.7878059149414,255.71942329406738
360,360,2,draft|draft_verify,308.1018924713135,52.892446517944336,0.0,168.0,68.0,422.8016,422.8016,361.0543933892578,308.1018924713135
360,360,3,draft|draft_verify,116.1646842956543,61.50412559509277,0.0,236.0,27.0,170.54880000000003,170.54880000000003,177.72883149074707,116.1646842956543
360,360,4,draft|draft_verify,137.6655101776123,60.837745666503906,0.0,263.0,30.0,191.54880000000003,191.54880000000003,198.5632798441162,137.6655101776123
360,360,5,draft|draft_verify,221.43030166625977,78.49407196044922,0.0,293.0,46.0,298.168,298.168,299.984410426709,221.43030166625977
360,360,6,draft|draft_verify,293.7743663787842,103.83296012878418,0.0,339.0,63.0,416.7504,520.6434105287842,397.6673769075684,397.6673769075684
361,361,1,draft|draft_verify,202.16083526611328,30.007123947143555,0.0,104.0,45.0,271.65840000000003,202.16083526611328,232.22799521325683,202.16083526611328
361,361,2,draft|draft_verify,348.7575054168701,51.25141143798828,0.0,149.0,79.0,488.7472,488.7472,400.0689800548584,348.7575054168701
361,361,3,draft|draft_verify,95.21746635437012,63.93241882324219,0.0,228.0,18.0,112.98960000000001,112.98960000000001,159.2098995776123,95.21746635437012
361,361,4,draft|draft_verify,74.68986511230469,65.66405296325684,0.0,246.0,15.0,94.61760000000001,94.61760000000001,140.41393007556152,74.68986511230469
361,361,5,draft|draft_verify,147.28665351867676,68.61472129821777,0.0,261.0,29.0,184.9736,184.9736,215.96139801689452,147.28665351867676
361,361,6,draft|draft_verify,119.93885040283203,79.6966552734375,0.0,290.0,24.0,154.4304,234.1870744734375,199.69552487626953,199.69552487626953
362,362,1,draft|draft_verify|target|backtracking_verify,118.20793151855469,105.17001152038574,285.9046459197998,164.0,19.0,116.5552,285.9046459197998,509.34260415874024,285.9046459197998
362,362,2,draft|draft_verify|target|target_rescue_verify|backtracking_verify,562.6373291015625,251.9845962524414,580.6753635406494,385.0,102.0,691.1664000000001,1170.552610559656,1395.3573704946534,1042.0235396612184
362,362,3,draft|draft_verify|target|target_rescue_verify,421.35071754455566,408.9345932006836,605.2207946777344,707.0,79.0,593.2048,1337.5242206523926,1435.5661686229737,1165.6701381969483
362,362,4,draft|draft_verify|target|target_rescue_verify,409.3294143676758,364.1533851623535,558.4123134613037,788.0,87.0,671.0015999999999,1241.5905344605346,1331.9551825913331,979.9183488282105
362,362,5,draft|draft_verify|target|target_rescue_verify,322.1020698547363,273.6239433288574,306.9651126861572,591.0,65.0,468.8696,605.7416236644287,902.751177869751,458.9740935191651
362,362,6,draft|draft_verify,105.23509979248047,84.02633666992188,0.0,326.0,22.0,143.2648,143.2648,189.32145406240232,136.8119716644287
362,362,7,draft|draft_verify,57.169437408447266,81.64739608764648,0.0,348.0,12.0,78.2256,84.08635426992187,138.87684309609375,84.08635426992187
362,362,8,draft|draft_verify|target|target_rescue_verify,169.99173164367676,194.28634643554688,140.4557228088379,360.0,36.0,238.392,335.59520201777343,504.7938296880615,267.1949336614502
362,362,9,draft|draft_verify,96.41242027282715,103.51800918579102,0.0,376.0,20.0,132.4016,132.4016,199.99044545861818,97.14317321777344
362,362,10,draft|draft_verify,99.10225868225098,93.61577033996582,0.0,396.0,19.0,126.5776,220.25338553996582,192.7780442222168,197.25381072575684
363,363,1,draft|draft_verify|target|target_rescue_verify,358.506441116333,80.13606071472168,159.77787971496582,126.0,79.0,484.44160000000005,398.63453467369385,598.4804447460206,398.63453467369385
363,363,2,draft|draft_verify|target|backtracking_verify,144.59633827209473,84.66529846191406,281.6178798675537,142.0,32.0,195.4352,281.6178798675537,510.9395422015625,281.6178798675537
363,363,3,draft|draft_verify|target|backtracking_verify,335.24179458618164,168.26963424682617,277.10986137390137,357.0,74.0,493.7888,577.9836763234131,780.6813494069092,419.43667090959474
363,363,5,draft|draft_verify|target|target_rescue_verify,316.2806034088135,177.50215530395508,531.9380760192871,279.0,67.0,434.08000000000004,531.9380760192871,1025.7808883320556,531.9380760192871
363,363,6,draft|draft_verify,233.2763671875,101.53412818908691,0.0,346.0,44.0,290.5376,290.5376,334.87053057658693,233.2763671875
363,363,7,draft|draft_verify,97.25260734558105,95.44205665588379,0.0,390.0,19.0,126.3184,221.8204718558838,192.75467920146485,197.0962352449707
364,364,1,draft|draft_verify,113.31963539123535,32.724857330322266,0.0,128.0,24.0,145.488,113.31963539123535,146.10451192155762,113.31963539123535
364,364,2,draft|draft_verify,355.0610542297363,52.915096282958984,0.0,152.0,79.0,489.3088,489.3088,408.0362137126953,355.0610542297363
364,364,3,draft|draft_verify,178.3146858215332,60.52827835083008,0.0,231.0,37.0,233.9368,233.9368,238.9029937723633,178.3146858215332
364,364,4,draft|draft_verify,441.1125183105469,78.05252075195312,0.0,268.0,98.0,636.3176,636.3176,519.2251174625001,441.1125183105469
364,364,5,draft|draft_verify,154.08825874328613,96.09866142272949,0.0,366.0,25.0,165.3016,261.4602814227295,250.24694016601563,250.24694016601563
365,365,1,draft|draft_verify,157.99832344055176,34.999847412109375,0.0,106.0,35.0,210.9776,157.99832344055176,193.05819885266112,157.99832344055176
365,365,2,draft|draft_verify,270.0369358062744,51.24974250793457,0.0,141.0,61.0,374.836,374.836,321.346727114209,270.0369358062744
365,365,3,draft|draft_verify,277.37951278686523,61.003923416137695,0.0,202.0,62.0,389.9912,389.9912,338.44348580300294,277.37951278686523
365,365,4,draft|draft_verify,321.57301902770996,79.08058166503906,0.0,264.0,70.0,451.31440000000003,451.31440000000003,400.713656692749,321.57301902770996
365,365,5,draft|draft_verify,186.05566024780273,93.05500984191895,0.0,334.0,38.0,249.4664,342.5814402419189,279.17070048972164,279.1707004897217
366,366,1,draft|draft_verify,176.8665313720703,29.34861183166504,0.0,100.0,38.0,228.68720000000002,176.8665313720703,206.27517360373534,176.8665313720703
366,366,2,draft|draft_verify|target|target_rescue_verify,455.49702644348145,127.7017593383789,876.8022060394287,138.0,94.0,580.8520000000001,876.8022060394287,1460.061067021289,876.8022060394287
366,366,3,draft|draft_verify,456.41136169433594,103.81889343261719,0.0,278.0,98.0,638.6456,638.6456,560.2903335269532,456.41136169433594
366,366,4,draft|draft_verify,93.44649314880371,93.99247169494629,0.0,376.0,18.0,119.028,213.0804860949463,187.49897924375,197.93145792756349
367,367,1,draft|draft_verify|target|target_rescue_verify,333.6665630340576,156.86583518981934,263.03648948669434,275.0,68.0,440.0072,412.1595350289673,753.6289421105713,412.1595350289673
367,367,2,draft|draft_verify|target|backtracking_verify,776.0879993438721,208.39190483093262,384.58871841430664,312.0,162.0,1081.7352,1185.9912820154664,1369.1287521891113,880.3440813593384
367,367,3,draft|draft_verify|target|target_rescue_verify,1108.6604595184326,548.0754375457764,1899.113655090332,843.0,220.0,1763.6968,3124.370381704498,3555.909728154541,2469.334041222931
367,367,4,draft|draft_verify|target|backtracking_verify|target_rescue_verify,941.1356449127197,587.4793529510498,1431.6904544830322,1154.0,203.0,1773.8863999999999,2930.4013043548034,2960.365614746802,2097.6505492675233
367,367,5,draft|draft_verify|target|target_rescue_verify,1196.218490600586,777.9457569122314,894.2384719848633,1988.0,260.0,2808.9488,3878.484849522217,2868.4629274976805,2265.7545401228026
367,367,6,draft|draft_verify,314.7461414337158,178.61080169677734,0.0,839.0,68.0,530.6984,530.6984,493.4169975304932,314.7461414337158
367,367,7,draft|draft_verify|target|backtracking_verify,426.37109756469727,411.15641593933105,359.6022129058838,907.0,88.0,703.6888,909.3270783696655,1197.189796809912,632.0093759343628
367,367,8,draft|draft_verify|target|target_rescue_verify,390.4573917388916,615.6492233276367,311.74755096435547,1956.0,82.0,858.8968,1474.6060889276366,1317.9142316308837,1006.1666806665282
368,368,1,draft|draft_verify,127.09331512451172,48.68435859680176,0.0,161.0,28.0,172.06,127.09331512451172,175.83769612131346,127.09331512451172
368,368,2,draft|draft_verify,77.63791084289551,51.444053649902344,0.0,189.0,16.0,98.932,98.932,129.14197729279783,77.63791084289551
368,368,3,draft|draft_verify,167.54412651062012,63.91620635986328,0.0,205.0,37.0,231.69039999999998,231.69039999999998,231.5203624704834,167.54412651062012
368,368,4,draft|draft_verify,181.3662052154541,61.77330017089844,0.0,242.0,37.0,234.8872,234.8872,243.19953498635255,181.3662052154541
368,368,5,draft|draft_verify,116.09053611755371,83.2517147064209,0.0,279.0,25.0,160.2904,160.2904,199.40227082397462,116.09053611755371
368,368,6,draft|draft_verify,180.0999641418457,83.59265327453613,0.0,304.0,31.0,200.944,200.944,263.75264221638184,180.0999641418457
368,368,7,draft|draft_verify,131.67381286621094,79.35237884521484,0.0,335.0,26.0,170.12,170.12,211.08621251142577,131.67381286621094
368,368,8,draft|draft_verify,88.15479278564453,101.30071640014648,0.0,361.0,18.0,118.41600000000001,118.41600000000001,189.51552358579102,88.15479278564453
368,368,9,draft|draft_verify,96.65226936340332,100.49104690551758,0.0,379.0,18.0,119.1504,219.70146130551757,197.2033306689209,201.91179210566406
369,369,1,draft|draft_verify,128.2353401184082,34.53350067138672,0.0,97.0,29.0,173.9528,128.2353401184082,162.8288639897949,128.2353401184082
369,369,2,draft|draft_verify,248.26931953430176,51.697731018066406,0.0,126.0,56.0,341.768,341.768,300.0270953523682,248.26931953430176
369,369,3,draft|draft_verify,95.25775909423828,52.100419998168945,0.0,182.0,21.0,129.78,129.78,147.41819589240723,95.25775909423828
369,369,4,draft|draft_verify,119.7957992553711,55.73391914367676,0.0,203.0,23.0,143.34560000000002,143.34560000000002,175.58973679904784,119.7957992553711
369,369,5,draft|draft_verify,82.12709426879883,60.6083869934082,0.0,226.0,16.0,100.26400000000001,100.26400000000001,142.795494062207,82.12709426879883
369,369,6,draft|draft_verify,124.75848197937012,60.44483184814453,0.0,242.0,25.0,158.1592,158.1592,185.26333382751466,124.75848197937012
369,369,7,draft|draft_verify,81.15673065185547,62.531471252441406,0.0,267.0,16.0,101.74000000000001,101.74000000000001,143.74821470429686,81.15673065185547
369,369,8,draft|draft_verify|target|target_rescue_verify,283.90026092529297,164.05844688415527,262.94541358947754,283.0,60.0,388.72080000000005,470.8100714420777,710.9641693989258,365.9895323673706
369,369,9,draft|draft_verify,94.69461441040039,77.71086692810059,0.0,317.0,19.0,123.1648,123.1648,172.465496538501,94.69461441040039
369,369,10,draft|draft_verify,175.19354820251465,94.79546546936035,0.0,336.0,37.0,243.0088,243.0088,270.049043271875,175.19354820251465
369,369,11,draft|draft_verify|target|target_rescue_verify,232.56802558898926,258.06570053100586,340.46101570129395,373.0,49.0,327.052,456.14488946550296,831.1547810212891,361.6609150544922
369,369,12,draft|draft_verify,138.84639739990234,126.47390365600586,0.0,423.0,29.0,195.86,322.39392685600586,265.3803242559082,265.3803242559082
370,370,1,draft|draft_verify|target|backtracking_verify,151.2589454650879,53.02834510803223,244.49849128723145,71.0,33.0,196.14000000000001,244.49849128723145,448.84580826035153,244.49849128723145
370,370,2,draft|draft_verify|target|target_rescue_verify,512.9246711730957,100.79002380371094,379.69183921813965,210.0,113.0,720.2552000000001,770.7103023018556,993.4666245949463,563.3797734749512
370,370,3,draft|draft_verify|target|backtracking_verify,376.2331008911133,117.64216423034668,504.5175552368164,147.0,83.0,513.5168,572.3979485151733,998.4528867582763,504.5175552368164
370,370,4,draft|draft_verify|target|target_rescue_verify,370.3949451446533,176.3019561767578,873.4936714172363,230.0,80.0,510.39200000000005,873.4936714172363,1420.2506367386475,873.4936714172363
370,370,6,draft|draft_verify,121.08373641967773,126.07288360595703,0.0,435.0,25.0,169.276,295.40890360595705,247.21664002563477,247.21664002563477
371,371,1,draft|draft_verify,394.21844482421875,14907.488107681274,0.0,113.0,87.0,531.6816,394.21844482421875,15301.766622105493,394.21844482421875
371,371,2,draft|draft_verify,289.19386863708496,71.02084159851074,0.0,200.0,46.0,288.124,14907.548177281275,360.2747470355957,14907.548177281275
371,371,3,draft|draft_verify|target|target_rescue_verify,440.97328186035156,188.16637992858887,1069.305658340454,246.0,92.0,591.8528,1069.305658340454,1698.5053937293947,1069.305658340454
371,371,4,draft|draft_verify,327.0144462585449,127.06470489501953,0.0,425.0,77.0,526.5224000000001,526.5224000000001,454.13921275356444,327.0144462585449
371,371,5,draft|draft_verify,253.51572036743164,137.29619979858398,0.0,502.0,54.0,377.2488,377.2488,390.8719633660156,253.51572036743164
371,371,6,draft|draft_verify,149.6880054473877,129.06646728515625,0.0,556.0,30.0,211.94160000000002,341.06809128515624,278.81449673254394,278.81449673254394
372,372,1,draft|draft_verify,276.5235900878906,64.11170959472656,0.0,193.0,66.0,414.096,276.5235900878906,340.6953524826172,276.5235900878906
372,372,2,draft|draft_verify,130.7849884033203,61.045169830322266,0.0,259.0,31.0,197.704,197.704,191.8901830336426,130.7849884033203
372,372,3,draft|draft_verify,317.4550533294678,78.79972457885742,0.0,290.0,70.0,455.62,455.62,396.31483390832517,317.4550533294678
372,372,4,draft|draft_verify,740.8289909362793,143.99361610412598,0.0,360.0,162.0,1100.2824,1100.2824,884.8827366404053,740.8289909362793
372,372,5,draft|draft_verify,738.1863594055176,134.28211212158203,0.0,522.0,160.0,1148.1232,1148.1232,872.5285995270996,738.1863594055176
372,372,6,draft|draft_verify|target|target_rescue_verify,507.8768730163574,313.5197162628174,812.6404285430908,682.0,126.0,946.74,1103.5599589314088,1634.0971186222655,812.6404285430908
372,372,7,draft|draft_verify,147.28641510009766,176.85222625732422,0.0,810.0,29.0,221.8664,398.7786494573242,324.19866455742186,333.6721075887329
373,373,1,draft|draft_verify,254.96411323547363,51.702022552490234,0.0,132.0,57.0,348.7512,254.96411323547363,306.72618138796383,254.96411323547363
373,373,2,draft|draft_verify|target|target_rescue_verify,385.62655448913574,142.73452758789062,376.1565685272217,189.0,77.0,483.476,554.9033253939454,904.577712204248,457.05387988308104
373,373,3,draft|draft_verify,213.21511268615723,61.565399169921875,0.0,243.0,51.0,324.96000000000004,324.96000000000004,274.8405526560791,213.21511268615723
373,373,4,draft|draft_verify,240.96155166625977,86.5635871887207,0.0,294.0,58.0,377.1064,377.1064,327.5851852549805,240.96155166625977
373,373,5,draft|draft_verify,233.51645469665527,99.68447685241699,0.0,352.0,54.0,358.16880000000003,358.16880000000003,333.26097474907226,233.51645469665527
373,373,6,draft|draft_verify,57.518959045410156,107.73158073425293,0.0,406.0,14.0,93.2456,99.74452005241699,165.31055097966308,99.74452005241699
373,373,7,draft|draft_verify,37.91189193725586,126.71208381652832,0.0,420.0,7.0,46.2784,234.56368135078125,164.6839813537842,234.56368135078125
374,374,1,draft|draft_verify,73.79770278930664,31.176328659057617,0.0,157.0,16.0,97.78,73.79770278930664,105.03404424836425,73.79770278930664
374,374,2,draft|draft_verify,293.7166690826416,58.75825881958008,0.0,173.0,68.0,423.6056,423.6056,352.5349823022217,293.7166690826416
374,374,3,draft|draft_verify|target|target_rescue_verify,554.3479919433594,222.853422164917,1701.3750076293945,241.0,126.0,814.44,1701.3750076293945,2478.6365225376708,1701.3750076293945
374,374,4,draft|draft_verify,274.1360664367676,128.89480590820312,0.0,514.0,65.0,457.04240000000004,457.04240000000004,403.0909243449707,274.1360664367676
374,374,5,draft|draft_verify,102.28562355041504,128.85141372680664,0.0,579.0,20.0,141.6584,270.56982972680663,231.1970532772217,257.86628763500977
375,375,1,draft|draft_verify,245.1467514038086,78.1562328338623,0.0,273.0,54.0,348.12,245.1467514038086,323.3630274376709,245.1467514038086
375,375,2,draft|draft_verify,122.93577194213867,78.74727249145508,0.0,327.0,29.0,189.4088,189.4088,201.74306763359374,122.93577194213867
375,375,3,draft|draft_verify,53.26986312866211,78.15980911254883,0.0,356.0,11.0,71.816,78.80729569145508,131.48968104121093,78.80729569145508
375,375,4,draft|draft_verify,401.8588066101074,126.40666961669922,0.0,367.0,92.0,618.2792000000001,618.2792000000001,528.3255498268067,401.8588066101074
375,375,5,draft|draft_verify,72.3121166229248,126.35588645935059,0.0,459.0,16.0,108.652,126.46674321669921,198.72801588227537,126.46674321669921
375,375,6,draft|draft_verify,761.6655826568604,131.55174255371094,0.0,475.0,168.0,1188.3672000000001,1188.3672000000001,893.2774596105713,761.6655826568604
375,375,7,draft|draft_verify,59.46660041809082,132.11727142333984,0.0,643.0,12.0,86.0136,131.61187695371095,191.64388144143066,131.61187695371095
375,375,8,draft|draft_verify,193.52173805236816,151.76773071289062,0.0,655.0,43.0,315.01120000000003,315.01120000000003,345.3495031652588,193.52173805236816
375,375,9,draft|draft_verify,74.36513900756836,151.67522430419922,0.0,698.0,16.0,117.256,151.82776511289063,226.10037611176756,151.82776511289063
375,375,10,draft|draft_verify,75.1640796661377,152.91833877563477,0.0,714.0,16.0,117.832,151.73523710419923,228.14243124177244,151.73523710419923
375,375,11,draft|draft_verify|target|backtracking_verify,105.43656349182129,308.5801601409912,264.85133171081543,730.0,19.0,141.00639999999999,307.3284468461304,678.9280705436279,307.3284468461304
375,375,12,draft|draft_verify|target|target_rescue_verify,182.05595016479492,309.89956855773926,303.2872676849365,749.0,38.0,286.3184,596.2779989577392,795.3028168074707,492.01554912253414
376,376,1,draft|draft_verify|target|target_rescue_verify,214.6017551422119,103.8658618927002,450.2673149108887,182.0,47.0,292.46720000000005,450.2673149108887,768.7949695458008,450.2673149108887
376,376,2,draft|draft_verify|target|target_rescue_verify,330.491304397583,216.37511253356934,2154.9601554870605,236.0,72.0,459.6288,2154.9601554870605,2701.8866300182126,2154.9601554870605
376,376,3,draft|draft_verify|target|target_rescue_verify,267.7314281463623,271.1200714111328,360.5036735534668,561.0,56.0,399.188,534.8080805055664,899.4152179109619,403.3515086519287
376,376,4,draft|draft_verify|target|backtracking_verify,163.01918029785156,262.3097896575928,300.3387451171875,602.0,34.0,244.1848,375.3997220287964,725.7277422726319,300.3387451171875
376,376,5,draft|draft_verify|target|target_rescue_verify,346.5414047241211,568.6171054840088,884.4091892242432,1272.0,72.0,636.1632,1504.890681325128,1799.627757032373,1215.2688860492492
376,376,6,draft|draft_verify|target|backtracking_verify,548.7589836120605,612.8895282745361,508.1791877746582,1400.0,116.0,1068.248,1782.0648328932311,1669.8877924612548,1262.5758165052916
376,376,7,draft|draft_verify|target|target_rescue_verify,540.8720970153809,1234.473466873169,853.6248207092285,2988.0,112.0,1453.8015999999998,3174.244588645944,2629.0304741977784,2261.315085661325
376,376,8,draft|draft_verify|target|target_rescue_verify,810.0876808166504,702.5041580200195,994.0948486328125,1532.0,170.0,1631.6552000000001,2655.640878831421,2506.7468234694825,1834.0733596480713
376,376,9,draft|draft_verify|target|target_rescue_verify,338.08255195617676,380.95569610595703,823.1453895568848,845.0,76.0,595.1800000000001,823.1453895568848,1542.2436984190185,823.1453895568848
376,376,10,draft|draft_verify,200.29139518737793,203.36604118347168,0.0,980.0,48.0,388.77119999999996,388.77119999999996,403.7174747708496,200.29139518737793
376,376,11,draft|draft_verify,134.93108749389648,205.0952911376953,0.0,1028.0,27.0,219.9696,425.12491273769535,340.0864002315918,408.58139232116696
377,377,1,draft|draft_verify|target|backtracking_verify,84.23495292663574,62.92581558227539,155.89094161987305,118.0,18.0,108.50160000000001,155.89094161987305,303.1117245287842,155.89094161987305
377,377,2,draft|draft_verify|target|target_rescue_verify,597.0988273620605,225.97241401672363,1036.3268852233887,272.0,136.0,890.8,1578.502861924237,1859.4582354021727,1284.8016892862975
377,377,3,draft|draft_verify,365.01073837280273,69.24200057983398,0.0,213.0,82.0,520.0576,520.0576,434.3128045526367,365.01073837280273
377,377,4,draft|draft_verify|target|target_rescue_verify,415.0576591491699,20606.86159133911,344.0682888031006,295.0,89.0,582.5624,10886.053266869556,21366.047610491383,10718.548526018725
377,377,5,draft|draft_verify,1021.9123363494873,138.99803161621094,0.0,342.0,223.0,1521.6448,10303.430795669556,1160.9705463656983,10303.430795669556
377,377,6,draft|draft_verify,101.79638862609863,128.59368324279785,0.0,565.0,21.0,148.164,276.8177000427978,230.45008866889648,267.7119100590088
378,378,1,draft|draft_verify,296.314001083374,58.47883224487305,0.0,170.0,69.0,429.4344,296.314001083374,354.8528885282471,296.314001083374
378,378,2,draft|draft_verify,126.35278701782227,59.346914291381836,0.0,239.0,29.0,183.4952,183.4952,185.7597245092041,126.35278701782227
378,378,3,draft|draft_verify,214.34307098388672,77.58617401123047,0.0,268.0,48.0,308.45759999999996,308.45759999999996,291.9892833951172,214.34307098388672
378,378,4,draft|draft_verify,206.04300498962402,77.55041122436523,0.0,316.0,46.0,300.65200000000004,300.65200000000004,283.6534530139893,206.04300498962402
378,378,5,draft|draft_verify,197.33476638793945,93.16110610961914,0.0,362.0,42.0,278.7672,371.98833970961914,290.5559060975586,290.5559060975586
379,379,1,draft|draft_verify,180.90343475341797,60.75000762939453,0.0,213.0,40.0,251.4088,180.90343475341797,241.7134743828125,180.90343475341797
379,379,2,draft|draft_verify,287.2500419616699,78.50289344787598,0.0,253.0,62.0,397.45759999999996,397.45759999999996,365.8129850095459,287.2500419616699
379,379,3,draft|draft_verify,296.2369918823242,92.97800064086914,0.0,315.0,63.0,413.1792,413.1792,389.2750429231934,296.2369918823242
379,379,4,draft|draft_verify|target|target_rescue_verify,307.6624870300293,251.29389762878418,485.16845703125,378.0,67.0,449.76160000000004,575.4686024143921,1044.1848952900634,485.16845703125
379,379,5,draft|draft_verify,227.48112678527832,128.279447555542,0.0,451.0,49.0,336.0376,336.0376,355.8206135408203,227.48112678527832
379,379,6,draft|draft_verify,291.52393341064453,129.09483909606934,0.0,500.0,63.0,440.7072,440.7072,420.6788229067139,291.52393341064453
379,379,7,draft|draft_verify,302.8576374053955,132.66468048095703,0.0,563.0,64.0,457.324,457.324,435.5823690863525,302.8576374053955
379,379,8,draft|draft_verify,350.9485721588135,153.1813144683838,0.0,627.0,74.0,541.0928,541.0928,504.1899458271973,350.9485721588135
379,379,9,draft|draft_verify,230.15475273132324,160.8879566192627,0.0,701.0,49.0,364.8376,364.8376,391.10274855058594,230.15475273132324
379,379,10,draft|draft_verify,189.04662132263184,155.80058097839355,0.0,750.0,38.0,286.4072,286.4072,344.90723270102535,189.04662132263184
379,379,11,draft|draft_verify,114.6392822265625,158.1587791442871,0.0,788.0,23.0,174.2336,332.4523975442871,272.8580797708496,314.0794089226806
380,380,1,draft|draft_verify,114.89224433898926,31.17537498474121,0.0,129.0,25.0,151.6504,114.89224433898926,146.12763932373048,114.89224433898926
380,380,2,draft|draft_verify,369.71521377563477,59.21220779418945,0.0,154.0,84.0,521.2032,521.2032,428.9874887698242,369.71521377563477
380,380,3,draft|draft_verify|target|target_rescue_verify,925.9350299835205,222.0017910003662,741.5940761566162,238.0,204.0,1336.608,1447.669058700183,1889.591060340503,1036.9960886837036
380,380,4,draft|draft_verify|target|target_rescue_verify,364.7606372833252,220.51095962524414,366.72425270080566,360.0,79.0,528.2464,638.5619430126221,952.0559128093751,475.07618029594727
380,380,5,draft|draft_verify,346.83918952941895,128.1142234802246,0.0,417.0,75.0,511.2192,511.2192,475.0134730096436,346.83918952941895
380,380,6,draft|draft_verify,151.23558044433594,127.94661521911621,0.0,492.0,30.0,207.48720000000003,335.49383921911624,279.24221966345215,279.24221966345215
381,381,1,draft|draft_verify,133.84079933166504,32.72533416748047,0.0,82.0,30.0,178.95120000000003,133.84079933166504,166.6261574991455,133.84079933166504
381,381,2,draft|draft_verify,130.47075271606445,29.145240783691406,0.0,112.0,28.0,168.88479999999998,168.88479999999998,159.67601589975587,130.47075271606445
381,381,3,draft|draft_verify,170.06969451904297,35.331010818481445,0.0,140.0,38.0,232.2392,232.2392,205.4607357375244,170.06969451904297
381,381,4,draft|draft_verify,443.7108039855957,60.874223709106445,0.0,178.0,97.0,608.9656,608.9656,504.64510529470215,443.7108039855957
381,381,5,draft|draft_verify,296.7495918273926,79.40030097961426,0.0,275.0,63.0,407.2272,407.2272,376.20994320700686,296.7495918273926
381,381,6,draft|draft_verify,236.69004440307617,103.59454154968262,0.0,338.0,51.0,336.36,336.36,340.3446267527588,236.69004440307617
381,381,7,draft|draft_verify,445.66893577575684,126.5115737915039,0.0,389.0,99.0,671.3951999999999,671.3951999999999,572.2405887672608,445.66893577575684
381,381,8,draft|draft_verify,140.20085334777832,127.8986930847168,0.0,488.0,32.0,221.1776,349.1363186847168,268.15957203249513,268.15957203249513
382,382,1,draft|draft_verify|target|backtracking_verify,360.29982566833496,118.76726150512695,256.9925785064697,202.0,80.0,505.08320000000003,419.74352042089845,736.1197296799317,419.74352042089845
382,382,2,draft|draft_verify|target|target_rescue_verify,191.209077835083,204.16784286499023,428.8153648376465,523.0,43.0,301.7056,428.8153648376465,824.2523199377197,428.8153648376465
382,382,3,draft|draft_verify|target|target_rescue_verify,120.6049919128418,135.76006889343262,239.31503295898438,260.0,29.0,184.90640000000002,252.84645764671632,495.7401169652588,239.31503295898438
382,382,4,draft|draft_verify,138.22507858276367,86.76576614379883,0.0,296.0,29.0,187.3256,187.3256,225.0508679265625,138.22507858276367
382,382,5,draft|draft_verify,108.07251930236816,83.88471603393555,0.0,325.0,23.0,149.7872,149.7872,192.0172537363037,108.07251930236816
382,382,6,draft|draft_verify,141.77680015563965,100.47602653503418,0.0,348.0,30.0,197.46480000000003,197.46480000000003,242.31285069067383,141.77680015563965
382,382,7,draft|draft_verify,45.89080810546875,100.20756721496582,0.0,378.0,9.0,59.004000000000005,100.53605053503418,146.15838252043457,100.53605053503418
382,382,8,draft|draft_verify,345.6757068634033,125.98371505737305,0.0,387.0,73.0,492.2008,492.2008,471.71948032077637,345.6757068634033
382,382,9,draft|draft_verify,334.5978260040283,143.76425743103027,0.0,460.0,72.0,497.7984,497.7984,478.4221410350586,334.5978260040283
382,382,10,draft|draft_verify|target|target_rescue_verify,339.8127555847168,258.45813751220703,473.33288192749023,532.0,73.0,517.2568,646.5459271561035,1071.663833424414,473.33288192749023
382,382,11,draft|draft_verify,336.6122245788574,151.46589279174805,0.0,604.0,72.0,522.336,522.336,488.13817497060546,336.6122245788574
382,382,12,draft|draft_verify,330.9612274169922,154.22463417053223,0.0,676.0,72.0,534.6048000000001,534.6048000000001,485.2459191875244,330.9612274169922
382,382,13,draft|draft_verify,346.0423946380615,174.50809478759766,0.0,748.0,72.0,546.8736,546.8736,520.6105470256591,346.0423946380615
382,382,14,draft|draft_verify,163.52510452270508,174.43108558654785,0.0,820.0,34.0,261.4504,261.4504,338.01621730925297,174.56815238759765
382,382,15,draft|draft_verify,60.09626388549805,175.74048042297363,0.0,854.0,12.0,91.58399999999999,350.29160280952146,235.89675390847168,350.29160280952146
383,383,1,draft|draft_verify,167.96422004699707,59.615373611450195,0.0,228.0,36.0,227.304,167.96422004699707,227.63962245844726,167.96422004699707
383,383,2,draft|draft_verify,81.56585693359375,59.16929244995117,0.0,264.0,17.0,108.044,108.044,140.7951629835449,81.56585693359375
383,383,3,draft|draft_verify,86.14015579223633,60.08768081665039,0.0,281.0,18.0,115.152,115.152,146.28785100888672,86.14015579223633
383,383,4,draft|draft_verify,71.7616081237793,75.81686973571777,0.0,299.0,15.0,96.39840000000001,96.39840000000001,147.63848985949707,71.7616081237793
383,383,5,draft|draft_verify,71.77901268005371,76.03096961975098,0.0,314.0,15.0,96.9024,96.9024,147.8699942998047,75.87688173571777
383,383,6,draft|draft_verify,52.628517150878906,76.70831680297852,0.0,329.0,11.0,71.168,76.09098161975098,129.3968427538574,76.09098161975098
383,383,7,draft|draft_verify,43.49231719970703,77.25334167480469,0.0,340.0,9.0,58.2744,76.76832560297852,120.80566607451172,76.76832560297852
383,383,8,draft|draft_verify,95.48377990722656,93.28532218933105,0.0,349.0,20.0,131.1704,131.1704,188.82911809655764,95.48377990722656
383,383,9,draft|draft_verify,117.4461841583252,92.9710865020752,0.0,369.0,18.0,118.7424,118.7424,210.4772850604004,117.4461841583252
383,383,10,draft|draft_verify,92.19002723693848,92.73123741149902,0.0,387.0,14.0,92.6528,93.0311009020752,184.98127584843752,93.0311009020752
383,383,11,draft|draft_verify,118.32547187805176,124.90057945251465,0.0,401.0,18.0,120.048,120.048,243.2860657305664,118.32547187805176
383,383,13,draft|draft_verify,76.8885612487793,132.84993171691895,0.0,431.0,9.0,60.02160000000001,124.96059385251465,209.79850016569824,124.96059385251465
383,383,14,draft|draft_verify,72.84712791442871,125.24032592773438,0.0,440.0,15.0,101.13600000000001,132.90993891691895,198.1474658421631,132.90993891691895
383,383,15,draft|draft_verify,73.12440872192383,124.69696998596191,0.0,455.0,15.0,101.64000000000001,125.30033792773438,197.88139070788574,125.30033792773438
383,383,16,draft|draft_verify,54.476261138916016,124.96709823608398,0.0,470.0,11.0,74.55199999999999,124.75698198596191,179.503368175,124.75698198596191
383,383,17,draft|draft_verify,46.59914970397949,126.42812728881836,0.0,481.0,9.0,60.9816,125.02710703608399,173.08728419279785,125.02710703608399
383,383,18,draft|draft_verify,106.39786720275879,145.75791358947754,0.0,490.0,22.0,151.5304,151.5304,252.2157983922363,126.48813448881836
383,383,19,draft|draft_verify,63.86566162109375,138.25631141662598,0.0,512.0,12.0,82.5552,145.81793118947755,202.18198263771973,145.81793118947755
383,383,20,draft|draft_verify,105.06772994995117,130.01203536987305,0.0,524.0,21.0,146.196,146.196,235.13978211982422,138.31632101662598
383,383,21,draft|draft_verify,43.05076599121094,129.03785705566406,0.0,545.0,8.0,55.1432,130.07205216987305,172.148629446875,130.07205216987305
383,383,22,draft|draft_verify,51.1624813079834,129.17041778564453,0.0,553.0,10.0,69.45280000000001,129.09786345566405,180.39290709362794,129.09786345566405
383,383,23,draft|draft_verify,34.351348876953125,128.16262245178223,0.0,563.0,7.0,48.3376,129.23042578564454,162.57397692873536,129.23042578564454
383,383,24,draft|draft_verify,44.01063919067383,127.8986930847168,0.0,570.0,9.0,62.690400000000004,128.22262805178224,171.96933947539063,128.22262805178224
383,383,25,draft|draft_verify,74.81741905212402,130.55658340454102,0.0,579.0,16.0,112.97200000000001,127.9587002847168,205.43401525666502,127.9587002847168
383,383,26,draft|draft_verify,51.14436149597168,131.08181953430176,0.0,595.0,11.0,77.55199999999999,130.61659620454103,182.28618983027343,130.61659620454103
383,383,27,draft|draft_verify,33.82062911987305,131.2549114227295,0.0,606.0,7.0,48.9568,131.14182833430175,165.13554614260255,131.14182833430175
383,383,28,draft|draft_verify,56.31375312805176,131.61230087280273,0.0,613.0,12.0,85.2216,131.3149170227295,187.9860636008545,131.3149170227295
383,383,29,draft|draft_verify,43.59102249145508,132.34782218933105,0.0,625.0,9.0,63.7464,131.67231047280274,175.99885188078613,131.67231047280274
383,383,30,draft|draft_verify,85.26039123535156,158.64229202270508,0.0,634.0,18.0,129.55440000000002,132.40782938933106,243.96269765805664,132.40782938933106
383,383,31,draft|draft_verify,74.5384693145752,152.7080535888672,0.0,652.0,16.0,115.6,158.70230642270508,227.30653570344236,158.70230642270508
383,383,32,draft|draft_verify,34.13701057434082,152.65226364135742,0.0,668.0,7.0,49.849599999999995,152.7680663888672,186.84927981569825,152.7680663888672
383,383,33,draft|draft_verify,47.68824577331543,153.79810333251953,0.0,675.0,9.0,64.7064,306.570379773877,201.54635630583496,306.570379773877
384,384,1,draft|draft_verify,332.54218101501465,55.2515983581543,0.0,160.0,76.0,471.88,332.54218101501465,387.8538401731689,332.54218101501465
384,384,2,draft|draft_verify,44.30413246154785,60.50753593444824,0.0,236.0,9.0,56.27760000000001,56.27760000000001,104.8716755959961,55.3116591581543
384,384,3,draft|draft_verify|target|target_rescue_verify,538.3594036102295,167.04845428466797,638.5622024536133,245.0,116.0,749.4680000000001,833.0523199423341,1344.0301531485106,638.5622024536133
384,384,4,draft|draft_verify,356.32944107055664,104.22825813293457,0.0,345.0,75.0,498.432,498.432,460.61775920349123,356.32944107055664
384,384,5,draft|draft_verify,357.8195571899414,142.0283317565918,0.0,420.0,75.0,511.752,511.752,499.9079489465332,357.8195571899414
384,384,6,draft|draft_verify,355.7312488555908,128.57341766357422,0.0,495.0,75.0,525.072,525.072,484.36472651916506,355.7312488555908
384,384,7,draft|draft_verify,365.9365177154541,132.87353515625,0.0,570.0,73.0,523.8232,523.8232,498.8701112717041,365.9365177154541
384,384,8,draft|draft_verify,156.3723087310791,134.57679748535156,0.0,643.0,32.0,232.7096,232.7096,291.0091318164307,156.3723087310791
384,384,9,draft|draft_verify,58.15696716308594,159.1782569885254,0.0,675.0,10.0,72.08800000000001,293.87508807387695,217.39523215161134,293.87508807387695
