problem_ordinal,example_idx,steps,our,weak,strong,our_power,weak_power,strong_power,speedup_vs_weak,speedup_vs_strong,power_vs_weak,power_vs_strong
0,0,6,24653.23404665898,28854.35059795383,23895.23009412297,12605.085556486483,17917.863758072872,16326.816812336445,1.1704083343931173,0.9692533664710519,1.4214789481418848,1.2952563264384023
1,1,7,4047.5531601770017,4398.01679205293,2733.4714667486937,2154.0567100601074,2790.841608026747,2269.544566988945,1.0865865420432435,0.6753392379481824,1.2956212317868225,1.0536141209233136
2,2,7,7918.45257162276,8764.083204675415,5998.198665411284,4264.403420486748,5480.626130058499,4344.177670839284,1.106792409931598,0.7574963177662943,1.2852034832654107,1.0187070130300735
3,3,31,12731.342809358863,13398.297656065599,8679.681397270653,6287.33440191155,8648.666390827324,6766.722607172668,1.05238684219676,0.6817569463992583,1.3755696512973532,1.0762466531309944
4,4,6,12724.141692989324,11998.2753822886,8554.576485909247,6575.919019592565,7508.0933041075305,5691.360310614109,0.9429536130440408,0.6723106903644903,1.141755742693547,0.8654851578398449
5,5,23,27604.910417977077,22711.836249558743,15182.714468729315,13897.392397817872,14454.902559211943,11273.61136550534,0.8227462399141918,0.5500004976955808,1.04011617038903,0.8112033569171933
6,6,5,3734.530177250586,4860.037647440235,3179.9475006239986,2051.435180322936,3032.879560657586,2272.320064099919,1.3013785983162849,0.8514986757892853,1.4784184212830704,1.107673342982356
7,7,11,23226.475710709765,21039.622035266726,14504.308305024824,12588.26997826469,13211.89036058867,10453.650252779325,0.9058465131481537,0.6244730576295251,1.0495398004174317,0.8304278722039591
8,8,5,6162.270266201691,6317.20023885874,4456.786054959015,3223.635234247963,3960.9081653492285,3059.7431411147118,1.025141703619654,0.7232376806650669,1.228708547191836,0.9491592313571776
9,9,8,5356.207954736206,7223.370684226098,3834.913390956958,3233.611115603552,4539.426181628185,3383.9622326892427,1.3485978784372739,0.715975448183626,1.4038256362131856,1.0464963508939533
10,10,8,17541.20645911397,13800.566550986183,11069.215315352445,9224.48578732721,8673.445678319238,7862.001122514408,0.7867512752417183,0.631040706416243,0.9402633250554733,0.8522969522393745
11,11,35,7939.859712881251,8935.530646836158,5992.072825581299,3859.788385970222,5771.942084484113,4442.97876673371,1.1254015776046493,0.754682455643397,1.4954037650002514,1.1510938741831809
12,12,8,5487.612750256995,5849.030682053052,3558.345304594775,2821.6808373642543,3716.7248848158074,2947.4521565437317,1.0658606844623157,0.6484322904213915,1.3172024403325566,1.0445731910973182
13,13,16,23470.3705663624,20574.513439615668,14351.627125379846,10441.481654384483,13015.12550794388,9848.531717419624,0.8766164718806333,0.6114785058378462,1.2464826294531388,0.9432120884189005
14,14,8,4240.594311388148,5348.2483130950195,2941.2162997920777,2330.304580284231,3391.3368940326336,2570.7889871253433,1.2612025391658568,0.6935858711816453,1.4553191555839393,1.10319870152415
15,15,79,28017.92423518613,32197.112656371064,23741.570296063,14506.74940499363,20775.94405447414,16992.430973626153,1.1491612435705187,0.84737077939012,1.4321570928441403,1.1713465573326083
16,16,10,13471.307537063487,15806.548582190555,9748.620299355005,7671.627389429219,9894.14111366896,7641.37537936607,1.173349249039274,0.7236580615900657,1.2897056402012115,0.9960566371999723
17,17,65,23643.734058703183,26244.59322821613,18079.643072400828,12000.345571450573,16990.456868851874,13505.592549374196,1.110002048029109,0.7646695326344093,1.41583063318385,1.1254336359700075
18,18,5,6390.142231614624,8851.371996945629,6057.276592405176,3454.0678905179993,5477.115691144844,4170.5622000694275,1.3851604042793138,0.9479095101259835,1.5857000686583067,1.2074349237657795
19,19,7,4275.453877894629,4635.32937456604,2945.8781323150515,2125.6557774259213,2942.9674179800563,2356.9978107213974,1.0841724661168899,0.6890211463971392,1.384498585911151,1.1088332531317096
20,20,7,20742.931729357064,17216.76403082539,13670.674960814582,10814.275075744301,10753.934631046022,9331.918425073227,0.8300063007226139,0.6590522082019267,0.9944202968506305,0.8629259344441957
21,21,4,7835.430075281061,8485.5921313,5557.132148723016,4208.97640757815,5295.73825356318,3961.9284380078316,1.0829772009669318,0.7092312860087234,1.2582009830295897,0.9413045012261139
22,22,10,5999.158944270104,7387.006251205639,4287.020356542261,3429.6477155790085,4661.43352533388,3586.1602469853237,1.2313403128385338,0.7146035629939201,1.359158115324657,1.0456351626714793
23,23,28,8613.289644236414,9311.654516735842,5882.500125051599,4345.463514562627,5985.393902880556,4653.615729591167,1.0810799243198257,0.6829562650302693,1.3773890593770153,1.0709135432838988
24,24,8,5095.106313793299,6237.280919405201,3490.148654956946,2916.980122988586,3936.093863238771,2986.2558637857437,1.2241709073900666,0.6850001629030849,1.3493728778672835,1.0237491302224513
25,25,8,8068.220482895271,8073.793308980835,5415.581708598944,4424.554844820641,5110.565231857297,4357.8424761891365,1.0006907131625093,0.6712238120016731,1.1550461935938472,0.9849222416782566
26,26,34,22308.08306146007,20312.13507006255,14731.388510641933,11289.38777884083,12996.138190300273,10724.00522406936,0.9105280365911061,0.6603610211624235,1.1511818395199716,0.9499191129007776
27,27,80,26306.42363503394,31297.988546199875,22383.04922651612,13604.678589981828,20163.609313454206,16170.26687172392,1.189746997935453,0.8508586928063907,1.4821084658554318,1.1885813225776118
28,28,14,4837.128021111035,5286.666007751538,3368.7165313932005,2316.7181540601555,3380.7687039169655,2586.0687665181395,1.092934895392173,0.6964290621812906,1.4592921879564902,1.1162638674825138
29,29,36,18723.789042071166,18130.92274832248,12767.045238763523,9751.616746264495,11647.851263598328,9649.965451347425,0.9683362009464775,0.6818622667707258,1.1944533472421601,0.9895759546788988
30,30,3,1459.5534926900145,2351.5108891411132,1367.2289848327637,882.2889652141846,1461.7631506859925,1117.023687362671,1.6111166195129896,0.9367446905374511,1.656785031116347,1.2660519754902546
31,31,8,6041.016824932318,7054.017421537255,4344.207274911627,3294.730048050235,4433.501906020908,3378.633011325558,1.1676871006920737,0.719118552522869,1.3456343437437548,1.0254658081395698
32,32,20,26375.449212414962,19277.399961564573,14646.88895216406,13402.491037666432,12258.01728438981,10417.686430795595,0.7308842327694147,0.5553228244268062,0.9146073852942571,0.7772947880746701
33,33,6,4939.177473809386,4971.205032017408,3199.1391177487794,2656.872130289417,3159.433457503343,2660.7289424049413,1.0064843910505041,0.6477068570045558,1.1891552557176253,1.0014516363326467
34,34,10,13996.496562391161,15436.677827501344,9759.363152164427,7603.064300943136,9654.508213123105,7080.11788462326,1.1028958395903141,0.6972718571866057,1.269818040592593,0.9312189933399607
35,35,6,3622.4683205406736,2778.8564485927973,2285.002664553125,1462.197001523407,1803.4151217783258,1614.422613620758,0.7671168393207749,0.6307861000733543,1.2333598823547147,1.1041074574347731
36,36,53,22094.20474967709,24084.494693221164,16518.261456546057,11151.554834552966,15544.549961598921,12312.837436475016,1.0900819905533445,0.7476286946597376,1.3939356611899814,1.104136384490872
37,37,6,6443.235380616882,8094.544056176807,4907.609931929394,3706.582616988075,5063.49912349566,3888.9688320487217,1.2562856357114534,0.7616685782879989,1.36608289810904,1.0492060298952277
38,38,13,11173.526014792547,12112.669623879468,7366.8871674214415,5895.049411808801,7653.961406399053,5841.243309687331,1.0840507828812136,0.6593162406986367,1.2983710350360844,0.9908726630834193
39,39,24,10447.11790456781,11263.185306406544,7452.8770359771115,5318.789881102016,7192.099888829239,5603.77245546321,1.078114118103513,0.7133907269026302,1.3522060561901885,1.053580340778972
40,40,6,7200.566980891345,8023.8611945234625,5142.578558418201,3877.390287548474,5019.400023991204,3703.2730420827866,1.1143374147920506,0.7141907813739427,1.2945305093763926,0.9550942173593323
41,41,7,8820.34814801308,9519.231372253955,6229.207969657465,4742.139328149781,5971.47527199885,4478.388238966465,1.0792353331765379,0.7062315302214789,1.2592365720997727,0.9443814129168105
42,42,5,4551.56391504466,5311.023902367115,3579.360527553815,2435.2729592525893,3317.9727947597858,2497.3244292140007,1.1668569312653503,0.7864023430985247,1.3624644342858823,1.025480293585018
43,43,9,10666.880446523266,11125.673373529979,6629.659555799781,5910.760184196874,6995.312445238325,5231.349413658076,1.0430109748868752,0.621518126975974,1.1834877794469028,0.8850552637281267
44,44,40,22209.288116295098,19501.601768067118,13576.852701077953,10230.23804443797,12577.762364280265,9871.688471369405,0.8780831544870034,0.6113141776532913,1.2294691784927338,0.9649519814190929
45,45,5,6259.145411391211,7432.623210954809,5117.512490477515,3433.0892970149675,4624.205244659255,3646.6407981313155,1.187482111763684,0.8176056241102813,1.3469516358575204,1.0622038877060462
46,46,32,16463.922049377492,15259.481553124735,9720.848707741407,7334.9948199735545,9903.069180296347,7369.142620982866,0.92684364681511,0.5904333535221613,1.3501126344806405,1.0046554635480212
47,47,47,16616.964387506385,19972.05123178115,12660.363034934328,8267.656387510537,12923.778177640608,9601.817465652324,1.2019073259131083,0.7618938537566546,1.5631731136242917,1.1613711329557945
48,48,21,13922.362152008289,13068.322041818212,8978.721878378943,6925.898920780633,8335.041009261846,6656.579451830391,0.938656953405936,0.6449136849298069,1.2034598114409654,0.961114149653243
49,49,9,15290.47314931391,14108.691615777734,10306.960714227618,7709.128505699503,8851.719743118503,7096.893923027363,0.9227112515096236,0.674077290714192,1.1482127631643786,0.9205831655005486
50,50,8,5664.877766394237,6239.839499577538,3812.630176216455,3135.262201351496,3955.373972393783,3226.078138599891,1.1014958763266078,0.6730295574662045,1.2615767736072494,1.0289659784145797
51,51,16,12770.484798243539,13592.958255406444,8344.009331313173,6664.0297744331265,8611.273847503671,6527.504710563453,1.0644042469927242,0.6533823471181621,1.292202186812136,0.979513137172127
52,52,15,17211.45642726624,11884.507310612671,8487.94344939148,7042.640555124188,7690.833993361636,6224.995006799698,0.6904998052219066,0.49315660677878215,1.0920384099066118,0.8839007128186351
53,53,17,4701.904467717834,4701.898606510547,3127.613991991736,2338.138483378901,3028.107047347728,2450.2641024112204,0.9999987534397333,0.665180250569784,1.2950931131212282,1.0479550804323121
54,54,16,9154.249425873315,8546.263998307984,5368.799459121704,4483.411004303301,5481.581683337832,4309.988562304073,0.9335843498160605,0.5864816665304617,1.2226364431180767,0.9613190845468389
55,55,4,1846.4082707339112,1895.6729058475828,1236.1409465334718,884.8748344008332,1209.950534952132,981.3020751476288,1.0266813336435554,0.669484082218788,1.367369132801041,1.108972746198719
56,56,3,6695.15585899353,9677.336757945679,6695.15585899353,4071.34975524321,5970.36813968881,5046.100821256638,1.4454236707493848,1.0,1.466434597518915,1.2394171772538365
57,57,9,6187.981974954615,7867.597881055811,4415.078669947619,3569.308635907961,4953.257303209152,3758.366032574018,1.2714319325588395,0.7134924904140499,1.387735779802954,1.052967511625109
58,58,7,6432.171849580438,6502.386127566114,4450.3396828992,3274.925938776805,4108.189129492677,3326.1841866033424,1.0109161072850155,0.691887559439117,1.2544372624887812,1.0156517273320942
59,59,12,12009.669807984907,12216.524479199461,7869.514775499786,6407.987120540853,7719.15964206982,5902.198304593563,1.0172240098622047,0.6552648741656125,1.2046153490736573,0.9210690024132571
60,60,13,7488.291292508789,8329.456198899145,4970.365427636523,4127.28304970043,5295.738534477247,4216.8683527999465,1.1123306871397816,0.6637516134834159,1.2831052464069863,1.021705635891878
61,61,6,8365.997448263024,8797.428171811913,5937.760430478711,4412.866369849412,5506.893898273258,4053.0684926509857,1.0515695499809725,0.7097492519211237,1.2479176654654012,0.9184661743539938
62,62,8,8930.684315745179,8645.474810862035,5694.439745372241,4710.634744609895,5471.341191058516,4492.702973570796,0.9680640928735655,0.6376263614348903,1.1614870368200492,0.9537362196700845
63,63,7,8375.315498951928,10039.844496965918,6432.2081895724605,4561.412892419791,6260.615354103092,4599.738717079163,1.1987422441843876,0.7679959268850679,1.3725166964181328,1.0084021827366387
64,64,21,20532.734128507363,19202.94005129917,13524.516646278375,10978.140816647472,12114.11805146671,9971.48977075218,0.9352354114709972,0.6586807466376883,1.10347628562904,0.9083040505029061
65,65,20,10452.15703611676,9644.536392007227,6269.537075972875,4931.8927873171515,6224.001029584935,4902.577506792664,0.9227316771725825,0.5998318867874728,1.2619903347434007,0.9940559777374167
66,66,76,20945.196219681922,26855.63556353141,18978.825698188404,10977.66986605838,17393.257510582116,13928.015294689043,1.2821859142238794,0.9061183050820146,1.5844216234230137,1.2687588044301434
67,67,14,11101.869677035553,11688.165570344358,7961.986588301869,5879.924155642675,7369.580815808742,5846.842197498046,1.0528105544709798,0.7171752884805884,1.2533462372531654,0.9943737440706812
68,68,11,16419.189632312147,16648.944351942162,11352.994356366104,8636.442916179141,10613.861671515944,9474.644367575645,1.0139930608498406,0.6914466919867943,1.2289621751140614,1.0970540139652
69,69,5,9020.351206808271,9213.07169727329,6138.279629346154,4520.501657701488,5773.056325263041,4478.108517289162,1.0213650761535271,0.6804923099571974,1.2770831120983224,0.9906220274601378
70,70,8,5874.806433001038,6801.067254839453,4297.931726024133,3152.2439810295746,4286.08930774689,3339.8089352846146,1.1576666112155207,0.7315869509982498,1.3596946599123914,1.0595020421591155
71,71,3,2665.9126581836426,1974.0703893468508,1757.5564994821777,1071.8987186518862,1281.1403064493056,1224.3410233922864,0.7404857707123225,0.6592700980232593,1.1952064912070983,1.1422170789905646
72,72,4,8374.321323343653,9993.025987396386,6784.269521822388,4377.530854952685,6181.20375484092,4506.027399301529,1.1932938326047449,0.810127681978365,1.4120297399726105,1.0293536581708989
73,73,7,5785.4581236863405,7136.044635103344,4678.2897722435055,3184.7125656835724,4463.794353643997,3643.076823949814,1.2334450414371758,0.8086290959552609,1.4016317835848022,1.143926413706933
74,74,6,4516.294916750439,6755.299928921826,4129.8885082639645,2712.7838165377684,4216.459810426558,3288.5380783081055,1.495761471171239,0.9144417236674832,1.5542925996247938,1.2122374286739708
75,75,74,19776.850984036817,24469.2281391596,17502.14554269266,10184.980549551616,15844.987002842445,12767.397259983125,1.2372661430735514,0.8849814137154484,1.5557208897703791,1.2535514621621147
76,76,41,9570.756825410264,11173.473247180813,7453.738150666783,4771.417814411772,7232.660509802851,5612.308656539784,1.1674597370936592,0.778803420318567,1.5158304703388263,1.176235004947199
77,77,8,11157.7680709411,10290.228755014918,7077.125136142225,5901.355188254525,6476.177744230077,5118.199319492534,0.9222479522418492,0.6342778494001539,1.097405178579934,0.8672921992018533
78,78,9,35323.57827461809,35004.7489935583,33858.300063799616,18471.793880822603,22717.988062208144,22214.75338817245,0.9909740378344147,0.9585184094480214,1.2298744891146678,1.2026310780370812
79,79,44,16768.221463040023,19738.36182084187,12605.524555846396,8501.441385429021,12730.309375485669,9641.662695681573,1.1771291227485596,0.7517508391471981,1.4974295296918334,1.1341209400333954
80,80,7,8795.652737640417,10439.556930708372,6849.550921193029,4830.0047734747195,6504.130941756124,4947.3410576581955,1.1868996244056993,0.7787427636701512,1.3466096301757966,1.0242932025301217
81,81,18,5722.285138057983,5959.4541562003415,3752.774429850049,2770.0159544271564,3837.030223001162,2942.0449747872967,1.0414465571743334,0.6558174469305906,1.385201488413328,1.0621039817785873
82,82,7,7717.154173692108,9443.344693874558,5942.915442755268,4308.906899773882,5909.081591814995,4592.569700357428,1.2236822643853689,0.7700915789676399,1.3713644154449205,1.065831731151683
83,83,10,7335.256457632312,7837.413159385303,4531.8680544747185,4073.0602380636046,4966.540449602519,3913.7318117568648,1.0684579611706007,0.6178199877059954,1.219363367914168,0.9608823790972247
84,84,10,3862.079920889258,3715.426526225147,2487.1690958193362,1783.4354379994136,2394.789445831731,1927.9374127895644,0.9620273537399133,0.6439973140811277,1.3427957047428136,1.0810245056878802
85,85,8,47062.73575850615,46559.71420062915,41103.7367122535,24810.93656845649,29710.69022167061,28299.211557408173,0.98931168046715,0.8733817966547851,1.1974836233890278,1.1405942488034295
86,86,24,20348.853272392676,19329.15393583957,12157.444602634743,9666.023083113372,12340.749303605826,9161.099560282799,0.9498891007319546,0.5974510917098591,1.2767142388854031,0.9477630543100317
87,87,6,7702.903225240545,8858.742916236622,5400.421819492194,4367.060361115934,5575.613237633203,4421.119004189968,1.1500524746576941,0.7010891428307605,1.2767428834458434,1.0123787258713823
88,88,48,21001.284550585216,22815.543443796632,15383.522457803849,10341.815044790284,14719.68955946751,11405.542557555318,1.086387996355245,0.732503881881605,1.4233178117880372,1.1028569461122677
89,89,13,25251.698836518783,22679.676847824485,14845.213502196344,12788.29858571118,14324.847823078728,11584.083224475384,0.8981445959202292,0.5878896940085206,1.1201527495678267,0.9058345914302229
90,90,45,25133.93569205903,26953.202261136983,21996.696875440655,12995.56640439797,17460.026945335987,15275.818483119589,1.072382876735566,0.8751791659270628,1.3435372035363653,1.175463847266398
91,91,56,17722.34244365872,20868.66266260215,13434.42008241202,8837.645175713225,13511.633012817236,10166.232631697534,1.1775341058297417,0.7580499093233032,1.5288725383486337,1.150332744703918
92,92,6,3768.290325330737,4375.390200722388,2887.6375115580568,1955.2903462941465,2767.245093515895,2266.0917301812283,1.1611075110934737,0.7662991070903258,1.4152604490482157,1.15895408294535
93,93,24,20267.53422766275,18350.130080066087,12519.483351375402,10477.404765648462,11696.933029600907,9222.654661529596,0.9053952924880405,0.6177112228229427,1.116396024705548,0.8802422802035168
94,94,6,9434.086031004268,9283.966473980101,6605.107240269406,4976.961095551398,5818.674582457138,4632.437228163084,0.9840875357156154,0.7001321822339038,1.1691219743827406,0.9307762586900141
95,95,6,3224.2194009208743,4276.858578518506,2689.7914078453005,1813.222336700024,2675.541534799189,1995.9044188508328,1.326478767945192,0.8342457734349793,1.4755727858882124,1.1007499623478505
96,96,38,19536.97968370853,22043.120682432887,13836.716039495657,9831.05520702687,14152.353975805116,10480.518251992364,1.1282767878810958,0.7082320943924509,1.4395559457025064,1.066062394248512
97,97,6,21343.828183552898,22285.28571199685,19896.220619319134,13493.276853379,14316.347682574115,15380.742729375532,1.0441091223349248,0.9321767608048279,1.0609985875290924,1.139881949841107
98,98,8,23450.62892754268,18319.546911631296,14474.931069307453,12115.86266444079,11458.589003701289,9720.022001185514,0.7811964006694531,0.6172512947960512,0.9457509812595883,0.8022558748303659
99,99,18,6006.613679233496,5894.89808957417,3685.8980789759275,2699.530248293597,3814.879176719024,2853.1419442109686,0.9814012360998747,0.6136399435374184,1.4131640788727784,1.0569031208353643
100,100,9,5884.647058641993,5584.618171064429,3847.1952895227296,2652.32917432547,3586.799326980092,2926.5048184394836,0.9490149732706651,0.6537682296294847,1.3523205798512068,1.103371650384889
101,101,9,31794.68324000862,35199.06103636323,29744.00066267511,17409.058312151134,22641.85761070362,24803.255836606026,1.107073807612926,0.9355023428963416,1.3005791125933623,1.4247327679575814
102,102,13,20937.621269660263,17934.418954199973,13002.45105730675,10882.480972491932,11341.483663965819,9548.53920696179,0.8565643022776378,0.6210089909376667,1.0421781294756338,0.8774230096149951
103,103,10,3892.9534677112424,3719.0896044744627,2431.3395010980835,1792.0146573379975,2397.4045200568885,1905.9200315131607,0.9553388283012285,0.624548821675879,1.3378264012740753,1.0635627469388935
104,104,8,32815.636585231885,24653.520396958083,20188.299990416817,17068.523355296828,15432.839587484686,13686.356391290821,0.75127356840772,0.6152036678606508,0.9041695796546722,0.801847711509477
105,105,46,17932.675077445336,18593.086725911213,11764.596998176516,8464.377112053458,12057.569852530309,8949.869738520987,1.0368272801248992,0.6560425004841209,1.4245076386495192,1.057357159309003
106,106,27,35211.639606730925,35797.19885407395,28081.744835876067,17965.529619487643,23108.650911964844,19880.964201434308,1.0166297069344958,0.7975131277473392,1.2862771875591317,1.1066172065347268
107,107,6,9597.369224209258,10316.334716316089,6671.26074247121,5232.265886241993,6456.065244160207,4895.850120127201,1.0749127677919537,0.6951134823116972,1.2338947187558147,0.935703618006229
108,108,8,19846.287250835005,18196.836186046414,13644.498082295711,10076.572753622442,11333.337011618045,8845.72781717783,0.9168886833118274,0.6875088478688445,1.1247213996985044,0.8778508361384942
109,109,12,17966.63481841173,17531.326197762108,14244.975242508408,9341.683690718795,11283.092694371877,10881.152072310448,0.9757712768668548,0.7928571703316715,1.2078221729538885,1.1647956013669307
110,110,9,15229.930178515971,14133.51013620647,10415.508835672583,8007.774497738807,8866.818392922254,7242.823220491409,0.9280088595641652,0.6838842144112499,1.107276234542571,0.9044739237520486
111,111,8,9151.324517935309,10623.417124797874,6921.795078620613,4961.557398050018,6627.500199460724,4964.871764262517,1.1608611522821064,0.7563708471986615,1.3357701358177276,1.0006680092452023
112,112,9,4268.53272917528,4817.466196083862,2893.1239607003417,2178.13252879321,3071.237206136508,2374.840252161026,1.1286000370002178,0.6777794957330268,1.4100322939661165,1.0903102638464344
113,113,67,42987.6975887346,47842.986084661665,39118.308006165724,22216.256728186065,30436.08111661663,27644.282093469737,1.1129460000946747,0.909988443214905,1.3699914206519752,1.2443267302721193
114,114,55,12125.874301162105,14880.579212741892,10256.163062914868,6236.33541449105,9610.764135432744,7594.090024884306,1.2271757766213844,0.8458081296399345,1.541091602145181,1.2177167391026327
115,115,11,8530.213000424377,10153.842472105542,6420.072204786388,4763.835259279474,6371.894917406566,4972.713959336281,1.1903386787176813,0.7526274202610169,1.3375556816316754,1.043846751343874
116,116,21,48732.413088211586,55852.21744151618,41084.87614101644,24710.6509996543,35407.95302970766,28667.74403075654,1.1460999753986507,0.8430708339159775,1.4329024771627028,1.1601371421237587
117,117,8,4006.1896877263057,5353.703720622021,2866.710013113037,2361.6491470136075,3371.4905609737434,2552.0523174469645,1.3363580204462286,0.7155702142351689,1.427600101072218,1.0806229708905444
118,118,75,50496.56363656356,56333.19461465539,46891.7350618218,27162.689549873357,36340.169871542086,32606.207842907443,1.1155847162214745,0.9286123982477973,1.3378708247877287,1.2004042450597263
119,119,8,5742.467709512926,6921.333152332813,4194.211926475,3184.653041927673,4355.993096811059,3444.9709339952533,1.2052889981195694,0.7303849387828341,1.3678077452903232,1.0817413666859013
120,120,24,36466.81217191593,36642.39400476483,33459.26126411513,18995.397931501255,23741.741009303696,22499.68659834382,1.0048148390931773,0.9175263553715014,1.249868051983859,1.1844809295114151
121,121,7,4879.29334878617,5660.348752238379,3456.87878179093,2647.8914592897095,3559.8185088948035,2661.5623856782913,1.1600755166004753,0.7084793913140934,1.3443974436360455,1.0051629481792463
122,122,52,55363.64383331401,58871.12834383777,50231.9437476563,29097.604352135895,38108.71502282843,34339.868130931514,1.0633535704601365,0.9073092063609837,1.3096856552739222,1.1801613533318531
123,123,18,17606.26739694585,15397.618158268822,9639.770692057922,8120.1622431703245,9843.815314783404,7567.887033343315,0.8745532378396025,0.5475192711051367,1.2122683044988174,0.9319871705406484
124,124,7,5572.653687448841,7438.374606593188,4486.897820276318,3231.8267577325623,4652.710248903708,3521.0365335941315,1.3347993655781027,0.8051635848791491,1.4396533594418384,1.0894880194829744
125,125,7,6259.636243271551,6073.591445144848,4455.057926165686,3322.8542925311262,3829.879170429703,3261.7442116737366,0.9702786566349312,0.7117119514659344,1.1525871534717098,0.9816091602346969
126,126,10,4089.2164149271725,3397.4093490861574,2502.1624102305177,1700.4309491256406,2204.814182923316,1825.4149923324585,0.8308216059889469,0.6118928802830506,1.2966208266539894,1.0735013928504915
127,127,7,3360.212234825122,3007.345746867163,2205.244705540991,1595.071788377118,1937.7684489124456,1718.7273828709672,0.8949868450864911,0.6562813749339736,1.2148471705364428,1.077523529282441
128,128,5,2556.9079117772217,2570.5076590066164,1738.0535011750244,1252.8750126991272,1638.0214710702876,1361.9077303409576,1.0053188255888112,0.6797481806714585,1.3074101202971726,1.0870260133985243
129,129,35,17959.184075758774,19247.260944388505,11695.16541717196,8883.468610583943,12393.19241543864,9219.618262223092,1.0717224603966486,0.6512080597780632,1.3950848433992484,1.0378399098791944
130,130,6,2226.3226945989136,2279.961838744092,1663.4890067533936,1072.7797478626312,1455.2258876665967,1261.8503354670954,1.0240931578675938,0.747191326212071,1.3565001488571515,1.1762436212849485
131,131,1,5049.39067363739,5529.292576383643,5049.39067363739,2533.908543109894,3342.5418743826635,3198.0809487104416,1.0950415473399189,1.0,1.3191249082259004,1.262113803359849
132,132,6,4146.020664665649,3430.723657453174,2731.7251472299317,1743.6070119813903,2207.7016936997115,1949.3429079055786,0.827473844183032,0.6588788064929312,1.2661693136866523,1.1179944187597612
133,133,5,2286.07805123302,2896.275308915039,1892.7619771699096,1250.8009549871094,1811.0572049164066,1487.326173901558,1.2669188207956867,0.8279515986556228,1.4479179902249684,1.189099007297197
134,134,21,3325.745008328052,4065.594270110449,2468.76640890907,1638.4303502274488,2622.690652612003,1923.246697230687,1.2224612109255908,0.7423198118698192,1.600733685290875,1.1738348822479392
135,135,14,10422.284428479725,10659.090660622925,6533.5080878524905,5723.503846835771,6779.35393291744,5556.038343330095,1.022721144655783,0.6268786975338303,1.1844761730465847,0.9707407371450866
136,136,5,25478.654207299074,27474.556393065774,25107.42873965686,16591.27801808617,17659.79510841111,19503.165977716446,1.0783362484347747,0.9854299420753603,1.0644023377319183,1.1755071523999552
137,137,11,6838.5189002110965,6911.482341054271,4310.903292284155,3661.958384458154,4408.554804749802,3604.7015797036747,1.0106694800303795,0.6303855199041832,1.2038790018642223,0.9843644305196135
138,138,26,17790.41215413956,15773.094884408729,9334.398470979919,8151.891735772031,10185.223192900698,7447.105558243427,0.8866064904931709,0.5246870274901385,1.2494306258026007,0.9135432362974265
139,139,6,15345.782970546625,15591.405005145776,12193.415017905329,8051.219864524292,9654.668802233673,8137.983164727688,1.016005832681889,0.7945775749147711,1.1991560241417059,1.0107764166999957
140,140,9,9608.447703308106,9958.567629186327,7649.797439575195,4428.202795581164,6275.377983486461,5382.110890568629,1.0364387606291159,0.7961533096486997,1.41713879719975,1.2154165333031621
141,141,10,14203.458406404217,13331.902852366526,8728.236615270336,7553.8804820249525,8406.812032726732,6366.782866120338,0.9386377930571673,0.6145148854264149,1.112913032279422,0.8428492986181864
142,142,15,9279.360838420287,9875.044335663866,6063.072485208045,4883.53777963468,6280.878357814513,4745.894872546196,1.064194453434466,0.6533933307242978,1.286132849019213,0.9718149191632176
143,143,9,6925.336382765917,6961.300815795727,5397.94360587688,3397.144770610897,4371.09312105781,3818.3664359064733,1.0051931676733148,0.7794485794668344,1.286696156982374,1.123992850978744
144,144,1,460.7422351837158,767.2192763565185,460.7422351837158,279.34132957458496,477.90328117779353,385.64324259757996,1.665181131160243,1.0,1.710821960737435,1.3805448810059167
145,145,5,4140.956462699805,4129.236396322387,3275.5047477355224,1987.4999456379792,2588.3570458100494,2312.5508951800216,0.9971697199709806,0.7910019767751847,1.3023180460914163,1.163547652041672
146,146,15,9952.491909754686,11548.058386816234,7045.696219135254,5259.511671021638,7307.874999267344,5703.79294437184,1.1603182892816715,0.7079328758086797,1.3894588426396286,1.0844719626344896
147,147,9,5776.783855486608,5177.784599982788,3736.6315643141725,2882.711961439328,3317.8468592052336,2962.508704407552,0.896309214523422,0.6468359657883404,1.1509463670274722,1.0276811363867175
148,148,11,3402.580458129846,3422.9345255014164,2350.337691440711,1583.6618455802627,2206.5932699973896,1802.241859560612,1.0059819503526912,0.6907515400040011,1.3933487607569919,1.1380218981661836
149,149,7,1569.6431873431643,1336.5238777496338,1059.5447458301026,649.26822664917,867.3308818595124,758.5207645893097,0.8514826098865712,0.6750226767291787,1.3358591199445402,1.168270267134409
150,150,10,4687.446682458851,4420.320205644923,2937.6037038815307,2247.902724350498,2836.5400895865496,2325.145506350939,0.9430123700790973,0.6266959184569496,1.261860693018258,1.0343621550717943
151,151,4,3357.104405751221,2276.1748609789306,2117.468944441406,1301.8914348146666,1477.1956546185259,1443.3073239326477,0.6780172988005686,0.630742654537007,1.1346534857791848,1.1086234115505282
152,152,5,6532.383466007519,4599.511231917163,3806.4410080668454,2852.875980145038,2963.712896844307,2820.7410378456116,0.704109190137349,0.5827032396175721,1.0388509411101825,0.9887359483822383
153,153,6,2350.302549672241,1905.9608285905274,1498.5319634446046,983.4587205750428,1236.9058888960526,1081.7295926765923,0.8109427566490625,0.6375910895614613,1.2577100218022528,1.0999237385826313
154,154,20,14710.57371023481,16090.988423215334,10909.820986895013,7764.721942241076,10130.401031026062,7915.054777036535,1.0938382649223333,0.7416312376249852,1.3046701615823988,1.0193610068607388
155,155,12,4250.788115776196,6345.955803747803,4732.775684780298,2025.0278576755677,4103.195551503717,3443.5054256769577,1.4928892315746556,1.1133878132422725,2.026241533394794,1.700473113307978
156,156,38,18262.27228964752,18606.278694511206,11402.30637969048,8759.064259982992,12008.310223558905,8973.16573391977,1.0188369990003212,0.6243640549678036,1.3709581146036967,1.024443418564119
157,157,8,5967.803673527783,6249.200508248804,3967.1805293753296,3092.947136817963,3977.812295213042,3244.1517419980855,1.0471524953089948,0.6647639142308089,1.2860912648204625,1.0488869025209666
158,158,5,3935.4549426097897,4801.394162357202,3149.946689841846,2183.75763621033,3002.662022079693,2354.8989057540894,1.2200353535678308,0.8004021735166823,1.3749978350575942,1.0783700840724963
159,159,9,10299.227642693579,10309.11113456067,6886.626798155823,5152.164028876886,6526.14690789291,5279.545279145241,1.0009596342764695,0.6686546833481534,1.2666807328561582,1.024723834403254
160,160,10,5999.5458456645265,4519.7716811269775,3518.919671262671,2428.704819414002,2933.2273024530086,2517.669190645218,0.7533523032236042,0.5865310078104596,1.2077331419635993,1.0366303762071347
161,161,32,14414.150711197428,14608.40687003987,9801.350602884095,7274.3025568783205,9359.4120464568,7454.2531356924865,1.013476767569215,0.679981137929275,1.2866404680414172,1.0247378463305752
162,162,2,930.7778782961915,1362.2941413186525,888.6541128158569,570.0780772844239,854.0601413016224,722.7126234769821,1.463608206731729,0.954743482346784,1.4981459125212315,1.26774323075119
163,163,51,16827.120064424715,20662.688301535814,13603.215917726646,8488.754723890785,13396.093144916358,10237.196901107247,1.2279396725301865,0.8084102250203866,1.578098741292918,1.205971574640464
164,164,38,44864.77279160585,38763.9095428842,31284.89274344924,22653.655441323655,24852.714057062807,21666.895814009284,0.8640166244224663,0.6973153054572608,1.0970730141735863,0.9564414833680936
165,165,6,2142.436144026001,2425.024769375488,1576.674580019458,1099.0009441539064,1543.008074256915,1262.2759020949775,1.1319006058301722,0.7359260552133046,1.404009780396357,1.148566713076641
166,166,9,4186.517012850634,4104.912244517554,2822.425670757422,1974.5849959413451,2632.2163866147393,2164.46567388878,0.9805077184488701,0.6741703573863203,1.33304790223015,1.0961623218740773
167,167,52,46261.24015050582,47751.13849745904,39314.600678376024,23994.525087807528,30842.168396499677,27250.991791703073,1.03220619123279,0.8498388834901599,1.2853835732790428,1.1357170726229657
168,168,9,7302.397856151886,7414.978868480664,5150.18545959837,3913.9202736471425,4681.530873249142,3929.284438776877,1.0154169924107783,0.7052731939632143,1.196123207917751,1.0039255181647881
169,169,18,10983.144791623907,12749.130140785794,7200.079401501665,5850.092802519405,8073.300597753225,5798.629895071205,1.1607905005958479,0.6555571776666983,1.3800294918870981,0.9912030613555332
170,170,12,5911.9576490742065,6608.517945062085,3980.0145324879886,3279.944765707211,4213.437583028483,3411.8520554819415,1.117822274335297,0.6732143172763164,1.2846062613862326,1.0402163143580527
171,171,18,24229.01171230724,18343.273072129832,13054.571341796374,11305.033868477129,11726.32899124028,9690.656002163887,0.7570788808861023,0.5387991675766636,1.03726615308406,0.8571983166883949
172,172,24,8017.448492199703,8535.837391625562,6195.528234143818,4188.00116940295,5448.292077695422,4455.562766196544,1.0646575902458504,0.772755601756786,1.3009289771693502,1.063887660478313
173,173,11,3602.9265235251955,3028.67556871875,2294.204763486841,1495.9964973069152,1965.495528930469,1655.793463898011,0.8406154133155667,0.6367614628016706,1.3138369858945147,1.1068164042354118
174,174,29,15648.729346587941,14785.228277509135,8809.529088812033,7197.627943572228,9575.320866585518,6933.24702447539,0.9448197326470418,0.5629549143383241,1.3303439607678895,0.963268326569597
175,175,15,5555.145361682801,5973.003486077906,3874.6341239812136,2622.7562013037,3829.8246875985838,2983.2194240585977,1.0752200162532786,0.6974856410971546,1.4602290085883252,1.1374368012458502
176,176,15,3946.5677905039065,3940.1218581411126,2667.551893568774,1744.6482152910767,2556.982403109583,1998.4779080837725,0.9983666991915598,0.6759169068341723,1.4656148905542983,1.145490472272857
177,177,4,8038.177581915832,7519.037759994946,4728.117916736388,4455.968330798871,4721.1243454519445,3693.056309199333,0.9354157311616456,0.5882076961541177,1.059505812198072,0.828788724478488
178,178,9,4571.590755160657,4829.132774015038,3161.27813574165,2502.665151336917,3066.159224158913,2538.4391433271435,1.0563353179773702,0.6915050591903988,1.2251575975000006,1.0142943581450024
179,179,8,3947.275135260523,3569.3624421253908,2477.0879306664065,1791.1952095580812,2290.0533745328753,1898.940887928009,0.9042598551696372,0.6275437728013649,1.2785057498550765,1.0601529513896537
180,180,10,11698.108654263233,11729.667637536302,7936.863768239221,6252.883495214701,7403.923333197787,6263.0203140974045,1.0026977851040533,0.6784741023367677,1.1840814464021232,1.0016211430918969
181,181,8,19848.995702016164,17008.82129629697,11180.485109645557,10558.840353134396,10687.537043383883,8386.905600452423,0.8569109264590801,0.5632771187768406,1.0121885250600728,0.7943017717814785
182,182,16,19469.05657664575,16721.974987571415,9859.784154180847,9458.873335743443,10673.641273183488,8159.830485463142,0.8589001178223696,0.506433586823525,1.1284262823194435,0.8626641034116143
183,183,7,7470.670122370764,7210.069560379955,4544.873835709998,4136.095143722281,4574.588459671842,3856.2507959604263,0.9651168425693907,0.6083622702199726,1.1060162546345438,0.932340930748027
184,184,14,18077.026225416637,17582.890036956273,12213.058262177768,8663.649459982162,11087.627571688598,9072.022460834074,0.9726649625719079,0.6756121338700045,1.2797871870166162,1.047136371657026
185,185,10,8842.540809450671,7819.080680382447,5450.5457905654785,4176.750842630722,5001.924800079856,4173.686255845049,0.8842572343036995,0.6164004111510666,1.1975636059079355,0.9992662749344793
186,186,11,7554.7390239960205,7080.694164725707,5192.477841657592,4004.1272899139917,4474.466799377371,3856.53404392254,0.9372519874260897,0.6873139926031583,1.1174636757048455,0.9631397217657829
187,187,8,11525.328942407605,8935.265563584033,6971.770329404456,5534.72709087279,5706.101368151025,5330.61371607696,0.7752720645314167,0.6049085769475726,1.0309634557340406,0.9631213298425448
188,188,11,3176.8890878737307,3464.805769181812,2182.2700890577394,1541.4248965001723,2222.703439480929,1703.7670774880705,1.090628496414013,0.686920452271224,1.4419797192374468,1.105319552938647
189,189,3,2020.715393549292,2712.105902610376,1771.9118404303954,1118.1483180109467,1685.0633587783807,1270.8853859901428,1.342151354549088,0.8768735300809062,1.5070123807688667,1.1365982182497016
190,190,12,4513.184309821216,3974.3564375415285,2889.132454703735,1918.8115777324722,2579.231956510051,2110.750780011487,0.8806102664349127,0.6401538816876248,1.3441819855798562,1.1000302502374082
191,191,25,11544.75644682566,12193.035800814137,7697.4448627073725,5537.734228457936,7849.07560752905,5999.711410653434,1.0561535756058957,0.6667481378374038,1.4173803371048994,1.0834235019480416
192,192,24,3866.9679386244266,4775.689694461842,3102.391149871692,1952.7907284281243,3080.990971663962,2395.572047488606,1.2349959374529156,0.8022800289819023,1.577737402585872,1.2267428417262578
193,193,77,51652.93147474433,56586.1929093609,48878.60597100771,27234.41969351937,36688.55939260479,33202.39602913687,1.0955078694232232,0.946289098710823,1.3471393848474438,1.2191335964848051
194,194,23,33592.55687424602,33808.177586695,25775.028411193034,17183.996510776356,21075.79798130462,17839.429538677294,1.006418704990399,0.7672839107687468,1.2264782507426402,1.0381420601133098
195,195,15,21495.91596310395,22041.374969169705,15322.557964858723,11328.242918890763,13802.326344818344,10870.85773344627,1.025375006443177,0.7128125170920229,1.2183995738475777,0.9596243487432843
196,196,8,2048.1515859022707,1754.5007116993895,1339.2681452681152,853.5424747969666,1138.5873967921043,969.1360149383545,0.8566263961006971,0.6538911252890144,1.333955169674411,1.13542798812547
197,197,2,2035.8687032894532,1346.990203126123,1318.454882549707,782.546787470398,874.1757170064537,888.8150978088379,0.6616292106410029,0.647612923377335,1.117090672408545,1.1357980277217095
198,198,7,5478.966915543177,6863.909908619555,4307.615232496277,3055.2044562664614,4300.884827863514,3448.9540238209647,1.2527744763611293,0.7862093892693686,1.4077240621465008,1.1288783036260936
199,199,13,21034.128452980127,18290.25979160195,12345.244002369447,11131.197629310098,11656.666749800142,9868.266744885146,0.8695515876727746,0.5869149287533407,1.0472068808756396,0.8865413294702928
200,200,50,17460.520548170167,20208.392615775774,13525.093768703797,8969.787446999784,13089.781198361268,10346.381173727188,1.1573762970024155,0.7746099969580348,1.4593189945364358,1.153470049860306
201,201,3,3642.006780065405,4202.027600434595,3267.3993119837405,1939.7279757933627,2608.1563250997738,2359.448899745941,1.1537670998951663,0.8971425670781049,1.3445990147319595,1.2163813324293111
202,202,33,16366.20445756113,15960.043441517455,9421.512431276698,7573.457378028241,10320.982762406344,7405.784831850173,0.9751829437853545,0.5756687481026789,1.3627835012776457,0.977860501774987
203,203,14,34006.62789603501,24408.680860611134,18943.653867299123,17343.55754941765,15405.327080245672,13222.710680654254,0.7177624589898564,0.5570576984349528,0.8882449310846806,0.7623989855010017
204,204,14,4994.622499426135,4678.764884207544,3373.98571688219,2460.2273730155325,2995.5131925876935,2488.634612485948,0.9367604628267939,0.6755236691601516,1.2175757515111516,1.0115465910923493
205,205,11,7264.596176330822,7087.516645966699,4371.498470446802,3656.2001914742764,4509.05591146141,3560.4295814037323,0.9756243119278845,0.6017538159505438,1.2332628618027721,0.9738059720324213
206,206,16,10755.079000102223,10043.17355826709,6250.053798153076,5011.248964158771,6440.9078827771145,4924.167660947945,0.9338075116111777,0.5811257916463163,1.2852899404606488,0.9826228343804817
207,207,12,32314.78345920118,33079.580756479365,29310.20757530577,17172.557681399867,21263.11410080948,21364.85738503933,1.0236671026511373,0.9070216302798743,1.2382030967839008,1.244127856864343
208,208,10,7508.286283952601,8430.11292634436,5343.841366115417,4215.929396233859,5302.11216509902,4298.107966084941,1.1227745729890417,0.7117258404939575,1.2576377986394793,1.0194923970796317
209,209,3,13279.34288150542,14834.701318421558,12952.427626574194,6813.525068033042,8998.077785101863,8382.578786373138,1.1171261598405098,0.9753816692702068,1.32062004546194,1.2302851611571244
210,210,42,37065.87530511969,36268.60559576476,29997.2057448424,18517.16738862117,23514.573494971,22395.04448767093,0.9784904658856173,0.8092944115823716,1.269879620433779,1.2094206428912406
211,211,10,26392.13800743523,27868.093724581253,22610.464109686516,13384.604819954802,17192.03708890876,14520.11445593834,1.0559240678693864,0.8567121050714672,1.284463554970076,1.0848369937893596
212,212,13,2626.3935265809696,3058.185779001758,1985.8353451786868,1307.076578176138,1966.6429433023552,1554.5955362594582,1.1644050093981515,0.7561073103023677,1.50461187671694,1.1893683677116318
213,213,9,4547.695291122766,4828.111480022168,3337.637105713391,2322.788973768637,3085.0352917251284,2709.549313094751,1.0616611648205152,0.7339183678881379,1.3281599519218381,1.1665068775914715
214,214,9,3698.753665692212,3157.7419677491944,2393.1011147986815,1547.3730640116578,2049.280500648427,1731.6468087464868,0.8537313520061713,0.647002025843432,1.324360975584998,1.1190881171584364
215,215,8,5466.003713711891,4707.8277810173095,4122.489706216773,2161.0192501582337,3055.296600886634,2823.813070541606,0.8612924592801431,0.754205434561852,1.4138220197080242,1.3067042648207976
216,216,16,5308.32705331836,5222.703458823463,3418.5306887998536,2389.532944078019,3369.855213612227,2607.889073486808,0.9838699474175442,0.6439939842558965,1.4102568545722465,1.091380254852707
217,217,15,3654.5201366139645,3693.868330093115,2592.995683797412,1622.0869976766076,2397.1638699488312,1913.564239132738,1.0107669932051895,0.709531097617623,1.477826943550132,1.1796927303366758
218,218,7,10066.613913231053,10099.605702729197,7033.584649183813,5416.476627369344,6327.261419714795,5101.577485322952,1.0032773472572323,0.6987041233337877,1.1681507841727359,0.9418627340778666
219,219,19,6113.753050210499,6105.659769599438,4086.536659907105,2870.617066515499,3937.7901156612043,3124.631808293761,0.9986762172850958,0.668417030643134,1.3717573693801988,1.0884878532707247
220,220,54,21163.655731062507,22270.192604936965,14992.958608601903,10527.713392835738,14374.078190740896,11271.583271571286,1.052284770076389,0.7084295265017142,1.3653561466179984,1.0706582570192082
221,221,41,10027.786912000938,12987.46455059309,8486.653835360521,5309.767259938001,8348.262218557627,6550.415434414402,1.2951476397100243,0.8463137389969827,1.5722463546651015,1.2336539651816842
222,222,7,4335.853823287195,5598.6111956543455,3104.5731745345824,2490.6668219772064,3543.8954994391097,2672.6264805868373,1.2912361495180205,0.7160234871988543,1.4228701599782028,1.0730566035585534
223,223,18,43431.27349370573,30930.178306760987,24370.12369769086,22737.653618054672,19752.49594391857,17309.230194619755,0.7121637432815212,0.5611192520344285,0.8687130288691811,0.7612584167820854
224,224,30,7928.0881198488505,8607.298511466652,6028.0385388484365,3835.348129573949,5553.845643883549,4430.478036541949,1.0856713978641739,0.7603394977102451,1.4480681951811505,1.1551697230243636
225,225,9,3973.2333512671876,3676.7329956489502,2648.1286986942628,1878.9397852404786,2370.5967935387202,2048.6574432876723,0.9253755494819669,0.6664921147532632,1.2616672509466909,1.0903262889957233
226,226,8,38132.70294879393,39005.297276935016,35821.305513162995,20647.72919622406,25185.15096358606,26999.316053326722,1.0228830966772233,0.9393854288605041,1.219754033203408,1.3076167261174756
227,227,15,5460.058072859961,7506.070653287817,4162.989061319994,3175.990678609059,4745.380684983651,3538.322554780011,1.3747235932522164,0.7624440996356352,1.4941418804988162,1.114084678715001
228,228,10,13122.689932979407,13598.490201733202,8645.215601493775,7317.188765283233,8564.6859162731,6964.798634211892,1.0362578306112402,0.6587990454431887,1.1704885839365904,0.9518407762359127
229,229,18,3654.131891514502,4195.950127898608,2724.0040472093506,1837.479771909311,2692.564942477151,2129.4780704962945,1.1482755008494077,0.7454586008608332,1.4653575966604124,1.158912388071391
230,230,7,3672.096911832715,4316.487512380518,2854.8137219628293,1972.7559911701783,2715.5450107063375,2064.037035670652,1.1754830049477623,0.777434199180221,1.3765235147482986,1.0462708236137854
231,231,68,21374.052023588003,26148.049437297574,17932.708469723755,11083.137935660288,16894.257316792267,13316.363236671612,1.2233548139791686,0.8389943305992497,1.524320766814112,1.20149756449623
232,232,7,10717.212462367504,9978.509918161986,6845.076528618518,5950.727988182301,6308.434704851768,5454.268877983093,0.9310732574538945,0.6386993402113066,1.0601114212210416,0.9165717016161489
233,233,9,23253.25541635804,25242.871987203194,21336.822373587824,11708.315591133758,15449.963525300454,13697.312011420727,1.0855629259310295,0.9175843120261752,1.3195718380703794,1.1698789552438402
234,234,16,15608.596967542335,14347.066955561517,8447.142080766358,7362.247904633426,9188.85028934247,6817.757766917261,0.9191772319700395,0.5411852262142438,1.2481038954908694,0.9260429498205989
235,235,12,12996.579605294204,11058.333119928417,8785.098311986709,6761.357700774461,6991.549530069332,6129.072258319745,0.8508648779732603,0.6759546418203807,1.0340452080014202,0.9064854322997447
236,236,10,2591.9410790318484,2606.561878803003,1744.9833543586792,1164.487756365616,1682.0310984594107,1333.6925372386415,1.005640868879865,0.6732341905744524,1.4444386291437321,1.1453040445879108
237,237,29,5971.960279339015,6452.516467340111,4288.026883601318,2787.5121458657172,4187.380321929331,3192.3193353161696,1.0804687515527625,0.7180266919116085,1.502192673183441,1.1452216773479678
238,238,7,3667.1152483937985,3800.117064683667,2552.6406888526126,1970.800263188672,2407.6373432430523,2070.9066781142683,1.0362687854842096,0.6960895733971472,1.2216546690264778,1.0507948049304745
239,239,10,31304.484777427922,30725.32164527644,27964.384283470336,16135.879015653834,19867.130901356464,18826.335441411655,0.9814990364393702,0.8933028121144494,1.2312394560025424,1.166737518492035
240,240,7,5150.860080903594,6736.776726392334,3876.755633406836,2955.492204920158,4225.103025446363,3117.7057564258575,1.3078935596345163,0.7526423883614312,1.4295767785861926,1.0548854607823543
241,241,19,8517.823585977882,8215.924950173803,5955.635773792406,4512.426760744467,5217.4224116925125,4394.299290352661,0.9645568339427613,0.6991968915154134,1.1562342589316028,0.9738217423450619
242,242,15,6368.861639718322,7364.0132792645745,4384.61449579325,3251.2913264012236,4690.167036009893,3494.0901677935803,1.1562526705463592,0.6884455564946407,1.4425551466042652,1.0746776640471356
243,243,27,27825.427983193,27689.255761715773,23795.920316107582,14529.031830744803,17830.422886904245,16104.850385791771,0.9951061948962842,0.8551861387533983,1.227227188612347,1.1084599836661095
244,244,23,18258.460220174133,17678.906831506127,10342.92008312577,8741.125745915937,11274.851081021165,8300.835420776537,0.9682583645236609,0.5664727451495429,1.2898625884988606,0.949630020441576
245,245,18,15530.052772279194,15908.167325156906,10581.172531458742,8217.155117815455,10040.348135512613,7921.665477203537,1.0243472806192029,0.6813352592301493,1.2218764270062674,0.9640399096310994
246,246,15,17443.15441294625,15840.645711871095,11147.131879557626,9173.593022707146,10019.659910236547,8258.326524871169,0.9081296499969193,0.6390548186218121,1.0922285178157736,0.9002281335600519
247,247,6,5469.4944163114515,3841.847790065747,3336.766373635669,2160.935635346167,2493.2964677334694,2308.410308922714,0.7024136963387988,0.6100685218152094,1.153804133242525,1.068245750203903
248,248,17,7868.497726539087,6964.892795871582,4766.732617872705,3528.8204950096133,4480.842236951661,3616.960876896913,0.8851616964163564,0.6057995799878466,1.2697846896118343,1.0249772925576537
249,249,17,15086.58888283374,13155.020875831862,9129.924261923095,7117.835649155815,8440.402251435022,7157.256518381228,0.8719678767677093,0.6051682280751729,1.185810219211238,1.0055383224857246
250,250,4,13834.725061820984,15827.729348849538,13764.241337776184,7067.331976524234,9597.71996031489,8808.093968987465,1.1440581058259374,0.994905303594409,1.3580400626708806,1.2463110546165896
251,251,21,17470.967795586494,15557.629111726934,9394.280247667315,7982.998736289676,9984.40561212792,7164.852249014398,0.8904846768509924,0.5377080627462717,1.2507086549744908,0.8975138899175706
252,252,17,4249.534700921167,4010.2275006691652,2908.408938815454,1851.5870843120688,2602.4600826046876,2124.658599782813,0.9436862581213591,0.6844064452950581,1.4055293994295683,1.1474797041869624
253,253,17,5731.577201128466,5546.994879408155,3497.5399794278073,2543.2958033000186,3599.8220880206914,2680.5352189681566,0.9677955447090603,0.6102229555137444,1.415416202609933,1.0539612480349572
254,254,8,9030.376271777062,6570.303480219946,5260.5562245439205,3767.6933961913405,4233.259635434797,3778.7461641213335,0.7275780413219697,0.5825400920429986,1.1235679738999158,1.0029335635275327
255,255,31,27550.214142966553,29724.5271971989,26001.826436715703,14547.51038566706,19210.25440779377,17625.63152860557,1.078921820460239,0.9437976163010643,1.3205183497734898,1.2115909225245325
256,256,4,3567.79167940871,4496.170283636157,2741.939367136066,1959.709314875014,2808.7661041104147,2038.2380821108818,1.2602109897799043,0.7685256353281499,1.4332564951295095,1.0400716405437285
257,257,37,9779.372106113122,11588.276758015243,7662.371622854344,4952.192135838857,7491.461563263869,5883.093042673827,1.184971451364589,0.7835238847353572,1.5127566454961228,1.187977542328794
258,258,13,5909.418012057825,5290.573905744946,3584.4038072441285,2668.33273345126,3415.167722511718,2761.6542456033185,0.8952783328154883,0.6065578369867152,1.2798882537015879,1.0349737163518415
259,259,36,7570.062689591272,8785.503796705932,5899.670399017603,3683.3516532379617,5689.757306422225,4409.89492779426,1.160558922290812,0.7793423437733964,1.54472280739757,1.1972505866817273
260,260,41,21987.837584990564,22826.47064406897,15890.114524625164,11675.598217824228,14594.158966050863,12069.62513387826,1.0381407701342527,0.7226774558073025,1.2499709816813578,1.033747899568221
261,261,11,7401.273693938197,8021.542527250611,5217.984034741102,3863.1227248131336,5069.419470883187,3921.2345397348745,1.0838056879075324,0.7050116305001318,1.312259493679017,1.0150427048430235
262,262,11,15413.235478636656,15010.274362727956,10124.793130790218,8331.23110696405,9476.264369327182,7685.655403473786,0.97385616300567,0.6568895378795435,1.137438662745294,0.9225113677436425
263,263,9,5240.94944353092,7027.413374906274,3854.4213745816282,3107.090246433282,4427.132295921057,3359.755966263672,1.3408664690670593,0.7354433421103251,1.4248483129845004,1.0813190798434105
264,264,10,18086.45196494228,16975.981043847656,12036.598730164947,9563.183348048555,10641.468695202786,8396.289211928844,0.938602058422122,0.6655035909473006,1.1127538088427704,0.8779805747049884
265,265,16,6046.848427482764,6533.369078275854,4467.906176693604,2953.724708115897,4167.601787038362,3349.0727986568613,1.0804585490487684,0.7388817878065357,1.4109648660171736,1.1338473045421849
266,266,11,27748.75489525959,19424.218599094143,15286.711882726018,14529.797950134576,12273.902651155255,10722.005220990353,0.700003249602109,0.5508972182869905,0.8447400778234203,0.7379321624283871
267,267,8,2629.890239853161,2710.157775409448,1782.8330442833008,1285.0324045207428,1732.335429922271,1410.204312801361,1.030521249267334,0.6779115786911489,1.348086961720122,1.0974075889761719
268,268,2,733.538945051416,1041.1316406841554,681.8317688185059,442.0288979522858,654.8202618116985,565.8722867965698,1.4193270142066952,0.9295099781930654,1.4813969512970218,1.280170345011362
269,269,2,722.083086622461,1042.189744738208,673.6647403913819,434.50199336465454,654.6734118889239,559.9358170032501,1.443310006903837,0.9329462950620327,1.5067213082714008,1.2886841155026085
270,270,15,12964.735332542346,12695.433388009178,8266.377643117201,6678.138812457644,8050.9661833056725,6408.007872653007,0.9792281186136362,0.637604812677359,1.2055703556636328,0.9595499663318281
271,271,11,3423.959036114233,3215.0805041849367,2394.9666557343508,1476.5013738665953,2086.4723334400246,1736.334371109976,0.9389950260134106,0.6994729289905114,1.4131191276687165,1.1759788387889825
272,272,19,16974.98088241698,12151.002417317231,8319.377727514831,6995.154032845738,7877.098682023906,6201.525292137964,0.7158183270711944,0.4900964416479671,1.1260793750983893,0.8865459235091478
273,273,38,15521.254144150284,19148.085330775244,12998.766964498998,7957.181427471151,12351.457954222113,9692.095210846495,1.2336686940978836,0.8374817423756977,1.5522403336915611,1.2180311959943222
274,274,5,1951.7988991660889,1573.1814753712404,1315.268694277173,791.3539505994567,1020.9425333895349,926.1175148487091,0.8060161710529636,0.6738751081574669,1.2901212316134432,1.170294928264613
275,275,11,11460.958378917418,11714.166355315501,7594.379623930383,6155.949732200693,7405.908132162924,5855.948320746422,1.0220930892536757,0.662630416484222,1.2030488315107444,0.9512664293074038
276,276,15,5103.301207514453,5448.422689791113,3414.6511432807124,2508.969324726655,3491.0392045268463,2712.194373746583,1.0676271041514225,0.6691063302814155,1.3914236296640194,1.080999415583556
277,277,24,10095.191122678807,10940.646632152053,8770.518337744594,5272.584626710502,7065.677407173009,6202.260696069681,1.0837483410862756,0.8687818022624315,1.340078520765478,1.1763226453776603
278,278,8,21141.708839444796,26347.308067800466,20577.155752839444,10941.92713323348,16161.045537126942,13423.810959219933,1.2462241471532995,0.9732967145232817,1.4769834728693854,1.226823282203034
279,279,33,26977.213178954524,27758.316544028166,17406.09461577516,14030.54389276439,17666.917603992133,13340.92445282987,1.0289541903343447,0.6452147039915157,1.2591755343927213,0.9508487022880018
280,280,24,8259.608685422776,7683.463900400877,5099.105546796314,3627.0768700371736,4986.317363112169,3804.9409217027387,0.930245510778407,0.6173543736757926,1.374748190286098,1.049037850048031
281,281,33,15168.708759993324,16221.029722461035,10184.21337148622,7952.686595588017,10391.499771664778,8072.066634142056,1.0693744589020755,0.671396196777576,1.30666531954494,1.0150112841892032
282,282,16,9647.196756262914,10514.93485613972,6382.065394382007,4791.156532985426,6691.410780489918,5082.6359162170365,1.089947175516398,0.6615461004502474,1.3966170243910652,1.060836956844319
283,283,10,19210.068348406996,21670.487314650294,17285.021103019848,10037.517086161051,13291.712184011654,11737.448061811505,1.1280796570641733,0.899789672245139,1.3242031938692522,1.1693577167598734
284,284,5,1128.6058383070313,1078.1686184088867,846.3571867352539,484.9269332958985,699.6792060641675,612.4172522480957,0.9553101550725601,0.7499138831364143,1.4428549086945206,1.2629062446288246
285,285,25,14123.87241234303,15200.068902460473,9146.680952190358,7364.68112741128,9703.279069897211,7440.462383291608,1.0761969847006647,0.6476043315285799,1.317542321524511,1.010289821727416
286,286,13,16457.401707799338,18387.024856990432,12443.602316277227,8841.483189252935,11470.136203585349,8881.960898672529,1.1172495624431786,0.7561097758451185,1.2973090552869697,1.0045781582742583
287,287,11,7171.033656071265,6417.018276442431,4447.442957458984,3197.572564338763,4115.814178670385,3345.0874329995495,0.894852622956182,0.6201955214216033,1.2871683428149217,1.0461333920318057
288,288,11,8955.127969239724,8701.6046548198,5818.098048690991,4777.107488970166,5545.8493344334165,4801.888849592148,0.9716895933491112,0.649694573732031,1.160922032262869,1.0051875241826147
289,289,58,19876.483195129786,21111.35122029156,14185.49133714236,9551.223237455428,13686.769364027978,10555.890100358758,1.0621270882297904,0.7136821538237783,1.432986019042553,1.10518724543716
290,290,16,3244.3716866053464,3490.6015575751953,2256.1170704656984,1525.622212959024,2255.755155036054,1745.7084679284533,1.0758944704105355,0.6953941435811014,1.4785804348383857,1.1442599964132407
291,291,31,5939.096794902405,7171.86761443274,4483.215226976319,2941.184219656487,4635.749655193259,3477.983876987549,1.2075687368133883,0.754864818977915,1.57615073010785,1.1825114026328338
292,292,11,13541.418289390273,11896.420214463795,7963.172622623475,6813.298112707993,7594.387488203769,6487.1087692976,0.8785209909500147,0.5880604566260712,1.1146418903994393,0.9521246042644174
293,293,24,5245.73440663612,6265.328447832666,4199.241961338331,2619.5002568387026,4050.294728464534,3181.7732846546533,1.1943663102551871,0.8005060179993246,1.5462089449659226,1.2146489683854889
294,294,8,3090.295235915808,3095.890951803442,2142.5633983754515,1423.2574991004974,1985.1727815362615,1615.718610882759,1.001810738282414,0.6933199693913722,1.3948092898093958,1.1352257844444154
295,295,4,1695.6692810582763,1442.0844601298095,1214.2950905675536,694.0523103146362,935.8710136994464,855.440512418747,0.8504514861705798,0.7161155209521196,1.3484156738491166,1.2325303146544506
296,296,11,7698.396006061414,8523.301706727223,5194.285357460339,4313.505900307693,5401.411208587427,4428.073505997658,1.1071529315998179,0.6747230661257959,1.2522090692404364,1.0265602060917065
297,297,26,22178.758089763738,19398.837862282613,11961.52285790292,10759.422363489997,12470.481626399423,9602.16656223561,0.8746584359579559,0.5393233836399333,1.1590289148528616,0.892442571528625
298,298,1,370.46360969543457,605.3516489957276,370.46360969543457,221.69586849212646,375.8710022747406,305.1592547893524,1.634038089445274,1.0,1.6954353043709953,1.3764769585689873
299,299,98,20388.253657413716,25752.487773963643,19889.44543931628,10814.088198806294,16704.85878184706,13980.534602736829,1.2631041484320236,0.9755345295149369,1.544731139116381,1.2928075253057452
300,300,48,16984.350443238225,21296.728805663988,14643.31825532328,8671.666684403792,13769.232152424602,10808.435276326585,1.25390304897663,0.8621653388665828,1.5878414904010216,1.2464080631426742
301,301,6,8713.43016614917,10508.70430217566,6428.62411257334,5040.066241753046,6590.442245121116,5327.8223559856415,1.2060352928518272,0.7377833975818067,1.3076102433980739,1.0570937167152208
302,302,27,17246.35948137488,17245.04829257417,9689.47206379435,8476.987623301693,11078.306190258281,7926.555492687788,0.999923973009949,0.5618270959884866,1.3068682747401963,0.9350674844562864
303,303,24,15651.23374333398,13543.45818701364,7940.228094909057,6976.8908230923635,8757.85690370117,6315.983831542532,0.8653284724459461,0.5073228235627675,1.255266439703213,0.9052719888689762
304,304,5,5018.3456912570555,5014.659312526392,3284.5800436216673,2555.266359905762,3172.3714938769767,2611.3592351675034,0.9992654195311642,0.6545145045196968,1.2415032513455755,1.0219518701227728
305,305,7,9765.31437508985,10817.01810890044,7184.685476454749,5202.438805365282,6750.288177743182,4982.637858510017,1.1076978879956347,0.735735195047281,1.2975238018718454,0.9577504022481564
306,306,26,5342.198030263111,6787.146167460963,4171.810029945996,2867.958656132628,4343.848053792461,3307.255785734707,1.270478205602327,0.780916395519791,1.5146132056345725,1.1531741500745551
307,307,14,9065.53151846033,10525.687025802492,7919.522171779114,4677.042528977116,6553.047767081012,5531.4031930019955,1.1610667288916063,0.8735860832486685,1.4011092964156102,1.1826711343186633
308,308,5,5409.209959113641,5883.281193916846,4104.042231708856,2827.527185161839,3675.748256746733,2796.6744317412376,1.0876414926369187,0.7587137978983808,1.2999868846659186,0.989088432612599
309,309,19,9127.662707774683,9516.030617102051,5599.526231760938,4586.094703557441,6101.5770718290705,4585.6785824726485,1.0425484509847813,0.6134676982521956,1.330451607790844,0.9999092646114636
310,310,7,4470.708511934693,3317.444511738452,2722.969959368164,1783.7742912088013,2152.9483177774555,1914.7756009101868,0.7420399927399499,0.609068999264683,1.2069622980822747,1.0734405189866316
311,311,13,28016.710349656714,23766.83373325659,15938.475846405701,15039.957064050048,14995.816041588352,12175.132026553154,0.8483092210555621,0.5688917666452941,0.9970650832130894,0.8095190680866586
312,312,18,34013.99857178464,32719.894748123465,27351.9582846486,17960.82415723999,21069.37882930655,22060.31292362912,0.9619537873228857,0.8041382793300182,1.173074166577902,1.228246138957751
313,313,16,10827.345168291788,11956.551281707909,6984.901133948608,5979.8408403574,7584.255738701698,5941.023073196411,1.1042920582898785,0.6451166953099551,1.2683039467398944,0.9935085618167273
314,314,33,15103.397055250167,17028.24611874814,11473.358813161034,8048.118031194341,10861.741293002047,8757.361296032383,1.127444776592751,0.7596541871467732,1.3496001488673701,1.0881253557774662
315,315,26,15422.75297057689,14454.403353946607,8764.693489637537,7192.218544154639,9319.787173130286,6849.052780429419,0.9372129205157034,0.5682963026353713,1.2958153476446839,0.9522865216597008
316,316,26,46389.30601012776,47428.99413875317,44157.3101549572,24494.544475394472,30687.367700641338,29422.635534160872,1.0224122371737665,0.951885551926919,1.2528245924911054,1.2011913740105198
317,317,24,6200.315003402843,7303.083526744872,4303.3983539333985,3134.973260320384,4680.713547007098,3472.7303260563044,1.17785685448833,0.6940612455289153,1.4930633081472422,1.1077384199766358
318,318,8,3937.0175824082157,3744.844170390039,2625.725837718274,1950.1342335132538,2378.8232373096275,1928.8001626729965,0.9511880737142588,0.6669327181699188,1.2198253824938354,0.9890602039215408
319,319,15,13753.685901577668,16281.938762664602,11409.793584036299,7055.504618059209,10146.974240779778,7871.26320846489,1.1838236585580977,0.8295807877019713,1.4381642122106575,1.1156201624923712
320,320,14,13461.154417105075,13427.838195153416,9202.719067872833,6993.32873395353,8477.554054811062,6808.3814223144855,0.9975250100459939,0.6836500631906389,1.212234456197007,0.973553751199897
321,321,24,19464.776274580177,17444.432967151024,12896.30712271244,9859.080555076182,11055.803227813336,9234.93770567607,0.8962051616248167,0.6625458695641028,1.121382786767169,0.9366936048535726
322,322,5,8027.856929924041,9067.130451815065,6018.403589270404,4222.011084547164,5646.997763447909,4093.025269806385,1.1294584010356619,0.7496899411394157,1.3375137228124032,0.969449200355519
323,323,29,21727.029357852913,21824.817192894618,12734.965877582403,11279.443864944527,13978.33042441075,10606.95815387198,1.0045007457499642,0.5861347019803026,1.2392747897663743,0.9403795329694781
324,324,25,24698.92377924793,20634.62611468288,13286.130259026928,11526.83828285811,13217.615266889668,9855.320928952235,0.835446365967578,0.5379234487208691,1.1466817649854566,0.8549890860886252
325,325,24,16648.87372449794,14587.49676837807,9055.904090162978,7409.302755976599,9408.408289350917,7001.571191674483,0.8761852008591632,0.5439349375830567,1.269810210112115,0.9449703193767828
326,326,3,4905.375347730193,6212.064566577612,4183.644369266125,2570.7181722412856,3845.3078132703317,2808.4745713472366,1.2663790487413054,0.8528693673159942,1.4958107251086932,1.0924863727472167
327,327,12,12687.612354018844,12380.090127662035,8446.198393443183,6969.759409643726,7832.809846600619,6655.358729685893,0.9757620096062125,0.665704323064995,1.1238278663913033,0.9548907413471387
328,328,2,4572.945887869459,5188.5651496104,2955.134516684155,2693.263810321778,3258.2279628763104,2656.5503487586975,1.134622030707597,0.6462211863304939,1.209769332803322,0.9863684123989718
329,329,36,25330.695375938758,24971.610836873908,16148.797461270751,13141.04822976878,16016.740505524473,12489.492469846049,0.9858241341686206,0.6375189161451228,1.218832792139162,0.9504182810586796
330,330,12,18218.544232724842,20686.622892245705,13041.370362463256,9806.297247542265,12927.17166736911,10377.347314119339,1.135470684594415,0.7158294425653313,1.3182520722191065,1.0582329958150305
331,331,4,2642.8526661359742,2698.5351076059815,1955.057938984265,1360.5948008757478,1699.1098854748714,1387.1457660154824,1.0210690675963479,0.7397529056520163,1.2487993371584531,1.0195142338649574
332,332,15,19948.962206785865,15257.239789906838,10143.60772272367,9376.089243868626,9793.209725114957,8050.189358296575,0.7648137096934754,0.5084779657998052,1.0444876824865017,0.8585871090722492
333,333,9,7559.235647958538,7763.428981149073,5039.593160229346,3754.6342536056295,4918.78039120221,3679.8741221311047,1.0270124312430555,0.6666802564344384,1.3100558027665767,0.9800885715026086
334,334,12,21672.13495043762,18397.81760832971,13892.330797599634,11320.446268920672,11522.122979473275,9509.505455060786,0.848915792117574,0.6410227155455726,1.0178152614977989,0.8400292028387899
335,335,7,5018.714730944103,5768.122461861132,3127.0945344624515,2669.5240020310885,3689.165969677007,2626.4279932808745,1.14932263957869,0.6230867268030978,1.3819564712173897,0.9838562947111827
336,336,12,9014.04198517472,9060.584219352297,5915.465736955835,4516.038175799407,5847.660774932849,4610.4451149853185,1.0051633034607699,0.6562500759021233,1.2948652219703,1.0209048142444455
337,337,2,12820.020318031311,13965.41497715166,12820.020318031311,6464.482540189172,8440.858247436374,8076.500674843788,1.0893442155867223,1.0,1.305728369588785,1.2493653783783665
338,338,18,4905.337471144262,5294.203554820678,3517.4227091861817,2455.429420456143,3397.869194204648,2741.2809029621694,1.079274073591048,0.7170602899142996,1.383818718590343,1.1164160859703816
339,339,14,3539.936937038135,3665.4071600948,2532.304698120923,1626.175823031534,2363.795882887071,1887.6685497233993,1.0354441972521822,0.7153530537862356,1.4535918253171776,1.160802247203742
340,340,7,15247.90752542152,16645.83291066836,14480.658088069873,7799.6349971216405,10161.534421744414,9528.641466617584,1.0916798178973868,0.9496816572324774,1.3028217891599292,1.2216778695585129
341,341,14,30882.60384800553,25445.874304588135,18690.639483440973,16134.133378466611,15989.03405145046,12930.558737393689,0.8239549498424658,0.6052157899453824,0.9910066860355942,0.8014411703482899
342,342,17,19123.413422947284,15367.901057595798,10225.487281075873,8376.866357692285,9823.999036026524,7330.955302838988,0.8036170487824611,0.5347103602752071,1.1727534637108505,0.8751429221629088
343,343,6,15969.436988216541,19662.64654871138,11459.89465713501,9634.878532658588,12208.575250190974,9424.918862342834,1.2312673617247725,0.7176141942631408,1.2671229023602664,0.9782083739193941
344,344,5,7384.307177163941,8474.083587404833,5160.478059426697,4317.047104914495,5310.118807391777,4156.441427111626,1.1475800483505127,0.6988439044607377,1.2300349471162306,0.9627973302352811
345,345,12,9130.935073149492,9498.554238371704,6154.976156481037,4989.284076606921,6005.480752278376,4795.870148122396,1.0402608453873727,0.6740795008586157,1.20367585009562,0.9612341318885051
346,346,14,6265.507070961537,6703.110572575343,4543.237267210535,3156.1424939530257,4249.728524284994,3247.3561504186478,1.0698432699313274,0.7251188476455277,1.346494504740268,1.0289003606904257
347,347,8,5894.259204565906,5870.685799155687,4033.472008475293,2824.6218256506563,3734.001396135665,3093.705466747284,0.9960006160923568,0.6843051634632593,1.3219473708752256,1.0952635990606083
348,348,6,4817.083650515894,5492.5077392601315,3611.1298240695432,2485.7653068810973,3475.7003309451634,2820.920403599739,1.1402143159112261,0.7496506363726532,1.3982415481154746,1.1348297426916634
349,349,7,11193.270894536414,9450.368711596313,6822.829595547839,5353.879359262007,5991.890355121744,5306.063439488411,0.844290181184587,0.6095474379055861,1.1191679813920352,0.9910689209515198
350,350,24,5212.527192041211,5851.171013238184,3906.5221197260007,2508.99523242345,3782.3866832534686,2973.288183551381,1.1225209572378043,0.749448775191179,1.50753043862903,1.1850513484951775
351,351,10,3227.9244347592044,3827.6186321558102,2279.3116070334595,1687.5854269415622,2437.698981327935,1870.0580456460775,1.185783220616607,0.7061229756462657,1.4444892343884574,1.1081264484697604
352,352,6,2649.2559030841066,2970.420369292163,2200.3463669152834,1319.50623773616,1876.3539212672015,1613.3876121892395,1.1212281780080873,0.830552595675552,1.4220121645551365,1.222720716316797
353,353,18,3703.791637731958,3517.153638128711,2453.482248695117,1622.4285074806157,2282.444719596734,1802.1418743515023,0.9496089365012077,0.6624244797413937,1.4068075783142044,1.1107681269419718
354,354,3,5234.907040591344,3969.9643645589845,3347.1388914916142,2183.9511737206512,2537.70410816918,2370.387594103813,0.7583638704137391,0.6393884104412895,1.1619784080822024,1.085366569832943
355,355,25,12628.052200982142,12262.206463057399,8972.353944513856,6516.741509496201,7825.996009348167,6412.108079719349,0.9710291237237451,0.7105097287938067,1.200906311527643,0.9839439036174168
356,356,10,20567.317658181208,17715.219638842747,13928.311480733666,10686.40690974241,11084.95111733352,9471.75607061373,0.8613286347428022,0.6772060271648161,1.0372945004768412,0.8863368343178728
357,357,11,11103.732342225456,10094.292020329029,6730.561032575799,5542.132892200942,6433.39579869895,5252.232896625996,0.909089998679299,0.6061530326141518,1.160815867073888,0.9476916195959678
358,358,46,10432.48249889784,13664.180481250662,8914.777553872973,5452.005805052182,8809.178383680577,6868.395091463167,1.3097726722948484,0.854521208620747,1.6157683426377538,1.2597923291091266
359,359,9,7374.44667431339,9054.667257083374,5236.624319992932,4177.670454014756,5686.886366880073,4425.519061848865,1.2278436141687097,0.7101040323788763,1.361257770204195,1.059326988703938
360,360,10,6437.856316812012,5861.396653931446,3981.744320961682,2945.2057150885435,3749.5892929569145,3062.7138236280057,0.910457824077996,0.618489156175113,1.2731162627274029,1.0398980987770932
361,361,18,32809.15682805364,33712.37896014733,32353.475401251115,17487.30786994568,21846.227813477373,21279.465883805242,1.0275295746497632,0.9861111509451261,1.2492619204710802,1.2168520187362233
362,362,8,7859.950801515662,6694.099828832641,4870.179998349793,3515.599932360261,4273.064852720317,3614.2916860376067,0.8516719758019089,0.6196196542872329,1.2154582247507093,1.0280725212129262
363,363,7,2042.0380004278077,2186.462784025952,1476.4544437017335,975.6624928378816,1402.4048944528852,1135.2689521312714,1.0707258060662372,0.723029857129209,1.4373873186144013,1.1635877780124015
364,364,4,2904.329489388867,3613.342059209937,2101.135490160962,1598.1742301330505,2276.6140646573126,1793.4491829872131,1.2441226356759754,0.723449421919097,1.4245093067654964,1.1221862730435253
365,365,2,3371.300848236218,2888.618155037256,2287.287553787366,1795.4907952729793,1827.8479304359093,1717.7794493436813,0.856825980555402,0.6784584517231735,1.0180213316872007,0.9567186052226555
366,366,7,13143.37472057697,11543.218177441626,8670.812401360052,7133.338777394341,7271.809639190474,6407.234399020672,0.8782537531528964,0.6597097462180108,1.0194117882407252,0.898209744268041
367,367,6,5211.82289720885,7646.316328210132,4017.710219538245,3259.168936247263,4778.964665727998,3546.2351166009903,1.4671097769467676,0.7708838728364883,1.4663138852908584,1.0880795644438936
368,368,59,20466.66591599417,24550.59109999991,17735.924683690435,10470.416440238156,15911.732847027659,12855.756201457802,1.1995403257554647,0.8665761563943968,1.5196848127146447,1.2278170858661082
369,369,4,12004.361680870734,14114.730199340309,9059.271145310584,6571.335124896383,8747.114574827332,6416.340038657188,1.1758001445285093,0.7546649614653623,1.3311015811212727,0.9764134558208766
370,370,21,6319.350479724031,7422.643904089892,4748.237832422395,3185.1605429078245,4708.299683406933,3422.445642242538,1.1745896873271764,0.7513806755389444,1.4781985460326563,1.0744970610235203
371,371,13,16257.507285913673,11024.457149760521,7740.719252098669,6625.9178221418,7126.289634825671,5705.10743701458,0.6781148521651083,0.47613198727000544,1.0755173586686784,0.861029006117439
372,372,7,9787.319297004737,9614.649435833351,7404.79730965122,5030.144610183436,6017.140658133969,5179.548307922348,0.9823577982967994,0.756570526100783,1.1962162371937333,1.0297016704920265
373,373,4,1937.9551069298705,1974.3595848199461,1446.6377444354248,1077.6797622105255,1271.981635671402,1169.9498966882386,1.0187849954624326,0.7464763963119889,1.1802964853513873,1.08561925138916
374,374,15,19685.05531463841,20694.521784162695,14291.232734965151,10563.11613315635,13011.43231994279,10302.455138941605,1.0512808551151802,0.725994034892945,1.2317797282471856,0.9753234754849885
375,375,5,10162.815166117096,9505.222509128393,7108.948287583161,5269.828842575713,5959.297947809803,4879.2997915148735,0.9352942421720782,0.6995058132400606,1.1308333013899368,0.9258934089271177
376,376,12,18040.631866689026,12822.847600512645,9510.422598012268,7665.167336098663,8230.196874750802,7042.488074660301,0.7107759692269584,0.5271668236616872,1.0737139208939595,0.9187650792036999
377,377,20,16229.944154002074,12139.545347035153,7957.244630182496,6745.940982533539,7878.355862961819,5992.631689809585,0.7479720960125247,0.4902817011986053,1.1678661113935487,0.8883314730036317
378,378,13,6331.723253418316,6362.602239458738,4481.303866436414,3257.394708931203,4035.4848377945686,3280.2133551980733,1.0048768691878236,0.7077542222043717,1.238868850228675,1.0070051830698643
379,379,5,6805.708194724322,6844.311845962696,4800.579435131122,3585.780311239293,4289.059149876866,3370.0359147191048,1.0056722460225813,0.7053754433451108,1.1961299292188123,0.9398333478925194
380,380,8,13472.68321646942,13790.852150836425,12915.712672713318,6523.416679804175,8373.355805716365,8053.226753438897,1.0236158550791177,0.95865927114836,1.2835843878621782,1.2345105561585321
381,381,5,2472.255708492725,3315.029708133179,1902.7801962544677,1342.1292125130585,2098.4789288872157,1601.907597440307,1.340892730774307,0.7696534746458518,1.5635446343932389,1.19355691129085
382,382,25,11001.252596495131,12891.446938286723,7815.635268105409,5761.091306370135,8266.405627976847,6229.627272963988,1.1718162841196633,0.7104313985659576,1.4348680116971144,1.0813276411841946
383,383,14,8199.262246856866,8434.84615888611,5425.650240040095,4157.032097453389,5382.6792738939075,4036.9108002446046,1.0287323304141849,0.6617241986765313,1.2948370731107306,0.971104072715154
384,384,11,8795.894208488538,10015.120872422509,5378.470090445288,4783.910250371569,6351.4248107553685,4679.127560999528,1.1386131568928315,0.611475077230324,1.3276638729294825,0.9780968530160233
385,385,7,12344.620799332344,13161.004203293749,8193.87277210456,6811.616764018983,8248.44820132222,6018.806644022465,1.0661327243041405,0.6637605889479994,1.210938384686146,0.8836091125701051
386,386,26,13133.109776307614,13736.34886096043,9226.227557250071,6203.204117028624,8914.618769201708,6868.081917774297,1.0459326918702128,0.7025165946525754,1.437099054137182,1.1071829635462898
387,387,7,4055.1985532994386,6385.686716016114,3377.8406713241943,2548.399040843488,3997.3731366332277,2958.310258626938,1.5746915057514301,0.8329655445787915,1.5685821068705739,1.1608504834657976
388,388,10,3765.745324534045,3832.582042935547,2820.403399560193,1735.8184364411397,2444.8627819254507,2044.9218899278244,1.0177486029036689,0.7489628629915849,1.4084784045375325,1.1780736089659376
389,389,6,3064.187556242212,4080.236471663501,2485.1519567854248,1748.4419705610107,2557.9313056876545,2020.66610455513,1.331588356382247,0.8110312802892223,1.462977524422448,1.1556952638850075
390,390,12,12958.989029497014,13204.603347025808,9245.146605111615,7028.007166274535,8279.296202779005,6691.896948128615,1.0189532005135378,0.7134157289637317,1.178043221485183,0.9521756011065526
391,391,13,6444.106133217285,7250.933674327783,4493.896315237976,3373.860077471344,4605.504025968235,3550.9615842685084,1.125203949846754,0.6973653478600224,1.365054839328129,1.0524922500431313
392,392,9,44250.40747065388,42816.77866477168,34133.74437337299,22807.52118798863,26730.09210774042,23698.9533991615,0.9676019072404484,0.771376950506273,1.1719858500807872,1.0390850107657614
393,393,40,18058.06832589332,19999.297886137254,12783.588326531355,9006.323706871974,12887.367944832575,9848.695595612307,1.1074992920178743,0.7079156029219952,1.430924355405891,1.0935311583457288
394,394,12,11020.359472830885,9395.287560749708,6931.784138138818,4886.985594813531,5998.908597390962,5099.213693910109,0.852539119428222,0.6289980063924536,1.227527374698525,1.043427199646713
395,395,10,19733.600657772815,21226.75371449968,17760.75241368923,10548.09651738228,13569.412968534687,12411.01160224814,1.07566551500771,0.900025936558795,1.2864323858028373,1.1766114940070893
396,396,3,5671.129496879217,6462.952975803345,4413.944645330701,2953.405329531941,4006.842258729062,2955.1410821676254,1.1396235933882064,0.7783184368756989,1.3566855245582126,1.00058771229886
397,397,31,9241.552977274681,9977.056776704589,6836.753854059777,4462.11691414143,6447.026596238759,5132.685163995634,1.0795866020828466,0.7397840894135007,1.4448358750544419,1.1502802958230487
398,398,7,3646.3294786154293,4143.639383740625,2585.742249947205,1889.9239891374555,2638.9169859518756,2089.0479403093145,1.1363864423228238,0.7091356568603486,1.3963085294008326,1.1053608252587648
399,399,13,10146.826935469991,8917.526541107787,6854.797678126511,5342.6675100297525,5640.554588246445,5019.411432820878,0.8788487867014887,0.6755607168349721,1.055756244920252,0.9394953781791534
400,400,12,5074.77494236914,4652.531215657128,3251.0357667984617,2246.8723556965006,3001.8232175776698,2431.3825616676286,0.9167955758615595,0.6406265900888853,1.3360007790238464,1.0821186862276972
401,401,28,15979.28766757709,14473.711882829853,8839.59797764419,7125.099763604489,9369.115701049663,6837.692831942293,0.9057795431142943,0.5531909908337311,1.31494519542137,0.9596627498283896
402,402,6,28423.366270949915,30287.70504531899,26956.253779476527,15526.36637425925,19474.045961055934,22220.063254714012,1.0655917654720062,0.9483835771777374,1.2542565009506303,1.4311180555131084
403,403,6,3924.761342166138,5464.452843457251,3478.215867482202,2272.313318570688,3404.5627854070567,2744.5716990716537,1.392301943241556,0.8862235341837421,1.4982805221370472,1.207831541821892
404,404,2,3889.070503957324,4431.207183440747,2758.3610964500003,2251.6522243161567,2769.5905463239606,2335.405330657959,1.1394000645994389,0.7092597302217148,1.2300258967235074,1.037196288768457
405,405,4,5109.779696157184,5114.727884791675,3503.248900435748,2794.0588591713426,3228.6909299836866,2742.6158227324486,1.0009683761196617,0.6855968571542078,1.1555558034812647,0.9815884206340052
406,406,12,6086.660161236353,5712.417294355859,3919.158183045337,2947.5348848435624,3675.891815187533,3069.5639628048525,0.9385142496924822,0.6438930512343994,1.2471071450550881,1.0414003846362505
407,407,5,3102.7779209656737,3294.1018764968017,2451.224288123535,1542.5706111411896,2085.5254153189826,1844.2225265696313,1.0616621493398994,0.7900095819170466,1.3519805189184284,1.1955514472075157
408,408,10,23473.298219862903,23861.885499181444,18893.46573168131,12541.586964216318,14747.738808026408,13241.563202048235,1.0165544388214571,0.8048918202595757,1.1759069127459458,1.0558124135190459
409,409,20,2994.0232381173837,3422.4730850691903,2393.1235369815186,1437.9492143364844,2220.9761747203042,1774.8272824383453,1.1431017106003534,0.7993002547589758,1.5445442388207942,1.2342767496537124
410,410,24,10551.910446552494,10712.307080844845,7063.6073108265255,5176.487727795113,6849.208105623135,5232.587950361941,1.015200719822708,0.6694150169872165,1.3231380939717798,1.0108375071123221
411,411,10,3963.3739470407836,4401.329311363745,2887.339161351733,2147.9375831337934,2793.8974784817333,2252.841471697349,1.1105006416691912,0.7285053593056839,1.3007349470581444,1.0488393561280784
412,412,50,18929.09621718576,21669.888388088035,14518.201775838088,9493.84913518667,14019.25141196558,10875.41504915539,1.144792553191943,0.7669780748780275,1.4766667567958915,1.1455222106751495
413,413,12,24942.11658986897,21551.72627222719,16355.753677491035,12835.531521674746,13529.189442751675,10958.581027944881,0.8640696628361166,0.6557484253014214,1.0540420098618886,0.8537691648717197
414,414,7,6536.852470035934,6803.32198642395,4791.573679865645,3456.0631165332547,4263.931639897661,3379.7100007136664,1.040764193105088,0.7330093040694409,1.2337539842659968,0.9779074880159662
415,415,15,43105.73609202437,41730.82152879375,31816.32482522154,22300.39815357745,25907.329409412203,22037.809254490854,0.9681036751049703,0.7380995595875778,1.161742908399872,0.9882249232826154
416,416,10,10776.371432175196,11110.819851370019,7444.948255401465,5514.757256732339,6975.879426787693,5453.891042504005,1.0310353462944173,0.6908585419738741,1.264947685280551,0.9889630293057724
417,417,5,3184.722273831262,4544.334577030005,2629.7256006012817,1897.5022679144229,2852.0395025117978,2243.7955607175827,1.426917070405361,0.8257315315089274,1.5030493247560242,1.1824995409274408
418,418,36,18789.855462012318,17794.783779785994,10767.754828455043,8736.831333402035,11488.956167144412,8363.693756386354,0.947042078943179,0.573062142506862,1.315002628380915,0.9572914294923919
419,419,12,3921.407559207337,4080.0060656430664,2767.5682095105226,1822.4594458662284,2626.597660195045,2083.792084136939,1.0404442802848548,0.705758880637735,1.441237919533844,1.1433955849407105
420,420,10,25268.733310779877,23470.03607652202,16515.286262064667,13508.678406354476,14721.107137454223,11980.535089790821,0.9288172773785018,0.6535858390265685,1.0897518391236125,0.886876919370231
421,421,5,2063.3023802779176,1892.5133565553956,1395.2825407881714,956.5103163265045,1215.479462192182,1060.6809364557266,0.9172254026578899,0.6762375472082929,1.2707437039051008,1.1089069488861252
422,422,86,61733.83878014486,66337.99998247167,56480.821250152316,32891.091133104346,42858.39167458495,38790.93668317969,1.0745808343253007,0.914908620073015,1.303039522195987,1.179375184793953
423,423,6,5901.2496437399905,7450.717974733789,4399.556476463989,3505.8591279243046,4665.396102199905,3718.3841392993927,1.2625661384512794,0.7455296322078175,1.330742603158194,1.0606199518064825
424,424,14,11014.616844515587,12041.223186853907,8136.343801697026,5800.686208791085,7570.504200534623,5730.89814705287,1.0932039994518274,0.7386860493243834,1.305104935526651,0.9879689989724924
425,425,6,15645.798266292353,13020.877882024586,10131.40561045384,8150.77044269538,8120.180250511515,6844.8958152651785,0.8322284143262314,0.647548015001648,0.9962469569718677,0.839785129932041
426,426,28,5671.548107936549,6426.957130668042,4111.534630625658,2681.774921051467,4170.802751176359,3123.7318740842848,1.1331927382709497,0.7249404487766105,1.555239672962963,1.1648001663240015
427,427,13,21515.03601034502,20748.02817826712,14816.363839510095,11130.904555089368,12957.509795332853,10145.668820862538,0.9643501488117844,0.6886515938149479,1.1641021384383634,0.9114864628161463
428,428,13,24942.337212641167,22210.343082398584,16058.669807257114,13228.72353596558,13895.78425673042,11525.7615592281,0.8904675970438742,0.643831797732184,1.0504251766205006,0.8712678534623878
429,429,4,4106.120083804779,5029.548901510377,3171.774948037555,2269.503463431825,3139.2621843827415,2348.7559191584587,1.2248908455813932,0.7724506062420248,1.3832374503785567,1.0349206145765437
430,430,4,7072.12017642649,8523.024926693262,4854.561429905492,4223.339397043585,5329.327913406229,4223.282379388809,1.2051583844832099,0.686436501190578,1.2618753579541477,0.9999864993907863
431,431,17,27750.808588507698,27588.098948100993,25433.034403881094,14605.849885907408,17804.157834755777,20297.516937501234,0.9941367603798728,0.9164790396202562,1.2189744502258844,1.3896840715229781
432,432,12,4220.840856165259,3801.4802779278803,2737.6242432868403,1938.7643454254394,2455.164510590115,2087.4055547393955,0.9006452523257704,0.6485968878187086,1.266355303254433,1.0766680126260206
433,433,5,3658.933820760779,3645.019080603174,2413.1030470738283,1801.9661376839813,2320.3000650832305,1931.1375145431127,0.9961970506056567,0.6595098914831117,1.2876490942640297,1.0716835761548504
434,434,21,17153.307135143088,12882.95091647385,8313.680645957911,7160.542425317536,8360.815625277934,6304.051628135467,0.7510476443390742,0.4846692582636229,1.1676232230279917,0.8803874418572294
435,435,6,12637.18793895731,12748.012437795851,8654.89723330851,6527.045033479639,7951.150635469204,5857.807866930962,1.0087697120098134,0.6848752487590702,1.2181853495241413,0.8974670523773145
436,436,5,15273.221250121618,16412.09098855974,14446.82711918723,8391.117600153906,10561.617971610558,10981.151441763106,1.074566440162651,0.9458926105108437,1.2586664226249007,1.3086637519609658
437,437,8,5313.2705488101265,6557.107776759571,3867.467800316644,2946.687081252376,4120.505718191753,3107.1221686005592,1.2341001115081545,0.7278883626926808,1.398351981249563,1.0544459194085842
438,438,13,15460.176043597345,16543.427272862475,10740.584940451166,8376.522644295012,10408.064091332239,8191.406382919179,1.0700671988605037,0.6947259145150069,1.2425280194784463,0.9779005836626121
439,439,29,16704.677491569262,16094.981088222145,9667.900548894531,7731.373898629864,10393.9106407573,7576.094096763499,0.9635014561846628,0.5787540976935266,1.3443808017872845,0.9799156263941803
440,440,32,27350.108217427216,28750.800740715382,25082.62019802616,14424.851840693276,18618.701665221,20326.323822971608,1.0512134179562647,0.9170940019185652,1.290737809361525,1.4091183776064835
441,441,10,13014.207488869899,13575.007036603176,9125.94472898237,6994.902731627244,8498.088660951873,6596.205702275137,1.0430913329307903,0.7012293861756179,1.2148973312420799,0.9430017764865535
442,442,33,48572.17230273061,48683.37316958484,41214.041843271545,24914.615107066995,31509.050347536628,28323.867881716527,1.002289394556232,0.8485113983867383,1.2646814013433878,1.1368374650781783
443,443,11,2733.88949919082,2564.295678873682,1892.0655288638427,1194.8750946005703,1664.1129982386194,1387.2591159010153,0.937966102738485,0.6920782750816588,1.3927087490219292,1.161007641861308
444,444,49,20980.530867418634,25151.710971462107,16914.18199292033,10837.039328901272,16208.335753646455,12429.630642278868,1.1988119428627537,0.8061846528005127,1.4956424224114873,1.1469581557326565
445,445,3,2806.201696395874,3856.3063356225834,2806.201696395874,1563.0501031959411,2399.86979416499,2069.0684797763824,1.374208539812161,1.0,1.5353761144687672,1.323737783930147
446,446,11,5965.050019050329,6307.851241461987,4162.587517414588,3094.962590994278,4017.813492869798,3325.9888025815508,1.0574682896734928,0.697829440511095,1.2981783704141794,1.0746458817497546
447,447,24,8551.530322263368,8376.290710695168,5465.3580804564335,3891.4892955864675,5424.756565020082,4166.313469940631,0.9795078067943026,0.6391087763821313,1.394005264558371,1.0706218502684448
448,448,5,1649.50497829729,1350.2235882686766,1152.6705595900146,665.0520687817994,876.2428712023712,805.6859877109528,0.8185629058618857,0.698797866484686,1.3175552897796676,1.211463020010986
449,449,13,4063.3117709032467,4286.455240809546,2877.7842199756587,1888.8734819238218,2752.9891548432124,2170.4250938178316,1.0549166498874627,0.7082361340281665,1.4574767347780684,1.1490579515189385
450,450,2,4746.057613901538,6830.195085521313,4324.080228805542,3014.6467421245306,4239.112624118718,3521.3237340450287,1.4391302510772706,0.9110888616564631,1.4061722605452809,1.1680717627178514
451,451,8,1850.6032831334473,1621.550858597827,1217.7314119481446,779.7580417366028,1052.30294630519,887.8427391052246,0.8762282404752962,0.6580186164407306,1.349524967978017,1.138613123024555
452,452,37,16329.312179639439,16930.995653623453,10696.15452852929,7613.4224541083,10964.204532417849,8133.403545084646,1.0368468351492621,0.6550278671177605,1.4401150860217173,1.0682979427597319
453,453,5,7038.274192161523,6431.73966208208,4370.223058366675,3730.7435609911504,4077.7008178291367,3597.2513859272003,0.9138234013737435,0.6209225357025394,1.0929994922368262,0.9642183460531163
454,454,8,3090.1417841401117,3449.5388863148437,2146.2151905057494,1609.9645001239096,2196.09077114756,1769.2396184199245,1.1163044051956796,0.694536154140569,1.3640616119042004,1.098930826290739
455,455,10,2788.3941239827636,2576.8814139092287,1959.2349608536133,1200.1985725483216,1672.291577910289,1419.39896051625,0.9241453321629355,0.7026391800220722,1.3933457480786666,1.18263676776628
456,456,7,6548.07329799693,8820.944682098241,5522.591593358258,3737.245359507225,5480.877633775261,4183.5425879359245,1.3471053668254733,0.8433918409324512,1.466555472423663,1.1194187658279804
457,457,8,20738.87132588296,22864.023864799856,17248.592956013767,10616.03070472089,14087.739815069937,11136.821161568165,1.1024719477508218,0.83170355247283,1.3270251572280398,1.0490569847933542
458,458,56,12943.353762892579,16350.963211382546,11239.560631231398,6668.948267518154,10593.151474629272,8335.419763496047,1.2632709814560794,0.8683654049118397,1.5884290970173485,1.2498852036526698
459,459,23,6842.4184273767705,8169.836546357105,5099.224704576709,3572.6144108203925,5245.714697414068,4074.8013633970604,1.193998384207152,0.7452371933546947,1.468312584063466,1.1405656739937262
460,460,11,40993.93565559604,35569.63563649691,32229.002472756078,19840.49669213628,22989.07971349556,22563.50166475773,0.8676804280352461,0.7861895169939979,1.1586947680905193,1.137244798599256
461,461,34,14042.732543920678,14059.767957627811,7956.655221326735,6529.973708285241,9111.691120453193,6375.913108063879,1.0012131124518575,0.5666030593718954,1.395364135829868,0.9764071637798649
462,462,32,19862.152136193814,19829.287593681303,13855.174969693966,10512.720108351412,12585.394233913592,10255.081257886679,0.9983453685035156,0.6975666521276095,1.1971586900630624,0.9754926557723094
463,463,7,5462.364538135974,6762.85301202583,4363.894525467004,2993.300066044595,4220.026442022847,3228.6519223451614,1.2380815972296215,0.7989021045739615,1.409824056697153,1.0786262155840476
464,464,9,9888.530746092865,10639.92949966736,6835.318888100274,5466.479622340895,6722.013855596084,5322.5879855155945,1.0759868956135255,0.6912370567084529,1.2296787548834829,0.9736774584803662
465,465,21,11878.842919772202,13569.336237672289,9065.634597722694,6387.680548679383,8562.6361703948,6602.440490415264,1.14231127806954,0.7631748865567577,1.3404922342531793,1.0336209583587084
466,466,14,12522.302866265552,13446.14289996394,7602.271332298267,6859.097990953772,8522.679446506007,6576.838727728164,1.073775570161872,0.6070985036449166,1.2425364760419337,0.9588489239258762
467,467,14,22917.029544148365,23600.119546867943,22076.77913610266,12082.53845477156,15280.190405024421,14660.301575272804,1.0298070917700588,0.9633351082247806,1.2646506743779544,1.213346154878841
468,468,7,4685.859464612818,5723.716880684888,3615.9074468849362,2616.757899815781,3601.6764089045455,2915.387464284897,1.2214870983455381,0.7716636561962514,1.3763888547572942,1.1141219692085917
469,469,6,3326.7244927736083,4156.309718971753,2408.454699364441,1865.2427871413515,2626.2095779831398,2038.5885473489761,1.2493699817944617,0.7239717940563292,1.4079719788157106,1.0929346900053114
470,470,7,6356.447034168542,8422.66991076919,4912.411380484631,3702.8192043542385,5258.15357500886,3942.0861872434616,1.3250594027597244,0.7728234584632547,1.4200405919969477,1.0646175170010632
471,471,13,16499.937359074098,12843.312661023634,8846.678444433948,7290.2894031264805,8208.71304559862,6689.692722201347,0.7783855405948246,0.536164365470681,1.1259790375507273,0.9176168945134655
472,472,23,7167.214170069214,9254.579256457226,5428.047969704052,3877.1628612515733,5904.276454209303,4412.109685857245,1.291237995245767,0.7573441843515656,1.5228342645125215,1.1379737823117875
473,473,11,7372.689532867084,9461.930166680688,6413.674972681225,3860.1152447880672,5903.814856593371,4590.738397821312,1.2833756425656977,0.8699233765492742,1.5294400509323418,1.1892749585701445
474,474,6,4230.2629312536255,5538.965614765282,3179.341753414502,2438.28321147305,3475.603659651144,2691.3608191013336,1.3093667473581427,0.7515707191449478,1.4254306650257471,1.1037933601960006
475,475,9,7468.574231998568,7782.252637606299,5348.789814138389,3993.0228039440967,4899.125083276811,3986.7952585021653,1.0419997707546105,0.7161728126396447,1.2269213885875419,0.9984403932189467
476,476,1,5137.110471725464,7122.169783546973,5137.110471725464,2840.3539390563965,4374.024816420041,3776.5114591121674,1.3864155389975024,1.0,1.5399576638231045,1.329591853741571
477,477,14,21283.138082058846,19814.943177614405,13461.985977473352,10857.449652161455,12510.268238324965,10072.471021652222,0.9310160513555991,0.6325188478113324,1.1522289892299407,0.9277013796372555
478,478,5,10008.208068897015,10073.930311291038,7019.306005983014,5364.251189242872,6289.864457887506,4994.6553611159325,1.0065668341366996,0.7013549236448476,1.172552185941777,0.9311002011113679
479,479,8,10764.077296489655,8984.72320647002,6664.51562633178,5638.660501908733,5692.296024751726,4914.299975514412,0.8346951586273064,0.6191441628262173,1.009512103597093,0.871536772581162
480,480,18,17486.100888995745,15288.901903202875,10120.38288078745,8140.552796742037,9760.053200221158,7632.255982708836,0.8743459734253507,0.5787672703613619,1.1989423131224293,0.9375599143295738
481,481,13,17801.266078521898,12915.927334823435,9686.926899453905,7504.244200649133,8260.125673288263,6909.833786487579,0.7255622874154516,0.54417067059863,1.1007271954947502,0.9207901024715939
482,482,11,5946.36681603413,6093.627078949073,4233.966206463818,3035.926849612727,3856.9545748421174,3057.7370590982155,1.0247647458474747,0.7120257356218094,1.2704372555399757,1.0071840365614444
483,483,12,12149.001944416736,10489.117675010864,9301.796217108411,6168.335520774251,6796.422280041019,6936.645632517259,0.8633727875754685,0.7656428289060565,1.1018243506941936,1.124557120661713
484,484,25,42284.307477862276,41814.232353165964,34015.00824808969,19842.02166606193,25862.193663003796,21886.240262633568,0.9888829886845748,0.8044357416968001,1.303405172026339,1.1030247134579083
485,485,17,11521.399864377832,13659.467599169262,8070.429387103003,6252.353485973939,8662.844145967092,6619.154701568844,1.1855736073705734,0.700472987840251,1.3855333300333492,1.0586661033189757
486,486,6,28794.553448522365,26093.724271464696,22549.997154128443,14553.010855195535,16034.139691158103,14330.99455318451,0.9062034706707263,0.7831341157779139,1.1017747358742465,0.98474430451402
487,487,9,7834.399524527429,7110.801138602784,5017.706690844543,3917.636268834323,4515.977524269091,3640.9999623942736,0.9076383092719167,0.640471126744996,1.1527301705354087,0.9293869345041669
488,488,7,5410.105527096044,5785.917700568114,3505.959080720264,2921.707763683447,3651.566433835681,2930.787121295929,1.0694648508406808,0.6480389454810026,1.2498055004762314,1.0031075515920305
489,489,6,10185.978317391913,9506.938498178832,6921.399153483222,5234.144752609578,5963.060350195432,4715.863243889225,0.9333358271484179,0.6795026395908748,1.1392616429307654,0.9009806695808413
490,490,35,24859.042949344523,22806.079952708595,14784.74822017864,12032.42435250631,14598.00511830652,11221.615511656471,0.9174158473912585,0.5947432590347763,1.2132222643282864,0.932614673726916
491,491,26,34216.16081696031,34404.35049348718,25684.31292365369,17823.12471374403,21431.166456654497,18226.29489989682,1.0055000231479385,0.7506485914960528,1.2024359813926557,1.0226206230741286
492,492,5,1915.787884582202,1528.3914338454833,1293.7235289395019,774.342902051605,991.8737985273189,908.0885300636292,0.7977873991925768,0.675295808764152,1.280923213603909,1.172721448931304
493,493,16,38798.43906262298,28026.573733441404,20382.748109936816,20168.153982604577,17772.79578788814,14985.532669448852,0.7223634355032905,0.5253496945337892,0.8812306670812569,0.7430294652834446
494,494,6,7402.4073893513,8648.131041634251,6369.610356641608,3807.1457187696183,5354.119370153923,4139.411692559719,1.1682862867119395,0.860478223044652,1.4063342371576601,1.087274298998327
495,495,2,2339.4945859909058,2881.1663751660153,2339.4945859909058,1253.2906271616791,1757.6990963724973,1584.5355528593063,1.231533679290684,1.0,1.4024672795592108,1.2643001699037644
496,496,36,24770.66510680564,24599.109385182914,15961.845851916485,12313.266139192057,15766.907405158845,11877.344085418817,0.9930742383830625,0.6443850329852884,1.2804813302113358,0.9645973660566194
497,497,22,44215.271766949285,41131.749922209,36064.066368818894,21796.897167226583,26674.302235178307,24397.250101371967,0.9302611581583627,0.815647284922415,1.2237660264455117,1.1192992247564129
498,498,19,11020.069778640867,12955.470968317357,8893.52999466753,5684.139981419235,8199.506899247468,6589.990345362041,1.1756251301990566,0.8070302795999529,1.442523746081318,1.159364541848709
499,499,7,10312.630779218445,9574.513210553076,6587.048723159656,5618.336160667608,6041.037523296097,5087.436401869732,0.9284258707145037,0.6387360184012002,1.0752360397349845,0.9055058751175205
500,500,7,12315.160884535173,13429.433939458304,9122.616078967829,6527.49348653358,8377.847568691424,6368.666301906109,1.090479780602979,0.7407630452009443,1.2834708431307027,0.9756679673514594
501,501,8,19986.10885590518,16934.986675446486,13002.57677560574,10460.367018283341,10622.664905444779,9082.947281022865,0.8473378583867166,0.6505807042957211,1.015515505993027,0.8683201330457213
502,502,22,22122.006511830186,18940.954747008636,11714.445858117055,11224.371672036508,12151.509081153567,9683.34829227316,0.8562041936331399,0.5295381253889659,1.082600383897377,0.8627073813314174
503,503,10,19921.197217173678,14660.804553660084,10222.048859579274,10291.764390774439,9316.67285865581,7744.718908786774,0.7359399334203313,0.5131242238175848,0.9052551637314294,0.7525161492940081
504,504,30,13227.13967009544,14547.669057540454,9795.161609748797,6807.345713629775,9321.518666360647,7342.864723504324,1.0998348411206795,0.7405351311057956,1.3693323445725631,1.0786678145054869
505,505,13,22047.28704348382,19264.31402494981,15082.869717209296,11041.512612793613,12054.590246617545,10207.852714507362,0.8737725411273888,0.6841145437740881,1.0917517073385485,0.9244976727807834
506,506,14,9871.801421923818,11825.989888877075,7559.631402301672,5300.639326742646,7442.584296719178,5938.817705512047,1.197956622447175,0.7657803352398118,1.404091815711748,1.120396491711798
507,507,11,12991.970254343401,14171.319943628003,9122.884820251385,7352.449454492214,8918.125936579321,7335.484164297581,1.0907752762819272,0.7021940969424152,1.212946242171105,0.9976925662257675
508,508,7,6783.430079162634,7854.549089548292,4552.733291152527,3882.527766008444,4935.448709400214,3898.3896733522415,1.1579022703684858,0.6711550407422391,1.2711946975911157,1.0040854588298553
509,509,12,20729.854803161532,14959.47510019685,10960.334858572296,8902.300273209861,9568.738313928035,7823.598770558834,0.7216391644921394,0.5287222203264407,1.0748613302478371,0.8788289015708426
510,510,7,12729.04674640043,11141.854075783154,7862.582939894422,6714.415223162221,6997.0580989837545,5754.861732374491,0.8753093847293704,0.6176882759989734,1.0420949355122575,0.8570905344850241
511,511,6,4392.472517920215,6296.665546795946,3174.7445234083984,2635.2315440708376,3969.6007942091233,2845.785865545273,1.433512792876242,0.7227693538106877,1.506357497556737,1.0798997423767842
512,512,8,6317.93696942981,8536.146690540698,4379.885613877149,3656.5704149724274,5383.39700583047,3808.989433526993,1.3510971590637884,0.6932461711900286,1.4722530663671258,1.0416836000013732
513,513,33,16422.212849173295,19077.835986289807,11888.860944577405,8580.048869774346,12269.41488161173,9274.199953875484,1.161709214312747,0.7239499971026072,1.4299935895277034,1.080902928950263
514,514,21,24179.02037663778,23381.873390077744,15632.140645438914,11793.411835801606,14927.492147579416,11821.236267479184,0.9670314605743806,0.6465167075396892,1.265748398802083,1.0023593199376886
515,515,11,7980.9567031735105,7283.31460379375,5247.802066345727,3588.292187456867,4667.286440033079,3896.6205738068793,0.9125866577997657,0.6575404755997506,1.3006985485596503,1.0859262206761746
516,516,11,30997.384788712916,21674.11143631496,16580.62624359464,16649.982702639798,13669.937319170538,12286.89129959107,0.6992238727251326,0.534904036473172,0.8210181093463368,0.7379521960490101
517,517,10,7024.874519302698,8092.413793063378,4964.870232543834,3711.048115768658,5122.52831659387,4079.185926795006,1.1519656003573209,0.7067557176859945,1.3803454325552058,1.0992004952622654
518,518,15,18979.425004802786,21346.617655677586,16930.384773506597,10262.211333072346,13673.689636790174,13785.167185316235,1.1247241499821927,0.8920388667845482,1.3324311099230193,1.3432940267844953
519,519,25,17059.066018151196,15198.5378591269,9210.36710874874,7708.033522381726,9804.30434344448,7230.960486617389,0.8909361065227923,0.5399103971430043,1.2719592247459535,0.9381070367196684
520,520,9,11213.21642680221,11167.713003090063,7792.46997979447,6154.271938137293,7097.538659301639,6511.303617324148,0.9959419829262027,0.6949361970013033,1.1532702374295543,1.0580136339075907
521,521,16,17758.04844662548,14733.602333655614,8765.051416443592,8182.833340815771,9449.30341176247,7085.063650250435,0.8296858958313861,0.49358190697521126,1.1547715831666248,0.8658447942365283
522,522,52,20886.14301593314,22126.540086364817,15148.399067789207,10245.442679804892,14297.52002655032,11229.634156709044,1.0593885175202253,0.725284656733086,1.3955004652685827,1.0960613911631287
523,523,18,16274.033929639918,16282.416567432745,9099.179450646789,7962.413666993292,10378.904760304324,7547.926903155311,1.0005150928054514,0.5591225562135791,1.3034872583081367,0.9479445829904368
524,524,15,13522.368715646195,13214.213630703589,9603.129123137016,7269.0938405446805,8304.780230725866,6997.274432032196,0.9772114567038798,0.7101661938877334,1.1424780602507094,0.9626061494767941
525,525,5,1873.2663901416504,2520.4413479253417,1612.2292793470704,1066.3513515980044,1585.5465519428517,1295.6655116081238,1.3454794049525194,0.8606513669554274,1.4868894286735754,1.2150455941810132
526,526,6,3433.5683943296876,3756.220687874316,2370.1643651328613,1915.0681085836184,2378.6427430191397,1979.276006937027,1.09396996258396,0.6902918750787175,1.2420669178071064,1.033527736201976
527,527,6,26386.175777209286,27227.03227649065,24066.846395141416,14406.940745755299,17540.48297907628,18359.33804332139,1.0318673121251485,0.9121005862444393,1.2175022642641335,1.2743398038012048
528,528,67,20719.43015597253,24831.627251534712,17389.108526481246,10504.845263644958,16080.66204550744,12685.566846656115,1.1984705691520579,0.839265771094033,1.530785236900081,1.2075919757293494
529,529,76,19978.775932834582,26394.02084836678,19111.775061234894,10570.666569832812,17105.781648083812,13775.253825247568,1.321103001360004,0.9566039043375628,1.6182311243172964,1.3031584843060129
530,530,24,17676.64394700126,15847.518782950612,9238.690590490649,8128.719131546469,10194.773360530686,7355.469374461841,0.8965230521396033,0.5226495831556272,1.2541672550803407,0.9048743418770924
531,531,13,5762.994084672864,7681.613600472582,4351.440273041321,3236.779662162072,4834.1719949687385,3464.409850066144,1.3329206116838532,0.7550658926779603,1.4935128428666833,1.0703261301858347
532,532,15,3517.2053971433106,3451.1233706551757,2406.4607370328367,1563.8489587573158,2239.6223976768088,1782.92323442138,0.9812117806535248,0.6841968168783588,1.4321219355202206,1.1400865949600065
533,533,8,9139.869133791863,9576.41043374221,6678.013998578974,4932.828161372993,5995.991717158839,4833.999404013157,1.047762314050687,0.7306465662499548,1.2155281962001139,0.9799650922094297
534,534,15,7884.425063250293,6865.214672866087,4643.609821882617,3416.1442044808014,4438.4002097961775,3492.775872245301,0.8707311716189939,0.5889598524471644,1.2992426385205078,1.0224322110477613
535,535,14,4181.748430744043,4546.878372368775,2924.6707337855223,2157.6305843073274,2914.8975917700354,2366.4233024120836,1.087315138074857,0.6993894497056454,1.350971576399774,1.096769446829002
536,536,4,9814.963573839941,9714.610245846168,7015.765765706579,5068.657938699579,6062.2798078017095,4653.959603190422,0.9897754762675588,0.7148030364988688,1.1960325358544623,0.9181837992374856
537,537,13,6639.258545581665,7281.564923715015,4713.8280567342035,3364.3022417965626,4600.95319098326,3385.2003405749256,1.0967436911401494,0.7099931452242044,1.3675802173250393,1.0062117185901833
538,538,11,5310.599272230853,7268.328269585742,4285.05574045473,3067.406718912035,4565.678811277717,3462.98306953359,1.3686455891318825,0.8068874190642298,1.4884491134247424,1.1289611671587718
539,539,24,18318.382456137806,16036.942122428225,10602.183026587487,8327.127950606142,10348.65364304492,8066.817210544999,0.8754562342405316,0.578772883030133,1.2427638562094663,0.9687394331388658
540,540,7,17950.5048987807,17348.137700300515,11761.441360887025,9592.730554921869,10838.850979504012,8340.654526257515,0.9664428827001351,0.655215072066632,1.1299025775244755,0.86947657692502
541,541,11,15667.392293498593,14565.075982008764,9161.862724705872,8403.191045647487,9258.868755467076,7753.055448412895,0.9296426430869896,0.5847726637002456,1.1018277110649288,0.9226322960286216
542,542,28,23874.122960424156,19977.89025402861,15004.294332358473,12156.514834757369,12678.649398068374,10692.073744608326,0.836801012005581,0.6284752054444434,1.042951007785401,0.8795344627917553
543,543,16,13793.103109342419,14340.605785686452,8949.529074443299,7538.800132485776,9071.514986856155,7216.859812059772,1.0396939450103289,0.6488408738408948,1.2033101856309587,0.9572955490571083
544,544,18,28470.90018787663,24334.1852079688,16416.37041627195,15029.476028627958,15454.555209731832,12420.756410594377,0.8547037518093893,0.5766017339789736,1.0282830339723215,0.8264264427406168
545,545,9,11352.047734791639,12433.756483714966,7613.632907566639,6493.567447583423,7840.9801968262245,6469.129234339673,1.0952875440796568,0.6706836586171546,1.2074996155994715,0.9962365504876914
546,546,2,1629.6415709026733,2211.696583391992,1303.0651394146362,976.095616761795,1392.6560029008385,1123.2943748235703,1.3571675041198865,0.7996022945664405,1.4267618653190821,1.150803625724812
547,547,34,20103.35153620907,20152.504678629466,12386.720306355379,9851.460861072019,12978.136986543486,9738.415398047124,1.0024450222805816,0.6161520025178433,1.3173819771062083,0.9885250051115166
548,548,10,3816.5948384256585,4174.270015844897,2650.9051274206786,1896.2646969722928,2665.952923931049,2119.4903363988396,1.0937157839805651,0.6945733670053839,1.4058970396842243,1.11771860741961
549,549,9,5494.633165700721,5191.558001297485,3632.666491846765,2627.5572765516786,3322.3278411055016,2843.4125194912517,0.9448416017478419,0.6611299393966907,1.2644169056765977,1.082150537636559
550,550,20,13622.107631010424,13662.481656000464,7927.657213252259,7241.587496832239,8702.196170175659,6717.522628668356,1.0029638603719537,0.581969943858403,1.2016973038000782,0.9276312178243887
551,551,10,9054.611038282641,9309.094098978198,7147.532260891284,4318.551705294196,5830.546049229454,5040.025890654801,1.0281053553399047,0.7893803754431546,1.3501160683294993,1.167063922026483
552,552,14,3856.008236505342,4474.268582159131,3019.7754553249715,1957.9932481793892,2860.5039172963075,2214.8778016531774,1.1603368840866666,0.783135115411932,1.460936558364593,1.1311978750246705
553,553,12,19032.15436978594,19568.572692226513,12980.744562886137,10137.727864631817,12303.442137888862,9509.022933284441,1.0281848450794489,0.6820428371206056,1.2136291585427854,0.9379836448815339
554,554,3,4049.8582051914555,5507.489874416675,3998.7188577651978,2277.190601448764,3382.6460907118426,2868.763258576393,1.3599216553697366,0.9873725585353327,1.4854470629554595,1.2597817928597046
555,555,28,17717.375653435254,16465.31562692964,11087.241009325011,8092.738334860184,10628.311438981154,8353.964550710929,0.9293315189000438,0.6257834809285249,1.3133146036859693,1.0322790883680855
556,556,93,25414.23563480845,31544.660994119087,23926.688715484164,13343.473426901866,20456.606313343556,16967.242441750066,1.2412201353368322,0.9414679654072745,1.533079555740026,1.271576140552901
557,557,5,4557.447259086926,6831.338180580884,4096.509752098524,2822.6690674821016,4248.8155430978495,3330.655191063881,1.4989396019800625,0.898860594366867,1.5052474950199917,1.1799665888693487
558,558,7,13548.325607113531,12900.079860780736,9139.676140612994,7396.2809055268635,8148.402988955078,7030.433568179607,0.9521530729972688,0.674598205391094,1.1016892263875744,0.9505363111514765
559,559,7,6847.886859539233,7741.939006267042,4948.500615548145,3660.796159806912,4843.411492187353,3511.7946462631226,1.1305588373561368,0.7226317719684273,1.3230486704954416,0.9592980578433385
560,560,22,16838.15861338076,14675.847569781026,8931.223351358836,7507.256704509504,9467.286200649347,7036.805598504715,0.8715826894586078,0.5304156800293751,1.2610846509301434,0.9373338191936083
561,561,5,3834.415137537952,4539.464374314697,3016.1989674833862,2010.036872125604,2834.7333354822817,2127.7682379891494,1.1838739968123149,0.7866125234994936,1.410289221453219,1.0585717443775273
562,562,20,19169.532615777145,17961.65135318715,10396.205809594076,9109.986442421588,11457.448809077057,8198.671993222022,0.9369895298544801,0.542329644544263,1.2576801163747366,0.8999653342011644
563,563,7,3891.3363486235476,4557.217208369311,2677.467020245093,2126.6623752286255,2884.2640418571987,2295.1287471914006,1.1711188137158333,0.6880584920890154,1.3562397470577001,1.07921632221695
564,564,17,21542.15629366135,16419.455564629243,10933.051974623388,10243.922970713818,10536.86748038761,8768.903899669647,0.7622011158400409,0.5075189236204907,1.0285969067232628,0.8560103316609194
565,565,9,6105.359202240551,7500.733658249072,4727.141024999877,3418.8842787540684,4711.867779069217,3816.941963370113,1.2285491172241667,0.7742609187130391,1.3781887290980044,1.1164291190227438
566,566,6,3747.8070889994387,4393.985923417993,2748.968547181006,2020.0969170785522,2780.015402532696,2262.0754421765555,1.1724151801503386,0.733487205157858,1.3761792214173227,1.1197856018947598
567,567,6,6177.482023799975,7021.541743367383,4501.173851937183,3595.777745222785,4420.795315903922,3781.3560452561564,1.1366349131111189,0.7286421610933901,1.2294406465408558,1.0516100585693662
568,568,10,2441.597951276709,2140.9730411433106,1602.9969480265868,1026.7149107317116,1389.387053590009,1155.8123353970273,0.876873704789848,0.6565359981516946,1.3532354883205415,1.1257383362371853
569,569,2,4348.121559406458,3362.4129233524664,2765.6358937448367,2308.5650971570312,2135.3223408896324,2082.5670034885406,0.7733024197721496,0.6360530302474711,0.9249565210525166,0.9021045176734221
570,570,31,18684.946130430675,17711.120858803126,10559.075231582716,8880.65802376588,11401.281819037586,8559.332093942776,0.9478818261059069,0.5651113553057557,1.2838329984699517,0.9638173287426235
571,571,37,34188.81569532038,31760.376021805274,23365.30986237097,17937.937334835464,20122.344836744527,16794.747324375585,0.9289697632361246,0.6834196911234078,1.1217758464161287,0.9362697065375625
572,572,46,21081.746554001104,23647.646103134215,15615.381832608256,10762.868188714618,15222.179119695687,11844.709586383422,1.1217119057266216,0.7407062689331408,1.4143236591577764,1.1005160872269315
573,573,3,7021.392835905639,7710.224014328369,5377.428603746215,4014.0080181798003,4814.741256354314,4286.011779308319,1.0981046345819336,0.7658635158892402,1.1994847131714539,1.0677636317358086
574,574,8,9303.361535566994,10531.736126845899,8263.336331495337,4863.785601539815,6521.45866627521,5803.040108424303,1.1320355644121534,0.8882097400928026,1.3408195180746858,1.1931118235530638
575,575,5,4227.373201842736,5890.321185720557,3646.2189457575932,2510.0750743213594,3659.409195068461,2909.942040681839,1.3933761947378889,0.8625259166066023,1.4578883446575173,1.159304783530664
576,576,18,9687.36519133289,10836.212002765478,7264.529098486982,5296.099101019703,6869.400264340032,5645.080735599672,1.118592288898166,0.7498973100535555,1.297067923637873,1.0658940907115535
577,577,14,16111.672530025586,14857.258664707664,8884.635921637879,7579.203558082764,9491.937937032833,7178.304599881172,0.922142542124028,0.5514409447610445,1.2523661443174003,0.947105397667535
578,578,25,21105.219731152152,18670.338510427933,10874.569281198936,10181.987456704248,12000.046702487442,8955.238365253776,0.8846313257222224,0.5152549662938422,1.1785564216724806,0.8795177172760383
579,579,9,19005.076178526448,19569.963741044216,12580.606005364594,10322.821480415605,12185.761055346831,8999.631110727787,1.0297229833341066,0.661960304035994,1.1804680608364277,0.8718189235183261
580,580,2,1647.8382210821778,1188.453238515381,1137.5458881689697,662.4271975323181,771.2852363004822,785.1967332363129,0.7212196096136749,0.6903261944136203,1.1643320793193326,1.1853328730482946
581,581,5,17736.803190608232,12518.462099207323,9253.052212370318,9602.601633919841,7957.819334235906,7287.148044168949,0.7057902128516564,0.5216865808867901,0.8287149293089519,0.7588722642026638
582,582,7,3025.2673837787597,4110.66840883667,2289.9062019875732,1802.590617525198,2582.59462623172,1978.7817552089691,1.3587785433042194,0.7569268800060008,1.4327127863216111,1.0977432901130189
583,583,44,21798.23083047237,25259.874422797053,17212.18014425948,11737.436059199876,16265.212147531971,13343.562770029203,1.158803878133337,0.7896136286527474,1.385755122796447,1.1368379518941392
584,584,35,13332.012553327671,15048.226176750146,9149.39070526018,6725.612257569684,9650.744335621053,7217.845423082088,1.1287287734359437,0.6862722839978493,1.4349242813929886,1.0731878595823592
585,585,10,21030.596916586626,22619.613899860182,17440.125790129332,10895.279241643402,13971.018018926048,11530.624013066292,1.0755573885789382,0.8292739316578539,1.282300132843471,1.0583137666627678
586,586,7,7698.165904820313,9539.864349707983,5556.303531992126,4492.11650461203,5959.034530802453,4634.680649161339,1.2392386014614813,0.7217697826586161,1.326553869358541,1.0317365198349016
587,587,27,17333.04256470414,16115.994508673712,10339.080085616713,8044.630427767313,10374.000193133674,7933.117458776361,0.9297845112023929,0.5964953958326122,1.2895558455148135,0.9861382110723138
588,588,9,9067.028320812868,9486.59516287119,6032.402743774866,4905.126896756057,5974.130540384138,4722.228852629662,1.0462739088500728,0.6653119997351079,1.2179359812964374,0.9627128822605276
589,589,16,3075.6115776441166,3309.3655169039307,2306.675477067017,1414.858420437635,2147.6111185266514,1709.0010318697907,1.076002425325394,0.7499892033941112,1.5178982486900463,1.207895438287863
590,590,8,4847.65047202088,5121.713686468775,3439.819053468475,2495.939001542302,3242.9706840408066,2607.4919441342354,1.0565352671422377,0.7095847923281665,1.2992988538729895,1.0446937775815044
591,591,7,7497.064802524206,8709.393286889623,5698.452478513611,4146.1911321447,5440.522830216359,4465.195094704628,1.1617070835451808,0.7600911328117351,1.3121736689939183,1.0769390393237654
592,592,25,5404.9504470977545,5946.322834601367,3900.353993893286,2556.914834426296,3837.6610617562364,2949.3862514230664,1.1001623220790688,0.7216262261918834,1.5008951452297028,1.153494129609847
593,593,21,5865.772461262106,7060.159143362671,4681.975822540091,3199.343825339474,4496.9364601207335,3585.877083479521,1.2036196749854111,0.798185721225998,1.4055808645835606,1.120816417128607
594,594,6,5990.649334181152,7262.465634516723,4928.245388778503,3065.2357774054203,4508.480480155973,3250.8653460741043,1.2123002414911692,0.8226562954802183,1.4708429652913004,1.0605596378709277
595,595,8,3298.7805212743165,4608.242890349536,2511.3086723709225,1939.5172006566224,2917.2409229953746,2171.919943044844,1.3969534682984532,0.7612839521074914,1.504106755025294,1.1198250483726269
596,596,8,8634.323411574005,9720.699220847266,6119.012607454132,4689.331380558751,6094.3479942747035,4431.538405577196,1.12582060660561,0.7086846665080685,1.299619817772089,0.9450256435170425
597,597,9,6280.37537539978,8433.572291009057,5196.418683597363,3671.495848612061,5279.933124392634,4163.004504929085,1.342845257951196,0.8274057477442712,1.4380877282997917,1.1338714999508523
598,598,10,4616.490706622692,4638.311976963379,2888.46623625708,2302.9560168275602,2978.3686769383125,2331.082036829135,1.0047268091126842,0.6256844039810076,1.2932807466471583,1.0122130078890172
599,599,9,3843.724239021814,5153.7764539415775,3173.0791061972413,2124.2850234213965,3241.3014898394727,2485.604405274272,1.3408288767492742,0.8255220481177795,1.5258317288416396,1.170089878650526
600,600,19,12098.878380300415,11870.726796505764,8169.741467623924,6370.964087817533,7558.1511780282,6011.998217501316,0.9811427492182968,0.6752478379257061,1.1863433969877164,0.9436559576591199
601,601,6,9963.112794592236,8960.813396628688,6653.278915773853,5224.911833431357,5637.738707434727,4590.625565301136,0.8993989711219996,0.6677911866445104,1.079011261273715,0.8786034504789593
602,602,9,4179.324559467712,4469.552610837011,3007.3462197136114,2163.4177100395755,2844.3497040452853,2199.9830573677586,1.0694437694990273,0.7195770936001759,1.314748275770218,1.016901658500112
603,603,10,6763.412742480682,7825.734730943751,5224.687919289569,3657.3750887238484,4933.726605974374,3765.5879644795937,1.1570689279083433,0.7724928402599988,1.3489802074678312,1.0295875793788225
604,604,8,6294.970420206336,7663.413347972218,5060.309755118061,3398.1341672867356,4787.705392372681,3543.327163430344,1.2173867129499596,0.8038655334860485,1.4089218249423796,1.0427272700240493
605,605,4,18638.61371088706,21575.665728828833,18621.85049057007,9771.327204704281,13105.159661726382,12091.4126663208,1.1575788877595656,0.9991006187167665,1.341185223581201,1.2374381097891742
606,606,2,12204.978227615356,13368.901743419874,12204.978227615356,6174.432814077273,8078.557573214924,7717.397638559341,1.0953646531847954,1.0,1.3083886109824339,1.2498957994917714
607,607,8,2077.360517690796,2149.8160996060546,1516.2783376795167,955.6117641199717,1372.7572460830177,1131.9953614750737,1.0348786747886212,0.729906207789594,1.4365219199108517,1.1845766282686303
608,608,8,2555.7152379446657,2445.177927284497,1737.1214831854493,1174.0598847485846,1573.08788574517,1316.6329975168057,0.9567489722567589,0.6797007183720756,1.3398702282397068,1.1214359800724747
609,609,16,38745.47039236598,29268.828110606384,21847.108521285027,19086.578434310806,18496.426025229386,15400.011262337364,0.7554128989584604,0.563862260544127,0.9690802408031113,0.8068502856779024
610,610,9,15754.752733246944,16588.647133795508,11558.734364328779,8279.669378362658,10329.75080686494,7772.094709302372,1.0529297041132746,0.7336665043264443,1.247604262298176,0.9386962635987935
611,611,66,23660.550944267943,27758.299566046746,20927.389923270443,12203.871034183623,17964.504593123744,14926.900641412676,1.1731890618874845,0.8844844725959502,1.472033303433338,1.2231283499802412
612,612,11,15856.370212602305,16407.424280782227,11041.12048652798,8280.49827752309,10271.745910889254,7691.847882032394,1.0347528507969594,0.6963208059908145,1.2404743732356405,0.9289112350776583
613,613,16,16875.338229608922,12522.001305949976,8792.12120966936,7121.927537425259,8084.5592753021265,6566.455164194107,0.742029649158633,0.5210041475934977,1.1351644948391149,0.9220053320800891
614,614,22,11193.872800180843,13787.103125188722,10039.530264883382,5882.894586116047,8727.334722646705,7333.7146314152305,1.2316651592615904,0.8968772867171751,1.4835103017558213,1.2466166993240364
615,615,9,8674.13977194903,9959.558738419653,6007.084527336334,4875.924507893773,6283.062333351265,4901.165389478207,1.1481897917563526,0.6925279837849069,1.288588927736563,1.0051766350245108
616,616,10,6473.065039547486,7460.475013955786,4970.486033365283,3267.9699474438166,4727.113028918276,3855.2644797562916,1.1525413337230006,0.767872098147921,1.4464983169798702,1.179712341838349
617,617,14,31671.284638176003,32000.263395038575,30769.229550787903,16815.706122917625,20741.172016253568,20310.8434040571,1.010387288063018,0.9715182033917001,1.2334404433951212,1.2078495696577414
618,618,7,21328.14158177722,17788.496445445362,13537.749666887697,10720.888247660661,11147.332241220643,9129.706869026024,0.8340387453468456,0.6347364872359231,1.0397769274064612,0.8515811990688514
619,619,7,6155.282732355323,7993.867164516235,4808.94288328136,3594.083848025241,4997.459785034555,3960.259418037073,1.298700240444906,0.7812708355382426,1.3904683352839404,1.1018828679283668
620,620,15,7236.281552177723,6399.884041727563,4704.116542906237,3510.0234365797,4131.233544584082,3651.253880401046,0.8844161183586824,0.650073730407927,1.176981755030591,1.0402363250198028
621,621,3,10649.715293539448,9328.18398730608,7046.1901032165715,5519.555916669762,5844.75795366277,4838.7485211491585,0.8759092360868029,0.6616317816018122,1.0589181524569498,0.8766554038406462
622,622,4,3228.6190106930667,4515.381366284423,2583.5589699729494,2012.0999481858767,2821.406182268335,2224.065139770508,1.3985488381656823,0.800205586789986,1.402219698286924,1.1053452597003148
623,623,24,23984.201331287055,21971.355530684606,13563.359573551896,11593.5811292926,13988.63551907348,10077.292007903878,0.9160761797818667,0.5655122464244279,1.2065845197502851,0.8692130494901501
624,624,4,10856.204614817218,12324.433469574877,7950.717054059851,5785.889193822032,7642.723893787051,5498.044621825218,1.1352432923706808,0.73236617548717,1.3209246907022831,0.9502505902974837
625,625,9,2474.323445396411,2473.2611814349366,1801.8692287492188,1081.0493807711396,1605.052491071274,1323.6659678645115,0.9995706850842598,0.728227036001165,1.4847170902834705,1.224426923884187
626,626,15,2132.154910071729,2510.6796852775874,1634.6346773817627,1059.2070022367361,1615.9039495402092,1267.2605978956271,1.1775315543058382,0.7666584963691832,1.5255789908185007,1.1964239239539982
627,627,36,25934.608978464097,24730.84977523269,18030.534360316276,13476.781301281362,15709.186197385152,12927.558771868447,0.9535848331381823,0.6952306231140286,1.1656482246166253,0.9592467580251751
628,628,11,3466.5977288152103,2890.0010471143796,2183.286108669092,1450.9770588370056,1875.4957685852326,1585.2419183661561,0.8336707265143521,0.629806594091112,1.2925743774946306,1.0925341022529793
629,629,9,2351.710861001782,3362.5836495373046,2053.59975585105,1307.0355659863187,2122.7279168378677,1650.5238168407382,1.4298456945956828,0.8732364976943879,1.62407815982881,1.262799467583895
630,630,6,2137.9401293036135,2825.5815129251223,1913.8935822821288,1163.9067634137048,1780.9365064964886,1470.418597179314,1.3216373434393098,0.8952044802608842,1.5301367450370797,1.2633474118378856
631,631,8,2516.90649880249,2269.6634580745113,1654.285346344336,1081.7126057705384,1472.9280122295584,1221.2354874644263,0.9017670935151489,0.6572692895550242,1.3616629818049912,1.1289833186278728
632,632,6,8708.563656968521,10215.9526819198,7021.265387498368,4787.357309783658,6330.933569634866,5009.017784396808,1.173092726232193,0.8062483853901681,1.3224276275966882,1.0463012180352935
633,633,7,18878.21728398239,15998.376805484204,12119.566396830292,9925.352132108857,10022.886837638867,8526.230094254017,0.8474516722009738,0.6419868049253457,1.009826825711753,0.8590355264748106
634,634,10,3422.6024277745605,2735.6694492837646,2129.0582772895996,1403.9456395195314,1775.345000757963,1524.9260846112572,0.7992951290759609,0.6220583086169178,1.2645397020966813,1.0861717446076677
635,635,27,16683.029872410156,15074.292462984478,9405.9582692312,7408.995245819781,9760.880933753537,7235.302450293317,0.9035704292488168,0.5638039577442981,1.317436522753974,0.9765564979105009
636,636,14,3558.3270996953615,3647.3255142557373,2555.117485934521,1575.3477998090975,2359.707428223806,1897.9854195782152,1.0250113078609313,0.7180670619497774,1.4978961652212661,1.2048040564808706
637,637,16,9741.094957934027,10492.914088955324,6812.753202698761,5035.534320076764,6634.003481175134,5127.821042071007,1.0771801459967236,0.6993826907672058,1.3174378446246002,1.0183270962182294
638,638,2,12212.62418035592,13996.615546087207,12212.62418035592,6361.374218169004,8491.394058566686,7949.901807665825,1.146077643869599,1.0,1.3348364311462824,1.2497145325863328
639,639,2,14413.452078918408,15956.609694151122,14413.452078918408,7416.599191720138,9752.49358907771,9602.059292078018,1.1070637073466798,1.0,1.31495491895603,1.2946714584223076
640,640,7,18002.232137626248,14350.069982065552,10661.632525092677,9379.66639727418,9041.816759318663,7581.433807373047,0.7971272602397257,0.592239475837495,0.9639806338897404,0.808283950224102
641,641,8,6920.474791679029,7735.157949958301,4840.738721008924,3715.613618304571,4867.219860271788,3747.5807193177093,1.1177207031024552,0.6994807244770666,1.3099370279767393,1.0086034513534066
642,642,28,28966.582124097367,24051.536061745886,16297.350494296094,14058.77412594191,15351.416166595081,11949.37871486408,0.8303201240210303,0.5626259399357403,1.0919455728553122,0.8499587949716416
643,643,6,4594.118617333539,5808.596108494189,3746.0778802006225,2455.367085547731,3640.0521857296862,2835.028869986534,1.2643548398115898,0.8154073049108328,1.4824879779300622,1.154625264252131
644,644,27,7795.218941425023,8180.325987454103,5597.5392609225955,3742.613270046046,5279.995627159899,4223.459665053248,1.0494029800731521,0.7180733861336965,1.410777776431851,1.128478782153542
645,645,7,2510.71260575227,2311.6759990356686,1654.1597541531494,1225.7307775180727,1485.4712995274465,1314.1225864887238,0.9207250538111807,0.6588407412155893,1.2119066656181308,1.0721135591859998
646,646,9,57708.37308317427,58879.9143591593,51843.19758437539,28630.3509237628,35991.31534963434,31982.442576309044,1.020301062279065,0.8983652599191198,1.2571035348282105,1.1170817522101713
647,647,5,2847.491946865564,3819.756874901025,2460.5673994013673,1653.9250649798032,2390.7467291895896,1965.6539599260936,1.3414460676897444,0.8641174216874917,1.44549881963291,1.1884782458086136
648,648,12,11076.701919697583,9620.343139329785,6633.860604298413,5540.497392122327,6131.535778657234,4945.816354688133,0.8685205405971997,0.5989021508741232,1.1066760517521885,0.8926664890629256
649,649,20,9047.77691503457,10851.92163041577,6496.497722207104,5026.015032270309,6885.768096808488,5281.815813916747,1.1994019892757608,0.7180214303705875,1.370025368527023,1.0508953475077232
650,650,9,3026.6205946509517,3352.1011678699456,2102.51188910896,1592.8507718492467,2130.16139149207,1722.160938663657,1.1075392712896446,0.6946730927638568,1.337326401907081,1.0811815953507593
651,651,7,5982.192094847302,6396.8447214994885,4129.678870569068,3111.6835969358035,4050.644420221565,3335.9311886127443,1.0693144954354348,0.6903286964198497,1.301753309433643,1.072066321877252
652,652,14,8062.066773437829,8059.956375469651,5064.816451188599,4065.6065092233866,5138.052200101017,3918.045034980915,0.9997382311474855,0.6282280454282144,1.2637849207601966,0.9637049296562006
653,653,15,48103.95697364342,37869.517478433074,29050.992827205453,24248.511684823305,23845.570014711455,20158.21650631825,0.7872432926709566,0.6039210629413033,0.9833828287958785,0.8313176811975189
654,654,3,6264.508116581908,5929.556065279956,3829.700899006836,3577.7951510230864,3744.765929065535,3329.0592243671417,0.946531787481391,0.6113330572387268,1.0466686243885994,0.9304778736186677
655,655,7,8424.78950891819,8417.868629404664,5425.380540940283,4589.8179234703275,5314.46512229409,4378.325684070587,0.9991785100973503,0.6439781712287487,1.157881469571643,0.9539214315412685
656,656,3,5512.070197996332,7456.495374988379,5251.153945922852,3169.185046914094,4598.256761363803,3714.856065750122,1.3527576948673214,0.9526645629135265,1.4509271920998201,1.1721802326965287
657,657,9,6126.372801910059,6131.552379672046,4259.220883582886,2949.1365986528135,3897.5613754575947,3243.8863906926335,1.0008454558560935,0.6952271794910948,1.3215940479793402,1.0999444353220071
658,658,19,20367.535084598214,17385.94653124698,10484.16192739817,9716.595281502876,11145.196701741881,8536.497030898598,0.8536107319335913,0.5147486862721165,1.147026955312071,0.8785481728511645
659,659,7,7414.250171999231,9791.74186881841,6061.071879347315,4158.907231669394,6094.363573430169,4479.492521762848,1.3206651571858272,0.8174895287776572,1.4653761755065353,1.0770840204494705
660,660,10,26456.377067273083,25459.137780071287,18755.811463401922,13791.417002695409,15860.75827790843,12488.077735433973,0.962306279326681,0.7089334800343139,1.1500455881225684,0.9054963484167936
661,661,8,5780.9354589459235,8532.096955756078,5045.483939281787,3512.2720609693256,5318.773321440193,4109.393727812118,1.4759024757062056,0.872779842486213,1.5143397860734926,1.170010083637427
662,662,6,1337.1320846117676,1219.286132911377,982.8971418828613,559.8313527373352,791.2540289394835,701.5131507761572,0.9118666337779138,0.7350785709163823,1.4133792705081463,1.2530794271275782
663,663,6,3201.5768277759526,2659.8588603402586,2159.3932658649414,1301.7935914241639,1726.1856895080282,1527.7182216644287,0.830796511663907,0.6744780406737928,1.3260056746934656,1.173548734398902
664,664,9,2503.5533702338867,2352.9165202104737,1632.5911525947265,1159.0711667540468,1516.3327576834713,1257.4746375083923,0.93983078139479,0.6521095863205851,1.308230936267639,1.0848985580669066
665,665,9,7581.388403870426,7816.419398503028,5519.261065949285,3994.8608534665864,4906.0648020956405,3980.702697436015,1.031001049163055,0.7280013596363971,1.2280940393301425,0.9964559075898012
666,666,13,14739.264485922467,15375.570223557492,9578.027116656292,8216.622979525857,9695.486125755391,7608.1511352832085,1.0431707931045515,0.6498307378773416,1.1799843013260507,0.925946237796375
667,667,14,11135.933888758911,13574.449642456078,7583.237410654272,6526.182745292374,8564.16634076768,6642.211681993343,1.2189772117952953,0.6809700458359507,1.312278045990268,1.0177789898366951
668,668,12,6677.026806238623,5368.962811775367,4139.727927477173,3253.0872704506587,3472.1571158667366,3269.6302023688895,0.8040948415481757,0.6199957028192927,1.0673421360090747,1.005085302219986
669,669,25,18106.50246883545,21411.347834702905,17014.473464353676,9965.370068176826,13633.17843807476,12042.200681920103,1.1825225700852877,0.9396885728560028,1.368055410366608,1.2084047656569603
670,670,6,2902.668899924768,2742.3647409312503,1946.9495055276,1359.974568560257,1760.7096233641576,1503.9539454313874,0.9447735292862122,0.6707446052762206,1.2946636386209343,1.1058691685856705
671,671,6,2069.6650455083377,2095.3576516058592,1476.4196289891845,992.6994500682282,1341.779126952053,1140.5868556499481,1.0124138957428308,0.7133616293097108,1.3516468925814682,1.1489750050446341
672,672,12,25920.634672132626,21386.50299536555,14638.886918241635,14258.357075220734,13486.225714504724,11360.1417942365,0.8250763635181457,0.5647580432889615,0.9458471016932323,0.7967356781924774
673,673,6,1830.4116686983157,1485.2294729144774,1216.4115538942383,749.6813677569276,963.8512476926959,863.9345197677612,0.8114182718091433,0.6645562715185709,1.285681209573838,1.1524022830561775
674,674,7,2495.641814479956,2134.946321528003,1713.9886724114747,1040.0508996755793,1385.5070292188736,1222.8766600965528,0.8554698471314423,0.6867927370293069,1.3321530990945267,1.1757853971166237
TOTAL,,10505,8373148.935864705,8432768.918355495,6031422.447316434,,,,1.0071203776437583,0.7203290534439254,,
MEAN_OF_PROBLEMS,,,,,,,,,1.0463951168201329,0.7160126228678036,,
