problem_ordinal,example_idx,steps,our,weak,strong,our_power,weak_power,strong_power,speedup_vs_weak,speedup_vs_strong,power_vs_weak,power_vs_strong
0,0,8,24274.89563957711,32394.977168068875,24047.63948152809,15238.478728896649,22644.005352465745,19241.070767998695,1.3345053115389305,0.990638223067023,1.485975454329705,1.2626634922232725
1,1,7,4821.3594145396,5652.592176604468,4320.0753841685055,2914.3218480417727,3951.0887946529224,3431.3530879921436,1.1724063050678506,0.8960284875549019,1.3557489531596474,1.177410480691342
2,2,9,9639.38463639065,12174.051377871214,9029.226263218652,6167.445209530408,8509.56785081998,7291.447777748108,1.2629490197861466,0.9367015223286634,1.379755727326178,1.1822476779332884
3,3,15,11716.570936974633,13160.511101853857,9115.735551098694,6821.044019797067,9199.040515706241,7491.56639984864,1.1232391433164546,0.7780207707642227,1.3486264696441472,1.0983020162464106
4,4,9,22620.974967374834,27187.139687370996,21172.24896230481,13737.668194516562,19003.716523201932,15668.974654388883,1.2018553456065324,0.935956517914924,1.3833291250102642,1.1405847362540906
5,5,25,27446.3214507792,25700.279864447246,19084.67181272666,15123.665049706962,17964.23428587903,15098.233197810161,0.9363834024365264,0.6953453433441751,1.1878228079526996,0.9983184068271008
6,6,6,18219.730803014445,19216.092559188575,14064.829472262732,10737.96449747418,13431.985895591215,10064.720156513822,1.0546858659409657,0.771955942945969,1.2508875307560134,0.937302424391632
7,7,16,12604.434686337378,13990.31942594038,9254.601496530859,7456.098514464722,9779.066064593126,7801.056348055285,1.1099521536737573,0.7342337619125765,1.31155269013974,1.0462651925697266
8,8,4,4669.650395679785,5627.541231306909,4501.147235120703,2934.3751003917423,3933.6095165571296,3535.6701049804688,1.2051311671026455,0.9639152514040503,1.3405271589279737,1.2049141585574568
9,9,6,16776.372550073043,20043.769341878444,16076.747450368017,10083.65477176274,14010.532006502632,11759.476176738739,1.1947618164804747,0.9582969978988706,1.389429956064772,1.1661918662337392
10,10,8,7160.110279391723,6539.097691694239,5366.603587417847,3774.481030831567,4570.745669471873,4099.419236898422,0.9132677342296128,0.7495140965725124,1.2109600318920875,1.0860881809744498
11,11,11,13818.31408689768,16242.584530651513,12758.650684878321,8625.68746751991,11353.451621367005,10021.364092385415,1.1754389449037412,0.9233145667875565,1.3162373044604863,1.1618046828291582
12,12,9,29005.366428784604,30378.339482862917,25132.291598836367,16703.38921343089,21234.365135985172,17896.55511496032,1.047335139083635,0.866470405072882,1.2712608719499277,1.0714325629537522
13,13,7,25282.11677764313,29053.381735850144,23596.411486989437,15191.23803363571,20308.240603162452,17113.84854745865,1.1491672944704507,0.9333242028157882,1.336839075142982,1.1265604889848995
14,14,7,10968.107565331225,13736.726820090724,10267.250233171802,6926.232130440542,9601.898857693019,8236.74073433876,1.252424517016112,0.9361004322774201,1.3863091327091128,1.1892094546093221
15,15,67,28349.49191920195,34669.69739852479,24296.855702812667,16665.658065431635,24233.41873708879,18855.270992279762,1.2229389329916693,0.8570473069521111,1.4540931202323424,1.1313847264987322
16,16,10,7923.64514478645,8123.670379983592,6180.617049357983,4375.509907396527,5678.341088285331,4838.809752702713,1.0252440930332114,0.7800219389462015,1.2977552807471535,1.105884766601261
17,17,39,19542.556399048015,18509.973352317036,12660.934333168028,10090.177814827826,12938.063939463209,10053.160541278938,0.9471623350780618,0.6478647969405265,1.2822434031291625,0.9963313556779455
18,18,5,13273.471721940325,15933.57814456411,13087.156412308368,8046.322777320016,11137.518829507912,9621.096870481968,1.200407736449747,0.9859633324622986,1.3841749999019402,1.1957135124632001
19,19,6,3265.9313834791747,3089.8156933346436,2298.8971938240725,1682.9553527687685,2159.7184727081153,1834.0340283773146,0.9460748958060117,0.7039024780046276,1.2832892263927171,1.0897698654690953
20,20,11,42619.2111699252,43338.076388716116,33976.10103839856,24967.388425836783,30293.20026909977,24113.812358317926,1.0168671638694757,0.7972015461040312,1.2133107296777472,0.9658123607899832
21,21,9,21250.05641382031,26620.404572531832,20370.91904302694,13091.435382857933,18607.568651342146,15168.001439979924,1.2527215953750988,0.958628939440292,1.4213543516937108,1.1586201968228074
22,22,24,25347.41187018672,27646.639234709994,18412.59348476062,14838.812335207143,19324.74994434548,15336.390742925536,1.0907085652885766,0.7264092120749125,1.302311095241418,1.0335322259273958
23,23,64,25246.516344986565,29648.175197797907,21195.19500756714,14553.570866233236,20723.406025417567,16623.596646797978,1.174347176959542,0.8395294906410352,1.4239396101405875,1.1422349057555046
24,24,8,28417.842698913533,31374.39472015361,25544.247032257277,16874.122235966763,21930.618223182577,18247.007040805503,1.1040385807101787,0.8988805836846258,1.299659793647697,1.0813603685952013
25,25,8,16611.403157671844,20035.110472177344,16356.45638908664,10102.812581398244,14004.458586882365,12056.69336181879,1.2061058468094725,0.9846523038321745,1.3861940399318116,1.1933996859466758
26,26,15,11381.550495751513,12811.348678489674,9286.811051834455,6596.515244103435,8954.97599625148,7167.428795252349,1.1256242006106174,0.8159530685472969,1.3575313123480237,1.0865477498379539
27,27,66,25751.90008138776,31216.532479285426,22072.302136559967,15066.397485054807,21819.666889214088,17424.418226471687,1.2122030755255702,0.8571135359643915,1.4482338535710493,1.1565085976097425
28,28,27,21607.919906858744,21298.468413007664,14894.683365197998,11807.481790984439,14887.347271618752,11886.522642799837,0.9856787929988182,0.6893159281134764,1.2608401634788828,1.006694132856995
29,29,55,21748.396740099717,27055.320964081264,19059.567742794778,12671.486204595398,18911.094874379178,15014.66241583621,1.2440145031103205,0.8763665648812046,1.492413326190652,1.1849172364951985
30,30,9,8654.55517468838,10728.275752990601,8042.143012296704,5448.082684212665,7498.970709212429,6437.275073888505,1.2396103019098135,0.9292381699543875,1.3764421621101277,1.1815670662529223
31,31,6,21849.519592791432,24086.615061491622,20154.2674409509,12798.09917143323,16836.481165625846,14202.789399882968,1.102386483107768,0.9224123832727276,1.3155454525002221,1.1097577233645104
32,32,55,22641.707778543285,24114.26095625813,16699.35115084643,12362.293595862158,16855.293918749252,13198.280615288419,1.0650371956089961,0.73754821474517,1.363443910148758,1.0676239415399484
33,33,21,19352.082606000193,22051.000672009326,15780.102990542922,11199.375960169238,15413.430001585702,12263.66962478408,1.139463959562281,0.8154214361223446,1.3762757904015201,1.0950315150058376
34,34,13,10106.500718434643,12115.610816289845,8461.330426181848,6076.989991138644,8468.676101525798,6966.814104927937,1.1987938410958117,0.8372166254090359,1.393564266828589,1.146425140585523
35,35,6,3607.47322242666,2677.915505828515,2187.162832247217,1644.0956906834106,1871.8002252157326,1667.2686095237732,0.742324430623811,0.6062866436957127,1.1384983464299883,1.0140946290241355
36,36,75,26690.856121082692,30075.139372541897,20794.654268207494,15075.60047733912,21021.739130896374,16619.331081506443,1.1267956050606414,0.779092816426451,1.394421347427931,1.1023992779914658
37,37,8,14051.99417233666,16096.98040307278,12881.659091277796,8256.228970162736,11251.705656189473,9669.765193852436,1.1455299657583096,0.9167139505819869,1.3628141487902188,1.1712084571295311
38,38,9,20714.407909882826,25884.652550856103,20714.407909882826,13129.62292428725,18093.278056538013,15754.886034686893,1.249596544756008,1.0,1.3780500903090647,1.1999496196911654
39,39,25,9636.389320641187,11199.557694664036,7447.764926977174,5503.746572482054,7828.229696608566,6063.686600350126,1.1622151536234153,0.7728792060138158,1.4223455955891202,1.1017379743950588
40,40,12,11676.099124392053,14825.910088035524,10472.84399539453,7463.13544839726,10363.18574347283,8582.256122343311,1.2697656922990086,0.896947163930473,1.3885833662175284,1.1499531506139804
41,41,8,18614.611744880676,22740.743164410913,18614.611744880676,11485.52490540694,15895.695879260831,13927.133630633354,1.2216608907067315,1.0,1.383976440796167,1.2125813791999178
42,42,7,5785.712461438171,6975.639118488183,5372.0282231842775,3525.3804328345154,4875.898603688843,4273.335094496211,1.2056664006344742,0.9284989980039445,1.383084378149926,1.2121628221157161
43,43,8,11446.208023186035,15522.410630524342,11263.97365143921,7632.43954552009,10850.081397427715,9153.681720256805,1.3561181658660528,0.9840790616964429,1.4215744956402885,1.1993127054153503
44,44,28,9130.674191485594,9754.442198383154,6400.670328011109,4927.4104531248195,6818.062631484222,5248.490453511077,1.0683156570715477,0.7010074167337798,1.3837009716047517,1.0651620163249518
45,45,9,43480.22672043455,45974.19377080491,36076.26241950526,26297.370935703224,32135.86719931902,26840.49653697014,1.0573586487118813,0.829716520372935,1.2220182495767677,1.020653228134282
46,46,32,16438.83993801885,14983.048562096903,9514.634268711476,8147.681737682348,10472.816597224128,7718.712491653961,0.9114419641890258,0.5787898844800204,1.2853737951972553,0.9473507606409759
47,47,16,8731.12925963308,11287.725754571775,7630.904514084229,5507.569073780887,7889.953148301675,6359.195200506767,1.2928139555508233,0.8739882651107278,1.432565446316828,1.1546283151999122
48,48,44,21544.055234303007,25406.578886982716,16318.32191732726,12723.808720396042,17758.73901278812,13709.790449806183,1.1792848937060696,0.7574396621182442,1.395709366828281,1.0774910839259655
49,49,12,39032.084152265066,44852.644898510174,34801.22983761108,23944.44725230032,31351.87321326982,26120.390486478806,1.149122468673181,0.8916057288114739,1.3093588205615343,1.0908746487755923
50,50,9,6668.843877736231,7474.61577418281,5800.208431209131,3847.383634217022,5224.662386670586,4552.378050583802,1.1208263248052077,0.8697472211897151,1.3579780139949191,1.1832399582139026
51,51,20,17186.55327369479,14212.639512597538,9151.788003610181,8532.895949361864,9934.42594577768,7571.291894674301,0.8269627589815212,0.5324969968014254,1.1642502152531968,0.8873062486178005
52,52,7,37425.58570528728,39821.5857416017,33602.26623304912,22491.54662269265,27835.21515613318,24451.894738018513,1.0640203751300525,0.8978420938460284,1.2375856415338322,1.0871593291564923
53,53,30,11302.55805855155,13026.228359540426,8823.103009676539,6417.019799356496,9105.02025878436,7159.594283262768,1.1525026717013624,0.7806288597651531,1.418886109670009,1.1157195251260932
54,54,8,16513.649934202396,19978.2857712157,15199.019854060309,9833.893135640881,13964.738082351772,11062.061337268353,1.2098043649234376,0.9203913074710831,1.4200620130535597,1.1248913512366974
55,55,32,22831.76083931006,27844.503595418148,21183.584516229883,14091.323416416737,19462.973736368487,16584.00069387448,1.219551299235647,0.9278121238795359,1.381202684887187,1.1768944763948654
56,56,15,25094.07585166294,25678.06033731289,18221.01527595618,14571.825397511553,17948.807230983315,14846.094627390637,1.0232718068241293,0.7261082409914172,1.231747344025166,1.018821885549488
57,57,9,14109.121242644547,15786.219069888231,12380.940532889672,8279.229572364093,11034.47305097508,9115.848805296911,1.1188662141604317,0.8775132284970745,1.3327898392632977,1.1010503725763854
58,58,10,25282.56152394282,27301.289851591308,21196.332959265786,14918.851170815922,19083.497013470325,15272.850974123847,1.0798466692442035,0.8383775884098082,1.2791532534891985,1.023728355438012
59,59,14,29814.530602648025,34454.78710076785,26051.421950580105,17806.717812238807,24083.749810182315,18957.094935774803,1.1556374158615026,0.8737827302324292,1.3525092082735886,1.064603546575289
60,60,10,14371.999089618846,18210.25939156028,14034.960320455335,9154.87825480336,12728.86682241103,11008.902321364307,1.2670651645611277,0.9765489291321372,1.3903917090030637,1.2025176102793265
61,61,10,10901.457645855487,14361.7588253531,9958.34536864414,6940.027245296548,10038.764898374618,7994.640125513077,1.3174163760396893,0.9134875070977413,1.4465022316991871,1.1519609135441462
62,62,9,9267.57704979431,11827.575447056348,8685.905387179102,5910.9360040597785,8267.381191049184,6992.620225106217,1.2762316820790667,0.9372358428217095,1.3986585517709784,1.1829971125221979
63,63,11,14129.691436701589,18482.033524451956,13324.049324117615,9252.090599223719,12918.826473323114,10779.815087914467,1.3080281057267285,0.9429823279444494,1.396314306996415,1.165122084820368
64,64,11,14671.756811058995,17721.35223768963,12911.555352067591,9114.760610825488,12387.110235780247,10479.135692238808,1.2078548237885165,0.8800279011123854,1.3590165188834724,1.1496885260807475
65,65,30,17336.511598807396,16096.205303743893,10387.302660508374,8783.446552091618,11250.934035876986,8438.010183705652,0.9284569858247131,0.5991575987653094,1.2809247451045034,0.9606718881549171
66,66,33,10206.20899228545,12027.116642738945,7954.67971510841,5774.124849316159,8406.60985890172,6460.331086118761,1.178411754239979,0.7793961226074344,1.4559106493683336,1.118841600192256
67,67,16,10946.087510594176,12837.095376964917,9196.77156926759,6505.744785753093,8972.962505863272,7458.7059355395495,1.172756509076008,0.8401880178983121,1.379236782468493,1.1464799467500388
68,68,8,13823.335716951686,16206.117620530837,12604.854291957789,8635.939368658253,11327.992543491853,10002.545351123637,1.1723738721513595,0.9118533001047162,1.3117267340486038,1.1582463614120662
69,69,8,17065.63365248114,22123.673002314674,15876.244226791176,10964.453703868732,15464.36374672835,12508.855754256248,1.2963874329446978,0.9303049948270135,1.4104089601173522,1.1408553578773
70,70,7,12650.21624178125,15991.97378417959,12640.680843674865,7937.608581732709,11178.31651203914,9583.889159560204,1.2641660410010347,0.9992462264735925,1.4082725794472235,1.2074025899458154
71,71,29,16356.933205681651,21053.598398628907,12468.721328133239,10165.872485376387,14716.162276345609,10864.489184704098,1.2871360501316866,0.7622896768816159,1.447604452791909,1.0687217649378027
72,72,7,34771.27469321371,42721.8935993176,32904.70600128174,21270.159407761883,29862.530271977394,24181.371748924255,1.2286548013051592,0.946318657903667,1.403963632782178,1.1368683837931188
73,73,5,13922.841673411938,16225.933057941504,13750.837758205029,8726.360095669885,11341.874939571511,10402.570996284485,1.1654181982782807,0.9876459188977649,1.2997257522296695,1.192085919242131
74,74,9,9579.895133365137,11017.75804488982,8046.605724060327,5836.338864155071,7701.3188007651825,6527.72448690388,1.1500917172377862,0.8399471614292912,1.3195462052527867,1.1184622138709386
75,75,75,20045.72358968511,24875.935605330964,17858.159609464998,11449.642877618733,17387.495745639946,13874.46243330478,1.2409597236056535,0.890871288809661,1.518605945311034,1.2117812390835332
76,76,33,9952.519872737916,11108.749196074681,7632.028398829492,5461.422607300086,7764.671024262604,6086.899296108413,1.1161745304828705,0.76684382411888,1.4217304871964767,1.1145263301858888
77,77,8,9653.166040647313,11707.050240430859,9005.547194116089,6019.991348118292,8183.144499089972,7127.944779778413,1.212767934492694,0.9329112496558905,1.3593282823650288,1.1840456850501024
78,78,9,4128.651675246558,3501.1708075231445,2469.8053704858153,1976.9188278108957,2447.224359847478,1956.5202793477167,0.8480179687994772,0.5982111267205223,1.2378982512688022,0.9896816459147355
79,79,11,14818.803238058728,17731.262977985723,12685.998655361596,8989.186452193277,12394.037815964017,9838.180017828554,1.1965381207334613,0.8560744381017552,1.3787719146642006,1.0944460958898157
80,80,7,10605.222786792652,13152.000400072558,10184.016674277393,6783.88849939656,9193.175105133918,8058.92466545105,1.2401437164009008,0.9602831434112055,1.355148320310935,1.1879506371851345
81,81,32,10675.040816474037,12508.095536361578,7780.4902651517805,6185.137230181955,8742.82453078874,6601.160014171246,1.1717140712997292,0.7288487602918294,1.4135215122028169,1.0672616901625402
82,82,11,17561.777844800134,23207.41937354551,16806.67619841371,11582.81461766493,16221.87114996271,13579.748123874233,1.3214732345801192,0.9570031204665305,1.4005120245318234,1.1724048577246313
83,83,7,15064.193464774464,18623.336601600073,14600.675050284717,9605.486230996665,13017.639096916853,11448.617054205533,1.2362650974410394,0.969230452624389,1.355229582747124,1.1918831362498996
84,84,10,4880.447231061792,5058.03972803999,3802.2208762714604,2671.291290802481,3535.465300160754,3002.906546868056,1.036388570262148,0.7790722235601855,1.3235042214728545,1.124140432459522
85,85,8,22071.210256548497,26548.045557730762,19692.11596222805,13982.46681511537,18557.000141945,15507.82299542427,1.2028359681750571,0.8922082537991058,1.3271621086119407,1.109090634755518
86,86,6,5437.158715872266,6281.5292992831055,4894.97507683042,3272.684360931177,4390.72627728049,3862.7492764882,1.1552962912312887,0.9002818075810272,1.3416283982947859,1.1802999771689353
87,87,4,13330.167651176453,16955.66677212549,13330.167651176453,8000.99234418509,11851.969216971718,9702.069905877113,1.2719770085284012,1.0,1.4813124056524585,1.2126083226324198
88,88,24,35811.63306891001,35490.426788026925,25141.51372783486,20285.885050788187,24807.55742295565,19321.54964616381,0.9910306720649962,0.7020487917838506,1.2228974659398348,0.9524627393771559
89,89,19,29308.693835224913,35207.105296402784,25561.691233888465,18387.079854254513,24609.567949030356,20435.128499569477,1.2012512565158675,0.8721538864064601,1.338416330602711,1.1113852042602117
90,90,76,38673.574961406426,38940.105059502755,29568.062268957765,21837.130509185,27218.339648731617,22379.494826955095,1.0068917884721624,0.7645546681025652,1.2464247368619794,1.0248367942638785
91,91,65,19219.131974072025,23749.74709305916,16601.695604866192,10833.227862357891,16600.394350645147,12982.912362828249,1.2357346380210747,0.8638108956878521,1.5323590126195326,1.1984343473416492
92,92,14,6470.515069795813,7705.603011601269,5128.781516882751,3866.89525439017,5386.0702489220885,4291.989725917885,1.1908793857185824,0.7926388334715055,1.3928668594803975,1.1099317265046411
93,93,20,12767.745272157244,13525.524419439938,9399.053113093572,7579.745828991946,9454.132602844516,7596.974521595146,1.0593510546404141,0.736156064578621,1.247288869065132,1.0022729908089136
94,94,8,4793.043064557007,5636.400248541431,3945.748514099243,2864.5631379349547,3939.76017730966,3273.481233358383,1.175954434922727,0.8232240897806175,1.3753441581147372,1.1427505960710695
95,95,5,6984.104957122876,8821.251710591992,6980.783159423901,4474.132622225018,6166.002702412604,5439.3821704387665,1.2630468420431549,0.9995243774657787,1.3781448211399256,1.215740039403151
96,96,7,13066.483825992542,15510.706838376758,12604.73542737804,8140.045237336876,10841.910911772555,9738.998160449928,1.1870605011213529,0.9646616178641749,1.331922685397708,1.1964304713908656
97,97,7,7351.091435386828,8225.830661407203,6570.0471540849485,4411.3390352864635,5749.782476042036,5148.5394910751,1.1189944695572058,0.8937512492985635,1.3034097878329718,1.1671148941153113
98,98,9,26633.403122850585,27819.15873353975,22505.65921859734,15723.109443748857,19445.49783591708,16046.679635716186,1.0445213705969036,0.8450162795489031,1.2367463258769185,1.0205792749280882
99,99,17,10031.315888862868,12386.827970972095,8498.192964107056,6033.365951384253,8658.215150744694,6929.6294942151335,1.2348158614688232,0.8471663197788497,1.435055526303392,1.1485511653118352
100,100,9,8919.323221613244,8777.90291624917,6945.453691126184,4834.830174430222,6135.660079347769,5348.344291090965,0.9841445026881204,0.778697387521063,1.2690538980659953,1.1062114072540843
101,101,8,9345.301256604469,9396.216955880202,6613.207354876611,5233.2433145591,6567.8719621970595,5501.0536997546515,1.0054482673032878,0.707650526536312,1.2550289691146153,1.0511748392150029
102,102,14,30733.241286226737,36556.541605342616,29027.001753009205,18518.852358424298,25552.876236859287,21292.021994364262,1.189478885903441,0.9444822784122613,1.3798304420973033,1.1497484607721082
103,103,10,4070.2479801688723,4700.537935615991,3236.5334563239626,2316.165999081351,3285.571555469178,2669.8750607424276,1.1548529619124013,0.7951686167754527,1.418538894350542,1.15271317418586
104,104,9,13614.383171323632,17176.40436282837,13211.634217060913,8786.750439498912,12006.212581737029,10418.003345589186,1.2616366196455764,0.9704173924595394,1.3663996336763737,1.1856491677238645
105,105,46,17910.11209679348,18874.08543272884,11849.824149656593,9442.592865705315,13192.505197546261,9661.7777006437,1.053822853297939,0.6616275814252506,1.397127397651582,1.0232123568235634
106,106,9,19388.825352293923,22770.667479610598,18560.300019206763,11809.250588882835,15916.602493407807,13919.24756026268,1.1744222285707764,0.9572678943652904,1.3478080064108058,1.178673232098757
107,107,6,29461.358973928098,32743.65236763982,28722.937808178052,17203.905252671993,22887.750234271436,20382.967986290627,1.111410115080448,0.9749359435047272,1.3303810906954783,1.1847872728271904
108,108,10,40045.03878124377,47492.73360770823,39078.1238557616,24392.6972287678,33197.31618605045,28786.969517350197,1.185982959515894,0.9758543141694983,1.3609530702860864,1.1801470434929993
109,109,11,13322.850439950562,16415.655605444288,11779.046535491943,8309.591785306042,11474.428273554357,9474.97304391861,1.2321429021089576,0.8841236031720892,1.3808654588598126,1.140245307919136
110,110,11,8459.142151482105,9803.52234892124,7039.96531859519,5098.264971931959,6852.547167334347,5732.7628794823695,1.1589263040346933,0.8322315895071861,1.344093962369636,1.12445369376515
111,111,9,10423.88974707041,12909.811709834376,9954.400241897682,6547.365838358307,9023.864343463827,7787.774702310562,1.2384831404670817,0.9549602387818159,1.378243490014983,1.1894515893224131
112,112,8,17789.746331460963,20898.483890948875,16100.552857444862,10638.522704766621,14607.956582382865,11687.651930451393,1.1747488413586957,0.9050467925431415,1.3731188989085605,1.0986160630380293
113,113,20,19475.093550466547,15704.962807969043,10739.243322002809,9720.020181727768,10977.559905717562,8719.445143461227,0.8064127018066526,0.5514347489101298,1.1293762461886434,0.897060394982772
114,114,93,24527.02689506739,31627.57007892734,23320.445643730338,14347.505333622234,22106.700296514202,17962.188586115582,1.2894987319187854,0.9508060533998229,1.5408044661749603,1.2519381013243207
115,115,12,13612.175084490143,16365.330850359913,12544.477238472688,7907.8109717626285,11439.240870396781,9231.998399913311,1.2022568582009163,0.9215630243226888,1.4465749005943938,1.1674530957908729
116,116,11,16041.402181101423,19594.81528751016,14359.805825135925,10178.19444652056,13696.6608842192,11220.285010635675,1.2215151185845248,0.8951714858226916,1.345686698774107,1.1023846193537161
117,117,8,17359.973511655462,19887.378120715748,15465.368317237298,10264.110749224752,13901.193648015511,11112.035192966461,1.1455880452446192,0.8908635895586978,1.3543495376903905,1.082610609380433
118,118,39,26888.14132790405,31955.95003847841,22266.622579734096,16044.088161423695,22336.801651441998,17986.204110054725,1.1884774647965375,0.8281205572445492,1.3922138439221783,1.1210486958866657
119,119,8,6610.55267858894,7536.771072799365,5688.970739532544,3894.2083945700992,5268.119385553957,4544.977177185654,1.1401120964076688,0.8605892753806611,1.352808800088761,1.167111956186771
120,120,16,9108.21030827522,9410.610195300833,6718.86386043501,4983.4452135168995,6577.849343278474,5430.974837272152,1.0332008020006815,0.7376711376910806,1.319940134073708,1.0898032595083802
121,121,7,11329.45523063258,13718.74319790625,10888.02368141078,6956.171139112134,9589.328338080466,8275.059510827065,1.2108916906095812,0.9610368247867507,1.3785354250649475,1.189599759025375
122,122,49,18156.148205575242,21762.42318367229,14306.997094520075,10185.532308146176,15211.421981742138,11509.010331626694,1.1986255530228411,0.7879973732604143,1.4934341693243034,1.1299370502631492
123,123,23,18413.434852200633,15411.82569482497,9869.861559373538,9150.1280145906,10772.625749476252,8118.500712282466,0.8369880914957627,0.5360141461164681,1.177319675997806,0.8872554241139443
124,124,6,6013.461428276904,6577.831785874682,5363.43300287102,3540.6406757534087,4597.841727657603,4129.505578720175,1.0938511644797384,0.8919044491830816,1.298590325514812,1.166315917624559
125,125,8,12780.604392921765,15866.520844960207,10758.602464179407,8499.328369704106,11090.61436061918,9237.341731667519,1.241453092292529,0.8417913686568534,1.3048812656952664,1.0868319624635359
126,126,11,4400.681106867481,3673.3728484498047,2637.73675105083,2064.392128225677,2567.572690168812,2077.193082332611,0.8347282521147293,0.5993928410160217,1.2437427245838286,1.0062008345855962
127,127,7,3366.874603599536,3426.3349283857187,2191.641216555127,1866.7649060373353,2394.934964924017,1919.0846194416577,1.0176603918431097,0.6509423351294511,1.2829333555492275,1.0280269428866562
128,128,5,4135.057597378638,4429.2348757271975,3579.510510490515,2386.838988081064,3095.982925654911,2779.3853541612625,1.0711422444357364,0.8656494924664885,1.2971058965916984,1.1644628598914384
129,129,22,24201.31227566845,21934.367538505223,15695.291595200795,12654.240344707046,15331.892938069583,12208.914755222175,0.9063296770298538,0.6485306010030105,1.2116012119591621,0.9648081925620181
130,130,6,6497.636842946789,7623.85831175166,6132.882168752453,4017.655625337588,5329.014259223212,4784.294742465019,1.1733278568849825,0.9438634871399009,1.3263989640165927,1.1908175285837281
131,131,11,9585.994122372094,10276.971571115331,7801.2925979702395,5426.861076648252,7183.488175040016,6120.218166236889,1.0720819812658358,0.8138219675895,1.323691186043166,1.1277639283180012
132,132,6,4784.119096178161,4113.709677695044,3430.4709931782836,2363.0652373036405,2875.420341467236,2597.0308116674423,0.8598677405379226,0.717053845068102,1.216818010808798,1.0990093589759573
133,133,5,3948.7449322837647,4706.06027733623,3593.880354280835,2430.107916700394,3289.483885973225,2878.839854478836,1.1917863417464318,0.9101323118893646,1.3536369571766564,1.1846551483144547
134,134,25,3982.3277164385986,4911.624486691822,3036.024762047046,2203.068232607844,3432.964442560783,2513.8094877417648,1.2333551722569671,0.7623744147209881,1.558265146648259,1.1410493104728245
135,135,23,11023.847861709131,12804.730234915503,8221.879294123242,6630.633782442609,8950.266143964334,6963.967695131586,1.1615481631774138,0.7458266294368586,1.3498356925794828,1.0502718026098228
136,136,9,10358.015198061741,10127.76791034739,7717.7492383405515,6198.653193945569,7079.215662755224,6377.508682766171,0.9777710996448975,0.745099238682788,1.142057063245566,1.0288539273330044
137,137,8,12765.593798008227,14343.720833859301,10613.29172273733,7465.669089686509,10026.17720171885,7896.154941131,1.1236234726579897,0.831398201342838,1.342971015895892,1.0576620589893526
138,138,9,37436.5061409163,42622.02306826536,36531.68296813965,23166.530642359176,29792.70000213188,27317.862646579742,1.1385149807471358,0.9758304589276902,1.2860233783843746,1.1791952393868594
139,139,23,61590.03513795943,61887.99404242083,45690.2223253539,36234.10619403608,43259.46722511134,33919.634341373974,1.0048377777962618,0.7418443945194945,1.193888073116913,0.9361244944123099
140,140,1,263.1642499631592,263.1642499631592,263.1642499631592,124.10320663452148,183.94136209384826,194.73015904426575,1.0,1.0,1.4821644587762146,1.5690985295628785
141,141,11,16637.072766943787,19992.105030088944,15259.33807320752,10192.447264784872,13974.366457572974,11607.76312307863,1.2016600101558295,0.9171888761300793,1.3710511415501472,1.1388592770240475
142,142,14,29963.4497431857,26141.1739908406,20546.672075333878,17650.803454220702,18272.53427627118,15239.812332749367,0.8724353909477875,0.6857245160833528,1.03522393887978,0.8634061544153213
143,143,11,11018.525084997655,12308.232205532811,9249.459758945179,6583.409431814999,8603.339333441836,7353.326087739457,1.1170489798395218,0.8394462677712502,1.3068212485563058,1.1169480136240284
144,144,16,29358.378975610864,28900.352163842093,20815.526214659643,16946.735776380592,20201.178784408803,16866.801045579257,0.9843987703766182,0.7090148346389255,1.1920395202339833,0.9952831783149211
145,145,5,8458.000296159276,8433.599885473388,7581.776329457007,4814.654301929117,5895.034060089897,5587.756457090378,0.9971151087926814,0.8964029396995697,1.2243940458462195,1.1605727237470607
146,146,7,11417.756703293091,12673.581002578516,10532.986747584888,6865.285504920852,8858.759962571981,8016.966166098445,1.1099887072320627,0.9225093003205245,1.2903702193043918,1.1677542267327556
147,147,6,3325.0369069179687,3801.2671725911864,2911.313686037671,1939.570604677188,2657.023065617239,2316.81464611487,1.1432255577922723,0.8755733447591159,1.3699027296092994,1.1944987413853225
148,148,9,3561.0725195676273,4312.720809504004,3193.1298973630373,2127.409001973233,3014.4978353136994,2557.827469438982,1.2110735700568207,0.8966764590772041,1.4169808591190816,1.2023205068073528
149,149,7,1564.0901802173098,1283.9759460784912,1007.2707571063477,729.5183975193787,897.4260715088654,778.9123349189758,0.8209091536525724,0.6439978780292582,1.2301623571940508,1.0677075966384866
150,150,10,4992.004178884876,5680.201683674365,3809.798341034399,2885.85652580241,3970.3564914195817,3166.6884745023726,1.1378599616763982,0.7631801185481859,1.3757982962495432,1.0973132053478916
151,151,4,3356.078729023926,2193.177538896411,2034.517160307495,1476.2926529179992,1532.9892695317915,1498.1606390476227,0.6534940673260874,0.6062185438954852,1.0384047272075272,1.0148127717674404
152,152,5,7191.502543762206,5969.209821192261,4558.033359238599,3677.4068285326416,4172.42532650939,3675.2244079113007,0.8300365305953841,0.6338082106627583,1.1346107518308686,0.9994065327218061
153,153,4,1834.9180114062501,1398.6417171945554,1209.712446376709,862.9472992998964,977.6087623173943,924.3638719427124,0.7622366277404733,0.6592732966033757,1.1328719182625893,1.0711707107637314
154,154,38,18673.11226290921,19393.03609328845,12225.945060024555,10008.9075238178,13555.335225240626,10087.180670305432,1.0385540353553833,0.6547352625469511,1.3543271523873643,1.007820348654573
155,155,14,13505.980520421923,15037.11101840156,10914.608753446277,7865.258341737004,10510.794289299489,8460.455348581356,1.1133668522373823,0.8081315338003544,1.336357158610283,1.0756741839852784
156,156,9,7310.111980035681,8864.345437999707,6233.197741183752,4424.870375234838,6196.083393142595,5148.8767021894455,1.2126141791273135,0.8526815674242691,1.4002858542073686,1.1636220421295804
157,157,6,19470.343839764086,21266.441399523246,18689.59016140105,11368.252998783633,14865.179803749948,13430.914536237717,1.0922478603634624,0.9599003651507936,1.3076045901987292,1.1814405025710442
158,158,6,7663.912693309021,8780.507958090233,7044.122637631628,4626.57947780592,6137.512352130672,5462.2890388112455,1.1456951963656965,0.9191287687530025,1.32657666026766,1.1806322716413482
159,159,11,20883.819879865965,22828.115224518402,18044.314696606383,12406.774980400529,15956.737504552766,13976.588867143479,1.0931005609049007,0.8640332468105061,1.2861309671337033,1.126528762649669
160,160,10,6002.547058738257,4446.811542806055,3454.300368513037,2737.1255057280882,3108.2167498230315,2656.11883020401,0.7408207714644356,0.575472434403394,1.1355769924756267,0.9704044716420375
161,161,35,13618.819504128038,16739.02897732644,10104.701587248472,8093.380578737804,11700.21564120078,8644.024565609616,1.2291101275152834,0.741966040756,1.445652472087934,1.0680363392669825
162,162,8,19294.67691128563,19965.123736719237,15049.27349739596,11939.780079307227,13955.537761078751,12215.555910229683,1.0347477611838867,0.7799702252901423,1.1688270360410593,1.0230972286834998
163,163,44,31196.634805254806,34219.337340722464,24754.221421324404,17935.123241732934,23918.857170560197,19700.912664999894,1.0968919421705867,0.793490117631366,1.3336321612167021,1.0984542676103934
164,164,20,49953.66146333656,42669.532208584504,33968.981979289994,29160.504840677066,29825.793904498165,25189.159289468713,0.85418227530532,0.6800098528157239,1.02281473065902,0.863810809418204
165,165,5,3114.890957507886,3548.733799851587,2788.888163336743,1848.77415653356,2480.5126812738604,2210.3417065143585,1.1392802663919905,0.8953405436600047,1.3417067046873947,1.1955715081277074
166,166,10,4247.514715155981,4150.235535722828,3088.8109650881106,2177.255783221021,2900.910159569455,2427.584187177731,0.9770973884831895,0.727204299979613,1.3323699410630863,1.114974274444859
167,167,26,22471.329281239767,23932.948770906154,18393.67576436524,13084.274143976625,16728.859599553,13663.469927530068,1.0650437484749344,0.8185397282981937,1.2785470111274129,1.0442665582500101
168,168,10,6292.899781100708,7459.3629561028565,5120.091500820813,3687.9215421053495,5213.990210824697,4257.084543138268,1.185361791157926,0.8136299129056277,1.4138018261224043,1.1543316457616384
169,169,15,20970.480671579884,21442.465167917944,16676.84680863141,12349.997575739626,14988.126405101055,12182.998297409802,1.0225070900247755,0.7952534359993285,1.2136137123252377,0.986477788573993
170,170,20,13363.558713299428,15665.519843172533,9904.390003536695,7965.265630327778,10949.989388860808,8427.486637938515,1.1722565956613182,0.7411491366951406,1.3747174164749363,1.058029578555526
171,171,13,15538.299322503884,14140.031988928637,11717.708352782105,8235.614128185887,9883.746467096315,8847.94107024359,0.9100115588872614,0.7541178162150297,1.2001225789913827,1.07435109665496
172,172,33,5100.382066563343,6494.755179360328,4502.842155890539,2893.3313419166325,4539.489271307271,3574.1364535667103,1.2733860119888076,0.8828440883693585,1.5689489847022404,1.2353014678225867
173,173,11,3594.058544475513,2975.0096923302003,2252.8319874553467,1675.7382557409057,2079.41685977081,1745.1356982033747,0.8277577161070838,0.6268211715466383,1.2408959768310732,1.04141305614091
174,174,11,3670.0725124076052,3691.754565679956,2369.3129877142455,2014.9041950409414,2580.4215308358894,2045.6382158839904,1.005907799695796,0.6455766145503081,1.280667109228713,1.0152533410366067
175,175,15,6379.715616294544,6777.024604549317,4761.480427921033,3439.9029844085626,4736.983493483972,3833.319900158004,1.0622769120366429,0.7463468145444684,1.377068921697634,1.1143686079324366
176,176,15,3950.057523246216,3874.9060321065667,2622.6397937305173,1946.2959936957704,2708.402633618491,2104.012019088838,0.9809745831048332,0.6639497724517168,1.3915676969953457,1.081033936206992
177,177,10,10865.49481175337,11448.690260390795,7552.73422093562,6623.757196874132,8002.529935552367,6460.712537634837,1.0536740810005794,0.6951118519485844,1.2081556883348474,0.9753848677731969
178,178,4,3654.147224728906,4506.170629336572,3600.1216726445555,2296.864335161746,3149.7714741318646,2806.0535266399384,1.2331661403354859,0.9852152776662252,1.37133544455078,1.2216888406003026
179,179,8,5043.933873662623,4889.197628130029,3776.4870681633547,2705.492814592993,3417.46554313649,2964.8803231716156,0.9693223088548873,0.7487185920264813,1.2631582404149184,1.0958744030586693
180,180,11,11429.2885640239,12837.498844591846,10182.829489208178,6698.665418094804,8973.2967481089,7836.666700197823,1.1232106681600975,0.8909416742929026,1.3395648518090986,1.1698847772018865
181,181,11,12789.074858387537,15052.30773984214,9946.231789567346,8181.834373858277,10521.448090860054,8619.390407681465,1.176966114165036,0.7777131574958487,1.285952221726348,1.0534789649642897
182,182,10,26792.399703465137,34075.27821370903,25087.983607545335,17668.30238577214,23818.51485854581,20200.24657559395,1.2718262862173553,0.9363843435159201,1.3480930051166822,1.1433043274072967
183,183,10,18111.143094182593,22095.201112671653,17654.633824579625,11136.17809854645,15444.441060551086,13297.183345913887,1.2199782751298986,0.9747940112212132,1.3868708747184073,1.1940526838062604
184,184,12,16713.52384048053,21311.566361442456,13969.447607507362,10957.159826936375,14896.659393533075,11999.536475749563,1.275109101159467,0.8358170150613627,1.3595365613735129,1.0951320109660787
185,185,9,9697.222679660204,8845.612965439697,7540.457124923877,5080.412824103761,6182.989381738349,5623.953352847724,0.9121800393419089,0.777589354603549,1.2170249930091253,1.1069874727827556
186,186,9,7885.17298003855,9502.617941898292,7561.0346580582645,4883.076994724117,6642.235918329305,5859.955587278973,1.205124854705703,0.9588926808833684,1.36025623300756,1.2000538991316987
187,187,16,19079.346884867384,18645.311937517043,14498.883337702466,10679.9649349063,13032.90575919322,11400.027381269556,0.9772510584366705,0.7599255585211948,1.2203135346068965,1.0674217987373544
188,188,23,10129.463359950649,11427.088337059056,8030.232385230994,5757.688354509674,7987.294495642677,6425.367779949753,1.128104020025275,0.7927599024624062,1.3872398094257181,1.1159631060818223
189,189,4,18080.320835113525,21327.133163964627,18080.320835113525,11400.218096285731,14907.62422598087,13697.300705909729,1.1795771412720462,1.0,1.3076613184126604,1.2014946196838465
190,190,12,4513.309479575244,3967.430139400049,2891.7533901437987,2147.7456145612027,2773.1082959862347,2262.514818049874,0.879051205629584,0.6407168405424631,1.29117167190808,1.053437056376958
191,191,22,15736.889392057166,19915.918450491507,13201.782066225476,9922.815702113227,13920.997153472754,10970.663293144811,1.2655562325133713,0.8389067075027402,1.4029281175209218,1.1055998239298577
192,192,20,3323.2785933661257,4209.1480582180675,2744.8349932661013,1889.2662890067315,2941.9856357616295,2263.6399759718392,1.2665649117170916,0.8259418872511308,1.557210676377631,1.1981582422464818
193,193,29,6843.898849108913,8119.01799500432,5422.91210358247,3832.654717312432,5674.890712159221,4367.409872360961,1.1863147270304017,0.7923717493703961,1.4806683958576417,1.1395260451281966
194,194,24,29659.877472039294,31381.4247571218,23424.534657329274,17191.609449446998,21935.36507197854,17598.927930672406,1.0580429668566713,0.7897717945534958,1.275934352538711,1.0236928649655026
195,195,12,39004.47578806939,44022.62186742053,34490.033932420396,23944.177027955757,30771.68715267896,25843.655161653496,1.1286556472805125,0.8842583635740117,1.2851428185129026,1.0793294391149892
196,196,8,2054.429147090015,1744.4070227345458,1328.1156393934814,963.8336054659119,1219.2569437906477,1033.4595801830292,0.849095733092281,0.6464645623212091,1.2650077117836802,1.0722385838408908
197,197,2,2036.025821133081,1369.859313233545,1340.5112237209717,889.5643271859741,957.5107351278479,975.2195785045624,0.6728103833531915,0.6583959838853889,1.0763816689421593,1.0962889908024391
198,198,9,16044.345045681213,19638.135916696778,15487.904491163086,9877.183007034871,13726.962917011047,11699.970394134521,1.22399112340101,0.9653185871449512,1.389764967120102,1.184545268200599
199,199,18,21833.40794360779,24480.27275285317,16524.466423168444,13038.957851361762,17111.522482013967,13596.54771954684,1.121230035003322,0.75684320404073,1.3123382004204327,1.0427633768389584
200,200,14,11012.790529517992,12155.433736456662,8258.426491650098,6554.84497474589,8496.501850567209,6971.148624911788,1.103756010238822,0.7498940862912747,1.2962170552167163,1.063510830808327
201,201,2,5221.398591995239,6060.319702330249,5221.398591995239,3250.653800995892,4236.142556572045,3964.6933743953705,1.1606698082044786,1.0,1.303166321579441,1.2196602951629978
202,202,24,20002.617405412057,16104.442460869144,10442.531719647557,10071.719046349408,11256.754403467541,8686.170703473088,0.8051167571955762,0.5220582640760878,1.1176596916241086,0.8624317917825035
203,203,14,15929.814107871534,16284.11065178357,12816.057083036329,8957.254743977568,11382.447010204718,9908.839220386559,1.0222410971975475,0.804532745721334,1.2707517353860829,1.1062361743199043
204,204,14,3755.8500533312745,4165.859400139356,3000.3819734545655,2099.509728386325,2911.789497222211,2414.8083540655534,1.1091655260423459,0.7988556334386561,1.3868902143455182,1.1501772634897793
205,205,13,9401.255706313843,10640.482639261718,7549.931163201636,5618.435345098924,7437.561506339942,6184.611002625343,1.1318150438260726,0.8030768866472948,1.3237780715636212,1.100771055062564
206,206,15,10308.741525432226,9422.787837728953,6851.329897557642,5309.465921048694,6586.371939049335,5410.4173019523,0.9140580171190075,0.6646136078448605,1.2404961321888348,1.0190134718641655
207,207,14,8852.83682536067,10998.596857952076,7786.073512801159,5467.3341861825775,7687.872936663701,6335.36752474308,1.2423810666479767,0.8795003981657541,1.406146519467023,1.1587671996993079
208,208,9,10588.137452827721,10932.344633726685,8769.213915107348,6087.879844449176,7641.6148185669535,6815.347088018747,1.0325087563731088,0.8282111895671885,1.2552177463775744,1.119494349783014
209,209,26,26660.421480958983,31238.488683670697,21147.020753811124,16156.874190091878,21835.431862577025,17269.778198536493,1.1717177354447077,0.7931990410922213,1.351463878821777,1.0688811459042677
210,210,16,20445.807721864625,21890.723231925076,15244.428190378148,12616.659181548333,15301.448230181231,12608.936264678738,1.0706705027121657,0.7456016606316731,1.2127971446323413,0.999387879409401
211,211,11,11131.473512250755,13785.649166538891,10415.690034393725,6965.396811711894,9636.053836095482,8200.110344077071,1.2384388420245604,0.9356973291029912,1.3834177860323822,1.177263918444543
212,212,13,3103.704827818628,3285.2575714867194,2407.1952057111816,1654.5329571197246,2296.2592637268162,1919.1857130425028,1.0584954928834813,0.7755876732012003,1.3878594885920155,1.1599561705821175
213,213,9,5470.860734987988,6758.242127360718,4846.896402342602,3334.3144908835907,4723.917201417143,4008.3277163601656,1.235316059891544,0.885947684857901,1.4167581415409043,1.2021444669719688
214,214,9,3693.6236131256837,3138.3048930879395,2380.8216043006346,1736.1638398629455,2193.5810838476696,1848.6864335507482,0.8496547623140701,0.6445761273130625,1.2634643306595033,1.0648110455385855
215,215,8,5462.490139111671,3878.8783295707763,3308.4221040591797,2438.3138428770358,2711.252323376373,2466.958311238085,0.7100934245716685,0.6056618904207682,1.1119373870991478,1.0117476544066415
216,216,16,6184.706920986743,6068.438761531641,4280.627980136035,3205.71339519328,4241.671553112216,3408.233669578517,0.9812007002206417,0.692131096076753,1.3231599429544374,1.06317479119902
217,217,15,3649.0458076192135,3629.857948394507,2550.4115029655027,1805.8291882198546,2537.11402964616,2016.038235017869,0.9947416776230535,0.6989255924494671,1.4049579252549291,1.1164058307226907
218,218,6,6789.231250876563,8514.545839819384,6410.745781782251,4377.742180841446,5951.604830484949,5173.336210178513,1.2541251763548436,0.9442520875915892,1.3595146960758187,1.1817361544996574
219,219,23,12969.896861380908,15357.73815762573,9647.963342418567,7773.022729042907,10734.81866774039,8244.66100882273,1.1841064213359203,0.743873559330012,1.3810352860067052,1.0606763026714958
220,220,54,21556.662074792213,22192.04265178616,15507.833995129857,11473.456366254792,15511.673774920113,12090.64723093318,1.029474905474208,0.71939866855659,1.35196171752937,1.0537929325720576
221,221,37,14981.054766354515,18370.39955883332,13010.838948942759,8794.59663985448,12840.5228458373,10266.562603038894,1.226242066752925,0.8684861748295185,1.4600468187077384,1.1673716286786713
222,222,10,8277.835376004065,9201.396073663596,6195.35164536466,5051.110509176415,6431.671340372456,5269.569740070732,1.1115703146666538,0.7484265347102522,1.2733182789582527,1.0432497429025638
223,223,14,14807.734045183497,10765.175366612744,8653.53783253396,7151.4014068244105,7524.7112185871065,6582.79751248811,0.7269968067878911,0.5843931155252408,1.052200931051983,0.9204905637385009
224,224,28,13723.844832520681,15597.608638520094,11436.859945524453,7942.905181523126,10902.435999170346,8662.26179653522,1.1365334444440274,0.8333568387791096,1.3726005472823362,1.0905659325614852
225,225,8,4614.669209710792,5096.695496089331,3624.0373964323,2632.6928306208038,3562.506547132842,2977.863453817824,1.1044552197510054,0.7853298322675275,1.3531797199040434,1.1311093414250029
226,226,10,9244.701838412646,8781.86372580327,6450.575080732641,4968.447133037207,6138.418196227687,5181.33136091215,0.9499347712128219,0.6977591266307657,1.2354802278987476,1.0428472362037204
227,227,15,15775.947989705332,18652.816807069095,13416.961898985877,9646.38607353729,13038.162212421295,10205.327286339048,1.1823579045291654,0.8504694556384934,1.3516110710298634,1.057943068890337
228,228,8,21492.738147512362,24308.866600980444,19741.019101979953,13281.687167962678,16991.814061755733,15344.11654829979,1.131026974512972,0.9184971671124575,1.2793415359716052,1.155283689056612
229,229,18,4479.593732850037,5540.035344420825,3852.2967380779664,2637.240241263817,3872.296721161357,3126.314803862464,1.2367271843860062,0.8599656504178187,1.4683139823870108,1.1854493780833075
230,230,12,13232.771215828114,16693.556252581715,12623.759270759778,8105.654710551281,11668.670421677813,9545.866594250743,1.2615313890271187,0.9539769912790543,1.439571612455745,1.17767989571832
231,231,29,10976.936935262938,12352.02177853733,8704.664917593018,6199.687725896047,8633.760327755996,6903.185369274152,1.1252703601545702,0.7929958028299913,1.392612129751769,1.1134730771099328
232,232,9,7784.911473160937,6748.64331534751,5273.260575132374,3970.5536460589747,4717.207604258309,4083.4098601341248,0.8668876118391277,0.6773693693643573,1.1880478202178268,1.0284232941134461
233,233,8,8819.22784037544,10519.259224964357,8249.528778723829,5415.237175321527,7352.8786044740855,6406.20190464602,1.192764198335593,0.9354026143826941,1.357812846680628,1.1829956283060963
234,234,6,10372.841974628882,12826.75793577583,10078.09916222959,6599.213064683896,8965.841067184103,7898.488181927622,1.2365712277453975,0.9715851438670127,1.358622759911385,1.19688334116637
235,235,16,8757.551069554625,10712.8427472104,7593.4145298663325,5213.170744687013,7488.109930192871,5947.943047292199,1.2232692292772678,0.8670705394187902,1.4363830184968245,1.1409453744353235
236,236,4,2948.9935005816897,3103.068234617871,2540.07430388584,1695.3736639709564,2169.002899666692,1981.9584519678333,1.0522465492059545,0.8613360129090857,1.2793656913287108,1.1690393062527757
237,237,29,5938.974830501735,6334.0145657135245,4204.136922358643,3071.651380827557,4427.173316059354,3349.6509590810597,1.0665164858390916,0.7078893314662305,1.4413007100000375,1.0905049251320325
238,238,8,5935.944586164722,7451.307919371777,5674.22950372334,3785.8301422079894,5208.380659821673,4503.693016278135,1.255285963541339,0.9559101203452307,1.3757565617521386,1.1896183524101454
239,239,11,14287.075865505714,14007.448532928443,11000.68038446089,7852.568299927921,9791.091511491382,8514.481531615591,0.9804279521429298,0.7699742402166843,1.2468648647833163,1.08429257873424
240,240,19,9936.354173469275,12528.284279993553,8216.11919627975,6072.648085198174,8757.072212237092,6887.390755221038,1.2608532326117061,0.8268746315642947,1.442051653475868,1.1341659616352155
241,241,21,14339.64774868562,16531.737634929395,11548.088765930737,8810.522500565035,11555.465181540449,9597.482633757882,1.1528691586196531,0.8053258328461549,1.3115527689531892,1.0893204839034663
242,242,3,10783.008813858032,11973.363559878395,10783.008813858032,6538.80154623663,8369.349779401398,7905.727600336075,1.1103917066719402,1.0,1.2799516425480644,1.209048408096461
243,243,45,25212.43162299328,27241.173241663273,19306.228796604733,14435.366543414684,19041.110077239424,14648.709955867747,1.0804659244695707,0.7657424355292174,1.319059687190683,1.0147792168499101
244,244,16,29599.13628881211,29455.98069079238,22469.12320999436,16511.861724593342,20589.56316817745,17291.730372190475,0.9951635211033559,0.7591141508574101,1.2469558861137164,1.0472308126487984
245,245,16,48930.07860616493,55015.1557981068,46392.68364946667,28525.70928220816,38455.42659352465,32980.54241017809,1.124362710326306,0.9481424304031558,1.3480971222513922,1.1561690573194077
246,246,14,12224.383725637685,13334.623997719238,9925.177271057202,7035.8839096877255,9320.755866853744,7859.808124780655,1.0908217785861134,0.811916370903962,1.3247455453351031,1.1171031565711973
247,247,6,5444.930388525197,3745.2257998618898,3244.9807043088867,2430.5122767426824,2617.8500860842605,2418.5187403336486,0.6878372233655524,0.5959636712982507,1.0770774997247263,0.9950654285831844
248,248,17,9380.777918980299,8889.062813114013,6684.029981153955,4928.082663471986,6213.2772802066975,5248.39109850001,0.9475826940885799,0.712524061317989,1.2607899876073208,1.064996562943682
249,249,16,24552.977925625695,22529.83280581773,16051.976484855102,13279.310528169743,15748.185787392988,12811.44042134285,0.9176008252059548,0.6537690268560791,1.1859189341183005,0.9647669880273989
250,250,23,44410.20525440512,47372.55505378684,36396.78977142624,25218.236041851298,33113.17553018746,26805.7457189451,1.0667042582310038,0.8195591432853373,1.3130646994989656,1.0629508612124665
251,251,20,17655.275048495667,20839.94040952302,14230.252928994825,10573.369289869303,14566.909328269396,11630.625855146254,1.1803803878602677,0.8060057342582905,1.3776979625809946,1.0999923994227596
252,252,17,4254.113052895655,3955.5101983467775,2864.1815771363767,2070.201835481434,2764.7240633147962,2244.3071462075645,0.9298084346052754,0.6732734982646522,1.3354852729477211,1.084100645522634
253,253,17,5730.040593386157,5465.930655164991,3430.3340735135016,2835.6906132800295,3820.507939245126,2815.9052189304875,0.9539078416781179,0.5986579008659958,1.3472936438668686,0.9930227246030002
254,254,4,2905.337007975659,2132.289665328296,1880.5689244887208,1354.3954695160523,1490.428656347679,1437.8863363265991,0.7339216274995938,0.647280821235619,1.1004383061619614,1.0616443783885214
255,255,23,9955.24372452019,11699.03097576809,7862.135744345239,5700.081362128165,8177.382396063494,6488.707659677377,1.1751626880769253,0.7897481932039958,1.434608012860085,1.1383535159320555
256,256,6,26337.273521661897,31117.67211604255,25723.102704683937,15471.602264069328,21751.19001655054,18161.858438038827,1.1815069654210362,0.9766805468123791,1.4058783082256898,1.1738834884747038
257,257,9,9076.594632567127,10966.740094040772,8029.696706402576,5706.018800112454,7665.657244630502,6541.40489632022,1.2082438996109555,0.8846596142557424,1.3434335765734644,1.1464043715017733
258,258,17,8771.950502948328,10553.386982313868,6960.626595454407,5257.493031893695,7376.639894382995,5842.599869293004,1.2030832799121227,0.7935095613130604,1.4030717396359544,1.111290083286817
259,259,37,8087.374522351074,9258.443456914549,6312.048646847474,4362.5507259844335,6471.265569015272,5013.582402197105,1.1448021148676857,0.7804818027658874,1.4833674094540175,1.149231886825972
260,260,5,27950.43675697217,33988.10618889754,27709.000315562866,18159.195499595688,23757.633841460185,21430.381195306778,1.2160134199126347,0.9913619796531774,1.3082977074611672,1.1801393512055047
261,261,8,10239.918981197718,12755.20147668479,9640.761159772155,6328.23090505801,8915.80221643307,7438.630820078367,1.2456349996621625,0.9414880310551558,1.408893314766197,1.175467667295901
262,262,10,19624.300098493957,23338.54416590598,17440.928587017544,12397.283566976377,16313.537823998684,13595.005692625724,1.1892675941954776,0.8887414327890363,1.3158961586919204,1.0966116584474854
263,263,6,6511.347673340821,8714.454485987306,6431.7221066721195,4278.074298581979,6091.340989329127,5186.393112659454,1.3383488216527875,0.9877712617013665,1.423851145209932,1.2123195509667863
264,264,11,14218.91642140166,18516.44762061521,13697.710054276868,9228.826690970109,12942.881919024436,10963.07014228428,1.3022404149408393,0.9633441570596549,1.4024406733835757,1.1879159192588404
265,265,24,8324.691769734962,8774.799404250316,6044.130992427075,4452.884172201834,6133.334080751768,4854.121721866437,1.0540689850105627,0.7260486225329045,1.377384599186418,1.09010734035469
266,266,17,18827.06229232151,24113.894703048318,17760.750049958533,11763.685949484146,16855.434759021166,13949.805639898734,1.280810268146986,0.9433627920380407,1.4328361732370372,1.1858362846307071
267,267,9,5428.982309749609,5489.970383514112,4302.555267565162,2978.9643165309208,3837.3952627691606,3344.6552131175995,1.0112337948965089,0.7925159858853178,1.288164225893751,1.1227577297778897
268,268,2,11097.034573554993,13003.333095153394,11097.034573554993,7019.321118222879,9089.308883077021,8448.448276877403,1.1717844987291688,1.0,1.2948985706723464,1.2035990567441577
269,269,1,319.5357083873535,319.5357083873535,319.5357083873535,157.01479959487915,223.3450101403601,240.66666841506958,1.0,1.0,1.4224455956802955,1.5327642300982094
270,270,17,12813.07633252362,15160.388260521753,10593.764170268945,7684.431004738562,10596.933750962306,8629.24369028554,1.1831965928463188,0.8267931834120614,1.3790134551833135,1.1229515477417087
271,271,11,3419.2552759671385,3193.942074543213,2378.539615634253,1649.1076282725096,2232.4505963297056,1849.6279274258516,0.9341045978615342,0.6956308972752793,1.3537325023887408,1.1215932154551933
272,272,14,7908.131656008351,7145.700794820581,5112.910564663696,4012.4290835338343,4994.698562365185,4096.054501506962,0.9035890025163531,0.6465383717757237,1.244806689010998,1.0208415940150342
273,273,10,8991.438318178101,10649.57456420298,7816.87944231565,5423.500573492438,7443.948112080278,6295.379492141131,1.1844127921861627,0.869369189411239,1.3725356918855791,1.1607594406664274
274,274,5,1942.5630402488525,1546.111668318628,1287.2762073234376,890.3556984995422,1080.6798120283208,977.3822779655457,0.7959132528952898,0.6626689485240751,1.2137618862321198,1.0977436092256876
275,275,10,16327.087537212452,17079.05751622495,13144.331774576647,9515.924587338539,11938.15660993564,10376.917031407356,1.0460565901480359,0.805062859166908,1.2545451049307406,1.09047911594575
276,276,32,15053.898581778041,19378.839459106028,13600.087939488147,9381.705589639701,13545.474544479908,11027.507641869239,1.287297064865516,0.9034263028681715,1.443817908700769,1.1754267426646825
277,277,30,9281.328505315232,11860.980096765137,8401.270678384642,5666.976869181782,8290.511783238835,6724.485128947785,1.2779399080608547,0.9051797567097644,1.4629514068293434,1.1866088893916185
278,278,9,5811.257621970899,5484.852747113697,4374.666623971326,3097.170251191735,3833.8180317236747,3376.436089203709,0.9438323171867053,0.7527917205790042,1.237845426885555,1.090168061605434
279,279,14,15245.835766261474,17552.772010788427,11956.472476404784,9228.22351197568,12269.241283027506,9792.764296327154,1.151315826819552,0.7842451315698978,1.3295344729248728,1.061175456318202
280,280,24,8249.239861417649,7614.096014811277,5057.830522382252,4042.114240742262,5322.002406105083,4038.1887402395346,0.9230057729831581,0.6131268586379852,1.3166382959843788,0.9990288496888187
281,281,31,11873.81724844635,14850.222358556979,9753.078163065382,7030.289338490599,10379.981637877736,8049.791413691601,1.250669607577132,0.821393656226395,1.4764657808673227,1.1450156638104867
282,282,25,32759.675135140234,38535.75590049669,27344.029887601435,20138.58822610874,26936.232056653607,21584.56039600411,1.1763167901247178,0.8346856241645201,1.3375432157519385,1.071801069353051
283,283,12,20709.64695849635,26268.005468529125,20203.604255189417,13172.787422410001,18361.210396898667,15626.192753737558,1.268394653041268,0.9755648802550291,1.3938743417100878,1.1862480014786954
284,284,5,1123.5005812727295,1060.5988380591552,830.7977518445068,542.871280996399,741.3063605201495,647.368829893277,0.9440127185850518,0.7394724717483977,1.3655287845758537,1.192490471599604
285,285,10,5888.398213990674,5459.257337472313,4225.306398479492,3054.705277128622,3815.916383262748,3288.0311544436045,0.9271209485291376,0.7175646491503035,1.249192978397462,1.0763824513814653
286,286,10,11222.621737770849,12465.342253248144,10194.36850588147,6710.415972020371,8713.169739946856,7799.594973368549,1.1107335295187573,0.9083767362105157,1.2984544887048928,1.162311696605635
287,287,11,9396.572746838916,9189.143007745897,7132.734972597925,5100.438895740628,6423.0959965775855,5550.619463981091,0.9779249578882045,0.7590783538601811,1.2593222128279014,1.088263103909824
288,288,8,11932.020392369763,10507.986991307276,7823.34946725957,7020.404322192681,7344.999195941382,6683.342001199722,0.8806544613372332,0.6556600818636223,1.0462359230112432,0.9519881896363934
289,289,88,25507.44435808975,32415.205834322544,24070.131822907475,14963.669162387669,22657.30988577705,18502.231859482203,1.2708135467927417,0.9436512527478501,1.5141546929364047,1.2364769401604376
290,290,20,5152.084437727905,6079.201275920288,3998.0118149779173,2928.2158317430244,4249.152806260284,3312.2973767048647,1.179949853190148,0.775998891963242,1.4511064246691714,1.1311657224164433
291,291,24,6198.534974519408,6756.371597852978,4485.966130505591,3333.4547611082135,4722.453078184033,3649.1699155353676,1.08999491422194,0.7237139338482803,1.4166843160079499,1.0947110961608473
292,292,37,12944.813950383128,16438.152962586668,10181.807443895728,8058.959107620267,11489.882418128089,8858.0312614228,1.2698639799377067,0.7865549464767995,1.4257278470694388,1.0991532706806961
293,293,24,5629.050944924707,6929.492990984521,4795.901397541042,3187.3420514629756,4843.464942283778,3844.109314382994,1.2310233214770112,0.8519911161694399,1.5195937129059147,1.2060548420332122
294,294,8,4089.2740846196534,4227.822256735083,3275.5990581654905,2219.4545848251437,2955.1641737042237,2545.958101630211,1.0338808720688422,0.801022135074166,1.3314821550795741,1.1471097985232215
295,295,5,1812.3808240924561,1591.1129263054686,1320.8552473407472,863.5755109238958,1112.1356931707223,1013.5571166664655,0.8779131323584894,0.7287956426057207,1.287826807387005,1.1736751492433035
296,296,30,25560.957134589888,28344.908788292156,19337.81964674422,14569.618991603162,19812.777729259426,15381.518331557545,1.108914217845737,0.7565373841410531,1.359869310287251,1.0557255025283985
297,297,7,11682.299066628026,12863.243576672387,9958.356445390002,6962.988110254407,8991.3340399196,7884.436523795128,1.1010883648251977,0.8524312199674219,1.2913039484697733,1.1323351984737273
298,298,9,8353.208016598926,7604.648739150488,5426.027931964991,4576.380493548224,5315.555355128592,4542.447060792403,0.910386611232361,0.6495741421957597,1.1615195376832097,0.992585093655639
299,299,29,8155.915881221898,8298.526820269994,5319.104276304737,4247.504647876493,5800.36735679912,4335.330670960258,1.0174855823827758,0.6521774321571157,1.3655941164652916,1.0206770869874557
300,300,13,13197.407339967456,14784.767482869505,11367.181046143787,7743.133537238384,10334.41663290179,8908.271706711423,1.1202781805555728,0.861319254102209,1.3346556123824254,1.1504737279642203
301,301,6,19823.6766667041,23665.803764373,18744.39764022827,12591.212121154389,16542.33404847752,14574.62502336502,1.1938150607612634,0.9455560618435334,1.3137999653492365,1.1575235873342422
302,302,17,6290.673039489283,6392.1708761297605,4439.929322711377,3308.6966641139397,4467.949851054702,3579.1820824899096,1.0161346545915408,0.7057955952948142,1.350365507818834,1.0817498386327309
303,303,24,21133.545398057155,22570.015898158355,15087.329384864039,11950.81862594369,15776.190297102301,12348.555322747454,1.067971108162157,0.7139043213379164,1.3200928564721266,1.0332811256912835
304,304,5,9418.687514073023,10387.904790202783,8610.395840473779,5624.356108755097,7261.093152025347,6606.494567871094,1.1029036449804281,0.9141821328723851,1.2910087860052886,1.1746223816779953
305,305,4,12519.705604664612,12620.526441472583,12089.452624320984,7228.548172646659,8821.706185144536,8620.798935055733,1.008052971850265,0.965633937895207,1.2203980625772821,1.192604480063846
306,306,26,6147.2426956200925,7580.709046960084,5389.586845069971,3589.8197580018145,5298.6440940410985,4302.722587158425,1.2331885078103937,0.8767486679694702,1.476019536142522,1.198590145805379
307,307,35,33066.77946365981,35740.8453164063,26687.064795873433,19231.629479592055,24982.485126219162,20881.548027380548,1.0808686511392884,0.8070657387485333,1.2990311170839537,1.0857919267599936
308,308,7,21285.739477382263,25306.64755754668,20023.903748308425,12940.323740860053,17689.27341879233,14721.575168550014,1.1889014983217727,0.9407191969809348,1.366988475175247,1.1376512259941014
309,309,22,16817.91499737914,21150.961319331567,14628.5847527457,10559.18301187914,14784.292108630367,12008.033103292602,1.2576446796542662,0.8698215417919155,1.4001359851418387,1.137212328812134
310,310,7,4469.753168688233,3230.6765998274414,2644.8559266228026,2012.74322958313,2258.169772938581,2002.3295044898987,0.7227863548392692,0.5917230385674754,1.1219363402883151,0.9948261035286711
311,311,12,17736.488943533044,19630.257849523143,14546.76966003346,10378.070132567756,13721.424744397484,11448.716584874981,1.1067724797178977,0.8201606138816669,1.322155715766252,1.1031643107659674
312,312,12,10172.925715676012,11423.175678784371,7982.522920940515,6220.650542040352,7984.674372475079,6697.795903339838,1.1228997436973103,0.784683103371119,1.2835754586297872,1.076703450559527
313,313,8,28218.003805974768,34293.93582228279,28218.003805974768,17108.72700186558,23971.377456772465,20538.702461600304,1.2153211140690798,1.0,1.4011198760818713,1.2004810445196017
314,314,17,6798.989752680859,7558.86092329004,5421.753930498084,3794.217076067363,5283.466205155736,4297.766194885059,1.1117623644468007,0.7974352260731489,1.3925049883102505,1.1327148944623948
315,315,51,27752.767331365598,36014.06325411408,23853.368454133953,17058.974496476523,25173.29748453285,19235.341636367764,1.2976746723708428,0.8594951331997576,1.4756630001253777,1.1275790136353603
316,316,26,17965.494001610758,19221.529967013517,14361.486128644763,10653.878513619595,13435.577886116851,11000.582921173953,1.0699138006052127,0.7993927763610138,1.2610973429949681,1.0325425531285288
317,317,30,12665.286650952561,15777.048101833956,11427.7326897206,7402.022051314426,11027.843289828337,8794.84716716228,1.2456921455186614,0.9022877258653373,1.4898419936306526,1.1881681932574788
318,318,10,5576.328934264869,6254.372879577124,4724.222377082251,3225.3909555891964,4371.702176286809,3717.210586961929,1.1215932476913044,0.8471921998814169,1.355402255565701,1.1524837262039416
319,319,11,6498.74133401156,8043.254047956493,5414.988641215942,3917.568141527988,5622.119640550388,4519.64430266196,1.2376633619592814,0.8332365242599006,1.43510449274727,1.1536862000565333
320,320,8,6455.940115193725,8084.646397957275,6079.1095495224,3920.3348114709415,5651.084251620136,4703.085018754005,1.2522802649501772,0.9416304118459101,1.4414800070353693,1.1996641217971302
321,321,19,34657.09791236273,34321.88103649376,28105.091621428495,20269.158130727432,23990.79625997955,20229.305983126633,0.9903276126374853,0.810947635964723,1.1836108882889531,0.998033852844614
322,322,8,26280.220944641955,31924.565468991113,26101.659297943115,15794.056610080677,22315.18760265039,18917.3464550972,1.2147753832145742,0.993205473916107,1.4128851221419296,1.1977509592452047
323,323,7,131694.7293944336,134865.894580872,131140.45310020447,77099.53588256463,94271.18712846473,92337.51204228401,1.024079666673224,0.9957912036664045,1.2227205527158476,1.1976403098318174
324,324,33,19963.738789237534,20866.74444385054,13838.153294281941,10966.723461254947,14585.50955727231,11260.137312051807,1.0452322916136239,0.6931644137591151,1.3299787861709478,1.0267549238232805
325,325,9,32044.017085462725,35018.53863288064,28062.17046578725,18784.925555257974,24477.86434783317,19929.02825677395,1.0928261128898022,0.8757382194293641,1.303058895593106,1.0609053625552292
326,326,16,17584.068616942728,18712.452415940672,13330.911682997961,9849.362717671296,13079.836971150524,10432.746801104326,1.0641708027635148,0.7581244121257162,1.3279881496985841,1.0592306426471987
327,327,10,4794.098741463746,5636.4823887873545,4009.787644800122,2807.004097304954,3939.7967048503588,3285.3202946082774,1.1757126193580256,0.8364007211866153,1.4035592996223325,1.170400961567018
328,328,2,8321.194171905518,10673.293485944629,8321.194171905518,5535.347761807679,7460.611173550496,6670.932608127594,1.2826636736804438,1.0,1.3478125484773669,1.2051514909605368
329,329,3,9167.502867951831,8788.779299863649,7575.274466767749,4961.531530218124,6143.325319428689,5506.524250745773,0.9586884701817612,0.8263181998284107,1.2381913290307376,1.1098436475125433
330,330,17,21259.406957906842,29021.481115965602,20510.609626215442,13948.373863827373,20285.83760680555,16537.68700744236,1.3651124499111145,0.9647780705654677,1.4543514394472363,1.1856354847449213
331,331,8,25977.92598655077,29439.16466022666,23243.8707721953,15523.013283234452,20577.89237732883,16900.128836989403,1.1332376832341362,0.8947546768833301,1.3256377484102184,1.0887144479379076
332,332,11,14429.5485350271,13717.835654029299,10340.361571271875,7855.936358794108,9588.65208659048,8145.7640018463135,0.9506767048691684,0.7166101937403723,1.2205613244125548,1.036892819622675
333,333,12,17177.079870123598,21694.291733079663,14923.193989306947,10690.774602694522,15164.184488163488,12252.243230223656,1.26297903352088,0.8687852709623318,1.418436460566803,1.146057576327124
334,334,19,21415.700606251892,27487.2100720231,19219.22305934714,13390.919987687997,19213.361329033753,15287.766021870157,1.2835073938229575,0.8974361106699664,1.4348051774410628,1.1416516591784713
335,335,5,12823.942384363672,15885.478815579005,12372.275773433252,8140.704327034661,11103.897448659325,9624.292488098145,1.2387359783328633,0.9647794260615876,1.3639971435621516,1.1822432189480951
336,336,10,8244.192001629932,8321.464090136305,5382.381168708093,4537.912607213259,5816.598893770077,4457.388660015017,1.0093729122867463,0.6528694586011534,1.2817785174012113,0.9822552891234078
337,337,99,29359.496258789804,36610.9439024593,28226.319381631012,17301.615211797423,25590.0159669583,21611.453201260716,1.2469881492431438,0.9614033951001617,1.479053582783952,1.2491003259929483
338,338,47,19196.153397978593,19866.94778224434,13558.74763443699,10201.337928062592,13886.505545425602,10772.810394516226,1.0349442083712659,0.7063262807571001,1.3612435587714018,1.0560193643699993
339,339,14,4233.973785956397,4391.505697539868,3250.190192353101,2239.4364577323036,3069.516252145169,2538.915138263978,1.037206633660791,0.7676453272180398,1.3706645890964104,1.1337294833696385
340,340,5,69896.04419687418,75139.77906103453,69540.79231421153,40900.562608861954,52522.65321499755,48771.69979364872,1.0750219118179345,0.9949174250596784,1.2841547857734708,1.19244569469764
341,341,11,15410.438363367433,19135.25624213452,14004.869647596215,9860.127678439057,13375.429125700024,11294.977679014206,1.241707457694484,0.90879112698621,1.3565168283720914,1.1455204280683613
342,342,19,25003.087115619903,23104.64150537378,17167.55919499917,13257.149384337958,16149.94577107228,13326.259978294373,0.9240715515861189,0.686617581085588,1.218206516564706,1.0052130810291737
343,343,5,23042.680382728577,28018.989497160033,23042.680382728577,14687.50329494077,19585.221357594866,17525.39147222042,1.2159605146526877,1.0,1.3334615805220724,1.1932178751072815
344,344,2,5217.556357383728,6318.01249300354,5217.556357383728,3395.9478382160796,4416.269821289474,4031.844671845436,1.2109140870251416,1.0,1.3004527842245592,1.1872516492960619
345,345,6,19035.234398690653,22108.177857804152,18026.90466150465,11390.516901435842,15453.553563449901,13088.941930174828,1.1614344953548286,0.9470282468780442,1.3567034487699052,1.1491086878177486
346,346,18,12752.690243205616,15075.465502131057,10894.275602000891,7783.03527040953,10537.562324562403,8787.299817630364,1.1821400202332186,0.8542727372998923,1.35391424533631,1.1290325062561346
347,347,14,21420.911549152064,22243.42393318557,16246.38548986715,12840.129381957211,15548.006930290318,13255.526142954826,1.0383976369141055,0.7584357674316738,1.2108917650111986,1.032351446674776
348,348,7,25874.512485287552,29265.35038178618,23024.45125579834,15814.716000986115,20456.406647695738,17100.16300678253,1.1310493443471323,0.8898506307660954,1.2935045211321021,1.081281700266781
349,349,14,27697.10032451182,26538.130947390055,19332.683650550487,15601.624689350747,18550.007016708856,15633.7398519516,0.9581555699498232,0.698003885751215,1.188979185569731,1.0020584498884129
350,350,21,5855.77616770835,7001.595036466479,4798.10391539309,3350.8270385332544,4893.895597365268,3895.1372938194927,1.1956732695960515,0.8193796651334132,1.4605037923734363,1.1624405703508043
351,351,8,16030.60347205562,19580.332802568428,14584.869579956769,9930.398940981657,13686.56894599213,11080.939068613767,1.2214345415442818,0.9098141317874252,1.378249658179308,1.1158604135110783
352,352,11,4372.379313840259,4226.534680762134,3038.869798942285,2236.519288242462,2954.232815687933,2440.0359475036526,0.9666441032193911,0.6950151349685274,1.3209064778553625,1.0909970507882905
353,353,18,3697.540541006494,3781.6182549042237,2677.67351487124,1808.8818403365813,2643.163168629252,2094.6237727983835,1.0227388213774238,0.7241769184611456,1.4612138337004008,1.1579660573123083
354,354,6,5817.579390639038,6138.17753079392,4945.816706730932,3301.3033600630583,4290.523386791351,3818.2439063658016,1.055108511397498,0.8501502729278017,1.2996452972771935,1.1565868052467827
355,355,34,13514.544807273633,16841.325648832004,10831.779107270557,8009.826022846846,11771.73149620396,9065.540717518159,1.2461629961645377,0.8014904875997606,1.4696613213104546,1.1318024500981723
356,356,7,56696.36972695838,60579.218023593065,55939.80630277014,33529.184141283455,42344.80019961475,39741.16188299656,1.0684849544218427,0.9866558753614784,1.2629236673694335,1.1852707693553595
357,357,21,10318.67105422244,11626.606623739697,7621.060796163061,5827.3115862265095,8126.778630470847,6295.354617688003,1.1267542654130878,0.7385699918251095,1.394601697578585,1.0803188613712993
358,358,32,6973.0098152357405,7948.392556750171,5523.44204428916,3795.229382264646,5555.592208035567,4376.034041358622,1.139879731616505,0.7921173482676972,1.4638356864534225,1.1530354559880132
359,359,7,4974.418668638489,5278.834838238745,4226.773824024573,2930.9353975788727,3689.832410959282,3353.939536484043,1.061196330642506,0.8497020668309472,1.258926557715091,1.1443239381033772
360,360,10,9452.941868019336,11318.473822717213,8409.51222165398,5786.763091212738,7911.508700602529,6726.471859357652,1.19734935226982,0.8896185271280015,1.367173422498709,1.1623893622968378
361,361,22,3936.6965872441406,4649.973569614088,3359.4543320321536,2242.3251066465336,3250.101792821046,2648.101442743376,1.181186679380153,0.8533688735163403,1.4494337967261461,1.1809623122419093
362,362,6,6504.622007308643,8394.863891826244,5917.444651681201,4194.797444261975,5867.947126983346,4915.2629199028015,1.290599804630263,0.9097292117869901,1.3988630452252364,1.1717521489926395
363,363,7,2558.93571333064,2666.5429117420167,1977.042622336377,1400.7047582748626,1863.8403741044697,1578.285304069519,1.0420515442614688,0.7726034741854116,1.3306447080254191,1.1267794263891617
364,364,7,11918.897939386732,15018.716728960253,11685.003068066491,7175.33366752804,10498.009828770422,8641.977242597119,1.2600759571344242,0.98037613271716,1.4630692195234276,1.2044007488747697
365,365,5,6584.559581906018,7723.740715906665,6249.727695946154,3868.355174410553,5398.84250696596,4557.057695787782,1.1730079468232089,0.9491489321654918,1.3956429189025068,1.1780349761917017
366,366,12,24555.820580763455,27543.688682725682,22848.247224293726,14822.91508769222,19252.91295499166,17347.014160377676,1.1216765732643796,0.9304615640575494,1.2988614480411995,1.1702835817214705
367,367,9,22758.927084291376,26547.59926946875,19659.775429346726,13962.527551659501,18556.677726822647,14712.74439239502,1.1664697185041022,0.8638269878247582,1.329034278225443,1.0537307330610317
368,368,15,17797.6191931313,16781.88043329414,12330.887284529737,9720.760508992738,11730.3776007094,9821.90822007639,0.9429283912182385,0.6928391461082976,1.2067345543445445,1.0104053289853276
369,369,16,14933.654732324132,19167.696837927462,13749.845767552099,9524.009145503878,13398.052884341692,11153.509754294637,1.283523503221129,0.9207287843470989,1.4067660666481703,1.171093977745708
370,370,4,14116.570523244642,16467.34387009272,14116.570523244642,8532.506233384393,11510.631537543615,10254.934905409813,1.1665258104280531,1.0,1.349032889364554,1.201866676087059
371,371,3,2220.42076632041,2715.089451109253,2220.42076632041,1388.309262444446,1897.8161826613675,1762.7869834899902,1.2227815071323564,1.0,1.3669981422725759,1.2697365285787894
372,372,7,22225.67947232488,22163.98476111394,16751.495319235877,13424.675531270843,15492.552046829847,12946.731894135475,0.9972241698487662,0.7537000315376012,1.1540354931292145,0.9643981237369896
373,373,5,6370.308890471827,4260.94749766836,3828.136585146509,2868.775813027237,2978.3499829677826,2836.3466514027887,0.6688761205977825,0.6009342170004212,1.0381954454032152,0.988695818795883
374,374,14,15719.660202271372,19485.123958447046,14665.23986627096,9356.688027220338,13619.95535652408,11007.990047335625,1.239538495598753,0.9329234651110297,1.4556385033786643,1.1764836035263058
375,375,9,12794.943143668554,16289.530348733375,12675.462363795874,8008.793529980404,11386.287655211028,9616.891070943888,1.2731225270660216,0.9906618748882988,1.4217232111911977,1.2007914843782244
376,376,21,21205.88647754546,19575.827888288328,13739.177394029175,11223.523336903198,13683.284188737549,10961.610731411978,0.9231317874410403,0.6478945083751791,1.2191612008099633,0.9766639585779587
377,377,20,16210.737391688232,12031.333591282591,7848.4940514050295,7562.211219635133,8409.693113042542,6331.687445640564,0.7421829927028146,0.4841540431978872,1.1120680008523087,0.8372798989269782
378,378,6,15578.575830240015,19273.12695649983,15317.89328932328,10013.122877580416,13471.85299735818,11956.833606553533,1.23715589708067,0.9832665999923614,1.345419721905334,1.194116336405411
379,379,5,15151.65052938297,18268.127444378002,14558.290932659038,9256.347890231584,12769.368770729028,10715.222397446632,1.2056856386009813,0.9608386165208038,1.3795255885104327,1.157608003125577
380,380,22,11370.402968538441,14639.770180084279,10661.092966133556,6817.857571866054,10232.969586930103,8252.875989791593,1.287533099802362,0.9376178659307393,1.50090691673533,1.2104793775462772
381,381,6,6733.821395631299,8957.016318356493,6469.629429574438,4372.144995821066,6260.891707510389,5245.349108023548,1.330153532757423,0.9607664132244047,1.431995442396033,1.1997198430146068
382,382,58,21996.41990917508,29662.020200759354,20879.896385176486,13251.47298012301,20733.146359793136,16516.890968926833,1.3484930876586338,0.9492406705905412,1.5645918299718464,1.2464192466529491
383,383,23,14841.192050559132,14418.664539785084,8938.459687670973,7802.80073492623,10078.406176992972,7441.96994308128,0.9715300826689236,0.6022737026258091,1.291639568838516,0.9537562467499868
384,384,10,7104.932484153882,8470.529419873657,5921.008886592968,4222.41844715697,5920.795587931687,4841.210160251053,1.192204069323032,0.8333659608727576,1.4022285242520824,1.1465491212768661
385,385,12,31772.5116358006,33375.58964414433,25408.209302559266,18647.453246570378,23329.411663548068,19090.34886982441,1.0504548720201716,0.7996915570857743,1.2510776326970436,1.023750997919005
386,386,26,13138.065068055661,13720.10278056187,9183.93591601472,6864.8503951473685,9590.080202051142,7327.189447641579,1.044301631137556,0.6990326100869186,1.3969831314649168,1.067348744092228
387,387,6,17397.415933315904,20881.47186183811,17397.415933315904,10994.8044921983,14596.086108183239,13216.311657071114,1.2002628402905668,1.0,1.3275439430087492,1.2020506291357116
388,388,13,46211.658741846404,50030.21014605566,40899.86290129141,27798.154569304326,34970.98088255691,29833.39453638792,1.082631775360866,0.8850550708376766,1.2580324638230866,1.0732149309411703
389,389,9,6100.013380987122,7053.056698800122,5003.981966544287,3689.84827225672,4929.992589498086,4129.052572542675,1.1562362667569714,0.8203231130838156,1.336096290616007,1.1190304500020367
390,390,13,24295.02172178499,29526.213162632757,23406.337151036085,14501.127645008224,20638.687097493093,17165.646957610792,1.215319479881635,0.9634211246680205,1.4232470469010472,1.1837456629464114
391,391,7,13880.95439003221,16792.666908105322,13345.318375140687,8373.831153250188,11738.00099021202,9872.731011271477,1.2097631356071588,0.9614121623167238,1.401747990303826,1.1789980990289626
392,392,5,17133.519553733197,20200.473704372143,16943.344204074725,10364.977562095957,14120.078821080926,12282.25526714325,1.1790031605018767,0.9889003920611843,1.362287446980795,1.1849765417784068
393,393,12,21113.145655531873,25800.060449652174,19801.98118686676,12931.755512788255,18034.116814783665,14955.832278513908,1.221990359493981,0.9378981943260751,1.3945606067907539,1.1565198757217485
394,394,13,34592.712995435184,37928.98807898663,29336.711226807252,20891.262952061585,26512.226662686862,22965.707677602768,1.0964444472450512,0.8480604348863442,1.269058109293033,1.0992972387692088
395,395,15,19617.03556996689,22423.358106170163,17254.64718778889,11905.308545731437,15673.77056170095,13225.228840544552,1.1430553829702828,0.8795746496073674,1.3165362746789682,1.1108682139352333
396,396,10,31679.3255508908,37765.28107113387,29589.48786078876,19184.014222050137,26397.826824983378,21913.231898903847,1.1921112717651254,0.9340314967645112,1.3760324882704515,1.1422652029582392
397,397,27,13782.40654996271,17038.906249511376,12162.07117429059,8309.816560210109,11909.91342805005,9707.836889269694,1.2362794688825571,0.8824345102723367,1.4332342166346106,1.1682372070345963
398,398,8,6774.22382718496,6534.103218499219,5235.542927255151,3669.9097404513013,4567.254546767755,4032.450359123769,0.9645537828670294,0.7728624062058471,1.2445141351640174,1.0987873392842311
399,399,19,6398.549830959815,7321.620871479687,5196.839000607032,3687.0171665869543,5117.614537849102,4212.2337300010495,1.1442625383729186,0.8121901271225201,1.3880094142839159,1.1424502625520143
400,400,11,6202.228444531593,7069.6744643996335,4805.975114181861,3615.6828321195057,4941.587500925743,4004.554443842848,1.1398603788341357,0.7748787644897558,1.3667093410483118,1.1075513616041888
401,401,27,19857.667258092373,17957.911577037572,11965.27421366188,10056.37310922094,12552.29803909966,9432.846316597002,0.9043313770764985,0.6025518535560014,1.2481933499056577,0.9379968517623705
402,402,6,28930.70777746897,32564.688039208813,28880.15312008677,17485.47953834517,22762.65420182776,20966.77672290802,1.125609794606199,0.9982525606434843,1.3018032563482114,1.1990964661237034
403,403,31,19828.87657069579,18787.42726670032,12100.748200505814,10291.815802149102,13132.087731975516,9874.256585200119,0.9474781488359971,0.6102588897239377,1.275973840226845,0.9594280324311878
404,404,5,9046.301996296583,11979.259410738548,8950.202646794018,5996.673757133032,8373.450029691847,7219.489280462265,1.3242161731548066,0.9893769465642528,1.3963491043233165,1.2039156327079985
405,405,9,20745.13456328198,25118.85620629773,20327.585794492352,12455.941843154986,17557.98639805011,14761.119620734698,1.2108312013920148,0.9798724482834317,1.4096072877619361,1.1850665173783301
406,406,42,18347.379235035605,20909.89349541469,13014.808528392816,10187.019900116551,14615.576771230872,10816.789401071768,1.1396665010055378,0.7093551815585807,1.4347254559759575,1.061820778513254
407,407,6,7792.468210607129,7253.609702795996,6246.5265431572025,4203.135975750076,5070.2104492688,4707.526180817884,0.9308488025555707,0.8016107829165622,1.2062922728461074,1.120003304194268
408,408,6,38730.08334636688,46458.221289799534,38730.08334636688,24428.51820151767,32474.23385740827,29107.418213009834,1.1995383762621723,1.0,1.3293574988674812,1.1915343359304322
409,409,20,2979.3700322458017,3400.974166535865,2375.7614192141846,1584.663014630631,2377.0720849189693,1888.3990884937225,1.1415078119626063,0.7974039456332228,1.5000489460360382,1.1916723436205705
410,410,17,6071.501094573316,6246.926720178248,4180.687361847729,3243.0633482915227,4366.424192030192,3430.0909177645094,1.0288932873225909,0.6885755757475547,1.3463888068453755,1.0576700327397288
411,411,57,28883.79647361928,32534.14828000031,23693.7372363284,16295.52071103722,22740.774246307363,18091.716727661347,1.1263806096167117,0.8203124287338347,1.395523018230689,1.110226365175771
412,412,6,6627.593944265149,8211.852908852148,6432.45678232362,4133.831412579431,5740.022478838052,5039.016424298286,1.2390398352569347,0.9705568621761476,1.388547791613105,1.2189699872530693
413,413,8,4244.916665292431,4589.106519916529,3413.0046912918824,2356.915488807901,3207.701872415253,2715.021637558937,1.0810828295966999,0.8040216005175125,1.3609744972390458,1.1519384765603802
414,414,5,4893.597859317529,5651.1934305647455,4689.87574217688,3002.3476100134094,3950.1319698239577,3601.8982166646115,1.1548136142418683,0.9583696652243794,1.3156810879091763,1.1996939343904034
415,415,18,79294.93419884559,87547.55123717837,75367.05741452295,46982.81403908062,61195.55004233327,54483.00778382149,1.1040749591599122,0.9504649720186057,1.3025092535204554,1.1596369629648442
416,416,11,10321.534883393198,13053.742265251174,9374.701981821545,6343.819935218726,9124.450872423373,7512.021376931272,1.264709407343471,0.9082662692837421,1.4383212268947818,1.1841479508627113
417,417,7,10968.06867924458,13224.71967001001,9023.445848067822,7069.120327123882,9244.005844753,7641.849111557007,1.2057473431977868,0.8227014355903275,1.3076599940284201,1.0810183952076176
418,418,41,10359.493651681152,13440.21303565669,8724.35730735238,6012.838897476675,9394.280734672831,7197.019918888211,1.2973812705098375,0.8421605920803455,1.5623702704915643,1.1969420836983484
419,419,19,8261.500570979004,8365.872573435254,5712.983365072315,4342.156902662423,5847.546432276045,4605.1463816431615,1.012633540548661,0.6915188489051106,1.3466916473447983,1.0605665536451445
420,420,9,14794.904631281262,19387.3180777333,12905.438423156738,9820.842942286574,13551.641175609178,11017.167872428894,1.3104050726181888,0.8722893958958292,1.379885744558498,1.1218148927920621
421,421,5,2366.897733131836,2392.9263239343995,1787.6274250904542,1269.2036476144226,1672.603252266945,1451.5607693195343,1.0109969224433382,0.7552617927117189,1.3178367832544027,1.1436783782081525
422,422,56,21232.66913397478,27514.726357610045,17941.844836938755,12388.608856241304,19232.208795268598,14401.85281932057,1.2958675230135448,0.8450112759601044,1.5524106877891726,1.162507670267191
423,423,11,35622.199667664114,41853.63342103965,33444.8705587672,21115.25393390191,29255.574679377096,24088.125537520464,1.1749311893008139,0.9388771853167346,1.3855184868227122,1.140792604859249
424,424,34,22449.217904488374,24017.377141426394,15686.289376053819,12476.137256093023,16787.791345177073,12998.96396418998,1.0698536244607653,0.6987454726838207,1.3455920691300787,1.0419061362796103
425,425,13,12216.320105191206,13899.69322660957,9905.085269081866,7247.028567715279,9715.749706756886,7713.764641790025,1.1377970703880813,0.810807606856405,1.3406528780691565,1.0644037855948305
426,426,28,5648.102978542018,6312.443733451245,4041.8584698132804,2961.7895387748877,4412.105743055221,3281.7190266080083,1.1176219267660588,0.7156134520154646,1.4896756455153937,1.1080189809723806
427,427,26,21100.820618263304,20638.11923904053,13556.128582973262,11438.783044518837,14425.773619249318,11123.430148848753,0.9780718775068732,0.6424455630526561,1.261128352824365,0.9724312547547448
428,428,13,19814.29855731438,24036.013874382472,18150.76120839928,12266.419449099976,16801.037829666955,14312.518145442009,1.2130640812167262,0.9160435912427991,1.3696774270098597,1.1668048858782634
429,429,12,52058.15680090146,58462.67409589123,47178.517570949116,30812.04566347993,40865.283626275974,33750.07856160402,1.1230262016283847,0.906265616575425,1.3262762256227496,1.0953533864713956
430,430,9,24005.86700439453,31504.166865750976,24005.86700439453,15798.036313453167,22021.318505855943,18974.812056541443,1.3123528035868814,1.0,1.3939275786512277,1.2010867477487073
431,431,38,29287.077666005673,32050.86221687775,21901.846639656418,16490.617868490604,22403.155613384763,16970.258578624776,1.0943687377208031,0.7478331190782651,1.3585394914881583,1.0290856724689887
432,432,18,6361.550547759547,6156.772326087745,4228.276120418847,3226.4486543204944,4303.395813717732,3447.273183283063,0.9678100142198944,0.6646612470772537,1.3337871681159756,1.0684419783550145
433,433,6,6751.993217154761,7118.456389186377,5745.150493537207,3815.0417222232577,4975.738286535678,4472.132449382581,1.054274813413696,0.8508821482433553,1.3042421679299516,1.1722368390708966
434,434,21,17150.415117778586,13288.96488208054,8722.543716548731,8033.589527407227,9288.766933060702,7025.803470611572,0.7748480016850926,0.5085908216592789,1.1562411673351418,0.8745534541741878
435,435,20,13299.379091957555,13121.067853573362,9222.466619001367,7492.9601381624525,9171.417413191783,7695.289514987769,0.986592514045109,0.6934509164099554,1.224004564828894,1.0270025961828932
436,436,5,7640.021059356519,7816.180507395922,6647.569792626782,4400.519727768062,5463.457896856949,5061.55304277202,1.0230574558199241,0.8700983598056566,1.2415483249357022,1.150217100683067
437,437,21,33904.07635997847,33966.25072767751,23929.89680481579,19293.175526480198,23742.189625824172,18585.587160785406,1.0018338316324826,0.7058117894361358,1.230600405476933,0.9633244219064085
438,438,12,28689.01770528563,32906.10998572945,27606.265635783282,17074.20033597121,23001.245482261693,20009.36962763071,1.1469932614551268,0.962259005148759,1.3471345673392172,1.1719066916109568
439,439,9,20680.823768172824,24926.249415533373,19416.22235774994,12298.660564118145,17423.354227781027,14261.7539919336,1.205283198336332,0.9388514971841175,1.4166871373468415,1.1596184737013444
440,440,30,32789.586713781864,39043.672497243235,28956.253616408852,19714.956412707874,27291.213585897833,22388.086164456585,1.190733900919608,0.88309297305776,1.3842898261903562,1.1355889252702411
441,441,7,31980.960805594277,34166.7172892676,28471.204513249057,18734.500768472142,23882.462123263656,20040.2543807707,1.0683455539988336,0.890254820245073,1.274785083328983,1.0696978066528455
442,442,28,18766.3088291136,16903.96553093665,10847.554275011255,9499.688833346894,11815.5793035487,8855.299924287234,0.9007613423004232,0.5780334520650443,1.2437859292898419,0.9321673667038806
443,443,11,2750.3859190974363,2661.623626490259,1977.7398147525146,1348.0454815104638,1860.3600175662912,1551.0761187209823,0.967727331647951,0.71907720331899,1.380042471179672,1.150611118093008
444,444,50,18997.250991484914,25842.26252779268,16461.8460596312,11256.91553710342,18063.219250659866,13538.532623209674,1.3603158972514438,0.8665383253087432,1.6046330978608208,1.2026858137636298
445,445,6,8420.344646566406,9623.241632487525,7937.412196480957,5046.6531796525605,6726.58318134718,6085.114259719849,1.1428560274443909,0.9426469496967235,1.3328800180816616,1.2057722302484002
446,446,12,9651.47588807041,9910.553298369581,7356.464071921949,5343.019989409971,6927.351332741134,5878.800727199091,1.026843294570046,0.7622113091547809,1.296523566535659,1.1002767608676467
447,447,25,8861.53773401609,9296.522942803225,6094.502887326759,4582.981313798856,6498.0083748514535,4954.597852975694,1.049086876549359,0.6877477781234592,1.4178561791833322,1.0810861999497885
448,448,5,1646.8394585829346,1359.980868618408,1163.4144160200683,750.2321042503968,950.5743895802673,874.6066689491272,0.8258126568017982,0.7064528421131943,1.2670404054889717,1.1657814481599673
449,449,8,4357.6642295525635,4455.198670564136,3646.558584468945,2356.359804223633,3114.1002951835308,2779.6538575965305,1.0223822754286847,0.8368149523175553,1.3215724905855606,1.1796389722037222
450,450,3,14487.623437456532,14659.992816790356,12702.518741643542,8809.320737496932,10247.303553701258,9742.31906425953,1.011897698754937,0.8767841596988398,1.1632342446204216,1.1059103595571544
451,451,8,1866.9561750554444,1673.7561827708007,1265.5407743596436,884.0486160583496,1169.8720108319899,987.3039643764496,0.8965160538495736,0.6778631396219356,1.3233118513866609,1.1167982692835128
452,452,9,11031.653818168457,13341.92082652373,9790.738082010059,6912.084477421307,9325.908574687286,7945.001761223844,1.209421637628839,0.8875131728558517,1.3492179682049408,1.1494364380494215
453,453,7,4935.1548108604,5347.61763261665,3697.300627049194,2761.8784333184444,3737.9115448358375,3105.861531972885,1.0835764707620874,0.7491762201487258,1.353394667825648,1.1245467919604046
454,454,6,5857.16689886831,6520.446638052148,5332.559793944067,3425.5417199419985,4557.729499168052,4122.239360215066,1.113242417475246,0.9104333009486881,1.3305134988241287,1.2033832010327592
455,455,10,2923.507866252661,2661.294709533033,2040.4642362354493,1412.8015505574047,1860.1405412723889,1586.8643284486122,0.9103087220162907,0.697950657082003,1.316632573441395,1.1232039827692242
456,456,10,11346.191515575689,14883.17202761653,10995.09095397901,7070.744091455976,10403.232748332754,8440.274120106507,1.3117328406792172,0.9690556464594574,1.4713066423806278,1.1936896613618673
457,457,7,26851.500573940124,30754.644006673047,24759.60856926537,15659.280920238829,21497.42288286126,17577.52488890295,1.1453603466958937,0.9220940372060631,1.3728231195518645,1.1224988540939251
458,458,60,21225.718790807765,26020.866416587054,17505.25853067054,12048.445103176035,18187.95895138797,14046.316402783112,1.2259121433313216,0.8247192334542542,1.5095689772113021,1.1658198450089154
459,459,21,8009.776232596008,10792.368059352955,7275.371164467492,4977.1251935784985,7543.645921570915,5982.3316485347905,1.347399446120993,0.9083114126035339,1.515663285163843,1.2019652743019629
460,460,9,28330.935152767946,30121.002439891065,23977.659225463867,16804.50319198721,21054.486492696662,18669.142352615938,1.0631841934433368,0.8463419613990835,1.2529074053635783,1.1109606835337944
461,461,12,16150.990312553471,19161.66559304109,14188.905403750861,9684.599992794012,13393.87881418852,10924.040587375059,1.18640809153031,0.8785161237278704,1.3830079532613075,1.1279805666215716
462,462,3,5118.056590248181,6936.413088452075,5118.056590248181,3494.520106183093,4848.5213795512,4219.9909282922745,1.3552826089630476,1.0,1.3874641530813858,1.2076024175180897
463,463,6,11778.125232433069,13774.139036186694,11597.719367041529,7198.896313798632,9628.060483793699,8631.579046010971,1.169467870680918,0.9846829727285662,1.3374356379239574,1.1990142196472833
464,464,8,9097.172043858405,11476.880785747633,8342.820459687438,5514.757050863043,8022.256036346394,6441.167973160744,1.2615877473149246,0.917078452453778,1.4546889305107165,1.1679876218940088
465,465,6,29026.48046953031,32018.489323117727,28988.39100855924,17111.49614551622,22380.861318350482,20536.979300260788,1.1030785959988567,0.9986877685356633,1.3079429833618033,1.2001860693895057
466,466,2,10816.279649734497,11793.07626181531,10816.279649734497,6527.715502093826,8243.3394012569,7879.563448190689,1.0903080027248362,1.0,1.2628214876418513,1.2070935759475494
467,467,24,5954.105295667384,7318.8897344835705,5449.741068924904,3443.4091667597463,5115.653294247216,4233.438863039484,1.2292173838123583,0.91529134912856,1.4856361955558868,1.2294324194481823
468,468,8,36951.05516917668,44494.228206325904,36810.398829453305,22250.53172510962,31101.3817856122,26560.075406074524,1.2041395841773277,0.996193441863043,1.3977815078690654,1.1936827278649527
469,469,7,4467.013943411255,4873.507818958447,3562.878131866455,2496.576768194875,3406.5088136247546,2900.5877402107344,1.0909990165011152,0.7975972712423743,1.3644718868740402,1.1618259759374334
470,470,7,8110.625125048047,10132.363549860595,7973.625360842114,5153.758655962545,7082.448984976556,6207.364410638809,1.2492703575423318,0.9831086060453174,1.374229850049856,1.2044344380498522
471,471,37,63541.60157613932,68571.24344021273,59018.49159417563,37262.924933909846,47930.91258222716,43482.91884269741,1.0791551005847184,0.9288165568734709,1.286289593939237,1.1669217840472654
472,472,14,31686.55824071095,27800.855431031036,21909.631977763842,18636.0879526104,19432.651582084294,15942.49902889141,0.8773706257346827,0.6914487781009395,1.0427430709438306,0.8554638220978297
473,473,10,48644.04316368775,50361.81817150497,42086.09214438417,28568.292204120098,35202.806218888385,30018.76560171506,1.0353131626422765,0.8651849107765159,1.2322334834495798,1.050772142318881
474,474,3,47356.541991233826,49110.30649134275,47356.541991233826,28010.832844046705,34328.072876662976,33657.554421544075,1.0370332044183792,1.0,1.2255284613559396,1.2015906349138596
475,475,6,18433.99303077665,21532.140082064187,18203.474902055757,10885.903229581863,15050.903180897267,12926.168767809868,1.1680670620909421,0.9874949432639998,1.3826049031923449,1.18742271497359
476,476,3,14740.89997096305,17735.969377374073,14740.89997096305,9218.665262326218,12397.411178179676,11319.843457102776,1.2031809056645644,1.0,1.344816285807013,1.2279265094225096
477,477,33,33311.48772593455,42186.8547152769,31110.702196947423,20281.131128459536,29488.266604148183,23954.48733746335,1.2664356231208629,0.9339331360072004,1.4539754423641942,1.1811218607944982
478,478,19,47628.13258882323,51526.045839880055,42038.35157035094,27687.866906047337,36016.50736414332,31150.10296643658,1.0818405643720648,0.8826369896395218,1.300804698547468,1.1250452435407023
479,479,9,5898.1255835294805,6309.268536460035,4670.114324520691,3277.033860717206,4410.084650102365,3721.481291413307,1.06970739213805,0.7917963526517625,1.3457549837880471,1.1356249125234337
480,480,17,12885.45516033059,17150.211865109963,11088.653212779456,8366.457750633972,11987.82044625426,9432.835980405376,1.330974470960788,0.8605558030202299,1.4328430028043682,1.1274587479618359
481,481,27,40875.86567679753,44074.76471171539,32375.6121564367,24174.113572940805,30807.978232130652,25255.08352933876,1.0782588694319362,0.7920471314889888,1.2744201825301027,1.0447160121564059
482,482,7,4701.18955850105,3722.4046984255124,3122.3887137753663,2204.4746817886717,2601.8877084298338,2368.978608812536,0.7918005968711421,0.6641699244246012,1.180275613924814,1.0746227336529848
483,483,12,9644.730807591432,10753.550828533935,7913.499490197717,5699.1604019063225,7516.606609945221,6370.458160862608,1.114966404253579,0.8204997783835448,1.3188971848258522,1.11778888671597
484,484,21,10241.569169981984,13573.740684102611,9140.60638033252,6506.695269906153,9487.825372768519,7601.148868362636,1.3253575168820042,0.8925005757050997,1.4581634730383437,1.168204219355161
485,485,13,13369.206403438988,16137.718311837036,11567.826094474683,8276.133837936659,11280.129217806085,9401.670118576134,1.2070812451280502,0.8652589948419876,1.362970855558126,1.1359978345782873
486,486,11,43734.49561416726,51983.76774430344,40770.51998589117,26095.827784353463,36336.53849199449,29221.576185393333,1.1886216364060211,0.9322279681827188,1.392427126369264,1.1197796225078556
487,487,19,9807.526636202101,8942.117818139039,6372.236805513256,4970.795806225957,6250.341827839187,5067.811335365052,0.9117607476212589,0.6497292377460074,1.2574127104578687,1.0195171020739944
488,488,7,13198.681654127613,15642.968185821876,12720.130117390552,8352.534120795988,10934.36158124789,9845.456428149164,1.1851917180629827,0.9637424744927154,1.3091070833250131,1.178738845691887
489,489,7,9363.300335464854,10925.391794849633,6445.6804906124635,6170.9331231774995,7636.775622849495,6016.340614199638,1.166831288479355,0.688398348838445,1.237539845338206,0.9749482767205457
490,490,8,6955.646470269092,8354.76017094602,6327.698826235278,4304.67044814464,5839.893767385668,5033.586960495826,1.2011479028810963,0.9097211672965431,1.356641312670689,1.1693315484035152
491,491,16,18761.821151296404,21403.476297776953,16307.951945425837,11360.785182149735,14960.862737912488,12620.473644001388,1.1407995058250524,0.8692094340905169,1.316886332946358,1.1108804049768406
492,492,5,1893.4242218624754,1460.9976540908447,1231.7053728878661,863.8946643359985,1021.1851181711006,932.6153461933136,0.771616649465764,0.6505173846758406,1.1820713338425324,1.079547524361821
493,493,6,7646.58382655188,10165.426986236595,7428.394218663086,5075.215085271093,7105.57073540498,6068.948314697011,1.3294076435725877,0.9714657404093112,1.400053124058965,1.1958012050188485
494,494,7,7714.579095875464,9039.427267671068,7436.548035786426,4737.700209449548,6318.4865245612755,5684.604299055949,1.1717330466549916,0.963960307278762,1.3336611109244059,1.1998657677237068
495,495,11,4047.675370951465,4783.96137023601,3625.9123805111326,2427.4338749954754,3343.874113390173,2858.422249936538,1.1819034215462467,0.8958011817184858,1.3775345840868294,1.1775489661657068
496,496,38,21233.28715997329,24705.010870777274,17116.469843357598,12147.184015958961,17268.405633820526,13598.803068613715,1.1635038270168787,0.8061149323889768,1.4215974345274847,1.1195025160356193
497,497,28,20291.880642728807,19952.419385967452,12745.48061129573,10873.554271574825,13946.448540002439,10559.405693394448,0.9832710795643776,0.6281074108260547,1.2826025595384796,0.9711089336260904
498,498,11,14538.87492489834,18147.205622900514,12852.765440940857,9050.481227321212,12684.781728935457,10267.74374306202,1.2481850017034521,0.88402751294944,1.4015588133195804,1.1344969936036315
499,499,1,816.7977333068848,1017.5938167442871,816.7977333068848,511.9379482269287,711.2876313618566,640.7977595329285,1.2458333015010459,1.0,1.3894020434026535,1.2517098248963556
500,500,11,68507.1155332216,67569.24484359003,54100.77518077436,41147.81349051851,47230.78690393824,39557.76097506182,0.9863098791661027,0.7897103061438767,1.147832239368476,0.9613575453815286
501,501,8,12300.058128404493,12959.096221439551,9996.62042405879,7590.513134745319,9058.324578984646,8185.684972286224,1.053580079553701,0.8127295269421223,1.193374468653571,1.0784099608255109
502,502,7,7905.28319704187,10555.304301690601,7508.375557719971,5208.440823220167,7378.08452540493,6194.195546985773,1.3352215269960677,0.9497921036566507,1.4165629937681352,1.1892610009834295
503,503,15,36141.642197482295,31979.127678407807,21226.35334695625,21350.869530020424,22353.25330435747,16808.76183385849,0.8848277425710208,0.5873101512923208,1.0469481476118638,0.7872635730467326
504,504,39,17265.75880172239,17338.45814595291,11142.91161500923,8909.870831550128,12119.17480673469,9047.023061722919,1.0042106081212758,0.6453763047991636,1.3601964647815452,1.0153932905163037
505,505,12,13635.321892612232,17026.516553365895,12174.49290332589,8677.108323416094,11901.409641997954,9917.836892008781,1.2487066082826435,0.8928643562072536,1.3715870769851681,1.1429887149437157
506,506,15,27588.437294565992,30025.852739595874,24599.268231476442,16762.504456471896,20987.914283460716,18483.66374682086,1.0883491666818683,0.8916513816576948,1.2520750904473237,1.1026791249970072
507,507,7,20735.64991077423,23500.676979991113,20392.50385761261,12706.660558511809,16426.900052175388,15201.954623535223,1.1333465351274172,0.9834513962842649,1.2927786948059696,1.1963768571241082
508,508,7,5008.946987362488,6050.3952519654795,4623.880193661316,3120.4709446911775,4229.15314307747,3717.704037308693,1.2079176056825023,0.9231242026172986,1.3552932291430182,1.1913919735844942
509,509,24,15524.865145444432,16941.71211192632,11021.154570704724,8556.405648484812,11842.005995487696,9068.160306829337,1.0912630772124707,0.7099034012503959,1.3839930552596822,1.0598095367808034
510,510,25,31195.8343981406,35204.84308805125,24289.28450806063,18405.118978529834,24607.92399797023,19479.056284927232,1.1285110261435933,0.7786066626096839,1.3370152090120235,1.0583499246948733
511,511,6,9140.617303247169,11999.831797210132,9014.625490234474,5672.287760855891,8387.819721661082,6870.747255111817,1.3128032165778605,0.9862162686793662,1.478736635955762,1.2112832678423724
512,512,9,10491.611316366774,12838.922813710107,9380.917746315368,6618.3598491634875,8974.312987672965,7533.683384465382,1.2237322205867043,0.8941350821566618,1.3559723545112545,1.138300660006812
513,513,14,13098.189284134984,17024.52769463374,10881.395057346863,8381.751228730167,11899.998557817798,9175.294357599876,1.2997619232189968,0.8307556732690384,1.4197508650731745,1.09467509917852
514,514,6,6028.556766366553,7134.596570135815,5056.319929729175,3686.0827154507692,4987.020280257734,4182.992492437363,1.1834667643738352,0.8387280945811926,1.3529322766832903,1.1348070066099498
515,515,8,61089.74363862118,65775.83236597161,60830.31338425564,36658.87486407718,45977.223198857355,43948.43413424492,1.0767082729151916,0.9957532927965748,1.2541907892517297,1.198848417939606
516,516,8,15898.850406189527,15365.390558495264,13071.548050913038,8755.429748525588,10740.324322117787,9821.74070778857,0.9664466402245924,0.8221693843866974,1.2267044143580108,1.1217885346453207
517,517,5,12298.523475783264,14550.870128720337,12298.523475783264,7716.520532854226,10171.005958031517,9339.492953181267,1.1831395986170303,1.0,1.3180818886863526,1.2103243830450519
518,518,10,27071.832063030786,32106.83850269902,25731.864658898707,16799.747605945962,22442.57552351782,19600.12809062004,1.1859869117075392,0.950503261064406,1.3358876603345327,1.1666918188510722
519,519,24,19189.562302151855,16557.660712152145,11110.400677553758,9696.391072507304,11573.553997445551,8951.257153099796,0.8628472318149446,0.5789814536993309,1.1935939785123424,0.9231534790794251
520,520,6,13449.050428683715,19691.200826637476,12510.221950250598,9451.379125732492,13764.086512037195,11100.996577620506,1.4641331691820187,0.9301936978070353,1.4563045592534585,1.1745372214936058
521,521,8,11793.225195490038,13570.768791704933,10682.116450201953,7135.636640273761,9485.883759192146,8323.974264621735,1.1507258249333407,0.9057841492153482,1.3293675445374438,1.166535613324389
522,522,6,15593.78234079679,18651.885164562205,15141.290043389892,9899.343539550542,13037.604982009781,11598.532860920537,1.196110395600735,0.9709825180627872,1.3170171264307617,1.1716466667290892
523,523,8,34670.191920028105,36786.0404269801,27717.712243796734,21406.376575541166,25713.358479547092,20915.51558443308,1.0610278856209538,0.7994680937368824,1.2012008846432733,0.9770694031577049
524,524,7,14860.96985386178,18156.74374170378,14573.790008712842,9352.868077592282,12691.49070023814,11141.292088508606,1.2217738088598276,0.9806755650557819,1.3569624413547083,1.191216640294655
525,525,6,3542.694729542383,4272.284679697022,3413.805766763086,2196.036773361127,2986.2643190922176,2651.8598319111693,1.205942088114626,0.9636183830053159,1.3598425833833439,1.2075662229701125
526,526,7,4775.100189425415,5225.9984408868895,4029.1478259061278,2763.140920027814,3652.8997655911353,3193.520756006241,1.0944269719115005,0.8437828874939172,1.322009941336747,1.1557574689220318
527,527,10,9715.684679465528,9474.527854626614,7430.335099714526,5854.055549000572,6622.590425337599,6141.399229312441,0.9751786072937703,0.7647773002986422,1.1312824707425666,1.0490845496607777
528,528,18,7208.562509868287,8949.04921498977,6448.693350597217,4354.726161406809,6255.19739539145,5151.716279754821,1.2414471266273703,0.8945879766970415,1.4364157844934817,1.1830172756696464
529,529,14,8389.978693109388,10698.076153059035,7234.181574768481,5208.295379939783,7477.808972017061,6006.060594650641,1.275101706973972,0.8622407564288391,1.4357497850099887,1.1531720373970191
530,530,24,20987.510278348575,23037.866118440823,15539.262044596131,12112.95968606471,16103.217598991734,12723.57458903659,1.0976940958169519,0.7404052142681716,1.3294205558627916,1.050410049962798
531,531,9,5128.592879539405,5749.838415703125,4523.964234214014,3013.2670717621854,4019.0430368964835,3530.344812412409,1.1211337204483882,0.8821063282801087,1.3337825493662967,1.171600368747876
532,532,16,3857.057552041382,3718.669986120801,2629.9504601034423,1894.0540325469044,2599.1832029032385,2073.013943003487,0.9641209486627083,0.6818540881536801,1.3722856678001725,1.094485113614176
533,533,7,4803.594061874486,6035.890289650098,4528.084167942822,3050.773873232514,4219.014183606218,3635.6216830055932,1.2565362959281239,0.9426450506885353,1.3829324489185655,1.1917047392153621
534,534,15,8556.977416538648,7578.599777999144,5379.217053663281,4249.8985614916555,5297.2845000534035,4260.726767362618,0.8856631739323598,0.6286351817718374,1.246449632481141,1.00254787395847
535,535,14,5595.219398693433,6813.30328750166,4742.531436091199,3375.9251510837125,4762.352754304463,3888.3518336731267,1.2177008267258775,0.8476041953240745,1.4106807885760413,1.1517885200816491
536,536,7,28523.789333834793,35358.545752934035,26515.77013223274,18647.911985072173,24715.550140857682,20792.49666953087,1.2396160039995767,0.9296019481107249,1.3253789572067216,1.1150040115041007
537,537,11,6708.195832007886,7893.053713801196,6282.748454060498,4065.8644663165237,5517.1296427502375,4866.076219680567,1.1766283977787007,0.9365779728854393,1.3569388966249754,1.196812205619091
538,538,5,7430.4831263039905,9601.988378572607,7080.169809189087,4866.434607314264,6711.737594772651,5783.914981895931,1.292242807817094,0.9528545706705408,1.3791899278138644,1.188532354509129
539,539,25,24354.602301547162,23197.77679260384,15764.856510973244,13333.663077402543,16214.984665386892,12959.724089265486,0.9525007432016316,0.6473050274350717,1.2160937749257754,0.9719552694584883
540,540,6,39926.038624086745,43545.17227281646,39873.427807207474,23604.465432272777,30438.0126834859,28307.480092048645,1.0906459486954048,0.9986822930926202,1.2895023092482358,1.1992425828608582
541,541,10,22696.067361925965,27595.158438090257,19820.440987050268,14660.677606313664,19288.911106156298,16261.515125142503,1.2158563859562215,0.873298473739123,1.3156902855465202,1.1091926009026645
542,542,17,22222.555128387572,20654.077849532943,15068.303361388113,12038.038981792173,14437.022681669918,11943.492414726175,0.9294195798011083,0.6780634933441806,1.1992835962324317,0.9921460158744292
543,543,12,16240.19227614337,22186.352879232734,15615.048170089722,10873.074042296548,15508.135227932487,12793.386621236801,1.3661385593213817,0.9615063605514094,1.4262880182371083,1.1766117448911122
544,544,11,14509.919264190896,14843.07905779856,10625.205504251318,8360.667873266279,10375.197229583595,8734.804417133331,1.0229608302804187,0.7322718556038639,1.240953161500278,1.0447496000963483
545,545,5,9408.178204501404,11621.715303026047,8986.176791729626,6083.586266747681,8123.5267266584115,7126.399908185005,1.235277973100633,0.9551452572858506,1.3353187364270407,1.171414293430381
546,546,19,22294.821716191367,20686.11381020579,13868.405826257276,12029.606544040116,14459.394886676242,11439.308827400208,0.9278438766425626,0.6220460518948892,1.2019840244766715,0.950929590716135
547,547,6,5829.514281927979,5464.491605667065,4430.392057419312,3122.9711979762697,3819.6169073100796,3428.7263667583466,0.9373836895138045,0.7599933447549699,1.2230714486849084,1.0979052157061873
548,548,13,12277.873348727975,12575.544894890409,9572.66997858242,6833.307654760947,8790.17000812999,7481.887721652128,1.0242445525953623,0.7796684089084677,1.2863711766300534,1.0949145128039564
549,549,10,18131.01374012935,18859.64451497505,14585.883055152553,10899.721901237157,13182.786956444357,11084.344843858933,1.0401869848696337,0.8044714578131743,1.2094608537625224,1.0169383168024517
550,550,17,26116.373351685623,27625.541438581684,21494.33974488633,15404.029276003925,19310.075704802202,16776.18959472209,1.0577862809117275,0.8230216138910813,1.2535730333155777,1.0890780129102773
551,551,5,16508.9129515688,19901.88545486272,16304.623805557447,10504.169303251916,13911.365630080241,12546.294441461563,1.205523677618731,0.9876255240662626,1.3243660901175225,1.1944109123962272
552,552,28,6858.917869782521,8878.105657447293,5630.779798330736,4191.591752159197,6205.503425005257,4763.678336745515,1.2943886814216652,0.8209428812579257,1.4804646520760618,1.1364843282487185
553,553,5,6871.508930090455,8345.439895479005,6597.09007160199,4262.941534475869,5833.410218731824,5143.2437707185745,1.2144988794141243,0.9600642506208819,1.3684002399645965,1.2065011281818903
554,554,13,25347.813604225288,30100.36904532788,22265.697183347533,15700.918427651055,21040.02204641219,17054.072731733322,1.18749370321669,0.8784070109950631,1.340050401724168,1.0861831306440783
555,555,52,21466.1065350359,21322.07539889913,13518.024519806322,11445.29301776992,14903.587495875277,11204.49245001708,0.9932902999478882,0.6297380709325598,1.3021586666882203,0.9789607336938448
556,556,37,25084.11744899408,25070.562597606568,18639.24489211774,14834.376924173996,17523.936783631,14405.895890236407,0.999459624146033,0.7430695909480844,1.181305886536705,0.9711156703023138
557,557,17,17232.930114229028,21607.008435228126,15410.790968066478,10546.989039320182,15103.121261990858,12227.357652416822,1.2538209284204938,0.8942641132944634,1.4319841620850253,1.1593221161823593
558,558,32,21473.437763071393,21505.597902452573,13508.00277881531,11906.153506753546,15032.078511939153,11462.098839795739,1.001497670737961,0.6290563685170841,1.262547010116448,0.9627037677024805
559,559,10,28721.31919799335,31134.924204098606,24499.78365694773,16816.849564906057,21763.20738856733,17470.823113918304,1.0840353115212717,0.8530173523039094,1.2941310620975937,1.0388879942398355
560,560,13,86858.85836571008,88615.02268554374,77775.94295407285,50151.61992926765,61941.764740892635,55771.71961914581,1.0202185977674207,0.8954290260943267,1.2350900096198978,1.1120621766117342
561,561,5,5310.8434849597415,6414.07596244934,5014.139834788843,3320.9738032598934,4483.386849032089,3970.8640201091766,1.207732063769897,0.9441324808363942,1.3500217450168268,1.195692665871482
562,562,11,19978.964665002983,24409.90183147483,19055.090965963194,12144.849861693468,17062.406388751304,14265.071076750755,1.2217801192788278,0.9537576789122546,1.4049087953378894,1.1745778036947792
563,563,5,7388.796009912439,9510.00752924812,7305.420700458093,4603.326050926576,6647.443007821234,5560.592320561409,1.2870848669377215,0.9887159816914022,1.444052177551753,1.20795100304532
564,564,10,13168.617766724437,16168.843368947388,12405.648234824414,8292.012707938502,11301.91699727022,9799.271295547485,1.2278314744470882,0.942061532545355,1.362988383562188,1.1817723441458288
565,565,8,9745.733800137403,11641.500091529833,8524.473840881421,5939.686365506638,8137.324913966554,6910.689592123032,1.1945226834910783,0.8746877367778336,1.3699923553577165,1.1634771883335913
566,566,8,5181.809651531202,6124.238152784303,4142.134334778491,3116.2221970566984,4280.758852748227,3530.3629268706577,1.181872466306171,0.7993605734927969,1.3737014185931427,1.1328983312567118
567,567,7,14133.118189877467,17810.17180340154,14066.450585701135,9084.066099289652,12449.23691814887,10972.257769861848,1.2601728482082377,0.9952828807287496,1.370447636782648,1.2078575441805566
568,568,10,2438.02048049729,2095.8375430964356,1567.247512601782,1150.9392914812308,1464.8859925124086,1215.4029864224249,0.8596472260433766,0.6428360734205588,1.2727743360183108,1.056009639620723
569,569,6,8704.794503913745,10814.251678009057,8233.834204380664,5510.681962738544,7559.09919495393,6554.109044551849,1.2423327940880033,0.945896448293945,1.3717175562055883,1.1893462712725256
570,570,9,8512.112811811168,11379.709270437013,7303.321542478394,5434.826982131677,7954.322687795471,6396.926225423813,1.336884216882893,0.8579916295686907,1.4635834248168806,1.1770248154090779
571,571,15,14728.084129252502,17837.805694593993,13093.951703526833,9122.572865789258,12468.469460113207,10425.141833090394,1.2111423005226492,0.8890465038504226,1.3667711558513786,1.1427852631559596
572,572,55,25315.656078870168,27033.998034459317,19937.88345481939,14128.064249938472,18896.190140309434,15488.151712431276,1.067876651121966,0.7875712718131228,1.3374932195960056,1.096268493576445
573,573,11,10617.54300180962,14069.326557292723,10166.694694840637,6959.970657399234,9834.34432332362,8230.886364340782,1.3251019143407088,0.957537416435032,1.4129864632214506,1.1826036012939827
574,574,9,4935.850444958692,5945.383449017749,4429.829048444897,2992.6799847604,4155.729002098605,3546.001337128991,1.204530711640617,0.8974804033962116,1.3886312680476327,1.1848915872015267
575,575,13,22445.98188296133,17540.388619234665,13917.283829540307,11238.71916293161,12260.595651456246,10622.278928518295,0.7814489341876159,0.6200345301046898,1.0909246395172028,0.9451503124620727
576,576,17,12146.432787230908,15080.662765418821,11267.358233397046,7603.607111845596,10541.205669835752,8966.948358094422,1.241571334529802,0.9276269363003433,1.3863427600584064,1.179301905818475
577,577,16,14898.62018042898,17848.37976747664,11995.567181449609,9133.34500095179,12475.850205046972,10093.733252376522,1.1979887769018034,0.8051461837524485,1.365967255561556,1.1051518640021427
578,578,15,23081.92147421347,21968.96554894792,16403.436669684666,12746.859505902237,15356.150061333803,12901.878479003906,0.9517823537131032,0.7106616616822895,1.204700660129138,1.0121613463323957
579,579,8,49207.05295570373,55927.64883958174,44642.31610948106,29725.01177707973,39093.34268812844,32627.94900727272,1.1365778984961343,0.9072340940569666,1.315166600481296,1.0976597503800278
580,580,4,1555.0088533783692,1347.5028185259034,1110.0143452652833,750.3564427549744,941.8626757672067,860.3603202920214,0.866556364356612,0.713831527617156,1.2552203487573277,1.1466021630109042
581,581,12,13206.86510104806,17736.495409859326,12207.710578259217,8848.979276974189,12397.684856144468,10124.040371060371,1.3429754354386345,0.9243458220293661,1.4010299344246764,1.1440913188037407
582,582,9,7743.7083839421875,9714.521600380811,7345.874452994507,4917.919024870086,6790.356560574988,5862.4731331410485,1.2545050922275713,0.9486248821336489,1.3807377726709043,1.1920637780927907
583,583,21,17206.279571675128,20312.24514345549,14303.147031859535,10876.09027587739,14198.039898262583,11919.337548448268,1.1805134897897034,0.8312748245358798,1.3054360103789417,1.0959211670837954
584,584,69,26745.752008425934,31002.65072542488,23017.774858399585,15365.295935243183,21670.132226188758,17747.234230156344,1.159161676054495,0.8606142332863965,1.4103296361825517,1.1550206585640659
585,585,5,8386.598423509668,9004.751548471826,7945.247145427393,4981.933189558269,6294.269084775405,5911.503577709198,1.0737072521833555,0.94737422065601,1.2634190072977467,1.1865882886786265
586,586,7,23902.417111800598,28426.83623462041,23607.07524343141,14359.472967838603,19870.28531033087,17048.980556853785,1.189287096014491,0.9876438492815282,1.3837753902831267,1.1872984889514373
587,587,25,21327.54711824515,21880.10944993896,13936.422237648927,11846.97093171653,15293.935209707324,11664.722788588497,1.025908386399536,0.6534470260636155,1.290957435268338,0.9846164775638875
588,588,11,14360.913557145119,17906.140724808083,13950.070236600684,8856.693325608392,12516.277425999246,10598.009639785785,1.2468664095467015,0.9713915609261485,1.413199821406198,1.1966102076880683
589,589,16,3070.2545505902835,3278.9676249056397,2275.438113251709,1571.58647795045,2291.8312678650427,1808.9297364697634,1.0679790782413234,0.7411236025411105,1.458291541712604,1.1510214435217332
590,590,6,3901.0530883262454,4641.856907125195,3572.54594456709,2409.5501184151644,3244.595294789311,2838.9865865707397,1.1898984202536944,0.9157901376061247,1.3465564671148578,1.1782226752096068
591,591,9,35468.02000923566,39824.30353205818,34492.107806712644,21106.56070450568,27837.094056345468,24890.42186307907,1.1228228562431217,0.9724847284322921,1.3188834716403133,1.1792741703183143
592,592,28,5653.91380911488,6400.015964048145,4292.889008830602,3058.827363353585,4473.318750616854,3453.814693314385,1.1319620673612758,0.7592774056636448,1.4624292969945427,1.1291303114039593
593,593,12,2833.2515305488405,3288.875833325098,2197.9296813609985,1562.3403004069528,2298.7988791918438,1817.82056247305,1.1608132203807533,0.775762285015065,1.4713816692772124,1.1635240811489984
594,594,19,24766.945690370205,27180.833421152995,20836.62505841788,14164.390024139479,18999.203959317143,15711.653808015375,1.0974640862446494,0.8413078188530734,1.3413358377549611,1.109236174748012
595,595,5,1885.0012608526854,2302.9198348634523,1663.0752482367186,1141.143297525357,1609.6887403487533,1374.0443419716762,1.2217073180214852,0.8822674460623023,1.410592993745367,1.2040944769612898
596,596,16,10135.114114321448,12632.308512268579,8872.244695499525,6286.65601881958,8829.81650261334,7237.146677405156,1.2463903582909308,0.8753966255754908,1.4045331057052615,1.1511917712278532
597,597,11,10432.120439791863,12803.65793469275,9381.705017263563,6254.51926081878,8949.641954734232,7128.648002864057,1.2273303408054024,0.8993095000589106,1.430908049288289,1.1397595411563006
598,598,10,4370.581325861132,4490.971642464404,3052.249786401465,2359.9296082619167,3139.084705837819,2508.6227296808606,1.0275456072378544,0.6983624279774916,1.3301603127687136,1.0630074392466546
599,599,11,6997.798336763184,8752.855898294947,6622.722456732043,4330.682444272319,6118.131380429766,5192.872644153966,1.2508013916765084,0.9464008732488521,1.412740707534789,1.1990887604843812
600,600,18,17562.64830791999,20397.759695760546,14918.494835562542,10709.356525735453,14257.845973147825,11307.244809660431,1.1614284667171775,0.8494444900337127,1.331344786111571,1.05582859086708
601,601,11,9108.092862251697,12235.620441574536,8292.597511835827,5937.832604263353,8552.583744121399,6896.4715646948425,1.3433789736910582,0.9104647523088315,1.4403544717614067,1.161445939001916
602,602,12,11315.390194281053,15991.03973439558,10673.014736380883,7645.178434161646,11177.611368923315,8964.209107509714,1.4132115163361896,0.9432299331378925,1.462047153664508,1.1725310513949712
603,603,16,7739.549913287866,9080.099830235496,5997.9569890954335,4539.2424932404665,6346.822637352213,5004.220417698277,1.1732077358459914,0.7749749089152679,1.3982118485195432,1.102435136512364
604,604,11,14941.011694564448,19004.814354885108,14608.364279761256,9445.551020286117,13284.250285071083,11330.40919303894,1.2719897918157093,0.9777359511120516,1.406402893440587,1.199549837664815
605,605,11,9604.843013499047,10972.268545907693,8346.704854505517,5790.0217630917,7669.500765291874,6634.632593276704,1.1423683375654146,0.8690100236697997,1.3246065522898116,1.1458735156349407
606,606,24,23133.315257760187,23976.464905653324,16104.03339634414,12991.780890138572,16759.298124387657,13180.628378269434,1.0364474195980318,0.6961403161158218,1.2899923625643057,1.0145359200349666
607,607,3,9135.339464124292,10187.936827991114,8849.97963117141,5586.769613393357,7121.33647237539,6662.516168832779,1.1152225779896316,0.9687630838379321,1.274678743741851,1.1925525178021477
608,608,19,6575.931848441356,7807.149305365381,5485.930687810327,3832.5209058416913,5456.998919260003,4438.171048175176,1.1872308724148124,0.8342438477537775,1.4238667063608743,1.1580291816309018
609,609,32,30094.71948054557,37107.91612936692,26484.719623618832,18625.272006375893,25938.09900447388,21253.301884248634,1.2330374487575788,0.8800454059968764,1.392629272506443,1.141100214642401
610,610,7,30765.990121990708,34171.33238734043,30393.205213308458,18374.223700979608,23885.688154629363,21955.642392022306,1.1106852811122654,0.987883214315414,1.2999563161602259,1.194915374348673
611,611,25,14678.6146663875,16971.128122752518,12313.567088050144,8496.384861854132,11862.557387144803,9748.299005593693,1.1561805053452785,0.8388780118499146,1.3961888002983052,1.1473466849836602
612,612,9,10658.715158173633,12796.389520035547,9674.0661396693,6607.054942872712,8944.582197298449,7701.490252375603,1.200556477036788,0.9076202896979327,1.3537926163225447,1.1656464671424447
613,613,16,18543.30415300737,14213.016787898829,10544.845618772753,9063.17311023216,9934.731419542877,8274.309708595276,0.7664770350862065,0.5686605543307437,1.0961648088048483,0.91295946882596
614,614,77,28336.32466827084,35135.17194772152,27155.30738746508,16674.684982767132,24558.681039460396,20634.275363640234,1.239933984348492,0.9583214374259275,1.4728122938958772,1.2374611805239644
615,615,10,46093.85884206888,46791.506313960715,38366.10557120507,27166.63132587178,32707.15824313214,27560.921283721924,1.0151353670405894,0.8323474435641988,1.203946041406463,1.014513759660538
616,616,12,13606.702765478518,12723.69799498889,9343.086242675781,7171.605328557143,8893.73943196923,7420.426177948459,0.9351051620874754,0.6866532181756824,1.240132302952394,1.0346952792285595
617,617,17,4742.580046699072,5518.56899709619,3845.5705563336423,2741.018360552502,3857.3021731062377,3131.458589099301,1.163621687511046,0.8108604427267884,1.4072514904018112,1.1424434925959777
618,618,7,9358.308465724072,11768.140001617405,9059.019721836987,6023.003265710059,8225.856695104969,7205.623591158042,1.2575071707370653,0.9680189272470269,1.3657400356954998,1.196350603390975
619,619,7,13174.824553010092,15435.414807933643,12371.375949033789,8184.260110368662,10789.281768572813,9620.030905548627,1.1715840879571384,0.9390163716606961,1.3182965378756526,1.1754307384929008
620,620,12,42212.1771461054,39075.9805126792,32250.0730465477,24934.644554282808,27313.984871466753,23552.257964069195,0.9257039829390663,0.7639992823616578,1.0954230693765903,0.9445596031174958
621,621,7,11391.644058281188,14936.616979209475,11174.95119836228,7567.784452022807,10440.622075019424,9012.732840740286,1.3111906326068237,0.9809779116332744,1.3796140919722852,1.190934136387996
622,622,4,6086.877603333545,6400.888714684009,5380.258513898731,3558.5870295015166,4474.179389063323,4120.3913741111755,1.0515882085715822,0.8839110730519985,1.2572909843067857,1.1578728691899818
623,623,4,25455.09147644043,30432.102969459986,25455.09147644043,15365.018663095783,21271.99806712613,18358.839680671692,1.1955212574123315,1.0,1.3844433601774873,1.1948465591367337
624,624,13,66832.30669558905,61069.92205422797,49807.055524184994,39381.89870401403,42687.73943106216,36021.12064916844,0.9137784564640592,0.7452541740186901,1.0839431524593095,0.9146618582282059
625,625,9,2435.409241752612,2381.5386930316163,1714.2287048386963,1194.4079576903084,1664.6015307490998,1358.28427237257,0.9778802889479763,0.7038770632261676,1.3936624584853154,1.1372029662286898
626,626,11,1916.4587158175539,2133.1441527979982,1518.9325606387206,1050.5175298896115,1490.9528891194009,1213.656904241316,1.1130655386375006,0.7925725444029458,1.419255601832813,1.1552942903949894
627,627,44,20461.272805544788,24088.276398004527,15296.560163301574,11730.375926624667,16837.245548214803,12670.86272232397,1.1772618754917759,0.7475859546311493,1.4353543018172992,1.080175332963086
628,628,12,3817.579440509546,3156.7966424558344,2340.0401255453125,1795.1538849093322,2206.475494846229,1830.9225906144652,0.8269105310443744,0.6129643566062842,1.2291288860496055,1.0199251473680429
629,629,3,3930.4310193328856,4751.706876561988,3617.1488761901855,2409.699739577334,3321.41173757923,2899.410897731781,1.2089531283437962,0.9202931837241928,1.3783508721139721,1.2032249703609725
630,630,6,3808.004143842212,4765.129596519604,3567.371733481494,2388.8051262798485,3330.7628991080046,2881.400026705254,1.2513456962028588,0.9368087845309108,1.3943217311723928,1.2062097468756428
631,631,8,2498.344420326538,2227.3825456752193,1615.9607518466553,1204.9212755930785,1556.856827366179,1282.6899762566952,0.8915434267402156,0.6468126406828432,1.292081780695484,1.0645425574590655
632,632,7,68607.91723994727,73153.09610460637,64617.21415969198,40293.62913548533,51133.94088985103,45543.065745055676,1.0662486058097775,0.9418331988377038,1.2690328964391786,1.1302795683138736
633,633,7,19575.336387038245,24640.23112449663,17782.314434245887,13127.980389999737,17223.448295202346,14526.353563427925,1.258738579880144,0.9084040285519894,1.3119648097831056,1.106518530031733
634,634,10,3415.2197964726806,2786.033705188916,2166.1905404731933,1581.2525815195008,1947.3330880998515,1666.2244830655554,0.8157699566119865,0.6342755868042478,1.2315129858814626,1.0537370832080484
635,635,13,10772.38813223042,11592.836315958326,8645.059902762647,6167.663797326794,8103.256733171671,6874.51535661146,1.0761621447033798,0.8025202765296843,1.313829190346563,1.1146060457431275
636,636,14,3380.454444327734,4078.177392996069,2718.1711269535645,1872.898939994452,2850.4997739506516,2231.1135087768625,1.2063991573201307,0.8040845311536576,1.521972015190043,1.1912620916873773
637,637,22,25053.122034009324,28050.42927883044,22346.628015495233,14923.848203492877,19607.02020981448,16711.472447951957,1.119638073081363,0.8919697906376676,1.3138045859529397,1.119783062658108
638,638,15,32464.108963815946,32971.02722562,25126.973165327483,19437.046668419564,23046.59120242037,18672.423725700864,1.0156147289417077,0.7739923862790649,1.1857043714292992,0.9606615677904903
639,639,14,18270.194977789306,14396.516381486796,9726.37244059143,8890.456671632353,10063.01845755367,8122.768778085709,0.7879782563343379,0.5323628156358253,1.1318899387545214,0.9136503419451802
640,640,8,15391.89190464767,16469.876160693628,13260.250745326539,8996.091009185557,11512.359783806443,9756.807963609695,1.0700358515200106,0.8615088273406163,1.2797069051493168,1.0845608335495274
641,641,6,21708.127849964778,25883.283820620705,21654.54774907257,13109.754867288177,18092.352629788267,15645.348883509636,1.1923314621837693,0.9975317954057336,1.380067958015966,1.1934127710159055
642,642,2,5957.620620727539,6503.757917079932,5957.620620727539,3619.9960614719726,4546.105882045273,4369.989127635956,1.0916703716333147,1.0,1.2558317204899727,1.207180630428371
643,643,7,5147.008731436415,6267.772068949854,4416.375410081287,3199.8834353472844,4381.099519357548,3656.342136649178,1.2177504247599478,0.8580470017677191,1.3691434728409306,1.1426485403373308
644,644,23,7741.046964447069,8003.700982411817,5858.154790620823,4111.752176768083,5594.346746158659,4593.806952048861,1.0339300380389191,0.7567651788609531,1.3605748852684805,1.117238285421103
645,645,8,3505.418750666235,4003.5430674671384,2881.635312511108,2062.7700690884917,2798.3930245819297,2369.0510780228337,1.1421012301900395,0.8220516627188773,1.3566189787786185,1.1484804407064542
646,646,10,12514.845594892175,13352.915236198485,9760.488841704613,7599.542933545774,9333.583217166743,7936.012946954827,1.0669660392492866,0.7799128457236637,1.2281769178468085,1.044275032900178
647,647,9,10321.703806647265,11010.595218717872,8781.373190641529,6018.802360535964,7696.311988194195,6833.242456272282,1.0667420248609494,0.8507677952341792,1.2787115321575124,1.1353159726719775
648,648,17,28353.22134770598,30972.25960267292,22161.076571433397,16832.84359692378,21649.431685633164,17854.434229373932,1.0923718057588134,0.781607010352156,1.2861422706731274,1.060690318101503
649,649,9,9066.134386579908,10307.062559766187,8372.175344929517,5460.958291040098,7204.542694665365,6432.663887554653,1.1368751135018642,0.923455906116104,1.3192817653425408,1.1779368280671274
650,650,11,16794.165531972965,17255.442183803883,14010.59578215098,9848.719151879422,12061.439124818113,10160.507547858278,1.0274664823895379,0.8342537624437137,1.2246708367672805,1.0316577608895832
651,651,8,9360.3570385479,10762.106382754151,8498.331619956225,5705.241687519282,7522.628734361149,6658.101936462156,1.1497538329396577,0.9079067801536123,1.318546898866276,1.167014878795992
652,652,7,26328.24541540123,31523.672928745462,25516.807072360607,16044.438820036805,22034.974137391477,18819.292490589007,1.1973328427843148,0.9691799308978655,1.3733714456795771,1.1729480040826905
653,653,12,21550.17557727592,27797.058188485546,20670.27873253098,13668.271103171599,19430.018209172198,15893.425736188889,1.2898761816955586,0.9591698526265017,1.4215417635858596,1.1627970806418204
654,654,6,13262.171626091003,17313.973745945827,13262.171626091003,8677.647780930602,12102.404909305735,10486.35277569294,1.3055157355891558,1.0,1.3946642240885996,1.2084326352513435
655,655,13,24634.47371711088,32222.21208410342,23546.904114512072,15684.29723103348,22523.190299613892,18191.698640235438,1.3080130086855546,0.95585172165284,1.4360343959210837,1.159866991314136
656,656,8,8460.472650975806,7511.808124311695,6225.780212078101,4404.770096234665,5250.670251153073,4722.65708693185,0.8878709776864896,0.7358667144157764,1.192041840195362,1.0721688042172564
657,657,20,9333.370095659082,11603.457125265188,7213.200430552453,5635.587621519891,8110.6075866275605,6156.064245963366,1.2432226523045427,0.7728398591959069,1.4391769113227217,1.0923553424058208
658,658,8,25917.957151891387,30970.7699071281,25004.91797708584,15571.949475633386,21648.48448583774,18132.92727952773,1.1949541287388068,0.9647719467450806,1.390223139351484,1.1644609628294582
659,659,12,14354.004854236558,19315.2526271311,13578.01775816676,9187.827986213766,13501.236162988638,10919.67314851284,1.3456350909223942,0.9459393316395063,1.4694698445864565,1.1884934246589824
660,660,7,32648.467186738533,33616.05307555278,28256.48652430743,18796.665290477868,23497.54775964659,20305.407607155656,1.0296364874736683,0.8654766658014782,1.2500913005856482,1.0802664884096274
661,661,9,11934.185942410022,15867.293194093141,11063.02061281289,7951.83983310375,11091.1438420791,9232.244601030468,1.3295664463971688,0.9270025342490008,1.3947896430089466,1.1610199393851415
662,662,6,1320.7129123247803,1161.659408668213,931.2261137456543,623.2169551622619,811.9372553390807,717.2040172302575,0.8795699639397074,0.705093518095819,1.3028163765661402,1.1508095395824476
663,663,6,3175.591348421094,2546.0092204476805,2066.787913463208,1453.2472586173096,1779.5977342401286,1573.2731473445892,0.8017433419805599,0.6508356040492478,1.2245663796629658,1.0825915122258536
664,664,9,3237.446640527881,3356.3380716391603,2496.4958527790773,1771.9223733052552,2345.986299179773,1987.0876289646844,1.0367238272356185,0.7711311196690525,1.3239780334189741,1.1214304073931132
665,665,11,5188.417281214917,6097.8538771379635,4474.493035778821,3087.7869527585026,4262.284950937037,3580.8277042299796,1.1752820844259646,0.862400380165852,1.3803688583920228,1.1596744720457526
666,666,10,7921.988684301856,10745.933568314089,7312.63703160105,5169.0698867674,7511.303057763546,6108.562981367111,1.3564691893095149,0.9230809741109209,1.4531246863177771,1.1817528327494224
667,667,7,16274.757128609364,20069.68067317327,15525.936052545117,10544.920088317436,14028.633572879315,12327.048869286515,1.2331785054962703,0.9539888017899882,1.330368884295428,1.169003535924703
668,668,16,10186.329915080396,10529.09557562688,7005.249274682545,5864.8365025145895,7359.670594894394,5972.194082191532,1.0336495738312024,0.6877108176431231,1.2548807783028366,1.018305297962
669,669,14,8210.63968268257,9686.332310689648,6053.387141659912,5060.916323507638,6770.599994880862,5294.873900454901,1.1797293128231565,0.7372613311027866,1.337820971951631,1.0462283037284266
670,670,5,4807.953545234546,6545.758074347242,4467.115821694971,3225.162880683518,4575.432611701522,3834.046282489212,1.3614437021412444,0.929109605504113,1.4186671436364284,1.1887915197872585
671,671,9,6761.740929473121,7647.8199089613045,5885.216419451148,4005.7983459076963,5345.732085371951,4633.389344930649,1.1310430240865836,0.8703699950701494,1.3344985502910112,1.1566706421116022
672,672,21,8171.784894186708,9328.088979748265,6285.619522271594,4650.568710185252,6520.114828362443,5165.148393832095,1.1414995745157384,0.769185631249679,1.4020037622673291,1.1106487648531798
673,673,7,1975.2411493108157,1626.2296798760497,1271.1390443335938,919.9328507896118,1136.6614229421584,982.3537610116076,0.8233069063205066,0.6435361296402259,1.2355917303817563,1.067853767987976
674,674,7,2496.3523018456785,2066.7927017617676,1685.5725156426759,1166.8720381738617,1444.6149650786751,1287.7546850247365,0.8279250890323789,0.6752141972895602,1.23802346600016,1.1035954611099041
TOTAL,,10158,10531672.130496096,11757272.331254378,8945848.401470186,,,,1.116372802492528,0.8494233670231804,,
MEAN_OF_PROBLEMS,,,,,,,,,1.1167838470250901,0.8344336404720915,,
