problem_ordinal,example_idx,step,phase,draft_latency_ms,prm_latency_ms,target_latency_ms,draft_input_tokens,draft_output_tokens,fpga_draft_ms,our,weak,strong
0,0,1,draft|draft_verify,107.54895210266113,5072.937726974487,0.0,92.0,27.0,161.56320000000002,107.54895210266113,5180.546700677149,107.54895210266113
0,0,2,draft|draft_verify,359.05909538269043,57.33013153076172,0.0,119.0,91.0,557.8720000000001,5072.997748574488,416.44929971345215,5072.997748574488
0,0,3,draft|draft_verify,320.6150531768799,67.52514839172363,0.0,210.0,83.0,525.9152,525.9152,388.2002679686035,320.6150531768799
0,0,4,draft|draft_verify,523.1287479400635,102.76579856872559,0.0,293.0,137.0,904.3736,904.3736,625.9546561087891,523.1287479400635
0,0,5,draft|draft_verify,78.39679718017578,124.96042251586914,0.0,430.0,19.0,128.0464,253.06683771586916,203.41723489604493,227.8463458845947
1,1,1,draft|draft_verify,324.2030143737793,30.53903579711914,0.0,88.0,88.0,532.6816,324.2030143737793,354.8021205708984,324.2030143737793
1,1,2,draft|draft_verify,180.82499504089355,49.72076416015625,0.0,176.0,49.0,304.3576,304.3576,230.6057984010498,180.82499504089355
1,1,3,draft|draft_verify,150.27451515197754,59.4632625579834,0.0,225.0,39.0,246.1584,246.1584,209.79780890996093,150.27451515197754
1,1,4,draft|draft_verify,106.84466361999512,59.29827690124512,0.0,264.0,25.0,159.4264,218.78469690124513,166.20296052124024,166.20296052124024
2,2,1,draft|draft_verify,208.85801315307617,45.763254165649414,0.0,129.0,56.0,342.164,208.85801315307617,254.68131211872557,208.85801315307617
2,2,2,draft|draft_verify,175.4894256591797,49.83019828796387,0.0,185.0,47.0,292.7984,292.7984,225.37966154714354,175.4894256591797
2,2,3,draft|draft_verify|target|target_rescue_verify,415.01665115356445,163.14959526062012,2003.312587738037,232.0,107.0,686.8112000000001,2003.312587738037,2581.538919752222,2003.312587738037
2,2,4,draft|draft_verify,403.1486511230469,99.49874877929688,0.0,327.0,98.0,650.0527999999999,650.0527999999999,502.70747830234376,403.1486511230469
2,2,5,draft|draft_verify,423.8705635070801,148.41914176940918,0.0,425.0,109.0,749.9463999999999,749.9463999999999,572.3497924764893,423.8705635070801
2,2,6,draft|draft_verify,357.84244537353516,128.46946716308594,0.0,534.0,84.0,596.8992000000001,596.8992000000001,486.3719797366211,357.84244537353516
2,2,7,draft|draft_verify,282.24921226501465,151.46136283874512,0.0,618.0,74.0,539.516,539.516,433.7706343037598,282.24921226501465
2,2,8,draft|draft_verify,71.55513763427734,151.29399299621582,0.0,692.0,15.0,109.60320000000002,302.8754270349609,222.90914263049316,302.8754270349609
3,3,1,draft|draft_verify,170.78161239624023,29.921770095825195,0.0,83.0,46.0,275.488,170.78161239624023,200.76341929206544,170.78161239624023
3,3,2,draft|draft_verify,133.76426696777344,29.38532829284668,0.0,129.0,36.0,218.988,218.988,163.20962406062011,133.76426696777344
3,3,3,draft|draft_verify,171.67425155639648,49.55697059631348,0.0,165.0,47.0,290.59040000000005,290.59040000000005,221.29125975270995,171.67425155639648
3,3,4,draft|draft_verify,37.74547576904297,49.64494705200195,0.0,212.0,10.0,62.0872,62.0872,87.45043082104493,49.61700819631348
3,3,5,draft|draft_verify,125.03409385681152,59.02099609375,0.0,222.0,34.0,214.0888,214.0888,184.1151171505615,125.03409385681152
3,3,6,draft|draft_verify,38.977622985839844,59.24510955810547,0.0,256.0,10.0,63.037600000000005,63.037600000000005,98.28274054394532,59.08102329375
3,3,7,draft|draft_verify,331.2981128692627,76.97272300720215,0.0,266.0,87.0,563.2608,563.2608,408.33090547646486,331.2981128692627
3,3,8,draft|draft_verify,127.5629997253418,91.57609939575195,0.0,353.0,32.0,211.1336,211.1336,219.19912472109377,127.5629997253418
3,3,9,draft|draft_verify,51.831722259521484,92.15927124023438,0.0,385.0,13.0,85.8952,91.63612499575196,144.05100389975587,91.63612499575196
3,3,10,draft|draft_verify,27.880430221557617,92.58055686950684,0.0,398.0,7.0,45.9616,92.21928164023437,120.52099269106445,92.21928164023437
3,3,11,draft|draft_verify,111.45853996276855,124.10688400268555,0.0,405.0,29.0,194.6504,194.6504,235.6254471654541,111.45853996276855
3,3,12,draft|draft_verify,78.17935943603516,124.31812286376953,0.0,434.0,20.0,135.0464,135.0464,202.5574982998047,124.16690720268555
3,3,13,draft|draft_verify,330.7061195373535,135.68520545959473,0.0,454.0,86.0,595.028,595.028,466.45139379694825,330.7061195373535
3,3,14,draft|draft_verify,47.19972610473633,126.75714492797852,0.0,540.0,12.0,83.2944,135.74527425959474,174.01688063271484,135.74527425959474
3,3,15,draft|draft_verify,180.46045303344727,127.58326530456543,0.0,552.0,47.0,333.3152,333.3152,308.1037559380127,180.46045303344727
3,3,16,draft|draft_verify,39.94441032409668,129.14347648620605,0.0,599.0,10.0,70.44640000000001,127.64330290456543,169.14789481030274,127.64330290456543
3,3,17,draft|draft_verify,59.34643745422363,130.96284866333008,0.0,609.0,15.0,106.8144,129.20348448620607,190.3692981175537,129.20348448620607
3,3,18,draft|draft_verify,146.24738693237305,150.75421333312988,0.0,624.0,37.0,267.892,418.7062429331299,297.06162986550294,297.06162986550294
4,4,1,draft|draft_verify,317.3367977142334,50.77362060546875,0.0,115.0,78.0,476.17920000000004,317.3367977142334,368.17048071970214,317.3367977142334
4,4,2,draft|draft_verify,473.4025001525879,77.66604423522949,0.0,193.0,116.0,735.116,735.116,551.1286371878174,473.4025001525879
4,4,3,draft|draft_verify,480.6995391845703,92.8492546081543,0.0,309.0,125.0,828.0584,828.0584,573.6088937927245,480.6995391845703
4,4,4,draft|draft_verify|target|target_rescue_verify,51.17058753967285,250.1969337463379,391.3555145263672,434.0,13.0,87.3064,391.3555145263672,692.7830462123779,391.3555145263672
4,4,5,draft|draft_verify,44.94524002075195,125.05340576171875,0.0,446.0,10.0,67.14160000000001,125.09846687316895,170.0586537824707,125.09846687316895
4,4,6,draft|draft_verify,111.81020736694336,125.59199333190918,0.0,456.0,26.0,177.38,177.38,237.46222149885256,125.11341376171875
4,4,7,draft|draft_verify,32.12904930114746,125.45108795166016,0.0,482.0,8.0,54.0848,125.65201413190918,157.6401436528076,125.65201413190918
4,4,8,draft|draft_verify,77.33511924743652,126.24549865722656,0.0,490.0,20.0,137.60000000000002,137.60000000000002,203.6406339046631,125.51109435166016
4,4,9,draft|draft_verify,274.8894691467285,127.46214866638184,0.0,510.0,65.0,456.428,456.428,402.41166981311034,274.8894691467285
4,4,10,draft|draft_verify,83.00042152404785,127.73346900939941,0.0,575.0,17.0,119.9864,127.52220066638183,210.79390413344726,127.52220066638183
4,4,11,draft|draft_verify,211.82656288146973,130.55920600891113,0.0,592.0,47.0,337.7312,337.7312,342.44580649038085,211.82656288146973
4,4,12,draft|draft_verify,479.59446907043457,155.0600528717041,0.0,639.0,107.0,790.3520000000001,790.3520000000001,634.7146075421387,479.59446907043457
4,4,13,draft|draft_verify,163.1031036376953,154.9968719482422,0.0,746.0,42.0,316.5528,316.5528,318.1600091859375,163.1031036376953
4,4,14,draft|draft_verify,89.6615982055664,174.83282089233398,0.0,788.0,22.0,166.5496,341.44243849233396,264.55443669790037,329.9497440405762
5,5,1,draft|draft_verify,45.78971862792969,20.310640335083008,0.0,97.0,12.0,71.5992,45.78971862792969,66.1603685630127,45.78971862792969
5,5,2,draft|draft_verify,90.17634391784668,28.311967849731445,0.0,109.0,25.0,150.4984,150.4984,118.54833176757812,90.17634391784668
5,5,3,draft|draft_verify,176.65696144104004,45.88484764099121,0.0,134.0,49.0,299.5192,299.5192,222.60184828203126,176.65696144104004
5,5,4,draft|draft_verify,119.65370178222656,49.401044845581055,0.0,183.0,33.0,204.7416,204.7416,169.11477302780762,119.65370178222656
5,5,5,draft|draft_verify,11.636972427368164,50.55546760559082,0.0,216.0,3.0,18.264,49.46107124558105,62.252442432958986,49.46107124558105
5,5,6,draft|draft_verify,116.65892601013184,59.13591384887695,0.0,219.0,32.0,201.16400000000002,201.16400000000002,175.8548654590088,116.65892601013184
5,5,7,draft|draft_verify,45.6392765045166,59.08083915710449,0.0,251.0,12.0,75.6648,75.6648,104.7801252616211,59.195939448876956
5,5,8,draft|draft_verify,257.098913192749,76.4167308807373,0.0,263.0,68.0,438.07759999999996,438.07759999999996,333.57569847348634,257.098913192749
5,5,9,draft|draft_verify,46.42939567565918,76.74717903137207,0.0,331.0,12.0,77.7768,77.7768,123.23658430703125,76.4767852807373
5,5,10,draft|draft_verify,196.6714859008789,92.36836433410645,0.0,343.0,52.0,343.6456,343.6456,289.0998918349853,196.6714859008789
5,5,11,draft|draft_verify,23.998737335205078,92.87381172180176,0.0,395.0,6.0,39.215999999999994,92.42840593410645,116.93255385700684,92.42840593410645
5,5,12,draft|draft_verify|target|target_rescue_verify,201.82538032531738,250.44608116149902,786.9656085968018,401.0,53.0,357.572,786.9656085968018,1239.297112483618,786.9656085968018
5,5,13,draft|draft_verify,78.34362983703613,124.94969367980957,0.0,434.0,20.0,135.0464,135.0464,203.35333951684572,125.22304058074951
5,5,14,draft|draft_verify,114.64953422546387,126.251220703125,0.0,454.0,30.0,204.8424,204.8424,240.96077892858887,125.00970967980957
5,5,15,draft|draft_verify,66.49065017700195,126.80721282958984,0.0,484.0,17.0,116.49199999999999,126.311244703125,193.3578766065918,126.311244703125
5,5,16,draft|draft_verify,99.84517097473145,135.21933555603027,0.0,501.0,26.0,180.08,180.08,235.12452733076174,126.86722642958985
5,5,17,draft|draft_verify|target|target_rescue_verify,51.09572410583496,252.79736518859863,226.973295211792,527.0,13.0,89.9848,261.73804935032956,530.9263949062256,261.73804935032956
5,5,18,draft|draft_verify,111.81187629699707,126.83796882629395,0.0,536.0,29.0,203.4536,203.4536,238.709868323291,126.39868259429932
5,5,19,draft|draft_verify,39.81518745422363,124.88961219787598,0.0,565.0,10.0,69.712,126.89799202629395,164.76480765209962,126.89799202629395
5,5,20,draft|draft_verify|target|backtracking_verify,100.21042823791504,260.38098335266113,493.96324157714844,575.0,26.0,184.52,493.96324157714844,854.6146739677247,493.96324157714844
5,5,21,draft|draft_verify|target|target_rescue_verify,410.57348251342773,436.35082244873047,1687.7858638763428,1199.0,106.0,923.9440000000001,1687.7858638763428,2534.770253638501,1687.7858638763428
5,5,22,draft|draft_verify|target|backtracking_verify,402.9548168182373,458.36758613586426,552.8309345245361,1325.0,105.0,946.5240000000001,1175.7678770679322,1414.2134214786377,632.1986938861694
5,5,23,draft|draft_verify|target|target_rescue_verify,388.8087272644043,765.1195526123047,1827.0156383514404,2139.0,101.0,1105.22,2630.883542065564,2981.0039990281493,2286.0873699188232
5,5,24,draft|draft_verify,267.26412773132324,172.73211479187012,0.0,728.0,70.0,528.1528000000001,528.1528000000001,440.05629852319333,267.26412773132324
5,5,25,draft|draft_verify,77.50940322875977,172.96552658081055,0.0,798.0,20.0,151.6448,172.79217079187012,250.53494580957033,172.79217079187012
5,5,26,draft|draft_verify,182.8603744506836,175.71353912353516,0.0,818.0,46.0,354.868,354.868,358.6339503742188,182.8603744506836
5,5,27,draft|draft_verify,36.86976432800293,175.02975463867188,0.0,864.0,9.0,68.3352,175.77357592353516,211.9595261666748,175.77357592353516
5,5,28,draft|draft_verify,179.01945114135742,198.7476348876953,0.0,873.0,46.0,360.808,360.808,377.82712282905277,179.01945114135742
5,5,29,draft|draft_verify,62.94441223144531,199.1441249847412,0.0,919.0,16.0,125.212,198.80767168769532,262.1485500161865,198.80767168769532
5,5,30,draft|draft_verify,157.76348114013672,201.18355751037598,0.0,935.0,41.0,327.068,327.068,359.0070714505127,199.20413778474122
5,5,31,draft|draft_verify,85.35599708557129,201.83134078979492,0.0,976.0,22.0,176.0248,201.24359031037596,287.2473554753662,201.24359031037596
5,5,32,draft|draft_verify,131.82663917541504,217.23628044128418,0.0,998.0,34.0,275.548,275.548,349.12294681669925,201.89135838979493
5,5,33,draft|draft_verify,301.24449729919434,223.41251373291016,0.0,1032.0,78.0,645.6408,645.6408,524.7170734321045,301.24449729919434
5,5,34,draft|draft_verify,226.26423835754395,255.32293319702148,0.0,1110.0,59.0,497.27840000000003,497.27840000000003,481.6472187545654,226.26423835754395
5,5,35,draft|draft_verify,30.422449111938477,253.8313865661621,0.0,1169.0,7.0,57.064,255.3829803970215,284.3138412781006,255.3829803970215
5,5,36,draft|draft_verify,141.75796508789062,256.730318069458,0.0,1176.0,37.0,315.5848,315.5848,398.54831275734864,253.89139216616212
5,5,37,draft|draft_verify,33.269405364990234,254.93335723876953,0.0,1213.0,8.0,66.3656,256.790347669458,288.2627690037598,256.790347669458
5,5,38,draft|draft_verify,120.12195587158203,252.95209884643555,0.0,1221.0,31.0,266.96799999999996,266.96799999999996,373.1340795180176,254.99336363876952
5,5,39,draft|draft_verify,33.46586227416992,267.6706314086914,0.0,1252.0,8.0,67.02080000000001,253.01212364643555,301.19650008286135,253.01212364643555
5,5,40,draft|draft_verify,108.86955261230469,274.39117431640625,0.0,1260.0,28.0,243.27519999999998,267.7306378086914,383.3207493287109,267.7306378086914
5,5,41,draft|draft_verify,38.33127021789551,275.03371238708496,0.0,1288.0,9.0,76.476,274.45119671640623,313.42498980498044,274.45119671640623
5,5,42,draft|draft_verify|target|target_rescue_verify,110.05854606628418,559.3469142913818,753.3068656921387,1297.0,28.0,245.6728,753.3068656921387,1422.7723484498047,753.3068656921387
5,5,43,draft|draft_verify,65.00935554504395,278.8882255554199,0.0,1325.0,16.0,139.828,279.6734571456909,343.95759390046385,279.6734571456909
5,5,44,draft|draft_verify,101.54461860656738,280.1527976989746,0.0,1341.0,26.0,230.48000000000002,278.9482383554199,381.757437105542,278.9482383554199
5,5,45,draft|draft_verify,127.87413597106934,307.89852142333984,0.0,1367.0,33.0,295.6728,295.6728,435.83268379440915,280.2128184989746
5,5,46,draft|draft_verify,124.31669235229492,309.86499786376953,0.0,1400.0,32.0,289.0304,307.95854782333987,434.24171581606447,307.95854782333987
5,5,47,draft|draft_verify,30.671119689941406,309.83471870422363,0.0,1432.0,7.0,60.8512,309.92502346376955,340.56584399416505,309.92502346376955
5,5,48,draft|draft_verify,128.91793251037598,310.8029365539551,0.0,1439.0,33.0,301.2024,309.89472430422364,439.780895464331,309.89472430422364
5,5,49,draft|draft_verify,22.42565155029297,310.7566833496094,0.0,1472.0,5.0,42.8552,310.8629629539551,333.24233889990234,310.8629629539551
5,5,50,draft|draft_verify|target|target_rescue_verify,94.01369094848633,658.0586433410645,560.5301856994629,1477.0,24.0,219.95279999999997,639.9060282201416,1312.6625391890136,639.9060282201416
5,5,51,draft|draft_verify,43.25556755065918,362.9910945892334,0.0,1501.0,9.0,80.5656,329.0293216705322,406.30666933989255,329.0293216705322
5,5,52,draft|draft_verify,86.08531951904297,330.1565647125244,0.0,1510.0,20.0,184.11200000000002,363.05110178923337,416.3019002315674,363.05110178923337
5,5,53,draft|draft_verify,50.18925666809082,329.50425148010254,0.0,1530.0,12.0,109.43039999999999,330.21658071252443,379.75351774819336,330.21658071252443
5,5,54,draft|draft_verify,86.55929565429688,329.71715927124023,0.0,1542.0,22.0,204.5512,329.56426108010254,416.3364725255371,329.56426108010254
5,5,55,draft|draft_verify,53.55215072631836,333.43958854675293,0.0,1564.0,13.0,119.85040000000001,329.7771768712402,387.0517496730713,329.7771768712402
5,5,56,draft|draft_verify,68.97258758544922,328.524112701416,0.0,1577.0,17.0,158.4632,333.49959894675294,397.5567138868652,333.49959894675294
5,5,57,draft|draft_verify,15.95926284790039,328.01365852355957,0.0,1594.0,3.0,24.8784,328.584126301416,344.03292377145993,328.584126301416
5,5,58,draft|draft_verify,58.631181716918945,350.5516052246094,0.0,1597.0,14.0,130.4048,328.07366092355954,409.24279814152834,328.07366092355954
5,5,59,draft|draft_verify,113.3880615234375,351.4413833618164,0.0,1611.0,29.0,275.6936,350.6116164246094,464.8894680852539,350.6116164246094
5,5,60,draft|draft_verify,133.50796699523926,361.1412048339844,0.0,1640.0,34.0,326.3944,351.5014065618164,494.70919902922367,351.5014065618164
5,5,61,draft|draft_verify|target|target_rescue_verify,281.1703681945801,776.900053024292,1218.463659286499,1674.0,73.0,714.5944,1218.463659286499,2276.594138905371,1218.463659286499
5,5,62,draft|draft_verify,347.14698791503906,391.14975929260254,0.0,1730.0,90.0,895.74,895.74,738.3568192076416,388.450026512146
5,5,63,draft|draft_verify,31.853437423706055,391.95823669433594,0.0,1820.0,7.0,66.4384,391.20983129260253,423.871679718042,391.20983129260253
5,5,64,draft|draft_verify,136.8730068206787,403.31339836120605,0.0,1827.0,35.0,351.4112,392.01824229433595,540.2464331818848,392.01824229433595
5,5,65,draft|draft_verify,259.38868522644043,405.4584503173828,0.0,1862.0,67.0,684.8272,684.8272,664.9071891438232,403.37342636120604
5,5,66,draft|draft_verify,343.7926769256592,434.94129180908203,0.0,1929.0,90.0,938.2464,938.2464,778.7940407347412,405.5185039173828
5,5,67,draft|draft_verify,31.820058822631836,421.54479026794434,0.0,2019.0,7.0,69.304,435.001363809082,453.4248546905762,435.001363809082
5,5,68,draft|draft_verify,137.15028762817383,421.3550090789795,0.0,2026.0,35.0,367.64959999999996,843.0198329469238,558.5653247071533,843.0198329469238
6,6,1,draft|draft_verify,226.83000564575195,28.953075408935547,0.0,83.0,62.0,372.5696,226.83000564575195,255.8431306546875,226.83000564575195
6,6,2,draft|draft_verify,106.99772834777832,29.47068214416504,0.0,145.0,29.0,177.1784,177.1784,136.52843369194335,106.99772834777832
6,6,3,draft|draft_verify,233.11281204223633,57.17802047729492,0.0,174.0,65.0,404.8184,404.8184,290.3508845195313,233.11281204223633
6,6,4,draft|draft_verify,162.1856689453125,59.438228607177734,0.0,239.0,44.0,279.4952,279.4952,221.68393275249022,162.1856689453125
6,6,5,draft|draft_verify,216.78757667541504,76.39193534851074,0.0,283.0,58.0,375.6016,375.6016,293.2395584239258,216.78757667541504
6,6,6,draft|draft_verify,162.71710395812988,91.552734375,0.0,341.0,43.0,283.36,283.36,254.3298727331299,162.71710395812988
6,6,7,draft|draft_verify,109.98916625976562,93.0628776550293,0.0,384.0,28.0,186.5104,279.6333000550293,203.1120663147949,203.1120663147949
7,7,1,draft|draft_verify,149.25122261047363,30.464887619018555,0.0,91.0,41.0,246.044,149.25122261047363,179.77614302949218,149.25122261047363
7,7,2,draft|draft_verify,107.87034034729004,29.407262802124023,0.0,132.0,30.0,182.43120000000002,182.43120000000002,137.33762714941406,107.87034034729004
7,7,3,draft|draft_verify,271.8477249145508,57.3422908782959,0.0,162.0,76.0,472.24,472.24,329.25007659284665,271.8477249145508
7,7,4,draft|draft_verify,154.0353298187256,59.20600891113281,0.0,238.0,42.0,266.5656,266.5656,213.3013723298584,154.0353298187256
7,7,5,draft|draft_verify,78.75657081604004,59.95297431945801,0.0,280.0,21.0,134.484,134.484,138.76956193549805,78.75657081604004
7,7,6,draft|draft_verify,12.11857795715332,77.26049423217773,0.0,301.0,3.0,18.671999999999997,60.01299111945801,89.43907458933106,60.01299111945801
7,7,7,draft|draft_verify,57.08742141723633,75.79660415649414,0.0,304.0,15.0,96.56640000000002,96.56640000000002,132.94403757373047,77.32049663217774
7,7,8,draft|draft_verify,158.73479843139648,91.3553237915039,0.0,319.0,42.0,274.536,274.536,250.1501558229004,158.73479843139648
7,7,9,draft|draft_verify,51.723480224609375,91.11809730529785,0.0,361.0,13.0,85.20400000000001,91.4153573915039,142.90158792990724,91.4153573915039
7,7,10,draft|draft_verify,54.149627685546875,92.0863151550293,0.0,374.0,14.0,92.24719999999999,92.24719999999999,146.29595404057616,91.17810770529785
7,7,11,draft|draft_verify,65.38057327270508,92.17262268066406,0.0,388.0,17.0,112.8056,112.8056,157.61320955336913,92.1463263550293
7,7,12,draft|draft_verify,38.69819641113281,92.7882194519043,0.0,405.0,10.0,66.256,92.23263628066407,131.54642386303712,92.23263628066407
7,7,13,draft|draft_verify,83.80365371704102,124.13668632507324,0.0,415.0,22.0,147.7504,147.7504,208.00035764211424,92.8482274519043
7,7,14,draft|draft_verify,128.78727912902832,124.73845481872559,0.0,437.0,34.0,231.11679999999998,231.11679999999998,253.5857611477539,128.78727912902832
7,7,15,draft|draft_verify,72.73364067077637,125.74219703674316,0.0,471.0,19.0,129.8176,129.8176,198.53585290751954,124.79848201872558
7,7,16,draft|draft_verify,20.20740509033203,126.48940086364746,0.0,490.0,5.0,33.428000000000004,125.80221223674316,146.75680995397948,125.80221223674316
7,7,17,draft|draft_verify,50.25076866149902,142.3814296722412,0.0,495.0,13.0,89.06320000000001,126.54940486364747,192.69220873374024,126.54940486364747
7,7,18,draft|draft_verify,46.39244079589844,135.6055736541748,0.0,508.0,12.0,82.44959999999999,142.44144007224122,182.05802405007324,142.44144007224122
7,7,19,draft|draft_verify,42.62232780456543,126.39069557189941,0.0,520.0,11.0,75.752,135.6655832541748,169.07303217646484,135.6655832541748
7,7,20,draft|draft_verify,43.49827766418457,126.75070762634277,0.0,531.0,11.0,76.01599999999999,126.45070437189942,170.30899409052734,126.45070437189942
7,7,21,draft|draft_verify|target|target_rescue_verify,185.7001781463623,258.5487365722656,364.4123077392578,542.0,49.0,346.5208,605.1295757722656,808.7212616578857,493.6866760253906
8,8,1,draft|draft_verify|target|backtracking_verify,330.6608200073242,98.17743301391602,728.5177707672119,150.0,80.0,495.22400000000005,728.5177707672119,1157.4160877884522,728.5177707672119
8,8,2,draft|draft_verify|target|target_rescue_verify,1946.7272758483887,372.90406227111816,4495.213747024536,415.0,467.0,3405.8624,5933.207693815606,6814.905458744043,4681.665778160095
8,8,3,draft|draft_verify|target|backtracking_verify|target_rescue_verify,1418.6012744903564,455.08289337158203,6822.798490524292,634.0,377.0,2906.2039999999997,7050.339937210083,8696.542959986231,7050.339937210083
8,8,4,draft|draft_verify|target|target_rescue_verify,1349.4594097137451,839.4696712493896,6061.388254165649,1406.0,341.0,3243.764,7984.307834951591,8250.377607928784,6621.034701665242
8,8,5,draft|draft_verify|target|target_rescue_verify,902.9958248138428,626.4300346374512,8302.82974243164,1085.0,219.0,1882.0223999999998,8616.044759750366,9832.315777082935,8616.044759750366
8,8,6,draft|draft_verify|target|target_rescue_verify,304.3982982635498,296.9176769256592,2142.1594619750977,603.0,79.0,573.736,2142.1594619750977,2743.5355003643067,2142.1594619750977
8,8,7,draft|draft_verify|target|backtracking_verify,151.94320678710938,437.82591819763184,10980.845928192139,708.0,39.0,290.208,10980.845928192139,11570.67508437688,10980.845928192139
8,8,8,draft|draft_verify|target|target_rescue_verify,1365.778923034668,440.45519828796387,6014.765501022339,747.0,350.0,2781.2672,6014.765501022339,7821.05990234497,6014.765501022339
8,8,9,draft|draft_verify,211.49539947509766,226.47333145141602,0.0,1045.0,43.0,354.32320000000004,580.856565851416,438.0287653265137,446.76096499539796
9,9,1,draft|draft_verify,77.75473594665527,29.69956398010254,0.0,108.0,21.0,126.22800000000001,77.75473594665527,107.51431672675781,77.75473594665527
9,9,2,draft|draft_verify,157.52124786376953,29.415607452392578,0.0,129.0,41.0,249.692,249.692,186.9968881161621,157.52124786376953
9,9,3,draft|draft_verify|target|target_rescue_verify,517.554521560669,106.98723793029785,226.3638973236084,170.0,138.0,870.7032,924.256929365149,850.9657672145752,571.1082509258179
9,9,4,draft|draft_verify,578.6409378051758,85.65139770507812,0.0,178.0,156.0,990.672,990.672,664.352460310254,578.6409378051758
9,9,5,draft|draft_verify,664.6389961242676,137.29023933410645,0.0,334.0,169.0,1138.7992,1138.7992,801.989370658374,664.6389961242676
9,9,6,draft|draft_verify,89.28608894348145,142.50588417053223,0.0,503.0,22.0,152.1856,294.75150177053223,231.85199071401365,279.9162763046387
10,10,1,draft|draft_verify,149.519681930542,21.528244018554688,0.0,76.0,40.0,238.58560000000003,149.519681930542,171.1079579490967,149.519681930542
10,10,2,draft|draft_verify,244.0173625946045,45.819997787475586,0.0,116.0,67.0,408.2608,408.2608,289.8974139820801,244.0173625946045
10,10,3,draft|draft_verify,358.3207130432129,59.89789962768555,0.0,183.0,97.0,610.1175999999999,610.1175999999999,418.27869027089844,358.3207130432129
10,10,4,draft|draft_verify,260.34998893737793,76.61676406860352,0.0,280.0,68.0,440.8112,440.8112,337.02680740598146,260.34998893737793
10,10,5,draft|draft_verify,62.070369720458984,76.64179801940918,0.0,348.0,15.0,98.04480000000001,174.7466100194092,138.77217973986816,153.37862848801268
11,11,1,draft|draft_verify,137.37225532531738,29.612064361572266,0.0,117.0,37.0,224.0872,137.37225532531738,167.04434928688966,137.37225532531738
11,11,2,draft|draft_verify,420.7959175109863,59.413909912109375,0.0,154.0,115.0,717.9664,717.9664,480.2699194230957,420.7959175109863
11,11,3,draft|draft_verify,115.19813537597656,59.61871147155762,0.0,269.0,30.0,191.96640000000002,191.96640000000002,174.87687084753418,115.19813537597656
11,11,4,draft|draft_verify,164.56294059753418,76.41887664794922,0.0,299.0,43.0,279.1264,279.1264,241.0418516454834,164.56294059753418
11,11,5,draft|draft_verify,165.37809371948242,91.54009819030762,0.0,342.0,43.0,283.4608,283.4608,256.97822630979005,165.37809371948242
11,11,6,draft|draft_verify,127.07018852233887,92.48566627502441,0.0,385.0,33.0,220.2552,220.2552,219.61588119736328,127.07018852233887
11,11,7,draft|draft_verify,245.98288536071777,124.68576431274414,0.0,418.0,64.0,435.4,435.4,370.7287008734619,245.98288536071777
11,11,8,draft|draft_verify,127.83980369567871,125.54574012756348,0.0,482.0,33.0,227.7048,227.7048,253.44557022324219,127.83980369567871
11,11,9,draft|draft_verify,176.6204833984375,125.85210800170898,0.0,515.0,46.0,322.144,322.144,302.5326282001465,176.6204833984375
11,11,10,draft|draft_verify,168.70498657226562,126.67298316955566,0.0,561.0,44.0,312.7256,312.7256,295.4380049418213,168.70498657226562
11,11,11,draft|draft_verify,156.8603515625,129.9145221710205,0.0,605.0,41.0,295.388,295.388,286.8349065335205,156.8603515625
11,11,12,draft|draft_verify,568.727970123291,154.28709983825684,0.0,646.0,150.0,1118.8296,1118.8296,723.0751899615478,568.727970123291
11,11,13,draft|draft_verify,24.766206741333008,172.93572425842285,0.0,796.0,6.0,44.028,154.34721983825685,197.76193579975586,154.34721983825685
11,11,14,draft|draft_verify,74.59330558776855,164.60490226745605,0.0,802.0,18.0,136.4088,337.6606457258789,239.2582222552246,337.6606457258789
12,12,1,draft|draft_verify,81.5877914428711,29.76846694946289,0.0,104.0,22.0,132.076,81.5877914428711,111.41627599233398,81.5877914428711
12,12,2,draft|draft_verify,206.9985866546631,45.54414749145508,0.0,126.0,57.0,347.9448,347.9448,252.60277974611816,206.9985866546631
12,12,3,draft|draft_verify,81.52580261230469,48.79617691040039,0.0,183.0,22.0,136.0576,136.0576,130.38199712270506,81.52580261230469
12,12,4,draft|draft_verify,249.76348876953125,59.04245376586914,0.0,205.0,68.0,428.7512,428.7512,308.8659969354004,249.76348876953125
12,12,5,draft|draft_verify,66.61415100097656,59.5395565032959,0.0,273.0,17.0,108.3896,108.3896,126.21372110427247,66.61415100097656
12,12,6,draft|draft_verify,280.05123138427734,78.23991775512695,0.0,290.0,70.0,455.62,455.62,358.35120513940427,280.05123138427734
12,12,7,draft|draft_verify,69.18907165527344,91.36724472045898,0.0,360.0,18.0,118.3752,118.3752,160.61633077573242,78.29997375512696
12,12,8,draft|draft_verify,91.33291244506836,92.12493896484375,0.0,378.0,24.0,159.28799999999998,159.28799999999998,183.5178706099121,91.42725912045898
12,12,9,draft|draft_verify|target|target_rescue_verify,128.5843849182129,265.6519412994385,2203.63187789917,402.0,34.0,228.3448,2203.63187789917,2597.9282313168214,2203.63187789917
12,12,10,draft|draft_verify,52.644968032836914,147.88246154785156,0.0,506.0,13.0,89.38000000000001,132.82597064971924,200.5874399806885,132.82597064971924
12,12,11,draft|draft_verify,77.52537727355957,136.16371154785156,0.0,519.0,20.0,138.9224,147.94247194785157,213.74910482141115,147.94247194785157
12,12,12,draft|draft_verify,40.36545753479004,126.13844871520996,0.0,539.0,10.0,69.1504,136.22372754785155,166.56391425,136.22372754785155
12,12,13,draft|draft_verify,99.62916374206543,126.97052955627441,0.0,549.0,26.0,182.96,182.96,226.65971409833986,126.19845671520996
12,12,14,draft|draft_verify,167.9513454437256,130.0959587097168,0.0,575.0,44.0,314.1704,314.1704,298.1073393534424,167.9513454437256
12,12,15,draft|draft_verify,105.98182678222656,130.69725036621094,0.0,619.0,27.0,194.448,325.20527196621094,236.7390987484375,260.9132658759277
13,13,1,draft|draft_verify,268.07284355163574,49.85928535461426,0.0,118.0,73.0,445.71760000000006,268.07284355163574,317.99218730625,268.07284355163574
13,13,2,draft|draft_verify,54.125308990478516,49.09706115722656,0.0,191.0,13.0,80.308,80.308,103.28238054770509,54.125308990478516
13,13,3,draft|draft_verify,126.08122825622559,56.41293525695801,0.0,204.0,35.0,218.9744,218.9744,182.55419151318358,126.08122825622559
13,13,4,draft|draft_verify,276.30090713500977,75.2415657043457,0.0,239.0,74.0,473.11519999999996,473.11519999999996,351.6025320393555,276.30090713500977
13,13,5,draft|draft_verify,245.46408653259277,90.41881561279297,0.0,313.0,62.0,406.2416,406.2416,335.94295174538576,245.46408653259277
13,13,6,draft|draft_verify,379.3365955352783,125.47135353088379,0.0,375.0,101.0,681.86,681.86,504.8680298661621,379.3365955352783
13,13,7,draft|draft_verify,175.0771999359131,126.93548202514648,0.0,476.0,45.0,310.9416,310.9416,302.07271796105954,175.0771999359131
13,13,8,draft|draft_verify,84.20205116271973,136.60645484924316,0.0,521.0,22.0,153.0928,153.0928,220.86852361196287,126.99551802514648
13,13,10,draft|draft_verify,317.08645820617676,159.53969955444336,0.0,696.0,84.0,629.1696,629.1696,476.6862249606201,317.08645820617676
13,13,11,draft|draft_verify,148.11420440673828,173.91681671142578,0.0,780.0,39.0,296.7744,296.7744,322.0910523181641,159.59976675444335
13,13,12,draft|draft_verify,159.55662727355957,173.71273040771484,0.0,819.0,42.0,323.736,323.736,333.3293912812744,173.97684791142578
13,13,13,draft|draft_verify,99.99203681945801,176.6953468322754,0.0,861.0,26.0,201.68,201.68,276.7474044517334,173.77276400771484
13,13,14,draft|draft_verify,644.411563873291,223.7706184387207,0.0,887.0,171.0,1378.3200000000002,1378.3200000000002,868.2423191120117,644.411563873291
13,13,15,draft|draft_verify,207.6423168182373,227.3859977722168,0.0,1058.0,55.0,456.3808,456.3808,435.0883585904541,223.8307552387207
13,13,16,draft|draft_verify,151.472806930542,237.2419834136963,0.0,1113.0,39.0,327.144,327.144,388.7748215442383,227.4460417722168
13,13,17,draft|draft_verify,161.6809368133545,255.5825710296631,0.0,1152.0,42.0,356.5032,356.5032,417.3235414430176,237.3020146136963
13,13,18,draft|draft_verify,102.76293754577637,246.45447731018066,0.0,1194.0,26.0,221.66000000000003,255.64260462966308,349.27743565595705,255.64260462966308
13,13,19,draft|draft_verify,659.7375869750977,279.8418998718262,0.0,1220.0,171.0,1514.1840000000002,1514.1840000000002,939.6396236469238,659.7375869750977
13,13,20,draft|draft_verify,213.24992179870605,305.38368225097656,0.0,1391.0,55.0,499.5376,499.5376,518.6936480496827,279.9020366718262
13,13,21,draft|draft_verify,155.82609176635742,309.5366954803467,0.0,1446.0,39.0,357.5136,357.5136,465.4228184467041,305.44372625097657
13,13,22,draft|draft_verify,164.60585594177246,311.38134002685547,0.0,1485.0,42.0,389.2704,389.2704,476.0472295686279,309.5967266803467
13,13,23,draft|draft_verify,103.82461547851562,328.6306858062744,0.0,1527.0,26.0,241.64,311.44137362685547,432.51532208479006,311.44137362685547
13,13,24,draft|draft_verify,656.6042900085449,351.79758071899414,0.0,1553.0,171.0,1650.048,1650.048,1008.4620075275391,656.6042900085449
13,13,25,draft|draft_verify,212.8911018371582,361.5686893463135,0.0,1724.0,55.0,542.6944,542.6944,574.5198351834717,351.85771751899415
13,13,26,draft|draft_verify,152.5864601135254,386.1215114593506,0.0,1779.0,39.0,387.8832,387.8832,538.768002772876,361.6287333463135
13,13,27,draft|draft_verify,164.0019416809082,391.45827293395996,0.0,1818.0,42.0,422.0376,422.0376,555.5202482148682,386.1815426593506
13,13,28,draft|draft_verify,102.33330726623535,391.801118850708,0.0,1860.0,26.0,261.62,391.51830653395996,494.1944469169434,391.51830653395996
13,13,29,draft|draft_verify,646.026611328125,432.45577812194824,0.0,1886.0,171.0,1785.912,2218.4279149219483,1078.5425262500733,1078.5425262500733
14,14,1,draft|draft_verify,405.7302474975586,60.513973236083984,0.0,142.0,112.0,695.6272,405.7302474975586,466.3043103336426,405.7302474975586
14,14,3,draft|draft_verify|target|target_rescue_verify,1988.250970840454,328.5565376281738,4630.348682403564,348.0,509.0,3656.228,4630.348682403564,6947.216598072193,4630.348682403564
14,14,4,draft|draft_verify|target|target_rescue_verify,1743.8061237335205,400.0582695007324,5096.897602081299,578.0,425.0,3243.9128,5296.926736831665,7240.822335315552,5296.926736831665
15,15,1,draft|draft_verify,174.30448532104492,28.95379066467285,0.0,93.0,47.0,282.64160000000004,174.30448532104492,203.31831358571776,174.30448532104492
15,15,2,draft|draft_verify,207.88955688476562,50.33993721008301,0.0,140.0,56.0,343.616,343.616,258.28953889484865,207.88955688476562
15,15,3,draft|draft_verify,48.423051834106445,49.88455772399902,0.0,196.0,13.0,80.452,80.452,98.36761995810548,50.39998201008301
15,15,4,draft|draft_verify,408.998966217041,77.21352577209473,0.0,209.0,108.0,687.4584000000001,687.4584000000001,486.27257838913573,408.998966217041
15,15,5,draft|draft_verify|target|target_rescue_verify,366.3749694824219,196.29335403442383,2118.2045936584473,317.0,92.0,607.3592,2118.2045936584473,2680.932990775293,2118.2045936584473
15,15,6,draft|draft_verify,57.662248611450195,135.13898849487305,0.0,418.0,14.0,93.62,98.14667701721191,192.86124830632323,98.14667701721191
15,15,7,draft|draft_verify,377.3632049560547,142.4238681793213,0.0,432.0,94.0,646.4728,646.4728,519.847148335376,377.3632049560547
15,15,8,draft|draft_verify,75.76775550842285,135.67161560058594,0.0,526.0,19.0,132.1936,142.4839433793213,211.4993863090088,142.4839433793213
15,15,9,draft|draft_verify,1060.2941513061523,174.6532917022705,0.0,545.0,278.0,2050.4432,2050.4432,1235.0076654084228,1060.2941513061523
15,15,10,draft|draft_verify,119.18497085571289,178.45702171325684,0.0,823.0,29.0,222.74,401.25704491325683,297.7020157689697,353.2305590155273
16,16,1,draft|draft_verify,271.925687789917,50.70614814758301,0.0,141.0,74.0,455.9456,271.925687789917,322.6918951375,271.925687789917
16,16,2,draft|draft_verify,582.9904079437256,77.76927947998047,0.0,215.0,155.0,997.808,997.808,660.819811423706,582.9904079437256
16,16,3,draft|draft_verify,345.13378143310547,124.8619556427002,0.0,370.0,89.0,598.4024,598.4024,470.05580827580565,345.13378143310547
16,16,4,draft|draft_verify,1761.061191558838,191.21170043945312,0.0,459.0,454.0,3351.7792,3351.7792,1952.333255198291,1761.061191558838
16,16,5,draft|draft_verify,537.4565124511719,203.1991481781006,0.0,913.0,142.0,1148.0656,1148.0656,740.7157742292725,537.4565124511719
16,16,6,draft|draft_verify,112.65087127685547,218.74141693115234,0.0,1055.0,28.0,229.9912,448.7926393311524,331.4523106080078,422.06070110925293
17,17,1,draft|draft_verify|target|target_rescue_verify,256.96802139282227,60.89138984680176,954.6253681182861,107.0,69.0,419.1528,954.6253681182861,1272.5448345579102,954.6253681182861
17,17,2,draft|draft_verify,361.91439628601074,68.08114051818848,0.0,153.0,95.0,590.5328000000001,590.5328000000001,430.0556128041992,361.91439628601074
17,17,3,draft|draft_verify|target|target_rescue_verify,477.89692878723145,191.56408309936523,3719.6755409240723,248.0,121.0,783.388,3719.6755409240723,4389.196649610669,3719.6755409240723
17,17,4,draft|draft_verify|target|target_rescue_verify,806.3857555389404,271.84510231018066,3040.0593280792236,432.0,206.0,1445.66,3040.0593280792236,4118.350350728345,3040.0593280792236
17,17,5,draft|draft_verify|target|target_rescue_verify,192.55590438842773,298.1574535369873,2539.2138957977295,582.0,49.0,351.12879999999996,2539.2138957977295,3029.9872929231447,2539.2138957977295
17,17,6,draft|draft_verify,320.24192810058594,154.8757553100586,0.0,707.0,82.0,616.0912,616.0912,475.1777490106445,320.24192810058594
17,17,7,draft|draft_verify,431.42032623291016,182.79337882995605,0.0,789.0,109.0,844.2952,844.2952,614.2737922628662,431.42032623291016
17,17,8,draft|draft_verify,245.3455924987793,199.59592819213867,0.0,898.0,64.0,507.976,507.976,445.00157189091794,245.3455924987793
17,17,9,draft|draft_verify,325.49452781677246,211.36784553527832,0.0,962.0,84.0,682.1568,682.1568,536.9224405520508,325.49452781677246
17,17,10,draft|draft_verify|target|target_rescue_verify,914.379358291626,486.588716506958,927.8562068939209,1046.0,232.0,1975.8928,2219.247343853479,2328.8844672925047,1157.733902145105
17,17,11,draft|draft_verify|target|target_rescue_verify,247.82752990722656,494.6005344390869,2690.601348876953,1086.0,63.0,527.904,2690.601348876953,3433.0894636232665,2690.601348876953
17,17,12,draft|draft_verify,232.1767807006836,257.23791122436523,0.0,1218.0,59.0,512.312,512.312,489.4747391250488,247.30026721954346
17,17,13,draft|draft_verify|target|target_rescue_verify,498.2893466949463,556.9055080413818,1227.3955345153809,1277.0,129.0,1152.5688,1431.0816572206909,2282.650492451709,1227.3955345153809
17,17,14,draft|draft_verify,400.0983238220215,305.63926696777344,0.0,1336.0,103.0,930.88,930.88,705.797673189795,400.0983238220215
17,17,15,draft|draft_verify,86.8520736694336,307.76286125183105,0.0,1439.0,20.0,180.8744,613.5222266196045,394.67495092126467,613.5222266196045
18,18,1,draft|draft_verify,365.4332160949707,50.89974403381348,0.0,135.0,99.0,611.6544,365.4332160949707,416.3930393287842,365.4332160949707
18,18,2,draft|draft_verify|target|target_rescue_verify,607.4874401092529,195.30510902404785,3760.4763507843018,234.0,161.0,1044.908,3760.4763507843018,4563.329028717602,3760.4763507843018
18,18,4,draft|draft_verify|target|backtracking_verify,373.3556270599365,272.747278213501,1919.8102951049805,544.0,96.0,686.016,1919.8102951049805,2565.973277178418,1919.8102951049805
18,18,5,draft|draft_verify|target|target_rescue_verify,1551.1410236358643,502.7172565460205,3133.3281993865967,1278.0,393.0,3643.0296,3894.4485426730103,5187.246793968481,3133.3281993865967
18,18,6,draft|draft_verify|target|target_rescue_verify,1393.6407566070557,630.0866603851318,3521.740674972534,1667.0,354.0,3594.1967999999997,3909.3004133925656,5545.528375164722,3521.740674972534
18,18,7,draft|draft_verify|target|target_rescue_verify,651.3893604278564,675.1120090484619,2603.6550998687744,1980.0,164.0,1748.0144,2603.6550998687744,3930.2166005450927,2603.6550998687744
18,18,8,draft|draft_verify|target|backtracking_verify,552.5531768798828,529.7098159790039,2587.5370502471924,1083.0,139.0,1179.568,2587.5370502471924,3669.860154306079,2587.5370502471924
18,18,9,draft|draft_verify|target|target_rescue_verify,301.23043060302734,543.2126522064209,2614.5894527435303,1222.0,76.0,663.04,2614.5894527435303,3459.0925963529785,2614.5894527435303
18,18,10,draft|draft_verify,69.16046142578125,275.9568691253662,0.0,1344.0,15.0,131.5104,547.6232072285766,345.1773425511475,547.6232072285766
19,19,1,draft|draft_verify,213.35124969482422,30.006885528564453,0.0,110.0,57.0,345.7944,213.35124969482422,243.41818082338867,213.35124969482422
19,19,2,draft|draft_verify,64.15724754333496,45.08852958679199,0.0,167.0,17.0,104.3192,104.3192,109.30579073012696,64.15724754333496
19,19,3,draft|draft_verify,100.47340393066406,49.54361915588379,0.0,184.0,27.0,167.30400000000003,167.30400000000003,150.07704468654785,100.47340393066406
19,19,4,draft|draft_verify,70.80984115600586,49.99423027038574,0.0,211.0,19.0,118.5856,118.5856,120.8640866263916,70.80984115600586
19,19,5,draft|draft_verify,37.3232364654541,59.02910232543945,0.0,230.0,10.0,62.476000000000006,62.476000000000006,96.41234679089357,50.054245470385744
19,19,6,draft|draft_verify,73.33660125732422,59.0975284576416,0.0,240.0,19.0,119.83840000000001,119.83840000000001,132.49414491496583,73.33660125732422
19,19,7,draft|draft_verify,95.03173828125,59.409141540527344,0.0,259.0,24.0,152.7192,152.7192,154.50089902177734,95.03173828125
19,19,8,draft|draft_verify,126.85060501098633,75.96492767333984,0.0,283.0,32.0,205.9256,205.9256,202.8755582843262,126.85060501098633
19,19,9,draft|draft_verify,71.73347473144531,76.63202285766602,0.0,315.0,18.0,116.53920000000001,116.53920000000001,148.42551198911133,76.02495327333985
19,19,10,draft|draft_verify,79.00738716125488,77.2097110748291,0.0,333.0,20.0,130.44080000000002,130.44080000000002,156.277114236084,79.00738716125488
19,19,11,draft|draft_verify,33.263444900512695,91.17317199707031,0.0,353.0,8.0,51.9176,77.2697270748291,124.496623297583,77.2697270748291
19,19,12,draft|draft_verify,80.39450645446777,92.68498420715332,0.0,361.0,20.0,131.7176,131.7176,173.1395066616211,91.23317839707032
19,19,13,draft|draft_verify,87.16917037963867,92.61870384216309,0.0,381.0,22.0,146.0368,146.0368,179.84789182180174,92.74500020715332
19,19,14,draft|draft_verify,226.22323036193848,125.42009353637695,0.0,403.0,57.0,385.1736,385.1736,351.7033694983154,226.22323036193848
19,19,15,draft|draft_verify,78.24015617370605,127.05755233764648,0.0,460.0,20.0,136.232,136.232,205.35772451135256,125.48013913637695
19,19,16,draft|draft_verify,73.38452339172363,126.45959854125977,0.0,480.0,18.0,123.27120000000001,127.11756833764649,199.9041363329834,127.11756833764649
19,19,17,draft|draft_verify,223.50215911865234,127.21061706542969,0.0,498.0,57.0,397.9416,397.9416,350.772821784082,223.50215911865234
19,19,18,draft|draft_verify,330.4257392883301,132.1556568145752,0.0,555.0,85.0,608.356,608.356,462.6414641029053,330.4257392883301
19,19,19,draft|draft_verify|target|backtracking_verify,83.91594886779785,282.7010154724121,235.13317108154297,640.0,21.0,151.764,293.17452453620604,601.8101522217529,273.6262493507812
19,19,20,draft|draft_verify|target|backtracking_verify,383.3012580871582,461.7893695831299,1034.1103076934814,1311.0,96.0,860.8919999999999,1091.846761591565,1879.2610121637695,1034.1103076934814
19,19,21,draft|draft_verify|target|target_rescue_verify,261.80434226989746,834.2461585998535,6109.965085983276,2118.0,64.0,692.4399999999999,6610.5127811431885,7206.075638053027,6610.5127811431885
19,19,22,draft|draft_verify,197.9074478149414,154.57987785339355,0.0,708.0,50.0,373.2008,373.2008,352.5473656683349,197.9074478149414
19,19,23,draft|draft_verify,47.03378677368164,154.56461906433105,0.0,758.0,11.0,81.464,154.63991785339354,201.6584146380127,154.63991785339354
19,19,24,draft|draft_verify,217.24534034729004,174.29018020629883,0.0,769.0,56.0,426.644,426.644,391.5955653535889,217.24534034729004
19,19,25,draft|draft_verify,44.87204551696777,172.3482608795166,0.0,825.0,11.0,83.072,174.3502250062988,217.28031519648437,174.3502250062988
19,19,26,draft|draft_verify,200.51217079162598,177.4437427520752,0.0,836.0,50.0,388.2536,565.7573827520752,378.01595354370113,378.01595354370113
20,20,1,draft|draft_verify,306.60390853881836,30.394315719604492,0.0,98.0,83.0,503.8736,306.60390853881836,337.05829065842283,306.60390853881836
20,20,2,draft|draft_verify|target|target_rescue_verify,2213.430166244507,254.3625831604004,3417.0308113098145,181.0,581.0,3991.268,4118.5097563802,5884.8840255147215,3417.0308113098145
20,20,3,draft|draft_verify|target|target_rescue_verify,1109.2565059661865,283.7839126586914,2556.647777557373,348.0,287.0,1984.7456000000002,2556.647777557373,3949.7484257822507,2556.647777557373
20,20,4,draft|draft_verify,722.4743366241455,132.17926025390625,0.0,474.0,186.0,1319.3880000000001,1319.3880000000001,854.7137456780517,722.4743366241455
20,20,5,draft|draft_verify,66.33949279785156,132.2305202484131,0.0,660.0,16.0,115.888,264.52994210231935,198.63002584626463,264.52994210231935
21,21,1,draft|draft_verify,201.03764533996582,30.99370002746582,0.0,121.0,51.0,310.32,201.03764533996582,232.09138616743164,201.03764533996582
21,21,2,draft|draft_verify,204.64515686035156,50.2316951751709,0.0,172.0,54.0,335.2728,335.2728,254.93689523552246,204.64515686035156
21,21,3,draft|draft_verify,58.686256408691406,56.44679069519043,0.0,226.0,16.0,100.26400000000001,100.26400000000001,115.19305990388185,58.686256408691406
21,21,4,draft|draft_verify|target|target_rescue_verify,1108.365774154663,223.4477996826172,745.2199459075928,242.0,287.0,1911.9872,2023.7713294413086,2077.093749344873,1220.1499035959716
21,21,5,draft|draft_verify,244.6901798248291,77.61073112487793,0.0,275.0,64.0,413.77840000000003,413.77840000000003,322.360962149707,244.6901798248291
21,21,6,draft|draft_verify,239.52388763427734,93.20831298828125,0.0,339.0,63.0,416.7504,416.7504,332.7922510225586,239.52388763427734
21,21,7,draft|draft_verify,375.87451934814453,127.08687782287598,0.0,402.0,99.0,674.4528,674.4528,503.0214763710205,375.87451934814453
21,21,8,draft|draft_verify,62.22224235534668,126.60765647888184,0.0,501.0,16.0,110.164,127.14695702287598,188.88991163422853,127.14695702287598
21,21,9,draft|draft_verify,111.31525039672852,136.1987590789795,0.0,517.0,29.0,202.17680000000001,202.17680000000001,247.574032675708,126.66766927888183
21,21,10,draft|draft_verify,165.23337364196777,127.6099681854248,0.0,546.0,43.0,304.024,304.024,292.9033762273926,165.23337364196777
21,21,11,draft|draft_verify,119.56906318664551,130.69725036621094,0.0,589.0,31.0,221.464,221.464,250.32633835285645,127.67000258542481
21,21,12,draft|draft_verify,411.2882614135742,153.02371978759766,0.0,620.0,109.0,800.4903999999999,800.4903999999999,564.3720684011719,411.2882614135742
21,21,13,draft|draft_verify,62.16263771057129,154.2041301727295,0.0,729.0,16.0,118.372,153.08380698759765,216.4267806833008,153.08380698759765
21,21,14,draft|draft_verify,113.4793758392334,154.8311710357666,0.0,745.0,29.0,217.4984,217.4984,268.370570075,154.2641429727295
21,21,15,draft|draft_verify,165.27152061462402,174.79944229125977,0.0,774.0,43.0,327.0064,327.0064,340.1309973058838,165.27152061462402
21,21,16,draft|draft_verify,120.54300308227539,182.9214096069336,0.0,817.0,31.0,237.88,237.88,303.524437489209,174.85947669125977
21,21,17,draft|draft_verify,420.13001441955566,200.01888275146484,0.0,848.0,109.0,859.588,859.588,620.2089843710205,420.13001441955566
21,21,18,draft|draft_verify,63.45725059509277,200.2694606781006,0.0,957.0,16.0,126.58,200.07896995146484,263.78672407319334,200.07896995146484
21,21,19,draft|draft_verify,141.70551300048828,199.9979019165039,0.0,973.0,35.0,281.7248,281.7248,341.7634429169922,200.3294734781006
21,21,20,draft|draft_verify,249.88555908203125,220.63446044921875,0.0,1008.0,64.0,524.608,524.608,470.58007073125,249.88555908203125
21,21,21,draft|draft_verify,140.33269882202148,228.03688049316406,0.0,1072.0,36.0,298.2,298.2,368.42960811518554,220.69451164921875
21,21,22,draft|draft_verify,138.41581344604492,230.19671440124512,0.0,1108.0,36.0,301.224,301.224,368.67255664729004,228.09690929316406
21,21,23,draft|draft_verify,116.09888076782227,257.1539878845215,0.0,1144.0,28.0,235.7584,235.7584,373.31289105234373,230.25674320124511
21,21,24,draft|draft_verify,105.5457592010498,255.5077075958252,0.0,1172.0,26.0,220.34,512.7817386803466,361.113487596875,512.7817386803466
22,22,1,draft|draft_verify,177.5209903717041,31.247615814208984,0.0,133.0,47.0,287.05760000000004,177.5209903717041,208.82864378591307,177.5209903717041
22,22,2,draft|draft_verify,266.44253730773926,59.757232666015625,0.0,180.0,71.0,443.744,443.744,326.25982677375487,266.44253730773926
22,22,3,draft|draft_verify,277.89306640625,76.10058784484863,0.0,251.0,71.0,455.672,455.672,354.0537110510986,277.89306640625
22,22,4,draft|draft_verify|target|target_rescue_verify,675.7290363311768,283.72669219970703,2557.7070713043213,322.0,171.0,1147.8000000000002,2557.7070713043213,3517.222936635205,2557.7070713043213
22,22,5,draft|draft_verify|target|target_rescue_verify,279.13928031921387,254.8198699951172,1533.3216190338135,445.0,70.0,481.288,1533.3216190338135,2067.340825348145,1533.3216190338135
22,22,6,draft|draft_verify,222.1529483795166,127.54559516906738,0.0,520.0,56.0,393.77599999999995,393.77599999999995,349.758588348584,222.1529483795166
22,22,7,draft|draft_verify,111.93323135375977,127.41565704345703,0.0,576.0,28.0,198.952,326.427679443457,239.40891079721678,255.0813194125244
23,23,1,draft|draft_verify,112.17188835144043,20.914554595947266,0.0,84.0,29.0,173.07920000000001,112.17188835144043,133.14646614738768,112.17188835144043
23,23,2,draft|draft_verify,615.7104969024658,58.8221549987793,0.0,113.0,162.0,1004.8416,1004.8416,674.5927815012451,615.7104969024658
23,23,3,draft|draft_verify,422.4550724029541,91.52674674987793,0.0,275.0,109.0,711.0663999999999,711.0663999999999,514.041906352832,422.4550724029541
23,23,4,draft|draft_verify,172.32155799865723,92.61941909790039,0.0,384.0,45.0,301.2264,301.2264,265.0010130965576,172.32155799865723
23,23,5,draft|draft_verify,212.65697479248047,124.60017204284668,0.0,429.0,55.0,374.8624,374.8624,337.31719083532715,212.65697479248047
23,23,6,draft|draft_verify|target|target_rescue_verify,641.6261196136475,274.3651866912842,1052.2758960723877,484.0,166.0,1177.372,1314.6147261456422,1968.3273351773194,1052.2758960723877
23,23,7,draft|draft_verify|target|backtracking_verify,203.89103889465332,267.7745819091797,2356.529712677002,529.0,53.0,373.5464,2356.529712677002,2828.255375880835,2356.529712677002
23,23,8,draft|draft_verify|target|target_rescue_verify,689.3963813781738,431.7739009857178,1775.3307819366455,1227.0,170.0,1507.9472,1775.3307819366455,2896.561200300537,1775.3307819366455
23,23,9,draft|draft_verify,87.81909942626953,153.74064445495605,0.0,755.0,21.0,157.284,369.6876117478149,241.61976068122559,369.6876117478149
24,24,1,draft|draft_verify,258.38756561279297,50.362586975097656,0.0,156.0,69.0,427.1496,258.38756561279297,308.81020778789065,258.38756561279297
24,24,2,draft|draft_verify,229.12359237670898,59.36098098754883,0.0,225.0,61.0,386.93199999999996,386.93199999999996,288.5446221642578,229.12359237670898
24,24,3,draft|draft_verify,149.51109886169434,75.4542350769043,0.0,286.0,39.0,251.72160000000002,251.72160000000002,225.02536513859863,149.51109886169434
24,24,4,draft|draft_verify,650.0203609466553,125.3042221069336,0.0,325.0,167.0,1121.3264,1121.3264,775.3847166535888,650.0203609466553
24,24,5,draft|draft_verify|target|target_rescue_verify,1069.8907375335693,294.19851303100586,2034.984827041626,492.0,277.0,2007.6232,2154.782678115503,3399.134299206201,2034.984827041626
24,24,6,draft|draft_verify|target|target_rescue_verify,576.6370296478271,295.56775093078613,1950.443983078003,586.0,142.0,1037.4088,1950.443983078003,2822.7088772566162,1950.443983078003
24,24,7,draft|draft_verify,669.8973178863525,175.95815658569336,0.0,682.0,174.0,1318.0488,1318.0488,845.9156136720459,669.8973178863525
24,24,8,draft|draft_verify,526.6637802124023,201.41077041625977,0.0,856.0,135.0,1071.8976,1071.8976,728.1346586286621,526.6637802124023
24,24,9,draft|draft_verify,530.937671661377,229.39419746398926,0.0,991.0,137.0,1132.2008,1132.2008,760.3919787253662,530.937671661377
24,24,10,draft|draft_verify|target|target_rescue_verify,699.8975276947021,522.6225852966309,2827.731132507324,1128.0,174.0,1503.228,2827.731132507324,4050.311384698657,2827.731132507324
24,24,11,draft|draft_verify,480.96489906311035,279.7114849090576,0.0,1261.0,121.0,1075.132,1075.132,760.736480772168,480.96489906311035
24,24,12,draft|draft_verify|target|target_rescue_verify,942.4405097961426,656.796932220459,2184.9303245544434,1382.0,236.0,2200.64,2529.0986549102295,3784.227955371045,2184.9303245544434
24,24,13,draft|draft_verify,138.5056972503662,312.64400482177734,0.0,1487.0,34.0,314.2768,641.1024981320068,451.2097292721436,641.1024981320068
25,25,1,draft|draft_verify,350.7664203643799,50.53281784057617,0.0,117.0,93.0,569.9208000000001,350.7664203643799,401.3593126049561,350.7664203643799
25,25,2,draft|draft_verify,363.9795780181885,59.844970703125,0.0,210.0,93.0,590.4552,590.4552,423.8846231213135,363.9795780181885
25,25,3,draft|draft_verify,225.50630569458008,77.40926742553711,0.0,303.0,59.0,384.944,384.944,302.9756203201172,225.50630569458008
25,25,4,draft|draft_verify,415.5609607696533,135.67328453063965,0.0,362.0,109.0,733.6168,733.6168,551.294332500293,415.5609607696533
25,25,5,draft|draft_verify,167.73629188537598,125.59700012207031,0.0,471.0,42.0,289.4928,289.4928,293.3933256074463,167.73629188537598
25,25,6,draft|draft_verify|target|target_rescue_verify,309.4596862792969,270.5707550048828,519.9339389801025,513.0,78.0,549.7296,685.0750399024414,1100.024442664282,519.9339389801025
25,25,7,draft|draft_verify,154.82640266418457,127.0751953125,0.0,531.0,39.0,274.0656,274.0656,281.9616291766846,154.82640266418457
25,25,8,draft|draft_verify|target|target_rescue_verify,357.2041988372803,276.0591506958008,2177.917957305908,570.0,95.0,684.6080000000001,2177.917957305908,2811.241382838989,2177.917957305908
25,25,9,draft|draft_verify,122.05028533935547,152.17089653015137,0.0,677.0,30.0,220.3632,220.3632,274.28120586950683,138.0295753479004
25,25,10,draft|draft_verify|target|target_rescue_verify,486.62734031677246,363.9943599700928,3034.9349975585938,707.0,125.0,946.5032,3034.9349975585938,3885.6167978454587,3034.9349975585938
25,25,11,draft|draft_verify,115.98587036132812,175.4288673400879,0.0,857.0,28.0,217.1608,392.64968974008787,291.474760101416,357.48606972513426
26,26,1,draft|draft_verify,112.26534843444824,30.637741088867188,0.0,137.0,30.0,182.7792,112.26534843444824,142.96311352331543,112.26534843444824
26,26,2,draft|draft_verify|target|target_rescue_verify,370.80836296081543,128.64017486572266,2342.4582481384277,167.0,100.0,625.5592,2342.4582481384277,2841.966865964966,2342.4582481384277
26,26,3,draft|draft_verify|target|target_rescue_verify,466.2976264953613,243.89386177062988,3160.562038421631,281.0,121.0,792.892,3160.562038421631,3870.813623487622,3160.562038421631
26,26,4,draft|draft_verify,128.48234176635742,124.66645240783691,0.0,437.0,32.0,217.3832,217.3832,253.20881977419432,128.48234176635742
26,26,5,draft|draft_verify,200.63114166259766,125.58794021606445,0.0,469.0,52.0,359.06800000000004,359.06800000000004,326.2791234786621,200.63114166259766
26,26,6,draft|draft_verify,207.30090141296387,127.28524208068848,0.0,521.0,54.0,379.66560000000004,379.66560000000004,334.64618669365234,207.30090141296387
26,26,7,draft|draft_verify|target|target_rescue_verify,206.25758171081543,273.59724044799805,2130.009651184082,575.0,54.0,386.5344,2130.009651184082,2609.9245165428956,2130.009651184082
26,26,8,draft|draft_verify,141.09206199645996,152.38022804260254,0.0,678.0,35.0,257.6528,410.09305604260254,293.5323180390625,293.5323180390625
27,27,1,draft|draft_verify,189.06855583190918,29.748916625976562,0.0,111.0,51.0,309.12,189.06855583190918,218.87751325788574,189.06855583190918
27,27,2,draft|draft_verify|target|target_rescue_verify,1948.0819702148438,191.97440147399902,631.7093372344971,162.0,504.0,3392.7408,3488.7884039369997,2771.82611212334,2044.1295741518434
27,27,3,draft|draft_verify,317.2740936279297,60.06002426147461,0.0,191.0,86.0,541.3760000000001,541.3760000000001,377.3941866894043,317.2740936279297
27,27,4,draft|draft_verify,196.59733772277832,75.97708702087402,0.0,277.0,51.0,329.04,329.04,272.63446554365237,196.59733772277832
27,27,5,draft|draft_verify|target|target_rescue_verify,1477.278709411621,245.3176975250244,572.9084014892578,328.0,386.0,2697.044,2819.763157562512,2295.565117225903,1599.9978669741333
27,27,6,draft|draft_verify,111.17839813232422,91.88318252563477,0.0,353.0,28.0,184.5016,184.5016,203.12160305795896,122.6588487625122
27,27,7,draft|draft_verify,231.048583984375,123.98672103881836,0.0,381.0,60.0,402.5976,402.5976,355.09535302319335,231.048583984375
27,27,8,draft|draft_verify,40.37046432495117,123.6569881439209,0.0,441.0,10.0,67.0336,124.04676903881835,164.08746046887208,124.04676903881835
27,27,9,draft|draft_verify,232.1920394897461,125.82254409790039,0.0,451.0,61.0,419.476,419.476,358.0746323876465,232.1920394897461
27,27,10,draft|draft_verify,169.6021556854248,126.80816650390625,0.0,512.0,44.0,307.6688,307.6688,296.47035738933107,169.6021556854248
27,27,11,draft|draft_verify,109.78913307189941,127.70247459411621,0.0,556.0,28.0,197.656,197.656,237.5516300660156,126.86820170390625
27,27,12,draft|draft_verify,52.19125747680664,127.31194496154785,0.0,584.0,13.0,91.6264,127.7624969941162,179.5632128383545,127.7624969941162
27,27,13,draft|draft_verify|target|target_rescue_verify,436.26904487609863,279.91414070129395,525.7217884063721,597.0,115.0,839.1712,979.1883623506469,1241.9650659837646,576.2862072267455
27,27,14,draft|draft_verify|target|target_rescue_verify,461.0424041748047,287.11867332458496,1115.5614852905273,619.0,121.0,890.2360000000001,1115.5614852905273,1863.7826595899169,1115.5614852905273
27,27,15,draft|draft_verify,224.3175506591797,152.57024765014648,0.0,673.0,58.0,428.9536,428.9536,376.9478447093262,224.3175506591797
27,27,16,draft|draft_verify,227.36763954162598,153.86152267456055,0.0,731.0,59.0,444.52160000000003,444.52160000000003,381.2892094161865,227.36763954162598
27,27,17,draft|draft_verify|target|backtracking_verify,297.680139541626,387.67528533935547,3562.9286766052246,790.0,78.0,600.9192,3562.9286766052246,4248.344163886206,3562.9286766052246
27,27,18,draft|draft_verify|target|target_rescue_verify,328.768253326416,574.6140480041504,978.3565998077393,1834.0,84.0,855.8592,1143.2262912020751,1881.7989683383057,978.3565998077393
27,27,19,draft|draft_verify,208.50753784179688,226.7448902130127,0.0,1005.0,54.0,441.23040000000003,441.23040000000003,435.31247125480957,287.3070240020752
27,27,20,draft|draft_verify,185.84203720092773,227.78081893920898,0.0,1059.0,46.0,380.896,380.896,413.68289294013675,226.8049334130127
27,27,21,draft|draft_verify,298.2139587402344,255.17964363098145,0.0,1105.0,71.0,599.144,599.144,553.4536591712158,298.2139587402344
27,27,22,draft|draft_verify,115.59796333312988,254.0740966796875,0.0,1176.0,28.0,237.832,255.23970043098146,369.73208241281736,255.23970043098146
27,27,23,draft|draft_verify,186.61975860595703,258.29172134399414,0.0,1204.0,45.0,387.8184,387.8184,444.97151594995114,254.1341190796875
27,27,24,draft|draft_verify,281.5589904785156,272.902250289917,0.0,1249.0,68.0,596.6264,596.6264,554.5212951684326,281.5589904785156
27,27,25,draft|draft_verify,144.608736038208,277.7109146118164,0.0,1317.0,37.0,327.7672,327.7672,422.3796802500244,272.962304689917
27,27,26,draft|draft_verify,15.163898468017578,275.35295486450195,0.0,1354.0,3.0,23.726399999999998,277.7709442118164,290.5768557325195,277.7709442118164
27,27,27,draft|draft_verify,165.42935371398926,278.9177894592285,0.0,1357.0,43.0,385.77279999999996,385.77279999999996,444.4071775732178,275.4129572645019
27,27,28,draft|draft_verify,51.08976364135742,277.4491310119629,0.0,1400.0,11.0,96.872,556.4869636711915,328.5989034533203,556.4869636711915
28,28,1,draft|draft_verify,122.67827987670898,28.846025466918945,0.0,105.0,33.0,198.7512,122.67827987670898,151.58433174362793,122.67827987670898
28,28,2,draft|draft_verify|target|target_rescue_verify,596.0736274719238,117.3098087310791,1353.618860244751,138.0,153.0,956.4696,1353.618860244751,2067.062418847754,1353.618860244751
28,28,3,draft|draft_verify,289.5498275756836,66.78366661071777,0.0,203.0,74.0,466.808,466.808,356.3935533864014,289.5498275756836
28,28,4,draft|draft_verify,290.80891609191895,85.37173271179199,0.0,277.0,76.0,492.94,492.94,376.2407096037109,290.80891609191895
28,28,5,draft|draft_verify,315.5179023742676,133.23545455932617,0.0,353.0,80.0,533.7128,533.7128,448.81342093359376,315.5179023742676
28,28,6,draft|draft_verify,139.40072059631348,124.47047233581543,0.0,433.0,34.0,230.79999999999998,355.3304995358154,263.93122013212894,263.9312201321289
29,29,1,draft|draft_verify|target|backtracking_verify,123.21829795837402,61.36584281921387,1010.584831237793,110.0,33.0,199.13520000000003,1010.584831237793,1195.2289984153808,1010.584831237793
29,29,2,draft|draft_verify|target|target_rescue_verify,784.7352027893066,252.53915786743164,4126.292943954468,302.0,214.0,1437.4408,4252.562522888184,5163.627475811206,4252.562522888184
29,29,3,draft|draft_verify|target|target_rescue_verify,783.6480140686035,434.38220024108887,11126.408338546753,504.0,206.0,1481.084,11343.599438667297,12344.498717656446,11343.599438667297
29,29,5,draft|draft_verify|target|target_rescue_verify,2189.241409301758,1036.0512733459473,14399.549961090088,1757.0,571.0,6071.68,14917.575597763062,17624.90310053779,14917.575597763062
29,29,6,draft|draft_verify,139.01090621948242,328.2895088195801,0.0,1553.0,29.0,271.796,600.1455320195801,467.3604382390625,587.3623503560668
30,30,1,draft|draft_verify,260.30898094177246,51.03921890258789,0.0,136.0,71.0,436.35200000000003,260.30898094177246,311.40825664436034,260.30898094177246
30,30,2,draft|draft_verify,461.761474609375,77.38494873046875,0.0,207.0,124.0,791.1687999999999,791.1687999999999,539.2065225398437,461.761474609375
30,30,3,draft|draft_verify,256.9406032562256,93.07503700256348,0.0,331.0,68.0,449.012,449.012,350.0756946587891,256.9406032562256
30,30,6,draft|draft_verify,97.49054908752441,257.7390670776367,0.0,1294.0,22.0,192.052,449.85108467763666,355.2896337651611,355.2896337651611
31,31,1,draft|draft_verify,256.4833164215088,30.24435043334961,0.0,105.0,68.0,412.6712,256.4833164215088,286.7877212548584,256.4833164215088
31,31,2,draft|draft_verify,271.01755142211914,58.08091163635254,0.0,173.0,71.0,442.56800000000004,442.56800000000004,329.15851985847166,271.01755142211914
31,31,3,draft|draft_verify,111.19580268859863,59.415578842163086,0.0,244.0,27.0,171.048,171.048,170.67140313076172,111.19580268859863
31,31,4,draft|draft_verify|target|target_rescue_verify,194.7469711303711,153.4900665283203,825.0043392181396,271.0,46.0,295.79200000000003,825.0043392181396,1173.301413676831,825.0043392181396
31,31,5,draft|draft_verify,130.6138038635254,76.69997215270996,0.0,308.0,33.0,214.34160000000003,214.34160000000003,207.37380241623535,130.6138038635254
31,31,6,draft|draft_verify,89.95461463928223,76.66635513305664,0.0,341.0,23.0,150.632,150.632,166.68098817233886,89.95461463928223
31,31,7,draft|draft_verify,345.1080322265625,124.34864044189453,0.0,364.0,89.0,597.1351999999999,597.1351999999999,469.516743868457,345.1080322265625
31,31,8,draft|draft_verify,89.15495872497559,125.3352165222168,0.0,453.0,23.0,156.5456,156.5456,214.55019364719237,124.40871164189453
31,31,9,draft|draft_verify,131.67619705200195,125.89883804321289,0.0,476.0,33.0,227.24400000000003,227.24400000000003,257.6350614952148,131.67619705200195
31,31,10,draft|draft_verify,28.360605239868164,125.66566467285156,0.0,509.0,7.0,47.56,125.95886444321289,154.08627551271974,125.95886444321289
31,31,11,draft|draft_verify,152.18567848205566,127.08115577697754,0.0,516.0,40.0,279.7696,279.7696,279.3268662590332,152.18567848205566
31,31,12,draft|draft_verify,73.67300987243652,127.58493423461914,0.0,556.0,19.0,133.4896,133.4896,201.31795930705567,127.14118777697755
31,31,13,draft|draft_verify,242.95687675476074,130.5081844329834,0.0,575.0,64.0,459.1384,459.1384,373.5251123877441,242.95687675476074
31,31,14,draft|draft_verify,133.93664360046387,149.90997314453125,0.0,639.0,35.0,254.47039999999998,254.47039999999998,283.9066447449951,133.93664360046387
31,31,15,draft|draft_verify,251.09267234802246,152.41527557373047,0.0,674.0,66.0,489.13200000000006,489.13200000000006,403.5680007217529,251.09267234802246
31,31,16,draft|draft_verify,92.27132797241211,153.7797451019287,0.0,740.0,24.0,179.2704,179.2704,246.11109227434082,152.47532837373046
31,31,17,draft|draft_verify,92.64326095581055,154.97827529907227,0.0,764.0,17.0,127.244,153.8397643019287,247.6815498548828,153.8397643019287
31,31,18,draft|draft_verify|target|target_rescue_verify,689.1350746154785,418.0643558502197,3873.713254928589,781.0,170.0,1327.0496,3873.713254928589,4980.972821394287,3873.713254928589
31,31,19,draft|draft_verify,70.07765769958496,201.01523399353027,0.0,966.0,17.0,135.0008,209.03217792510986,271.1529052931152,209.03217792510986
31,31,20,draft|draft_verify,591.2539958953857,229.722261428833,0.0,983.0,154.0,1273.192,1273.192,821.0363805242188,591.2539958953857
31,31,21,draft|draft_verify,60.32061576843262,229.47978973388672,0.0,1137.0,15.0,124.55520000000001,229.782384628833,289.86041750231936,229.782384628833
31,31,22,draft|draft_verify,79.35380935668945,246.71483039855957,0.0,1152.0,20.0,167.7872,229.53980173388672,326.12865575524904,229.53980173388672
31,31,23,draft|draft_verify,44.95120048522949,252.74109840393066,0.0,1172.0,11.0,91.4,246.77484639855956,297.75230768916015,246.77484639855956
31,31,24,draft|draft_verify|target|target_rescue_verify,83.5275650024414,591.6290283203125,6789.084434509277,1183.0,20.0,169.20080000000002,6789.084434509277,7464.301043832032,6789.084434509277
31,31,25,draft|draft_verify,53.06243896484375,310.5578422546387,0.0,1516.0,11.0,99.656,295.81451416015625,363.6802900194824,295.81451416015625
31,31,26,draft|draft_verify,42.60373115539551,312.9911422729492,0.0,1527.0,9.0,81.0648,623.6690005275879,355.6548806283447,623.6690005275879
32,32,1,draft|draft_verify,153.77092361450195,21.962404251098633,0.0,77.0,41.0,244.7,153.77092361450195,175.79336066560057,153.77092361450195
32,32,2,draft|draft_verify,177.90889739990234,29.277563095092773,0.0,118.0,48.0,291.5376,291.5376,207.2464988949951,177.90889739990234
32,32,3,draft|draft_verify,196.04015350341797,49.820899963378906,0.0,166.0,53.0,328.244,328.244,245.92109586679686,196.04015350341797
32,32,4,draft|draft_verify,420.93658447265625,77.00920104980469,0.0,219.0,109.0,696.5512,696.5512,498.00587272246094,420.93658447265625
32,32,5,draft|draft_verify,70.47128677368164,76.47109031677246,0.0,328.0,17.0,110.5016,187.03270391677245,147.0023906904541,153.60039216657714
33,33,1,draft|draft_verify,75.13880729675293,30.951738357543945,0.0,120.0,20.0,120.72800000000001,75.13880729675293,106.15056165429688,75.13880729675293
33,33,2,draft|draft_verify,167.372465133667,51.818132400512695,0.0,140.0,45.0,275.46000000000004,275.46000000000004,219.25063353417968,167.372465133667
33,33,3,draft|draft_verify|target|target_rescue_verify,558.2363605499268,140.794038772583,374.8130798339844,185.0,148.0,940.8951999999999,1011.3523377862914,1073.903597556494,628.6934983362182
33,33,4,draft|draft_verify,434.05890464782715,84.18989181518555,0.0,200.0,111.0,704.592,704.592,518.3088852630127,434.05890464782715
33,33,5,draft|draft_verify,69.30708885192871,82.75556564331055,0.0,311.0,18.0,116.376,116.376,152.12266889523926,84.24998061518555
33,33,6,draft|draft_verify,532.71484375,124.34101104736328,0.0,329.0,137.0,916.124,916.124,657.1159643973633,532.71484375
33,33,7,draft|draft_verify,126.06310844421387,125.3211498260498,0.0,466.0,29.0,198.74960000000002,324.13077302604984,251.44428147026366,251.44428147026366
34,34,1,draft|draft_verify,171.97728157043457,30.33304214477539,0.0,111.0,44.0,266.2856,171.97728157043457,202.37035891520995,171.97728157043457
34,34,2,draft|draft_verify,238.41357231140137,49.988508224487305,0.0,155.0,62.0,383.11039999999997,383.11039999999997,288.4621301358887,238.41357231140137
34,34,3,draft|draft_verify,895.4918384552002,124.35483932495117,0.0,217.0,226.0,1475.44,1475.44,1019.9068585801514,895.4918384552002
34,34,4,draft|draft_verify|target|target_rescue_verify,156.20827674865723,275.6798267364502,4817.302703857422,443.0,41.0,279.836,4817.302703857422,5249.250840142529,4817.302703857422
34,34,5,draft|draft_verify,111.14645004272461,150.09713172912598,0.0,675.0,26.0,190.52,340.677152529126,261.3036025718506,287.99706589735104
35,35,1,draft|draft_verify,294.879674911499,29.848814010620117,0.0,87.0,78.0,471.00480000000005,294.879674911499,324.78855132211913,294.879674911499
35,35,2,draft|draft_verify,145.77579498291016,49.165964126586914,0.0,165.0,39.0,240.68640000000002,240.68640000000002,195.00179030949707,145.77579498291016
35,35,3,draft|draft_verify,156.90922737121582,58.701515197753906,0.0,204.0,41.0,256.892,256.892,215.67077536896971,156.90922737121582
35,35,4,draft|draft_verify,262.540340423584,76.25317573547363,0.0,245.0,66.0,422.208,422.208,338.8535689590576,262.540340423584
35,35,5,draft|draft_verify,137.5253200531006,76.2784481048584,0.0,311.0,36.0,234.276,234.276,213.86379695795898,137.5253200531006
35,35,6,draft|draft_verify,118.38984489440918,91.05658531188965,0.0,347.0,31.0,204.04,204.04,209.50645500629884,118.38984489440918
35,35,7,draft|draft_verify|target|backtracking_verify,255.5243968963623,248.22330474853516,1136.2113952636719,378.0,65.0,436.1528,1136.2113952636719,1640.0191489085694,1136.2113952636719
35,35,8,draft|draft_verify|target|target_rescue_verify,340.5568599700928,375.84853172302246,939.0552043914795,876.0,87.0,689.1648,939.0552043914795,1655.5206656845949,939.0552043914795
35,35,9,draft|draft_verify,255.74493408203125,142.87114143371582,0.0,464.0,65.0,449.36240000000004,449.36240000000004,398.6761275157471,255.74493408203125
35,35,10,draft|draft_verify,262.51935958862305,127.68244743347168,0.0,529.0,65.0,459.3464,459.3464,390.2618590220947,262.51935958862305
35,35,11,draft|draft_verify|target|backtracking_verify,48.34628105163574,258.6040496826172,911.7834568023682,594.0,12.0,84.72,911.7834568023682,1218.7937971366212,911.7834568023682
35,35,12,draft|draft_verify|target|target_rescue_verify,156.67033195495605,261.3222599029541,583.765983581543,606.0,39.0,280.9056,583.765983581543,1001.8186066394532,583.765983581543
35,35,13,draft|draft_verify|target|target_rescue_verify,97.7945327758789,282.3905944824219,811.5167617797852,632.0,25.0,180.6232,811.5167617797852,1191.7619090380858,811.5167617797852
35,35,14,draft|draft_verify,155.65800666809082,152.22597122192383,0.0,671.0,40.0,294.2776,294.2776,307.9440098900146,155.65800666809082
35,35,15,draft|draft_verify,96.41146659851074,151.95918083190918,0.0,711.0,24.0,177.6696,329.6888000319092,248.43066663041992,304.30520325383304
36,36,1,draft|draft_verify,190.9337043762207,28.644084930419922,0.0,87.0,52.0,312.31120000000004,190.9337043762207,219.63783090664063,190.9337043762207
36,36,2,draft|draft_verify,304.42047119140625,49.57008361816406,0.0,139.0,83.0,511.9424,511.9424,354.0506212095703,304.42047119140625
36,36,3,draft|draft_verify,350.4502773284912,75.97589492797852,0.0,222.0,94.0,599.6008,599.6008,426.48624745646975,350.4502773284912
36,36,4,draft|draft_verify,441.0998821258545,124.08995628356934,0.0,316.0,117.0,775.8408000000001,775.8408000000001,565.2499320094239,441.0998821258545
36,36,5,draft|draft_verify,115.52762985229492,124.27330017089844,0.0,433.0,29.0,196.532,320.86532337089847,239.86095322319335,248.48337325446778
37,37,1,draft|draft_verify,155.77125549316406,29.617786407470703,0.0,130.0,41.0,249.788,155.77125549316406,185.44907470063475,155.77125549316406
37,37,2,draft|draft_verify,183.48336219787598,50.31704902648926,0.0,171.0,49.0,303.78159999999997,303.78159999999997,233.86045042436524,183.48336219787598
37,37,3,draft|draft_verify|target|backtracking_verify,343.2447910308838,161.98015213012695,1877.8176307678223,220.0,91.0,579.688,1877.8176307678223,2383.102646728833,1877.8176307678223
37,37,4,draft|draft_verify|target|target_rescue_verify,425.52971839904785,197.25704193115234,1769.1080570220947,311.0,113.0,747.404,1769.1080570220947,2391.954907752295,1769.1080570220947
37,37,5,draft|draft_verify|target|target_rescue_verify,498.11267852783203,268.7842845916748,1320.8339214324951,394.0,129.0,881.3112,1320.8339214324951,2087.790987752002,1320.8339214324951
37,37,6,draft|draft_verify|target|target_rescue_verify,271.47936820983887,280.8213233947754,2627.0689964294434,458.0,69.0,476.436,2627.0689964294434,3179.4297432340577,2627.0689964294434
37,37,7,draft|draft_verify|target|target_rescue_verify,282.84478187561035,262.6960277557373,1196.8705654144287,587.0,73.0,526.7608,1196.8705654144287,1742.4714334457763,1196.8705654144287
37,37,8,draft|draft_verify,186.28883361816406,150.99763870239258,0.0,645.0,47.0,343.5824,494.6400763023926,337.3465099205566,337.3465099205566
38,38,1,draft|draft_verify,185.99414825439453,29.934167861938477,0.0,85.0,48.0,287.8152,185.99414825439453,215.988354516333,185.99414825439453
38,38,2,draft|draft_verify,664.5066738128662,61.64669990539551,0.0,133.0,170.0,1064.2208,1064.2208,726.2135097182618,664.5066738128662
38,38,3,draft|draft_verify,665.3571128845215,140.24639129638672,0.0,303.0,173.0,1153.8056,1153.8056,805.6636425809082,665.3571128845215
38,38,4,draft|draft_verify|target|target_rescue_verify,649.0309238433838,342.59939193725586,10276.34859085083,476.0,169.0,1196.0536,10447.648286819458,11268.03904183147,10447.648286819458
39,39,1,draft|draft_verify,83.6942195892334,20.732641220092773,0.0,95.0,22.0,131.6224,83.6942195892334,104.48687840932617,83.6942195892334
39,39,2,draft|draft_verify,195.19448280334473,29.216289520263672,0.0,117.0,53.0,322.1288,322.1288,224.47081472360838,195.19448280334473
39,39,3,draft|draft_verify,398.9851474761963,58.57253074645996,0.0,170.0,105.0,658.236,658.236,457.61776222265627,398.9851474761963
39,39,4,draft|draft_verify,235.95690727233887,75.8676528930664,0.0,275.0,60.0,387.588,387.588,311.88460816540527,235.95690727233887
39,39,5,draft|draft_verify,107.45501518249512,76.7371654510498,0.0,335.0,27.0,176.7264,253.52358705104982,184.25220223354492,184.25220223354492
40,40,1,draft|draft_verify,214.7524356842041,50.940513610839844,0.0,147.0,58.0,356.9968,214.7524356842041,265.752995695044,214.7524356842041
40,40,2,draft|draft_verify|target|target_rescue_verify,774.0480899810791,179.92115020751953,3033.6356163024902,205.0,201.0,1300.38,3033.6356163024902,3987.6650172910886,3033.6356163024902
40,40,3,draft|draft_verify|target|target_rescue_verify,666.5158271789551,305.74750900268555,7272.770881652832,353.0,166.0,1125.496,7272.770881652832,8245.094350634472,7272.770881652832
40,40,4,draft|draft_verify,1295.1431274414062,204.50425148010254,0.0,714.0,337.0,2646.0280000000002,2850.592521080103,1499.7076485215089,1499.7076485215089
41,41,1,draft|draft_verify,236.6468906402588,30.522584915161133,0.0,94.0,64.0,386.4112,236.6468906402588,267.2295267554199,236.6468906402588
41,41,2,draft|draft_verify,118.90721321105957,49.338579177856445,0.0,158.0,32.0,196.62560000000002,196.62560000000002,168.30581798891603,118.90721321105957
41,41,3,draft|draft_verify,183.78210067749023,57.79242515563965,0.0,190.0,49.0,305.9704,305.9704,241.6345650331299,183.78210067749023
41,41,4,draft|draft_verify,117.07329750061035,59.17978286743164,0.0,239.0,31.0,196.264,196.264,176.313105168042,117.07329750061035
41,41,5,draft|draft_verify,398.1201648712158,92.28229522705078,0.0,270.0,106.0,689.836,689.836,490.46254489826663,398.1201648712158
41,41,6,draft|draft_verify|target|target_rescue_verify,336.7154598236084,266.33501052856445,1705.216407775879,376.0,89.0,599.6696,1705.216407775879,2308.326949328052,1705.216407775879
41,41,7,draft|draft_verify,238.4796142578125,125.78487396240234,0.0,455.0,62.0,427.0304,427.0304,364.32453782021486,238.4796142578125
41,41,8,draft|draft_verify,527.9254913330078,128.57651710510254,0.0,517.0,138.0,984.7968,984.7968,656.5621188381103,527.9254913330078
41,41,9,draft|draft_verify,330.48319816589355,158.1408977508545,0.0,655.0,86.0,636.032,636.032,488.68416471674806,330.48319816589355
41,41,10,draft|draft_verify,109.29012298583984,153.4435749053955,0.0,741.0,27.0,202.06080000000003,355.5643965053955,262.7937194912354,311.70456305625
42,42,1,draft|draft_verify,173.31838607788086,28.62071990966797,0.0,93.0,47.0,282.64160000000004,173.31838607788086,201.99914358754882,173.31838607788086
42,42,2,draft|draft_verify,183.18986892700195,49.32713508605957,0.0,140.0,50.0,306.404,306.404,232.5770440130615,183.18986892700195
42,42,3,draft|draft_verify|target|target_rescue_verify,439.098596572876,165.6513214111328,2564.404010772705,190.0,118.0,747.2392000000001,2564.404010772705,3169.2140231567137,2564.404010772705
42,42,4,draft|draft_verify,252.3782253265381,97.81503677368164,0.0,314.0,66.0,432.97200000000004,432.97200000000004,350.2533149002197,252.3782253265381
42,42,5,draft|draft_verify,619.6131706237793,136.36493682861328,0.0,380.0,165.0,1129.1399999999999,1129.1399999999999,756.0382394523925,619.6131706237793
42,42,6,draft|draft_verify,111.9222640991211,127.2280216217041,0.0,545.0,28.0,196.9432,324.2312440217041,239.21030812082518,263.7131128503174
43,43,1,draft|draft_verify,293.2617664337158,29.633045196533203,0.0,86.0,79.0,476.95360000000005,293.2617664337158,322.954874830249,293.2617664337158
43,43,2,draft|draft_verify|target|backtracking_verify,855.6022644042969,138.8847827911377,412.2908115386963,165.0,226.0,1447.36,1516.8625721955686,1406.838039534131,925.1048365998657
43,43,3,draft|draft_verify|target|target_rescue_verify,1978.3439636230469,376.4631748199463,4770.626068115234,575.0,517.0,3999.7864,4770.626068115234,7125.493620158228,4770.626068115234
43,43,4,draft|draft_verify,145.04528045654297,59.59606170654297,0.0,225.0,39.0,246.1584,246.1584,204.70137336308593,188.23158740997314
43,43,5,draft|draft_verify,114.57061767578125,60.14823913574219,0.0,264.0,30.0,191.6184,191.6184,174.77888081152344,114.57061767578125
43,43,6,draft|draft_verify,141.51525497436523,76.52401924133301,0.0,294.0,37.0,239.38,239.38,218.09930381569825,141.51525497436523
43,43,7,draft|draft_verify|target|target_rescue_verify,130.04708290100098,177.95872688293457,602.9736995697021,331.0,34.0,222.7216,602.9736995697021,911.0395365536377,602.9736995697021
43,43,8,draft|draft_verify,115.40102958679199,98.358154296875,0.0,358.0,30.0,198.16080000000002,198.16080000000002,213.819207883667,115.40102958679199
43,43,9,draft|draft_verify|target|target_rescue_verify,111.57703399658203,185.23001670837402,554.7580718994141,388.0,29.0,193.508,554.7580718994141,851.62514580437,554.7580718994141
43,43,10,draft|draft_verify,270.7347869873047,126.17254257202148,0.0,414.0,70.0,476.1544,476.1544,396.96738555932615,270.7347869873047
43,43,11,draft|draft_verify,111.57846450805664,126.4200210571289,0.0,484.0,29.0,199.9592,199.9592,238.05850876518554,126.23259857202149
43,43,12,draft|draft_verify,14.242172241210938,141.88051223754883,0.0,513.0,3.0,19.6896,126.48004425712891,156.18268687875977,126.48004425712891
43,43,13,draft|draft_verify|target|target_rescue_verify,65.93775749206543,262.70532608032227,610.6224060058594,516.0,17.0,117.7208,610.6224060058594,939.3255031782471,610.6224060058594
43,43,14,draft|draft_verify|target|backtracking_verify,202.61406898498535,296.01359367370605,3343.353748321533,544.0,52.0,368.24800000000005,3343.353748321533,3842.0414525802244,3343.353748321533
43,43,15,draft|draft_verify|target|target_rescue_verify,100.89445114135742,262.22872734069824,579.4045925140381,596.0,26.0,185.78,579.4045925140381,942.5877917960938,579.4045925140381
43,43,16,draft|draft_verify,71.7153549194336,131.27779960632324,0.0,623.0,18.0,129.1056,131.11436367034912,203.05316892575684,131.11436367034912
43,43,17,draft|draft_verify,79.27417755126953,131.45732879638672,0.0,641.0,19.0,137.1616,268.6789439963867,210.79152154765626,262.85515800270997
44,44,1,draft|draft_verify,164.2286777496338,30.57551383972168,0.0,117.0,42.0,254.6592,164.2286777496338,194.86422518935547,164.2286777496338
44,44,2,draft|draft_verify,177.95658111572266,50.774574279785156,0.0,159.0,46.0,283.696,283.696,228.79119219550782,177.95658111572266
44,44,3,draft|draft_verify,67.18564033508301,49.36051368713379,0.0,205.0,18.0,112.05120000000001,112.05120000000001,116.6061684222168,67.18564033508301
44,44,4,draft|draft_verify|target|backtracking_verify,673.3608245849609,153.03492546081543,610.6655597686768,223.0,174.0,1127.472,1204.0496019304078,1437.121449014453,749.9384265153686
44,44,5,draft|draft_verify|target|target_rescue_verify,1444.5042610168457,408.88142585754395,9307.864665985107,649.0,373.0,2886.9544,9307.864665985107,11161.310651259497,9307.864665985107
44,44,6,draft|draft_verify,112.47730255126953,92.07606315612793,0.0,383.0,29.0,193.172,204.44071292877197,204.61338890739745,204.44071292877197
44,44,7,draft|draft_verify,938.065767288208,131.23130798339844,0.0,412.0,237.0,1660.8552,1660.8552,1069.3572648716063,938.065767288208
44,44,8,draft|draft_verify,113.47508430480957,133.2409381866455,0.0,649.0,29.0,211.0472,211.0472,246.77604569145507,131.29149758339844
44,44,9,draft|draft_verify,769.493818283081,174.68595504760742,0.0,678.0,185.0,1402.1528,1402.1528,944.2399213306885,769.493818283081
44,44,10,draft|draft_verify,305.3545951843262,199.90015029907227,0.0,863.0,74.0,582.44,582.44,505.31480468339845,305.3545951843262
44,44,11,draft|draft_verify,307.7707290649414,201.89714431762695,0.0,937.0,75.0,603.5712,603.5712,509.7279333825684,307.7707290649414
44,44,12,draft|draft_verify,356.4004898071289,228.67679595947266,0.0,1012.0,89.0,733.9928,733.9928,585.1373569666016,356.4004898071289
44,44,13,draft|draft_verify,155.97915649414062,230.58795928955078,0.0,1101.0,39.0,326.0496,326.0496,386.62714698369143,228.73686715947267
44,44,14,draft|draft_verify|target|target_rescue_verify,80.51252365112305,458.651065826416,631.7534446716309,1140.0,20.0,167.24,631.7534446716309,1170.9770501491698,631.7534446716309
44,44,15,draft|draft_verify,122.1621036529541,253.77178192138672,0.0,1160.0,30.0,253.98000000000002,507.81180592138674,375.9939095743408,483.1573388345947
45,45,1,draft|draft_verify,149.98936653137207,29.90579605102539,0.0,88.0,41.0,245.756,149.98936653137207,179.95519538239745,149.98936653137207
45,45,2,draft|draft_verify|target|target_rescue_verify,367.7709102630615,117.9201602935791,2508.453369140625,129.0,95.0,585.1184000000001,2508.453369140625,2994.2045156972654,2508.453369140625
45,45,3,draft|draft_verify,488.1448745727539,102.80394554138184,0.0,252.0,124.0,804.4528,804.4528,591.0089193141357,488.1448745727539
45,45,4,draft|draft_verify,135.96534729003906,103.00612449645996,0.0,376.0,36.0,239.73600000000002,239.73600000000002,239.03150058649902,135.96534729003906
45,45,5,draft|draft_verify,106.31752014160156,131.97731971740723,0.0,412.0,27.0,181.5312,313.56854131740727,238.3548614590088,238.3548614590088
46,46,1,draft|draft_verify,163.27261924743652,30.043601989746094,0.0,85.0,45.0,269.652,163.27261924743652,193.3762572371826,163.27261924743652
46,46,2,draft|draft_verify,456.8054676055908,60.12558937072754,0.0,130.0,120.0,743.0640000000001,743.0640000000001,516.9911529763183,456.8054676055908
46,46,3,draft|draft_verify,457.6730728149414,92.41199493408203,0.0,250.0,121.0,783.964,783.964,550.1451645490234,457.6730728149414
46,46,4,draft|draft_verify|target|target_rescue_verify,418.3359146118164,278.70917320251465,4306.760787963867,371.0,111.0,749.736,4306.760787963867,5003.865964578198,4306.760787963867
46,46,5,draft|draft_verify|target|target_rescue_verify,365.5116558074951,259.59157943725586,635.462760925293,580.0,95.0,686.864,946.5156554372559,1260.626072170044,765.2585506439209
47,47,1,draft|draft_verify|target|target_rescue_verify,538.0957126617432,91.58539772033691,959.1538906097412,126.0,146.0,907.292,959.1538906097412,1588.8951177918211,959.1538906097412
47,47,2,draft|draft_verify,185.84465980529785,56.52904510498047,0.0,172.0,50.0,310.1672,310.1672,242.4337449102783,185.84465980529785
47,47,3,draft|draft_verify,159.621000289917,66.97440147399902,0.0,222.0,43.0,271.3648,271.3648,226.65543616391602,159.621000289917
47,47,4,draft|draft_verify,261.1579895019531,85.88337898254395,0.0,265.0,69.0,444.9384,444.9384,347.1014236844971,261.1579895019531
47,47,5,draft|draft_verify,289.6406650543213,98.91915321350098,0.0,334.0,77.0,509.924,509.924,388.61987986782225,289.6406650543213
47,47,6,draft|draft_verify,263.61703872680664,125.38766860961914,0.0,411.0,70.0,475.6576,475.6576,389.06476333642576,263.61703872680664
47,47,7,draft|draft_verify|target|target_rescue_verify,267.578125,276.3357162475586,2242.1960830688477,481.0,70.0,487.2496,2242.1960830688477,2786.1699803164065,2242.1960830688477
47,47,8,draft|draft_verify,30.24148941040039,131.0722827911377,0.0,587.0,7.0,48.6832,138.1678581237793,161.3737778015381,138.1678581237793
47,47,9,draft|draft_verify|target|target_rescue_verify,454.5605182647705,281.7816734313965,756.2692165374756,594.0,120.0,875.5824,1016.5333327156982,1492.6715042336425,756.2692165374756
47,47,10,draft|draft_verify,77.77142524719238,132.476806640625,0.0,630.0,20.0,143.984,143.984,210.3082478878174,140.89083671569824
47,47,11,draft|draft_verify,91.44067764282227,132.5998306274414,0.0,650.0,20.0,144.89600000000002,144.89600000000002,224.1005242702637,132.536822640625
47,47,12,draft|draft_verify,77.23021507263184,150.4213809967041,0.0,670.0,20.0,145.808,145.808,227.71161206933596,132.6598466274414
47,47,13,draft|draft_verify|target|target_rescue_verify,261.23809814453125,343.9221382141113,2249.3863105773926,690.0,69.0,514.2984,2249.3863105773926,2854.6066021360352,2249.3863105773926
47,47,14,draft|draft_verify,316.8303966522217,176.2404441833496,0.0,800.0,83.0,642.0272,642.0272,493.13090723557127,316.8303966522217
47,47,15,draft|draft_verify|target|target_rescue_verify,141.1581039428711,377.81643867492676,1128.9758682250977,883.0,37.0,290.26959999999997,1128.9758682250977,1648.0104404428955,1128.9758682250977
47,47,16,draft|draft_verify,281.16917610168457,202.5153636932373,0.0,937.0,74.0,595.4048,595.4048,483.7445989949219,281.16917610168457
47,47,17,draft|draft_verify,282.9720973968506,223.8006591796875,0.0,1011.0,75.0,616.7136,616.7136,506.8328165765381,282.9720973968506
47,47,18,draft|draft_verify,281.3448905944824,231.11248016357422,0.0,1086.0,74.0,621.5096,621.5096,512.5174299580567,281.3448905944824
47,47,19,draft|draft_verify,283.3993434906006,257.7097415924072,0.0,1160.0,75.0,643.1759999999999,643.1759999999999,541.1691450830078,283.3993434906006
47,47,20,draft|draft_verify,283.10084342956543,275.94661712646484,0.0,1235.0,74.0,647.6143999999999,647.6143999999999,559.1075197560303,283.10084342956543
47,47,21,draft|draft_verify,284.229040145874,279.42609786987305,0.0,1309.0,75.0,669.6383999999999,669.6383999999999,563.7151980157471,284.229040145874
47,47,22,draft|draft_verify,279.3595790863037,309.39316749572754,0.0,1384.0,74.0,673.7192,673.7192,588.8128057820313,279.48615786987307
47,47,23,draft|draft_verify,282.54079818725586,315.9208297729492,0.0,1458.0,75.0,696.1007999999999,696.1007999999999,598.5216879602051,309.45322669572755
47,47,24,draft|draft_verify,281.0513973236084,330.08480072021484,0.0,1533.0,74.0,699.824,699.824,611.1962572438233,315.98088977294924
47,47,25,draft|draft_verify,287.17875480651855,351.08470916748047,0.0,1607.0,75.0,722.5632,722.5632,638.323523973999,330.14485992021486
47,47,26,draft|draft_verify,282.6564311981201,353.3201217651367,0.0,1682.0,74.0,725.9287999999999,725.9287999999999,636.0366121632569,351.1447691674805
47,47,27,draft|draft_verify,284.12723541259766,388.81921768188477,0.0,1756.0,75.0,749.0255999999999,749.0255999999999,673.0065130944824,353.38018096513673
47,47,28,draft|draft_verify,281.66890144348145,392.5952911376953,0.0,1831.0,74.0,752.0336,752.0336,674.3242517811768,388.8792776818848
47,47,29,draft|draft_verify,285.7353687286377,403.54180335998535,0.0,1905.0,75.0,775.4879999999999,775.4879999999999,689.3372320886231,392.6553503376953
47,47,30,draft|draft_verify,279.85143661499023,432.61098861694336,0.0,1980.0,74.0,778.1384,1210.8094478169435,712.5224844319337,836.2729111769288
48,48,1,draft|draft_verify,442.04258918762207,60.08148193359375,0.0,145.0,113.0,702.7832,442.04258918762207,502.1841615212158,442.04258918762207
48,48,2,draft|draft_verify|target|target_rescue_verify,353.2688617706299,162.70112991333008,1980.9370040893555,258.0,93.0,601.0536000000001,1980.9370040893555,2496.9670701733157,1980.9370040893555
48,48,3,draft|draft_verify,294.62742805480957,103.1951904296875,0.0,353.0,78.0,520.1616,520.1616,397.88268088449706,294.62742805480957
48,48,4,draft|draft_verify|target|target_rescue_verify,246.28376960754395,278.1856060028076,2744.9376583099365,431.0,66.0,451.22400000000005,2744.9376583099365,3269.467086720288,2744.9376583099365
48,48,5,draft|draft_verify|target|target_rescue_verify,635.6716156005859,325.8097171783447,2644.0558433532715,566.0,168.0,1224.8400000000001,2644.0558433532715,3605.5973105322023,2644.0558433532715
48,48,6,draft|draft_verify|target|target_rescue_verify,1897.4504470825195,422.79553413391113,1305.3457736968994,696.0,505.0,4046.0056,4257.463771066956,3625.65215891333,2108.908618149475
48,48,8,draft|draft_verify|target|target_rescue_verify,152.19902992248535,394.2093849182129,1932.10768699646,858.0,39.0,303.88800000000003,1932.10768699646,2478.5761330371583,1932.10768699646
48,48,9,draft|draft_verify,160.63213348388672,199.92923736572266,0.0,953.0,40.0,320.6728,520.6620693657227,360.62140284960935,397.0939618248291
49,49,1,draft|draft_verify,296.39744758605957,50.60553550720215,0.0,112.0,81.0,494.21999999999997,296.39744758605957,347.06304789326174,296.39744758605957
49,49,2,draft|draft_verify,151.69358253479004,50.5070686340332,0.0,193.0,41.0,255.836,255.836,202.26068396882323,151.69358253479004
49,49,3,draft|draft_verify,403.74135971069336,76.74098014831543,0.0,234.0,107.0,687.32,687.32,480.54242545900877,403.74135971069336
49,49,4,draft|draft_verify,813.4915828704834,154.4349193572998,0.0,341.0,215.0,1464.4496000000001,1464.4496000000001,967.9866742277832,813.4915828704834
49,49,5,draft|draft_verify|target|target_rescue_verify,737.8067970275879,320.66988945007324,3995.114803314209,556.0,194.0,1416.0295999999998,3995.114803314209,5053.65164499187,3995.114803314209
49,49,6,draft|draft_verify,178.65371704101562,155.43079376220703,0.0,748.0,46.0,347.308,347.308,334.1445476032227,178.65371704101562
49,49,7,draft|draft_verify|target|target_rescue_verify,376.9495487213135,354.84981536865234,1700.251817703247,794.0,100.0,774.5344,1700.251817703247,2432.111261793213,1700.251817703247
49,49,8,draft|draft_verify,83.82081985473633,177.66475677490234,0.0,877.0,20.0,155.24720000000002,355.14968045922853,261.5455926296387,355.14968045922853
50,50,1,draft|draft_verify,211.46345138549805,30.927658081054688,0.0,109.0,58.0,351.7984,211.46345138549805,242.45115586655274,211.46345138549805
50,50,2,draft|draft_verify,394.777774810791,60.27531623840332,0.0,167.0,104.0,651.0968,651.0968,455.11317424919434,394.777774810791
50,50,3,draft|draft_verify,533.1594944000244,92.57650375366211,0.0,271.0,140.0,917.3576,917.3576,625.7961101536865,533.1594944000244
50,50,4,draft|draft_verify,427.9458522796631,144.00720596313477,0.0,411.0,113.0,774.284,774.284,572.0131486427979,427.9458522796631
50,50,5,draft|draft_verify,189.7439956665039,126.61457061767578,0.0,524.0,50.0,351.5624,351.5624,316.41860628417965,189.7439956665039
50,50,6,draft|draft_verify|target|target_rescue_verify,346.6775417327881,298.51603507995605,3552.6742935180664,574.0,92.0,663.488,3552.6742935180664,4197.92794393081,3552.6742935180664
50,50,7,draft|draft_verify|target|target_rescue_verify,127.01749801635742,309.6151351928711,1017.878532409668,744.0,32.0,240.224,1017.878532409668,1454.5711912188965,1017.878532409668
50,50,8,draft|draft_verify,69.63133811950684,156.18896484375,0.0,793.0,16.0,120.676,311.0565452401855,225.88031576325682,311.0565452401855
51,51,1,draft|draft_verify,128.98874282836914,21.592378616333008,0.0,80.0,35.0,208.856,128.98874282836914,150.64114944470214,128.98874282836914
51,51,2,draft|draft_verify,297.3980903625488,49.21722412109375,0.0,115.0,82.0,501.0064,501.0064,346.67538008364255,297.3980903625488
51,51,3,draft|draft_verify,196.9597339630127,60.333967208862305,0.0,197.0,54.0,338.4528,338.4528,257.353744371875,196.9597339630127
51,51,4,draft|draft_verify,372.4663257598877,77.01969146728516,0.0,251.0,99.0,638.9376,638.9376,449.54609642717287,372.4663257598877
51,51,5,draft|draft_verify,138.54742050170898,91.58635139465332,0.0,350.0,36.0,237.55200000000002,237.55200000000002,230.1938006963623,138.54742050170898
51,51,6,draft|draft_verify|target|backtracking_verify,179.7962188720703,255.3081512451172,1071.0601806640625,386.0,47.0,314.9888,1071.0601806640625,1506.22458838125,1071.0601806640625
51,51,8,draft|draft_verify,66.09559059143066,126.0826587677002,0.0,490.0,16.0,109.768,253.79674719025877,192.23826215913084,253.79674719025877
52,52,1,draft|draft_verify|target|backtracking_verify,197.83282279968262,87.74757385253906,2523.7505435943604,91.0,53.0,318.884,2523.7505435943604,2809.390982646582,2523.7505435943604
52,52,2,draft|draft_verify|target|target_rescue_verify,1600.170612335205,298.6412048339844,3784.179449081421,360.0,420.0,2983.992,3784.179449081421,5683.051602250611,3784.179449081421
52,52,3,draft|draft_verify|target|target_rescue_verify,1261.653184890747,557.9802989959717,10289.65163230896,651.0,326.0,2506.16,10568.641781806946,12109.34537699568,10568.641781806946
52,52,4,draft|draft_verify,104.59136962890625,127.5792121887207,0.0,566.0,25.0,176.8216,304.4608321887207,232.23060181762696,267.13430693771363
53,53,1,draft|draft_verify,397.80712127685547,59.418439865112305,0.0,149.0,106.0,659.344,397.80712127685547,457.2856459419678,397.80712127685547
53,53,2,draft|draft_verify,80.82246780395508,58.93230438232422,0.0,255.0,21.0,133.284,133.284,139.8147889862793,80.82246780395508
53,53,3,draft|draft_verify,230.85975646972656,77.00133323669434,0.0,276.0,60.0,387.7296,387.7296,307.9211377064209,230.85975646972656
53,53,4,draft|draft_verify,81.07638359069824,77.1791934967041,0.0,336.0,21.0,137.172,137.172,158.31559388740234,81.07638359069824
53,53,5,draft|draft_verify,217.96488761901855,92.68307685852051,0.0,357.0,57.0,378.9912,378.9912,310.70801007753903,217.96488761901855
53,53,6,draft|draft_verify,163.41233253479004,140.8059597015381,0.0,414.0,40.0,270.2224,270.2224,304.2783242363281,163.41233253479004
53,53,7,draft|draft_verify,162.05430030822754,124.68290328979492,0.0,454.0,40.0,273.9664,273.9664,286.79723559802244,162.05430030822754
53,53,8,draft|draft_verify,127.87127494812012,142.2436237335205,0.0,494.0,33.0,228.62640000000002,228.62640000000002,270.1749250816406,127.87127494812012
53,53,9,draft|draft_verify,43.32232475280762,136.061429977417,0.0,527.0,11.0,75.92,142.3036501335205,179.4437635302246,142.3036501335205
53,53,10,draft|draft_verify,217.8170680999756,127.00772285461426,0.0,538.0,58.0,410.4856,410.4856,344.8848373545899,217.8170680999756
53,53,11,draft|draft_verify,35.69173812866211,127.14147567749023,0.0,596.0,9.0,63.1896,127.06776925461426,162.89322100615234,127.06776925461426
53,53,12,draft|draft_verify,87.78595924377441,131.12831115722656,0.0,605.0,23.0,164.5712,164.5712,218.97428880100097,127.20148287749024
53,53,13,draft|draft_verify,41.31293296813965,129.72378730773926,0.0,628.0,10.0,71.0728,131.18832955722655,171.09672827587892,131.18832955722655
53,53,14,draft|draft_verify,118.7598705291748,149.99079704284668,0.0,638.0,31.0,224.992,224.992,268.8106923720215,129.78379530773927
53,53,15,draft|draft_verify,40.30299186706543,149.9927043914795,0.0,669.0,10.0,71.95840000000001,150.0508218428467,190.35570425854493,150.0508218428467
53,53,16,draft|draft_verify,57.49988555908203,151.41963958740234,0.0,679.0,14.0,101.7632,150.0527123914795,208.97953634648437,150.0527123914795
53,53,17,draft|draft_verify,43.85709762573242,151.05795860290527,0.0,693.0,11.0,79.904,151.47965078740233,194.9750650286377,151.47965078740233
53,53,18,draft|draft_verify,147.83525466918945,153.33938598632812,0.0,704.0,38.0,282.3224,282.3224,301.23467105551754,151.11796740290526
53,53,19,draft|draft_verify,40.75884819030762,152.4639129638672,0.0,742.0,10.0,73.5352,153.3994163863281,193.28276915417482,153.3994163863281
53,53,20,draft|draft_verify,70.38640975952148,154.17718887329102,0.0,752.0,17.0,126.7832,306.7611234371582,224.6236122328125,306.7611234371582
54,54,1,draft|draft_verify,212.54682540893555,30.080080032348633,0.0,105.0,58.0,351.25120000000004,212.54682540893555,242.68695184128418,212.54682540893555
54,54,2,draft|draft_verify,496.4151382446289,59.30519104003906,0.0,163.0,131.0,823.2320000000001,823.2320000000001,555.780434084668,496.4151382446289
54,54,3,draft|draft_verify|target|target_rescue_verify,489.8960590362549,271.5299129486084,11213.67621421814,294.0,124.0,816.8512,11213.67621421814,11975.162285403003,11213.67621421814
54,54,4,draft|draft_verify|target|target_rescue_verify,1607.5568199157715,547.5654602050781,10701.601266860962,849.0,410.0,3388.0064,10701.601266860962,12856.783874981811,10701.601266860962
54,54,5,draft|draft_verify,101.29404067993164,277.36353874206543,0.0,1379.0,23.0,205.4384,551.2062872446045,378.71759782199706,551.2062872446045
55,55,1,draft|draft_verify,235.23783683776855,30.54213523864746,0.0,103.0,63.0,381.6336,235.23783683776855,265.84002247641604,235.23783683776855
55,55,2,draft|draft_verify,301.8836975097656,58.85004997253418,0.0,166.0,80.0,498.2576,498.2576,360.7938114822998,301.8836975097656
55,55,3,draft|draft_verify,632.4388980865479,91.96686744689941,0.0,246.0,161.0,1049.516,1049.516,724.4658943334473,632.4388980865479
55,55,4,draft|draft_verify|target|backtracking_verify,523.5826969146729,281.47220611572266,3449.9526023864746,407.0,134.0,920.4608000000001,3449.9526023864746,4255.06761261687,3449.9526023864746
55,55,5,draft|draft_verify|target|target_rescue_verify,1896.2030410766602,648.3454704284668,5993.522644042969,1118.0,495.0,4460.236800000001,7943.317620842835,8538.131551548096,6317.695379257202
55,55,6,draft|draft_verify,511.8110179901123,154.22940254211426,0.0,672.0,135.0,1012.7231999999999,1012.7231999999999,666.1005285322266,511.8110179901123
55,55,7,draft|draft_verify,135.31804084777832,173.98667335510254,0.0,807.0,34.0,260.4208,434.46750055510256,309.3647414028809,328.33621109721685
56,56,1,draft|draft_verify,161.43131256103516,30.37738800048828,0.0,113.0,44.0,266.492,161.43131256103516,191.86873576152342,161.43131256103516
56,56,2,draft|draft_verify,322.0710754394531,59.30781364440918,0.0,157.0,88.0,547.0888,547.0888,381.4389594838623,322.0710754394531
56,56,3,draft|draft_verify,176.26047134399414,59.89980697631836,0.0,245.0,47.0,299.42240000000004,299.42240000000004,236.2203159203125,176.26047134399414
56,56,4,draft|draft_verify,122.81012535095215,76.34687423706055,0.0,292.0,32.0,206.5952,206.5952,199.2170251880127,122.81012535095215
56,56,5,draft|draft_verify,213.39082717895508,91.05801582336426,0.0,324.0,55.0,361.2544,361.2544,304.50888700231934,213.39082717895508
56,56,6,draft|draft_verify|target|target_rescue_verify,358.5963249206543,233.20937156677246,1058.6507320404053,379.0,94.0,634.6432000000001,1058.6507320404053,1650.516503727832,1058.6507320404053
56,56,7,draft|draft_verify,118.896484375,125.16927719116211,0.0,426.0,26.0,175.58,175.58,244.12578236616213,118.896484375
56,56,8,draft|draft_verify,177.83141136169434,126.27315521240234,0.0,452.0,46.0,315.34000000000003,315.34000000000003,304.1646033740967,177.83141136169434
56,56,9,draft|draft_verify,101.38797760009766,142.9152488708496,0.0,498.0,26.0,179.9,179.9,244.36324727094728,126.33319201240235
56,56,10,draft|draft_verify,178.52330207824707,127.68292427062988,0.0,524.0,46.0,323.116,323.116,306.266263148877,178.52330207824707
56,56,11,draft|draft_verify|target|target_rescue_verify,159.7898006439209,256.27708435058594,683.2780838012695,570.0,42.0,299.2344,683.2780838012695,1099.4050023957764,683.2780838012695
56,56,12,draft|draft_verify,149.12152290344238,130.3427219390869,0.0,601.0,38.0,273.176,273.176,279.52427524252926,149.12152290344238
56,56,13,draft|draft_verify,120.18704414367676,132.31587409973145,0.0,639.0,31.0,225.064,225.064,252.5629430434082,130.4027523390869
56,56,14,draft|draft_verify,146.21400833129883,157.23371505737305,0.0,670.0,38.0,279.3032,279.3032,303.50775378867183,146.21400833129883
56,56,15,draft|draft_verify,119.23837661743164,152.50658988952637,0.0,708.0,31.0,230.03199999999998,230.03199999999998,271.804991306958,157.29374545737303
56,56,16,draft|draft_verify,177.2308349609375,153.34200859069824,0.0,739.0,46.0,346.336,346.336,330.6328803516358,177.2308349609375
56,56,17,draft|draft_verify,119.70376968383789,174.28135871887207,0.0,785.0,31.0,235.576,235.576,294.04515320270997,153.40204539069825
56,56,18,draft|draft_verify,177.9181957244873,176.29694938659668,0.0,816.0,46.0,354.652,354.652,354.275181911084,177.9181957244873
56,56,19,draft|draft_verify,123.73661994934082,177.18935012817383,0.0,862.0,31.0,241.12,241.12,300.98599487751466,176.35698618659669
56,56,20,draft|draft_verify,119.42672729492188,199.6324062347412,0.0,893.0,30.0,235.3968,235.3968,319.1191575296631,177.24937492817384
56,56,21,draft|draft_verify,121.55914306640625,200.1190185546875,0.0,923.0,31.0,245.512,245.512,321.73818642109376,199.6924302347412
56,56,22,draft|draft_verify,117.51413345336914,201.3411521911621,0.0,954.0,30.0,239.6424,239.6424,318.91530964453125,200.1790433546875
56,56,23,draft|draft_verify,124.20511245727539,204.01763916015625,0.0,984.0,31.0,249.904,249.904,328.28277641743165,201.4011761911621
56,56,24,draft|draft_verify,118.68000030517578,226.0744571685791,0.0,1015.0,30.0,243.888,243.888,344.8144814737549,204.07766396015626
56,56,25,draft|draft_verify,125.85616111755371,227.31542587280273,0.0,1045.0,32.0,262.6184,262.6184,353.23161259035646,226.1344811685791
56,56,26,draft|draft_verify,118.1783676147461,229.89130020141602,0.0,1077.0,30.0,248.2032,248.2032,348.1296918161621,227.37545147280272
56,56,27,draft|draft_verify,126.71613693237305,230.26037216186523,0.0,1107.0,32.0,267.2312,267.2312,357.0365346942383,229.951324201416
56,56,28,draft|draft_verify,118.85762214660645,254.96268272399902,0.0,1139.0,30.0,252.5184,252.5184,373.88032887060547,230.32039776186522
56,56,29,draft|draft_verify,132.38859176635742,255.32054901123047,0.0,1169.0,32.0,271.844,271.844,387.7691663775879,255.02270672399902
56,56,30,draft|draft_verify,119.99058723449707,257.28511810302734,0.0,1201.0,30.0,256.83360000000005,256.83360000000005,377.3357293375244,255.38057461123046
56,56,31,draft|draft_verify,132.3831081390381,257.71284103393555,0.0,1231.0,32.0,276.4568,276.4568,390.15597477297365,257.34514210302734
56,56,32,draft|draft_verify,181.243896484375,277.4016857147217,0.0,1263.0,46.0,402.928,402.928,458.7056189990967,257.77286663393556
56,56,33,draft|draft_verify,126.78170204162598,279.43897247314453,0.0,1309.0,32.0,282.26,282.26,406.2807001147705,277.46172251472166
56,56,34,draft|draft_verify,180.79376220703125,279.59513664245605,0.0,1341.0,46.0,411.352,411.352,460.44893564948734,279.49899807314455
56,56,35,draft|draft_verify,132.31515884399414,307.32226371765137,0.0,1387.0,32.0,288.0632,288.0632,439.6974481616455,279.65517344245603
56,56,36,draft|draft_verify,149.82867240905762,312.91699409484863,0.0,1419.0,38.0,345.8144,345.8144,462.8056969039062,307.3822893176514
56,56,37,draft|draft_verify,126.39594078063965,313.2784366607666,0.0,1457.0,32.0,293.2712,312.97702449484865,439.73440304140627,312.97702449484865
56,56,38,draft|draft_verify,150.02942085266113,329.2236328125,0.0,1489.0,38.0,352.0304,352.0304,479.3130840651611,313.3384622607666
56,56,39,draft|draft_verify,126.58500671386719,330.00826835632324,0.0,1527.0,32.0,298.4792,329.2836632125,456.65330067019045,329.2836632125
56,56,40,draft|draft_verify,121.68526649475098,331.7227363586426,0.0,1559.0,30.0,281.7504,330.06829395632326,453.46802685339355,330.06829395632326
56,56,41,draft|draft_verify,127.49505043029785,327.01945304870605,0.0,1589.0,32.0,303.092,331.7827603586426,454.5745290790039,331.7827603586426
56,56,42,draft|draft_verify,119.87948417663574,351.1619567871094,0.0,1621.0,30.0,286.0656,327.0794786487061,471.1014649637451,327.0794786487061
56,56,43,draft|draft_verify,128.44276428222656,350.66986083984375,0.0,1651.0,32.0,307.7048,351.2219807871094,479.17265072207033,351.2219807871094
56,56,44,draft|draft_verify,120.5294132232666,361.8144989013672,0.0,1683.0,30.0,290.3808,350.72988643984377,482.4039361246338,350.72988643984377
56,56,45,draft|draft_verify,130.16605377197266,362.00737953186035,0.0,1713.0,32.0,312.31759999999997,361.8745229013672,492.233458903833,361.8745229013672
56,56,46,draft|draft_verify,120.90277671813965,387.52031326293945,0.0,1745.0,30.0,294.696,362.06740513186037,508.4831139810791,362.06740513186037
56,56,47,draft|draft_verify,127.55274772644043,389.6291255950928,0.0,1775.0,32.0,316.93039999999996,387.58033726293945,517.2418989215332,387.58033726293945
56,56,48,draft|draft_verify,120.13387680053711,393.0480480194092,0.0,1807.0,30.0,299.01120000000003,389.6891511950928,513.2419488199463,389.6891511950928
56,56,49,draft|draft_verify,127.6400089263916,394.608736038208,0.0,1837.0,32.0,321.54319999999996,393.1080720194092,522.3087705645996,393.1080720194092
56,56,50,draft|draft_verify,121.58560752868652,404.42776679992676,0.0,1869.0,30.0,303.32640000000004,394.668761638208,526.0733983286133,394.668761638208
56,56,51,draft|draft_verify,128.50570678710938,404.31737899780273,0.0,1899.0,32.0,326.156,404.48779079992676,532.8831113849121,404.48779079992676
56,56,52,draft|draft_verify,121.00601196289062,405.54094314575195,0.0,1931.0,30.0,307.64160000000004,404.37740459780275,526.6069791086426,404.37740459780275
56,56,53,draft|draft_verify,128.86452674865723,408.308744430542,0.0,1961.0,32.0,330.7688,405.60096714575195,537.2332967791992,405.60096714575195
56,56,54,draft|draft_verify,125.12612342834473,435.06669998168945,0.0,1993.0,30.0,311.95680000000004,408.368770030542,560.2528474100342,408.368770030542
56,56,55,draft|draft_verify,128.21578979492188,421.00977897644043,0.0,2023.0,32.0,335.3816,856.1965285581299,549.2855943713623,856.1965285581299
57,57,1,draft|draft_verify|target|target_rescue_verify,267.2269344329834,66.72143936157227,1318.0198669433594,101.0,72.0,436.62480000000005,1318.0198669433594,1652.028298337915,1318.0198669433594
57,57,2,draft|draft_verify,379.81605529785156,67.4138069152832,0.0,164.0,102.0,637.596,637.596,447.28994381313476,379.81605529785156
57,57,3,draft|draft_verify|target|target_rescue_verify,1411.7488861083984,215.17348289489746,1426.1071681976318,266.0,351.0,2385.6,2493.2470222474485,3053.089818000928,1519.3959083558473
57,57,4,draft|draft_verify|target|target_rescue_verify,972.2177982330322,275.99430084228516,2330.18159866333,335.0,253.0,1731.3352,2330.18159866333,3578.4539001386474,2330.18159866333
57,57,5,draft|draft_verify,337.60619163513184,146.6820240020752,0.0,450.0,88.0,608.2672,608.2672,484.348286037207,337.60619163513184
57,57,6,draft|draft_verify,343.4422016143799,128.70407104492188,0.0,538.0,90.0,641.1288,641.1288,472.20634465930175,343.4422016143799
57,57,7,draft|draft_verify,264.3773555755615,151.1363983154297,0.0,628.0,68.0,496.76959999999997,647.9660527154297,415.5738082909912,415.5738082909912
58,58,1,draft|draft_verify|target|target_rescue_verify,518.2623863220215,128.3421516418457,654.5896530151367,206.0,136.0,869.4159999999999,654.5896530151367,1301.2542997790038,654.5896530151367
58,58,2,draft|draft_verify,383.24689865112305,85.70003509521484,0.0,235.0,101.0,648.26,648.26,469.00701454633787,383.24689865112305
58,58,3,draft|draft_verify|target|target_rescue_verify,371.08397483825684,194.98252868652344,801.4397621154785,336.0,97.0,645.3688,801.4397621154785,1367.566343240259,801.4397621154785
58,58,4,draft|draft_verify|target|target_rescue_verify,707.0164680480957,271.8615531921387,4652.527093887329,374.0,177.0,1211.34,4652.527093887329,5631.465256727563,4652.527093887329
58,58,5,draft|draft_verify|target|target_rescue_verify,830.0933837890625,350.45409202575684,4232.035398483276,605.0,217.0,1615.4584000000002,4232.035398483276,5412.643047898096,4232.035398483276
58,58,6,draft|draft_verify,1080.0058841705322,228.23858261108398,0.0,815.0,283.0,2271.7792,2271.7792,1308.3046931816161,1080.0058841705322
58,58,8,draft|draft_verify|target|target_rescue_verify,1883.3014965057373,752.4135112762451,14558.340787887573,1150.0,488.0,4430.4272,14934.547543525696,17194.116186069557,14934.547543525696
59,59,1,draft|draft_verify,113.91735076904297,20.509719848632812,0.0,73.0,30.0,178.3248,113.91735076904297,134.48709461767578,113.91735076904297
59,59,2,draft|draft_verify,687.6049041748047,59.83877182006836,0.0,103.0,186.0,1154.664,1154.664,747.503824794873,687.6049041748047
59,59,3,draft|draft_verify,127.57253646850586,75.07848739624023,0.0,289.0,33.0,212.88240000000002,212.88240000000002,202.7110502647461,127.57253646850586
59,59,4,draft|draft_verify,62.31093406677246,75.6235122680664,0.0,322.0,15.0,97.17120000000001,172.85472426806643,137.99445833483887,150.82203806430664
60,60,1,draft|draft_verify,257.526159286499,33.9047908782959,0.0,102.0,70.0,424.48720000000003,257.526159286499,291.4910061647949,257.526159286499
60,60,2,draft|draft_verify,335.77704429626465,66.30444526672363,0.0,172.0,91.0,569.32,569.32,402.1415623629883,335.77704429626465
60,60,3,draft|draft_verify,132.033109664917,66.41674041748047,0.0,263.0,34.0,217.33599999999998,217.33599999999998,198.50987728239747,132.033109664917
60,60,4,draft|draft_verify,24.147748947143555,66.67637825012207,0.0,297.0,6.0,38.04,66.47676761748046,90.88413199726563,66.47676761748046
60,60,5,draft|draft_verify|target|target_rescue_verify,850.4478931427002,203.03106307983398,565.3975009918213,303.0,223.0,1500.8655999999999,1602.441309939917,1618.9366356143555,952.0236030826172
60,60,6,draft|draft_verify,74.89657402038574,76.29752159118652,0.0,327.0,19.0,123.5968,123.5968,151.25411081157227,101.51553153991699
60,60,7,draft|draft_verify,120.47052383422852,90.76762199401855,0.0,346.0,31.0,203.968,203.968,211.29817062824708,120.47052383422852
60,60,8,draft|draft_verify,86.42339706420898,91.26639366149902,0.0,377.0,22.0,145.8352,145.8352,177.749808325708,90.82764679401855
60,60,9,draft|draft_verify|target|target_rescue_verify,351.4900207519531,250.54430961608887,641.6516304016113,399.0,91.0,618.352,743.6842276080445,1243.7460335696533,641.6516304016113
60,60,10,draft|draft_verify|target|target_rescue_verify,330.94310760498047,280.5001735687256,2113.7917041778564,429.0,86.0,589.928,2113.7917041778564,2725.2950541515625,2113.7917041778564
60,60,11,draft|draft_verify,390.98572731018066,128.4041404724121,0.0,533.0,101.0,719.78,719.78,519.4499485825927,390.98572731018066
60,60,12,draft|draft_verify,113.1436824798584,130.68795204162598,0.0,634.0,29.0,210.0392,210.0392,243.89165772148436,128.46422127241212
60,60,13,draft|draft_verify,44.77381706237793,149.02520179748535,0.0,663.0,10.0,71.8288,279.8331850391113,193.8590268598633,279.8331850391113
61,61,1,draft|draft_verify,83.03618431091309,29.9835205078125,0.0,133.0,22.0,133.5376,83.03618431091309,113.07972241872558,83.03618431091309
61,61,2,draft|draft_verify,216.35174751281738,49.231767654418945,0.0,155.0,59.0,364.3424,364.3424,265.6435623672363,216.35174751281738
61,61,3,draft|draft_verify,446.36082649230957,75.54364204406738,0.0,214.0,119.0,760.5152,760.5152,521.9645637363769,446.36082649230957
61,61,4,draft|draft_verify|target|target_rescue_verify,488.7101650238037,265.2764320373535,2130.00750541687,333.0,128.0,855.7256,2130.00750541687,2884.054204878027,2130.00750541687
61,61,5,draft|draft_verify,240.82565307617188,132.57265090942383,0.0,434.0,60.0,410.1024,410.1024,373.4583519855957,240.82565307617188
61,61,6,draft|draft_verify,239.55011367797852,141.55101776123047,0.0,494.0,60.0,418.5984,418.5984,381.161179439209,239.55011367797852
61,61,7,draft|draft_verify,323.58479499816895,131.40177726745605,0.0,554.0,82.0,586.348,586.348,455.046637865625,323.58479499816895
61,61,8,draft|draft_verify,171.7813014984131,132.51471519470215,0.0,636.0,42.0,305.7288,438.3035487947021,304.35605029311523,304.35605029311523
62,62,1,draft|draft_verify,317.6851272583008,30.63511848449707,0.0,92.0,81.0,490.38,317.6851272583008,348.3803105427979,317.6851272583008
62,62,2,draft|draft_verify,442.8832530975342,59.175729751586914,0.0,173.0,118.0,742.4656,742.4656,502.1190772491211,442.8832530975342
62,62,3,draft|draft_verify|target|target_rescue_verify,768.1417465209961,245.1493740081787,2252.511978149414,291.0,192.0,1279.4807999999998,2252.511978149414,3265.863252278589,2252.511978149414
62,62,4,draft|draft_verify,304.0437698364258,124.73106384277344,0.0,399.0,78.0,528.6624,528.6624,428.8348960791992,304.0437698364258
62,62,5,draft|draft_verify,96.71854972839355,125.95033645629883,0.0,477.0,24.0,164.75279999999998,164.75279999999998,222.72890538469238,124.79112624277344
62,62,6,draft|draft_verify,132.080078125,142.54140853881836,0.0,501.0,34.0,236.1856,236.1856,274.6815138638184,132.080078125
62,62,7,draft|draft_verify,67.37208366394043,135.61534881591797,0.0,535.0,16.0,111.388,278.27679735473635,203.04744527985838,278.27679735473635
63,63,1,draft|draft_verify,683.1681728363037,78.0801773071289,0.0,149.0,173.0,1090.2344,683.1681728363037,761.3084885434326,683.1681728363037
63,63,2,draft|draft_verify,149.77145195007324,76.29704475402832,0.0,322.0,37.0,241.79919999999998,241.79919999999998,226.12852630410157,149.77145195007324
63,63,3,draft|draft_verify,90.32607078552246,90.99555015563965,0.0,359.0,23.0,151.5824,151.5824,181.3816393411621,90.32607078552246
63,63,4,draft|draft_verify,36.11612319946289,91.18914604187012,0.0,382.0,9.0,59.0808,91.05556855563965,127.36527644133301,91.05556855563965
63,63,5,draft|draft_verify,315.11640548706055,124.73249435424805,0.0,391.0,79.0,534.0496,534.0496,439.9089630413086,315.11640548706055
63,63,6,draft|draft_verify,139.64104652404785,125.75531005859375,0.0,470.0,35.0,240.68,240.68,265.4563845826416,139.64104652404785
63,63,7,draft|draft_verify,205.86776733398438,126.65677070617676,0.0,505.0,53.0,370.5512,370.5512,332.5845804401611,205.86776733398438
63,63,8,draft|draft_verify,182.04879760742188,127.85577774047852,0.0,558.0,47.0,333.97760000000005,333.97760000000005,309.9646129479004,182.04879760742188
63,63,9,draft|draft_verify|target|target_rescue_verify,436.7518424987793,316.50447845458984,3494.720458984375,605.0,109.0,796.6024,3494.720458984375,4248.036867137744,3494.720458984375
63,63,10,draft|draft_verify,56.37240409851074,152.03237533569336,0.0,772.0,13.0,97.0408,158.25223922729492,208.4647898342041,158.25223922729492
63,63,11,draft|draft_verify|target|target_rescue_verify,517.1718597412109,396.23451232910156,3364.3789291381836,785.0,133.0,1033.1752000000001,3364.3789291381836,4277.845407608496,3364.3789291381836
63,63,12,draft|draft_verify,111.78874969482422,199.7227668762207,0.0,951.0,27.0,215.1648,215.1648,311.57153817104495,198.11725616455078
63,63,13,draft|draft_verify,494.187593460083,227.10061073303223,0.0,978.0,123.0,1010.3856,1010.3856,721.3483025931152,494.187593460083
63,63,14,draft|draft_verify,34.726858139038086,225.15273094177246,0.0,1101.0,8.0,64.48400000000001,227.1607091330322,259.93959548081057,227.1607091330322
63,63,15,draft|draft_verify,342.177152633667,255.22565841674805,0.0,1109.0,85.0,720.0424,720.0424,597.462879050415,342.177152633667
63,63,16,draft|draft_verify,22.42422103881836,254.011869430542,0.0,1194.0,5.0,40.186400000000006,255.28572641674805,276.49609446936034,255.28572641674805
63,63,17,draft|draft_verify,484.7102165222168,275.5861282348633,0.0,1199.0,120.0,1048.3704,1048.3704,760.35644075708,484.7102165222168
63,63,18,draft|draft_verify,22.4609375,274.10292625427246,0.0,1319.0,5.0,41.3864,275.64622423486327,296.62386775427245,275.64622423486327
63,63,19,draft|draft_verify,541.5279865264893,308.351993560791,0.0,1324.0,140.0,1268.6383999999998,1268.6383999999998,849.9400920872803,541.5279865264893
63,63,20,draft|draft_verify|target|backtracking_verify,90.57426452636719,626.1515617370605,736.9897365570068,1464.0,23.0,209.9264,736.9897365570068,1453.7755812204346,736.9897365570068
63,63,21,draft|draft_verify|target|target_rescue_verify,884.0065002441406,982.7649593353271,3576.526641845703,2986.0,223.0,2930.3679999999995,3576.526641845703,5443.358279825171,3576.526641845703
63,63,22,draft|draft_verify,93.57929229736328,350.9368896484375,0.0,1665.0,23.0,220.5392,491.3824796676636,444.57620034580077,491.3824796676636
63,63,23,draft|draft_verify,205.23858070373535,360.0006103515625,0.0,1688.0,53.0,518.1896,518.1896,565.2992334552978,350.9969080484375
63,63,24,draft|draft_verify,54.07524108886719,361.5245819091797,0.0,1741.0,13.0,124.94800000000001,360.0606527515625,415.6598333980469,360.0606527515625
63,63,25,draft|draft_verify,506.55174255371094,392.43149757385254,0.0,1754.0,133.0,1340.1544,1340.1544,899.0433465275635,506.55174255371094
63,63,26,draft|draft_verify,55.138349533081055,393.49365234375,0.0,1887.0,13.0,129.1528,392.49160397385253,448.69201227683106,392.49160397385253
63,63,27,draft|draft_verify,507.89499282836914,405.55691719055176,0.0,1900.0,133.0,1386.4072,1386.4072,913.5120164189209,507.89499282836914
63,63,28,draft|draft_verify,108.23535919189453,432.11936950683594,0.0,2033.0,27.0,282.6816,837.7964146973877,540.4147502987305,837.7964146973877
64,64,1,draft|draft_verify,194.62203979492188,28.569459915161133,0.0,88.0,51.0,306.36,194.62203979492188,223.251540510083,194.62203979492188
64,64,2,draft|draft_verify|target|target_rescue_verify,1427.8843402862549,194.42367553710938,1109.4529628753662,139.0,369.0,2403.7752,2501.0473329685547,2731.8212738987304,1525.1564732548095
64,64,3,draft|draft_verify,410.86339950561523,61.16771697998047,0.0,192.0,106.0,670.1800000000001,670.1800000000001,472.09120128559573,410.86339950561523
64,64,4,draft|draft_verify,325.6981372833252,102.46086120605469,0.0,298.0,84.0,549.888,549.888,428.2190656893799,325.6981372833252
64,64,5,draft|draft_verify,280.90548515319824,137.03346252441406,0.0,382.0,73.0,491.33680000000004,491.33680000000004,417.9990060776123,280.90548515319824
64,64,6,draft|draft_verify,999.2499351501465,153.2003879547119,0.0,455.0,250.0,1781.608,1781.608,1152.5105231048583,999.2499351501465
64,64,7,draft|draft_verify,407.3636531829834,157.23609924316406,0.0,705.0,105.0,791.772,791.772,564.6598364261474,407.3636531829834
64,64,8,draft|draft_verify|target|target_rescue_verify,503.73101234436035,393.15295219421387,2504.0485858917236,810.0,130.0,1017.1,2504.0485858917236,3400.992654430298,2504.0485858917236
64,64,9,draft|draft_verify,287.40978240966797,201.48706436157227,0.0,927.0,75.0,601.7952,601.7952,488.95690677124026,287.40978240966797
64,64,10,draft|draft_verify,91.13144874572754,201.6739845275879,0.0,1002.0,22.0,177.3352,403.28112648916016,292.8654508733154,403.28112648916016
65,65,1,draft|draft_verify,165.6489372253418,29.03294563293457,0.0,94.0,45.0,270.6024,165.6489372253418,194.74191885827636,165.6489372253418
65,65,2,draft|draft_verify,242.29049682617188,50.31323432922363,0.0,139.0,66.0,405.672,405.672,292.6637839553955,242.29049682617188
65,65,3,draft|draft_verify,117.93231964111328,56.784629821777344,0.0,205.0,32.0,200.1224,200.1224,174.77697506289064,117.93231964111328
65,65,4,draft|draft_verify,114.78137969970703,58.89391899108887,0.0,237.0,30.0,189.7392,189.7392,173.7353226907959,114.78137969970703
65,65,5,draft|draft_verify,132.51519203186035,60.45079231262207,0.0,267.0,34.0,217.65279999999998,217.65279999999998,193.02601154448243,132.51519203186035
65,65,6,draft|draft_verify,119.67778205871582,77.13747024536133,0.0,301.0,31.0,200.728,200.728,196.87527710407716,119.67778205871582
65,65,7,draft|draft_verify,106.24361038208008,76.77602767944336,0.0,332.0,28.0,183.1408,183.1408,183.07966046152342,106.24361038208008
65,65,8,draft|draft_verify,102.49161720275879,91.24207496643066,0.0,360.0,27.0,178.28640000000001,178.28640000000001,193.79371376918945,102.49161720275879
65,65,9,draft|draft_verify,103.57832908630371,92.09465980529785,0.0,387.0,27.0,179.9712,179.9712,195.73301049160156,103.57832908630371
65,65,10,draft|draft_verify,91.18032455444336,123.87633323669434,0.0,414.0,24.0,161.27519999999998,161.27519999999998,215.1166769911377,92.15468140529785
65,65,11,draft|draft_verify,91.31813049316406,124.44829940795898,0.0,438.0,24.0,162.6,162.6,215.82644910112305,123.93635243669434
65,65,12,draft|draft_verify,436.62023544311523,127.90465354919434,0.0,462.0,116.0,809.36,809.36,564.5849817923096,436.62023544311523
65,65,13,draft|draft_verify|target|backtracking_verify,72.73578643798828,257.0986747741699,412.51206398010254,578.0,19.0,134.44,412.51206398010254,742.4065403922607,412.51206398010254
65,65,14,draft|draft_verify|target|target_rescue_verify,230.86810111999512,523.9992141723633,1326.141595840454,1194.0,60.0,517.7184,1588.1412029266357,2081.068959132813,1588.1412029266357
65,65,15,draft|draft_verify,117.17081069946289,131.59918785095215,0.0,628.0,30.0,216.95280000000002,216.95280000000002,248.83002255041504,130.99980354309082
65,65,16,draft|draft_verify|target|target_rescue_verify,124.7856616973877,304.4869899749756,595.4022407531738,658.0,32.0,233.8256,595.4022407531738,1024.7349180255371,595.4022407531738
65,65,17,draft|draft_verify,108.3066463470459,153.0747413635254,0.0,686.0,28.0,206.07999999999998,206.07999999999998,261.44141011057127,152.2434949874878
65,65,18,draft|draft_verify,118.46494674682617,154.24489974975586,0.0,714.0,31.0,230.464,230.464,272.76987129658204,153.1347637635254
65,65,19,draft|draft_verify,139.25743103027344,154.3903350830078,0.0,745.0,36.0,270.732,270.732,293.70779491328125,154.30492454975587
65,65,20,draft|draft_verify|target|target_rescue_verify,122.12467193603516,349.3363857269287,645.8730697631836,781.0,32.0,242.9768,645.8730697631836,1117.3941530261475,645.8730697631836
65,65,21,draft|draft_verify,81.78353309631348,174.64280128479004,0.0,811.0,21.0,159.972,174.66819286346436,256.4863511811035,174.66819286346436
65,65,22,draft|draft_verify,107.08737373352051,175.14419555664062,0.0,832.0,28.0,215.5408,215.5408,282.2915916901611,174.70281808479004
65,65,23,draft|draft_verify,238.53659629821777,199.09930229187012,0.0,860.0,63.0,494.2752,494.2752,437.6959489900879,238.53659629821777
65,65,24,draft|draft_verify,161.6826057434082,200.486421585083,0.0,923.0,42.0,333.9696,333.9696,362.2290609284912,199.1593526918701
65,65,25,draft|draft_verify,141.56532287597656,201.6310691833496,0.0,965.0,37.0,297.3544,297.3544,343.2564216593262,200.546455185083
65,65,26,draft|draft_verify,148.35309982299805,226.5303134918213,0.0,1002.0,38.0,308.7848,308.7848,374.9434437148193,201.69109878334962
65,65,27,draft|draft_verify,129.84967231750488,228.58524322509766,0.0,1040.0,34.0,278.8744,278.8744,358.4949427426026,226.59034389182128
65,65,28,draft|draft_verify,114.89677429199219,228.7607192993164,0.0,1074.0,30.0,247.9944,247.9944,343.7175175913086,228.64527042509766
65,65,29,draft|draft_verify,92.72909164428711,230.8201789855957,0.0,1104.0,24.0,199.36319999999998,228.8207432993164,323.6092898298828,228.8207432993164
65,65,30,draft|draft_verify,112.27798461914062,255.45883178710938,0.0,1128.0,29.0,243.236,243.236,367.79683960625,230.8801981855957
65,65,31,draft|draft_verify,120.50008773803711,257.509708404541,0.0,1157.0,31.0,262.36,262.36,378.06982094257813,255.51885498710936
65,65,32,draft|draft_verify|target|target_rescue_verify,127.81286239624023,516.8032646179199,364.1188144683838,1188.0,33.0,281.92560000000003,540.38725870896,1008.7949678825439,516.031391913501
65,65,33,draft|draft_verify,289.43467140197754,273.423433303833,0.0,1198.0,76.0,658.72,658.72,562.9181655058105,289.43467140197754
65,65,34,draft|draft_verify,128.1723976135254,274.9032974243164,0.0,1274.0,33.0,288.5304,288.5304,403.13572143784177,273.483494103833
65,65,35,draft|draft_verify,149.4123935699463,280.76863288879395,0.0,1307.0,39.0,344.8368,344.8368,430.24105765874026,274.96332382431643
65,65,36,draft|draft_verify,72.21531867980957,280.90763092041016,0.0,1346.0,18.0,158.60399999999998,280.82866408879397,353.1829640002197,280.82866408879397
65,65,37,draft|draft_verify,128.73435020446777,306.8511486053467,0.0,1364.0,32.0,286.352,593.2631742053467,435.64552440981447,587.8788195257569
66,66,1,draft|draft_verify,267.00782775878906,46.06270790100098,0.0,113.0,74.0,451.03999999999996,267.00782775878906,313.13059485979005,267.00782775878906
66,66,2,draft|draft_verify,62.780141830444336,49.14689064025879,0.0,187.0,17.0,105.0872,105.0872,111.98704607070312,62.780141830444336
66,66,3,draft|draft_verify,124.31955337524414,57.00421333312988,0.0,204.0,34.0,212.6632,212.6632,181.383793908374,124.31955337524414
66,66,4,draft|draft_verify,390.49243927001953,76.39455795288086,0.0,238.0,105.0,675.2088,675.2088,466.9470812229004,390.49243927001953
66,66,5,draft|draft_verify|target|target_rescue_verify,365.889310836792,217.80753135681152,929.6810626983643,343.0,98.0,653.7776,929.6810626983643,1513.4379832919678,929.6810626983643
66,66,6,draft|draft_verify,229.9480438232422,124.95636940002441,0.0,384.0,61.0,409.828,409.828,354.9644620232666,229.9480438232422
66,66,7,draft|draft_verify,136.75975799560547,124.63855743408203,0.0,445.0,36.0,245.532,245.532,261.4583442296875,136.75975799560547
66,66,8,draft|draft_verify|target|target_rescue_verify,251.38139724731445,273.4332084655762,1386.6355419158936,481.0,67.0,466.07680000000005,1386.6355419158936,1911.5102012287841,1386.6355419158936
66,66,9,draft|draft_verify|target|target_rescue_verify,460.25586128234863,282.6657295227051,1515.9873962402344,548.0,121.0,869.788,1515.9873962402344,2258.969083845288,1515.9873962402344
66,66,10,draft|draft_verify,111.65928840637207,131.77895545959473,0.0,622.0,29.0,209.2328,209.2328,243.4982670659668,141.33286476135254
66,66,11,draft|draft_verify,275.2416133880615,152.42648124694824,0.0,651.0,70.0,515.4016,515.4016,427.72815063500974,275.2416133880615
66,66,12,draft|draft_verify,101.28188133239746,152.85086631774902,0.0,721.0,26.0,193.28,193.28,254.1927684501465,152.48653724694825
66,66,13,draft|draft_verify,200.04010200500488,174.0429401397705,0.0,747.0,53.0,400.75280000000004,400.75280000000004,374.1430845447754,200.04010200500488
66,66,14,draft|draft_verify,544.2121028900146,200.15883445739746,0.0,800.0,144.0,1125.8304,1125.8304,744.4310525474122,544.2121028900146
66,66,15,draft|draft_verify,137.41493225097656,201.04241371154785,0.0,944.0,36.0,287.448,287.448,338.5173747625244,200.21894965739747
66,66,16,draft|draft_verify,215.39592742919922,203.52578163146973,0.0,980.0,56.0,454.496,454.496,418.98175386066896,215.39592742919922
66,66,17,draft|draft_verify,627.5606155395508,256.1516761779785,0.0,1036.0,163.0,1370.104,1370.104,883.7724221175293,627.5606155395508
66,66,18,draft|draft_verify,110.84818840026855,249.30524826049805,0.0,1199.0,29.0,248.0072,256.2118065779785,360.2134598607666,256.2118065779785
66,66,19,draft|draft_verify,138.97323608398438,258.62693786621094,0.0,1228.0,36.0,311.304,311.304,397.6602027501953,249.36527146049804
66,66,20,draft|draft_verify,94.20490264892578,258.6245536804199,0.0,1264.0,23.0,199.3664,517.3715387466309,352.8894747293457,517.3715387466309
67,67,1,draft|draft_verify,259.62138175964355,50.13537406921387,0.0,119.0,71.0,433.49600000000004,259.62138175964355,309.8168126288574,259.62138175964355
67,67,2,draft|draft_verify,362.4861240386963,60.20832061767578,0.0,190.0,99.0,624.5904,624.5904,422.7545238563721,362.4861240386963
67,67,3,draft|draft_verify|target|target_rescue_verify,453.11641693115234,196.6385841369629,2697.478771209717,289.0,114.0,748.1952,2697.478771209717,3347.293863477832,2697.478771209717
67,67,4,draft|draft_verify|target|target_rescue_verify,367.81883239746094,263.22007179260254,1747.894048690796,420.0,97.0,664.7224,1747.894048690796,2378.9930304808595,1747.894048690796
67,67,5,draft|draft_verify|target|target_rescue_verify,568.7737464904785,270.19500732421875,1893.3229446411133,506.0,144.0,1024.9296,1893.3229446411133,2732.3518136558105,1893.3229446411133
67,67,6,draft|draft_verify|target|target_rescue_verify,273.2737064361572,265.14601707458496,1675.1749515533447,599.0,69.0,499.4472,1675.1749515533447,2213.654730264087,1675.1749515533447
67,67,7,draft|draft_verify,1277.003526687622,218.97459030151367,0.0,681.0,334.0,2594.8816,2594.8816,1496.0383841891357,1277.003526687622
67,67,8,draft|draft_verify,944.7951316833496,257.79223442077637,0.0,1015.0,246.0,2081.184,2081.184,1202.647562904126,944.7951316833496
67,67,9,draft|draft_verify|target|target_rescue_verify,87.36276626586914,517.1871185302734,1044.316291809082,1261.0,21.0,181.572,1044.316291809082,1648.9261934052247,1044.316291809082
67,67,10,draft|draft_verify,69.50759887695312,271.1951732635498,0.0,1305.0,16.0,139.108,529.8487453286865,340.7627849405029,529.8487453286865
68,68,1,draft|draft_verify,179.90803718566895,46.792030334472656,0.0,138.0,48.0,293.79359999999997,179.90803718566895,226.7601059201416,179.90803718566895
68,68,2,draft|draft_verify|target|target_rescue_verify,677.8237819671631,129.34446334838867,274.58643913269043,186.0,181.0,1158.388,1223.1203764741942,1081.8148292482422,742.5561584413574
68,68,3,draft|draft_verify|target|target_rescue_verify,495.07641792297363,150.7585048675537,867.9718971252441,196.0,132.0,840.0528,915.492158033777,1513.8669255157715,867.9718971252441
68,68,4,draft|draft_verify|target|target_rescue_verify,322.0362663269043,187.61706352233887,3124.8505115509033,238.0,84.0,537.936,3124.8505115509033,3634.5639086001465,3124.8505115509033
68,68,5,draft|draft_verify,162.39070892333984,141.3130760192871,0.0,393.0,40.0,268.2568,268.2568,303.76381694262693,162.39070892333984
68,68,6,draft|draft_verify,197.89648056030273,124.70340728759766,0.0,433.0,52.0,354.6616,354.6616,322.65992944790037,197.89648056030273
68,68,7,draft|draft_verify,39.54315185546875,125.42510032653809,0.0,485.0,10.0,67.98400000000001,124.76344888759766,165.02826018200685,124.76344888759766
68,68,8,draft|draft_verify|target|target_rescue_verify,262.7146244049072,270.1830863952637,824.0358829498291,495.0,69.0,482.4744,824.0358829498291,1356.99364895,824.0358829498291
68,68,9,draft|draft_verify,236.8946075439453,127.5947093963623,0.0,534.0,62.0,438.596,438.596,364.54936654030763,236.8946075439453
68,68,10,draft|draft_verify,40.171146392822266,127.15935707092285,0.0,596.0,10.0,70.3816,127.6547589963623,167.39051146374513,127.6547589963623
68,68,11,draft|draft_verify,272.83525466918945,134.32717323303223,0.0,606.0,71.0,515.312,515.312,407.22248470222166,272.83525466918945
68,68,12,draft|draft_verify,76.00665092468262,152.36783027648926,0.0,677.0,17.0,123.9032,286.8150739095215,228.43449480117187,286.8150739095215
69,69,1,draft|draft_verify,330.89756965637207,50.46987533569336,0.0,121.0,90.0,552.0576,330.89756965637207,381.4275169920654,330.89756965637207
69,69,2,draft|draft_verify,1358.832597732544,138.8111114501953,0.0,211.0,356.0,2374.868,2513.739396250195,1497.7039939827393,1497.7039939827393
70,70,1,draft|draft_verify,259.4130039215088,28.9461612701416,0.0,67.0,69.0,412.6248,259.4130039215088,288.4192203916504,259.4130039215088
70,70,2,draft|draft_verify,88.47332000732422,30.597448348999023,0.0,136.0,24.0,145.9296,145.9296,119.13078755632324,88.47332000732422
70,70,3,draft|draft_verify,26.34572982788086,30.11178970336914,0.0,160.0,7.0,42.5344,42.5344,56.51752513125,30.657467548999023
70,70,4,draft|draft_verify,145.9202766418457,49.163818359375,0.0,167.0,39.0,240.86880000000002,240.86880000000002,195.1441262012207,145.9202766418457
70,70,5,draft|draft_verify,144.8075771331787,58.879852294921875,0.0,206.0,39.0,244.4256,244.4256,203.74746062810058,144.8075771331787
70,70,6,draft|draft_verify,70.8165168762207,59.397220611572266,0.0,245.0,19.0,120.0544,120.0544,130.27375268779298,70.8165168762207
70,70,7,draft|draft_verify,129.53448295593262,59.95488166809082,0.0,264.0,33.0,210.9624,270.9773080680908,189.54939102402344,189.54939102402344
71,71,1,draft|draft_verify,320.0705051422119,34.44957733154297,0.0,94.0,88.0,533.9344,320.0705051422119,354.58015287375486,320.0705051422119
71,71,2,draft|draft_verify,114.77875709533691,56.28156661987305,0.0,182.0,31.0,192.16,192.16,171.12034851520997,114.77875709533691
71,71,3,draft|draft_verify,240.42081832885742,67.42072105407715,0.0,213.0,51.0,321.36,321.36,307.9015801829346,240.42081832885742
71,71,4,draft|draft_verify,108.43515396118164,67.36397743225098,0.0,264.0,28.0,178.7344,178.7344,175.8591537934326,108.43515396118164
71,71,5,draft|draft_verify,31.742334365844727,64.93782997131348,0.0,292.0,8.0,50.8928,67.42399983225097,96.7401707371582,67.42399983225097
71,71,6,draft|draft_verify,100.76785087585449,80.86800575256348,0.0,300.0,26.0,168.02,168.02,181.695877428418,100.76785087585449
71,71,7,draft|draft_verify,24.25670623779297,75.5147933959961,0.0,326.0,6.0,38.388,80.92802655256348,99.83150443378906,80.92802655256348
71,71,8,draft|draft_verify,50.80270767211914,76.07054710388184,0.0,332.0,13.0,84.36880000000001,84.36880000000001,126.93326517600099,75.5747981959961
71,71,9,draft|draft_verify,146.8212604522705,91.41254425048828,0.0,345.0,29.0,190.6184,282.0909674504883,238.29382790275878,238.29382790275878
72,72,1,draft|draft_verify,305.30810356140137,30.474424362182617,0.0,103.0,65.0,393.9128,305.30810356140137,335.84257992358397,305.30810356140137
72,72,2,draft|draft_verify,107.93781280517578,49.37267303466797,0.0,168.0,23.0,141.4976,141.4976,157.37050423984374,107.93781280517578
72,72,3,draft|draft_verify,179.50963973999023,50.78840255737305,0.0,191.0,37.0,230.4808,230.4808,230.3580718973633,179.50963973999023
72,72,4,draft|draft_verify,113.75188827514648,59.82375144958496,0.0,228.0,24.0,151.00799999999998,151.00799999999998,173.63565892473144,113.75188827514648
72,72,5,draft|draft_verify,48.66600036621094,59.44252014160156,0.0,252.0,10.0,62.95120000000001,62.95120000000001,108.16852850781251,59.88377064958496
72,72,6,draft|draft_verify,54.15225028991699,58.76493453979492,0.0,262.0,11.0,69.56,69.56,112.9771936297119,59.502528141601566
72,72,7,draft|draft_verify,26.98206901550293,59.505462646484375,0.0,273.0,5.0,31.344800000000003,58.82494333979492,86.5475356619873,58.82494333979492
72,72,8,draft|draft_verify,162.2474193572998,76.02930068969727,0.0,278.0,33.0,212.03760000000003,212.03760000000003,238.33674644699707,162.2474193572998
72,72,9,draft|draft_verify,59.34309959411621,76.26533508300781,0.0,311.0,12.0,77.24879999999999,77.24879999999999,135.66844427712402,76.08932708969726
72,72,10,draft|draft_verify,52.474260330200195,76.24697685241699,0.0,323.0,10.0,64.4848,152.6323295354248,128.7812451826172,152.6323295354248
73,73,1,draft|draft_verify,177.5655746459961,21.285533905029297,0.0,72.0,40.0,238.21120000000002,177.5655746459961,198.9111405510254,177.5655746459961
73,73,2,draft|draft_verify,128.44610214233398,28.655052185058594,0.0,112.0,29.0,174.9608,174.9608,157.16117752739257,128.44610214233398
73,73,3,draft|draft_verify,88.52696418762207,29.300451278686523,0.0,141.0,20.0,121.68560000000001,121.68560000000001,117.8874314663086,88.52696418762207
73,73,4,draft|draft_verify,119.97771263122559,49.126386642456055,0.0,161.0,27.0,165.86880000000002,165.86880000000002,169.16412087368164,119.97771263122559
73,73,5,draft|draft_verify,31.385183334350586,49.3316650390625,0.0,188.0,7.0,42.9376,49.186408242456054,80.77685397341308,49.186408242456054
73,73,6,draft|draft_verify,51.31030082702637,48.905134201049805,0.0,195.0,13.0,80.42320000000001,80.42320000000001,100.27544542807618,51.31030082702637
73,73,7,draft|draft_verify,27.062177658081055,49.44896697998047,0.0,208.0,7.0,43.2256,48.96514460104981,76.57115023806152,48.96514460104981
73,73,8,draft|draft_verify,78.07540893554688,58.39729309082031,0.0,215.0,20.0,125.06,125.06,136.5327180263672,78.07540893554688
73,73,9,draft|draft_verify,42.30475425720215,59.180259704589844,0.0,235.0,11.0,68.912,68.912,101.54502276179198,58.45730909082031
73,73,10,draft|draft_verify,109.22050476074219,58.56180191040039,0.0,246.0,28.0,177.56799999999998,177.56799999999998,167.84232907114256,109.22050476074219
73,73,11,draft|draft_verify,57.64007568359375,59.31258201599121,0.0,274.0,15.0,95.5584,95.5584,117.01266969958496,58.62182431040039
73,73,12,draft|draft_verify,59.06057357788086,75.39844512939453,0.0,289.0,14.0,89.5952,165.05365632939453,134.51902990727538,134.83105034538573
74,74,1,draft|draft_verify,284.96789932250977,30.116558074951172,0.0,97.0,74.0,448.2368,284.96789932250977,315.14451659746095,284.96789932250977
74,74,2,draft|draft_verify|target|target_rescue_verify,289.15977478027344,145.6453800201416,3170.0806617736816,171.0,80.0,499.20560000000006,3170.0806617736816,3604.945880574097,3170.0806617736816
74,74,3,draft|draft_verify,314.99552726745605,99.60675239562988,0.0,327.0,81.0,535.5,535.5,414.66234446308596,314.99552726745605
74,74,4,draft|draft_verify,197.19409942626953,124.03678894042969,0.0,408.0,51.0,344.76,344.76,321.29092916669924,197.19409942626953
74,74,5,draft|draft_verify,106.00423812866211,124.45640563964844,0.0,459.0,27.0,184.46400000000003,308.98042723964846,230.52066536831055,248.61325698007812
75,75,1,draft|draft_verify,121.76680564880371,21.023988723754883,0.0,73.0,32.0,190.3016,121.76680564880371,142.8508199725586,121.76680564880371
75,75,2,draft|draft_verify,116.8966293334961,28.192996978759766,0.0,105.0,31.0,186.61599999999999,186.61599999999999,145.14965111225587,116.8966293334961
75,75,3,draft|draft_verify,274.96790885925293,49.62730407714844,0.0,136.0,76.0,467.56,467.56,324.65527373640134,274.96790885925293
75,75,4,draft|draft_verify,205.2936553955078,59.10634994506836,0.0,212.0,54.0,340.36080000000004,340.36080000000004,264.46004854057617,205.2936553955078
75,75,5,draft|draft_verify,485.0332736968994,91.70103073120117,0.0,266.0,123.0,801.9119999999999,801.9119999999999,576.7944028281006,485.0332736968994
75,75,6,draft|draft_verify,96.30155563354492,91.20893478393555,0.0,389.0,24.0,159.8952,251.16415398393553,187.57050961748047,187.57050961748047
76,76,1,draft|draft_verify,197.02887535095215,29.47521209716797,0.0,89.0,54.0,324.71520000000004,197.02887535095215,226.5641306481201,197.02887535095215
76,76,2,draft|draft_verify,185.08195877075195,48.83599281311035,0.0,143.0,51.0,312.96000000000004,312.96000000000004,233.9779923838623,185.08195877075195
76,76,3,draft|draft_verify,95.3826904296875,49.390554428100586,0.0,194.0,26.0,161.66,161.66,144.8332656577881,95.3826904296875
76,76,4,draft|draft_verify,113.45338821411133,58.82096290588379,0.0,220.0,31.0,194.896,194.896,172.33437591999513,113.45338821411133
76,76,5,draft|draft_verify,99.27177429199219,60.01162528991699,0.0,251.0,26.0,165.08,165.08,159.3434203819092,99.27177429199219
76,76,6,draft|draft_verify,89.05243873596191,76.51662826538086,0.0,277.0,23.0,147.2528,147.2528,165.62908540134276,89.05243873596191
76,76,7,draft|draft_verify,202.50272750854492,77.00991630554199,0.0,300.0,53.0,344.96720000000005,344.96720000000005,279.5726862140869,202.50272750854492
76,76,8,draft|draft_verify,261.9020938873291,92.81611442565918,0.0,353.0,68.0,452.5496,452.5496,354.7782627129883,261.9020938873291
76,76,9,draft|draft_verify,180.64165115356445,124.56274032592773,0.0,421.0,47.0,318.8528,318.8528,305.2644290794922,180.64165115356445
76,76,10,draft|draft_verify,62.95967102050781,125.37431716918945,0.0,468.0,16.0,108.976,124.62277792592774,188.39400098969728,124.62277792592774
76,76,11,draft|draft_verify,98.91009330749512,126.1751651763916,0.0,484.0,25.0,172.0984,172.0984,225.14527848388673,125.43432996918945
76,76,12,draft|draft_verify,66.70117378234863,141.45207405090332,0.0,509.0,17.0,117.452,126.2351851763916,208.21326143325194,126.2351851763916
76,76,13,draft|draft_verify,43.76363754272461,135.4832649230957,0.0,526.0,11.0,75.896,141.5120876509033,179.3069112658203,141.5120876509033
76,76,14,draft|draft_verify,57.24787712097168,127.2575855255127,0.0,537.0,14.0,97.33279999999999,135.5432737230957,184.56547384648437,135.5432737230957
76,76,15,draft|draft_verify,33.84757041931152,127.04586982727051,0.0,551.0,8.0,55.244,127.3175967255127,160.95344664658202,127.3175967255127
76,76,16,draft|draft_verify,65.14573097229004,127.68936157226562,0.0,559.0,16.0,112.25200000000001,127.10587622727051,192.89510534455565,127.10587622727051
76,76,17,draft|draft_verify,90.19327163696289,128.0965805053711,0.0,575.0,22.0,155.8144,283.9709981053711,218.34986974233396,255.90597247763674
77,77,1,draft|draft_verify,195.61171531677246,29.004573822021484,0.0,81.0,53.0,317.636,195.61171531677246,224.67633153879393,195.61171531677246
77,77,2,draft|draft_verify,84.14506912231445,29.277563095092773,0.0,134.0,23.0,139.7024,139.7024,113.48265061740723,84.14506912231445
77,77,3,draft|draft_verify,133.06689262390137,48.94280433654785,0.0,157.0,36.0,221.34,221.34,182.06972576044922,133.06689262390137
77,77,4,draft|draft_verify,98.42729568481445,49.14522171020508,0.0,193.0,26.0,161.60000000000002,161.60000000000002,147.63253819501955,98.42729568481445
77,77,5,draft|draft_verify,38.79547119140625,50.0791072845459,0.0,219.0,10.0,62.238400000000006,62.238400000000006,88.93458647595216,49.205242510205075
77,77,6,draft|draft_verify,271.4519500732422,78.28402519226074,0.0,229.0,71.0,451.976,451.976,349.7960320655029,271.4519500732422
77,77,7,draft|draft_verify,120.11837959289551,77.16584205627441,0.0,300.0,30.0,194.12400000000002,194.12400000000002,197.34424564916992,120.11837959289551
77,77,8,draft|draft_verify,294.1758632659912,93.40643882751465,0.0,330.0,74.0,489.0584,489.0584,387.64236129350587,294.1758632659912
77,77,9,draft|draft_verify,45.56560516357422,92.87667274475098,0.0,404.0,11.0,72.968,93.46649802751465,138.5022867083252,93.46649802751465
77,77,10,draft|draft_verify,135.4503631591797,124.52578544616699,0.0,415.0,33.0,222.5592,222.5592,260.03617500534665,135.4503631591797
77,77,11,draft|draft_verify,160.6004238128662,126.1289119720459,0.0,448.0,41.0,280.316,280.316,286.7893685849121,160.6004238128662
77,77,12,draft|draft_verify,69.88835334777832,125.78582763671875,0.0,489.0,18.0,123.6384,126.1889447720459,195.73419538449707,126.1889447720459
77,77,13,draft|draft_verify,106.74095153808594,135.62560081481934,0.0,507.0,26.0,180.44,316.12562161481935,242.4265731529053,261.53146365153805
78,78,1,draft|draft_verify|target|target_rescue_verify,328.6323547363281,119.2629337310791,2007.544755935669,152.0,86.0,533.4200000000001,2007.544755935669,2455.500113203076,2007.544755935669
78,78,2,draft|draft_verify,297.7921962738037,85.50643920898438,0.0,250.0,77.0,494.6024,494.6024,383.35869708278807,297.7921962738037
78,78,3,draft|draft_verify,271.5010643005371,103.07455062866211,0.0,327.0,70.0,461.7472,461.7472,374.6356709291992,271.5010643005371
78,78,4,draft|draft_verify,262.9694938659668,124.48334693908691,0.0,397.0,66.0,445.92,445.92,387.5128936050537,262.9694938659668
78,78,5,draft|draft_verify,194.05174255371094,125.79703330993652,0.0,463.0,47.0,323.4896,323.4896,319.90881346364745,194.05174255371094
78,78,6,draft|draft_verify,157.34052658081055,136.63053512573242,0.0,510.0,40.0,279.208,279.208,294.03109370654295,157.34052658081055
78,78,7,draft|draft_verify|target|target_rescue_verify,392.7474021911621,259.91368293762207,859.0819835662842,550.0,98.0,701.9671999999999,859.0819835662842,1511.8031470950684,859.0819835662842
78,78,8,draft|draft_verify|target|target_rescue_verify,255.45692443847656,260.9744071960449,531.7978858947754,588.0,63.0,453.8016,584.3488539980225,1048.2892679292968,531.7978858947754
78,78,9,draft|draft_verify,244.45009231567383,133.1470012664795,0.0,613.0,61.0,442.804,442.804,377.6571423821533,244.45009231567383
78,78,10,draft|draft_verify,93.96624565124512,152.23264694213867,0.0,674.0,23.0,168.2144,320.5070653421387,246.25891099338378,285.49971540861816
79,79,1,draft|draft_verify,365.922212600708,61.20443344116211,0.0,196.0,95.0,600.2336,365.922212600708,427.1867220418701,365.922212600708
79,79,2,draft|draft_verify,533.3421230316162,92.72336959838867,0.0,291.0,131.0,863.168,863.168,626.1255974300049,533.3421230316162
79,79,3,draft|draft_verify|target|target_rescue_verify,510.44249534606934,280.0273895263672,2090.2862548828125,422.0,128.0,882.8528,2090.2862548828125,2880.816242155249,2090.2862548828125
79,79,4,draft|draft_verify|target|target_rescue_verify,985.8548641204834,321.6063976287842,5115.368127822876,521.0,249.0,1813.4616,5115.368127822876,6422.889588772144,5115.368127822876
79,79,5,draft|draft_verify|target|backtracking_verify,638.2887363433838,472.51248359680176,12600.172996520996,775.0,158.0,1228.7072,12600.172996520996,13711.034342861181,12600.172996520996
79,79,6,draft|draft_verify|target|target_rescue_verify,111.93537712097168,458.15229415893555,5342.916488647461,933.0,28.0,222.0856,5571.992635726929,5913.064182327368,5571.992635726929
80,80,1,draft|draft_verify|target|backtracking_verify,209.40375328063965,60.651540756225586,892.3406600952148,111.0,49.0,296.8696,892.3406600952148,1162.4559933320802,892.3406600952148
80,80,2,draft|draft_verify|target|target_rescue_verify|backtracking_verify,494.7173595428467,208.76193046569824,2501.2218952178955,314.0,131.0,870.344,2605.6028604507446,3204.7612900264403,2605.6028604507446
80,80,3,draft|draft_verify|target|target_rescue_verify,953.6628723144531,464.6730422973633,5781.273365020752,656.0,245.0,1862.1896,6103.659574594971,7199.669475632569,6091.055393218994
80,80,4,draft|draft_verify|target|target_rescue_verify,694.1218376159668,277.9676914215088,3067.443370819092,477.0,177.0,1254.8472,3067.443370819092,4039.5930414565673,3067.443370819092
80,80,5,draft|draft_verify|target|target_rescue_verify,779.5238494873047,243.35360527038574,1591.2237167358398,344.0,202.0,1374.148,1591.2237167358398,2614.16133309353,1591.2237167358398
80,80,6,draft|draft_verify,338.18697929382324,126.2812614440918,0.0,421.0,87.0,595.2528,595.2528,464.52831033791506,338.18697929382324
80,80,7,draft|draft_verify|target|target_rescue_verify,177.75988578796387,272.7975845336914,967.4794673919678,508.0,46.0,321.38800000000003,967.4794673919678,1418.096974513623,967.4794673919678
80,80,8,draft|draft_verify,84.6705436706543,128.2508373260498,0.0,554.0,20.0,140.5184,268.8292533260498,212.98139699670412,264.7096455928955
81,81,1,draft|draft_verify,175.68135261535645,29.94251251220703,0.0,109.0,47.0,284.408,175.68135261535645,205.68390272756346,175.68135261535645
81,81,2,draft|draft_verify,82.33976364135742,29.956340789794922,0.0,156.0,22.0,134.6968,134.6968,112.35612203115234,82.33976364135742
81,81,3,draft|draft_verify,81.54678344726562,49.57914352416992,0.0,178.0,22.0,135.8056,135.8056,131.18594457143553,81.54678344726562
81,81,4,draft|draft_verify,163.92159461975098,58.81643295288086,0.0,200.0,44.0,275.4704,275.4704,222.79806277263182,163.92159461975098
81,81,5,draft|draft_verify,189.74685668945312,59.69429016113281,0.0,244.0,46.0,292.87600000000003,292.87600000000003,249.50118365058594,189.74685668945312
81,81,6,draft|draft_verify,161.9279384613037,76.50470733642578,0.0,290.0,42.0,271.68240000000003,271.68240000000003,238.4926793977295,161.9279384613037
81,81,7,draft|draft_verify,173.18224906921387,90.70348739624023,0.0,332.0,45.0,295.7352,295.7352,263.94577246545407,173.18224906921387
81,81,8,draft|draft_verify,73.88091087341309,92.07296371459961,0.0,377.0,18.0,119.06880000000001,211.20177811459962,166.0138889880127,182.89650151083984
82,82,1,draft|draft_verify,130.03134727478027,28.228759765625,0.0,105.0,35.0,210.89600000000002,130.03134727478027,158.32013504040526,130.03134727478027
82,82,2,draft|draft_verify,245.24855613708496,49.85761642456055,0.0,140.0,66.0,405.82800000000003,405.82800000000003,295.1662253616455,245.24855613708496
82,82,3,draft|draft_verify,452.5415897369385,75.99234580993652,0.0,206.0,119.0,758.2496000000001,758.2496000000001,528.594030746875,452.5415897369385
82,82,4,draft|draft_verify,345.98231315612793,92.39363670349121,0.0,325.0,89.0,588.8984,588.8984,438.4360210596191,345.98231315612793
82,82,5,draft|draft_verify,104.0964126586914,123.44956398010254,0.0,414.0,24.0,161.27519999999998,284.7847831801025,227.60599583879394,227.60599583879394
83,83,1,draft|draft_verify,221.77815437316895,29.695987701416016,0.0,99.0,60.0,362.6664,221.77815437316895,251.53419007458496,221.77815437316895
83,83,2,draft|draft_verify|target|target_rescue_verify,294.99340057373047,107.65433311462402,753.2432079315186,159.0,80.0,496.9304,753.2432079315186,1155.951005619873,753.2432079315186
83,83,3,draft|draft_verify|target|target_rescue_verify,265.04993438720703,155.46369552612305,2317.049503326416,194.0,71.0,446.096,2317.049503326416,2737.623190039746,2317.049503326416
83,83,4,draft|draft_verify,76.1563777923584,81.71653747558594,0.0,308.0,19.0,122.776,122.776,157.93293046794435,77.73184776306152
83,83,5,draft|draft_verify,361.9110584259033,97.84173965454102,0.0,327.0,87.0,575.8512,575.8512,459.81286768044436,361.9110584259033
83,83,6,draft|draft_verify,79.52070236206055,123.90303611755371,0.0,414.0,19.0,127.3552,127.3552,203.48375367961427,97.90180925454102
83,83,7,draft|draft_verify,225.92806816101074,124.66001510620117,0.0,433.0,58.0,396.1216,396.1216,350.64812966721195,225.92806816101074
83,83,8,draft|draft_verify,76.0030746459961,125.07200241088867,0.0,491.0,18.0,123.72,249.85207831708985,201.13509145688477,249.85207831708985
84,84,1,draft|draft_verify|target|backtracking_verify,382.22265243530273,109.21096801757812,2233.5031032562256,120.0,102.0,626.9304,2233.5031032562256,2724.9968053091065,2233.5031032562256
84,84,2,draft|draft_verify|target|target_rescue_verify,928.9340972900391,373.3701705932617,14666.730403900146,452.0,234.0,1661.3448,14666.730403900146,15969.094858983448,14666.730403900146
84,84,3,draft|draft_verify,397.59325981140137,102.16045379638672,0.0,293.0,103.0,675.5536,675.5536,499.8137960077881,397.59325981140137
84,84,4,draft|draft_verify|target|target_rescue_verify,532.949686050415,286.29374504089355,2695.1162815093994,396.0,138.0,945.012,2695.1162815093994,3514.4198230007078,2695.1162815093994
84,84,5,draft|draft_verify|target|target_rescue_verify,870.4578876495361,281.7680835723877,1561.1977577209473,527.0,224.0,1627.7528,1768.6970209861938,2713.483908142871,1561.1977577209473
84,84,6,draft|draft_verify,155.15375137329102,134.95516777038574,0.0,603.0,39.0,280.632,280.632,290.1689503436768,155.15375137329102
84,84,8,draft|draft_verify,483.5989475250244,201.5228271484375,0.0,870.0,126.0,1003.14,1003.14,685.1818754734619,483.5989475250244
84,84,9,draft|draft_verify|target|target_rescue_verify,475.1255512237549,429.31270599365234,884.3586444854736,996.0,126.0,1040.94,1255.656453796826,1788.8570025028807,884.3586444854736
84,84,10,draft|draft_verify,79.1926383972168,203.749418258667,0.0,1037.0,19.0,154.2688,418.4657864554932,283.0020718558838,418.4657864554932
85,85,1,draft|draft_verify|target|backtracking_verify,438.74073028564453,112.49876022338867,952.2969722747803,176.0,118.0,743.308,952.2969722747803,1503.5965571838135,952.2969722747803
85,85,4,draft|draft_verify,1199.4147300720215,166.31364822387695,0.0,426.0,315.0,2247.8256,2247.8256,1365.7886302958984,1199.4147300720215
85,85,7,draft|draft_verify,278.5165309906006,310.2915287017822,0.0,1427.0,71.0,653.24,653.24,588.8681164923828,278.5165309906006
85,85,8,draft|draft_verify,129.03833389282227,312.7877712249756,0.0,1498.0,32.0,296.3216,623.1993823267578,441.88613071779787,623.1993823267578
86,86,1,draft|draft_verify,265.3319835662842,29.92987632751465,0.0,81.0,71.0,427.112,265.3319835662842,295.3219166937988,265.3319835662842
86,86,2,draft|draft_verify,63.23742866516113,29.53314781188965,0.0,152.0,17.0,103.7432,103.7432,92.83059007705077,63.23742866516113
86,86,3,draft|draft_verify,216.5536880493164,50.0185489654541,0.0,169.0,59.0,366.2912,366.2912,266.6322842147705,216.5536880493164
86,86,4,draft|draft_verify,82.84664154052734,59.2503547668457,0.0,228.0,22.0,138.3256,138.3256,142.15701390737303,82.84664154052734
86,86,5,draft|draft_verify,179.05426025390625,60.35494804382324,0.0,250.0,46.0,293.524,293.524,239.4692450977295,179.05426025390625
86,86,6,draft|draft_verify,42.803287506103516,76.79390907287598,0.0,296.0,11.0,70.376,70.376,119.65720537897948,60.41498484382324
86,86,7,draft|draft_verify,289.75653648376465,91.400146484375,0.0,307.0,74.0,485.0288,485.0288,381.21674216813966,289.75653648376465
86,86,8,draft|draft_verify,166.51010513305664,92.71526336669922,0.0,381.0,42.0,280.6368,280.6368,259.28540209975586,166.51010513305664
86,86,9,draft|draft_verify,114.58396911621094,124.91488456726074,0.0,423.0,30.0,202.68480000000002,202.68480000000002,239.55887768347168,114.58396911621094
86,86,10,draft|draft_verify,16.9680118560791,125.1070499420166,0.0,453.0,4.0,26.236,124.97490856726074,142.13506499809571,124.97490856726074
86,86,11,draft|draft_verify,171.26202583312988,127.15935707092285,0.0,457.0,45.0,308.9352,308.9352,298.4814189040527,171.26202583312988
86,86,12,draft|draft_verify,44.602394104003906,142.86112785339355,0.0,502.0,11.0,75.32,127.21939307092285,187.52353075739745,127.21939307092285
86,86,13,draft|draft_verify,43.999433517456055,142.97986030578613,0.0,513.0,10.0,68.5888,285.9610049591797,187.0393018232422,285.9610049591797
87,87,1,draft|draft_verify,187.66021728515625,29.16550636291504,0.0,90.0,51.0,306.6,187.66021728515625,216.88576444807128,187.66021728515625
87,87,2,draft|draft_verify,132.5070858001709,30.390262603759766,0.0,141.0,36.0,219.996,219.996,162.95737720393066,132.5070858001709
87,87,3,draft|draft_verify|target|target_rescue_verify,267.2848701477051,117.86580085754395,1091.8402671813965,177.0,73.0,455.91280000000006,1091.8402671813965,1477.0509965866454,1091.8402671813965
87,87,4,draft|draft_verify,37.389278411865234,62.65401840209961,0.0,228.0,10.0,62.43280000000001,62.43280000000001,100.10330481396485,58.93290042877197
87,87,5,draft|draft_verify,134.9027156829834,61.24401092529297,0.0,238.0,36.0,228.144,228.144,196.20675540827636,134.9027156829834
87,87,6,draft|draft_verify,149.25003051757812,78.18412780761719,0.0,274.0,39.0,250.62720000000002,250.62720000000002,227.4941895251953,149.25003051757812
87,87,7,draft|draft_verify,364.2544746398926,94.87581253051758,0.0,313.0,96.0,633.348,633.348,459.19036397041015,364.2544746398926
87,87,8,draft|draft_verify,77.0721435546875,124.57513809204102,0.0,409.0,20.0,133.90640000000002,133.90640000000002,201.70729764672853,94.93588933051758
87,87,9,draft|draft_verify,54.15773391723633,123.63457679748535,0.0,429.0,14.0,93.9632,124.63515409204102,177.85232191472167,124.63515409204102
87,87,10,draft|draft_verify,27.811050415039062,123.85272979736328,0.0,443.0,7.0,46.6096,123.69458799748536,151.72378581240235,123.69458799748536
87,87,11,draft|draft_verify,118.79444122314453,124.66812133789062,0.0,450.0,31.0,211.456,211.456,243.52258736103516,123.91273539736328
87,87,12,draft|draft_verify,113.34753036499023,125.94795227050781,0.0,481.0,28.0,192.796,192.796,239.35550503549803,124.72814613789062
87,87,13,draft|draft_verify,252.20179557800293,127.92110443115234,0.0,509.0,66.0,463.39200000000005,463.39200000000005,380.18295280915527,252.20179557800293
87,87,14,draft|draft_verify,54.09646034240723,127.80404090881348,0.0,575.0,11.0,77.072,127.98115723115234,181.9605100512207,127.98115723115234
87,87,15,draft|draft_verify,171.51498794555664,131.1960220336914,0.0,586.0,45.0,322.5576,322.5576,302.771045979248,171.51498794555664
87,87,16,draft|draft_verify,51.67388916015625,129.69636917114258,0.0,631.0,13.0,92.98,131.2560580336914,181.43026873129884,131.2560580336914
87,87,17,draft|draft_verify,112.08009719848633,151.25036239624023,0.0,644.0,29.0,210.71120000000002,210.71120000000002,263.39048279472655,129.7563795711426
87,87,18,draft|draft_verify,70.63627243041992,150.70366859436035,0.0,673.0,18.0,131.1456,151.31038559624022,221.39995542478027,151.31038559624022
87,87,19,draft|draft_verify,104.40897941589355,152.36592292785645,0.0,691.0,27.0,198.94080000000002,198.94080000000002,256.83492394375,150.76368299436035
87,87,20,draft|draft_verify,21.475791931152344,152.68850326538086,0.0,718.0,5.0,35.616800000000005,152.42594452785644,174.2242991965332,152.42594452785644
87,87,21,draft|draft_verify,183.41660499572754,153.89108657836914,0.0,723.0,48.0,359.78159999999997,359.78159999999997,337.3677299740967,183.41660499572754
87,87,22,draft|draft_verify,54.69560623168945,173.31838607788086,0.0,771.0,14.0,104.6336,153.95112497836914,228.0740035095703,153.95112497836914
87,87,23,draft|draft_verify,45.04680633544922,172.7294921875,0.0,785.0,10.0,74.464,346.16789746538086,217.83630652294923,346.16789746538086
88,88,1,draft|draft_verify,268.48864555358887,49.97682571411133,0.0,121.0,73.0,446.23600000000005,268.48864555358887,318.5255296677002,268.48864555358887
88,88,2,draft|draft_verify|target|target_rescue_verify,871.0224628448486,160.66265106201172,1352.2934913635254,194.0,224.0,1449.5312,1529.9227047310058,2384.0387844703855,1352.2934913635254
88,88,3,draft|draft_verify,476.9613742828369,102.78654098510742,0.0,258.0,125.0,812.8808,812.8808,579.8080152679443,476.9613742828369
88,88,4,draft|draft_verify,730.6869029998779,140.3188705444336,0.0,383.0,192.0,1321.6535999999999,1321.6535999999999,871.0659271443116,730.6869029998779
88,88,5,draft|draft_verify|target|target_rescue_verify,378.6017894744873,263.60297203063965,1203.1879425048828,575.0,100.0,722.5,1203.1879425048828,1845.4527840100097,1203.1879425048828
88,88,6,draft|draft_verify,343.44005584716797,152.50468254089355,0.0,630.0,86.0,630.932,630.932,496.00480718806153,343.44005584716797
88,88,7,draft|draft_verify,143.8915729522705,159.40237045288086,0.0,716.0,37.0,275.8408,275.8408,303.3539730051514,152.56475134089357
88,88,8,draft|draft_verify,263.40484619140625,174.1044521331787,0.0,753.0,66.0,501.456,501.456,437.56935112458495,263.40484619140625
88,88,9,draft|draft_verify,139.00399208068848,173.89440536499023,0.0,819.0,35.0,269.15840000000003,269.15840000000003,312.9584254456787,174.1645049331787
88,88,10,draft|draft_verify,786.7655754089355,203.61590385437012,0.0,854.0,201.0,1611.9,1611.9,990.4416400633056,786.7655754089355
88,88,11,draft|draft_verify,182.64126777648926,229.22849655151367,0.0,1055.0,47.0,388.8464,388.8464,411.9298019280029,203.67606465437012
88,88,12,draft|draft_verify,67.16418266296387,228.15465927124023,0.0,1102.0,16.0,131.8,457.5032062227539,295.3788547342041,457.5032062227539
89,89,1,draft|draft_verify,110.58688163757324,50.46963691711426,0.0,169.0,29.0,178.7912,110.58688163757324,161.1165417546875,110.58688163757324
89,89,2,draft|draft_verify|target|target_rescue_verify,313.3702278137207,111.57035827636719,419.4045066833496,198.0,83.0,523.5536,579.3988455381835,844.4051591734375,419.4045066833496
89,89,3,draft|draft_verify|target|target_rescue_verify,613.4231090545654,162.98770904541016,851.6898155212402,215.0,162.0,1044.2544,1125.808384122705,1628.1607632212158,851.6898155212402
89,89,4,draft|draft_verify,246.78969383239746,86.34662628173828,0.0,256.0,63.0,404.4,404.4,333.19637051413577,246.78969383239746
89,89,5,draft|draft_verify|target|target_rescue_verify,246.1261749267578,199.81122016906738,1256.542444229126,319.0,63.0,413.7744,1256.542444229126,1702.539889724951,1256.542444229126
89,89,6,draft|draft_verify,241.00017547607422,124.33075904846191,0.0,380.0,63.0,422.8512,422.8512,365.39098492453616,241.00017547607422
89,89,7,draft|draft_verify,58.020830154418945,124.15313720703125,0.0,443.0,15.0,101.2368,124.39080944846191,182.2339793614502,124.39080944846191
89,89,8,draft|draft_verify,366.497278213501,126.19686126708984,0.0,458.0,97.0,673.4775999999999,673.4775999999999,492.7542170805908,366.497278213501
89,89,9,draft|draft_verify,276.7679691314697,130.08785247802734,0.0,555.0,73.0,521.2312000000001,521.2312000000001,406.9158800094971,276.7679691314697
89,89,10,draft|draft_verify,77.87275314331055,131.56795501708984,0.0,628.0,20.0,143.89280000000002,143.89280000000002,209.5007241604004,130.14791087802735
89,89,11,draft|draft_verify|target|target_rescue_verify,162.95862197875977,285.4621410369873,544.0833568572998,648.0,43.0,314.3056,544.0833568572998,992.5641542730468,544.0833568572998
89,89,12,draft|draft_verify|target|target_rescue_verify,334.55753326416016,306.2329292297363,654.0782451629639,670.0,88.0,654.2031999999999,807.3797350148681,1294.9287780568602,654.0782451629639
89,89,13,draft|draft_verify,115.44060707092285,153.0611515045166,0.0,701.0,30.0,222.0336,222.0336,268.56178257543945,153.11646461486816
89,89,14,draft|draft_verify,174.20291900634766,155.21788597106934,0.0,731.0,46.0,345.472,345.472,329.480841777417,174.20291900634766
89,89,15,draft|draft_verify,18.351078033447266,153.81646156311035,0.0,777.0,4.0,28.5688,155.27792277106934,172.22754279655763,155.27792277106934
89,89,16,draft|draft_verify,85.71171760559082,173.45738410949707,0.0,781.0,22.0,166.1968,166.1968,259.22911931508787,153.87646476311036
89,89,17,draft|draft_verify,103.9726734161377,173.51794242858887,0.0,803.0,26.0,198.20000000000002,371.7779632285889,277.5506366447266,347.09536493808594
90,90,1,draft|draft_verify,304.05545234680176,59.89885330200195,0.0,189.0,83.0,521.7824,304.05545234680176,364.0143720488037,304.05545234680176
90,90,2,draft|draft_verify|target|backtracking_verify,606.2338352203369,154.9551486968994,710.7572555541992,272.0,162.0,1066.2792,1143.8169039484496,1472.0063690714355,710.7572555541992
90,90,3,draft|draft_verify|target|target_rescue_verify,718.9357280731201,500.75697898864746,8882.723331451416,740.0,190.0,1469.3560000000002,9133.10182094574,10102.476190513184,9133.10182094574
90,90,4,draft|draft_verify,200.07991790771484,93.14632415771484,0.0,372.0,53.0,353.9528,353.9528,293.2862844654297,200.07991790771484
90,90,5,draft|draft_verify|target|target_rescue_verify,199.3110179901123,250.79059600830078,1298.0835437774658,425.0,53.0,360.5672,1298.0835437774658,1748.2452001758788,1298.0835437774658
90,90,6,draft|draft_verify,344.76661682128906,126.97124481201172,0.0,488.0,91.0,637.576,637.576,471.7979344333008,344.76661682128906
90,90,7,draft|draft_verify|target|target_rescue_verify,282.7637195587158,295.8097457885742,2608.3152294158936,579.0,75.0,539.9904,2608.3152294158936,3186.9487547631834,2608.3152294158936
90,90,8,draft|draft_verify|target|target_rescue_verify,246.29688262939453,307.82151222229004,755.3679943084717,707.0,64.0,479.0968,755.3679943084717,1309.5464403601563,755.3679943084717
90,90,9,draft|draft_verify,156.8596363067627,153.79905700683594,0.0,743.0,41.0,308.63599999999997,308.63599999999997,310.7187261135986,156.8596363067627
90,90,10,draft|draft_verify,200.86050033569336,174.055814743042,0.0,784.0,53.0,405.3704,405.3704,374.97635747873534,200.86050033569336
90,90,11,draft|draft_verify|target|target_rescue_verify,167.87481307983398,355.07941246032715,1033.5943698883057,837.0,44.0,341.2088,1033.5943698883057,1556.608630628467,1033.5943698883057
90,90,12,draft|draft_verify,258.81099700927734,199.18346405029297,0.0,886.0,68.0,538.256,538.256,458.0545154595703,258.81099700927734
90,90,13,draft|draft_verify,254.87136840820312,201.22313499450684,0.0,954.0,65.0,524.6264,524.6264,456.15455540271,254.87136840820312
90,90,14,draft|draft_verify,171.7700958251953,226.48882865905762,0.0,1019.0,44.0,359.9912,359.9912,398.31895968425295,201.28318699450685
90,90,15,draft|draft_verify,282.83190727233887,229.3071746826172,0.0,1063.0,68.0,566.7176,566.7176,512.1991363549561,282.83190727233887
90,90,16,draft|draft_verify,279.1109085083008,255.90848922729492,0.0,1131.0,65.0,551.8136,551.8136,535.0794497355957,279.1109085083008
90,90,17,draft|draft_verify,170.00055313110352,256.4551830291748,0.0,1196.0,44.0,378.25759999999997,378.25759999999997,426.51577136027834,255.96854122729493
90,90,18,draft|draft_verify,90.18254280090332,257.08699226379395,0.0,1240.0,22.0,189.3304,256.5152182291748,347.32955266469725,256.5152182291748
90,90,19,draft|draft_verify|target|target_rescue_verify,282.6993465423584,567.0185089111328,1730.067491531372,1262.0,72.0,634.4592,1730.067491531372,2579.845404584863,1730.067491531372
90,90,20,draft|draft_verify,683.2563877105713,314.11051750183105,0.0,1342.0,171.0,1563.96,1563.96,997.4270420124024,683.2563877105713
90,90,21,draft|draft_verify,449.60951805114746,333.27341079711914,0.0,1513.0,119.0,1128.392,1128.392,782.9430240482666,449.60951805114746
90,90,22,draft|draft_verify|target|target_rescue_verify,162.1243953704834,702.2867202758789,3065.6042098999023,1632.0,42.0,403.73519999999996,3065.6042098999023,3930.0753591462644,3065.6042098999023
90,90,23,draft|draft_verify,729.262113571167,402.00161933898926,0.0,1779.0,192.0,1961.58,1961.58,1131.3238865101562,729.262113571167
90,90,24,draft|draft_verify,155.7762622833252,406.24427795410156,0.0,1971.0,38.0,394.832,808.3660812930908,562.0805706374267,808.3660812930908
91,91,1,draft|draft_verify|target|backtracking_verify,276.9620418548584,63.91310691833496,1769.536018371582,95.0,74.0,447.8864,1769.536018371582,2110.4712263447755,1769.536018371582
91,91,2,draft|draft_verify|target|target_rescue_verify,1833.096981048584,374.04346466064453,5284.945726394653,351.0,473.0,3380.54,6303.6058400928105,7492.146550503881,5471.967458724976
91,91,3,draft|draft_verify|target|target_rescue_verify|backtracking_verify,661.3881587982178,447.61061668395996,4554.452419281006,611.0,171.0,1265.712,4778.257727622986,5663.511331563183,4778.257727622986
91,91,4,draft|draft_verify|target|target_rescue_verify,2089.6682739257812,873.8222122192383,9881.56795501709,1218.0,536.0,4984.664,12300.62157566076,12845.118869962109,10464.116096496582
91,91,5,draft|draft_verify,374.3472099304199,138.81945610046387,0.0,486.0,95.0,665.6576,665.6576,513.2267420308838,374.3472099304199
91,91,6,draft|draft_verify,335.85047721862793,131.75702095031738,0.0,581.0,86.0,620.936,620.936,467.6675669689453,335.85047721862793
91,91,7,draft|draft_verify,424.05128479003906,154.8454761505127,0.0,667.0,109.0,812.6727999999999,812.6727999999999,578.9568481405518,424.05128479003906
91,91,8,draft|draft_verify,302.1976947784424,175.63390731811523,0.0,776.0,76.0,582.76,582.76,477.8916628965576,302.1976947784424
91,91,9,draft|draft_verify,154.5693874359131,175.85301399230957,0.0,852.0,37.0,287.59119999999996,463.50424359230954,330.48243102822266,351.6070117104248
92,92,1,draft|draft_verify,181.2150478363037,31.345129013061523,0.0,75.0,48.0,286.68719999999996,181.2150478363037,212.62021524936523,181.2150478363037
92,92,2,draft|draft_verify,212.01181411743164,29.998779296875,0.0,123.0,56.0,341.372,341.372,242.07063821430663,212.01181411743164
92,92,3,draft|draft_verify|target|target_rescue_verify,334.4581127166748,117.80786514282227,1108.4280014038086,179.0,89.0,558.0632,1108.4280014038086,1560.7540504633057,1108.4280014038086
92,92,4,draft|draft_verify|target|target_rescue_verify,201.62653923034668,135.93387603759766,1076.2150287628174,231.0,53.0,336.356,1076.2150287628174,1413.8354864307616,1076.2150287628174
92,92,5,draft|draft_verify|target|target_rescue_verify,210.36386489868164,173.65050315856934,1087.3706340789795,283.0,53.0,342.84560000000005,1087.3706340789795,1471.4450445362304,1087.3706340789795
92,92,6,draft|draft_verify,205.21855354309082,102.59127616882324,0.0,335.0,52.0,342.6664,342.6664,307.86987131191404,205.21855354309082
92,92,7,draft|draft_verify,202.90637016296387,124.5431900024414,0.0,387.0,52.0,349.0312,349.0312,327.50960176540525,202.90637016296387
92,92,8,draft|draft_verify,120.46575546264648,124.88365173339844,0.0,439.0,29.0,196.9352,321.87887493339844,245.4094303960449,249.54690653583987
93,93,1,draft|draft_verify,157.6986312866211,30.529260635375977,0.0,118.0,42.0,254.75760000000002,157.6986312866211,188.28792552199707,157.6986312866211
93,93,2,draft|draft_verify|target|target_rescue_verify,198.49514961242676,100.2504825592041,700.9484767913818,160.0,54.0,333.74640000000005,700.9484767913818,999.7541521630127,700.9484767913818
93,93,3,draft|draft_verify,117.85626411437988,49.9265193939209,0.0,193.0,32.0,199.2296,199.2296,167.8428091083008,117.85626411437988
93,93,4,draft|draft_verify,123.63266944885254,59.01336669921875,0.0,225.0,32.0,201.6104,201.6104,182.7060617480713,123.63266944885254
93,93,5,draft|draft_verify,143.56088638305664,67.57354736328125,0.0,257.0,36.0,229.74,229.74,211.1944625463379,143.56088638305664
93,93,6,draft|draft_verify,122.22170829772949,85.6635570526123,0.0,293.0,31.0,200.152,200.152,207.9452901503418,122.22170829772949
93,93,7,draft|draft_verify,95.68190574645996,78.63855361938477,0.0,324.0,25.0,162.8824,162.8824,174.38047936584474,95.68190574645996
93,93,8,draft|draft_verify,66.3309097290039,91.32266044616699,0.0,349.0,17.0,111.30799999999999,111.30799999999999,157.7135837751709,78.69857361938476
93,93,9,draft|draft_verify,124.09448623657227,92.07773208618164,0.0,366.0,32.0,212.1008,212.1008,216.23224392275392,124.09448623657227
93,93,10,draft|draft_verify,20.00284194946289,92.32401847839355,0.0,398.0,5.0,32.5448,92.13775768618164,112.38686442785644,92.13775768618164
93,93,11,draft|draft_verify,189.77952003479004,125.1990795135498,0.0,403.0,51.0,344.16,344.16,315.03864034833987,189.77952003479004
93,93,12,draft|draft_verify,83.44697952270508,124.79090690612793,0.0,454.0,22.0,149.716,149.716,208.297904028833,125.2591203135498
93,93,13,draft|draft_verify,121.32501602172852,127.24447250366211,0.0,476.0,32.0,220.28480000000002,220.28480000000002,248.62951412539064,124.85092450612792
93,93,14,draft|draft_verify,17.20881462097168,142.08102226257324,0.0,508.0,4.0,26.632,127.30449810366211,159.34984008354493,127.30449810366211
93,93,15,draft|draft_verify,198.93288612365723,127.96926498413086,0.0,512.0,51.0,357.24,357.24,326.9621919077881,198.93288612365723
93,93,16,draft|draft_verify,35.63356399536133,127.11834907531738,0.0,563.0,9.0,62.556000000000004,128.02930578413086,162.8119202706787,128.02930578413086
93,93,17,draft|draft_verify,94.39659118652344,127.838134765625,0.0,572.0,24.0,169.99679999999998,169.99679999999998,222.29474515214844,127.17835627531738
93,93,18,draft|draft_verify,28.420448303222656,129.49776649475098,0.0,596.0,7.0,48.812799999999996,127.898153965625,157.97822039797364,127.898153965625
93,93,19,draft|draft_verify,54.78930473327637,129.72545623779297,0.0,603.0,14.0,99.392,129.557772094751,184.57477217106933,129.557772094751
93,93,20,draft|draft_verify,32.36675262451172,129.83322143554688,0.0,617.0,8.0,56.3528,129.78546743779296,162.25998046005859,129.78546743779296
93,93,21,draft|draft_verify,36.80610656738281,130.3400993347168,0.0,625.0,9.0,63.7464,129.89322783554687,167.2062131020996,129.89322783554687
93,93,22,draft|draft_verify,73.26579093933105,132.1890354156494,0.0,634.0,18.0,129.55440000000002,262.6491563503662,205.51484075498047,262.6491563503662
94,94,1,draft|draft_verify,173.7687587738037,30.538558959960938,0.0,111.0,46.0,278.512,173.7687587738037,204.36735453376465,173.7687587738037
94,94,2,draft|draft_verify,330.71303367614746,59.213876724243164,0.0,157.0,88.0,547.0888,547.0888,389.9869808003906,330.71303367614746
94,94,3,draft|draft_verify,119.88711357116699,58.98451805114746,0.0,245.0,32.0,203.0984,203.0984,178.93165722231447,119.88711357116699
94,94,4,draft|draft_verify|target|target_rescue_verify,210.97755432128906,163.18964958190918,1347.3377227783203,277.0,55.0,355.16319999999996,1347.3377227783203,1721.5649706815186,1347.3377227783203
94,94,5,draft|draft_verify,112.82896995544434,101.78041458129883,0.0,340.0,27.0,177.03840000000002,177.03840000000002,214.66940613674316,112.82896995544434
94,94,6,draft|draft_verify,106.52589797973633,95.0479507446289,0.0,367.0,28.0,185.40879999999999,185.40879999999999,201.6338711243652,106.52589797973633
94,94,7,draft|draft_verify|target|target_rescue_verify,707.4506282806396,252.7158260345459,736.3862991333008,395.0,182.0,1255.7984000000001,1382.216458617273,1696.6128990484863,833.8686868979125
94,94,8,draft|draft_verify,159.49678421020508,124.87506866455078,0.0,430.0,42.0,285.4584,285.4584,284.43188647475586,159.49678421020508
94,94,9,draft|draft_verify,174.89361763000488,126.63722038269043,0.0,472.0,45.0,310.5192,310.5192,301.5908740126953,174.89361763000488
94,94,10,draft|draft_verify,43.74241828918457,142.27843284606934,0.0,517.0,11.0,75.68,126.69725638269043,186.0808599352539,126.69725638269043
94,94,11,draft|draft_verify,62.073469161987305,135.911226272583,0.0,528.0,15.0,104.09280000000001,278.30967991865236,198.0447074345703,278.30967991865236
95,95,1,draft|draft_verify|target|target_rescue_verify,552.4942874908447,117.11931228637695,1491.1775588989258,122.0,143.0,886.7648,1491.1775588989258,2160.8512730761477,1491.1775588989258
95,95,2,draft|draft_verify,511.75880432128906,86.21883392333984,0.0,194.0,135.0,858.9984,858.9984,598.0377462446289,511.75880432128906
95,95,3,draft|draft_verify,863.7933731079102,149.11508560180664,0.0,329.0,226.0,1535.92,1535.92,1012.9686395097168,863.7933731079102
95,95,4,draft|draft_verify,893.4023380279541,154.1750431060791,0.0,555.0,226.0,1657.96,1657.96,1047.6375619340333,893.4023380279541
95,95,5,draft|draft_verify,910.5050563812256,202.01992988586426,0.0,781.0,226.0,1780.0,1780.0,1112.58516706709,910.5050563812256
95,95,6,draft|draft_verify,907.7026844024658,254.99844551086426,0.0,1007.0,226.0,1902.04,1902.04,1162.7613107133302,907.7026844024658
95,95,7,draft|draft_verify,907.5398445129395,306.5519332885742,0.0,1233.0,226.0,2024.08,2024.08,1214.1519586015138,907.5398445129395
95,95,8,draft|draft_verify,881.9286823272705,327.451229095459,0.0,1459.0,226.0,2146.12,2146.12,1209.4400922227296,881.9286823272705
95,95,9,draft|draft_verify,1194.7505474090576,392.4391269683838,0.0,1685.0,226.0,2268.16,2268.16,1587.2498551774413,1194.7505474090576
95,95,10,draft|draft_verify,866.5540218353271,433.87556076049805,0.0,1911.0,226.0,2390.2,2824.135741560498,1300.4897633958253,1300.4897633958253
96,96,1,draft|draft_verify,168.40672492980957,30.19547462463379,0.0,82.0,42.0,251.2152,168.40672492980957,198.66223315444336,168.40672492980957
96,96,2,draft|draft_verify,230.13663291931152,46.486854553222656,0.0,124.0,59.0,360.0272,360.0272,276.68353467253417,230.13663291931152
96,96,3,draft|draft_verify,19.496679306030273,50.18782615661621,0.0,183.0,5.0,30.480800000000002,46.546901753222656,69.74450946264648,46.546901753222656
96,96,4,draft|draft_verify,96.07148170471191,49.87382888793945,0.0,188.0,26.0,161.3,161.3,146.00533139265139,96.07148170471191
96,96,5,draft|draft_verify,33.827781677246094,50.452470779418945,0.0,214.0,9.0,55.8552,55.8552,84.34025965666504,49.93384968793945
96,96,6,draft|draft_verify,95.88027000427246,59.580087661743164,0.0,223.0,26.0,163.4,163.4,155.52037846601564,95.88027000427246
96,96,7,draft|draft_verify,50.07195472717285,59.526681900024414,0.0,249.0,13.0,81.97840000000001,81.97840000000001,109.65864702719728,59.64010846174316
96,96,8,draft|draft_verify|target|target_rescue_verify,95.47233581542969,122.39909172058105,524.5547294616699,262.0,25.0,159.31119999999999,524.5547294616699,742.4861769976807,524.5547294616699
96,96,9,draft|draft_verify,74.34535026550293,76.71546936035156,0.0,284.0,19.0,121.7392,121.7392,151.1208348258545,74.34535026550293
96,96,10,draft|draft_verify,61.48505210876465,76.88307762145996,0.0,303.0,16.0,103.036,103.036,138.42814253022462,76.77548456035156
96,96,11,draft|draft_verify,59.003591537475586,76.79486274719238,0.0,319.0,15.0,97.0704,97.0704,135.85846628466797,76.94309042145996
96,96,12,draft|draft_verify,76.0960578918457,91.78829193115234,0.0,334.0,20.0,130.4864,130.4864,167.94436582299807,76.85487474719238
96,96,13,draft|draft_verify|target|target_rescue_verify,514.3313407897949,221.14896774291992,1221.5259075164795,354.0,133.0,896.6344,1221.5259075164795,1957.0663224491943,1221.5259075164795
96,96,14,draft|draft_verify|target|target_rescue_verify,1910.4766845703125,331.77661895751953,2656.5074920654297,413.0,506.0,3711.632,3877.58071427876,4898.821200393262,2656.5074920654297
96,96,15,draft|draft_verify,34.32726860046387,126.67322158813477,0.0,544.0,7.0,48.064,165.88830947875977,161.06049578859864,165.88830947875977
96,96,16,draft|draft_verify,69.08416748046875,127.88820266723633,0.0,551.0,18.0,126.168,126.73322718813476,197.03238454770508,126.73322718813476
96,96,17,draft|draft_verify,306.8656921386719,132.16781616210938,0.0,569.0,81.0,581.9639999999999,581.9639999999999,439.09357310078127,306.8656921386719
96,96,18,draft|draft_verify|target|target_rescue_verify,96.97461128234863,304.9030303955078,603.2400131225586,650.0,25.0,181.66,603.2400131225586,1005.177674800415,603.2400131225586
96,96,19,draft|draft_verify,78.9482593536377,157.5007438659668,0.0,678.0,20.0,146.1728,152.4515151977539,236.5090192196045,152.4515151977539
96,96,20,draft|draft_verify,28.434276580810547,152.12774276733398,0.0,698.0,7.0,50.2816,157.5607598659668,180.62202494814454,157.5607598659668
96,96,21,draft|draft_verify,104.23469543457031,152.94528007507324,0.0,705.0,27.0,199.8144,199.8144,257.2399971096436,152.187748367334
96,96,22,draft|draft_verify,81.31837844848633,153.3815860748291,0.0,732.0,21.0,156.18,156.18,234.75998132331543,153.00530167507324
96,96,23,draft|draft_verify,81.56132698059082,154.47664260864258,0.0,753.0,21.0,157.188,157.188,236.0979863892334,153.4416028748291
96,96,24,draft|draft_verify,119.82941627502441,173.3536720275879,0.0,774.0,31.0,234.784,234.784,293.2431131026123,154.53665940864258
96,96,25,draft|draft_verify,138.36669921875,176.38206481933594,0.0,805.0,36.0,275.772,275.772,314.80879283808594,173.4136968275879
96,96,26,draft|draft_verify,94.01726722717285,177.69694328308105,0.0,841.0,23.0,177.032,354.7889616830811,271.7742289102539,354.199055302417
97,97,1,draft|draft_verify,162.54305839538574,29.792308807373047,0.0,104.0,42.0,253.38000000000002,162.54305839538574,192.3954008027588,162.54305839538574
97,97,2,draft|draft_verify,206.89988136291504,49.91722106933594,0.0,146.0,57.0,350.63280000000003,350.63280000000003,256.87714803225094,206.89988136291504
97,97,4,draft|draft_verify,52.09684371948242,59.76080894470215,0.0,276.0,13.0,82.756,82.756,111.91766306418458,52.09684371948242
97,97,5,draft|draft_verify,685.863733291626,125.14805793762207,0.0,289.0,177.0,1175.436,1175.436,811.071932829248,685.863733291626
97,97,6,draft|draft_verify,442.7363872528076,127.29477882385254,0.0,466.0,115.0,803.3296,803.3296,570.0912580766601,442.7363872528076
97,97,7,draft|draft_verify,317.89684295654297,130.92279434204102,0.0,581.0,83.0,598.928,598.928,448.87970369858397,317.89684295654297
97,97,8,draft|draft_verify,313.0166530609131,153.48076820373535,0.0,664.0,83.0,615.2624,615.2624,466.5574876646484,313.0166530609131
97,97,9,draft|draft_verify,317.58642196655273,173.77305030822754,0.0,747.0,83.0,631.5968,631.5968,491.41953867478026,317.58642196655273
97,97,10,draft|draft_verify,315.29831886291504,177.47974395751953,0.0,830.0,83.0,647.9312,647.9312,492.83812922043455,315.29831886291504
97,97,11,draft|draft_verify,317.4104690551758,199.81741905212402,0.0,913.0,83.0,664.2656,664.2656,517.2879545072998,317.4104690551758
97,97,12,draft|draft_verify,317.0599937438965,222.39160537719727,0.0,996.0,83.0,680.6,680.6,539.5116655210937,317.0599937438965
97,97,13,draft|draft_verify,327.8665542602539,230.5006980895996,0.0,1079.0,83.0,696.9344,696.9344,558.4273187498535,327.8665542602539
97,97,14,draft|draft_verify,316.61128997802734,257.4946880340576,0.0,1162.0,83.0,713.2688,713.2688,574.166044412085,316.61128997802734
97,97,15,draft|draft_verify,323.4837055206299,276.6845226287842,0.0,1245.0,83.0,729.6032,729.6032,600.228294549414,323.4837055206299
97,97,16,draft|draft_verify,327.1763324737549,281.0554504394531,0.0,1328.0,83.0,745.9376,745.9376,608.291849313208,327.1763324737549
97,97,17,draft|draft_verify,334.3191146850586,310.86206436157227,0.0,1411.0,83.0,762.2719999999999,762.2719999999999,645.2412454466308,334.3191146850586
97,97,18,draft|draft_verify,316.4546489715576,329.50377464294434,0.0,1494.0,83.0,778.6063999999999,778.6063999999999,646.0184900145019,316.4546489715576
97,97,19,draft|draft_verify,317.49606132507324,329.1029930114746,0.0,1577.0,83.0,794.9408,794.9408,646.6591207365478,329.5638410429443
97,97,20,draft|draft_verify,319.3845748901367,348.4797477722168,0.0,1660.0,83.0,811.2752,811.2752,667.9243890623535,329.1630594114746
97,97,21,draft|draft_verify,321.92087173461914,388.06700706481934,0.0,1743.0,83.0,827.6096,827.6096,710.0479451994385,348.5398141722168
97,97,22,draft|draft_verify,316.78247451782227,392.7180767059326,0.0,1826.0,83.0,843.944,843.944,709.5606176237549,388.1270734648193
97,97,23,draft|draft_verify,319.38648223876953,403.14412117004395,0.0,1909.0,83.0,860.2783999999999,860.2783999999999,722.5906698088135,392.7781431059326
97,97,24,draft|draft_verify,317.474365234375,432.0805072784424,0.0,1992.0,83.0,876.6128,1308.7533736784424,749.6149389128174,835.3447612484863
98,98,1,draft|draft_verify,151.52907371520996,46.83542251586914,0.0,145.0,41.0,251.228,151.52907371520996,198.4245290310791,151.52907371520996
98,98,2,draft|draft_verify,385.1191997528076,60.610294342041016,0.0,186.0,99.0,623.6496,623.6496,445.78957329484865,385.1191997528076
98,98,3,draft|draft_verify,210.94584465026855,76.19524002075195,0.0,285.0,53.0,343.09520000000003,343.09520000000003,287.2011270710205,210.94584465026855
98,98,4,draft|draft_verify,487.49732971191406,125.55408477783203,0.0,338.0,125.0,836.6888,836.6888,613.111514489746,487.49732971191406
98,98,5,draft|draft_verify,330.26933670043945,136.31534576416016,0.0,463.0,83.0,575.7056,575.7056,466.6447488645996,330.26933670043945
98,98,6,draft|draft_verify,151.6270637512207,127.73489952087402,0.0,546.0,39.0,275.4336,275.4336,279.42199447209475,151.6270637512207
98,98,7,draft|draft_verify|target|target_rescue_verify,412.98913955688477,285.51650047302246,1537.5595092773438,585.0,108.0,784.0152,1537.5595092773438,2236.125235707251,1537.5595092773438
98,98,8,draft|draft_verify,219.20275688171387,152.3432731628418,0.0,654.0,57.0,418.908,418.908,371.60607564455563,219.20275688171387
98,98,9,draft|draft_verify,66.34378433227539,158.94794464111328,0.0,711.0,15.0,110.2416,311.4112754039551,225.35174097338867,311.4112754039551
99,99,1,draft|draft_verify,383.26382637023926,50.61221122741699,0.0,124.0,105.0,646.7544,383.26382637023926,433.93612159765627,383.26382637023926
99,99,2,draft|draft_verify,95.52669525146484,58.984994888305664,0.0,229.0,26.0,163.76000000000002,163.76000000000002,154.57171093977053,95.52669525146484
99,99,3,draft|draft_verify,46.42343521118164,59.598445892333984,0.0,255.0,12.0,75.7704,75.7704,106.08189070351563,59.04501568830566
99,99,4,draft|draft_verify,88.82975578308105,60.0123405456543,0.0,267.0,23.0,146.72480000000002,146.72480000000002,148.90211472873534,88.82975578308105
99,99,5,draft|draft_verify,42.38390922546387,60.17732620239258,0.0,290.0,11.0,70.232,70.232,102.62124422785644,60.072358945654294
99,99,6,draft|draft_verify,76.21407508850098,76.15900039672852,0.0,301.0,20.0,128.98160000000001,128.98160000000001,152.4330914852295,76.21407508850098
99,99,7,draft|draft_verify|target|target_rescue_verify,436.80310249328613,227.74410247802734,1960.1469039916992,321.0,116.0,770.444,1960.1469039916992,2624.7542017630126,1960.1469039916992
99,99,8,draft|draft_verify,345.39341926574707,142.4863338470459,0.0,414.0,86.0,586.868,586.868,487.939821912793,345.39341926574707
99,99,9,draft|draft_verify,77.22854614257812,141.754150390625,0.0,500.0,20.0,138.056,142.5464026470459,219.04271253320314,142.5464026470459
99,99,10,draft|draft_verify,247.8182315826416,127.83312797546387,0.0,520.0,65.0,457.964,457.964,375.7114115581055,247.8182315826416
99,99,11,draft|draft_verify,44.10815238952637,127.88200378417969,0.0,585.0,11.0,77.312,127.89317997546387,172.05016497370605,127.89317997546387
99,99,12,draft|draft_verify,130.23900985717773,130.8572292327881,0.0,596.0,33.0,236.46,236.46,261.1562654899658,130.23900985717773
99,99,13,draft|draft_verify,43.17641258239746,130.06043434143066,0.0,629.0,11.0,78.368,130.91725563278808,173.29685572382812,130.91725563278808
99,99,14,draft|draft_verify,127.57158279418945,151.6098976135254,0.0,640.0,33.0,239.8392,239.8392,279.2415068077148,130.12044314143066
99,99,15,draft|draft_verify,44.45767402648926,150.91657638549805,0.0,673.0,11.0,79.424,151.6699240135254,195.4342592119873,151.6699240135254
99,99,16,draft|draft_verify,125.78415870666504,152.44793891906738,0.0,684.0,33.0,243.2184,243.2184,278.2921240257324,150.97658518549804
99,99,17,draft|draft_verify,43.62750053405762,152.0242691040039,0.0,717.0,11.0,80.47999999999999,152.50796531906738,195.71177843806151,152.50796531906738
99,99,18,draft|draft_verify,130.9189796447754,154.3114185333252,0.0,728.0,34.0,254.164,254.164,285.2904253781006,152.0842779040039
99,99,19,draft|draft_verify,44.28982734680176,154.07514572143555,0.0,762.0,11.0,81.56,154.3714457333252,198.4249818682373,154.3714457333252
99,99,20,draft|draft_verify,134.83238220214844,166.3074493408203,0.0,773.0,35.0,265.4048,265.4048,301.19985954296874,154.13515452143554
99,99,21,draft|draft_verify,44.18039321899414,173.95496368408203,0.0,808.0,11.0,82.664,166.3674773408203,218.19536570307616,166.3674773408203
99,99,22,draft|draft_verify,135.11180877685547,177.78277397155762,0.0,819.0,35.0,269.15840000000003,269.15840000000003,312.9546107484131,174.01497248408202
99,99,23,draft|draft_verify,44.80934143066406,175.48704147338867,0.0,854.0,11.0,83.768,177.8428019715576,220.35639170405273,177.8428019715576
99,99,24,draft|draft_verify,134.8099708557129,178.80630493164062,0.0,865.0,35.0,272.912,272.912,313.6763037873535,175.54705027338866
99,99,25,draft|draft_verify,47.719478607177734,199.5868682861328,0.0,900.0,12.0,92.79839999999999,178.8663329316406,247.36635649331055,178.8663329316406
99,99,26,draft|draft_verify|target|target_rescue_verify,145.3549861907959,402.30369567871094,915.8735275268555,912.0,38.0,300.7928,915.8735275268555,1463.5922397963623,915.8735275268555
99,99,27,draft|draft_verify,49.35026168823242,199.93352890014648,0.0,949.0,12.0,94.09199999999998,201.15184783935547,249.3438001883789,201.15184783935547
99,99,28,draft|draft_verify,142.27533340454102,202.9736042022705,0.0,961.0,37.0,297.00879999999995,297.00879999999995,345.30896720681153,199.99353850014649
99,99,29,draft|draft_verify,50.08220672607422,205.81793785095215,0.0,998.0,12.0,95.3856,203.03363380227051,255.96015417702637,203.03363380227051
99,99,30,draft|draft_verify,141.47448539733887,227.24509239196777,0.0,1010.0,37.0,301.2424,301.2424,368.77960738930665,205.87794745095215
99,99,31,draft|draft_verify,48.30288887023926,226.96280479431152,0.0,1047.0,12.0,96.6792,227.30512199196778,275.3257032645508,227.30512199196778
99,99,32,draft|draft_verify,144.5314884185791,224.81942176818848,0.0,1059.0,37.0,305.476,305.476,369.4109397867676,227.02281439431152
99,99,33,draft|draft_verify,53.71379852294922,230.84115982055664,0.0,1096.0,12.0,97.97279999999999,224.87945136818848,284.61496794350586,224.87945136818848
99,99,34,draft|draft_verify,152.7996063232422,255.99288940429688,0.0,1108.0,37.0,309.70959999999997,309.70959999999997,408.85252532753907,230.90116942055664
99,99,35,draft|draft_verify,49.61371421813965,255.86223602294922,0.0,1145.0,12.0,99.26639999999999,256.0529190042969,305.53595984108887,256.0529190042969
99,99,36,draft|draft_verify,142.03858375549316,257.51543045043945,0.0,1157.0,37.0,313.9432,313.9432,399.6140438059326,255.92224562294922
99,99,37,draft|draft_verify,50.08196830749512,248.49271774291992,0.0,1194.0,12.0,100.55999999999999,257.57546005043946,298.63469565041504,257.57546005043946
99,99,38,draft|draft_verify,157.97877311706543,259.20557975769043,0.0,1206.0,37.0,318.17679999999996,318.17679999999996,417.24438247475587,248.55272734291992
99,99,39,draft|draft_verify,48.29859733581543,258.3460807800293,0.0,1243.0,12.0,101.8536,259.26560935769044,306.7046877158447,259.26560935769044
99,99,40,draft|draft_verify,148.58317375183105,279.862642288208,0.0,1255.0,37.0,322.4104,322.4104,428.50584564003907,258.4060903800293
99,99,41,draft|draft_verify,48.9039421081543,277.4384021759033,0.0,1292.0,12.0,103.1472,279.922671888208,326.4023538840576,279.922671888208
99,99,42,draft|draft_verify,147.85361289978027,279.06250953674316,0.0,1304.0,37.0,326.644,326.644,426.97615203652344,277.4984117759033
99,99,43,draft|draft_verify,51.01299285888672,279.965877532959,0.0,1341.0,12.0,104.4408,279.12253913674317,331.0388799918457,279.12253913674317
99,99,44,draft|draft_verify,150.72226524353027,308.8541030883789,0.0,1353.0,37.0,330.8776,330.8776,459.6363979319092,280.025887132959
99,99,45,draft|draft_verify,50.11725425720215,309.43870544433594,0.0,1390.0,12.0,105.7344,308.9141326883789,359.6159693015381,308.9141326883789
99,99,46,draft|draft_verify,145.88069915771484,314.50796127319336,0.0,1402.0,37.0,335.1112,335.1112,460.4486900309082,309.49871504433594
99,99,47,draft|draft_verify,49.54051971435547,313.0784034729004,0.0,1439.0,12.0,107.02799999999999,314.56799087319337,362.67893278725586,314.56799087319337
99,99,48,draft|draft_verify,147.4015712738037,316.38622283935547,0.0,1451.0,37.0,339.34479999999996,339.34479999999996,463.8478237131592,313.1384130729004
99,99,49,draft|draft_verify,50.675392150878906,331.45666122436523,0.0,1488.0,12.0,108.32159999999999,316.4462524393555,382.19206297524414,316.4462524393555
99,99,50,draft|draft_verify,151.60274505615234,333.18042755126953,0.0,1500.0,37.0,343.5784,343.5784,484.8432022074219,331.51667082436524
99,99,51,draft|draft_verify,51.484107971191406,332.486629486084,0.0,1537.0,12.0,109.61519999999999,333.24045715126954,384.0307470572754,333.24045715126954
99,99,52,draft|draft_verify,151.383638381958,335.16621589660645,0.0,1549.0,37.0,347.812,347.812,486.60988387856446,332.546639086084
99,99,53,draft|draft_verify,51.07736587524414,328.2766342163086,0.0,1586.0,12.0,110.90879999999999,335.22624549660645,379.41400969155274,335.22624549660645
99,99,54,draft|draft_verify,147.71056175231934,352.1759510040283,0.0,1598.0,37.0,352.0456,352.0456,499.94654235634766,328.3366438163086
99,99,55,draft|draft_verify,52.20675468444824,353.360652923584,0.0,1635.0,12.0,112.20239999999998,352.2359806040283,405.6274172080322,352.2359806040283
99,99,56,draft|draft_verify,149.8861312866211,363.8877868652344,0.0,1647.0,37.0,356.27919999999995,356.27919999999995,513.8339477518555,353.420662523584
99,99,57,draft|draft_verify,52.16240882873535,362.119197845459,0.0,1684.0,12.0,113.49599999999998,363.9478164652344,414.34161627419434,363.9478164652344
99,99,58,draft|draft_verify,153.70702743530273,390.4135227203369,0.0,1696.0,37.0,360.51279999999997,362.179207445459,544.1805797556397,362.179207445459
99,99,59,draft|draft_verify,51.60236358642578,389.9273872375488,0.0,1733.0,12.0,114.78959999999998,390.4735523203369,441.5897604239746,390.4735523203369
99,99,60,draft|draft_verify,149.72662925720215,391.42537117004395,0.0,1745.0,37.0,364.7464,389.98739683754883,541.2120300272461,389.98739683754883
99,99,61,draft|draft_verify,52.2005558013916,393.54681968688965,0.0,1782.0,12.0,116.08319999999999,391.48540077004395,445.80738508828125,391.48540077004395
99,99,62,draft|draft_verify,148.14043045043945,395.65086364746094,0.0,1794.0,37.0,368.98,393.60682928688965,543.8513236979004,393.60682928688965
99,99,63,draft|draft_verify,51.642656326293945,395.4901695251465,0.0,1831.0,12.0,117.37679999999999,395.71089324746094,447.19283545144043,395.71089324746094
99,99,64,draft|draft_verify,148.94914627075195,406.8171977996826,0.0,1843.0,37.0,373.2136,395.5501791251465,555.8263736704346,395.5501791251465
99,99,65,draft|draft_verify,51.50175094604492,406.6815376281738,0.0,1880.0,12.0,118.67039999999999,406.8772273996826,458.24329817421875,406.8772273996826
99,99,66,draft|draft_verify,147.3977565765381,410.109281539917,0.0,1892.0,37.0,377.44719999999995,406.74154722817383,557.5670677164551,406.74154722817383
99,99,67,draft|draft_verify,51.364898681640625,407.69028663635254,0.0,1929.0,12.0,119.964,410.169311139917,459.11519491799316,410.169311139917
99,99,68,draft|draft_verify,144.97137069702148,437.9768371582031,0.0,1941.0,37.0,381.6808,407.75029623635254,583.0082374552246,407.75029623635254
99,99,69,draft|draft_verify,51.21731758117676,425.7359504699707,0.0,1978.0,12.0,121.2576,438.03686675820313,477.01327765114746,438.03686675820313
99,99,70,draft|draft_verify,153.20730209350586,424.26562309265137,0.0,1990.0,37.0,385.9144,425.7959600699707,577.5329547861572,425.7959600699707
99,99,71,draft|draft_verify,50.948381423950195,427.69479751586914,0.0,2027.0,12.0,122.5512,424.3256526926514,478.70318853981934,424.3256526926514
99,99,72,draft|draft_verify,147.4752426147461,424.9699115753174,0.0,2039.0,37.0,390.14799999999997,852.7847482911866,572.5051837900635,852.7847482911866
100,100,1,draft|draft_verify|target|target_rescue_verify,205.7504653930664,60.1959228515625,1101.9518375396729,92.0,56.0,337.28,1101.9518375396729,1367.9582705843018,1101.9518375396729
100,100,2,draft|draft_verify,186.22875213623047,52.63519287109375,0.0,144.0,49.0,300.6712,300.6712,238.92398420732422,186.22875213623047
100,100,3,draft|draft_verify,632.256269454956,86.41600608825684,0.0,193.0,163.0,1042.3456,1042.3456,718.7324059432129,632.256269454956
100,100,4,draft|draft_verify,145.92814445495605,98.38175773620605,0.0,356.0,37.0,244.7368,244.7368,244.36993179116212,145.92814445495605
100,100,5,draft|draft_verify,162.85252571105957,124.85361099243164,0.0,393.0,42.0,281.8176,281.8176,287.7661703034912,162.85252571105957
100,100,6,draft|draft_verify,143.63980293273926,126.59430503845215,0.0,435.0,34.0,230.95839999999998,230.95839999999998,270.29413517119144,143.63980293273926
100,100,7,draft|draft_verify,152.75025367736816,126.98173522949219,0.0,469.0,40.0,275.3704,275.3704,279.79202090686033,152.75025367736816
100,100,8,draft|draft_verify,341.1269187927246,128.33595275878906,0.0,509.0,89.0,627.7592,627.7592,469.52294275151365,341.1269187927246
100,100,9,draft|draft_verify,595.8755016326904,154.08086776733398,0.0,598.0,156.0,1146.912,1146.912,750.0164942000245,595.8755016326904
100,100,10,draft|draft_verify,202.97551155090332,176.09763145446777,0.0,754.0,53.0,401.6264,401.6264,379.1331854053711,202.97551155090332
100,100,11,draft|draft_verify,188.6577606201172,175.02427101135254,0.0,807.0,47.0,361.46720000000005,361.46720000000005,363.7420692314697,188.6577606201172
100,100,12,draft|draft_verify|target|target_rescue_verify,147.36080169677734,359.8315715789795,1446.5663433074951,854.0,38.0,295.6424,1446.5663433074951,1953.818746983252,1446.5663433074951
100,100,13,draft|draft_verify,116.2419319152832,201.36690139770508,0.0,917.0,29.0,229.0568,229.0568,317.66885651298827,179.91578578948975
100,100,14,draft|draft_verify,243.41273307800293,203.48310470581055,0.0,946.0,63.0,507.072,507.072,446.9558881838135,243.41273307800293
100,100,15,draft|draft_verify,113.9223575592041,205.50060272216797,0.0,1009.0,29.0,235.23919999999998,235.23919999999998,319.48298348137206,203.54315510581054
100,100,16,draft|draft_verify,241.2261962890625,229.72583770751953,0.0,1038.0,63.0,520.7616,520.7616,471.01208439658205,241.2261962890625
100,100,17,draft|draft_verify,113.3577823638916,229.8579216003418,0.0,1101.0,29.0,241.4216,241.4216,343.2757271642334,229.78588810751953
100,100,18,draft|draft_verify,244.63820457458496,257.2343349456787,0.0,1130.0,63.0,534.4512,534.4512,501.9325899202637,244.63820457458496
100,100,19,draft|draft_verify,118.69072914123535,258.944034576416,0.0,1193.0,29.0,247.60399999999998,257.29438534567873,377.69478691765136,257.29438534567873
100,100,20,draft|draft_verify,242.87033081054688,260.44774055480957,0.0,1222.0,63.0,548.1408,548.1408,503.37812176535647,259.004057776416
100,100,21,draft|draft_verify,118.38746070861816,281.4514636993408,0.0,1285.0,29.0,253.78640000000001,260.5077909548096,399.898947607959,260.5077909548096
100,100,22,draft|draft_verify,241.63079261779785,281.4488410949707,0.0,1314.0,63.0,561.8304,561.8304,523.1396841127686,281.5114868993408
100,100,23,draft|draft_verify,113.82699012756348,280.6422710418701,0.0,1377.0,29.0,259.9688,281.5088914949707,394.5292843694336,281.5088914949707
100,100,24,draft|draft_verify,242.4488067626953,313.2820129394531,0.0,1406.0,63.0,575.52,575.52,555.7908701021485,280.7022942418701
100,100,25,draft|draft_verify,113.56616020202637,315.8698081970215,0.0,1469.0,29.0,266.1512,313.34206333945315,429.49599159904784,313.34206333945315
100,100,26,draft|draft_verify,242.99001693725586,332.5157165527344,0.0,1498.0,63.0,589.2096,589.2096,575.5657838899903,315.9298313970215
100,100,27,draft|draft_verify,113.00349235534668,333.2867622375488,0.0,1561.0,29.0,272.3336,332.5757669527344,446.3502777928955,332.5757669527344
100,100,28,draft|draft_verify,240.94867706298828,331.5291404724121,0.0,1590.0,63.0,602.8992,602.8992,572.5378679354004,333.3467854375488
100,100,29,draft|draft_verify,114.0756607055664,354.128360748291,0.0,1653.0,29.0,278.516,331.58919087241213,468.2640446538574,331.58919087241213
100,100,30,draft|draft_verify,242.86222457885742,363.87157440185547,0.0,1682.0,63.0,616.5888,616.5888,606.7938493807129,354.188383948291
100,100,31,draft|draft_verify,114.02058601379395,364.9749755859375,0.0,1745.0,29.0,284.6984,363.9316248018555,479.05558479973143,363.9316248018555
100,100,32,draft|draft_verify,241.5781021118164,392.3313617706299,0.0,1774.0,63.0,630.2783999999999,630.2783999999999,633.9695142824463,365.0349987859375
100,100,33,draft|draft_verify,119.11988258361816,396.58570289611816,0.0,1837.0,29.0,290.8808,392.3914121706299,515.7656086797364,392.3914121706299
100,100,34,draft|draft_verify,246.50049209594727,408.6577892303467,0.0,1866.0,64.0,654.3376,654.3376,655.2183325262939,396.64572609611815
100,100,35,draft|draft_verify,118.9720630645752,408.91432762145996,0.0,1930.0,30.0,307.572,408.71784043034666,527.9464146860352,408.71784043034666
100,100,36,draft|draft_verify,246.1566925048828,412.57572174072266,0.0,1960.0,64.0,668.5504,668.5504,658.7924654456054,408.97435162145996
100,100,37,draft|draft_verify,119.00949478149414,425.2898693084717,0.0,2024.0,30.0,314.11440000000005,837.9856662491943,544.3593880899658,837.9856662491943
101,101,1,draft|draft_verify,308.7787628173828,50.722360610961914,0.0,112.0,85.0,519.0472,308.7787628173828,359.5611914283447,308.7787628173828
101,101,2,draft|draft_verify,52.015066146850586,50.17685890197754,0.0,197.0,14.0,86.7248,86.7248,102.25193624882812,52.015066146850586
101,101,3,draft|draft_verify,149.9018669128418,59.30829048156738,0.0,211.0,41.0,257.564,257.564,209.27019019440917,149.9018669128418
101,101,4,draft|draft_verify,30.978918075561523,59.370994567871094,0.0,252.0,8.0,50.220800000000004,59.368323281567385,90.40991904343261,59.368323281567385
101,101,5,draft|draft_verify,129.8043727874756,60.2717399597168,0.0,260.0,34.0,217.0984,217.0984,190.1361399471924,129.8043727874756
101,101,6,draft|draft_verify,417.9074764251709,93.41907501220703,0.0,294.0,108.0,709.2864000000001,709.2864000000001,511.3866378373779,417.9074764251709
101,101,7,draft|draft_verify,491.8174743652344,144.33884620666504,0.0,402.0,125.0,855.7352,855.7352,636.2164205718993,491.8174743652344
101,101,8,draft|draft_verify,289.4253730773926,128.3411979675293,0.0,527.0,77.0,545.1272,545.1272,417.82663264492186,289.4253730773926
101,101,9,draft|draft_verify,47.225236892700195,130.58829307556152,0.0,604.0,11.0,77.768,259.04956144309085,177.8735387682617,259.04956144309085
102,102,1,draft|draft_verify,132.2951316833496,29.747962951660156,0.0,111.0,36.0,217.476,132.2951316833496,162.10312343500976,132.2951316833496
102,102,2,draft|draft_verify,389.5459175109863,60.57572364807129,0.0,147.0,102.0,633.4752,633.4752,450.1817227590576,389.5459175109863
102,102,3,draft|draft_verify|target|target_rescue_verify,453.7794589996338,181.55908584594727,2684.964179992676,249.0,117.0,757.188,2684.964179992676,3320.362818438257,2684.964179992676
102,102,4,draft|draft_verify,296.8783378601074,125.0145435333252,0.0,379.0,77.0,518.1320000000001,518.1320000000001,421.9529429934326,296.8783378601074
102,102,5,draft|draft_verify,505.6030750274658,129.8060417175293,0.0,456.0,132.0,921.7968000000001,921.7968000000001,635.4692223449952,505.6030750274658
102,102,6,draft|draft_verify,62.9887580871582,128.0045509338379,0.0,588.0,15.0,106.1088,257.9307102513672,191.0533210209961,257.9307102513672
103,103,1,draft|draft_verify|target|target_rescue_verify,367.567777633667,84.31077003479004,1270.1303958892822,96.0,101.0,614.9,1270.1303958892822,1722.0690243577392,1270.1303958892822
103,103,2,draft|draft_verify|target|target_rescue_verify,163.27500343322754,112.6244068145752,1009.4983577728271,158.0,43.0,264.91360000000003,1009.4983577728271,1285.4578024206298,1009.4983577728271
103,103,3,draft|draft_verify,104.1107177734375,55.917978286743164,0.0,207.0,27.0,168.7392,168.7392,160.08871766018066,104.1107177734375
103,103,4,draft|draft_verify,198.61125946044922,66.22672080993652,0.0,234.0,52.0,330.30400000000003,330.30400000000003,264.8980218703857,198.61125946044922
103,103,5,draft|draft_verify,23.63419532775879,66.29490852355957,0.0,286.0,6.0,37.907999999999994,66.28676240993653,89.98910865131836,66.28676240993653
103,103,6,draft|draft_verify,86.08770370483398,75.97041130065918,0.0,292.0,22.0,141.5512,141.5512,162.11813260549314,86.08770370483398
103,103,7,draft|draft_verify,34.7597599029541,76.35641098022461,0.0,314.0,9.0,57.775200000000005,76.03042890065917,111.17617808317871,76.03042890065917
103,103,8,draft|draft_verify,131.3636302947998,76.99322700500488,0.0,323.0,34.0,222.088,222.088,208.4168844998047,131.3636302947998
103,103,9,draft|draft_verify,19.919633865356445,92.20623970031738,0.0,357.0,5.0,32.1512,77.05325420500488,112.18587756567382,77.05325420500488
103,103,10,draft|draft_verify,205.29866218566895,93.28150749206543,0.0,362.0,53.0,352.70480000000003,352.70480000000003,298.64021207773436,205.29866218566895
103,103,11,draft|draft_verify,23.86617660522461,125.54574012756348,0.0,415.0,6.0,39.455999999999996,93.34154989206543,149.4719215327881,93.34154989206543
103,103,12,draft|draft_verify,88.7765884399414,125.5331039428711,0.0,421.0,22.0,148.0528,148.0528,214.36970998281248,125.60574492756348
103,103,13,draft|draft_verify,36.07916831970215,124.8176097869873,0.0,443.0,9.0,60.252,125.59312154287109,160.95678530668945,125.59312154287109
103,103,14,draft|draft_verify,77.94761657714844,125.21839141845703,0.0,452.0,20.0,135.8672,135.8672,203.2260239956055,124.8776169869873
103,103,15,draft|draft_verify|target|target_rescue_verify,362.89477348327637,256.9689750671387,684.0517520904541,472.0,96.0,669.5999999999999,798.1445643335692,1303.975577440869,684.0517520904541
103,103,16,draft|draft_verify|target|target_rescue_verify,895.5752849578857,284.58499908447266,1311.9995594024658,501.0,231.0,1666.248,1808.6006843422365,2492.2200282448243,1311.9995594024658
103,103,17,draft|draft_verify,75.50954818725586,127.76565551757812,0.0,565.0,19.0,133.8784,142.29249954223633,203.335218904834,142.29249954223633
103,103,18,draft|draft_verify,135.58387756347656,131.90960884094238,0.0,584.0,35.0,249.98239999999998,249.98239999999998,267.55351440441893,135.58387756347656
103,103,19,draft|draft_verify,70.27769088745117,132.16471672058105,0.0,619.0,18.0,128.94240000000002,131.96963684094237,202.50242200803223,131.96963684094237
103,103,20,draft|draft_verify,127.87818908691406,151.83043479919434,0.0,637.0,33.0,239.6088,239.6088,279.76865028610837,132.22473112058105
103,103,21,draft|draft_verify,66.97750091552734,152.32229232788086,0.0,670.0,17.0,123.6344,151.89046119919433,219.3598068434082,151.89046119919433
103,103,22,draft|draft_verify,121.63114547729492,154.15310859680176,0.0,687.0,32.0,235.9832,235.9832,275.8442796740967,152.38230592788085
103,103,23,draft|draft_verify,62.25895881652832,154.1593074798584,0.0,719.0,16.0,118.012,154.21313419680175,216.47827909638673,154.21313419680175
103,103,24,draft|draft_verify|target|target_rescue_verify,115.16189575195312,332.75866508483887,1260.9326839447021,735.0,30.0,224.4,1260.9326839447021,1708.913268781494,1260.9326839447021
103,103,25,draft|draft_verify,114.93611335754395,174.60060119628906,0.0,794.0,29.0,220.7912,220.7912,289.596737753833,166.37933254241943
103,103,26,draft|draft_verify,147.37272262573242,179.32653427124023,0.0,823.0,38.0,292.8896,292.8896,326.7592872969726,174.66062439628905
103,103,27,draft|draft_verify,48.50292205810547,178.36356163024902,0.0,861.0,11.0,83.93599999999999,357.8101351014892,226.92649248835448,357.8101351014892
104,104,1,draft|draft_verify,227.3995876312256,46.32377624511719,0.0,123.0,62.0,378.4256,227.3995876312256,273.7834134763428,227.3995876312256
104,104,2,draft|draft_verify,163.48981857299805,49.80969429016113,0.0,185.0,43.0,267.6352,267.6352,213.3595472631592,163.48981857299805
104,104,3,draft|draft_verify|target|target_rescue_verify,204.69117164611816,127.84671783447266,1131.1869621276855,228.0,55.0,348.8128,1131.1869621276855,1463.7848956082764,1131.1869621276855
104,104,4,draft|draft_verify,150.3427028656006,84.97834205627441,0.0,281.0,39.0,251.2656,251.2656,235.381076121875,150.3427028656006
104,104,5,draft|draft_verify,213.51051330566406,98.74200820922852,0.0,320.0,56.0,367.376,367.376,312.3125663148926,213.51051330566406
104,104,6,draft|draft_verify,171.13518714904785,99.65157508850098,0.0,376.0,44.0,293.6336,293.6336,270.84679743754884,171.13518714904785
104,104,7,draft|draft_verify|target|target_rescue_verify,293.2925224304199,252.1076202392578,1241.9562339782715,420.0,77.0,525.6104,1241.9562339782715,1787.4164382479491,1241.9562339782715
104,104,8,draft|draft_verify|target|target_rescue_verify,184.2498779296875,281.3582420349121,1791.313648223877,479.0,48.0,332.2584,1791.313648223877,2256.9818065884765,1791.313648223877
104,104,9,draft|draft_verify,287.4741554260254,131.4983367919922,0.0,567.0,75.0,537.8592,537.8592,419.0325522180176,287.4741554260254
104,104,10,draft|draft_verify,153.5029411315918,151.5190601348877,0.0,642.0,40.0,291.5632,291.5632,305.08203326647947,153.5029411315918
104,104,11,draft|draft_verify,122.71904945373535,152.1589756011963,0.0,682.0,32.0,235.6112,235.6112,274.93805065493166,151.5790921348877
104,104,12,draft|draft_verify,400.93255043029785,175.31371116638184,0.0,714.0,105.0,794.0184,794.0184,576.3063455966796,400.93255043029785
104,104,13,draft|draft_verify|target|backtracking_verify,259.9759101867676,364.55655097961426,1853.4560203552246,819.0,65.0,503.8904,1853.4560203552246,2478.0485335216063,1853.4560203552246
104,104,14,draft|draft_verify|target|backtracking_verify,742.1185970306396,809.3514442443848,1490.9427165985107,1794.0,193.0,1978.9624,3331.507495882544,3042.4729122735353,2094.6636929131837
104,104,15,draft|draft_verify|target|target_rescue_verify,367.15078353881836,1265.962839126587,2283.707857131958,2911.0,91.0,1160.944,3738.4450101601274,3916.881552597363,3127.683083216349
104,104,16,draft|draft_verify|target|backtracking_verify,98.97017478942871,387.29381561279297,534.390926361084,945.0,25.0,198.652,534.390926361084,1020.7149367633057,534.390926361084
104,104,17,draft|draft_verify|target|target_rescue_verify,207.69500732421875,809.9191188812256,1544.65651512146,1940.0,50.0,518.0840000000001,2152.095854282379,2562.330681326904,2152.095854282379
105,105,1,draft|draft_verify|target|backtracking_verify,199.60570335388184,61.96308135986328,1049.7055053710938,118.0,54.0,328.40400000000005,1049.7055053710938,1311.334333284839,1049.7055053710938
105,105,2,draft|draft_verify|target|target_rescue_verify,995.4423904418945,198.90928268432617,1325.2999782562256,341.0,260.0,1785.1736,1884.6884493421633,2519.711859382446,1325.2999782562256
105,105,3,draft|draft_verify|target|target_rescue_verify|backtracking_verify,444.3836212158203,262.30502128601074,2026.031255722046,460.0,119.0,830.1824,2157.1837663650513,2732.779993423877,2157.1837663650513
105,105,4,draft|draft_verify|target|target_rescue_verify,891.2563323974609,395.7490921020508,3371.898651123047,570.0,231.0,1704.336,3687.1573294380614,4658.964260422559,3569.7731971740723
105,105,5,draft|draft_verify|target|target_rescue_verify,594.6156978607178,478.6996841430664,3308.5622787475586,734.0,156.0,1197.504,3547.912120819092,4381.937785551343,3547.912120819092
105,105,6,draft|draft_verify|target|target_rescue_verify,710.6637954711914,569.3039894104004,2787.198066711426,896.0,185.0,1498.4216000000001,3319.0587734135133,4067.2259995930176,3071.850061416626
105,105,7,draft|draft_verify|target|target_rescue_verify,1047.3334789276123,549.5090484619141,2293.984889984131,1032.0,276.0,2356.44,3915.624452138501,3890.8876381736573,2606.5179310661133
105,105,8,draft|draft_verify|target|target_rescue_verify,541.1992073059082,401.95178985595703,2176.9447326660156,1143.0,142.0,1225.8976,2176.9447326660156,3120.155843427881,2176.9447326660156
105,105,9,draft|draft_verify|target|target_rescue_verify,302.0823001861572,462.53275871276855,1399.3782997131348,1330.0,75.0,673.3679999999999,1630.644679069519,2164.0534186120603,1630.644679069519
106,106,1,draft|draft_verify,406.0347080230713,50.48418045043945,0.0,90.0,105.0,638.268,406.0347080230713,456.57897247351076,406.0347080230713
106,106,2,draft|draft_verify,79.52356338500977,50.418853759765625,0.0,195.0,21.0,130.404,130.404,130.0024339447754,79.52356338500977
106,106,3,draft|draft_verify,34.71112251281738,50.07433891296387,0.0,216.0,9.0,55.893600000000006,55.893600000000006,84.84546862578125,50.478870559765625
106,106,4,draft|draft_verify,69.12374496459961,58.4564208984375,0.0,225.0,18.0,112.86720000000001,112.86720000000001,127.64018026303711,69.12374496459961
106,106,5,draft|draft_verify,34.66391563415527,59.157371520996094,0.0,243.0,9.0,56.412000000000006,58.5164352984375,93.88129435515137,58.5164352984375
106,106,6,draft|draft_verify,77.29482650756836,59.374094009399414,0.0,252.0,20.0,126.7472,126.7472,136.7289365169678,77.29482650756836
106,106,7,draft|draft_verify,73.96483421325684,59.63897705078125,0.0,272.0,19.0,121.2208,121.2208,133.6638264640381,73.96483421325684
106,106,8,draft|draft_verify,96.79388999938965,76.21359825134277,0.0,291.0,25.0,160.98160000000001,160.98160000000001,173.06750825073243,96.79388999938965
106,106,9,draft|draft_verify,27.936697006225586,76.52759552001953,0.0,316.0,7.0,44.7808,76.27361825134277,104.52429812624511,76.27361825134277
106,106,10,draft|draft_verify,78.34196090698242,77.61573791503906,0.0,323.0,20.0,129.9848,129.9848,156.0177148220215,78.34196090698242
106,106,11,draft|draft_verify|target|target_rescue_verify,225.92997550964355,237.2303009033203,3537.555932998657,343.0,58.0,383.8096,3537.555932998657,4000.776255811621,3537.555932998657
106,106,12,draft|draft_verify,71.73681259155273,135.94627380371094,0.0,514.0,17.0,117.64399999999999,118.61515045166016,207.74309999526366,118.61515045166016
106,106,13,draft|draft_verify,409.6343517303467,130.90205192565918,0.0,531.0,104.0,741.0776000000001,741.0776000000001,540.5964868560059,409.6343517303467
106,106,14,draft|draft_verify,410.2783203125,153.6116600036621,0.0,635.0,104.0,766.7864,766.7864,563.9500635161621,410.2783203125
106,106,15,draft|draft_verify,95.0772762298584,153.7787914276123,0.0,739.0,24.0,179.21519999999998,179.21519999999998,248.9160868574707,153.67174320366212
106,106,16,draft|draft_verify,48.90775680541992,153.11193466186523,0.0,763.0,11.0,81.584,307.01075408947753,202.07970026728515,307.01075408947753
107,107,1,draft|draft_verify,198.45199584960938,29.803752899169922,0.0,121.0,52.0,316.4728,198.45199584960938,228.3157903487793,198.45199584960938
107,107,2,draft|draft_verify,316.2655830383301,59.4484806060791,0.0,173.0,85.0,531.3448000000001,531.3448000000001,375.7741316444092,316.2655830383301
107,107,3,draft|draft_verify|target|target_rescue_verify,86.36856079101562,120.80740928649902,525.944709777832,258.0,22.0,139.8376,525.944709777832,733.1806974553467,525.944709777832
107,107,4,draft|draft_verify,41.01729393005371,60.51468849182129,0.0,280.0,10.0,63.556000000000004,63.556000000000004,101.59199042187501,60.40370464324951
107,107,5,draft|draft_verify|target|backtracking_verify,188.96174430847168,153.6848545074463,994.016170501709,290.0,48.0,310.93919999999997,994.016170501709,1336.722807717627,994.016170501709
107,107,6,draft|draft_verify|target|target_rescue_verify,567.0876502990723,392.8370475769043,3546.5967655181885,676.0,144.0,1083.2736,3743.0152893066406,4506.581578594165,3743.0152893066406
107,107,7,draft|draft_verify|target|target_rescue_verify,324.89728927612305,496.80256843566895,1029.5488834381104,849.0,83.0,651.6704,1539.1068344458067,1851.3088075499022,1277.9501676559448
107,107,8,draft|draft_verify,86.75122261047363,124.00412559509277,0.0,449.0,22.0,149.464,149.464,210.8153658055664,124.20064210891724
107,107,9,draft|draft_verify,74.09930229187012,125.07963180541992,0.0,471.0,19.0,129.8176,129.8176,199.23894929729005,124.06414319509277
107,107,10,draft|draft_verify,58.77065658569336,126.47747993469238,0.0,490.0,15.0,102.816,125.13964700541992,185.30814852038574,125.13964700541992
107,107,11,draft|draft_verify,62.305450439453125,141.78729057312012,0.0,505.0,16.0,110.308,126.53749193469238,204.15275381257325,126.53749193469238
107,107,12,draft|draft_verify,101.25279426574707,125.98705291748047,0.0,521.0,26.0,181.28,181.28,227.29986798322756,141.84730337312013
107,107,13,draft|draft_verify,133.32462310791016,126.91354751586914,0.0,547.0,30.0,211.3152,211.3152,260.2981946237793,133.32462310791016
107,107,14,draft|draft_verify,328.05752754211426,130.9359073638916,0.0,577.0,85.0,612.7912,612.7912,459.05350290600586,328.05752754211426
107,107,15,draft|draft_verify,21.544933319091797,149.86681938171387,0.0,662.0,5.0,35.0792,130.9959753638916,171.47175670080566,130.9959753638916
107,107,16,draft|draft_verify,43.97392272949219,149.93524551391602,0.0,667.0,10.0,71.9152,299.92207689562986,193.9691762434082,299.92207689562986
108,108,1,draft|draft_verify,68.94350051879883,49.29351806640625,0.0,176.0,18.0,110.86800000000001,68.94350051879883,118.29703298520508,68.94350051879883
108,108,2,draft|draft_verify,270.4966068267822,58.94136428833008,0.0,194.0,73.0,458.85040000000004,458.85040000000004,329.4980295151123,270.4966068267822
108,108,3,draft|draft_verify,265.55848121643066,75.9119987487793,0.0,267.0,69.0,445.2648,445.2648,341.53053516521,265.55848121643066
108,108,4,draft|draft_verify,268.08691024780273,91.77637100219727,0.0,336.0,69.0,456.5256,456.5256,359.92333645,268.08691024780273
108,108,5,draft|draft_verify,142.61484146118164,124.08709526062012,0.0,405.0,37.0,248.97039999999998,248.97039999999998,266.76196632180176,142.61484146118164
108,108,6,draft|draft_verify|target|target_rescue_verify,1803.0073642730713,335.54911613464355,2422.947645187378,442.0,457.0,3356.9752000000003,3524.810123667322,4561.564491195093,2422.947645187378
108,108,7,draft|draft_verify,504.78482246398926,151.99708938598633,0.0,555.0,130.0,938.152,938.152,656.8420158499756,504.78482246398926
108,108,8,draft|draft_verify,525.238037109375,173.3095645904541,0.0,685.0,136.0,1024.612,1024.612,698.6077104998291,525.238037109375
108,108,9,draft|draft_verify,528.1276702880859,198.93693923950195,0.0,821.0,132.0,1036.5528,1036.5528,727.1247151275879,528.1276702880859
108,108,10,draft|draft_verify,518.1519985198975,228.01780700683594,0.0,953.0,129.0,1053.036,1053.036,746.2299087267334,518.1519985198975
108,108,11,draft|draft_verify,559.8568916320801,255.6469440460205,0.0,1082.0,138.0,1170.5688,1170.5688,815.5639460781006,559.8568916320801
108,108,12,draft|draft_verify|target|target_rescue_verify,493.1955337524414,624.5925426483154,7217.991352081299,1220.0,123.0,1081.2432,7217.991352081299,8335.839526882055,7217.991352081299
108,108,13,draft|draft_verify,68.42565536499023,329.0443420410156,0.0,1570.0,14.0,129.5624,641.4006245651733,397.5300086060059,641.4006245651733
109,109,1,draft|draft_verify,378.831148147583,60.63246726989746,0.0,180.0,97.0,609.4264,378.831148147583,439.52369301748047,378.831148147583
109,109,2,draft|draft_verify|target|target_rescue_verify,94.33388710021973,120.5294132232666,613.8882637023926,277.0,23.0,147.2528,613.8882637023926,828.8115824258789,613.8882637023926
109,109,3,draft|draft_verify,45.972585678100586,75.79803466796875,0.0,304.0,11.0,70.568,70.568,121.83062914606933,60.2647066116333
109,109,4,draft|draft_verify,133.74805450439453,75.83856582641602,0.0,315.0,33.0,214.87920000000003,214.87920000000003,209.64664673081055,133.74805450439453
109,109,5,draft|draft_verify,36.887407302856445,76.62439346313477,0.0,348.0,9.0,58.428000000000004,75.89859222641601,113.57180796599121,75.89859222641601
109,109,6,draft|draft_verify,145.40958404541016,91.10617637634277,0.0,357.0,36.0,238.14000000000001,238.14000000000001,236.57578922175293,145.40958404541016
109,109,7,draft|draft_verify,33.19525718688965,91.70222282409668,0.0,393.0,8.0,52.589600000000004,91.16620517634277,124.95748641098632,91.16620517634277
109,109,8,draft|draft_verify,291.4080619812012,125.40888786315918,0.0,401.0,73.0,494.62,494.62,416.87700824436035,291.4080619812012
109,109,9,draft|draft_verify,56.87379837036133,125.10323524475098,0.0,474.0,14.0,95.3672,125.46894626315918,182.0370448151123,125.46894626315918
109,109,10,draft|draft_verify,82.33261108398438,125.61297416687012,0.0,488.0,20.0,137.5088,137.5088,208.0056012508545,125.16324644475098
109,109,11,draft|draft_verify|target|target_rescue_verify,314.7721290588379,268.7110900878906,286.00192070007324,508.0,78.0,548.8056,683.2212074439453,869.5452022468018,449.1877365027832
109,109,12,draft|draft_verify|target|target_rescue_verify,66.3900375366211,270.57623863220215,414.780855178833,518.0,16.0,110.77600000000001,414.780855178833,751.8071441476562,414.780855178833
109,109,13,draft|draft_verify,240.68260192871094,127.81071662902832,0.0,537.0,60.0,424.6872,424.6872,368.55336655773925,240.68260192871094
109,109,14,draft|draft_verify,180.57799339294434,131.331205368042,0.0,597.0,45.0,323.7192,323.7192,311.9692347609863,180.57799339294434
109,109,15,draft|draft_verify,41.96977615356445,131.24990463256836,0.0,642.0,10.0,71.3752,131.391241368042,173.27968878613282,131.391241368042
109,109,16,draft|draft_verify,170.17769813537598,151.8242359161377,0.0,652.0,42.0,307.3032,307.3032,322.06196765151367,170.17769813537598
109,109,17,draft|draft_verify|target|target_rescue_verify,337.9697799682617,313.42172622680664,555.6802749633789,694.0,84.0,628.7712,785.5421303134033,1207.1318483584473,555.6802749633789
109,109,18,draft|draft_verify,492.4612045288086,174.6499538421631,0.0,718.0,123.0,934.2575999999999,934.2575999999999,667.1712567709717,492.4612045288086
109,109,19,draft|draft_verify,90.24858474731445,176.23329162597656,0.0,841.0,23.0,177.032,177.032,266.541894773291,174.71005224216307
109,109,20,draft|draft_verify|target|target_rescue_verify,273.27871322631836,399.16181564331055,1217.59033203125,864.0,68.0,534.7184,1217.59033203125,1890.0909153008788,1217.59033203125
109,109,21,draft|draft_verify,360.5985641479492,200.73318481445312,0.0,921.0,89.0,714.7736,714.7736,561.3918201624024,360.5985641479492
109,109,22,draft|draft_verify,422.374963760376,228.91616821289062,0.0,1010.0,97.0,800.6584,800.6584,651.3512095732666,422.374963760376
109,109,23,draft|draft_verify,237.3943328857422,230.1795482635498,0.0,1107.0,54.0,454.2048,454.2048,467.633924349292,237.3943328857422
109,109,24,draft|draft_verify|target|target_rescue_verify,326.73192024230957,523.4992504119873,2223.9561080932617,1161.0,83.0,713.072,2223.9561080932617,3074.2473451475585,2223.9561080932617
109,109,25,draft|draft_verify,96.60959243774414,271.1918354034424,0.0,1267.0,23.0,199.5248,261.74962520599365,367.8614462411865,261.74962520599365
109,109,26,draft|draft_verify|target|target_rescue_verify,42.1597957611084,551.6719818115234,698.9583969116211,1290.0,9.0,76.5144,698.9583969116211,1292.850181684253,698.9583969116211
109,109,27,draft|draft_verify,32.22250938415527,273.88572692871094,0.0,1323.0,7.0,59.2816,275.8359909057617,306.1682419128662,275.8359909057617
109,109,28,draft|draft_verify,46.68474197387695,276.5522003173828,0.0,1330.0,10.0,86.236,550.5579408460937,323.29695029125975,550.5579408460937
110,110,1,draft|draft_verify,167.15574264526367,29.59895133972168,0.0,88.0,45.0,269.9688,167.15574264526367,196.81472998498535,167.15574264526367
110,110,2,draft|draft_verify,118.5297966003418,29.555320739746094,0.0,133.0,32.0,194.7656,194.7656,148.1451429400879,118.5297966003418
110,110,3,draft|draft_verify,147.93133735656738,49.599647521972656,0.0,165.0,40.0,246.91600000000003,246.91600000000003,197.59101687854005,147.93133735656738
110,110,4,draft|draft_verify|target|target_rescue_verify,318.4528350830078,125.92577934265137,1397.2783088684082,205.0,83.0,524.9312,1397.2783088684082,1841.7169896940673,1397.2783088684082
110,110,5,draft|draft_verify,41.60952568054199,66.50376319885254,0.0,271.0,10.0,63.3616,63.3616,108.17329687939454,62.962889671325684
110,110,6,draft|draft_verify|target|target_rescue_verify,459.5468044281006,257.2131156921387,8494.61579322815,281.0,116.0,759.404,8494.61579322815,9211.435806148389,8494.61579322815
110,110,7,draft|draft_verify,158.78653526306152,151.7195701599121,0.0,703.0,40.0,297.2728,297.2728,310.5661374229736,158.78653526306152
110,110,8,draft|draft_verify|target|target_rescue_verify,275.4945755004883,320.95980644226074,1159.142017364502,743.0,73.0,553.7176000000001,1159.142017364502,1755.6564577072509,1159.142017364502
110,110,9,draft|draft_verify,271.84033393859863,181.2458038330078,0.0,799.0,71.0,547.736,547.736,453.14619457160643,271.84033393859863
110,110,10,draft|draft_verify,255.57708740234375,198.81081581115723,0.0,870.0,67.0,527.6944000000001,527.6944000000001,454.447956813501,255.57708740234375
110,110,11,draft|draft_verify,41.4891242980957,198.00806045532227,0.0,937.0,10.0,77.7472,198.87086941115723,239.55719275341798,198.87086941115723
110,110,12,draft|draft_verify,63.92359733581543,198.91810417175293,0.0,947.0,15.0,118.1712,397.0461846270752,262.9017135075684,397.0461846270752
111,111,1,draft|draft_verify,375.1499652862549,59.426069259643555,0.0,159.0,101.0,630.02,375.1499652862549,434.6361153458984,375.1499652862549
111,111,2,draft|draft_verify|target|backtracking_verify,156.75997734069824,121.51622772216797,849.2624759674072,260.0,41.0,262.26800000000003,849.2624759674072,1127.5987138302735,849.2624759674072
111,111,3,draft|draft_verify|target|target_rescue_verify,460.12163162231445,358.7942123413086,3191.7521953582764,602.0,120.0,877.8672,3371.1493015289307,4010.7281353218996,3371.1493015289307
111,111,4,draft|draft_verify|target|target_rescue_verify,968.9230918884277,469.67005729675293,1789.4504070281982,754.0,244.0,1911.4432,3158.4811416866637,3228.1037514133786,2215.9610335750913
111,111,5,draft|draft_verify|target|target_rescue_verify,959.0976238250732,557.3921203613281,4199.19228553772,840.0,239.0,1919.9264,4477.888345718384,5715.742220924121,4477.888345718384
111,111,6,draft|draft_verify,354.278564453125,127.21061706542969,0.0,513.0,93.0,657.3576,657.3576,481.5492559185547,354.278564453125
111,111,7,draft|draft_verify|target|backtracking_verify,356.522798538208,285.54272651672363,1320.9633827209473,606.0,93.0,677.892,1320.9633827209473,1963.088982175879,1320.9633827209473
111,111,8,draft|draft_verify|target|backtracking_verify,354.42090034484863,327.50582695007324,1904.7141075134277,699.0,93.0,698.4264000000001,1904.7141075134277,2586.70090920835,1904.7141075134277
111,111,9,draft|draft_verify|target|target_rescue_verify,552.7777671813965,697.333812713623,3037.7981662750244,1584.0,144.0,1394.8991999999998,3436.8587578727293,4287.969861370044,3386.465072631836
111,111,10,draft|draft_verify|target|target_rescue_verify,584.7842693328857,812.110185623169,5421.449899673462,1728.0,152.0,1526.2495999999999,5827.504992485046,6818.404476229516,5827.504992485046
111,111,11,draft|draft_verify,73.77839088439941,200.24466514587402,0.0,997.0,17.0,136.19119999999998,403.33222515166625,274.0830696302734,403.33222515166625
112,112,1,draft|draft_verify,129.3356418609619,20.972490310668945,0.0,83.0,35.0,209.1008,129.3356418609619,150.36816017163085,129.3356418609619
112,112,2,draft|draft_verify,187.29281425476074,29.730796813964844,0.0,118.0,51.0,309.96000000000004,309.96000000000004,217.08365186872558,187.29281425476074
112,112,3,draft|draft_verify,176.18870735168457,50.20904541015625,0.0,169.0,48.0,297.2904,297.2904,226.45779116184082,176.18870735168457
112,112,4,draft|draft_verify,148.18286895751953,58.568716049194336,0.0,217.0,40.0,251.78320000000002,251.78320000000002,206.81161700671387,148.18286895751953
112,112,5,draft|draft_verify,93.42122077941895,59.28397178649902,0.0,257.0,23.0,146.1968,205.540790186499,152.76521096591796,152.76521096591796
113,113,1,draft|draft_verify,99.5931625366211,19.855260848999023,0.0,74.0,27.0,160.44000000000003,99.5931625366211,119.50844498562012,99.5931625366211
113,113,2,draft|draft_verify,145.91693878173828,28.307676315307617,0.0,101.0,40.0,240.92560000000003,240.92560000000003,174.2846470970459,145.91693878173828
113,113,3,draft|draft_verify,101.99427604675293,29.259443283081055,0.0,141.0,28.0,170.764,170.764,131.31374172983396,101.99427604675293
113,113,4,draft|draft_verify,214.1430377960205,49.91650581359863,0.0,169.0,59.0,366.2912,366.2912,264.1195908096191,214.1430377960205
113,113,5,draft|draft_verify,95.52359580993652,59.010982513427734,0.0,228.0,25.0,157.3528,216.42380251342774,154.59459832336427,154.59459832336427
114,114,1,draft|draft_verify,360.1410388946533,49.903154373168945,0.0,92.0,99.0,601.5408,360.1410388946533,410.1042724678223,360.1410388946533
114,114,2,draft|draft_verify,132.0493221282959,55.077314376831055,0.0,191.0,36.0,224.19600000000003,224.19600000000003,187.18666530512695,132.0493221282959
114,114,3,draft|draft_verify,26.709556579589844,56.18476867675781,0.0,227.0,7.0,43.4992,55.13734317683105,82.95433085634765,55.13734317683105
114,114,4,draft|draft_verify,171.68831825256348,59.09371376037598,0.0,234.0,45.0,285.3864,285.3864,230.84206801293945,171.68831825256348
114,114,5,draft|draft_verify,89.6291732788086,59.13257598876953,0.0,279.0,22.0,140.896,200.08859358876953,148.8217668675781,148.82176686757813
115,115,1,draft|draft_verify,90.06214141845703,30.19237518310547,0.0,105.0,22.0,132.1264,90.06214141845703,120.3145342015625,90.06214141845703
115,115,2,draft|draft_verify,154.1590690612793,29.392480850219727,0.0,127.0,42.0,255.6432,255.6432,183.61158351149902,154.1590690612793
115,115,3,draft|draft_verify,26.333332061767578,29.87837791442871,0.0,169.0,7.0,42.664,42.664,56.271715576196286,29.452514450219727
115,115,4,draft|draft_verify,362.96701431274414,59.0057373046875,0.0,176.0,95.0,595.7216000000001,595.7216000000001,422.0328276174316,362.96701431274414
115,115,5,draft|draft_verify,92.52738952636719,59.73172187805176,0.0,271.0,23.0,146.936,206.72774027805175,152.31912980441894,152.31912980441894
116,116,1,draft|draft_verify,52.14881896972656,19.771099090576172,0.0,77.0,14.0,82.9808,52.14881896972656,71.97992926030273,52.14881896972656
116,116,2,draft|draft_verify,117.87748336791992,33.20574760437012,0.0,91.0,31.0,185.608,185.608,151.14325577229005,117.87748336791992
116,116,3,draft|draft_verify,178.21907997131348,33.7519645690918,0.0,122.0,47.0,285.8432,285.8432,212.03108214040526,178.21907997131348
116,116,4,draft|draft_verify,155.6105613708496,55.825233459472656,0.0,169.0,39.0,241.05120000000002,241.05120000000002,211.49582603032226,155.6105613708496
116,116,5,draft|draft_verify,26.660919189453125,55.70411682128906,0.0,208.0,7.0,43.2256,55.885264659472654,82.42504161074218,55.885264659472654
116,116,6,draft|draft_verify,117.05350875854492,66.73908233642578,0.0,215.0,32.0,200.8664,200.8664,183.85261669497072,117.05350875854492
116,116,7,draft|draft_verify,89.85090255737305,66.44392013549805,0.0,247.0,23.0,145.6688,145.6688,156.35484109287108,89.85090255737305
116,116,8,draft|draft_verify,40.04168510437012,63.30299377441406,0.0,270.0,10.0,63.34,66.50393853549805,103.40468687878419,66.50393853549805
116,116,9,draft|draft_verify,76.9188404083252,79.71835136413574,0.0,280.0,19.0,121.5664,201.34476656413574,156.69720697246095,156.69720697246095
117,117,1,draft|draft_verify,95.76630592346191,29.417037963867188,0.0,101.0,26.0,156.08,95.76630592346191,125.2433646873291,95.76630592346191
117,117,2,draft|draft_verify|target|target_rescue_verify,230.89599609375,79.64062690734863,932.6143264770508,127.0,64.0,391.4008,932.6143264770508,1243.2110006781495,932.6143264770508
117,117,3,draft|draft_verify|target|target_rescue_verify,232.12146759033203,113.97528648376465,971.1506366729736,171.0,60.0,372.8616,971.1506366729736,1317.3074387470704,971.1506366729736
117,117,4,draft|draft_verify|target|target_rescue_verify,562.1466636657715,153.2001495361328,892.5065994262695,218.0,142.0,912.8776,989.5377883680665,1607.9135262281739,892.5065994262695
117,117,5,draft|draft_verify,485.0425720214844,101.33528709411621,0.0,261.0,123.0,800.448,800.448,586.4379575156006,485.0425720214844
117,117,6,draft|draft_verify,131.32071495056152,92.19527244567871,0.0,384.0,34.0,226.9192,226.9192,223.57601459624024,131.32071495056152
117,117,7,draft|draft_verify,100.23760795593262,123.63672256469727,0.0,418.0,25.0,168.2968,291.99354256469724,223.9343505206299,223.9343505206299
118,118,1,draft|draft_verify|target|target_rescue_verify,401.61895751953125,80.05905151367188,696.0716247558594,95.0,102.0,620.8704,696.0716247558594,1177.8097153890626,696.0716247558594
118,118,2,draft|draft_verify,113.22641372680664,28.931379318237305,0.0,128.0,30.0,182.1528,182.1528,142.21781704504394,113.22641372680664
118,118,3,draft|draft_verify,139.9517059326172,49.071550369262695,0.0,158.0,38.0,233.8376,233.8376,189.08328670187987,139.9517059326172
118,118,4,draft|draft_verify,278.78665924072266,66.39456748962402,0.0,196.0,75.0,471.9696,471.9696,345.2412867303467,278.78665924072266
118,118,5,draft|draft_verify,69.67520713806152,64.60428237915039,0.0,271.0,17.0,108.3128,172.9770959791504,134.3395031172119,134.3395031172119
119,119,1,draft|draft_verify,169.8925495147705,29.48594093322754,0.0,84.0,45.0,269.5464,169.8925495147705,199.43852644799804,169.8925495147705
119,119,2,draft|draft_verify,222.95022010803223,45.52960395812988,0.0,129.0,58.0,354.5344,354.5344,268.53987046616214,222.95022010803223
119,119,3,draft|draft_verify,246.23990058898926,58.74800682067871,0.0,187.0,65.0,406.8152,406.8152,305.047959409668,246.23990058898926
119,119,4,draft|draft_verify,264.542818069458,75.80304145812988,0.0,252.0,65.0,416.79920000000004,416.79920000000004,340.4059115275879,264.542818069458
119,119,5,draft|draft_verify,192.9316520690918,76.5233039855957,0.0,317.0,47.0,307.37120000000004,383.95454158559573,269.5149936546875,269.5149936546875
120,120,1,draft|draft_verify,140.52772521972656,21.141767501831055,0.0,78.0,36.0,214.704,140.52772521972656,161.72952152155761,140.52772521972656
120,120,2,draft|draft_verify,393.5225009918213,56.798458099365234,0.0,114.0,101.0,619.22,619.22,450.3810398911865,393.5225009918213
120,120,3,draft|draft_verify|target|target_rescue_verify,187.71719932556152,133.32104682922363,1514.2574310302734,215.0,51.0,321.6,1514.2574310302734,1835.3557179850586,1514.2574310302734
120,120,4,draft|draft_verify|target|target_rescue_verify,210.5541229248047,174.15690422058105,495.55063247680664,287.0,54.0,349.9008,495.55063247680664,880.3217028221924,495.55063247680664
120,120,5,draft|draft_verify,94.2833423614502,81.42590522766113,0.0,310.0,22.0,142.45839999999998,223.9443228276611,175.7692651891113,175.7692651891113
121,121,1,draft|draft_verify,198.25482368469238,32.285451889038086,0.0,105.0,53.0,320.63120000000004,198.25482368469238,230.60031797373045,198.25482368469238
121,121,2,draft|draft_verify,181.03694915771484,53.272247314453125,0.0,158.0,49.0,302.284,302.284,234.36923567216797,181.03694915771484
121,121,3,draft|draft_verify,184.11564826965332,63.22216987609863,0.0,207.0,49.0,307.92879999999997,307.92879999999997,247.39785734575196,184.11564826965332
121,121,4,draft|draft_verify,201.36713981628418,82.46231079101562,0.0,256.0,52.0,332.9968,332.9968,283.8894922072998,201.36713981628418
121,121,5,draft|draft_verify,152.1017551422119,81.21466636657715,0.0,308.0,39.0,253.728,253.728,233.37645270878906,152.1017551422119
121,121,6,draft|draft_verify,392.3799991607666,133.47840309143066,0.0,347.0,96.0,641.0999999999999,641.0999999999999,525.9184790521972,392.3799991607666
121,121,7,draft|draft_verify,255.40590286254883,125.87833404541016,0.0,443.0,63.0,432.2256,432.2256,381.344287307959,255.40590286254883
121,121,8,draft|draft_verify,98.40679168701172,141.46924018859863,0.0,506.0,24.0,166.35359999999997,307.8828593885986,239.93605107561035,267.46764383400875
122,122,1,draft|draft_verify,175.22239685058594,30.045747756958008,0.0,77.0,45.0,268.8072,175.22239685058594,205.32818060754394,175.22239685058594
122,122,2,draft|draft_verify,94.31242942810059,28.243303298950195,0.0,122.0,25.0,151.2472,151.2472,122.61575272705078,94.31242942810059
122,122,3,draft|draft_verify,115.38028717041016,29.285669326782227,0.0,147.0,31.0,189.64,189.64,144.7259812971924,115.38028717041016
122,122,4,draft|draft_verify,181.00309371948242,49.96299743652344,0.0,178.0,47.0,292.02560000000005,292.02560000000005,231.02612875600585,181.00309371948242
122,122,5,draft|draft_verify,111.53054237365723,58.4406852722168,0.0,225.0,28.0,176.2072,176.2072,170.031250045874,111.53054237365723
122,122,6,draft|draft_verify,27.299880981445312,58.74371528625488,0.0,253.0,7.0,43.873599999999996,58.5007076722168,86.10360186770019,58.5007076722168
122,122,7,draft|draft_verify|target|target_rescue_verify,204.26702499389648,135.33854484558105,387.76469230651855,260.0,51.0,327.0,394.72931322279055,727.4303029459961,387.76469230651855
122,122,8,draft|draft_verify,250.7181167602539,77.16917991638184,0.0,275.0,63.0,407.2272,407.2272,327.94734707663577,250.7181167602539
122,122,9,draft|draft_verify,166.23711585998535,92.17429161071777,0.0,338.0,43.0,283.05760000000004,283.05760000000004,258.47144187070313,166.23711585998535
122,122,10,draft|draft_verify,82.2439193725586,91.99905395507812,0.0,381.0,21.0,139.332,139.332,174.30299012763672,92.23432601071778
122,122,11,draft|draft_verify,58.99786949157715,92.43440628051758,0.0,402.0,15.0,99.85920000000002,99.85920000000002,151.49228777209473,92.05907075507812
122,122,12,draft|draft_verify,247.64275550842285,124.3586540222168,0.0,417.0,62.0,421.4672,421.4672,372.06145913063966,247.64275550842285
122,122,13,draft|draft_verify,174.29637908935547,142.16995239257812,0.0,479.0,43.0,297.2704,297.2704,316.5263658819336,174.29637908935547
122,122,14,draft|draft_verify,82.24105834960938,125.76842308044434,0.0,522.0,21.0,146.1,146.1,208.0694982300537,142.22998679257813
122,122,15,draft|draft_verify,118.78466606140137,127.22897529602051,0.0,543.0,30.0,211.03680000000003,211.03680000000003,246.07366535742187,125.82843988044434
122,122,16,draft|draft_verify,72.80135154724121,128.84879112243652,0.0,573.0,17.0,119.9096,256.197804018457,201.71015626967773,256.197804018457
123,123,1,draft|draft_verify,213.7608528137207,30.61652183532715,0.0,117.0,58.0,352.8928,213.7608528137207,244.43742104904786,213.7608528137207
123,123,2,draft|draft_verify|target|target_rescue_verify,1388.092041015625,194.6864128112793,1252.9003620147705,175.0,352.0,2316.1624,2413.56588800564,2835.739097441675,1485.4955290212647
123,123,3,draft|draft_verify,524.2950916290283,87.0368480682373,0.0,234.0,130.0,838.7704,838.7704,611.3920436972656,524.2950916290283
123,123,4,draft|draft_verify,140.02537727355957,97.16415405273438,0.0,364.0,35.0,232.03040000000001,232.03040000000001,237.24955932629393,140.02537727355957
123,123,5,draft|draft_verify,136.08407974243164,123.52252006530762,0.0,399.0,34.0,228.10719999999998,228.10719999999998,259.6666270077393,136.08407974243164
123,123,6,draft|draft_verify,96.94361686706543,124.5577335357666,0.0,433.0,20.0,135.0008,259.6185495357666,221.56136640283205,248.20029680107422
124,124,1,draft|draft_verify,128.71956825256348,49.640655517578125,0.0,178.0,34.0,210.60399999999998,128.71956825256348,178.4202509701416,128.71956825256348
124,124,2,draft|draft_verify,170.4697608947754,58.40492248535156,0.0,212.0,44.0,276.7088,276.7088,228.93471858012694,170.4697608947754
124,124,3,draft|draft_verify,46.02551460266113,59.22436714172363,0.0,256.0,11.0,69.416,69.416,105.30989054438476,58.464957685351564
124,124,4,draft|draft_verify|target|target_rescue_verify,196.3210105895996,137.10618019104004,807.1129322052002,267.0,49.0,314.8408,807.1129322052002,1140.60016218584,807.1129322052002
124,124,5,draft|draft_verify|target|target_rescue_verify,247.62654304504395,163.22612762451172,733.5984706878662,303.0,61.0,398.164,733.5984706878662,1144.5111901574219,733.5984706878662
124,124,6,draft|draft_verify,139.70661163330078,102.21743583679199,0.0,338.0,34.0,223.27599999999998,223.27599999999998,241.98407467009278,139.70661163330078
124,124,7,draft|draft_verify,74.49507713317871,96.86636924743652,0.0,372.0,18.0,118.8648,118.8648,171.42146078061523,102.27746303679199
124,124,8,draft|draft_verify,67.0630931854248,92.4367904663086,0.0,390.0,16.0,106.168,106.168,159.55989645173338,96.92638364743652
124,124,9,draft|draft_verify,77.84700393676758,123.73709678649902,0.0,406.0,19.0,127.0096,127.0096,201.6441159232666,92.49680326630859
124,124,10,draft|draft_verify|target|target_rescue_verify,86.89141273498535,248.67534637451172,622.2221851348877,425.0,20.0,134.63600000000002,622.2221851348877,957.8489602443848,622.2221851348877
124,124,11,draft|draft_verify|target|target_rescue_verify,66.51926040649414,249.79877471923828,590.6603336334229,454.0,16.0,108.47200000000001,590.6603336334229,907.0383815591553,590.6603336334229
124,124,12,draft|draft_verify,90.09909629821777,125.7023811340332,0.0,482.0,21.0,144.18,269.94239793403324,215.86149423225098,250.66178529365234
125,125,1,draft|draft_verify,115.57865142822266,29.77919578552246,0.0,144.0,30.0,183.2664,115.57865142822266,145.41787121374512,115.57865142822266
125,125,2,draft|draft_verify,210.31785011291504,49.79372024536133,0.0,174.0,56.0,348.104,348.104,260.1716151582764,210.31785011291504
125,125,3,draft|draft_verify|target|target_rescue_verify,219.45881843566895,146.4381217956543,2235.4037761688232,230.0,57.0,361.9224,2235.4037761688232,2601.3607620001467,2235.4037761688232
125,125,4,draft|draft_verify|target|target_rescue_verify,290.19975662231445,192.3961639404297,1316.309928894043,338.0,73.0,483.7336,1316.309928894043,1798.965907856787,1316.309928894043
125,125,5,draft|draft_verify|target|target_rescue_verify,396.2728977203369,252.2280216217041,1556.7123889923096,402.0,100.0,681.3951999999999,1556.7123889923096,2205.273388334351,1556.7123889923096
125,125,6,draft|draft_verify,116.12415313720703,126.60551071166992,0.0,478.0,28.0,192.6016,319.2671331116699,242.78968624887693,252.77954392252195
126,126,1,draft|draft_verify,108.57510566711426,30.226945877075195,0.0,140.0,28.0,170.6992,108.57510566711426,138.86207394418943,108.57510566711426
126,126,2,draft|draft_verify,443.35150718688965,59.59439277648926,0.0,168.0,118.0,741.0616,741.0616,503.00599436337893,443.35150718688965
126,126,3,draft|draft_verify,270.6298828125,76.16019248962402,0.0,286.0,71.0,461.552,461.552,346.850132102124,270.6298828125
126,126,4,draft|draft_verify,443.10808181762695,124.77755546569824,0.0,357.0,115.0,773.5072,773.5072,567.9457292833251,443.10808181762695
126,126,5,draft|draft_verify,319.53954696655273,135.62250137329102,0.0,472.0,84.0,584.5488,584.5488,455.22211553984374,319.53954696655273
126,126,6,draft|draft_verify|target|target_rescue_verify,345.6733226776123,294.62361335754395,2791.672706604004,556.0,88.0,630.4,2791.672706604004,3432.02971303916,2791.672706604004
126,126,7,draft|draft_verify,106.25147819519043,151.66258811950684,0.0,687.0,26.0,191.24,342.9626089195068,257.9740871146973,299.03441559827877
127,127,1,draft|draft_verify,217.2982692718506,30.388355255126953,0.0,100.0,58.0,350.5672,217.2982692718506,247.74667092697754,217.2982692718506
127,127,2,draft|draft_verify,188.17687034606934,49.495697021484375,0.0,158.0,51.0,314.76,314.76,237.7326081675537,188.17687034606934
127,127,3,draft|draft_verify|target|target_rescue_verify,272.6004123687744,127.69913673400879,1745.0096607208252,209.0,72.0,455.028,1745.0096607208252,2145.3692674236086,1745.0096607208252
127,127,4,draft|draft_verify|target|target_rescue_verify,426.01513862609863,179.43501472473145,812.4306201934814,293.0,107.0,702.3296,812.4306201934814,1417.9408591443116,812.4306201934814
127,127,5,draft|draft_verify,162.2152328491211,90.33870697021484,0.0,332.0,42.0,275.8152,275.8152,252.61397341933593,162.2152328491211
127,127,6,draft|draft_verify,218.20759773254395,123.76904487609863,0.0,374.0,57.0,381.276,381.276,342.03668820864254,218.20759773254395
127,127,7,draft|draft_verify|target|target_rescue_verify,420.9897518157959,261.2433433532715,407.64451026916504,431.0,111.0,765.576,1026.8794321532714,1089.9376942382323,682.2931839690674
128,128,1,draft|draft_verify,247.816801071167,30.470848083496094,0.0,95.0,67.0,404.93440000000004,247.816801071167,278.3477027546631,247.816801071167
128,128,2,draft|draft_verify,70.02496719360352,44.66557502746582,0.0,162.0,19.0,116.4688,116.4688,114.75055742106933,70.02496719360352
128,128,3,draft|draft_verify,52.03127861022949,49.22842979431152,0.0,181.0,14.0,86.2256,86.2256,101.319719604541,52.03127861022949
128,128,4,draft|draft_verify,56.17785453796387,49.40986633300781,0.0,195.0,15.0,92.90400000000001,92.90400000000001,105.64773287097168,56.17785453796387
128,128,5,draft|draft_verify,367.8467273712158,60.85395812988281,0.0,210.0,92.0,583.9904,583.9904,428.76075910109864,367.8467273712158
128,128,6,draft|draft_verify,61.948299407958984,76.3559341430664,0.0,302.0,16.0,103.0,103.0,138.3642463510254,61.948299407958984
128,128,7,draft|draft_verify,32.627105712890625,76.16734504699707,0.0,318.0,8.0,51.3296,76.4159469430664,108.85445715988769,76.4159469430664
128,128,8,draft|draft_verify,50.534725189208984,76.28178596496582,0.0,326.0,13.0,84.196,84.196,126.87652155417481,76.22735144699708
128,128,9,draft|draft_verify,49.04675483703613,76.85446739196777,0.0,339.0,12.0,77.988,77.988,125.9612318290039,76.34179636496582
128,128,10,draft|draft_verify,43.60795021057129,91.2168025970459,0.0,351.0,11.0,71.696,76.91447699196777,134.88476160761718,76.91447699196777
128,128,11,draft|draft_verify,52.69193649291992,91.61615371704102,0.0,362.0,13.0,85.2328,91.2768113970459,144.36810060996095,91.2768113970459
128,128,12,draft|draft_verify,46.849966049194336,92.29564666748047,0.0,375.0,11.0,72.272,184.0318195845215,139.2056215166748,184.0318195845215
129,129,1,draft|draft_verify,238.23976516723633,29.551982879638672,0.0,88.0,65.0,391.60880000000003,238.23976516723633,267.85180004687504,238.23976516723633
129,129,2,draft|draft_verify|target|target_rescue_verify,1793.424367904663,207.49473571777344,2340.564012527466,153.0,446.0,2961.6079999999997,3065.4157246588866,4341.543472949902,2340.564012527466
129,129,3,draft|draft_verify,514.664888381958,102.94342041015625,0.0,267.0,136.0,889.18,889.18,617.6684175921142,514.664888381958
129,129,4,draft|draft_verify,367.09141731262207,125.58436393737793,0.0,403.0,96.0,653.8679999999999,653.8679999999999,492.73585805,367.09141731262207
129,129,5,draft|draft_verify,66.08414649963379,125.63753128051758,0.0,499.0,16.0,110.092,251.3419848178955,191.78169058015135,251.3419848178955
130,130,1,draft|draft_verify,125.49996376037598,28.15866470336914,0.0,105.0,34.0,204.8224,125.49996376037598,153.7186556637451,125.49996376037598
130,130,2,draft|draft_verify|target|target_rescue_verify,293.6971187591553,96.36116027832031,914.6897792816162,139.0,75.0,461.8464,914.6897792816162,1304.8081183190918,914.6897792816162
130,130,3,draft|draft_verify,72.23057746887207,49.7746467590332,0.0,182.0,17.0,104.8952,104.8952,122.06523782790528,72.23057746887207
130,130,4,draft|draft_verify|target|target_rescue_verify,338.3822441101074,123.84343147277832,475.97646713256836,199.0,91.0,575.152,637.1337885363891,938.262215515454,475.97646713256836
130,130,5,draft|draft_verify|target|target_rescue_verify,169.93427276611328,155.01928329467773,1742.030143737793,221.0,38.0,239.43200000000002,1742.030143737793,2067.043730198584,1742.030143737793
130,130,6,draft|draft_verify,331.67362213134766,97.20873832702637,0.0,306.0,87.0,571.5168,571.5168,428.94243005837404,331.67362213134766
130,130,7,draft|draft_verify,96.0845947265625,92.2079086303711,0.0,393.0,24.0,160.11599999999999,252.38392783037108,188.3525225569336,189.53673575739748
131,131,1,draft|draft_verify,268.76187324523926,29.712200164794922,0.0,81.0,73.0,439.324,268.76187324523926,298.5341318100342,268.76187324523926
131,131,2,draft|draft_verify,107.02276229858398,44.85273361206055,0.0,154.0,29.0,177.78320000000002,177.78320000000002,151.93551911064452,107.02276229858398
131,131,3,draft|draft_verify,110.98527908325195,49.44777488708496,0.0,183.0,30.0,185.98080000000002,185.98080000000002,160.4930779703369,110.98527908325195
131,131,4,draft|draft_verify,107.62143135070801,58.418989181518555,0.0,213.0,29.0,181.74800000000002,181.74800000000002,166.10044373222655,107.62143135070801
131,131,5,draft|draft_verify,380.74469566345215,76.36666297912598,0.0,242.0,98.0,630.2647999999999,630.2647999999999,457.17143704257813,380.74469566345215
131,131,6,draft|draft_verify,51.187753677368164,76.84326171875,0.0,340.0,13.0,84.59920000000001,84.59920000000001,128.09102579611817,76.42674137912597
131,131,7,draft|draft_verify,43.95437240600586,90.90590476989746,0.0,353.0,11.0,71.744,76.90327211875,134.9202859759033,76.90327211875
131,131,8,draft|draft_verify,333.9202404022217,124.50313568115234,0.0,364.0,85.0,569.8504,569.8504,458.483444083374,333.9202404022217
131,131,9,draft|draft_verify,97.01704978942871,124.69291687011719,0.0,449.0,24.0,163.2072,287.9601360701172,221.7699858595459,249.31613975126953
132,132,1,draft|draft_verify,337.5709056854248,50.382375717163086,0.0,115.0,92.0,563.2424000000001,337.5709056854248,388.0133550025879,337.5709056854248
132,132,2,draft|draft_verify,356.9209575653076,59.725284576416016,0.0,207.0,91.0,576.88,576.88,416.70631494172363,356.9209575653076
132,132,3,draft|draft_verify,157.71842002868652,75.96158981323242,0.0,298.0,41.0,265.916,265.916,233.74004264191893,157.71842002868652
132,132,4,draft|draft_verify,122.20954895019531,90.95287322998047,0.0,339.0,32.0,210.092,210.092,213.2224477801758,122.20954895019531
132,132,5,draft|draft_verify,201.79486274719238,92.23294258117676,0.0,371.0,51.0,340.32,340.32,294.08784612836916,201.79486274719238
132,132,6,draft|draft_verify,168.41363906860352,124.17840957641602,0.0,422.0,44.0,298.3808,298.3808,292.65208384501955,168.41363906860352
132,132,7,draft|draft_verify,251.15561485290527,141.95609092712402,0.0,466.0,66.0,456.684,456.684,393.1717585800293,251.15561485290527
132,132,8,draft|draft_verify,242.16055870056152,127.8843879699707,0.0,532.0,61.0,431.14,431.14,370.10499547053223,242.16055870056152
132,132,9,draft|draft_verify,112.58316040039062,130.32054901123047,0.0,593.0,28.0,200.0536,330.43417141123047,242.96373181162107,258.32500818120116
133,133,1,draft|draft_verify,136.1081600189209,29.469966888427734,0.0,116.0,37.0,224.0008,136.1081600189209,165.63815650734864,136.1081600189209
133,133,2,draft|draft_verify|target|target_rescue_verify,338.2265567779541,114.7468090057373,1115.3090000152588,153.0,87.0,539.9376,1115.3090000152588,1568.3424353989503,1115.3090000152588
133,133,3,draft|draft_verify|target|backtracking_verify,220.3655242919922,135.3302001953125,1569.1099166870117,206.0,59.0,371.4416,1569.1099166870117,1924.8656883743165,1569.1099166870117
133,133,4,draft|draft_verify|target|target_rescue_verify,597.7132320404053,341.6783809661865,2341.315507888794,548.0,154.0,1113.46,2540.436662869037,3280.7672440953856,2512.154698371887
133,133,5,draft|draft_verify|target|target_rescue_verify,462.0332717895508,276.0617733001709,2360.633373260498,333.0,118.0,787.3936000000001,2360.633373260498,3098.7885127502195,2360.633373260498
133,133,6,draft|draft_verify,633.8663101196289,128.4797191619873,0.0,449.0,162.0,1134.672,1134.672,762.4061588816162,633.8663101196289
133,133,7,draft|draft_verify|target|target_rescue_verify,253.584623336792,264.27388191223145,1068.3026313781738,611.0,67.0,486.66880000000003,1068.3026313781738,1586.2211902271972,1068.3026313781738
133,133,8,draft|draft_verify|target|target_rescue_verify,254.88781929016113,312.2982978820801,1404.8993587493896,661.0,67.0,494.58880000000005,1404.8993587493896,1972.1455295216308,1404.8993587493896
133,133,9,draft|draft_verify,82.02576637268066,152.27723121643066,0.0,729.0,20.0,148.4984,308.4863961574707,234.36301358911135,308.4863961574707
134,134,1,draft|draft_verify,161.07630729675293,28.325557708740234,0.0,91.0,44.0,264.2216,161.07630729675293,189.46190020549315,161.07630729675293
134,134,2,draft|draft_verify,167.283296585083,45.163631439208984,0.0,135.0,46.0,281.10400000000004,281.10400000000004,212.506964824292,167.283296585083
134,134,3,draft|draft_verify,544.3704128265381,75.6690502166748,0.0,181.0,148.0,939.4839999999999,939.4839999999999,620.0995814432129,544.3704128265381
134,134,4,draft|draft_verify,395.41006088256836,123.86727333068848,0.0,329.0,105.0,697.9224,697.9224,519.3374182132568,395.41006088256836
134,134,5,draft|draft_verify,845.597505569458,140.4726505279541,0.0,434.0,220.0,1548.7264,1548.7264,986.1303320974121,845.597505569458
134,134,6,draft|draft_verify,96.45295143127441,136.25288009643555,0.0,654.0,23.0,167.1584,303.47129849643557,232.76584992770995,276.84572502438965
135,135,1,draft|draft_verify,93.9474105834961,28.998851776123047,0.0,120.0,25.0,151.132,93.9474105834961,123.00628235961914,93.9474105834961
135,135,2,draft|draft_verify,193.67241859436035,49.66092109680176,0.0,145.0,48.0,294.5832,294.5832,243.3933780911621,193.67241859436035
135,135,3,draft|draft_verify,45.45259475708008,49.096107482910156,0.0,193.0,12.0,74.1336,74.1336,94.60871183999024,49.72095949680176
135,135,4,draft|draft_verify,181.0283660888672,59.49068069458008,0.0,205.0,48.0,301.35119999999995,301.35119999999995,240.57908518344726,181.0283660888672
135,135,5,draft|draft_verify,43.45083236694336,59.310197830200195,0.0,253.0,11.0,69.344,69.344,102.82103899714355,59.55071909458008
135,135,6,draft|draft_verify,215.32344818115234,76.04551315307617,0.0,264.0,54.0,346.97520000000003,346.97520000000003,291.4290045342285,215.32344818115234
135,135,7,draft|draft_verify,414.86215591430664,92.49091148376465,0.0,318.0,108.0,715.4496,715.4496,507.4131537980713,414.86215591430664
135,135,8,draft|draft_verify,612.1320724487305,127.42447853088379,0.0,426.0,156.0,1082.928,1082.928,739.6166757796143,612.1320724487305
135,135,9,draft|draft_verify,375.4725456237793,151.54528617858887,0.0,582.0,97.0,702.0472,702.0472,527.0779094023682,375.4725456237793
135,135,10,draft|draft_verify,1201.3981342315674,202.01849937438965,0.0,679.0,303.0,2341.1664,2341.1664,1403.4768760059571,1201.3981342315674
135,135,11,draft|draft_verify,388.4317874908447,221.53019905090332,0.0,982.0,100.0,819.2031999999999,819.2031999999999,610.022066541748,388.4317874908447
135,135,12,draft|draft_verify,230.06081581115723,229.0956974029541,0.0,1082.0,57.0,476.4312,476.4312,459.2165588141113,230.06081581115723
135,135,13,draft|draft_verify,89.50996398925781,229.40850257873535,0.0,1139.0,21.0,175.716,458.62426238168945,318.97848336799314,458.62426238168945
136,136,1,draft|draft_verify,208.6186408996582,30.44748306274414,0.0,114.0,55.0,334.03839999999997,208.6186408996582,239.12616796240235,208.6186408996582
136,136,2,draft|draft_verify,201.2190818786621,49.999237060546875,0.0,169.0,54.0,334.8912,334.8912,251.27836213920898,201.2190818786621
136,136,3,draft|draft_verify,223.85263442993164,59.80181694030762,0.0,223.0,58.0,367.3936,367.3936,283.7144977702393,223.85263442993164
136,136,4,draft|draft_verify,211.17258071899414,75.74319839477539,0.0,281.0,54.0,349.1376,349.1376,286.9758223137695,211.17258071899414
136,136,5,draft|draft_verify|target|target_rescue_verify,327.068567276001,235.18109321594238,2518.6660289764404,335.0,83.0,550.5152,2518.6660289764404,3080.9757558683837,2518.6660289764404
136,136,6,draft|draft_verify,194.54407691955566,126.07264518737793,0.0,456.0,49.0,336.6136,336.6136,320.6767613069336,194.54407691955566
136,136,7,draft|draft_verify|target|target_rescue_verify,595.4475402832031,270.07365226745605,1880.3355693817139,505.0,151.0,1075.72,1880.3355693817139,2745.916882732373,1880.3355693817139
136,136,8,draft|draft_verify,215.7735824584961,130.7840347290039,0.0,597.0,53.0,382.0328,382.0328,346.6176595875,215.7735824584961
136,136,9,draft|draft_verify,673.724889755249,173.2776165008545,0.0,650.0,170.0,1273.9160000000002,1273.9160000000002,847.0626422561036,673.724889755249
136,136,10,draft|draft_verify,178.88545989990234,174.17025566101074,0.0,820.0,45.0,347.26800000000003,347.26800000000003,353.11575156091305,178.88545989990234
136,136,11,draft|draft_verify,656.1973094940186,202.28004455566406,0.0,865.0,168.0,1344.6792,1344.6792,858.5374884496827,656.1973094940186
136,136,12,draft|draft_verify,179.32629585266113,226.4692783355713,0.0,1033.0,46.0,378.088,604.6173151355713,405.85561098823246,428.86949409123537
137,137,1,draft|draft_verify,140.59162139892578,29.47378158569336,0.0,88.0,36.0,215.544,140.59162139892578,170.12543178461914,140.59162139892578
137,137,2,draft|draft_verify,102.77533531188965,29.363393783569336,0.0,124.0,27.0,163.56000000000003,163.56000000000003,132.19875069545898,102.77533531188965
137,137,3,draft|draft_verify,143.64981651306152,48.41470718383789,0.0,151.0,37.0,227.0248,227.0248,192.12455329689942,143.64981651306152
137,137,4,draft|draft_verify,115.25583267211914,49.56698417663574,0.0,188.0,31.0,192.59199999999998,192.59199999999998,164.8828416487549,115.25583267211914
137,137,5,draft|draft_verify,292.14024543762207,60.36972999572754,0.0,219.0,77.0,488.94800000000004,488.94800000000004,352.5700370333496,292.14024543762207
137,137,6,draft|draft_verify,224.0884304046631,76.70140266418457,0.0,296.0,57.0,370.7928,370.7928,300.8498786688476,224.0884304046631
137,137,7,draft|draft_verify,169.37518119812012,91.74394607543945,0.0,353.0,43.0,284.56960000000004,284.56960000000004,261.1791616735596,169.37518119812012
137,137,8,draft|draft_verify,121.51789665222168,122.96104431152344,0.0,396.0,30.0,200.80560000000003,200.80560000000003,244.53896496374512,121.51789665222168
137,137,9,draft|draft_verify,102.27274894714355,124.43327903747559,0.0,426.0,27.0,182.40480000000002,182.40480000000002,226.76604958461914,123.02106831152344
137,137,10,draft|draft_verify,27.513742446899414,124.17101860046387,0.0,453.0,7.0,46.7536,124.49330063747558,151.7447666473633,124.49330063747558
137,137,11,draft|draft_verify,95.31116485595703,126.01804733276367,0.0,460.0,25.0,170.716,170.716,221.3892321887207,124.23102420046386
137,137,12,draft|draft_verify|target|target_rescue_verify,336.40265464782715,266.8583393096924,1859.6694469451904,485.0,89.0,622.6904,1859.6694469451904,2462.99051210271,1859.6694469451904
137,137,13,draft|draft_verify|target|target_rescue_verify,174.86214637756348,268.1872844696045,733.0996990203857,570.0,45.0,320.868,733.0996990203857,1176.2091658675536,733.0996990203857
137,137,14,draft|draft_verify,59.83734130859375,128.9658546447754,0.0,605.0,15.0,106.68,134.09364223480225,188.86320795336914,134.09364223480225
137,137,15,draft|draft_verify,280.54356575012207,153.03277969360352,0.0,620.0,69.0,502.8744,502.8744,433.6364006437256,280.54356575012207
137,137,16,draft|draft_verify,46.640634536743164,151.54290199279785,0.0,689.0,11.0,79.80799999999999,153.0928348936035,198.243545329541,153.0928348936035
137,137,17,draft|draft_verify,120.0861930847168,153.36322784423828,0.0,700.0,31.0,229.456,229.456,273.5094457289551,151.60291079279784
137,137,18,draft|draft_verify,36.58127784729004,159.00945663452148,0.0,731.0,9.0,65.7816,153.4232526442383,195.65074168181152,153.4232526442383
137,137,19,draft|draft_verify,55.26447296142578,154.76179122924805,0.0,740.0,13.0,96.1192,313.8912654637695,210.08627459067384,313.8912654637695
138,138,1,draft|draft_verify,403.6588668823242,60.538530349731445,0.0,148.0,111.0,690.864,403.6588668823242,464.2574860320557,403.6588668823242
138,138,3,draft|draft_verify,383.3580017089844,92.9253101348877,0.0,312.0,98.0,646.5608,646.5608,476.3433902438721,383.3580017089844
138,138,4,draft|draft_verify|target|target_rescue_verify,469.6965217590332,306.5023422241211,2472.961187362671,410.0,118.0,809.0152,2472.961187362671,3249.220145745825,2472.961187362671
138,138,5,draft|draft_verify,289.3187999725342,127.4113655090332,0.0,531.0,76.0,538.66,538.66,416.79022628156736,289.3187999725342
138,138,6,draft|draft_verify|target|target_rescue_verify,1170.184850692749,312.441349029541,1105.1836013793945,607.0,297.0,2241.4872,2397.7681121147707,2587.8700387016843,1326.4657628075195
138,138,7,draft|draft_verify,607.6869964599609,174.8330593109131,0.0,659.0,160.0,1200.4024,1200.4024,782.580183770874,607.6869964599609
138,138,8,draft|draft_verify|target|target_rescue_verify,465.0259017944336,376.04522705078125,249.1471767425537,819.0,124.0,971.8312,1159.9139127253907,1090.2784047877685,653.1086145198242
138,138,9,draft|draft_verify|target|target_rescue_verify,604.724645614624,403.9349555969238,3456.5539360046387,828.0,160.0,1264.8928,3456.5539360046387,4465.273665216187,3456.5539360046387
138,138,10,draft|draft_verify|target|target_rescue_verify,682.5218200683594,471.738338470459,3448.6536979675293,998.0,170.0,1415.0648,3448.6536979675293,4602.973992506348,3448.6536979675293
138,138,11,draft|draft_verify|target|target_rescue_verify,694.7269439697266,568.833589553833,3463.900327682495,1168.0,170.0,1484.0168,3463.900327682495,4727.520997206055,3463.900327682495
138,138,12,draft|draft_verify,662.4295711517334,313.54451179504395,0.0,1338.0,170.0,1552.9688,1552.9688,976.0342189467774,662.4295711517334
138,138,13,draft|draft_verify|target|target_rescue_verify,650.5920886993408,672.6257801055908,3506.718158721924,1508.0,170.0,1621.9207999999999,3506.718158721924,4829.9961635268555,3506.718158721924
138,138,14,draft|draft_verify,698.0433464050293,387.44187355041504,0.0,1678.0,170.0,1690.8728,1690.8728,1085.5453559554444,698.0433464050293
138,138,15,draft|draft_verify,651.2813568115234,404.38318252563477,0.0,1848.0,170.0,1759.8247999999999,1759.8247999999999,1055.7246753371583,651.2813568115234
138,138,16,draft|draft_verify,645.4710960388184,421.45657539367676,0.0,2018.0,170.0,1828.7768,2250.293511393677,1066.9878074324952,1066.9878074324952
139,139,1,draft|draft_verify,319.4739818572998,30.676841735839844,0.0,81.0,87.0,525.0768,319.4739818572998,350.21089319313967,319.4739818572998
139,139,2,draft|draft_verify,211.2102508544922,49.713134765625,0.0,168.0,58.0,359.8696,359.8696,260.9834320201172,211.2102508544922
139,139,3,draft|draft_verify,954.6759128570557,128.49187850952148,0.0,226.0,252.0,1658.5248,1658.5248,1083.2279929665772,954.6759128570557
139,139,4,draft|draft_verify|target|target_rescue_verify,50.780534744262695,258.87537002563477,943.2957172393799,478.0,13.0,88.5736,943.2957172393799,1253.0116324092774,943.2957172393799
139,139,5,draft|draft_verify,78.83024215698242,141.68691635131836,0.0,517.0,19.0,131.8048,273.55173155131837,220.5771737083008,271.18461656413575
140,140,1,draft|draft_verify|target|backtracking_verify,151.8416404724121,64.61238861083984,810.5628490447998,123.0,41.0,249.116,810.5628490447998,1027.0769109280518,810.5628490447998
140,140,2,draft|draft_verify|target|target_rescue_verify|backtracking_verify,493.19958686828613,238.7559413909912,3435.5216026306152,326.0,132.0,880.9248,3554.899573326111,4167.537236489892,3554.899573326111
140,140,3,draft|draft_verify|target|target_rescue_verify,572.7150440216064,308.21681022644043,4133.099794387817,439.0,153.0,1066.2744,4287.208199501038,5014.091771035864,4287.208199501038
140,140,4,draft|draft_verify|target|target_rescue_verify,384.3231201171875,197.82233238220215,1719.6521759033203,285.0,101.0,660.26,1719.6521759033203,2301.85770920271,1719.6521759033203
140,140,5,draft|draft_verify|target|target_rescue_verify,495.1813220977783,265.4273509979248,4224.047660827637,369.0,130.0,880.5664,4224.047660827637,4984.71643792334,4224.047660827637
140,140,6,draft|draft_verify,240.9956455230713,129.84490394592285,0.0,578.0,60.0,430.4928,430.4928,370.90059746899414,240.9956455230713
140,140,7,draft|draft_verify,67.03376770019531,130.14507293701172,0.0,638.0,16.0,115.096,260.1100376829346,197.238853437207,260.1100376829346
141,141,1,draft|draft_verify,96.73285484313965,29.314756393432617,0.0,101.0,26.0,156.08,96.73285484313965,126.10763203657227,96.73285484313965
141,141,2,draft|draft_verify,55.29665946960449,28.472423553466797,0.0,127.0,15.0,90.6192,90.6192,83.82909502307129,55.29665946960449
141,141,3,draft|draft_verify,153.07998657226562,44.54755783081055,0.0,142.0,42.0,257.11920000000003,257.11920000000003,197.68757800307617,153.07998657226562
141,141,4,draft|draft_verify,146.09050750732422,49.910783767700195,0.0,184.0,40.0,248.69440000000003,248.69440000000003,196.06132327502442,146.09050750732422
141,141,5,draft|draft_verify,62.60204315185547,58.13169479370117,0.0,224.0,17.0,106.508,106.508,120.79375154555663,62.60204315185547
141,141,6,draft|draft_verify,170.00961303710938,59.01384353637695,0.0,241.0,45.0,286.1256,286.1256,229.08349257348632,170.00961303710938
141,141,7,draft|draft_verify,208.9099884033203,76.98225975036621,0.0,286.0,55.0,356.32959999999997,356.32959999999997,285.9522921536865,208.9099884033203
141,141,8,draft|draft_verify,179.75568771362305,92.28944778442383,0.0,341.0,45.0,296.6856,296.6856,272.10517149804684,179.75568771362305
141,141,9,draft|draft_verify,182.89971351623535,140.4130458831787,0.0,386.0,48.0,321.768,321.768,323.37279779941406,182.89971351623535
141,141,10,draft|draft_verify,177.59084701538086,124.10354614257812,0.0,434.0,46.0,313.396,313.396,301.754429957959,177.59084701538086
141,141,11,draft|draft_verify,77.74949073791504,125.54502487182617,0.0,480.0,19.0,130.2064,255.81144007182615,203.35453080974122,249.76862301440428
142,142,1,draft|draft_verify,72.92461395263672,30.0748348236084,0.0,107.0,19.0,114.0928,72.92461395263672,103.05946397624511,72.92461395263672
142,142,2,draft|draft_verify|target|target_rescue_verify,216.50958061218262,97.22781181335449,1211.988925933838,126.0,58.0,354.124,1211.988925933838,1525.786364759375,1211.988925933838
142,142,3,draft|draft_verify,235.5360984802246,66.08200073242188,0.0,184.0,64.0,400.0192,400.0192,301.67815041264646,235.5360984802246
142,142,4,draft|draft_verify|target|target_rescue_verify,252.23350524902344,172.37424850463867,1887.3286247253418,248.0,67.0,429.16960000000006,1887.3286247253418,2311.996432079004,1887.3286247253418
142,142,5,draft|draft_verify,71.17223739624023,82.87262916564941,0.0,340.0,18.0,117.5592,117.5592,154.10488096188965,86.18712425231934
142,142,6,draft|draft_verify,303.6806583404541,134.75275039672852,0.0,358.0,80.0,534.6608,534.6608,438.4934727371826,303.6806583404541
142,142,7,draft|draft_verify,95.68214416503906,124.18842315673828,0.0,438.0,24.0,162.6,286.84844235673825,219.93058652177734,259.0612567534668
143,143,1,draft|draft_verify,223.8166332244873,29.825448989868164,0.0,108.0,61.0,370.084,223.8166332244873,253.70213101435547,223.8166332244873
143,143,2,draft|draft_verify|target|backtracking_verify,635.3552341461182,127.5789737701416,1219.9883460998535,169.0,169.0,1072.2712000000001,1219.9883460998535,1982.9826892161132,1219.9883460998535
143,143,3,draft|draft_verify|target|target_rescue_verify,704.7700881958008,271.5432643890381,1930.1090240478516,566.0,180.0,1315.0176000000001,1930.1090240478516,2906.4825206326905,1930.1090240478516
143,143,4,draft|draft_verify|target|target_rescue_verify,367.88439750671387,274.25289154052734,2047.4052429199219,344.0,92.0,613.2560000000001,2047.4052429199219,2689.602605567163,2047.4052429199219
143,143,5,draft|draft_verify|target|target_rescue_verify,213.78540992736816,252.81429290771484,1284.1389179229736,444.0,53.0,362.9384,1284.1389179229736,1750.7986631580566,1284.1389179229736
143,143,6,draft|draft_verify|target|target_rescue_verify,160.53056716918945,273.44274520874023,937.6001358032227,506.0,38.0,264.74,937.6001358032227,1371.6334785811523,937.6001358032227
143,143,7,draft|draft_verify,173.4917163848877,126.44290924072266,0.0,551.0,45.0,318.8616,318.8616,299.9946616256103,173.4917163848877
143,143,8,draft|draft_verify,166.21160507202148,129.8518180847168,0.0,596.0,43.0,309.064,309.064,296.1234575567383,166.21160507202148
143,143,9,draft|draft_verify,162.9941463470459,149.6884822845459,0.0,639.0,41.0,298.652,298.652,312.7426614315918,162.9941463470459
143,143,10,draft|draft_verify|target|target_rescue_verify,161.057710647583,305.4828643798828,845.9410667419434,680.0,40.0,295.12,845.9410667419434,1312.541673769409,845.9410667419434
143,143,11,draft|draft_verify,152.04524993896484,153.2294750213623,0.0,719.0,39.0,291.2112,291.2112,305.3347561603272,152.7414321899414
143,143,12,draft|draft_verify,151.16238594055176,153.8558006286621,0.0,758.0,39.0,294.76800000000003,294.76800000000003,305.0782177692139,153.2895062213623
143,143,13,draft|draft_verify,226.5005111694336,173.63429069519043,0.0,797.0,59.0,453.7088,453.7088,400.194849064624,226.5005111694336
143,143,14,draft|draft_verify,44.54970359802246,173.61831665039062,0.0,856.0,10.0,75.9976,347.3726625455811,218.2280282484131,347.3726625455811
144,144,1,draft|draft_verify,118.75700950622559,49.38507080078125,0.0,170.0,31.0,191.296,118.75700950622559,168.20210510700684,118.75700950622559
144,144,2,draft|draft_verify|target|target_rescue_verify,447.3991394042969,145.1406478881836,1011.253833770752,201.0,118.0,750.3280000000001,1011.253833770752,1603.8537154632324,1011.253833770752
144,144,3,draft|draft_verify|target|target_rescue_verify,151.3235569000244,154.0982723236084,1978.9707660675049,248.0,39.0,248.256,1978.9707660675049,2284.452626491138,1978.9707660675049
144,144,4,draft|draft_verify|target|target_rescue_verify,376.5089511871338,274.0943431854248,1834.782600402832,345.0,90.0,599.904,1834.782600402832,2485.445966775391,1834.782600402832
144,144,5,draft|draft_verify|target|target_rescue_verify,747.8246688842773,255.57208061218262,673.4294891357422,435.0,193.0,1352.7351999999998,1480.5813947060913,1676.8863930322022,875.6708635903686
144,144,6,draft|draft_verify,161.2846851348877,125.69713592529297,0.0,467.0,42.0,289.0992,289.0992,287.04185466018066,161.2846851348877
144,144,7,draft|draft_verify|target|target_rescue_verify,1458.618402481079,367.4643039703369,8446.989059448242,509.0,380.0,2817.0104,8446.989059448242,10273.132069899659,8446.989059448242
144,144,8,draft|draft_verify,418.51139068603516,201.33495330810547,0.0,928.0,106.0,855.652,855.652,619.9064287941407,418.51139068603516
144,144,9,draft|draft_verify,417.172908782959,228.3647060394287,0.0,1034.0,106.0,882.364,882.364,645.5976996223877,417.172908782959
144,144,10,draft|draft_verify,367.91110038757324,255.05304336547852,0.0,1140.0,95.0,813.2,813.2,623.0242197530517,367.91110038757324
144,144,11,draft|draft_verify,237.51592636108398,256.3505172729492,0.0,1235.0,61.0,532.372,532.372,493.9264924340332,255.11311936547852
144,144,12,draft|draft_verify,235.9163761138916,275.4669189453125,0.0,1296.0,61.0,541.156,541.156,511.4433438592041,256.4105660729492
144,144,13,draft|draft_verify,243.64185333251953,278.5205841064453,0.0,1357.0,61.0,549.9399999999999,549.9399999999999,522.2224862389648,275.5269677453125
144,144,14,draft|draft_verify,237.4262809753418,308.43400955200195,0.0,1418.0,61.0,558.7239999999999,558.7239999999999,545.9203393273438,278.5806329064453
144,144,15,draft|draft_verify,236.2844944000244,311.4640712738037,0.0,1479.0,61.0,567.508,567.508,547.8086144738281,308.49405835200196
144,144,16,draft|draft_verify,235.38708686828613,329.61344718933105,0.0,1540.0,61.0,576.2919999999999,576.2919999999999,565.0605828576172,311.5241200738037
144,144,17,draft|draft_verify,235.29815673828125,330.7032585144043,0.0,1601.0,61.0,585.076,585.076,566.0614640526856,329.67349598933106
144,144,18,draft|draft_verify,236.30499839782715,350.5837917327881,0.0,1662.0,61.0,593.8599999999999,593.8599999999999,586.9488389306152,330.7633073144043
144,144,19,draft|draft_verify,250.6728172302246,360.0420951843262,0.0,1723.0,61.0,602.644,602.644,610.7749612145508,350.6438405327881
144,144,20,draft|draft_verify,253.65805625915527,387.9208564758301,0.0,1784.0,61.0,611.4279999999999,611.4279999999999,641.6389615349854,360.1021439843262
144,144,21,draft|draft_verify,234.100341796875,391.68739318847656,0.0,1845.0,61.0,620.212,620.212,625.8477837853516,387.9809052758301
144,144,22,draft|draft_verify,234.39669609069824,401.5076160430908,0.0,1906.0,61.0,628.996,628.996,635.9643609337891,391.74744198847657
144,144,23,draft|draft_verify,236.84382438659668,403.9924144744873,0.0,1967.0,61.0,637.78,637.78,640.896287661084,401.5676648430908
144,144,24,draft|draft_verify,249.4528293609619,432.7538013458252,0.0,2028.0,61.0,646.564,1079.377850145825,682.2666795067871,836.8663134203125
145,145,1,draft|draft_verify,660.6287956237793,77.59451866149902,0.0,145.0,172.0,1082.0824,660.6287956237793,738.2834518852783,660.6287956237793
145,145,2,draft|draft_verify|target|target_rescue_verify,117.91372299194336,162.29724884033203,701.8914222717285,317.0,31.0,201.88,701.8914222717285,982.162418904004,701.8914222717285
145,145,3,draft|draft_verify,48.63309860229492,81.9854736328125,0.0,347.0,12.0,78.19919999999999,81.14862442016602,130.67858183510742,81.14862442016602
145,145,4,draft|draft_verify,497.7686405181885,124.71389770507812,0.0,359.0,126.0,849.84,849.84,622.5426390232666,497.7686405181885
145,145,5,draft|draft_verify,73.52995872497559,125.27346611022949,0.0,485.0,18.0,123.4752,250.1074790153076,198.86343923520508,250.1074790153076
146,146,1,draft|draft_verify|target|backtracking_verify,141.58296585083008,62.75224685668945,947.5786685943604,105.0,37.0,223.0504,947.5786685943604,1151.97391090188,947.5786685943604
146,146,2,draft|draft_verify|target|target_rescue_verify,621.0143566131592,222.09787368774414,3345.1812267303467,293.0,164.0,1088.06,3456.2301635742188,4188.35358823125,3456.2301635742188
146,146,3,draft|draft_verify,304.5806884765625,86.77411079406738,0.0,235.0,77.0,491.8664,491.8664,391.41486087062987,304.5806884765625
146,146,4,draft|draft_verify|target|target_rescue_verify,269.0246105194092,241.58120155334473,5716.086149215698,312.0,68.0,445.9568,5716.086149215698,6226.752015688452,5716.086149215698
146,146,5,draft|draft_verify,222.23949432373047,140.0308609008789,0.0,595.0,51.0,367.2,367.2,362.3303960246094,222.23949432373047
146,146,6,draft|draft_verify,151.1521339416504,133.06736946105957,0.0,646.0,35.0,255.04160000000002,388.1689974610596,284.27953140270995,284.27953140270995
147,147,1,draft|draft_verify,122.83802032470703,29.976606369018555,0.0,115.0,31.0,187.33599999999998,122.83802032470703,152.8746514937256,122.83802032470703
147,147,2,draft|draft_verify,656.2526226043701,77.69584655761719,0.0,146.0,167.0,1050.0128,1050.0128,734.0086027619873,656.2526226043701
147,147,3,draft|draft_verify|target|target_rescue_verify,396.37088775634766,280.4439067840576,11699.443578720093,313.0,98.0,646.7936,11699.443578720093,12376.318451660498,11699.443578720093
147,147,4,draft|draft_verify,382.16590881347656,199.64170455932617,0.0,891.0,93.0,740.82,740.82,581.8676877728028,382.16590881347656
147,147,5,draft|draft_verify,87.00013160705566,199.6150016784668,0.0,984.0,20.0,160.1264,399.37679663779295,286.6751492855225,399.37679663779295
148,148,1,draft|draft_verify|target|target_rescue_verify,242.7074909210205,101.45854949951172,803.0681610107422,153.0,62.0,382.81759999999997,803.0681610107422,1147.2942510312744,803.0681610107422
148,148,2,draft|draft_verify|target|target_rescue_verify,330.3241729736328,127.71964073181152,1827.521800994873,191.0,85.0,534.9736,1827.521800994873,2285.625682700317,1827.521800994873
148,148,3,draft|draft_verify|target|target_rescue_verify,252.9747486114502,169.45242881774902,778.2318592071533,280.0,63.0,407.9712,778.2318592071533,1200.7190870363524,778.2318592071533
148,148,4,draft|draft_verify,165.93623161315918,83.2064151763916,0.0,317.0,43.0,280.9408,280.9408,249.2026811895508,165.93623161315918
148,148,5,draft|draft_verify,429.34441566467285,137.64667510986328,0.0,360.0,108.0,726.2352000000001,726.2352000000001,567.0511771745362,429.34441566467285
148,148,6,draft|draft_verify|target|target_rescue_verify,742.3758506774902,292.6673889160156,1506.880283355713,468.0,183.0,1294.8096,1506.880283355713,2541.983669349219,1506.880283355713
148,148,7,draft|draft_verify,279.95944023132324,127.07138061523438,0.0,539.0,69.0,489.6552,489.6552,407.09087604655764,279.95944023132324
148,148,8,draft|draft_verify,275.5775451660156,132.3068141937256,0.0,608.0,69.0,500.916,500.916,407.94441455974123,275.5775451660156
148,148,9,draft|draft_verify,275.20012855529785,153.2745361328125,0.0,677.0,69.0,512.1768,512.1768,428.5347198881104,275.20012855529785
148,148,10,draft|draft_verify,276.75580978393555,173.4781265258789,0.0,746.0,69.0,523.4376,523.4376,450.2939915098145,276.75580978393555
148,148,11,draft|draft_verify,263.6382579803467,175.61864852905273,0.0,815.0,70.0,542.56,542.56,439.3169625093994,263.6382579803467
148,148,12,draft|draft_verify|target|target_rescue_verify,1183.8040351867676,502.593994140625,6466.910839080811,885.0,294.0,2413.2624,6466.910839080811,8153.369103608204,6466.910839080811
148,148,13,draft|draft_verify,134.89580154418945,254.0872097015381,0.0,1201.0,32.0,274.2248,528.3720353015381,389.04303684572756,505.4442323718506
149,149,1,draft|draft_verify,154.0372371673584,30.1210880279541,0.0,88.0,41.0,245.756,154.0372371673584,184.2183579953125,154.0372371673584
149,149,2,draft|draft_verify,195.481538772583,45.62115669250488,0.0,129.0,53.0,323.62640000000005,323.62640000000005,241.16273786508788,195.481538772583
149,149,3,draft|draft_verify|target|target_rescue_verify,222.5658893585205,124.69887733459473,1483.907699584961,182.0,60.0,374.41920000000005,1483.907699584961,1831.2325142780762,1483.907699584961
149,149,4,draft|draft_verify,303.4493923187256,85.81018447875977,0.0,253.0,79.0,508.216,508.216,389.31963999748535,303.4493923187256
149,149,5,draft|draft_verify,96.3139533996582,82.69667625427246,0.0,332.0,24.0,156.7488,239.50549545427245,179.07064885393066,179.07064885393066
150,150,1,draft|draft_verify,128.16619873046875,30.721187591552734,0.0,101.0,34.0,204.5056,128.16619873046875,158.9474135220215,128.16619873046875
150,150,2,draft|draft_verify,210.87265014648438,53.2991886138916,0.0,135.0,55.0,336.76,336.76,264.231882760376,210.87265014648438
150,150,3,draft|draft_verify,260.3886127471924,63.7357234954834,0.0,190.0,66.0,413.62800000000004,413.62800000000004,324.1843890426758,260.3886127471924
150,150,4,draft|draft_verify,105.99708557128906,64.15200233459473,0.0,256.0,27.0,171.79680000000002,171.79680000000002,170.2091095058838,105.99708557128906
150,150,5,draft|draft_verify,63.4920597076416,63.96365165710449,0.0,283.0,15.0,95.86080000000001,159.8844636571045,127.5157233647461,128.23568759169922
151,151,1,draft|draft_verify,245.79334259033203,45.49574851989746,0.0,121.0,66.0,402.86400000000003,245.79334259033203,291.3491439102295,245.79334259033203
151,151,3,draft|draft_verify,85.01172065734863,125.3664493560791,0.0,490.0,20.0,137.60000000000002,263.02646535607914,210.43818601342775,210.43818601342775
152,152,1,draft|draft_verify,324.08642768859863,49.926042556762695,0.0,137.0,81.0,499.02,324.08642768859863,374.07253504536135,324.08642768859863
152,152,2,draft|draft_verify,307.54804611206055,59.427738189697266,0.0,218.0,71.0,450.12800000000004,450.12800000000004,367.0358411017578,307.54804611206055
152,152,3,draft|draft_verify,311.9370937347412,76.70998573303223,0.0,289.0,71.0,462.05600000000004,462.05600000000004,388.7071362677734,311.9370937347412
152,152,4,draft|draft_verify|target|target_rescue_verify,961.3254070281982,281.06141090393066,5537.443161010742,360.0,237.0,1631.4024,5537.443161010742,6779.890168542871,5537.443161010742
152,152,5,draft|draft_verify|target|backtracking_verify,283.3225727081299,339.24269676208496,3986.6950511932373,631.0,73.0,534.364,3986.6950511932373,4609.3203790634525,3986.6950511932373
152,152,6,draft|draft_verify|target|target_rescue_verify,1294.9163913726807,532.5717926025391,1612.0662689208984,1532.0,340.0,3336.3472,3602.69336830127,3439.614724896118,1612.0662689208984
152,152,7,draft|draft_verify|target|target_rescue_verify,821.3839530944824,845.8025455474854,9060.291528701782,1711.0,214.0,2157.7216,9483.192801475525,10727.53819854375,9483.192801475525
152,152,8,draft|draft_verify,96.69017791748047,202.6071548461914,0.0,1023.0,23.0,186.6416,414.11780963306273,299.35735116367186,414.11780963306273
153,153,1,draft|draft_verify,62.50309944152832,77.26478576660156,0.0,340.0,15.0,97.77600000000001,62.50309944152832,139.82789720812988,62.50309944152832
153,153,2,draft|draft_verify|target|backtracking_verify,203.44042778015137,186.28430366516113,1357.5079441070557,355.0,53.0,351.8312,1357.5079441070557,1747.292717952368,1357.5079441070557
153,153,4,draft|draft_verify|target|target_rescue_verify,1406.348466873169,561.2225532531738,4683.013439178467,981.0,355.0,3021.9616,5784.4455185291135,6650.64474330481,4963.624715805054
153,153,5,draft|draft_verify|target|target_rescue_verify,1013.0975246429443,594.1910743713379,4822.964191436768,1210.0,257.0,2297.5544,5154.740007096887,6430.31299605105,5120.0597286224365
153,153,6,draft|draft_verify|target|target_rescue_verify,38.666725158691406,356.9600582122803,8045.78423500061,660.0,9.0,64.4184,8045.78423500061,8441.471025571582,8045.78423500061
153,153,7,draft|draft_verify,69.71955299377441,225.82411766052246,0.0,1053.0,16.0,130.036,178.48002910614014,295.60368345429686,178.48002910614014
153,153,8,draft|draft_verify,91.95518493652344,228.6059856414795,0.0,1069.0,23.0,189.0704,225.88413046052247,320.6211889780029,225.88413046052247
153,153,9,draft|draft_verify,163.4984016418457,229.21419143676758,0.0,1092.0,41.0,342.14,342.14,392.77262587861327,228.66600404147948
153,153,10,draft|draft_verify|target|target_rescue_verify,93.36733818054199,459.57183837890625,514.0430927276611,1133.0,23.0,192.4496,514.0430927276611,1067.0422876871094,514.0430927276611
153,153,11,draft|draft_verify,64.66197967529297,230.8199405670166,0.0,1156.0,16.0,133.744,229.78591918945312,295.54193304230955,229.78591918945312
153,153,12,draft|draft_verify|target|target_rescue_verify,151.92079544067383,502.95400619506836,620.2118396759033,1172.0,36.0,306.6,620.2118396759033,1275.1466701116456,620.2118396759033
153,153,13,draft|draft_verify,95.39461135864258,254.5454502105713,0.0,1201.0,23.0,196.04000000000002,251.47700309753418,350.00007996921386,251.47700309753418
153,153,14,draft|draft_verify,128.80253791809082,255.9823989868164,0.0,1224.0,32.0,275.936,275.936,384.84496250490724,254.60546861057128
153,153,15,draft|draft_verify,302.3946285247803,276.796817779541,0.0,1256.0,77.0,678.0968,678.0968,579.2515079043212,302.3946285247803
153,153,16,draft|draft_verify|target|target_rescue_verify,327.2387981414795,552.027702331543,477.4668216705322,1333.0,83.0,746.9215999999999,1022.9955175657714,1356.7933885435546,603.312715707251
153,153,17,draft|draft_verify,272.19128608703613,279.9222469329834,0.0,1353.0,68.0,613.3496,613.3496,552.1735874200195,276.0138511657715
153,153,18,draft|draft_verify,116.78075790405273,305.3097724914551,0.0,1421.0,29.0,262.92560000000003,279.9823013329834,422.1505535955078,279.9823013329834
153,153,19,draft|draft_verify,82.96489715576172,306.69498443603516,0.0,1450.0,19.0,172.1104,612.1247953274902,389.7198967917969,612.1247953274902
154,154,1,draft|draft_verify|target|target_rescue_verify,236.64569854736328,108.62326622009277,1029.5870304107666,178.0,63.0,392.7936,1029.5870304107666,1374.9160455782226,1029.5870304107666
154,154,2,draft|draft_verify|target|target_rescue_verify,218.79816055297852,154.39677238464355,2054.4252395629883,226.0,58.0,367.80400000000003,2054.4252395629883,2427.6802189006103,2054.4252395629883
154,154,3,draft|draft_verify|target|target_rescue_verify,666.1779880523682,279.6506881713867,2241.5859699249268,327.0,175.0,1177.5952,2241.5859699249268,3187.4747861486817,2241.5859699249268
154,154,4,draft|draft_verify,412.6889705657959,149.98745918273926,0.0,437.0,107.0,738.9632,738.9632,562.7365153485351,412.6889705657959
154,154,5,draft|draft_verify|target|target_rescue_verify,947.2591876983643,342.7894115447998,6205.327272415161,544.0,248.0,1819.5104000000001,6205.327272415161,7495.436070058326,6205.327272415161
154,154,6,draft|draft_verify|target|target_rescue_verify,793.2219505310059,418.76792907714844,2546.8225479125977,850.0,207.0,1659.5904,2546.8225479125977,3758.872593120752,2546.8225479125977
154,154,7,draft|draft_verify|target|target_rescue_verify,815.5312538146973,478.83129119873047,2172.5425720214844,975.0,214.0,1781.4784,2172.5425720214844,3466.965288234912,2172.5425720214844
154,154,8,draft|draft_verify|target|target_rescue_verify,666.2552356719971,528.8019180297852,2848.8643169403076,1079.0,172.0,1465.3960000000002,2848.8643169403076,4043.98160824209,2848.8643169403076
154,154,9,draft|draft_verify|target|backtracking_verify,276.3175964355469,553.7261962890625,4478.975772857666,1219.0,71.0,618.296,4478.975772857666,5309.079622382275,4478.975772857666
154,154,10,draft|draft_verify|target|target_rescue_verify,532.1776866912842,574.3916034698486,3145.914316177368,1290.0,134.0,1202.3144,3145.914316177368,4252.543713538501,3145.914316177368
154,154,11,draft|draft_verify,89.20621871948242,305.7210445404053,0.0,1444.0,20.0,181.1024,592.9768622753296,394.9872792598877,592.9768622753296
155,155,1,draft|draft_verify|target|backtracking_verify,408.8265895843506,77.26097106933594,1658.8258743286133,78.0,109.0,660.004,1658.8258743286133,2144.9735221823,1658.8258743286133
155,155,2,draft|draft_verify|target|target_rescue_verify,1022.4225521087646,247.44462966918945,2958.425760269165,346.0,263.0,1809.872,3474.728562786475,4228.353152447119,3082.1480751037598
155,155,4,draft|draft_verify|target|target_rescue_verify,526.0798931121826,308.9778423309326,565.5355453491211,697.0,133.0,1005.2968000000001,1159.8458275654664,1400.6533871922363,680.6289206776489
155,155,5,draft|draft_verify|target|target_rescue_verify,783.9279174804688,419.27647590637207,6831.61473274231,800.0,199.0,1569.7024,6831.61473274231,8034.879285329151,6831.61473274231
155,155,6,draft|draft_verify|target|target_rescue_verify,1439.4419193267822,560.1043701171875,5330.309152603149,1214.0,365.0,3315.0824,5330.309152603149,7329.915734047119,5330.309152603149
155,155,7,draft|draft_verify|target|target_rescue_verify,672.6305484771729,600.764274597168,2494.123935699463,1502.0,173.0,1648.7527999999998,2494.123935699463,3767.578897173804,2494.123935699463
155,155,8,draft|draft_verify,275.2385139465332,130.10382652282715,0.0,568.0,73.0,523.4776,523.4776,405.40239886936035,300.382137298584
155,155,9,draft|draft_verify|target|backtracking_verify,135.4987621307373,285.2945327758789,914.2704010009766,641.0,35.0,254.6336,914.2704010009766,1335.1237239075926,914.2704010009766
155,155,10,draft|draft_verify|target|target_rescue_verify,1040.886640548706,688.0636215209961,5005.022048950195,1361.0,259.0,2409.5776,5428.196547815845,6734.032518219898,5349.053859710693
155,155,11,draft|draft_verify|target|target_rescue_verify,406.9540500640869,369.2793846130371,2106.7159175872803,792.0,103.0,797.7088,2106.7159175872803,2883.0094346644046,2106.7159175872803
155,155,12,draft|draft_verify,407.2089195251465,200.32405853271484,0.0,895.0,101.0,806.66,806.66,607.5930588578613,407.2089195251465
155,155,13,draft|draft_verify|target|target_rescue_verify,390.74206352233887,429.288387298584,612.3025417327881,996.0,101.0,830.9,1045.604274449292,1432.3930733537109,612.3025417327881
155,155,14,draft|draft_verify|target|target_rescue_verify,94.39587593078613,425.37403106689453,861.168622970581,1024.0,24.0,194.94719999999998,861.168622970581,1380.9985491682617,861.168622970581
155,155,15,draft|draft_verify,39.868831634521484,226.26829147338867,0.0,1065.0,8.0,63.8792,439.01531340683596,266.1971295079102,439.01531340683596
156,156,1,draft|draft_verify,162.03808784484863,30.47633171081543,0.0,111.0,43.0,260.17600000000004,162.03808784484863,192.57445395566407,162.03808784484863
156,156,2,draft|draft_verify,207.25393295288086,50.82201957702637,0.0,154.0,54.0,332.9832,332.9832,258.1359957299072,207.25393295288086
156,156,3,draft|draft_verify|target|target_rescue_verify,135.5593204498291,129.12750244140625,1891.951560974121,208.0,37.0,231.9496,1891.951560974121,2156.6984134653567,1891.951560974121
156,156,4,draft|draft_verify|target|target_rescue_verify,1565.0970935821533,260.93387603759766,1724.670648574829,299.0,401.0,2781.26,2911.7872588187993,3550.7619389945803,1724.670648574829
156,156,5,draft|draft_verify,218.21999549865723,125.72526931762695,0.0,383.0,55.0,368.9008,368.9008,344.0053088162842,218.21999549865723
156,156,6,draft|draft_verify,189.26215171813965,127.00223922729492,0.0,438.0,50.0,341.4488,341.4488,316.32443094543453,189.26215171813965
156,156,7,draft|draft_verify,174.0405559539795,144.32573318481445,0.0,488.0,46.0,319.228,319.228,318.426325938794,174.0405559539795
156,156,8,draft|draft_verify,450.95300674438477,132.22789764404297,0.0,534.0,116.0,829.232,829.232,583.2409971884277,450.95300674438477
156,156,9,draft|draft_verify,420.85933685302734,155.1036834716797,0.0,650.0,110.0,815.828,815.828,576.023108324707,420.85933685302734
156,156,10,draft|draft_verify,138.9753818511963,155.0142765045166,0.0,760.0,35.0,264.344,264.344,294.0496863557129,155.1637714716797
156,156,11,draft|draft_verify,522.6626396179199,200.63328742980957,0.0,795.0,139.0,1084.1824000000001,1084.1824000000001,723.3560382477295,522.6626396179199
156,156,12,draft|draft_verify,1403.1734466552734,253.0369758605957,0.0,934.0,371.0,3123.656,3123.656,1656.2707193158692,1403.1734466552734
156,156,13,draft|draft_verify,113.80267143249512,277.02808380126953,0.0,1305.0,28.0,246.19119999999998,530.1853788618653,390.8907776337646,530.1853788618653
157,157,1,draft|draft_verify,106.38689994812012,30.424833297729492,0.0,93.0,29.0,173.684,106.38689994812012,136.8717564458496,106.38689994812012
157,157,2,draft|draft_verify,177.22582817077637,30.225038528442383,0.0,122.0,49.0,298.1368,298.1368,207.51090589921876,177.22582817077637
157,157,3,draft|draft_verify|target|target_rescue_verify,445.8425045013428,148.0276584625244,2938.218832015991,171.0,121.0,761.2120000000001,2938.218832015991,3532.1490917798583,2938.218832015991
157,157,4,draft|draft_verify|target|target_rescue_verify,197.50690460205078,221.91786766052246,5633.476734161377,314.0,50.0,326.8664,5633.476734161377,6052.9615464239505,5633.476734161377
157,157,5,draft|draft_verify|target|target_rescue_verify,248.83437156677246,264.2998695373535,1138.6139392852783,593.0,64.0,461.86,1138.6139392852783,1651.8082315894044,1138.6139392852783
157,157,6,draft|draft_verify,120.91875076293945,132.18450546264648,0.0,648.0,30.0,218.34480000000002,350.5893294626465,253.16328022558594,264.39446423132324
158,158,1,draft|draft_verify|target|target_rescue_verify,395.8158493041992,61.5534782409668,1209.4361782073975,70.0,108.0,651.7632000000001,1209.4361782073975,1666.8655921525635,1209.4361782073975
158,158,2,draft|draft_verify|target|target_rescue_verify,731.8873405456543,143.4497833251953,1659.1989994049072,129.0,190.0,1192.2064,1659.1989994049072,2534.596275275757,1659.1989994049072
158,158,3,draft|draft_verify|target|target_rescue_verify,275.94876289367676,153.9018154144287,3102.0796298980713,210.0,74.0,468.0344,3102.0796298980713,3531.990267406177,3102.0796298980713
158,158,4,draft|draft_verify,118.94655227661133,101.94587707519531,0.0,363.0,30.0,198.5088,198.5088,220.95245335180664,118.94655227661133
158,158,5,draft|draft_verify,214.80441093444824,124.24826622009277,0.0,393.0,56.0,377.012,377.012,339.11272195454103,214.80441093444824
158,158,6,draft|draft_verify,229.017972946167,126.15799903869629,0.0,449.0,60.0,412.2264,412.2264,355.2360199848633,229.017972946167
158,158,7,draft|draft_verify,77.1479606628418,142.07911491394043,0.0,509.0,20.0,138.46640000000002,138.46640000000002,219.28709157678225,126.21804703869628
158,158,8,draft|draft_verify,47.571659088134766,135.60175895690918,0.0,529.0,11.0,75.968,277.8008986708496,183.23342684504394,277.8008986708496
159,159,1,draft|draft_verify,173.6314296722412,29.62660789489746,0.0,101.0,45.0,271.3416,173.6314296722412,203.31807356713867,173.6314296722412
159,159,2,draft|draft_verify,176.76639556884766,49.93629455566406,0.0,146.0,48.0,294.69599999999997,294.69599999999997,226.76272852451172,176.76639556884766
159,159,3,draft|draft_verify|target|target_rescue_verify,402.54878997802734,128.62563133239746,1521.1946964263916,194.0,107.0,677.144,1521.1946964263916,2052.4292033368165,1521.1946964263916
159,159,4,draft|draft_verify|target|target_rescue_verify,254.56738471984863,169.30842399597168,1176.0447025299072,266.0,66.0,425.48400000000004,1176.0447025299072,1599.9805640457275,1176.0447025299072
159,159,5,draft|draft_verify|target|target_rescue_verify,503.0977725982666,275.56610107421875,2902.5702476501465,323.0,126.0,839.04,2902.5702476501465,3681.2942221226317,2902.5702476501465
159,159,6,draft|draft_verify,257.56096839904785,143.21398735046387,0.0,466.0,65.0,449.6696,449.6696,400.8350077495117,257.56096839904785
159,159,7,draft|draft_verify|target|target_rescue_verify,264.115571975708,257.01069831848145,1488.6674880981445,531.0,66.0,466.824,1488.6674880981445,2009.853811192334,1488.6674880981445
159,159,8,draft|draft_verify,91.13669395446777,129.48369979858398,0.0,603.0,22.0,157.2256,286.769317398584,220.68041135305174,258.04906655782474
160,160,1,draft|draft_verify,209.92565155029297,30.10272979736328,0.0,105.0,57.0,345.1224,209.92565155029297,240.08842694765625,209.92565155029297
160,160,2,draft|draft_verify|target|backtracking_verify,157.2122573852539,106.11248016357422,852.6420593261719,162.0,41.0,252.86,852.6420593261719,1116.026829675,852.6420593261719
160,160,3,draft|draft_verify|target|backtracking_verify|target_rescue_verify,623.018741607666,257.11870193481445,1675.1141548156738,406.0,167.0,1153.5968,2184.053037458948,2555.3117319581543,1803.673505783081
160,160,4,draft|draft_verify|target|target_rescue_verify,989.1667366027832,467.5936698913574,5167.884588241577,711.0,262.0,2031.3088,5866.286793337183,6624.705204335718,5479.613701502482
160,160,5,draft|draft_verify|target|target_rescue_verify,293.15686225891113,299.9238967895508,3163.4228229522705,378.0,77.0,517.9496,3163.4228229522705,3756.5636436007326,3163.4228229522705
160,160,6,draft|draft_verify,272.36342430114746,127.70843505859375,0.0,534.0,69.0,488.8392,488.8392,400.13191455974123,272.36342430114746
160,160,7,draft|draft_verify|target|backtracking_verify,172.2431182861328,262.4783515930176,1178.8325309753418,603.0,45.0,324.3528,1178.8325309753418,1613.614036854492,1178.8325309753418
160,160,8,draft|draft_verify|target|target_rescue_verify,270.4195976257324,606.9674491882324,2550.1794815063477,1308.0,70.0,624.2008000000001,2853.663206100464,3427.6265843203128,2853.663206100464
160,160,9,draft|draft_verify|target|backtracking_verify,189.40472602844238,304.87847328186035,655.2379131317139,713.0,49.0,366.21999999999997,655.2379131317139,1149.5811516420167,655.2379131317139
160,160,10,draft|draft_verify|target|target_rescue_verify,130.67126274108887,458.56547355651855,256.18910789489746,1506.0,32.0,296.91679999999997,526.2595623782593,845.4858697925049,381.78199901918947
160,160,11,draft|draft_verify,28.457164764404297,152.36306190490723,0.0,767.0,7.0,51.2752,229.28273677825928,180.88023226931153,229.28273677825928
160,160,12,draft|draft_verify,119.63939666748047,170.8672046661377,0.0,774.0,31.0,234.784,234.784,290.5666261336182,152.42306750490724
160,160,13,draft|draft_verify|target|backtracking_verify,123.47531318664551,337.47291564941406,531.2051773071289,805.0,32.0,244.7624,531.2051773071289,992.2134317431885,531.2051773071289
160,160,14,draft|draft_verify|target|target_rescue_verify,81.44283294677734,689.795970916748,980.6597232818604,1667.0,20.0,191.27120000000002,1325.5577087402344,1751.9585431453856,1325.5577087402344
160,160,15,draft|draft_verify,52.47831344604492,173.68102073669434,0.0,864.0,13.0,99.69040000000001,172.448992729187,226.21934458273927,172.448992729187
160,160,16,draft|draft_verify,28.79643440246582,175.54593086242676,0.0,877.0,6.0,45.0,349.3469667991211,204.40237006489258,349.3469667991211
161,161,1,draft|draft_verify|target|backtracking_verify,270.9519863128662,63.2476806640625,803.4305572509766,84.0,74.0,445.9592,803.4305572509766,1137.6902834279053,803.4305572509766
161,161,2,draft|draft_verify|target|target_rescue_verify|backtracking_verify,474.5593070983887,234.3742847442627,6052.53005027771,281.0,130.0,853.3216,6169.717192649841,6761.5237461203615,6169.717192649841
161,161,3,draft|draft_verify|target|target_rescue_verify,1084.8557949066162,236.2065315246582,2506.4055919647217,420.0,286.0,2026.732,2506.4055919647217,3827.528147195996,2506.4055919647217
161,161,4,draft|draft_verify|target|target_rescue_verify,262.4554634094238,263.8590335845947,4525.007724761963,404.0,68.0,460.7504,4525.007724761963,5051.382276155981,4525.007724761963
161,161,5,draft|draft_verify|target|backtracking_verify,265.11073112487793,345.3233242034912,4094.897508621216,626.0,66.0,481.644,4094.897508621216,4705.3916167495845,4094.897508621216
161,161,6,draft|draft_verify|target|target_rescue_verify,826.1168003082275,747.889518737793,5549.825191497803,1520.0,215.0,2069.984,5923.769950866699,7123.891682543823,5923.769950866699
161,161,7,draft|draft_verify|target|target_rescue_verify,457.75413513183594,568.068265914917,1800.6198406219482,1792.0,113.0,1145.4968,1800.6198406219482,2826.5023320687014,1800.6198406219482
161,161,8,draft|draft_verify|target|target_rescue_verify,601.3848781585693,907.1259498596191,7650.612115859985,1895.0,156.0,1629.396,8104.175090789795,9159.183068678174,8104.175090789795
161,161,9,draft|draft_verify,183.83264541625977,227.4332046508789,0.0,1093.0,46.0,384.568,384.568,411.3258868671387,226.78148746490479
161,161,10,draft|draft_verify,129.43267822265625,227.9825210571289,0.0,1139.0,32.0,269.61199999999997,497.6545466571289,357.4752248797852,455.5357881080078
162,162,1,draft|draft_verify,396.70610427856445,50.78387260437012,0.0,114.0,108.0,663.0624,396.70610427856445,447.55006328293456,396.70610427856445
162,162,2,draft|draft_verify,172.46127128601074,58.65883827209473,0.0,222.0,46.0,290.5,290.5,231.18014635810547,172.46127128601074
162,162,3,draft|draft_verify,214.4002914428711,74.95903968811035,0.0,268.0,56.0,360.512,360.512,289.41937593098146,214.4002914428711
162,162,4,draft|draft_verify,191.53094291687012,90.29865264892578,0.0,324.0,50.0,328.0424,328.0424,281.88963556579586,191.53094291687012
162,162,5,draft|draft_verify,122.33591079711914,90.71087837219238,0.0,374.0,32.0,212.696,212.696,213.10681476931154,122.33591079711914
162,162,6,draft|draft_verify,247.28631973266602,123.89183044433594,0.0,406.0,64.0,433.5856,433.5856,371.23820137700193,247.28631973266602
162,162,7,draft|draft_verify,372.7848529815674,125.57101249694824,0.0,470.0,94.0,654.9544000000001,654.9544000000001,498.41594067851565,372.7848529815674
162,162,8,draft|draft_verify,273.3170986175537,129.17733192443848,0.0,564.0,65.0,464.7224,464.7224,402.5544825419922,273.3170986175537
162,162,9,draft|draft_verify,184.37838554382324,130.3408145904541,0.0,629.0,43.0,312.3904,312.3904,314.77923453427735,184.37838554382324
162,162,10,draft|draft_verify,172.69468307495117,151.26514434814453,0.0,672.0,42.0,309.2712,309.2712,324.0198610230957,172.69468307495117
162,162,11,draft|draft_verify,200.81424713134766,153.00607681274414,0.0,714.0,52.0,389.05600000000004,389.05600000000004,353.8803655440918,200.81424713134766
162,162,12,draft|draft_verify,347.2328186035156,173.5093593597412,0.0,766.0,91.0,697.624,697.624,520.8022507632568,347.2328186035156
162,162,13,draft|draft_verify,270.6620693206787,199.58257675170898,0.0,857.0,70.0,549.5152,549.5152,470.30470207238767,270.6620693206787
162,162,14,draft|draft_verify,280.65943717956543,200.27518272399902,0.0,927.0,70.0,561.1072,561.1072,480.9946759035644,280.65943717956543
162,162,15,draft|draft_verify,281.47196769714355,225.09479522705078,0.0,997.0,70.0,572.6992,572.6992,506.6268189241943,281.47196769714355
162,162,16,draft|draft_verify,269.0386772155762,227.71811485290527,0.0,1067.0,70.0,584.2912,584.2912,496.8168480684814,269.0386772155762
162,162,17,draft|draft_verify,282.1826934814453,255.9034824371338,0.0,1137.0,70.0,595.8832,595.8832,538.1462319185791,282.1826934814453
162,162,18,draft|draft_verify,272.8145122528076,256.02221488952637,0.0,1207.0,70.0,607.4752,607.4752,528.896783142334,272.8145122528076
162,162,19,draft|draft_verify,272.52936363220215,275.8650779724121,0.0,1277.0,70.0,619.0672,619.0672,548.4544976046143,272.52936363220215
162,162,20,draft|draft_verify,270.83873748779297,278.26380729675293,0.0,1347.0,70.0,630.6592,630.6592,549.1626007845459,275.9251339724121
162,162,21,draft|draft_verify,276.07274055480957,309.6468448638916,0.0,1417.0,70.0,642.2512,642.2512,585.7796414187012,278.3238632967529
162,162,22,draft|draft_verify,271.5747356414795,327.2690773010254,0.0,1487.0,70.0,653.8432,653.8432,598.9038689425049,309.7069008638916
162,162,23,draft|draft_verify,271.0695266723633,330.8877944946289,0.0,1557.0,70.0,665.4352,665.4352,602.0173771669922,327.32913330102537
162,162,24,draft|draft_verify,272.5377082824707,347.8732109069824,0.0,1627.0,70.0,677.0272,677.0272,620.4709751894532,330.9478504946289
162,162,25,draft|draft_verify,279.41107749938965,359.7087860107422,0.0,1697.0,70.0,688.6192000000001,688.6192000000001,639.1799195101319,347.9332669069824
162,162,26,draft|draft_verify,271.8203067779541,386.3961696624756,0.0,1767.0,70.0,700.2112,700.2112,658.2765324404297,359.76884201074216
162,162,27,draft|draft_verify,272.98498153686523,392.11106300354004,0.0,1837.0,70.0,711.8032000000001,711.8032000000001,665.1561005404053,386.45622566247556
162,162,28,draft|draft_verify,272.6104259490967,401.5071392059326,0.0,1907.0,70.0,723.3951999999999,723.3951999999999,674.1776211550293,392.17111900354
162,162,29,draft|draft_verify,288.0096435546875,431.6296577453613,0.0,1977.0,70.0,734.9872,734.9872,719.6993573000489,401.5671952059326
162,162,30,draft|draft_verify,274.87897872924805,420.407772064209,0.0,2047.0,70.0,746.5792,1167.047028064209,695.3468067934571,852.1575418095703
163,163,1,draft|draft_verify,355.7608127593994,50.7504940032959,0.0,132.0,96.0,592.0799999999999,355.7608127593994,406.5713835626953,355.7608127593994
163,163,2,draft|draft_verify|target|target_rescue_verify,566.9779777526855,178.16472053527832,2059.2663288116455,228.0,145.0,936.1528000000001,2059.2663288116455,2804.4691430996095,2059.2663288116455
163,163,3,draft|draft_verify|target|target_rescue_verify,389.1458511352539,206.589937210083,1895.3282833099365,327.0,99.0,656.8127999999999,1895.3282833099365,2491.1241508552735,1895.3282833099365
163,163,4,draft|draft_verify,271.0304260253906,124.75800514221191,0.0,420.0,70.0,477.148,477.148,395.8484871676025,271.0304260253906
163,163,5,draft|draft_verify,43.88689994812012,125.64229965209961,0.0,490.0,10.0,68.092,250.52036879431154,169.58920760021974,250.52036879431154
164,164,1,draft|draft_verify|target|backtracking_verify,330.7187557220459,100.61240196228027,1549.1220951080322,115.0,87.0,532.0944,1549.1220951080322,1980.5133223923585,1549.1220951080322
164,164,2,draft|draft_verify|target|target_rescue_verify,906.9662094116211,278.26642990112305,3193.7003135681152,393.0,236.0,1642.844,3448.4541680099,4378.9931416808595,3332.8335285186768
164,164,3,draft|draft_verify|target|backtracking_verify|target_rescue_verify,799.360990524292,372.7242946624756,3530.0111770629883,547.0,196.0,1426.8999999999999,3716.373324394226,4702.156619049756,3716.373324394226
164,164,4,draft|draft_verify|target|target_rescue_verify|backtracking_verify,863.3344173431396,545.0749397277832,3786.994218826294,710.0,213.0,1638.0552,4059.5316886901855,5195.463746297217,4059.5316886901855
164,164,5,draft|draft_verify|target|target_rescue_verify,1098.5920429229736,832.1974277496338,6666.229009628296,1366.0,281.0,2625.308,7763.018754343559,8597.078705100903,7221.027294794719
164,164,6,draft|draft_verify|target|target_rescue_verify|backtracking_verify,1398.7157344818115,898.8931179046631,5457.628965377808,1692.0,348.0,3551.5247999999997,7939.081986905757,7755.2980961642825,6056.891043980916
164,164,7,draft|draft_verify|target|target_rescue_verify,2286.4460945129395,887.9292011260986,7960.978746414185,1885.0,579.0,6339.9264,11030.819597307971,11135.414505253222,8493.736267089844
164,164,8,draft|draft_verify|target|target_rescue_verify,1732.4085235595703,863.3749485015869,6406.495094299316,1759.0,438.0,4588.6464,8439.485508925849,9002.338916760473,6838.18256855011
164,164,9,draft|draft_verify|target|backtracking_verify,399.34253692626953,413.0287170410156,1783.0395698547363,925.0,103.0,830.2672,1783.0395698547363,2595.4709062220218,1783.0395698547363
164,164,10,draft|draft_verify|target|target_rescue_verify,158.219575881958,446.98071479797363,812.2756481170654,1028.0,41.0,335.996,812.2756481170654,1417.5359715969971,812.2756481170654
164,164,11,draft|draft_verify|target|target_rescue_verify,387.16912269592285,479.0771007537842,2026.902675628662,1066.0,101.0,847.7,2026.902675628662,2893.208979878369,2026.902675628662
164,164,12,draft|draft_verify,84.78283882141113,252.46191024780273,0.0,1165.0,20.0,168.38,492.06047662469484,337.3047650692139,492.06047662469484
165,165,3,draft|draft_verify,155.37285804748535,59.10825729370117,0.0,211.0,40.0,251.22160000000002,155.37285804748535,214.54114734118653,155.37285804748535
165,165,4,draft|draft_verify|target|target_rescue_verify,466.4437770843506,151.16333961486816,473.2942581176758,251.0,122.0,790.8847999999999,866.526567407434,1090.9614724168946,542.0855444917847
165,165,5,draft|draft_verify,443.0503845214844,92.53573417663574,0.0,273.0,116.0,757.196,757.196,535.6462114981201,443.0503845214844
165,165,6,draft|draft_verify|target|target_rescue_verify,694.7338581085205,264.8177146911621,3634.2732906341553,389.0,176.0,1210.58,3634.2732906341553,4593.885004233838,3634.2732906341553
165,165,7,draft|draft_verify|target|target_rescue_verify,837.2635841369629,319.06771659851074,3865.741729736328,568.0,214.0,1573.42,3865.741729736328,5022.1332016718015,3865.741729736328
165,165,8,draft|draft_verify|target|target_rescue_verify,501.9357204437256,331.06017112731934,795.6771850585938,759.0,126.0,969.84,1135.4301863636597,1628.7331774296385,795.6771850585938
165,165,9,draft|draft_verify|target|target_rescue_verify,372.2405433654785,351.4895439147949,698.889970779419,797.0,97.0,751.5832,927.3880495573975,1422.6801356596925,698.889970779419
165,165,10,draft|draft_verify|target|target_rescue_verify,1107.485294342041,489.2852306365967,7376.299619674683,830.0,288.0,2324.0112,7376.299619674683,8973.13037505332,7376.299619674683
165,165,11,draft|draft_verify,1399.6953964233398,317.5230026245117,0.0,1195.0,365.0,3298.484,3298.484,1717.2786910478515,1399.6953964233398
165,165,12,draft|draft_verify,670.0186729431152,352.16808319091797,0.0,1560.0,169.0,1633.1224,1985.350618390918,1022.2468913340332,1022.2468913340332
166,166,1,draft|draft_verify,110.4423999786377,51.22804641723633,0.0,197.0,29.0,180.6728,110.4423999786377,161.730469595874,110.4423999786377
166,166,2,draft|draft_verify,219.2234992980957,60.89138984680176,0.0,226.0,57.0,361.3848,361.3848,280.1749347448974,219.2234992980957
166,166,3,draft|draft_verify,381.0703754425049,92.86975860595703,0.0,283.0,98.0,639.8095999999999,639.8095999999999,474.0002124484619,381.0703754425049
166,166,4,draft|draft_verify,160.11762619018555,92.29040145874023,0.0,381.0,41.0,273.884,273.884,252.46806044892577,160.11762619018555
166,166,5,draft|draft_verify,324.9776363372803,143.21160316467285,0.0,422.0,85.0,581.5432000000001,581.5432000000001,468.2493075019531,324.9776363372803
166,166,6,draft|draft_verify|target|backtracking_verify,101.87125205993652,285.2346897125244,556.0097694396973,507.0,26.0,180.44,556.0097694396973,943.1757320121583,556.0097694396973
166,166,7,draft|draft_verify|target|backtracking_verify,103.39879989624023,529.0989875793457,3158.3521366119385,1066.0,26.0,213.98000000000002,3422.9016304016113,3790.9099448875245,3422.9016304016113
166,166,9,draft|draft_verify|target|backtracking_verify,149.18255805969238,619.4560527801514,2199.4268894195557,1346.0,37.0,330.27279999999996,2509.1549158096313,2968.1255298593996,2509.1549158096313
166,166,11,draft|draft_verify,36.53836250305176,198.624849319458,0.0,939.0,8.0,61.7624,154.86401319503784,235.22321822250976,154.86401319503784
166,166,12,draft|draft_verify|target|target_rescue_verify,281.2638282775879,401.83019638061523,1505.3510665893555,947.0,73.0,588.9688,1505.3510665893555,2188.5051496475585,1505.3510665893555
166,166,13,draft|draft_verify,85.2968692779541,202.88729667663574,0.0,1020.0,20.0,161.768,200.91509819030762,288.24418195458986,200.91509819030762
166,166,14,draft|draft_verify,52.90842056274414,210.22629737854004,0.0,1040.0,12.0,96.49439999999998,413.23361965517574,263.1947275412842,413.23361965517574
167,167,1,draft|draft_verify|target|target_rescue_verify,368.328332901001,107.84649848937988,1088.2291793823242,141.0,100.0,619.3816,1088.2291793823242,1564.464090772705,1088.2291793823242
167,167,2,draft|draft_verify|target|target_rescue_verify,192.9950714111328,154.55269813537598,2397.454023361206,193.0,52.0,325.28560000000004,2397.454023361206,2745.0618345077146,2397.454023361206
167,167,3,draft|draft_verify|target|target_rescue_verify,161.2222194671631,179.48293685913086,1316.453456878662,311.0,42.0,273.7488,1316.453456878662,1657.218646804956,1316.453456878662
167,167,4,draft|draft_verify,203.59134674072266,102.91934013366699,0.0,375.0,51.0,340.8,340.8,306.5707276743897,203.59134674072266
167,167,5,draft|draft_verify,192.90924072265625,125.31352043151855,0.0,426.0,51.0,346.92,346.92,318.28280195417483,192.90924072265625
167,167,6,draft|draft_verify|target|backtracking_verify,167.92726516723633,269.3023681640625,1276.357889175415,477.0,44.0,304.0568,1276.357889175415,1713.647557706714,1276.357889175415
167,167,7,draft|draft_verify|target|target_rescue_verify,625.7321834564209,381.6404342651367,803.5097122192383,1060.0,162.0,1370.7624,1561.6427467325684,1810.9424595407959,816.6125301889892
167,167,8,draft|draft_verify|target|target_rescue_verify,651.6389846801758,409.19947624206543,952.8696537017822,1175.0,170.0,1486.856,1691.5158741210328,2013.7682506240235,952.8696537017822
167,167,9,draft|draft_verify|target|backtracking_verify,480.1485538482666,414.6237373352051,1036.2234115600586,1293.0,123.0,1102.6176,1309.9895670676026,1931.0558011435303,1036.2234115600586
167,167,10,draft|draft_verify|target|backtracking_verify|target_rescue_verify,717.2482013702393,970.6273078918457,4068.46284866333,2070.0,184.0,2005.7104,5526.9352028854255,5756.398505125415,4715.5477205912275
167,167,11,draft|draft_verify|target|target_rescue_verify,1309.9262714385986,1597.7370738983154,4181.20813369751,3683.0,335.0,5009.4608,9792.450941466492,7088.931747034424,6092.9164129050905
167,167,12,draft|draft_verify|target|target_rescue_verify,974.5936393737793,1436.1345767974854,4388.293504714966,3882.0,248.0,3798.2768,8366.121195200656,6799.081919286231,5542.438034574436
167,167,13,draft|draft_verify,157.8683853149414,209.43832397460938,0.0,996.0,41.0,332.924,332.924,367.36674208955077,159.57050853305392
167,167,14,draft|draft_verify,169.43073272705078,225.5229949951172,0.0,1037.0,44.0,361.8488,361.8488,395.013762922168,209.49835677460936
167,167,15,draft|draft_verify,95.08848190307617,226.05228424072266,0.0,1081.0,23.0,189.704,451.69533283583985,321.2007845437988,451.69533283583985
168,168,1,draft|draft_verify|target|backtracking_verify,370.2414035797119,118.34955215454102,2493.446111679077,131.0,99.0,610.7136,2493.446111679077,2982.09714661333,2493.446111679077
168,168,2,draft|draft_verify|target|target_rescue_verify,340.5437469482422,145.28369903564453,1274.1920948028564,230.0,86.0,549.332,1274.1920948028564,1760.0796095867431,1274.1920948028564
168,168,3,draft|draft_verify|target|target_rescue_verify,271.29149436950684,169.07358169555664,1470.5150127410889,290.0,65.0,422.636,1470.5150127410889,1910.9401408061524,1470.5150127410889
168,168,4,draft|draft_verify|target|target_rescue_verify,341.5260314941406,264.0845775604248,1537.6322269439697,361.0,89.0,596.5016,1537.6322269439697,2143.302907198535,1537.6322269439697
168,168,6,draft|draft_verify|target|target_rescue_verify,1045.7475185394287,514.6031379699707,1422.1665859222412,1103.0,259.0,2249.824,2507.1857761849856,2982.577449631641,1422.1665859222412
168,168,7,draft|draft_verify|target|backtracking_verify,165.91572761535645,499.99547004699707,956.160306930542,1172.0,43.0,367.1248,956.160306930542,1622.1315389928955,956.160306930542
168,168,8,draft|draft_verify|target|target_rescue_verify,75.41918754577637,508.2812309265137,421.2045669555664,1215.0,18.0,153.2592,758.3389803500122,1004.9649998278564,758.3389803500122
169,169,1,draft|draft_verify,132.56072998046875,29.72698211669922,0.0,127.0,36.0,218.82000000000002,132.56072998046875,162.34774089716797,132.56072998046875
169,169,2,draft|draft_verify,249.1466999053955,50.124406814575195,0.0,163.0,64.0,396.844,396.844,299.3311579199707,249.1466999053955
169,169,3,draft|draft_verify,277.0693302154541,60.31680107116699,0.0,227.0,71.0,451.64,451.64,337.4461880866211,277.0693302154541
169,169,4,draft|draft_verify|target|target_rescue_verify,680.351734161377,230.45754432678223,1551.4483451843262,298.0,179.0,1193.0,1551.4483451843262,2462.317766872485,1551.4483451843262
169,169,5,draft|draft_verify,225.94761848449707,122.71857261657715,0.0,371.0,59.0,394.4096,394.4096,348.7262383010742,225.94761848449707
169,169,6,draft|draft_verify,252.88844108581543,124.63903427124023,0.0,430.0,67.0,457.99840000000006,457.99840000000006,377.58752895705567,252.88844108581543
169,169,7,draft|draft_verify,65.93060493469238,124.67145919799805,0.0,497.0,16.0,110.02000000000001,249.43055986923827,190.6620769326904,249.43055986923827
170,170,1,draft|draft_verify,138.5781764984131,30.23386001586914,0.0,94.0,38.0,228.1544,138.5781764984131,168.87206691428221,138.5781764984131
170,170,2,draft|draft_verify,76.3697624206543,29.52265739440918,0.0,132.0,21.0,127.38000000000001,127.38000000000001,105.95243661506348,76.3697624206543
170,170,3,draft|draft_verify,208.09698104858398,50.85039138793945,0.0,153.0,55.0,339.0928,339.0928,259.00741643652344,208.09698104858398
170,170,4,draft|draft_verify,35.088539123535156,49.76844787597656,0.0,208.0,9.0,55.74,55.74,84.91699419951172,50.91043538793945
170,170,5,draft|draft_verify,186.9821548461914,58.92491340637207,0.0,217.0,51.0,321.84000000000003,321.84000000000003,245.96710905256347,186.9821548461914
170,170,6,draft|draft_verify,45.71843147277832,58.76040458679199,0.0,268.0,12.0,76.11359999999999,76.11359999999999,104.53884565957031,58.98495420637207
170,170,7,draft|draft_verify,199.4946002960205,75.78516006469727,0.0,280.0,53.0,342.4712,342.4712,275.33980276071776,199.4946002960205
170,170,8,draft|draft_verify,166.31603240966797,91.14408493041992,0.0,333.0,44.0,289.196,289.196,257.5201525400879,166.31603240966797
170,170,9,draft|draft_verify,88.32693099975586,91.47047996520996,0.0,377.0,23.0,152.5328,152.5328,179.8574293649658,91.20412013041992
170,170,10,draft|draft_verify,294.3122386932373,124.32718276977539,0.0,400.0,77.0,521.9624,521.9624,418.6994830630127,294.3122386932373
170,170,11,draft|draft_verify,90.03853797912598,125.43392181396484,0.0,477.0,22.0,150.8752,276.36913941396483,215.5324773930908,249.88118378374023
171,171,1,draft|draft_verify,394.92154121398926,30.2431583404541,0.0,73.0,108.0,652.5336000000001,394.92154121398926,425.22478595444335,394.92154121398926
171,171,2,draft|draft_verify,69.1385269165039,49.490928649902344,0.0,181.0,19.0,117.28960000000001,117.28960000000001,118.68947076640625,69.1385269165039
171,171,3,draft|draft_verify,62.47091293334961,49.61252212524414,0.0,200.0,17.0,105.5864,105.5864,112.14344865859374,62.47091293334961
171,171,4,draft|draft_verify,109.88497734069824,58.78329277038574,0.0,217.0,30.0,188.34720000000002,188.34720000000002,168.72829411108398,109.88497734069824
171,171,5,draft|draft_verify,67.25811958312988,59.419870376586914,0.0,247.0,17.0,107.3912,166.8710839765869,126.7380035597168,126.73800355971679
172,172,1,draft|draft_verify,91.71867370605469,29.895782470703125,0.0,94.0,25.0,149.6344,91.71867370605469,121.6744761767578,91.71867370605469
172,172,2,draft|draft_verify,40.93503952026367,29.160022735595703,0.0,119.0,11.0,66.128,66.128,70.15507105585937,40.93503952026367
172,172,3,draft|draft_verify,116.1508560180664,29.07705307006836,0.0,130.0,32.0,194.54240000000001,194.54240000000001,145.28793468813478,116.1508560180664
172,172,4,draft|draft_verify,62.308549880981445,45.0742244720459,0.0,162.0,17.0,104.1272,104.1272,107.44278795302733,62.308549880981445
172,172,5,draft|draft_verify,70.19209861755371,49.016714096069336,0.0,179.0,19.0,117.2032,117.2032,119.26882791362304,70.19209861755371
172,172,6,draft|draft_verify,68.09711456298828,49.4840145111084,0.0,198.0,18.0,111.7656,111.7656,117.64114347409668,68.09711456298828
172,172,7,draft|draft_verify,62.12949752807617,56.22458457946777,0.0,216.0,17.0,106.2008,106.2008,118.41409570754394,62.12949752807617
172,172,8,draft|draft_verify,60.25528907775879,58.194875717163086,0.0,233.0,16.0,100.516,100.516,118.51017759492188,60.25528907775879
172,172,9,draft|draft_verify,59.92460250854492,58.50934982299805,0.0,249.0,16.0,101.092,101.092,118.49396513154298,59.92460250854492
172,172,10,draft|draft_verify,65.42372703552246,59.04054641723633,0.0,265.0,17.0,108.08239999999999,108.08239999999999,124.5242870527588,65.42372703552246
172,172,11,draft|draft_verify,88.5152816772461,75.08611679077148,0.0,282.0,23.0,147.51680000000002,147.51680000000002,163.66141686801757,88.5152816772461
172,172,12,draft|draft_verify,81.82191848754883,75.85644721984863,0.0,305.0,20.0,129.16400000000002,205.08046321984864,157.73838170739748,157.73838170739748
173,173,1,draft|draft_verify,106.80389404296875,28.949975967407227,0.0,109.0,29.0,174.75920000000002,106.80389404296875,135.81389321037597,106.80389404296875
173,173,2,draft|draft_verify,139.32561874389648,29.310226440429688,0.0,138.0,38.0,232.0616,232.0616,168.69587558432616,139.32561874389648
173,173,3,draft|draft_verify,41.87750816345215,48.86460304260254,0.0,176.0,11.0,67.496,67.496,90.80212000605468,41.87750816345215
173,173,4,draft|draft_verify|target|target_rescue_verify,41.87345504760742,102.81562805175781,873.0683326721191,187.0,11.0,67.76,873.0683326721191,1017.8174245714844,873.0683326721191
173,173,5,draft|draft_verify,169.935941696167,67.6262378692627,0.0,227.0,45.0,284.6472,284.6472,237.62221556542968,169.935941696167
173,173,6,draft|draft_verify,43.03717613220215,66.84470176696777,0.0,272.0,11.0,69.8,69.8,109.94188669916991,67.68627386926269
173,173,7,draft|draft_verify,27.801513671875,59.98873710632324,0.0,283.0,7.0,44.3056,66.90471056696778,87.85025637819824,66.90471056696778
173,173,8,draft|draft_verify,65.93561172485352,75.61993598937988,0.0,290.0,16.0,102.568,178.24794878937988,141.61556051423338,141.61556051423338
174,174,1,draft|draft_verify,183.3641529083252,50.75335502624512,0.0,187.0,48.0,299.32079999999996,183.3641529083252,234.1775463345703,183.3641529083252
174,174,2,draft|draft_verify,229.6617031097412,59.632062911987305,0.0,235.0,58.0,369.03520000000003,369.03520000000003,289.35381242172855,229.6617031097412
174,174,3,draft|draft_verify,341.4323329925537,90.97743034362793,0.0,293.0,90.0,588.7968000000001,588.7968000000001,432.46983533618163,341.4323329925537
174,174,4,draft|draft_verify,799.9813556671143,126.75786018371582,0.0,383.0,199.0,1371.5439999999999,1371.5439999999999,926.7993750508301,799.9813556671143
174,174,5,draft|draft_verify,169.49057579040527,128.6633014678955,0.0,582.0,44.0,314.89279999999997,314.89279999999997,298.2139124583008,169.49057579040527
174,174,6,draft|draft_verify|target|target_rescue_verify,301.26237869262695,317.67821311950684,2303.7021160125732,626.0,79.0,578.0416,2303.7021160125732,2922.702771024707,2303.7021160125732
174,174,7,draft|draft_verify,414.0448570251465,172.0263957977295,0.0,733.0,103.0,783.2656,783.2656,586.131335222876,414.0448570251465
174,174,8,draft|draft_verify|target|target_rescue_verify,94.23255920410156,376.47390365600586,1893.3179378509521,836.0,23.0,176.768,1893.3179378509521,2364.0844191110596,1893.3179378509521
174,174,9,draft|draft_verify,318.5851573944092,200.3481388092041,0.0,928.0,81.0,650.8919999999999,650.8919999999999,518.9933610036132,318.5851573944092
174,174,10,draft|draft_verify,73.08006286621094,199.6762752532959,0.0,1009.0,17.0,136.652,400.1444924625,272.8163517195068,400.1444924625
175,175,1,draft|draft_verify,191.04385375976562,29.045581817626953,0.0,94.0,51.0,307.08,191.04385375976562,220.14947637739257,191.04385375976562
175,175,2,draft|draft_verify,383.4211826324463,58.77494812011719,0.0,145.0,106.0,658.336,658.336,442.2562155525635,383.4211826324463
175,175,3,draft|draft_verify|target|target_rescue_verify,384.02390480041504,164.20316696166992,1648.4382152557373,251.0,102.0,658.6848,1648.4382152557373,2196.7253686178224,1648.4382152557373
175,175,4,draft|draft_verify,100.64053535461426,85.22176742553711,0.0,329.0,25.0,163.1704,248.4521874255371,185.92232278015138,185.92232278015138
176,176,1,draft|draft_verify,99.29180145263672,21.05426788330078,0.0,76.0,27.0,160.56480000000002,99.29180145263672,120.4060909359375,99.29180145263672
176,176,2,draft|draft_verify,221.18186950683594,29.654264450073242,0.0,103.0,61.0,369.364,369.364,250.89618275690918,221.18186950683594
176,176,3,draft|draft_verify,305.8896064758301,59.86380577087402,0.0,164.0,84.0,523.1952,523.1952,365.8134794467041,305.8896064758301
176,176,4,draft|draft_verify,263.8518810272217,75.25920867919922,0.0,248.0,70.0,448.6648,448.6648,339.1711457064209,263.8518810272217
176,176,5,draft|draft_verify,193.74394416809082,90.90805053710938,0.0,318.0,51.0,333.96000000000004,333.96000000000004,284.7120355052002,193.74394416809082
176,176,6,draft|draft_verify,115.48781394958496,91.0341739654541,0.0,369.0,30.0,198.9264,198.9264,206.58201191503906,115.48781394958496
176,176,7,draft|draft_verify,65.8576488494873,91.49289131164551,0.0,399.0,16.0,106.492,198.0449041116455,157.4105529611328,182.6471020770996
177,177,1,draft|draft_verify,111.56368255615234,29.923200607299805,0.0,90.0,30.0,179.508,111.56368255615234,141.54690716345215,111.56368255615234
177,177,2,draft|draft_verify,241.86062812805176,46.50092124938965,0.0,120.0,63.0,384.1632,384.1632,288.42159977744143,241.86062812805176
177,177,3,draft|draft_verify,626.8713474273682,78.0799388885498,0.0,183.0,161.0,1025.324,1025.324,705.011415115918,626.8713474273682
177,177,4,draft|draft_verify,379.09913063049316,130.56039810180664,0.0,344.0,96.0,640.4159999999999,640.4159999999999,509.7196055322998,379.09913063049316
177,177,5,draft|draft_verify,83.88781547546387,132.16376304626465,0.0,440.0,20.0,135.32,267.5437790462646,216.11159452172853,262.84425394807124
178,178,1,draft|draft_verify,267.27938652038574,50.148963928222656,0.0,147.0,73.0,450.72880000000004,267.27938652038574,317.4884088486084,267.27938652038574
178,178,2,draft|draft_verify,52.73032188415527,50.08244514465332,0.0,220.0,14.0,87.44239999999999,87.44239999999999,102.87277822880858,52.73032188415527
178,178,3,draft|draft_verify,132.10678100585938,59.57341194152832,0.0,234.0,35.0,221.4224,221.4224,191.74022094738768,132.10678100585938
178,178,4,draft|draft_verify,77.56543159484863,59.326887130737305,0.0,269.0,20.0,127.5224,127.5224,136.95233472558596,77.56543159484863
178,178,5,draft|draft_verify,94.04277801513672,76.01690292358398,0.0,289.0,24.0,154.37519999999998,154.37519999999998,170.1197001387207,94.04277801513672
178,178,6,draft|draft_verify,80.95073699951172,76.24983787536621,0.0,313.0,20.0,129.52880000000002,129.52880000000002,157.26059087487795,80.95073699951172
178,178,7,draft|draft_verify,59.001922607421875,76.17497444152832,0.0,333.0,15.0,97.5408,97.5408,135.2369090489502,76.30985387536622
178,178,8,draft|draft_verify,115.65709114074707,90.94905853271484,0.0,348.0,29.0,190.82,281.8290817327148,206.6661728734619,206.6661728734619
179,179,1,draft|draft_verify,169.62814331054688,46.14853858947754,0.0,136.0,46.0,281.212,169.62814331054688,215.83671870002442,169.62814331054688
179,179,2,draft|draft_verify,362.6244068145752,59.713125228881836,0.0,182.0,94.0,590.6728,590.6728,422.39760724345706,362.6244068145752
179,179,3,draft|draft_verify,138.3645534515381,76.75886154174805,0.0,276.0,36.0,231.336,231.336,215.18344379328613,138.3645534515381
179,179,4,draft|draft_verify,175.45342445373535,76.31540298461914,0.0,312.0,46.0,300.22,300.22,251.8288642383545,175.45342445373535
179,179,5,draft|draft_verify,115.48447608947754,91.60804748535156,0.0,358.0,30.0,198.16080000000002,198.16080000000002,207.1525475748291,115.48447608947754
179,179,6,draft|draft_verify,211.7331027984619,124.28426742553711,0.0,388.0,55.0,369.54879999999997,369.54879999999997,336.077414223999,211.7331027984619
179,179,7,draft|draft_verify,141.96324348449707,124.25780296325684,0.0,443.0,37.0,252.2536,252.2536,266.2810760477539,141.96324348449707
179,179,8,draft|draft_verify,88.79685401916504,125.83231925964355,0.0,480.0,22.0,151.0264,151.0264,214.68919087880857,124.31783256325683
179,179,9,draft|draft_verify,107.64741897583008,142.01068878173828,0.0,502.0,27.0,187.14720000000003,329.2179103817383,249.71812935756836,267.96304724138184
180,180,1,draft|draft_verify,321.25258445739746,126.16229057312012,0.0,439.0,83.0,570.9824,321.25258445739746,447.47494143051756,321.25258445739746
180,180,2,draft|draft_verify|target|target_rescue_verify,267.85898208618164,268.2969570159912,3238.70587348938,522.0,70.0,494.0392,3238.70587348938,3774.921868591553,3238.70587348938
180,180,3,draft|draft_verify,384.60493087768555,153.85174751281738,0.0,676.0,100.0,746.4975999999999,746.4975999999999,538.5167583905029,384.60493087768555
180,180,4,draft|draft_verify|target|target_rescue_verify,513.7825012207031,329.7290802001953,208.70018005371094,776.0,133.0,1030.324,1195.2486465000977,1052.2718678746094,678.7071477208008
180,180,5,draft|draft_verify|target|target_rescue_verify,565.6287670135498,448.4415054321289,9850.089073181152,784.0,145.0,1128.3064,9850.089073181152,10864.219461626832,9850.089073181152
180,180,6,draft|draft_verify|target|target_rescue_verify,1889.911413192749,686.9003772735596,4949.530124664307,1273.0,487.0,4564.2256,4949.530124664307,7526.4023047306155,4949.530124664307
180,180,7,draft|draft_verify|target|target_rescue_verify,2045.161485671997,836.1444473266602,9836.276292800903,1517.0,523.0,5230.1248,9836.276292800903,12717.64264419956,9836.276292800903
180,180,8,draft|draft_verify,1995.7761764526367,518.7597274780273,0.0,2003.0,522.0,5827.185600000001,6346.005745078028,2514.5963215306638,2514.596321530664
181,181,1,draft|draft_verify,114.24493789672852,30.201196670532227,0.0,92.0,31.0,185.68,114.24493789672852,144.50615936726075,114.24493789672852
181,181,2,draft|draft_verify,116.31560325622559,29.912471771240234,0.0,123.0,32.0,194.0216,194.0216,146.28810062746584,116.31560325622559
181,181,3,draft|draft_verify,148.80895614624023,50.21309852600098,0.0,155.0,40.0,245.98000000000002,245.98000000000002,199.08208667224122,148.80895614624023
181,181,4,draft|draft_verify,93.68729591369629,49.85499382019043,0.0,195.0,24.0,149.1864,149.1864,143.60230893388672,93.68729591369629
181,181,5,draft|draft_verify,37.735700607299805,50.49848556518555,0.0,219.0,8.0,49.6664,49.91501302019043,88.29419257248534,49.91501302019043
181,181,6,draft|draft_verify,416.74232482910156,76.32708549499512,0.0,227.0,104.0,665.9288,665.9288,493.1294935240967,416.74232482910156
181,181,7,draft|draft_verify|target|target_rescue_verify,628.3178329467773,235.06450653076172,1543.6968803405762,331.0,156.0,1047.588,1543.6968803405762,2407.1393446181155,1543.6968803405762
181,181,8,draft|draft_verify,29.62040901184082,91.56346321105957,0.0,403.0,7.0,46.0336,117.53225326538086,121.24387782290039,117.53225326538086
181,181,9,draft|draft_verify,124.20296669006348,124.87554550170898,0.0,410.0,32.0,215.3744,215.3744,249.13853779177248,124.20296669006348
181,181,10,draft|draft_verify,40.70925712585449,124.6647834777832,0.0,442.0,10.0,67.0552,124.93557110170899,165.4340486036377,124.93557110170899
181,181,11,draft|draft_verify,147.13501930236816,125.71167945861816,0.0,452.0,38.0,259.9448,259.9448,272.9067291609863,147.13501930236816
181,181,12,draft|draft_verify,16.970157623291016,125.74148178100586,0.0,490.0,4.0,26.5024,125.77170985861817,142.7716426042969,125.77170985861817
181,181,13,draft|draft_verify|target|target_rescue_verify,355.86094856262207,261.19518280029297,882.3390007019043,494.0,93.0,653.1624,882.3390007019043,1499.4552064648194,882.3390007019043
181,181,14,draft|draft_verify,34.04641151428223,125.80728530883789,0.0,536.0,8.0,54.992000000000004,130.59759140014648,159.9137032231201,130.59759140014648
181,181,15,draft|draft_verify|target|target_rescue_verify,207.32879638671875,254.95409965515137,1113.7101650238037,544.0,51.0,361.08000000000004,1113.7101650238037,1576.0531018656739,1113.7101650238037
181,181,16,draft|draft_verify,98.97685050964355,129.20546531677246,0.0,598.0,25.0,178.6648,178.6648,228.24233582641602,127.47704982757568
181,181,17,draft|draft_verify,78.10664176940918,130.16390800476074,0.0,623.0,19.0,136.38400000000001,266.60792320476077,208.33056497416993,259.4894085215332
182,182,1,draft|draft_verify,125.37264823913574,28.34010124206543,0.0,103.0,32.0,192.5336,125.37264823913574,153.7727750812012,125.37264823913574
182,182,2,draft|draft_verify,157.8202247619629,29.64615821838379,0.0,135.0,43.0,262.59520000000003,262.59520000000003,187.5264173803467,157.8202247619629
182,182,3,draft|draft_verify,220.58939933776855,56.82826042175293,0.0,178.0,58.0,361.2376,361.2376,277.4777061595215,220.58939933776855
182,182,4,draft|draft_verify,215.15297889709473,59.38529968261719,0.0,236.0,57.0,362.7288,362.7288,274.5983241797119,215.15297889709473
182,182,5,draft|draft_verify,63.05551528930664,76.27391815185547,0.0,293.0,15.0,96.19680000000001,172.5307301518555,139.3894454411621,139.3894454411621
183,183,1,draft|draft_verify,130.4910182952881,20.856142044067383,0.0,80.0,34.0,202.8424,130.4910182952881,151.40718753935548,130.4910182952881
183,183,2,draft|draft_verify,295.78471183776855,56.023597717285156,0.0,114.0,80.0,488.39840000000004,488.39840000000004,351.8683735550537,295.78471183776855
183,183,3,draft|draft_verify|target|target_rescue_verify,382.49707221984863,136.35683059692383,1953.6585807800293,194.0,99.0,625.5312,1953.6585807800293,2472.572562796802,1953.6585807800293
183,183,4,draft|draft_verify,279.0992259979248,87.02564239501953,0.0,288.0,71.0,461.88800000000003,461.88800000000003,366.1849251929443,279.0992259979248
183,183,5,draft|draft_verify,237.71381378173828,100.60763359069824,0.0,359.0,63.0,419.7264,419.7264,338.38149777243655,237.71381378173828
183,183,6,draft|draft_verify,101.15361213684082,133.02230834960938,0.0,422.0,25.0,168.5272,301.6095283496094,234.2359404864502,234.2359404864502
184,184,1,draft|draft_verify,108.41178894042969,30.949115753173828,0.0,104.0,29.0,174.4232,108.41178894042969,139.4209278936035,108.41178894042969
184,184,2,draft|draft_verify,442.77215003967285,60.555219650268555,0.0,133.0,113.0,699.5576,699.5576,503.3874600899414,442.77215003967285
184,184,3,draft|draft_verify,164.27063941955566,58.66217613220215,0.0,246.0,44.0,280.2176,280.2176,222.9928507517578,164.27063941955566
184,184,4,draft|draft_verify,1072.8569030761719,139.38045501708984,0.0,290.0,273.0,1845.4392,1845.4392,1212.2975764932617,1072.8569030761719
184,184,5,draft|draft_verify,70.88375091552734,126.79243087768555,0.0,563.0,17.0,119.5256,266.2931178947754,197.73619539321288,266.2931178947754
185,185,1,draft|draft_verify,71.18058204650879,29.23130989074707,0.0,119.0,19.0,114.6112,71.18058204650879,100.47190713725585,71.18058204650879
185,185,2,draft|draft_verify,167.17839241027832,46.877145767211914,0.0,138.0,46.0,281.428,281.428,214.11557497749024,167.17839241027832
185,185,3,draft|draft_verify,52.169084548950195,49.948930740356445,0.0,184.0,14.0,86.3192,86.3192,102.17802648930663,52.169084548950195
185,185,4,draft|draft_verify,153.49817276000977,57.81960487365723,0.0,198.0,42.0,262.6296,262.6296,211.377811233667,153.49817276000977
185,185,5,draft|draft_verify,19.654035568237305,59.39602851867676,0.0,240.0,5.0,31.028000000000002,57.879638473657224,79.11006808691405,57.879638473657224
185,185,6,draft|draft_verify,75.13952255249023,59.80229377746582,0.0,245.0,20.0,126.42800000000001,126.42800000000001,135.00183232995607,75.13952255249023
185,185,7,draft|draft_verify,116.7914867401123,60.7149600982666,0.0,265.0,30.0,191.68800000000002,191.68800000000002,177.5664708383789,116.7914867401123
185,185,8,draft|draft_verify,267.2579288482666,91.02892875671387,0.0,295.0,70.0,456.448,456.448,358.34691360498044,267.2579288482666
185,185,9,draft|draft_verify,35.52651405334473,91.18151664733887,0.0,365.0,9.0,58.754400000000004,91.08898475671387,126.7680379006836,91.08898475671387
185,185,10,draft|draft_verify,73.24647903442383,90.92354774475098,0.0,374.0,19.0,125.6272,125.6272,164.2300419791748,91.24152384733887
185,185,11,draft|draft_verify,35.241127014160156,92.18478202819824,0.0,393.0,9.0,59.292,90.98356294475097,127.4859162423584,90.98356294475097
185,185,12,draft|draft_verify,134.4432830810547,124.06444549560547,0.0,402.0,35.0,235.1312,235.1312,258.56775657666014,134.4432830810547
185,185,13,draft|draft_verify,137.8312110900879,125.14495849609375,0.0,437.0,36.0,244.86,244.86,263.03619838618164,137.8312110900879
185,185,14,draft|draft_verify|target|target_rescue_verify,366.08195304870605,254.4999122619629,819.9689388275146,473.0,95.0,662.7248000000001,819.9689388275146,1440.6108801381836,819.9689388275146
185,185,15,draft|draft_verify,225.88419914245605,127.28023529052734,0.0,506.0,59.0,413.2016,413.2016,353.2244816329834,225.88419914245605
185,185,16,draft|draft_verify,366.2538528442383,131.58392906188965,0.0,565.0,96.0,690.804,690.804,497.8978587061279,366.2538528442383
185,185,17,draft|draft_verify,24.68085289001465,150.5894660949707,0.0,661.0,6.0,42.407999999999994,131.64400586188964,175.33032378498535,131.64400586188964
185,185,18,draft|draft_verify,175.21190643310547,151.70741081237793,0.0,667.0,46.0,338.56,338.56,326.97935404548343,175.21190643310547
185,185,19,draft|draft_verify,96.21310234069824,152.06480026245117,0.0,713.0,24.0,177.77999999999997,329.90481946245114,248.3379218031494,303.8922670748291
186,186,1,draft|draft_verify,149.47152137756348,30.638933181762695,0.0,80.0,41.0,244.988,149.47152137756348,180.17048735932616,149.47152137756348
186,186,2,draft|draft_verify,112.68758773803711,29.00075912475586,0.0,121.0,31.0,187.768,187.768,141.74837166279298,112.68758773803711
186,186,3,draft|draft_verify,196.2752342224121,49.24893379211426,0.0,152.0,54.0,332.72880000000004,332.72880000000004,245.58421121452636,196.2752342224121
186,186,4,draft|draft_verify,204.21576499938965,58.6400032043457,0.0,206.0,56.0,352.328,352.328,262.91581300373537,204.21576499938965
186,186,5,draft|draft_verify,197.88479804992676,75.48999786376953,0.0,262.0,52.0,333.7312,333.7312,273.43483751369627,197.88479804992676
186,186,6,draft|draft_verify,78.2158374786377,75.95658302307129,0.0,314.0,19.0,123.0352,199.05179822307127,154.232435701709,154.232435701709
187,187,1,draft|draft_verify,139.71972465515137,33.44845771789551,0.0,106.0,38.0,229.22,139.71972465515137,173.22821277304686,139.71972465515137
187,187,2,draft|draft_verify,142.52161979675293,51.43022537231445,0.0,144.0,39.0,238.77120000000002,238.77120000000002,194.01187636906738,142.52161979675293
187,187,3,draft|draft_verify,131.04534149169922,56.195735931396484,0.0,183.0,36.0,223.524,223.524,187.3011062230957,131.04534149169922
187,187,4,draft|draft_verify,229.16030883789062,66.50900840759277,0.0,219.0,62.0,392.48,392.48,295.7293668454834,229.16030883789062
187,187,5,draft|draft_verify,121.26278877258301,84.84101295471191,0.0,281.0,32.0,205.7768,205.7768,206.16382732729494,121.26278877258301
187,187,6,draft|draft_verify,88.043212890625,84.97166633605957,0.0,313.0,22.0,142.6096,227.64128393605955,173.07489682668455,173.07489682668455
188,188,1,draft|draft_verify,153.9771556854248,77.63528823852539,0.0,336.0,38.0,249.644,153.9771556854248,231.67247432395018,153.9771556854248
188,188,2,draft|draft_verify,235.60667037963867,91.56131744384766,0.0,374.0,62.0,415.17199999999997,415.17199999999997,327.22803742348634,235.60667037963867
188,188,3,draft|draft_verify,231.66275024414062,124.01437759399414,0.0,436.0,61.0,417.316,417.316,355.73717663813477,231.66275024414062
188,188,4,draft|draft_verify|target|target_rescue_verify,251.89757347106934,262.8061771392822,1378.0248165130615,497.0,66.0,461.52000000000004,1378.0248165130615,1892.788619923413,1378.0248165130615
188,188,5,draft|draft_verify,252.25472450256348,127.39801406860352,0.0,558.0,64.0,456.568,456.568,379.71278977116697,252.25472450256348
188,188,6,draft|draft_verify|target|target_rescue_verify,507.291316986084,284.73472595214844,1269.0908908843994,622.0,132.0,973.9872,1269.0908908843994,2061.177039422632,1269.0908908843994
188,188,7,draft|draft_verify|target|target_rescue_verify,125.16379356384277,314.70751762390137,672.0647811889648,683.0,31.0,228.232,829.4185400009155,1111.996117176709,829.4185400009155
189,189,1,draft|draft_verify,104.70008850097656,31.85558319091797,0.0,96.0,28.0,167.84799999999998,104.70008850097656,136.6156940918945,104.70008850097656
189,189,2,draft|draft_verify,169.83795166015625,29.84166145324707,0.0,124.0,46.0,279.916,279.916,199.73964991340333,169.83795166015625
189,189,3,draft|draft_verify,141.45660400390625,50.66514015197754,0.0,170.0,35.0,216.20000000000002,216.20000000000002,192.18177215588378,141.45660400390625
189,189,4,draft|draft_verify,190.83452224731445,59.39793586730957,0.0,205.0,52.0,326.75440000000003,326.75440000000003,250.29249971462403,190.83452224731445
189,189,5,draft|draft_verify,37.35494613647461,60.10246276855469,0.0,257.0,9.0,56.680800000000005,59.45797746730957,97.5174161050293,59.45797746730957
189,189,6,draft|draft_verify,175.17828941345215,76.47442817687988,0.0,266.0,46.0,295.252,295.252,251.71275439033204,175.17828941345215
189,189,7,draft|draft_verify,31.510591506958008,76.34329795837402,0.0,312.0,8.0,51.2288,76.53446497687989,107.91389586533202,76.53446497687989
189,189,8,draft|draft_verify,312.8645420074463,92.33498573303223,0.0,320.0,79.0,520.7584,520.7584,405.2595909404785,312.8645420074463
189,189,9,draft|draft_verify,110.78977584838867,124.65858459472656,0.0,399.0,28.0,187.48239999999998,312.2010069947265,235.5083828431152,235.5083828431152
190,190,1,draft|draft_verify,213.62733840942383,51.35917663574219,0.0,174.0,59.0,366.98720000000003,213.62733840942383,265.046562245166,213.62733840942383
190,190,2,draft|draft_verify|target|target_rescue_verify,381.38532638549805,163.33317756652832,2197.071313858032,233.0,96.0,615.108,2197.071313858032,2741.8498946100585,2197.071313858032
190,190,3,draft|draft_verify|target|target_rescue_verify,418.31016540527344,231.08839988708496,1653.2907485961914,339.0,110.0,734.4703999999999,1653.2907485961914,2302.74940188855,1653.2907485961914
190,190,4,draft|draft_verify,194.28205490112305,124.33075904846191,0.0,420.0,51.0,346.2,346.2,318.672854749585,194.28205490112305
190,190,5,draft|draft_verify,47.15752601623535,124.32384490966797,0.0,471.0,11.0,74.576,248.7746535581299,171.5413797259033,248.7746535581299
191,191,1,draft|draft_verify,52.831172943115234,45.5172061920166,0.0,171.0,14.0,85.9136,52.831172943115234,98.40839033513183,52.831172943115234
191,191,2,draft|draft_verify,70.07050514221191,48.963069915771484,0.0,185.0,19.0,117.4624,117.4624,119.0935902579834,70.07050514221191
191,191,3,draft|draft_verify,186.23638153076172,58.30073356628418,0.0,204.0,51.0,320.28000000000003,320.28000000000003,244.5971558970459,186.23638153076172
191,191,4,draft|draft_verify,84.21969413757324,58.64739418029785,0.0,255.0,22.0,139.6864,139.6864,142.92710591787107,84.21969413757324
191,191,5,draft|draft_verify,61.218976974487305,59.84044075012207,0.0,277.0,16.0,102.10000000000001,102.10000000000001,121.11943052460938,61.218976974487305
191,191,6,draft|draft_verify,68.11404228210449,74.92804527282715,0.0,293.0,18.0,115.64160000000001,115.64160000000001,143.10210195493164,68.11404228210449
191,191,7,draft|draft_verify,19.617080688476562,75.64997673034668,0.0,311.0,5.0,31.709600000000002,74.98805967282715,95.32706141882323,74.98805967282715
191,191,8,draft|draft_verify,69.41461563110352,75.71625709533691,0.0,316.0,18.0,116.58000000000001,116.58000000000001,145.19088712644043,75.70998073034669
191,191,9,draft|draft_verify,84.10930633544922,76.82418823242188,0.0,334.0,22.0,143.668,143.668,160.99351216787107,84.10930633544922
191,191,10,draft|draft_verify,117.60067939758301,91.37630462646484,0.0,356.0,31.0,204.688,204.688,209.03700882404786,117.60067939758301
191,191,11,draft|draft_verify,69.74935531616211,92.50330924987793,0.0,387.0,18.0,119.4768,119.4768,162.31267896604004,91.43632942646484
191,191,12,draft|draft_verify,99.79510307312012,124.49431419372559,0.0,405.0,26.0,174.32,174.32,224.34943806684572,99.79510307312012
191,191,13,draft|draft_verify,57.94930458068848,123.97170066833496,0.0,431.0,15.0,100.8336,124.55433499372559,181.98101724902344,124.55433499372559
191,191,14,draft|draft_verify,35.13526916503906,124.16815757751465,0.0,446.0,8.0,53.480000000000004,248.2598766458496,159.3634331425537,248.2598766458496
192,192,1,draft|draft_verify,92.44251251220703,49.83806610107422,0.0,173.0,25.0,154.1848,92.44251251220703,142.34059861328126,92.44251251220703
192,192,2,draft|draft_verify,326.9848823547363,59.14306640625,0.0,198.0,89.0,562.076,562.076,386.1880199609863,326.9848823547363
192,192,3,draft|draft_verify,61.501264572143555,60.29367446899414,0.0,287.0,16.0,102.46000000000001,102.46000000000001,121.8549518411377,61.501264572143555
192,192,4,draft|draft_verify,89.30850028991699,76.4615535736084,0.0,303.0,20.0,129.0728,129.0728,165.8300698635254,89.30850028991699
192,192,5,draft|draft_verify,23.871421813964844,76.29132270812988,0.0,323.0,6.0,38.352,76.5215695736084,100.22274932209473,76.5215695736084
192,192,6,draft|draft_verify,83.9695930480957,77.71897315979004,0.0,329.0,22.0,143.416,143.416,161.74858380788572,83.9695930480957
192,192,7,draft|draft_verify,27.850866317749023,76.91502571105957,0.0,351.0,7.0,45.2848,77.77899075979003,104.82589762880859,77.77899075979003
192,192,8,draft|draft_verify,40.276288986206055,90.94643592834473,0.0,358.0,9.0,58.620000000000005,167.98147443940428,131.28273211455078,167.98147443940428
193,193,1,draft|draft_verify,129.50682640075684,30.794382095336914,0.0,133.0,35.0,213.1808,129.50682640075684,160.36123649609374,129.50682640075684
193,193,2,draft|draft_verify,87.8899097442627,49.03602600097656,0.0,168.0,24.0,147.696,147.696,136.98595494523926,87.8899097442627
193,193,3,draft|draft_verify,199.58782196044922,58.762311935424805,0.0,192.0,55.0,344.1472,344.1472,258.410177895874,199.58782196044922
193,193,4,draft|draft_verify,158.10799598693848,59.44252014160156,0.0,247.0,42.0,267.45120000000003,267.45120000000003,217.61054972854004,158.10799598693848
193,193,5,draft|draft_verify,133.68558883666992,76.27725601196289,0.0,289.0,35.0,225.9104,225.9104,210.0228728486328,133.68558883666992
193,193,6,draft|draft_verify,57.3272705078125,75.81925392150879,0.0,324.0,14.0,90.6872,166.5664651215088,133.20653562932128,152.2165491334717
194,194,1,draft|draft_verify,180.10568618774414,60.358285903930664,0.0,253.0,47.0,300.3056,180.10568618774414,240.5240096916748,180.10568618774414
194,194,2,draft|draft_verify,274.4588851928711,91.78495407104492,0.0,300.0,73.0,477.16720000000004,477.16720000000004,366.303897663916,274.4588851928711
194,194,3,draft|draft_verify,211.68851852416992,93.414306640625,0.0,373.0,55.0,367.60479999999995,367.60479999999995,305.1628691647949,211.68851852416992
194,194,4,draft|draft_verify|target|target_rescue_verify,268.30196380615234,251.67369842529297,1179.107904434204,428.0,71.0,485.408,1179.107904434204,1699.1436234656494,1179.107904434204
194,194,5,draft|draft_verify|target|target_rescue_verify,313.828706741333,302.37293243408203,5089.367866516113,481.0,83.0,579.248,5089.367866516113,5705.629572091529,5089.367866516113
194,194,6,draft|draft_verify,62.86311149597168,154.91080284118652,0.0,734.0,15.0,111.01440000000001,151.18646621704102,217.8339263371582,151.18646621704102
194,194,7,draft|draft_verify,25.38156509399414,157.52124786376953,0.0,749.0,5.0,35.9144,312.552066704956,182.96281695776366,312.552066704956
195,195,1,draft|draft_verify,131.41679763793945,50.046443939208984,0.0,163.0,36.0,221.84400000000002,131.41679763793945,181.52327037714844,131.41679763793945
195,195,2,draft|draft_verify,166.0919189453125,58.16388130187988,0.0,199.0,46.0,288.016,288.016,224.3158370471924,166.0919189453125
195,195,3,draft|draft_verify,115.5555248260498,59.16953086853027,0.0,245.0,31.0,196.696,196.696,174.7850804945801,115.5555248260498
195,195,4,draft|draft_verify,49.69215393066406,59.224843978881836,0.0,276.0,13.0,82.756,82.756,108.97700830954591,59.229555668530274
195,195,5,draft|draft_verify,35.94660758972168,59.60559844970703,0.0,289.0,9.0,57.2952,59.28485437888184,95.61221323942871,59.28485437888184
195,195,6,draft|draft_verify,61.593055725097656,75.39987564086914,0.0,298.0,16.0,102.85600000000001,102.85600000000001,137.0529441659668,61.593055725097656
195,195,7,draft|draft_verify,79.81729507446289,77.36492156982422,0.0,314.0,20.0,129.5744,129.5744,157.24223264428713,79.81729507446289
195,195,8,draft|draft_verify,73.60577583312988,76.6606330871582,0.0,334.0,19.0,123.89920000000001,123.89920000000001,150.3264241202881,77.42493756982422
195,195,9,draft|draft_verify,25.18010139465332,90.7289981842041,0.0,353.0,6.0,38.711999999999996,76.7206482871582,115.96910437885742,76.7206482871582
195,195,10,draft|draft_verify,35.11857986450195,91.2022590637207,0.0,359.0,9.0,58.6392,90.7890029842041,126.38084612822266,90.7890029842041
195,195,11,draft|draft_verify,137.90202140808105,92.11087226867676,0.0,368.0,35.0,232.3568,324.52770026867677,230.0729216767578,230.0729216767578
196,196,1,draft|draft_verify,173.08354377746582,59.96513366699219,0.0,202.0,47.0,294.6752,173.08354377746582,233.108715044458,173.08354377746582
196,196,2,draft|draft_verify,94.44999694824219,58.77423286437988,0.0,249.0,25.0,158.5624,158.5624,153.28424981262208,94.44999694824219
196,196,3,draft|draft_verify,158.79487991333008,75.85334777832031,0.0,274.0,42.0,270.108,270.108,234.7082612916504,158.79487991333008
196,196,4,draft|draft_verify,144.0281867980957,76.42984390258789,0.0,316.0,37.0,241.2808,241.2808,220.5180603006836,144.0281867980957
196,196,5,draft|draft_verify|target|target_rescue_verify,212.09168434143066,194.96774673461914,1518.9740657806396,353.0,56.0,371.73199999999997,1518.9740657806396,1926.0935416566895,1518.9740657806396
196,196,6,draft|draft_verify,89.37478065490723,129.2252540588379,0.0,423.0,23.0,154.9616,154.9616,218.6600531137451,97.48387336730957
196,196,7,draft|draft_verify,132.93027877807617,125.0460147857666,0.0,446.0,35.0,238.7216,238.7216,258.03632156384276,132.93027877807617
196,196,8,draft|draft_verify,328.8843631744385,126.73163414001465,0.0,481.0,87.0,607.6368,607.6368,455.67606691445314,328.8843631744385
196,196,9,draft|draft_verify|target|target_rescue_verify,213.70434761047363,295.3219413757324,2347.1453189849854,568.0,57.0,407.3496,2347.1453189849854,2856.2316535711916,2347.1453189849854
196,196,10,draft|draft_verify|target|target_rescue_verify,45.5625057220459,323.0559825897217,1195.1208114624023,682.0,10.0,72.23920000000001,1195.1208114624023,1563.7993077741698,1195.1208114624023
196,196,11,draft|draft_verify,52.8106689453125,151.64637565612793,0.0,740.0,12.0,88.5744,313.23437655098877,204.51705420144043,313.23437655098877
197,197,1,draft|draft_verify,127.80332565307617,46.32902145385742,0.0,152.0,32.0,196.1792,127.80332565307617,174.1923727069336,127.80332565307617
197,197,2,draft|draft_verify,158.62703323364258,49.883127212524414,0.0,184.0,43.0,267.5344,267.5344,208.570194846167,158.62703323364258
197,197,3,draft|draft_verify,355.2355766296387,75.78349113464355,0.0,227.0,92.0,587.7032,587.7032,431.07914136428224,355.2355766296387
197,197,4,draft|draft_verify,245.4519271850586,91.70150756835938,0.0,319.0,64.0,420.4312,420.4312,337.21348595341794,245.4519271850586
197,197,5,draft|draft_verify,398.2682228088379,141.45207405090332,0.0,383.0,104.0,704.492,704.492,539.7803800597412,398.2682228088379
197,197,6,draft|draft_verify,196.3493824005127,141.65210723876953,0.0,487.0,49.0,340.1848,481.89694643876953,338.06152883928223,338.06152883928223
198,198,1,draft|draft_verify,156.20756149291992,30.17568588256836,0.0,89.0,42.0,251.904,156.20756149291992,186.44328097548828,156.20756149291992
198,198,2,draft|draft_verify,174.09777641296387,30.050277709960938,0.0,131.0,47.0,286.83680000000004,286.83680000000004,204.2080917229248,174.09777641296387
198,198,3,draft|draft_verify,195.7683563232422,49.96061325073242,0.0,178.0,53.0,329.7416,329.7416,245.7890119739746,195.7683563232422
198,198,4,draft|draft_verify,365.0031089782715,75.9429931640625,0.0,231.0,96.0,614.6519999999999,614.6519999999999,441.006178942334,365.0031089782715
198,198,5,draft|draft_verify,112.75792121887207,75.76465606689453,0.0,327.0,29.0,189.4088,189.4088,188.5826004857666,112.75792121887207
198,198,6,draft|draft_verify,78.24301719665527,90.6980037689209,0.0,356.0,19.0,124.8496,215.6076189689209,169.00103616557618,169.00103616557618
199,199,1,draft|draft_verify,171.77939414978027,29.41584587097168,0.0,119.0,46.0,279.37600000000003,171.77939414978027,201.25527682075196,171.77939414978027
199,199,2,draft|draft_verify,145.29085159301758,50.015926361083984,0.0,165.0,39.0,240.68640000000002,240.68640000000002,195.36680915410156,145.29085159301758
199,199,3,draft|draft_verify,253.79276275634766,59.478044509887695,0.0,204.0,66.0,415.812,415.812,313.33086006623535,253.79276275634766
199,199,4,draft|draft_verify,251.70493125915527,75.84500312805176,0.0,270.0,66.0,426.10800000000006,426.10800000000006,327.609987187207,251.70493125915527
199,199,5,draft|draft_verify,97.2280502319336,76.03335380554199,0.0,336.0,25.0,163.5736,163.5736,173.3214240374756,97.2280502319336
199,199,6,draft|draft_verify,253.9834976196289,92.76223182678223,0.0,361.0,66.0,440.30400000000003,440.30400000000003,346.8057822464111,253.9834976196289
199,199,7,draft|draft_verify,173.69556427001953,123.70133399963379,0.0,427.0,45.0,305.7672,305.7672,297.4569342696533,173.69556427001953
199,199,8,draft|draft_verify,54.74138259887695,124.76420402526855,0.0,472.0,13.0,88.4008,248.58558442490232,179.56559702414552,248.58558442490232
200,200,1,draft|draft_verify,306.0004711151123,50.4763126373291,0.0,129.0,82.0,503.728,306.0004711151123,356.5368493524414,306.0004711151123
200,200,2,draft|draft_verify,34.130096435546875,50.1103401184082,0.0,211.0,9.0,55.7976,55.7976,84.30044375395508,50.5363782373291
200,200,3,draft|draft_verify|target|target_rescue_verify,319.3190097808838,145.7374095916748,2210.097551345825,220.0,85.0,540.82,2210.097551345825,2675.2140387183836,2210.097551345825
200,200,4,draft|draft_verify,395.8566188812256,103.39641571044922,0.0,327.0,104.0,690.6488,690.6488,499.3131177916748,395.8566188812256
200,200,5,draft|draft_verify,427.71029472351074,142.0731544494629,0.0,431.0,110.0,758.5376,758.5376,569.8435371729736,427.71029472351074
200,200,6,draft|draft_verify,402.32253074645996,130.10239601135254,0.0,541.0,106.0,758.128,758.128,532.4850115578125,402.32253074645996
200,200,7,draft|draft_verify,74.44119453430176,129.8534870147705,0.0,647.0,18.0,130.0848,260.0759822261231,204.35469594907227,260.0759822261231
201,201,1,draft|draft_verify,133.8205337524414,49.66235160827637,0.0,172.0,36.0,222.60000000000002,133.8205337524414,183.54291416071777,133.8205337524414
201,201,2,draft|draft_verify|target|backtracking_verify,149.56426620483398,118.8974380493164,1051.117181777954,208.0,41.0,257.276,1051.117181777954,1319.6389188321045,1051.117181777954
201,201,3,draft|draft_verify|target|target_rescue_verify,423.54440689086914,221.14086151123047,1160.6450080871582,508.0,111.0,785.904,1160.6450080871582,1805.3903652892577,1160.6450080871582
201,201,4,draft|draft_verify|target|target_rescue_verify,630.4128170013428,273.62728118896484,1151.4906883239746,611.0,166.0,1227.664,1364.5377733944824,2055.5909193142825,1151.4906883239746
201,201,5,draft|draft_verify|target|target_rescue_verify,391.6139602661133,365.73338508605957,2691.349506378174,779.0,101.0,778.8199999999999,2691.349506378174,3448.7569325303466,2691.349506378174
201,201,6,draft|draft_verify|target|target_rescue_verify,400.3438949584961,413.03491592407227,1242.6633834838867,959.0,104.0,846.8792,1242.6633834838867,2056.102277566455,1242.6633834838867
201,201,7,draft|draft_verify,32.37557411193848,141.65019989013672,0.0,519.0,8.0,54.7064,206.51745796203613,174.0857804020752,206.51745796203613
201,201,8,draft|draft_verify,185.23621559143066,125.79894065856934,0.0,527.0,48.0,337.6728,337.6728,311.09519465,185.23621559143066
201,201,9,draft|draft_verify|target|target_rescue_verify,268.2523727416992,295.90487480163574,2266.6234970092773,575.0,71.0,510.10400000000004,2266.6234970092773,2830.8408013526123,2266.6234970092773
201,201,10,draft|draft_verify,318.85242462158203,153.56850624084473,0.0,683.0,84.0,626.58,626.58,472.48099806242675,318.85242462158203
201,201,11,draft|draft_verify|target|target_rescue_verify,271.2092399597168,347.8720188140869,1626.0547637939453,767.0,71.0,542.36,1626.0547637939453,2245.196079367749,1626.0547637939453
201,201,12,draft|draft_verify,68.49980354309082,172.8823184967041,0.0,846.0,16.0,122.584,346.87834070374754,241.4421348397949,346.87834070374754
202,202,1,draft|draft_verify,203.97281646728516,29.82950210571289,0.0,123.0,55.0,335.2048,203.97281646728516,233.86236257299805,203.97281646728516
202,202,2,draft|draft_verify,296.7071533203125,59.226036071777344,0.0,178.0,79.0,494.17600000000004,494.17600000000004,355.99325259208985,296.7071533203125
202,202,3,draft|draft_verify,90.3322696685791,59.26203727722168,0.0,257.0,23.0,146.1968,146.1968,149.65432534580077,90.3322696685791
202,202,4,draft|draft_verify|target|target_rescue_verify,94.79284286499023,154.0679931640625,731.1625480651855,280.0,25.0,160.348,731.1625480651855,980.0834040942383,731.1625480651855
202,202,5,draft|draft_verify,90.29173851013184,76.08413696289062,0.0,313.0,23.0,149.1536,149.1536,166.43589387302245,90.29173851013184
202,202,6,draft|draft_verify,112.6251220703125,76.32613182067871,0.0,336.0,28.0,183.4,259.7861542206787,189.0112762909912,189.0112762909912
203,203,1,draft|draft_verify,392.3494815826416,50.66037178039551,0.0,116.0,108.0,663.576,392.3494815826416,443.0699397630371,392.3494815826416
203,203,2,draft|draft_verify,224.40361976623535,59.97872352600098,0.0,224.0,61.0,386.788,386.788,284.44239209223633,224.40361976623535
203,203,3,draft|draft_verify|target|target_rescue_verify,774.979829788208,281.5256118774414,4828.07993888855,285.0,196.0,1304.2839999999999,4828.07993888855,5884.645537354199,4828.07993888855
203,203,4,draft|draft_verify|target|target_rescue_verify,988.0380630493164,318.6819553375244,4510.785102844238,522.0,257.0,1874.8472000000002,4510.785102844238,5817.565326831079,4510.785102844238
203,203,5,draft|draft_verify,123.67653846740723,159.03401374816895,0.0,745.0,29.0,217.4984,376.59243694816894,282.77057541557616,318.43501461693114
204,204,1,draft|draft_verify,134.0467929840088,50.31728744506836,0.0,177.0,36.0,223.02,134.0467929840088,184.42410922907715,134.0467929840088
204,204,2,draft|draft_verify,199.54538345336914,59.30376052856445,0.0,213.0,54.0,340.48800000000006,340.48800000000006,258.9091871819336,199.54538345336914
204,204,3,draft|draft_verify,387.5079154968262,76.19833946228027,0.0,267.0,98.0,636.0848,636.0848,463.76633335910645,387.5079154968262
204,204,4,draft|draft_verify|target|target_rescue_verify,519.4861888885498,266.9403553009033,2249.499559402466,365.0,131.0,886.2560000000001,2249.499559402466,3035.986208391919,2249.499559402466
204,204,5,draft|draft_verify,542.1602725982666,128.26824188232422,0.0,472.0,141.0,991.62,991.62,670.4886272805908,542.1602725982666
204,204,6,draft|draft_verify|target|target_rescue_verify,152.49371528625488,297.25170135498047,3841.0043716430664,613.0,38.0,274.2416,3841.0043716430664,4290.809818684302,3841.0043716430664
204,204,7,draft|draft_verify|target|target_rescue_verify,71.00796699523926,340.98172187805176,473.7730026245117,801.0,16.0,120.964,644.2638635635376,885.8227042978027,644.2638635635376
205,205,1,draft|draft_verify,176.6517162322998,60.758352279663086,0.0,255.0,46.0,294.064,176.6517162322998,237.4701053119629,176.6517162322998
205,205,2,draft|draft_verify|target|target_rescue_verify,170.51959037780762,152.8310775756836,549.94797706604,301.0,45.0,292.4616,549.94797706604,873.3586810195312,549.94797706604
205,205,3,draft|draft_verify,160.3240966796875,76.99704170227051,0.0,324.0,42.0,275.028,275.028,237.381171981958,160.3240966796875
205,205,4,draft|draft_verify,122.04694747924805,91.62664413452148,0.0,366.0,32.0,212.1008,212.1008,213.73361721376955,122.04694747924805
205,205,5,draft|draft_verify,24.0325927734375,91.96233749389648,0.0,398.0,6.0,39.251999999999995,91.68666973452149,116.05493506733399,91.68666973452149
205,205,6,draft|draft_verify,260.1430416107178,124.3734359741211,0.0,404.0,65.0,440.1464,440.1464,384.57652958483885,260.1430416107178
205,205,7,draft|draft_verify,344.36893463134766,125.20694732666016,0.0,469.0,91.0,633.472,633.472,469.6359547580078,344.36893463134766
205,205,8,draft|draft_verify,390.96522331237793,130.3095817565918,0.0,560.0,100.0,718.9359999999999,718.9359999999999,521.3348850689697,390.96522331237793
205,205,9,draft|draft_verify,378.5250186920166,152.13465690612793,0.0,660.0,100.0,742.696,742.696,530.7197555981445,378.5250186920166
205,205,10,draft|draft_verify,85.59489250183105,153.07164192199707,0.0,760.0,22.0,165.1384,165.1384,238.7265520238281,152.19473690612793
205,205,11,draft|draft_verify|target|target_rescue_verify,24.926185607910156,307.7411651611328,362.63585090637207,782.0,5.0,36.2312,516.5064334869385,695.363205675415,516.5064334869385
206,206,1,draft|draft_verify,280.3769111633301,60.35494804382324,0.0,187.0,76.0,476.74,280.3769111633301,340.7919200071533,280.3769111633301
206,206,2,draft|draft_verify,397.3081111907959,76.9658088684082,0.0,263.0,105.0,681.4488,681.4488,474.3340040592041,397.3081111907959
206,206,3,draft|draft_verify,156.37493133544922,90.7602310180664,0.0,368.0,41.0,272.63599999999997,272.63599999999997,247.1951951535156,156.37493133544922
206,206,4,draft|draft_verify|target|target_rescue_verify,65.53506851196289,184.19384956359863,565.1438236236572,409.0,16.0,106.852,657.2407484054565,814.9327544992187,657.2407484054565
207,207,1,draft|draft_verify,188.5662078857422,50.36282539367676,0.0,166.0,50.0,309.4616,188.5662078857422,238.98907327941893,188.5662078857422
207,207,2,draft|draft_verify,191.0254955291748,60.541629791259766,0.0,216.0,52.0,328.1008,328.1008,251.62716692043458,191.0254955291748
207,207,3,draft|draft_verify|target|target_rescue_verify,307.1942329406738,145.7538604736328,828.4528255462646,268.0,81.0,524.172,828.4528255462646,1281.4609837605713,828.4528255462646
207,207,4,draft|draft_verify,255.96189498901367,102.9977798461914,0.0,306.0,64.0,418.4656,418.4656,359.01972603520505,255.96189498901367
207,207,5,draft|draft_verify,288.77806663513184,140.43140411376953,0.0,370.0,75.0,502.87199999999996,502.87199999999996,429.2695307489014,288.77806663513184
207,207,6,draft|draft_verify|target|target_rescue_verify,246.22631072998047,252.7768611907959,1426.267147064209,445.0,65.0,446.444,1426.267147064209,1925.3303709849854,1426.267147064209
207,207,7,draft|draft_verify,248.06666374206543,126.92999839782715,0.0,513.0,65.0,456.8888,456.8888,375.0567141398926,248.06666374206543
207,207,8,draft|draft_verify,158.86998176574707,128.82232666015625,0.0,578.0,42.0,300.02160000000003,300.02160000000003,287.7523420259033,158.86998176574707
207,207,9,draft|draft_verify,129.7929286956787,129.75788116455078,0.0,620.0,33.0,238.3032,368.1211075645508,259.61083626022946,259.61083626022946
208,208,1,draft|draft_verify,145.4176902770996,29.922962188720703,0.0,119.0,40.0,242.61040000000003,145.4176902770996,175.40068446582032,145.4176902770996
208,208,2,draft|draft_verify,221.24862670898438,49.188852310180664,0.0,159.0,58.0,358.6384,358.6384,270.4975254191651,221.24862670898438
208,208,3,draft|draft_verify,168.43199729919434,58.89129638671875,0.0,217.0,46.0,289.96000000000004,289.96000000000004,227.3833304859131,168.43199729919434
208,208,4,draft|draft_verify,265.7613754272461,76.65300369262695,0.0,263.0,70.0,451.1488,451.1488,342.474435119873,265.7613754272461
208,208,5,draft|draft_verify,170.36962509155273,91.81404113769531,0.0,333.0,45.0,295.8408,295.8408,262.243702229248,170.36962509155273
208,208,6,draft|draft_verify,84.0463638305664,91.63403511047363,0.0,378.0,21.0,139.188,230.88205191047362,175.74041574104004,183.56812904816894
209,209,1,draft|draft_verify,26.643991470336914,20.843982696533203,0.0,104.0,7.0,41.728,26.643991470336914,47.547979766870114,26.643991470336914
209,209,2,draft|draft_verify,129.9903392791748,28.510570526123047,0.0,111.0,36.0,217.476,217.476,158.56093860529785,129.9903392791748
209,209,3,draft|draft_verify,91.19105339050293,29.128074645996094,0.0,147.0,25.0,152.6872,152.6872,120.37914803649902,91.19105339050293
209,209,4,draft|draft_verify,36.921024322509766,45.91083526611328,0.0,172.0,10.0,61.223200000000006,61.223200000000006,82.89186758862306,36.921024322509766
209,209,5,draft|draft_verify,110.11075973510742,49.803972244262695,0.0,182.0,30.0,185.9112,185.9112,159.97475597937012,110.11075973510742
209,209,6,draft|draft_verify,41.501760482788086,50.071001052856445,0.0,212.0,11.0,68.36,68.36,91.63277033564452,49.863996244262694
209,209,7,draft|draft_verify,85.0682258605957,58.38370323181152,0.0,223.0,23.0,144.4016,144.4016,143.51194749240722,85.0682258605957
209,209,8,draft|draft_verify,15.804290771484375,58.846235275268555,0.0,246.0,4.0,24.7456,58.44372163181152,74.71052924675293,58.44372163181152
209,209,9,draft|draft_verify,41.600704193115234,58.73727798461914,0.0,250.0,11.0,69.272,69.272,100.39799097773437,58.90623847526855
209,209,10,draft|draft_verify,57.69753456115723,58.67648124694824,0.0,261.0,15.0,95.1216,95.1216,116.43402780810547,58.79728678461914
209,209,11,draft|draft_verify,68.87459754943848,76.65657997131348,0.0,276.0,18.0,114.94800000000001,114.94800000000001,145.59119192075195,68.87459754943848
209,209,12,draft|draft_verify,42.93084144592285,75.43826103210449,0.0,294.0,11.0,70.328,76.71659437131348,118.42911127802734,76.71659437131348
209,209,13,draft|draft_verify,47.89137840270996,75.92320442199707,0.0,305.0,11.0,70.592,151.48148305410157,123.87459162470702,151.48148305410157
210,210,1,draft|draft_verify,121.91104888916016,21.153926849365234,0.0,79.0,31.0,184.744,121.91104888916016,143.1250005385254,121.91104888916016
210,210,2,draft|draft_verify,388.6733055114746,49.10397529602051,0.0,110.0,101.0,618.26,618.26,437.8373616074951,388.6733055114746
210,210,3,draft|draft_verify,277.4531841278076,59.6318244934082,0.0,211.0,75.0,474.6336,474.6336,337.14506862121584,277.4531841278076
210,210,4,draft|draft_verify,205.85966110229492,75.6227970123291,0.0,286.0,54.0,349.77360000000004,349.77360000000004,281.542501314624,205.85966110229492
210,210,5,draft|draft_verify,214.42556381225586,92.10658073425293,0.0,340.0,55.0,363.328,363.328,306.5921885465088,214.42556381225586
210,210,6,draft|draft_verify|target|target_rescue_verify,69.9930191040039,215.70587158203125,798.5386848449707,395.0,17.0,113.0744,798.5386848449707,1084.297589131006,798.5386848449707
210,210,7,draft|draft_verify,71.11048698425293,124.11165237426758,0.0,429.0,17.0,114.38,238.55166597426756,195.2821529585205,232.0246017652832
211,211,1,draft|draft_verify,172.68109321594238,29.473066329956055,0.0,84.0,47.0,281.648,172.68109321594238,202.21419714589842,172.68109321594238
211,211,2,draft|draft_verify,193.96400451660156,45.97139358520508,0.0,131.0,53.0,323.87600000000003,323.87600000000003,239.99544050180663,193.96400451660156
211,211,3,draft|draft_verify,516.089916229248,76.10511779785156,0.0,184.0,139.0,881.8192,881.8192,592.2551452270997,516.089916229248
211,211,4,draft|draft_verify,335.37840843200684,91.49980545043945,0.0,323.0,89.0,588.476,588.476,426.93828508244627,335.37840843200684
211,211,5,draft|draft_verify,90.93141555786133,122.90501594543457,0.0,412.0,23.0,154.38080000000002,277.3458343454346,213.8964499032959,214.52491099587402
212,212,1,draft|draft_verify,130.1112174987793,76.19929313659668,0.0,301.0,32.0,207.2648,130.1112174987793,206.37053623537597,130.1112174987793
212,212,2,draft|draft_verify|target|target_rescue_verify,246.08850479125977,184.25655364990234,1299.4256019592285,333.0,62.0,409.1696,1299.4256019592285,1729.8307100003906,1299.4256019592285
212,212,3,draft|draft_verify,36.742448806762695,91.60351753234863,0.0,393.0,9.0,59.292,92.12827682495117,128.40597353911133,92.12827682495117
212,212,4,draft|draft_verify|target|target_rescue_verify,220.36480903625488,286.7763042449951,2633.0959796905518,402.0,58.0,391.8808,2633.0959796905518,3140.2971393718017,2633.0959796905518
212,212,5,draft|draft_verify,139.65892791748047,125.65159797668457,0.0,532.0,36.0,252.84,252.84,265.37055469416504,143.38815212249756
212,212,6,draft|draft_verify|target|target_rescue_verify,201.7068862915039,257.39574432373047,1255.880355834961,568.0,53.0,378.41360000000003,1255.880355834961,1715.0430288501952,1255.880355834961
212,212,7,draft|draft_verify,350.44312477111816,151.40986442565918,0.0,629.0,88.0,645.6424,645.6424,501.9130595967773,350.44312477111816
212,212,8,draft|draft_verify,111.25683784484863,152.01234817504883,0.0,717.0,29.0,215.6168,215.6168,263.32920921989745,151.46993482565918
212,212,9,draft|draft_verify,161.78035736083984,154.06179428100586,0.0,746.0,41.0,308.924,463.0458270810058,315.9021844418457,315.9021844418457
213,213,1,draft|draft_verify,137.64119148254395,31.11553192138672,0.0,143.0,35.0,213.9968,137.64119148254395,168.81675140393065,137.64119148254395
213,213,2,draft|draft_verify|target|target_rescue_verify,230.7455539703369,138.09990882873535,3428.057909011841,178.0,57.0,354.9336,3428.057909011841,3796.9634174109133,3428.057909011841
213,213,3,draft|draft_verify,337.2156620025635,102.48064994812012,0.0,346.0,88.0,586.552,586.552,439.75638235068357,337.2156620025635
213,213,4,draft|draft_verify,313.4653568267822,125.84900856018066,0.0,434.0,83.0,569.9984,569.9984,439.3744317869629,313.4653568267822
213,213,5,draft|draft_verify|target|target_rescue_verify,460.5567455291748,271.9075679779053,3012.709856033325,517.0,122.0,868.1312,3012.709856033325,3745.2342671404053,3012.709856033325
213,213,6,draft|draft_verify,268.1286334991455,151.8075466156006,0.0,664.0,63.0,465.1104,465.1104,419.9962305147461,268.1286334991455
213,213,7,draft|draft_verify,105.8053970336914,152.16898918151855,0.0,727.0,26.0,193.64000000000001,345.86900998151856,258.03440701521,304.0966069971191
214,214,1,draft|draft_verify,261.0456943511963,28.16462516784668,0.0,71.0,68.0,407.204,261.0456943511963,289.270373919043,261.0456943511963
214,214,2,draft|draft_verify,89.79654312133789,29.22368049621582,0.0,139.0,24.0,146.09519999999998,146.09519999999998,119.08024281755371,89.79654312133789
214,214,3,draft|draft_verify,33.98585319519043,29.893159866333008,0.0,163.0,9.0,54.876000000000005,54.876000000000005,63.93902026152344,33.98585319519043
214,214,4,draft|draft_verify,161.3328456878662,49.78537559509277,0.0,172.0,42.0,260.07120000000003,260.07120000000003,211.17825488295898,161.3328456878662
214,214,5,draft|draft_verify,159.84392166137695,58.65120887756348,0.0,214.0,42.0,264.204,264.204,218.55516413894043,159.84392166137695
214,214,6,draft|draft_verify,138.67878913879395,59.096336364746094,0.0,256.0,35.0,223.2176,223.2176,197.83515350354003,138.67878913879395
214,214,7,draft|draft_verify|target|target_rescue_verify,98.75679016113281,161.4968776702881,445.6744194030762,291.0,25.0,160.98160000000001,445.6744194030762,705.9881072344971,445.6744194030762
214,214,8,draft|draft_verify,112.17141151428223,84.87772941589355,0.0,309.0,28.0,181.6504,266.5881518158935,197.10916333017576,197.10916333017576
215,215,1,draft|draft_verify,179.84509468078613,32.128095626831055,0.0,98.0,49.0,295.372,179.84509468078613,212.0332295076172,179.84509468078613
215,215,2,draft|draft_verify,79.99229431152344,32.61923789978027,0.0,147.0,22.0,134.2432,134.2432,112.6715498113037,79.99229431152344
215,215,3,draft|draft_verify,222.2442626953125,55.13405799865723,0.0,169.0,61.0,378.868,378.868,277.43836949396973,222.2442626953125
215,215,4,draft|draft_verify,33.7986946105957,62.975406646728516,0.0,230.0,9.0,56.162400000000005,56.162400000000005,96.83410845732422,55.194106798657224
215,215,5,draft|draft_verify,223.65403175354004,59.57365036010742,0.0,239.0,60.0,382.4904,382.4904,283.28773011364746,223.65403175354004
215,215,6,draft|draft_verify,42.809247970581055,75.90508460998535,0.0,299.0,11.0,70.448,70.448,118.7743413805664,59.633698360107424
215,215,7,draft|draft_verify,185.61863899230957,76.58696174621582,0.0,310.0,49.0,319.7944,319.7944,262.2656399385254,185.61863899230957
215,215,8,draft|draft_verify,90.82198143005371,90.67916870117188,0.0,359.0,24.0,158.23919999999998,158.23919999999998,181.56116933122559,90.82198143005371
215,215,9,draft|draft_verify,233.8705062866211,123.90685081481934,0.0,383.0,62.0,416.4896,416.4896,357.83740670144044,233.8705062866211
215,215,10,draft|draft_verify,46.886444091796875,123.6574649810791,0.0,445.0,12.0,80.78639999999999,123.96690041481934,170.60391867287598,123.96690041481934
215,215,11,draft|draft_verify,99.55501556396484,125.36835670471191,0.0,457.0,25.0,170.5432,295.97157670471194,224.98339226867677,249.14585128579103
216,216,1,draft|draft_verify,241.99271202087402,29.5870304107666,0.0,95.0,66.0,398.80800000000005,241.99271202087402,271.6397952316406,241.99271202087402
216,216,2,draft|draft_verify,82.37409591674805,45.23134231567383,0.0,161.0,22.0,134.9488,134.9488,127.66545583242187,82.37409591674805
216,216,3,draft|draft_verify,108.69359970092773,48.93922805786133,0.0,183.0,30.0,185.98080000000002,185.98080000000002,157.69285175878906,108.69359970092773
216,216,4,draft|draft_verify,166.4290428161621,58.35843086242676,0.0,213.0,46.0,289.528,289.528,224.84751047858887,166.4290428161621
216,216,5,draft|draft_verify,187.31451034545898,76.89523696899414,0.0,259.0,50.0,320.3984,320.3984,264.2697873144531,187.31451034545898
216,216,6,draft|draft_verify,200.0868320465088,78.5679817199707,0.0,309.0,52.0,339.48400000000004,339.48400000000004,278.71485536647947,200.0868320465088
216,216,7,draft|draft_verify|target|target_rescue_verify,198.34423065185547,196.81572914123535,1182.8269958496094,361.0,52.0,345.84880000000004,1182.8269958496094,1578.0469972427002,1182.8269958496094
216,216,8,draft|draft_verify|target|target_rescue_verify,90.30413627624512,248.7046718597412,877.7055740356445,415.0,23.0,154.5392,877.7055740356445,1216.7744005716308,877.7055740356445
216,216,9,draft|draft_verify,94.48647499084473,124.73106384277344,0.0,457.0,24.0,163.6488,163.6488,219.27755803361816,124.3523359298706
216,216,10,draft|draft_verify,120.0416088104248,124.96066093444824,0.0,481.0,31.0,213.688,213.688,245.06229454487305,124.79108304277344
216,216,11,draft|draft_verify,190.8261775970459,125.43749809265137,0.0,512.0,50.0,350.1512,350.1512,316.3237156896972,190.8261775970459
216,216,12,draft|draft_verify,197.2048282623291,129.4996738433838,0.0,562.0,50.0,356.0312,356.0312,326.76454210571285,197.2048282623291
216,216,13,draft|draft_verify,214.77985382080078,130.60379028320312,0.0,612.0,56.0,405.91999999999996,405.91999999999996,345.4436889040039,214.77985382080078
216,216,14,draft|draft_verify|target|target_rescue_verify,222.34797477722168,318.1591033935547,1243.9556121826172,668.0,58.0,428.26959999999997,1243.9556121826172,1784.5227367533935,1243.9556121826172
216,216,15,draft|draft_verify,178.64680290222168,159.16919708251953,0.0,726.0,46.0,344.932,344.932,337.87603678474125,178.64680290222168
216,216,16,draft|draft_verify,51.89633369445801,154.11043167114258,0.0,772.0,13.0,97.0408,159.22923388251954,206.0667757656006,159.22923388251954
216,216,17,draft|draft_verify,196.6269016265869,173.44379425048828,0.0,785.0,51.0,390.0,390.0,370.1307366770752,196.6269016265869
216,216,18,draft|draft_verify,80.95359802246094,174.01576042175293,0.0,836.0,21.0,161.172,173.50383505048828,255.02937524421387,173.50383505048828
216,216,19,draft|draft_verify,703.2241821289062,203.61995697021484,0.0,857.0,186.0,1489.44,1489.44,906.9042878991211,703.2241821289062
216,216,20,draft|draft_verify,715.7626152038574,256.8509578704834,0.0,1043.0,187.0,1580.7136,1580.7136,972.6737226743409,715.7626152038574
216,216,21,draft|draft_verify|target|backtracking_verify,138.0178928375244,507.56096839904785,237.93363571166992,1230.0,35.0,302.696,556.5365121995239,883.5725249482422,510.7516196700073
216,216,22,draft|draft_verify|target|target_rescue_verify|backtracking_verify,307.6300621032715,1049.4239330291748,1782.7260494232178,2505.0,77.0,905.9143999999999,2584.40543608349,3139.840106155664,2307.438015937805
216,216,23,draft|draft_verify|target|target_rescue_verify,198.97913932800293,1102.8578281402588,2610.6224060058594,2568.0,50.0,591.9368,3162.0513200759888,3912.5194134741214,3162.0513200759888
216,216,24,draft|draft_verify,66.53380393981934,278.4759998321533,0.0,1356.0,16.0,140.94400000000002,275.7144570350647,345.06981657197264,275.7144570350647
216,216,25,draft|draft_verify,53.48062515258789,277.2033214569092,0.0,1372.0,12.0,105.25919999999999,555.7993436890624,330.74395620949707,555.7993436890624
217,217,1,draft|draft_verify|target|target_rescue_verify,282.35840797424316,97.60499000549316,1143.258810043335,135.0,76.0,467.38,1143.258810043335,1523.2822688230713,1143.258810043335
217,217,2,draft|draft_verify,198.0154514312744,63.684940338134766,0.0,190.0,53.0,331.23920000000004,331.23920000000004,261.76043416940917,198.0154514312744
217,217,3,draft|draft_verify,200.90460777282715,67.02589988708496,0.0,243.0,53.0,337.85360000000003,337.85360000000003,267.9905500599121,200.90460777282715
217,217,4,draft|draft_verify,145.1249122619629,85.52932739257812,0.0,296.0,38.0,246.092,246.092,230.714270054541,145.1249122619629
217,217,5,draft|draft_verify|target|target_rescue_verify,127.86388397216797,192.67582893371582,1121.6306686401367,334.0,33.0,216.3384,1121.6306686401367,1442.2304079460205,1121.6306686401367
217,217,6,draft|draft_verify,203.94515991210938,123.93498420715332,0.0,387.0,53.0,355.82480000000004,355.82480000000004,327.9401865192627,203.94515991210938
217,217,7,draft|draft_verify,149.80006217956543,124.88436698913574,0.0,440.0,39.0,265.76640000000003,265.76640000000003,274.7444603687012,149.80006217956543
217,217,8,draft|draft_verify,258.9836120605469,135.59198379516602,0.0,479.0,68.0,472.81039999999996,472.81039999999996,394.6356502557129,258.9836120605469
217,217,9,draft|draft_verify,157.74965286254883,127.96401977539062,0.0,547.0,39.0,275.5248,403.5488509753907,285.7737038379395,285.7737038379395
218,218,1,draft|draft_verify,68.03107261657715,30.585050582885742,0.0,114.0,18.0,108.33840000000001,68.03107261657715,98.67613759946289,68.03107261657715
218,218,2,draft|draft_verify,66.3299560546875,29.63399887084961,0.0,132.0,18.0,109.0728,109.0728,96.02396932553711,66.3299560546875
218,218,3,draft|draft_verify,293.2171821594238,50.95052719116211,0.0,150.0,79.0,488.93440000000004,488.93440000000004,344.22777255058594,293.2171821594238
218,218,4,draft|draft_verify,96.15302085876465,59.43655967712402,0.0,229.0,26.0,163.76000000000002,163.76000000000002,155.6496013358887,96.15302085876465
218,218,5,draft|draft_verify,69.03433799743652,58.929443359375,0.0,255.0,18.0,114.0912,114.0912,128.02379575681152,69.03433799743652
218,218,6,draft|draft_verify,300.6465435028076,76.68137550354004,0.0,273.0,79.0,511.96000000000004,511.96000000000004,377.38798220634766,300.6465435028076
218,218,7,draft|draft_verify,100.17824172973633,91.15433692932129,0.0,352.0,26.0,171.14000000000001,171.14000000000001,191.39259945905764,100.17824172973633
218,218,8,draft|draft_verify,77.3322582244873,91.66502952575684,0.0,378.0,20.0,132.49280000000002,132.49280000000002,169.05730375024416,91.21435772932129
218,218,9,draft|draft_verify,172.89972305297852,123.8858699798584,0.0,398.0,45.0,302.7048,302.7048,296.8456290328369,172.89972305297852
218,218,10,draft|draft_verify|target|target_rescue_verify,108.89101028442383,249.36413764953613,519.9885368347168,443.0,28.0,190.3336,519.9885368347168,878.3037071686767,519.9885368347168
218,218,11,draft|draft_verify,73.86660575866699,125.40888786315918,0.0,461.0,17.0,115.6088,124.68206882476807,199.33550722182616,124.68206882476807
218,218,12,draft|draft_verify,163.69175910949707,143.3086395263672,0.0,478.0,42.0,290.1816,290.1816,307.06043223586425,163.69175910949707
218,218,13,draft|draft_verify,50.048828125,134.76896286010742,0.0,520.0,12.0,82.76639999999999,143.36867312636718,184.87780058510742,143.36867312636718
218,218,14,draft|draft_verify,70.13082504272461,126.18327140808105,0.0,532.0,16.0,111.28,261.07225666818846,196.37410925080565,261.07225666818846
219,219,1,draft|draft_verify,226.58133506774902,50.57954788208008,0.0,136.0,61.0,374.116,226.58133506774902,277.2209317498291,226.58133506774902
219,219,2,draft|draft_verify,223.480224609375,59.69405174255371,0.0,197.0,61.0,382.9,382.9,283.2343251519287,223.480224609375
219,219,3,draft|draft_verify,84.44404602050781,59.00859832763672,0.0,258.0,22.0,139.8376,139.8376,143.5126619481445,84.44404602050781
219,219,4,draft|draft_verify,69.000244140625,59.45563316345215,0.0,280.0,18.0,115.11120000000001,115.11120000000001,128.51589170407715,69.000244140625
219,219,5,draft|draft_verify,102.74481773376465,76.06148719787598,0.0,298.0,27.0,174.41760000000002,174.41760000000002,178.86632653164062,102.74481773376465
219,219,6,draft|draft_verify,225.2960205078125,91.80235862731934,0.0,325.0,59.0,388.00640000000004,388.00640000000004,317.1584263351318,225.2960205078125
219,219,7,draft|draft_verify|target|target_rescue_verify,170.8517074584961,249.5718002319336,1281.2421321868896,384.0,45.0,301.2264,1281.2421321868896,1701.7256758773192,1281.2421321868896
219,219,8,draft|draft_verify|target|target_rescue_verify,87.17703819274902,251.33132934570312,1179.048776626587,442.0,21.0,142.26,1179.048776626587,1517.6171609650391,1179.048776626587
219,219,9,draft|draft_verify,143.2509422302246,135.99133491516113,0.0,499.0,37.0,257.092,257.092,279.30230674538575,143.2509422302246
219,219,10,draft|draft_verify,66.43319129943848,126.74212455749512,0.0,536.0,16.0,111.424,262.85350187265624,193.23532865693358,262.85350187265624
220,220,1,draft|draft_verify,136.58475875854492,29.23107147216797,0.0,109.0,37.0,223.396,136.58475875854492,165.8758598307129,136.58475875854492
220,220,2,draft|draft_verify,190.20748138427734,49.09920692443848,0.0,146.0,52.0,319.5328,319.5328,239.36672990871583,190.20748138427734
220,220,3,draft|draft_verify,365.7705783843994,60.77456474304199,0.0,198.0,99.0,626.472,626.472,426.6052223274414,365.7705783843994
220,220,4,draft|draft_verify,240.04483222961426,76.90072059631348,0.0,297.0,63.0,410.5008,410.5008,317.00560322592776,240.04483222961426
220,220,5,draft|draft_verify,361.2668514251709,138.62276077270508,0.0,360.0,95.0,637.2320000000001,637.2320000000001,499.94968819787596,361.2668514251709
220,220,6,draft|draft_verify,259.9291801452637,126.56450271606445,0.0,455.0,68.0,468.9512,468.9512,386.55373726132814,259.9291801452637
220,220,7,draft|draft_verify|target|target_rescue_verify,150.4209041595459,254.92477416992188,1123.4846115112305,523.0,39.0,273.336,1123.4846115112305,1528.8903210406984,1123.4846115112305
220,220,8,draft|draft_verify,119.73428726196289,127.14004516601562,0.0,571.0,31.0,220.168,220.168,246.93435722797852,127.46238708496094
220,220,9,draft|draft_verify,48.0504035949707,128.0832290649414,0.0,602.0,11.0,77.72,255.34330783095703,176.1936414599121,255.34330783095703
221,221,1,draft|draft_verify,333.03165435791016,51.790714263916016,0.0,136.0,87.0,536.4288,333.03165435791016,384.8824382218262,333.03165435791016
221,221,2,draft|draft_verify,270.33376693725586,60.87374687194824,0.0,223.0,72.0,457.41360000000003,457.41360000000003,331.2675714092041,270.33376693725586
221,221,3,draft|draft_verify|target|target_rescue_verify,1826.380968093872,263.32879066467285,1723.8750457763672,295.0,485.0,3408.26,3539.9847833323365,3813.645192534912,1958.1057514262084
221,221,4,draft|draft_verify|target|target_rescue_verify,421.82016372680664,280.61556816101074,4055.893659591675,376.0,111.0,751.0559999999999,4055.893659591675,4758.389480279492,4055.893659591675
221,221,5,draft|draft_verify,99.28035736083984,126.53613090515137,0.0,577.0,24.0,170.2728,296.8689501051514,225.8765074659912,266.90393418565674
222,222,1,draft|draft_verify,161.9269847869873,30.205488204956055,0.0,136.0,44.0,268.8656,161.9269847869873,192.19250819194335,161.9269847869873
222,222,2,draft|draft_verify,201.16877555847168,50.171613693237305,0.0,180.0,55.0,342.592,342.592,251.400433251709,201.16877555847168
222,222,3,draft|draft_verify,30.031204223632812,58.283090591430664,0.0,235.0,8.0,49.9352,50.2316576932373,88.37430121506347,50.2316576932373
222,222,4,draft|draft_verify,722.26881980896,124.18818473815918,0.0,243.0,193.0,1264.2615999999998,1264.2615999999998,846.5171589471191,722.26881980896
222,222,5,draft|draft_verify,734.3087196350098,130.93185424804688,0.0,436.0,187.0,1309.7488,1309.7488,865.3007234830567,734.3087196350098
222,222,6,draft|draft_verify|target|target_rescue_verify,659.0585708618164,342.7166938781738,4243.931293487549,623.0,172.0,1278.2536,4243.931293487549,5245.766695827539,4243.931293487549
222,222,7,draft|draft_verify|target|target_rescue_verify,667.5856113433838,416.25499725341797,4311.613082885742,827.0,174.0,1378.2528,4311.613082885742,5395.513830682544,4311.613082885742
222,222,8,draft|draft_verify,58.28452110290527,202.1925449371338,0.0,1040.0,13.0,104.7592,410.3800539638428,260.5370764400391,410.3800539638428
223,223,1,draft|draft_verify,329.876184463501,50.43172836303711,0.0,103.0,90.0,548.2128,329.876184463501,380.3679848265381,329.876184463501
223,223,2,draft|draft_verify,112.90502548217773,49.51357841491699,0.0,193.0,29.0,180.404,180.404,162.47862709709472,112.90502548217773
223,223,3,draft|draft_verify,507.9314708709717,76.65061950683594,0.0,222.0,130.0,835.0552,835.0552,584.6421943778076,507.9314708709717
223,223,4,draft|draft_verify,515.1937007904053,140.80333709716797,0.0,352.0,132.0,889.0992000000001,889.0992000000001,656.0571434875733,515.1937007904053
223,223,5,draft|draft_verify,259.2597007751465,152.86874771118164,0.0,484.0,65.0,452.4344,452.4344,412.1885004863281,259.2597007751465
223,223,6,draft|draft_verify,286.7460250854492,138.07201385498047,0.0,549.0,75.0,534.6623999999999,534.6623999999999,424.8780989404297,286.7460250854492
223,223,7,draft|draft_verify,228.30438613891602,150.67172050476074,0.0,624.0,60.0,437.0064,437.0064,379.03615464367675,228.30438613891602
223,223,8,draft|draft_verify,74.7835636138916,150.9268283843994,0.0,684.0,18.0,131.5944,301.71861128916015,225.77040639829102,301.71861128916015
224,224,1,draft|draft_verify,126.03998184204102,29.92391586303711,0.0,100.0,34.0,204.4264,126.03998184204102,156.0239249050781,126.03998184204102
224,224,2,draft|draft_verify,63.762664794921875,29.19602394104004,0.0,134.0,17.0,103.05199999999999,103.05199999999999,93.0187023359619,63.762664794921875
224,224,3,draft|draft_verify,59.75651741027832,29.263019561767578,0.0,151.0,16.0,97.56400000000001,97.56400000000001,89.07954977204591,59.75651741027832
224,224,4,draft|draft_verify,59.665679931640625,45.02153396606445,0.0,167.0,16.0,98.14,98.14,104.74722669770509,59.665679931640625
224,224,5,draft|draft_verify,19.30975914001465,49.80278015136719,0.0,183.0,5.0,30.480800000000002,45.081546766064456,69.17254329138183,45.081546766064456
224,224,6,draft|draft_verify,67.87347793579102,49.181461334228516,0.0,188.0,18.0,111.3576,111.3576,117.11495367001953,67.87347793579102
224,224,7,draft|draft_verify|target|target_rescue_verify,66.33377075195312,107.58590698242188,595.5734252929688,206.0,18.0,112.09200000000001,595.5734252929688,769.5531174273438,595.5734252929688
224,224,8,draft|draft_verify|target|target_rescue_verify,710.8283042907715,153.08046340942383,553.9882183074951,232.0,182.0,1184.9912,1261.5915773047118,1417.9571316076904,787.4286815954833
224,224,9,draft|draft_verify,58.65931510925293,60.43505668640137,0.0,258.0,15.0,95.02080000000001,95.02080000000001,119.1543837956543,76.54023170471191
224,224,10,draft|draft_verify,59.8902702331543,59.26513671875,0.0,273.0,15.0,95.52480000000001,95.52480000000001,119.2154189519043,60.49506868640137
224,224,11,draft|draft_verify,77.00085639953613,75.52647590637207,0.0,288.0,19.0,121.912,121.912,152.5873475059082,77.00085639953613
224,224,12,draft|draft_verify,39.35694694519043,76.21288299560547,0.0,307.0,10.0,64.1392,75.58649110637207,115.62983794079591,75.58649110637207
224,224,13,draft|draft_verify,118.68882179260254,77.18873023986816,0.0,317.0,31.0,201.88,201.88,195.9375768324707,118.68882179260254
224,224,14,draft|draft_verify|target|target_rescue_verify,53.86686325073242,182.96504020690918,542.0315265655518,348.0,14.0,91.43599999999999,542.0315265655518,778.9234412231933,542.0315265655518
224,224,15,draft|draft_verify|target|target_rescue_verify,233.38961601257324,216.12310409545898,192.34466552734375,373.0,61.0,408.24399999999997,516.3656008477294,641.917434435376,341.51121686030274
224,224,16,draft|draft_verify,103.40332984924316,91.98665618896484,0.0,381.0,27.0,179.59680000000003,179.59680000000003,195.450007638208,108.06155204772949
224,224,17,draft|draft_verify,62.40725517272949,123.8555908203125,0.0,408.0,16.0,106.816,106.816,186.322858793042,92.04667778896484
224,224,18,draft|draft_verify,63.02833557128906,123.66890907287598,0.0,424.0,16.0,107.392,123.9156036203125,186.75725744416505,123.9156036203125
224,224,19,draft|draft_verify,77.1489143371582,124.73225593566895,0.0,440.0,20.0,135.32,135.32,201.94118627282717,123.72892187287597
224,224,20,draft|draft_verify,39.343833923339844,124.90701675415039,0.0,460.0,10.0,67.444,124.79227193566895,164.31085867749024,124.79227193566895
224,224,21,draft|draft_verify,129.2555332183838,141.9522762298584,0.0,470.0,34.0,233.7304,233.7304,271.2678366482422,129.2555332183838
224,224,22,draft|draft_verify,36.322832107543945,134.99140739440918,0.0,504.0,9.0,61.4232,142.0123034298584,171.37424670195313,142.0123034298584
224,224,23,draft|draft_verify,134.23514366149902,126.24788284301758,0.0,513.0,35.0,244.18880000000001,244.18880000000001,260.5430545045166,135.05141459440918
224,224,24,draft|draft_verify,85.57605743408203,126.47104263305664,0.0,548.0,22.0,154.4536,154.4536,212.10711766713865,126.30791084301758
224,224,25,draft|draft_verify,131.23583793640137,129.5938491821289,0.0,570.0,34.0,241.6504,241.6504,260.8897143185303,131.23583793640137
224,224,26,draft|draft_verify,44.283151626586914,130.18178939819336,0.0,604.0,11.0,77.768,129.6538763821289,174.52494982478026,129.6538763821289
224,224,27,draft|draft_verify|target|target_rescue_verify,89.5853042602539,260.1888179779053,327.39853858947754,615.0,22.0,157.8304,457.4929475784302,677.2326784276368,457.4929475784302
225,225,1,draft|draft_verify,155.60102462768555,30.781984329223633,0.0,138.0,42.0,256.7256,155.60102462768555,186.44304255690918,155.60102462768555
225,225,2,draft|draft_verify,131.2704086303711,50.40860176086426,0.0,180.0,35.0,217.01600000000002,217.01600000000002,181.73903839123534,131.2704086303711
225,225,3,draft|draft_verify,219.3164825439453,59.796810150146484,0.0,215.0,56.0,353.51599999999996,353.51599999999996,279.1733374940918,219.3164825439453
225,225,4,draft|draft_verify|target|target_rescue_verify,111.6938591003418,120.58138847351074,529.6664237976074,271.0,29.0,185.6456,529.6664237976074,762.0016945714599,529.6664237976074
225,225,5,draft|draft_verify,78.26733589172363,76.25579833984375,0.0,294.0,20.0,128.66240000000002,128.66240000000002,154.5831502315674,78.26733589172363
225,225,6,draft|draft_verify,66.82610511779785,80.77216148376465,0.0,314.0,17.0,109.964,109.964,147.6582802015625,76.31581433984375
225,225,7,draft|draft_verify,59.42225456237793,79.84638214111328,0.0,331.0,15.0,97.4736,97.4736,139.3286487034912,80.83217508376465
225,225,8,draft|draft_verify,70.75834274291992,90.89803695678711,0.0,346.0,17.0,111.19279999999999,202.1508505567871,161.71639329970702,170.8644446979004
226,226,1,draft|draft_verify,126.45363807678223,29.3581485748291,0.0,105.0,34.0,204.8224,126.45363807678223,155.8718138516113,126.45363807678223
226,226,2,draft|draft_verify,100.26311874389648,30.394315719604492,0.0,139.0,27.0,164.496,164.496,130.71745606350098,100.26311874389648
226,226,3,draft|draft_verify,154.92701530456543,50.017356872558594,0.0,166.0,42.0,259.4808,259.4808,205.00440577712402,154.92701530456543
226,226,4,draft|draft_verify,380.1116943359375,78.57966423034668,0.0,208.0,102.0,648.2616,648.2616,458.75144016628417,380.1116943359375
226,226,5,draft|draft_verify,241.57238006591797,91.98856353759766,0.0,310.0,64.0,419.0704,419.0704,333.6209948035156,241.57238006591797
226,226,6,draft|draft_verify,171.3557243347168,93.33467483520508,0.0,374.0,44.0,293.42719999999997,386.82191003520506,264.7504343699219,264.7504343699219
227,227,1,draft|draft_verify,122.6201057434082,21.288156509399414,0.0,74.0,33.0,196.37040000000002,122.6201057434082,143.96828865280762,122.6201057434082
227,227,2,draft|draft_verify,222.20087051391602,31.447172164916992,0.0,107.0,61.0,369.94,369.94,253.708091478833,222.20087051391602
227,227,3,draft|draft_verify,263.17620277404785,57.955026626586914,0.0,168.0,71.0,441.728,441.728,321.19128620063475,263.17620277404785
227,227,4,draft|draft_verify,132.95388221740723,60.65249443054199,0.0,239.0,35.0,221.8304,221.8304,193.6664046479492,132.95388221740723
227,227,5,draft|draft_verify,157.94897079467773,77.50296592712402,0.0,274.0,40.0,257.1184,334.68139792712407,235.51196872180176,235.51196872180176
228,228,1,draft|draft_verify,118.61991882324219,21.775484085083008,0.0,82.0,32.0,190.9712,118.61991882324219,140.4554285083252,118.61991882324219
228,228,2,draft|draft_verify,351.32789611816406,57.35182762145996,0.0,114.0,91.0,556.792,556.792,408.739796539624,351.32789611816406
228,228,3,draft|draft_verify,350.0518798828125,67.9781436920166,0.0,205.0,90.0,570.0,570.0,418.0900955748291,350.0518798828125
228,228,4,draft|draft_verify,217.38028526306152,87.12100982666016,0.0,295.0,55.0,357.496,357.496,304.5613390897217,217.38028526306152
228,228,5,draft|draft_verify,749.9899864196777,154.39891815185547,0.0,350.0,197.0,1341.7544,1341.7544,904.4490621715332,749.9899864196777
228,228,6,draft|draft_verify,318.52221488952637,131.16765022277832,0.0,547.0,84.0,599.4888,599.4888,449.7499323123047,318.52221488952637
228,228,7,draft|draft_verify,146.38710021972656,132.00712203979492,0.0,631.0,37.0,268.4968,400.56395163979494,278.4542518595215,278.4542518595215
229,229,1,draft|draft_verify,96.09603881835938,30.489206314086914,0.0,93.0,26.0,155.60000000000002,96.09603881835938,126.64526593244629,96.09603881835938
229,229,2,draft|draft_verify,48.30813407897949,30.365705490112305,0.0,119.0,13.0,78.23440000000001,78.23440000000001,78.7338499690918,48.30813407897949
229,229,3,draft|draft_verify,229.6125888824463,51.34129524230957,0.0,132.0,63.0,385.9488,385.9488,281.0139345247559,229.6125888824463
229,229,4,draft|draft_verify,320.3859329223633,60.7447624206543,0.0,195.0,87.0,548.6064,548.6064,381.1907649430176,320.3859329223633
229,229,5,draft|draft_verify,55.07826805114746,60.59408187866211,0.0,282.0,14.0,89.3768,89.3768,115.73236112980956,60.804832020654295
229,229,6,draft|draft_verify|target|target_rescue_verify,453.3054828643799,196.90299034118652,1822.777509689331,296.0,114.0,750.0936,1822.777509689331,2473.0460740948974,1822.777509689331
229,229,7,draft|draft_verify,74.60689544677734,92.97728538513184,0.0,383.0,18.0,119.31360000000001,212.35089978513184,167.64419523190918,191.4887949557251
230,230,1,draft|draft_verify,204.95128631591797,30.37881851196289,0.0,108.0,55.0,333.2608,204.95128631591797,235.39014882788086,204.95128631591797
230,230,2,draft|draft_verify,290.50564765930176,57.34753608703613,0.0,163.0,80.0,497.6888,497.6888,347.9132477463379,290.50564765930176
230,230,3,draft|draft_verify,100.37660598754883,59.04054641723633,0.0,243.0,27.0,170.9856,170.9856,159.47717400478516,100.37660598754883
230,230,4,draft|draft_verify,125.99444389343262,59.97490882873535,0.0,270.0,33.0,211.4232,211.4232,186.02937912216797,125.99444389343262
230,230,5,draft|draft_verify,95.47138214111328,77.06141471862793,0.0,303.0,24.0,155.148,155.148,172.5928160597412,95.47138214111328
230,230,6,draft|draft_verify,264.5890712738037,92.12064743041992,0.0,327.0,66.0,435.0,435.0,356.7697715042236,264.5890712738037
230,230,7,draft|draft_verify,62.76702880859375,91.92967414855957,0.0,393.0,16.0,106.276,106.276,154.75671575715333,92.18070023041992
230,230,8,draft|draft_verify,111.67621612548828,124.07994270324707,0.0,409.0,29.0,194.91920000000002,194.91920000000002,235.81618202873534,111.67621612548828
230,230,9,draft|draft_verify,62.59894371032715,124.30167198181152,0.0,438.0,16.0,107.896,124.13996590324707,186.96062849213868,124.13996590324707
230,230,10,draft|draft_verify,50.7206916809082,124.44758415222168,0.0,454.0,13.0,87.8824,124.36168478181152,175.2282862331299,124.36168478181152
230,230,11,draft|draft_verify,73.32897186279297,125.05912780761719,0.0,467.0,18.0,122.74080000000001,249.62673675983888,198.44811407041016,249.62673675983888
231,231,1,draft|draft_verify,60.3785514831543,21.14582061767578,0.0,94.0,16.0,95.512,60.3785514831543,81.58438490083009,60.3785514831543
231,231,2,draft|draft_verify,515.4409408569336,59.65709686279297,0.0,110.0,137.0,844.6424,844.6424,575.1581473197266,515.4409408569336
231,231,3,draft|draft_verify|target|target_rescue_verify,653.8896560668945,196.7475414276123,3761.716604232788,247.0,175.0,1144.1872,3761.716604232788,4612.4139417272945,3761.716604232788
231,231,4,draft|draft_verify,312.8964900970459,126.0535717010498,0.0,431.0,78.0,534.576,534.576,439.0101241980957,312.8964900970459
231,231,5,draft|draft_verify,84.21063423156738,141.94703102111816,0.0,509.0,20.0,138.46640000000002,280.4734470211182,226.21768125268557,268.120681122168
232,232,1,draft|draft_verify,174.6985912322998,29.989242553710938,0.0,110.0,45.0,272.29200000000003,174.6985912322998,204.74786978601074,174.6985912322998
232,232,2,draft|draft_verify,20.51997184753418,30.08437156677246,0.0,155.0,5.0,30.212000000000003,30.212000000000003,50.66434741430664,30.049278553710938
232,232,3,draft|draft_verify,287.40596771240234,56.78057670593262,0.0,160.0,75.0,465.576,465.576,344.246604418335,287.40596771240234
232,232,4,draft|draft_verify,121.46759033203125,59.01646614074707,0.0,235.0,30.0,189.60000000000002,248.6764901407471,180.54408047277832,180.54408047277832
233,233,1,draft|draft_verify,148.99230003356934,30.22003173828125,0.0,85.0,39.0,233.3904,148.99230003356934,179.27236297185058,148.99230003356934
233,233,2,draft|draft_verify,213.52481842041016,30.291318893432617,0.0,124.0,56.0,341.504,341.504,243.87618211384276,213.52481842041016
233,233,3,draft|draft_verify,198.52209091186523,56.676626205444336,0.0,180.0,52.0,323.69440000000003,323.69440000000003,255.25875871730958,198.52209091186523
233,233,4,draft|draft_verify,180.189847946167,66.53738021850586,0.0,232.0,46.0,291.58000000000004,291.58000000000004,246.78726496467286,180.189847946167
233,233,5,draft|draft_verify,126.0678768157959,87.02731132507324,0.0,278.0,32.0,205.55360000000002,205.55360000000002,213.15521374086916,126.0678768157959
233,233,6,draft|draft_verify,112.14447021484375,81.35581016540527,0.0,310.0,27.0,175.1664,256.58223176540525,193.56030198024902,193.56030198024902
234,234,1,draft|draft_verify,107.10287094116211,21.57759666442871,0.0,83.0,29.0,173.012,107.10287094116211,128.7404908055908,107.10287094116211
234,234,2,draft|draft_verify,173.29931259155273,32.20629692077637,0.0,112.0,48.0,290.8608,290.8608,205.5656479123291,173.29931259155273
234,234,3,draft|draft_verify|target|target_rescue_verify,384.05752182006836,130.06353378295898,1567.7180290222168,160.0,106.0,662.1160000000001,1567.7180290222168,2081.899169425244,1567.7180290222168
234,234,4,draft|draft_verify,104.89058494567871,66.64443016052246,0.0,236.0,28.0,176.92,176.92,171.59503750620115,104.89058494567871
234,234,5,draft|draft_verify|target|target_rescue_verify,328.34553718566895,227.59437561035156,5275.801658630371,264.0,87.0,562.848,5275.801658630371,5831.801641026392,5275.801658630371
234,234,6,draft|draft_verify,244.57240104675293,127.42376327514648,0.0,526.0,63.0,444.576,444.576,372.05621472189944,244.57240104675293
234,234,7,draft|draft_verify,96.01831436157227,126.46651268005371,0.0,589.0,24.0,170.93519999999998,297.46173188005366,222.54484624162598,254.0103455552002
235,235,1,draft|draft_verify,108.08587074279785,31.057119369506836,0.0,106.0,27.0,162.4368,108.08587074279785,139.2030117123047,108.08587074279785
235,235,2,draft|draft_verify,162.42194175720215,30.195951461791992,0.0,133.0,44.0,268.556,268.556,192.67792841899413,162.42194175720215
235,235,3,draft|draft_verify,256.3934326171875,59.870243072509766,0.0,177.0,70.0,436.9072,436.9072,316.32373168969724,256.3934326171875
235,235,4,draft|draft_verify,177.7198314666748,59.72170829772949,0.0,247.0,47.0,299.64320000000004,299.64320000000004,237.50157736440428,177.7198314666748
235,235,5,draft|draft_verify,122.56050109863281,75.41131973266602,0.0,294.0,31.0,200.224,200.224,198.03184563129884,122.56050109863281
235,235,6,draft|draft_verify,103.07812690734863,76.04312896728516,0.0,325.0,26.0,169.52,245.62314976728516,179.1812766746338,179.1812766746338
236,236,1,draft|draft_verify|target|target_rescue_verify,273.56672286987305,67.19207763671875,619.9440956115723,106.0,74.0,449.8136,619.9440956115723,960.7629553181641,619.9440956115723
236,236,2,draft|draft_verify,221.62938117980957,56.1370849609375,0.0,135.0,60.0,367.764,367.764,277.82651414074707,221.62938117980957
236,236,3,draft|draft_verify,112.59675025939941,56.27560615539551,0.0,195.0,31.0,193.096,193.096,168.93238121479493,112.59675025939941
236,236,4,draft|draft_verify,702.6534080505371,103.6229133605957,0.0,226.0,188.0,1222.736,1222.736,806.3364718111328,702.6534080505371
236,236,5,draft|draft_verify|target|target_rescue_verify,194.61655616760254,267.93885231018066,2172.722101211548,414.0,50.0,338.6264,2172.722101211548,2635.337549689331,2172.722101211548
236,236,6,draft|draft_verify,110.39876937866211,134.9813938140869,0.0,518.0,27.0,188.1456,323.1870154140869,245.44018479274902,269.0108415691773
237,237,1,draft|draft_verify,181.5788745880127,50.418853759765625,0.0,164.0,49.0,302.9752,181.5788745880127,232.05776754777833,181.5788745880127
237,237,2,draft|draft_verify,254.14633750915527,59.40699577331543,0.0,213.0,69.0,436.452,436.452,313.61338848247067,254.14633750915527
237,237,3,draft|draft_verify|target|target_rescue_verify,523.7481594085693,234.61651802062988,3164.8380756378174,282.0,139.0,914.2768,3164.8380756378174,3923.2628642670165,3164.8380756378174
237,237,4,draft|draft_verify|target|target_rescue_verify,198.35567474365234,279.76369857788086,2294.010877609253,436.0,51.0,348.12,2294.010877609253,2772.190291730786,2294.010877609253
237,237,5,draft|draft_verify,58.1364631652832,126.13582611083984,0.0,549.0,14.0,97.7072,139.88184928894043,184.33230047612304,139.88184928894043
237,237,6,draft|draft_verify,291.3062572479248,129.30941581726074,0.0,563.0,76.0,544.42,544.42,420.6757338651855,291.3062572479248
237,237,7,draft|draft_verify,310.46485900878906,152.4217128753662,0.0,639.0,78.0,573.0144,573.0144,462.94663428415527,310.46485900878906
237,237,8,draft|draft_verify,187.94965744018555,153.30123901367188,0.0,717.0,49.0,366.6808,366.6808,341.3109356538574,187.94965744018555
237,237,9,draft|draft_verify,99.65753555297852,154.41036224365234,0.0,766.0,25.0,188.3416,342.8119822436523,254.12791779663087,307.83166045732423
238,238,1,draft|draft_verify,132.31182098388672,29.36077117919922,0.0,104.0,34.0,204.7432,132.31182098388672,161.73261936308594,132.31182098388672
238,238,2,draft|draft_verify,100.43001174926758,29.878854751586914,0.0,138.0,26.0,158.3,158.3,130.3688873008545,100.43001174926758
238,238,3,draft|draft_verify,124.2516040802002,49.307823181152344,0.0,164.0,34.0,209.49519999999998,209.49519999999998,173.61945446135252,124.2516040802002
238,238,4,draft|draft_verify,146.803617477417,56.416988372802734,0.0,198.0,40.0,250.00480000000002,250.00480000000002,203.28063785021973,146.803617477417
238,238,5,draft|draft_verify,63.48371505737305,59.00907516479492,0.0,238.0,17.0,107.0456,107.0456,122.55280382216796,63.48371505737305
238,238,6,draft|draft_verify,156.91399574279785,60.19282341003418,0.0,255.0,40.0,255.34000000000003,255.34000000000003,217.16685115283204,156.91399574279785
238,238,7,draft|draft_verify,46.625614166259766,76.62844657897949,0.0,295.0,11.0,70.352,147.04045537897952,123.31406954523925,136.94131078901367
239,239,1,draft|draft_verify,83.66584777832031,50.493478775024414,0.0,193.0,22.0,136.5616,83.66584777832031,134.2193441533447,83.66584777832031
239,239,2,draft|draft_verify,163.1631851196289,58.87579917907715,0.0,215.0,44.0,277.0184,277.0184,222.09901949870604,163.1631851196289
239,239,3,draft|draft_verify,140.8541202545166,60.66536903381348,0.0,259.0,37.0,236.356,236.356,201.57951888833009,140.8541202545166
239,239,4,draft|draft_verify|target|target_rescue_verify,550.4813194274902,184.0043067932129,264.95909690856934,296.0,145.0,959.6536000000001,1051.7158693966066,999.5048391292725,642.5435888240967
239,239,5,draft|draft_verify|target|target_rescue_verify,679.9235343933105,234.82179641723633,1591.9108390808105,305.0,170.0,1133.9840000000002,1591.9108390808105,2506.7163058913575,1591.9108390808105
239,239,6,draft|draft_verify|target|target_rescue_verify,437.7307891845703,266.65449142456055,2419.6975231170654,383.0,109.0,739.06,2419.6975231170654,3124.1428909261963,2419.6975231170654
239,239,7,draft|draft_verify,363.23070526123047,127.31647491455078,0.0,502.0,95.0,669.2672,669.2672,490.60725617578123,363.23070526123047
239,239,8,draft|draft_verify,311.28382682800293,131.3943862915039,0.0,597.0,80.0,579.9752000000001,579.9752000000001,442.73827711950685,311.28382682800293
239,239,9,draft|draft_verify,41.84079170227051,150.21324157714844,0.0,677.0,10.0,72.1312,131.45445029150392,192.11404127941896,131.45445029150392
239,239,10,draft|draft_verify,25.526762008666992,150.58016777038574,0.0,687.0,5.0,35.3192,300.91342134753415,176.16693377905273,300.91342134753415
240,240,1,draft|draft_verify,165.16780853271484,77.63075828552246,0.0,328.0,42.0,275.4216,165.16780853271484,242.8586004182373,165.16780853271484
240,240,2,draft|draft_verify,515.3515338897705,125.78392028808594,0.0,370.0,132.0,894.7584,894.7584,641.1955597778565,515.3515338897705
240,240,3,draft|draft_verify|target|target_rescue_verify,162.7218723297119,268.1572437286377,354.11524772644043,502.0,40.0,278.4592,412.59785386431884,785.05439578479,354.11524772644043
240,240,4,draft|draft_verify,71.4881420135498,141.52932167053223,0.0,512.0,18.0,124.5768,134.07862186431885,213.07747808408203,134.07862186431885
240,240,5,draft|draft_verify,179.7642707824707,126.6164779663086,0.0,530.0,47.0,330.88640000000004,330.88640000000004,306.4407863487793,179.7642707824707
240,240,6,draft|draft_verify,31.017541885375977,126.35183334350586,0.0,577.0,7.0,48.5392,126.6765155663086,157.42938082888185,126.6765155663086
240,240,7,draft|draft_verify|target|target_rescue_verify,215.93880653381348,257.04121589660645,662.3821258544922,584.0,53.0,380.41040000000004,662.3821258544922,1135.422190684912,662.3821258544922
240,240,8,draft|draft_verify,22.23515510559082,130.04708290100098,0.0,615.0,5.0,34.628,128.52060794830322,152.3422420065918,128.52060794830322
240,240,9,draft|draft_verify,82.78846740722656,131.46448135375977,0.0,620.0,21.0,150.804,150.804,214.31296556098633,130.10708690100097
240,240,10,draft|draft_verify,25.891542434692383,131.52098655700684,0.0,641.0,6.0,42.168,131.52449815375977,157.47253379169922,131.52449815375977
240,240,11,draft|draft_verify,156.91137313842773,150.91228485107422,0.0,647.0,40.0,292.0312,292.0312,307.88368998950193,156.91137313842773
240,240,12,draft|draft_verify,29.583215713500977,151.81446075439453,0.0,687.0,7.0,50.1232,150.97231685107423,181.45768206789552,150.97231685107423
240,240,13,draft|draft_verify,65.4289722442627,151.72934532165527,0.0,694.0,16.0,117.112,151.87446635439454,217.21833036591795,151.87446635439454
240,240,14,draft|draft_verify,104.96950149536133,151.8080234527588,0.0,710.0,27.0,200.12640000000002,351.9944450527588,256.83754654812014,303.65740317441407
241,241,1,draft|draft_verify,303.4226894378662,45.88150978088379,0.0,108.0,79.0,481.07200000000006,303.4226894378662,349.36426241875,303.4226894378662
241,241,2,draft|draft_verify|target|backtracking_verify,23.520946502685547,138.0903720855713,2520.0586318969727,187.0,6.0,36.72,2520.0586318969727,2681.7299552852296,2520.0586318969727
241,241,3,draft|draft_verify|target|target_rescue_verify,394.8490619659424,229.22873497009277,3479.5727729797363,504.0,103.0,727.2064,3479.5727729797363,4103.710652315772,3479.5727729797363
241,241,4,draft|draft_verify,76.7819881439209,81.6812515258789,0.0,339.0,19.0,124.1152,124.1152,158.5232548697998,114.61436748504639
241,241,5,draft|draft_verify|target|target_rescue_verify,1613.4898662567139,300.0016212463379,1541.4583683013916,358.0,408.0,2890.8816,3040.9427370231692,3455.0101822044435,1763.551003279883
241,241,6,draft|draft_verify,290.91811180114746,125.59819221496582,0.0,433.0,75.0,514.0608,514.0608,416.5763640161133,290.91811180114746
241,241,7,draft|draft_verify,297.3785400390625,128.1723976135254,0.0,508.0,75.0,527.3808,527.3808,425.6109976525879,297.3785400390625
241,241,8,draft|draft_verify,286.2415313720703,131.6993236541748,0.0,583.0,75.0,540.7008,540.7008,418.00091502624514,286.2415313720703
241,241,9,draft|draft_verify|target|target_rescue_verify,354.08544540405273,306.92529678344727,1027.9910564422607,658.0,89.0,659.228,1027.9910564422607,1689.0618698297608,1027.9910564422607
241,241,10,draft|draft_verify,223.67048263549805,154.0088653564453,0.0,705.0,52.0,387.9544,387.9544,377.73938959194334,223.67048263549805
241,241,11,draft|draft_verify,49.178123474121094,153.02419662475586,0.0,757.0,11.0,81.44,307.15311238120114,202.26232889887694,307.15311238120114
242,242,1,draft|draft_verify,132.09915161132812,51.24211311340332,0.0,194.0,35.0,218.1584,132.09915161132812,183.40129272473143,132.09915161132812
242,242,2,draft|draft_verify|target|target_rescue_verify,755.7165622711182,160.89653968811035,895.3297138214111,229.0,191.0,1244.3120000000001,1324.8204226440553,1812.0029685806396,895.3297138214111
242,242,3,draft|draft_verify,307.75976181030273,86.03835105895996,0.0,270.0,80.0,517.976,517.976,393.8581768692627,307.75976181030273
242,242,4,draft|draft_verify,339.78867530822754,138.32974433898926,0.0,350.0,85.0,567.028,567.028,478.1784876472168,339.78867530822754
242,242,5,draft|draft_verify,191.1778450012207,132.2495937347412,0.0,435.0,50.0,341.096,341.096,323.4874787359619,191.1778450012207
242,242,6,draft|draft_verify,674.5805740356445,130.8290958404541,0.0,485.0,173.0,1228.9352,1228.9352,805.4698082760987,674.5805740356445
242,242,7,draft|draft_verify|target|backtracking_verify,320.71876525878906,312.3893737792969,1682.4612617492676,658.0,80.0,591.5408,1682.4612617492676,2315.6294647873538,1682.4612617492676
242,242,8,draft|draft_verify|target|target_rescue_verify,2338.015079498291,832.5822353363037,11682.899713516235,1478.0,585.0,5839.4328000000005,12305.379801260346,14853.55749635083,12099.190831184387
242,242,9,draft|draft_verify|target|target_rescue_verify,692.5208568572998,493.99685859680176,2108.487129211426,1029.0,174.0,1462.1232,2108.487129211426,3295.064983865527,2108.487129211426
242,242,10,draft|draft_verify,106.28962516784668,229.48122024536133,0.0,1132.0,27.0,226.4592,246.99842929840088,335.83086701320804,246.99842929840088
242,242,11,draft|draft_verify,53.899288177490234,228.92522811889648,0.0,1159.0,12.0,99.636,458.5264795642578,282.8845258963867,458.5264795642578
243,243,1,draft|draft_verify,75.29783248901367,29.40821647644043,0.0,118.0,20.0,120.63680000000001,75.29783248901367,104.7660649654541,75.29783248901367
243,243,2,draft|draft_verify,131.0710906982422,30.775070190429688,0.0,138.0,36.0,219.74400000000003,219.74400000000003,161.90618968867187,131.0710906982422
243,243,3,draft|draft_verify,62.76655197143555,49.41725730895996,0.0,174.0,17.0,104.588,104.588,112.2438228803955,62.76655197143555
243,243,4,draft|draft_verify,158.36477279663086,58.18057060241699,0.0,191.0,43.0,268.24,268.24,216.60537779904786,158.36477279663086
243,243,5,draft|draft_verify,80.43837547302246,59.552907943725586,0.0,234.0,21.0,132.276,191.8889247437256,140.05130021674805,140.05130021674805
244,244,1,draft|draft_verify,92.58556365966797,46.23532295227051,0.0,161.0,25.0,153.4936,92.58556365966797,138.88090661193849,92.58556365966797
244,244,2,draft|draft_verify,112.80465126037598,50.23765563964844,0.0,186.0,31.0,192.448,192.448,163.10233170002442,112.80465126037598
244,244,3,draft|draft_verify|target|target_rescue_verify,84.17773246765137,114.99714851379395,514.8365497589111,217.0,23.0,144.0848,514.8365497589111,714.0714491403564,514.8365497589111
244,244,4,draft|draft_verify|target|target_rescue_verify,78.38702201843262,120.09143829345703,490.20910263061523,239.0,21.0,132.51600000000002,490.20910263061523,688.7475797425049,490.20910263061523
244,244,5,draft|draft_verify,85.48450469970703,59.825897216796875,0.0,262.0,22.0,140.0392,140.0392,145.3704195165039,85.48450469970703
244,244,6,draft|draft_verify,95.19314765930176,77.38947868347168,0.0,284.0,24.0,154.0992,154.0992,172.64264554277344,95.19314765930176
244,244,7,draft|draft_verify,31.45885467529297,75.85859298706055,0.0,308.0,8.0,51.1616,77.44949788347168,107.37745406235351,77.44949788347168
244,244,8,draft|draft_verify,69.36240196228027,76.32136344909668,0.0,316.0,18.0,116.58000000000001,116.58000000000001,145.74377981137695,75.91859938706055
244,244,9,draft|draft_verify,84.60879325866699,76.43961906433105,0.0,334.0,21.0,137.076,213.57563586433105,161.10842912299805,161.10842912299805
245,245,1,draft|draft_verify,135.64300537109375,30.44891357421875,0.0,121.0,36.0,218.316,135.64300537109375,166.1519477453125,135.64300537109375
245,245,2,draft|draft_verify|target|target_rescue_verify,196.6836452484131,100.9361743927002,801.6407489776611,157.0,54.0,333.36480000000006,801.6407489776611,1099.3206118187745,801.6407489776611
245,245,3,draft|draft_verify,165.9379005432129,57.712554931640625,0.0,195.0,45.0,281.26800000000003,281.26800000000003,223.7104914748535,165.9379005432129
245,245,4,draft|draft_verify,734.8082065582275,103.73592376708984,0.0,240.0,187.0,1222.2544,1222.2544,838.6042799253174,734.8082065582275
245,245,5,draft|draft_verify,93.75858306884766,124.44257736206055,0.0,427.0,24.0,161.9928,161.9928,218.2611796309082,103.79607336708985
245,245,6,draft|draft_verify,24.785995483398438,124.1447925567627,0.0,451.0,5.0,33.0536,248.70739311882323,148.99079204016112,248.70739311882323
246,246,1,draft|draft_verify,274.52945709228516,51.01633071899414,0.0,143.0,75.0,462.5568,274.52945709228516,325.6058478112793,274.52945709228516
246,246,2,draft|draft_verify,37.760257720947266,50.7655143737793,0.0,218.0,10.0,62.216800000000006,62.216800000000006,88.58578009472657,51.07639071899414
246,246,3,draft|draft_verify,416.4118766784668,76.78008079528809,0.0,228.0,111.0,711.9839999999999,711.9839999999999,493.2520462737549,416.4118766784668
246,246,4,draft|draft_verify,457.02433586120605,124.69792366027832,0.0,339.0,114.0,761.7552000000001,761.7552000000001,581.7823507214844,457.02433586120605
246,246,5,draft|draft_verify,451.5669345855713,126.68275833129883,0.0,453.0,114.0,792.672,792.672,578.3097841168701,451.5669345855713
246,246,6,draft|draft_verify,441.6956901550293,141.06512069702148,0.0,567.0,112.0,808.8471999999999,808.8471999999999,582.8209004520509,441.6956901550293
246,246,7,draft|draft_verify,84.34247970581055,151.43418312072754,0.0,679.0,20.0,146.2184,297.71259912072753,235.8366788265381,292.619409417749
247,247,1,draft|draft_verify,61.82241439819336,28.855323791503906,0.0,120.0,16.0,96.44800000000001,61.82241439819336,90.73775098969728,61.82241439819336
247,247,2,draft|draft_verify,165.41409492492676,47.0423698425293,0.0,136.0,45.0,275.0376,275.0376,212.51650076745605,165.41409492492676
247,247,3,draft|draft_verify,48.500776290893555,49.6220588684082,0.0,181.0,13.0,80.02000000000001,80.02000000000001,98.18284555930177,48.500776290893555
247,247,4,draft|draft_verify,126.06501579284668,51.00750923156738,0.0,194.0,32.0,199.304,199.304,177.13255062441408,126.06501579284668
247,247,5,draft|draft_verify,194.53144073486328,60.19926071166992,0.0,226.0,52.0,329.32480000000004,329.32480000000004,254.7907430465332,194.53144073486328
247,247,6,draft|draft_verify,83.68420600891113,60.12892723083496,0.0,278.0,22.0,140.8456,140.8456,143.87315083974607,83.68420600891113
247,247,7,draft|draft_verify,182.39355087280273,78.32217216491699,0.0,300.0,46.0,298.92400000000004,298.92400000000004,260.77575983771976,182.39355087280273
247,247,8,draft|draft_verify,148.3910083770752,92.36717224121094,0.0,346.0,39.0,257.1936,257.1936,240.81821181828613,148.3910083770752
247,247,9,draft|draft_verify,199.9948024749756,123.87776374816895,0.0,385.0,53.0,355.5752,355.5752,323.9326086231445,199.9948024749756
247,247,10,draft|draft_verify,86.45391464233398,124.42851066589355,0.0,438.0,22.0,148.9096,148.9096,210.94244290822752,123.93780614816895
247,247,11,draft|draft_verify,154.82306480407715,125.59342384338379,0.0,460.0,41.0,281.468,281.468,280.4765214474609,154.82306480407715
247,247,12,draft|draft_verify,269.8512077331543,127.11143493652344,0.0,501.0,70.0,490.5616,490.5616,397.0226986696777,269.8512077331543
247,247,13,draft|draft_verify,275.5239009857178,130.92875480651855,0.0,571.0,73.0,523.996,523.996,406.51271419223633,275.5239009857178
247,247,14,draft|draft_verify,75.12307167053223,131.2556266784668,0.0,644.0,18.0,129.9624,262.30445428498535,206.43871274899902,262.30445428498535
248,248,1,draft|draft_verify,139.0528678894043,60.04214286804199,0.0,224.0,37.0,233.332,139.0528678894043,199.1550403574463,139.0528678894043
248,248,2,draft|draft_verify,174.78132247924805,60.11366844177246,0.0,261.0,46.0,294.712,294.712,234.9550277210205,174.78132247924805
248,248,3,draft|draft_verify,303.4844398498535,91.61829948425293,0.0,307.0,80.0,524.9912,524.9912,395.16280333410646,303.4844398498535
248,248,4,draft|draft_verify,61.582326889038086,92.04888343811035,0.0,387.0,16.0,106.06,106.06,153.69122312714845,91.67836348425293
248,248,5,draft|draft_verify,67.74306297302246,91.60256385803223,0.0,403.0,17.0,113.38159999999999,113.38159999999999,159.40564043105468,92.10889623811035
248,248,6,draft|draft_verify,110.99505424499512,123.47292900085449,0.0,420.0,29.0,195.6584,195.6584,234.5280064458496,110.99505424499512
248,248,7,draft|draft_verify,119.32253837585449,125.65088272094727,0.0,449.0,31.0,211.384,211.384,245.03344589680177,123.5329522008545
248,248,8,draft|draft_verify,32.862186431884766,125.84710121154785,0.0,480.0,7.0,47.1424,251.6180143324951,158.76929324343263,251.6180143324951
249,249,1,draft|draft_verify,229.87031936645508,50.776004791259766,0.0,136.0,62.0,380.3288,229.87031936645508,280.70637375771486,229.87031936645508
249,249,2,draft|draft_verify,52.40631103515625,50.24313926696777,0.0,198.0,14.0,86.756,86.756,102.70946150212401,52.40631103515625
249,249,3,draft|draft_verify,81.27045631408691,49.73578453063965,0.0,212.0,22.0,137.5192,137.5192,131.06625844472654,81.27045631408691
249,249,4,draft|draft_verify,78.5837173461914,58.91919136047363,0.0,234.0,21.0,132.276,132.276,137.56292550666504,78.5837173461914
249,249,5,draft|draft_verify,27.50992774963379,58.782100677490234,0.0,255.0,7.0,43.9024,58.97920816047363,86.35203402712402,58.97920816047363
249,249,6,draft|draft_verify,117.13337898254395,59.23175811767578,0.0,262.0,31.0,197.92,197.92,176.42516190021973,117.13337898254395
249,249,7,draft|draft_verify,233.69622230529785,76.84469223022461,0.0,293.0,62.0,403.3136,403.3136,310.6009641355225,233.69622230529785
249,249,8,draft|draft_verify|target|target_rescue_verify,256.1817169189453,186.08474731445312,856.1267852783203,355.0,68.0,452.8712,856.1267852783203,1298.4533039117186,856.1267852783203
249,249,9,draft|draft_verify,184.0987205505371,140.82622528076172,0.0,392.0,48.0,322.4448,322.4448,324.9849842312988,184.0987205505371
249,249,10,draft|draft_verify|target|target_rescue_verify,246.72627449035645,253.4167766571045,1116.4884567260742,440.0,65.0,445.67600000000004,1116.4884567260742,1616.6915598735352,1116.4884567260742
249,249,11,draft|draft_verify,14.271020889282227,125.44488906860352,0.0,494.0,3.0,19.598399999999998,126.70838832855225,139.77591235788574,126.70838832855225
249,249,12,draft|draft_verify|target|backtracking_verify,88.73748779296875,271.4729309082031,1791.3122177124023,497.0,23.0,158.86880000000002,1791.3122177124023,2151.582654813574,1791.3122177124023
249,249,13,draft|draft_verify|target|target_rescue_verify,81.43281936645508,390.3326988220215,1635.911226272583,1105.0,20.0,165.644,1635.911226272583,2107.7367604610595,1635.911226272583
249,249,14,draft|draft_verify,47.5008487701416,127.12430953979492,0.0,592.0,12.0,84.6672,322.35066855080566,174.68516790993652,322.35066855080566
250,250,1,draft|draft_verify,377.6204586029053,61.13862991333008,0.0,213.0,96.0,610.548,377.6204586029053,438.81916531623534,377.6204586029053
250,250,2,draft|draft_verify,232.53774642944336,77.74043083190918,0.0,309.0,61.0,399.02799999999996,399.02799999999996,310.33822606135254,232.53774642944336
250,250,3,draft|draft_verify,72.94893264770508,91.23754501342773,0.0,370.0,19.0,125.45439999999999,125.45439999999999,164.24649286113282,77.80047963190918
250,250,4,draft|draft_verify,27.83942222595215,91.82333946228027,0.0,389.0,7.0,45.832,91.29756021342773,119.72276728823242,91.29756021342773
250,250,5,draft|draft_verify,24.317264556884766,91.56942367553711,0.0,396.0,5.0,32.525600000000004,183.5127727378174,115.94669223242187,183.5127727378174
251,251,1,draft|draft_verify,102.25176811218262,50.57787895202637,0.0,168.0,27.0,166.30560000000003,102.25176811218262,152.88966866420898,102.25176811218262
251,251,2,draft|draft_verify,93.31583976745605,49.95465278625488,0.0,195.0,25.0,155.452,155.452,143.33051255371095,93.31583976745605
251,251,3,draft|draft_verify|target|target_rescue_verify,307.9373836517334,164.20984268188477,4166.802644729614,220.0,82.0,521.4184,4166.802644729614,4639.009936663232,4166.802644729614
251,251,4,draft|draft_verify|target|target_rescue_verify,786.0605716705322,294.4490909576416,6830.767631530762,424.0,207.0,1448.976,6830.767631530762,7911.337459758935,6830.767631530762
251,251,5,draft|draft_verify|target|target_rescue_verify,1100.322961807251,422.80101776123047,5203.857183456421,763.0,292.0,2310.9256,5203.857183456421,6727.0413966249025,5203.857183456421
251,251,6,draft|draft_verify,823.941707611084,254.4400691986084,0.0,1020.0,218.0,1839.3031999999998,1839.3031999999998,1078.4419512096924,823.941707611084
251,251,7,draft|draft_verify,75.72579383850098,246.60491943359375,0.0,1238.0,19.0,162.952,254.5002435986084,322.39072847209474,254.5002435986084
251,251,8,draft|draft_verify,26.632308959960938,254.91905212402344,0.0,1257.0,5.0,40.7912,501.6439907576172,281.61136508398437,501.6439907576172
252,252,1,draft|draft_verify,157.98521041870117,57.68084526062012,0.0,197.0,42.0,262.5312,157.98521041870117,215.7260892793213,157.98521041870117
252,252,2,draft|draft_verify,93.09172630310059,59.7844123840332,0.0,239.0,25.0,157.9864,157.9864,152.9361586871338,93.09172630310059
252,252,3,draft|draft_verify|target|target_rescue_verify,560.2121353149414,170.1071262359619,1553.112506866455,264.0,148.0,968.7664,1553.112506866455,2283.491886817358,1553.112506866455
252,252,4,draft|draft_verify|target|target_rescue_verify,379.40382957458496,234.92884635925293,1418.5576438903809,337.0,100.0,665.9512,1418.5576438903809,2032.9503998242187,1418.5576438903809
252,252,5,draft|draft_verify,237.27655410766602,125.43177604675293,0.0,406.0,62.0,419.85679999999996,419.85679999999996,362.76837975441896,237.27655410766602
252,252,6,draft|draft_verify,169.8000431060791,126.71041488647461,0.0,468.0,44.0,303.128,303.128,296.5704931925537,169.8000431060791
252,252,7,draft|draft_verify,149.6870517730713,135.81466674804688,0.0,512.0,38.0,265.2728,401.1474971480469,285.5617489211181,285.5617489211181
253,253,1,draft|draft_verify,306.3511848449707,60.24646759033203,0.0,165.0,84.0,523.3944,306.3511848449707,366.6577196353027,306.3511848449707
253,253,2,draft|draft_verify,147.12262153625488,59.050798416137695,0.0,249.0,39.0,248.34720000000002,248.34720000000002,206.23345115239258,147.12262153625488
253,253,3,draft|draft_verify,213.1175994873047,76.18236541748047,0.0,288.0,56.0,363.152,363.152,289.36000970478517,213.1175994873047
253,253,4,draft|draft_verify,416.44978523254395,124.27568435668945,0.0,344.0,109.0,728.9512,728.9512,540.7855567892334,416.44978523254395
253,253,5,draft|draft_verify|target|target_rescue_verify,380.11837005615234,290.1792526245117,2240.2238845825195,453.0,100.0,693.5128,2240.2238845825195,2910.581587263184,2240.2238845825195
253,253,6,draft|draft_verify|target|target_rescue_verify,1386.765480041504,319.82922554016113,2043.3406829833984,557.0,371.0,2788.88,2948.8549095700805,3749.9956853650638,2043.3406829833984
253,253,7,draft|draft_verify,464.3373489379883,168.43390464782715,0.0,657.0,123.0,916.3968,916.3968,632.8313519858154,464.3373489379883
253,253,8,draft|draft_verify,55.693864822387695,156.47006034851074,0.0,780.0,13.0,97.27120000000001,325.0240737963379,212.22393557089845,325.0240737963379
254,254,1,draft|draft_verify,146.0578441619873,30.32374382019043,0.0,132.0,40.0,243.82720000000003,146.0578441619873,176.44161998217774,146.0578441619873
254,254,2,draft|draft_verify,58.663368225097656,48.96974563598633,0.0,172.0,16.0,98.32000000000001,98.32000000000001,107.693126661084,58.663368225097656
254,254,3,draft|draft_verify,69.63586807250977,48.87890815734863,0.0,188.0,19.0,117.592,117.592,118.5747914298584,69.63586807250977
254,254,4,draft|draft_verify,69.84972953796387,49.738168716430664,0.0,207.0,19.0,118.4128,118.4128,119.64791345439453,69.84972953796387
254,254,5,draft|draft_verify,92.61631965637207,58.713674545288086,0.0,226.0,25.0,157.2376,157.2376,151.39001420166016,92.61631965637207
254,254,6,draft|draft_verify,75.64067840576172,59.27610397338867,0.0,251.0,19.0,120.31360000000001,120.31360000000001,134.9767975791504,75.64067840576172
254,254,7,draft|draft_verify,19.82879638671875,59.4029426574707,0.0,270.0,5.0,31.316000000000003,59.336119173388674,79.29174304418945,59.336119173388674
254,254,8,draft|draft_verify,59.021711349487305,59.13138389587402,0.0,275.0,15.0,95.59200000000001,95.59200000000001,118.21310724536133,59.4629466574707
254,254,9,draft|draft_verify,72.22914695739746,75.89101791381836,0.0,290.0,19.0,121.9984,121.9984,148.18018007121583,72.22914695739746
254,254,10,draft|draft_verify,59.45420265197754,76.32112503051758,0.0,309.0,15.0,96.73440000000001,96.73440000000001,135.83533968249512,75.95103311381835
254,254,11,draft|draft_verify,20.179033279418945,76.0643482208252,0.0,324.0,5.0,31.834400000000002,76.38113703051758,96.30338550024413,76.38113703051758
254,254,12,draft|draft_verify,38.38658332824707,76.38072967529297,0.0,329.0,10.0,64.6144,76.1243522208252,114.82732100354005,76.1243522208252
254,254,13,draft|draft_verify,61.159372329711914,90.71850776672363,0.0,339.0,16.0,104.33200000000001,104.33200000000001,151.93789289643556,76.44073767529297
254,254,14,draft|draft_verify,64.6204948425293,91.31717681884766,0.0,355.0,17.0,111.5384,111.5384,155.99768526137694,90.77852056672363
254,254,15,draft|draft_verify,339.4601345062256,124.71699714660645,0.0,372.0,90.0,605.6712,605.6712,464.237203652832,339.4601345062256
254,254,16,draft|draft_verify|target|target_rescue_verify,69.58389282226562,251.09410285949707,776.4077186584473,462.0,17.0,115.6472,776.4077186584473,1097.14572794021,776.4077186584473
254,254,17,draft|draft_verify,41.322946548461914,141.7834758758545,0.0,493.0,9.0,61.212,267.390534505603,183.1664296243164,267.390534505603
255,255,1,draft|draft_verify,49.14236068725586,20.841598510742188,0.0,94.0,13.0,77.51440000000001,49.14236068725586,70.04396959799806,49.14236068725586
255,255,2,draft|draft_verify,81.11453056335449,28.914451599121094,0.0,107.0,22.0,132.2272,132.2272,110.08899976247558,81.11453056335449
255,255,3,draft|draft_verify,78.51123809814453,28.938770294189453,0.0,129.0,21.0,127.236,127.236,107.51002519233398,78.51123809814453
255,255,4,draft|draft_verify,33.39076042175293,29.703140258789062,0.0,150.0,9.0,54.626400000000004,54.626400000000004,63.15390788054199,33.39076042175293
255,255,5,draft|draft_verify,159.8837375640869,49.39436912536621,0.0,159.0,44.0,271.2392,271.2392,209.3381418894531,159.8837375640869
255,255,6,draft|draft_verify,69.78964805603027,49.92198944091797,0.0,203.0,18.0,111.96960000000001,161.95160384091798,119.77165189694824,119.77165189694824
256,256,1,draft|draft_verify,235.16249656677246,30.480384826660156,0.0,116.0,64.0,389.7376,235.16249656677246,265.7029325934326,235.16249656677246
256,256,2,draft|draft_verify,142.58933067321777,50.3535270690918,0.0,180.0,37.0,229.5304,229.5304,193.00288734230958,142.58933067321777
256,256,3,draft|draft_verify|target|target_rescue_verify,96.01092338562012,126.6317367553711,672.4295616149902,217.0,26.0,163.04000000000002,672.4295616149902,895.1322425559815,672.4295616149902
256,256,4,draft|draft_verify,50.394535064697266,66.44439697265625,0.0,247.0,13.0,81.9208,81.9208,116.89894243735353,63.31586837768555
256,256,5,draft|draft_verify|target|target_rescue_verify,76.18832588195801,119.05646324157715,290.82369804382324,260.0,20.0,127.11200000000001,290.82369804382324,486.1285031673584,290.82369804382324
256,256,6,draft|draft_verify|target|target_rescue_verify,85.27398109436035,138.25535774230957,860.926628112793,273.0,22.0,140.5936,860.926628112793,1084.515984549463,860.926628112793
256,256,7,draft|draft_verify,116.10269546508789,77.14724540710449,0.0,314.0,30.0,195.09840000000003,195.09840000000003,193.30996487219238,116.10269546508789
256,256,8,draft|draft_verify,80.64484596252441,91.41182899475098,0.0,344.0,21.0,137.556,137.556,172.1166917572754,80.64484596252441
256,256,9,draft|draft_verify,103.15895080566406,92.1015739440918,0.0,365.0,27.0,178.59840000000003,178.59840000000003,195.32054634975586,103.15895080566406
256,256,10,draft|draft_verify,84.64670181274414,93.17231178283691,0.0,392.0,22.0,146.5912,146.5912,177.87903119558104,92.1615955440918
256,256,11,draft|draft_verify,91.8433666229248,124.2058277130127,0.0,414.0,24.0,161.27519999999998,161.27519999999998,216.1092135359375,93.23232938283691
256,256,12,draft|draft_verify,76.80559158325195,124.64547157287598,0.0,438.0,20.0,135.2288,135.2288,201.51107915612795,124.2658469130127
256,256,13,draft|draft_verify,104.39062118530273,125.56338310241699,0.0,458.0,27.0,184.40160000000003,184.40160000000003,230.01402588771973,124.70548757287598
256,256,14,draft|draft_verify|target|backtracking_verify,120.97787857055664,284.41929817199707,533.3378314971924,485.0,30.0,207.0,533.3378314971924,938.7950322397461,533.3378314971924
256,256,15,draft|draft_verify|target|target_rescue_verify,126.96456909179688,414.6125316619873,427.8385639190674,1025.0,29.0,236.3144,443.6806890309937,969.4756878728516,427.8385639190674
256,256,16,draft|draft_verify,85.46209335327148,126.22404098510742,0.0,522.0,19.0,132.0208,207.30626583099365,211.74614953837892,207.30626583099365
256,256,17,draft|draft_verify,77.61406898498535,127.37083435058594,0.0,541.0,19.0,132.8416,132.8416,205.0449185355713,126.28405618510742
256,256,18,draft|draft_verify,74.20015335083008,127.35390663146973,0.0,560.0,17.0,119.4104,254.84476978205566,201.6140735822998,254.84476978205566
257,257,1,draft|draft_verify,199.6595859527588,29.73651885986328,0.0,94.0,54.0,325.35120000000006,199.6595859527588,229.45614801262207,199.6595859527588
257,257,2,draft|draft_verify,117.45095252990723,29.70099449157715,0.0,148.0,32.0,195.8816,195.8816,147.2119726214844,117.45095252990723
257,257,3,draft|draft_verify,226.84955596923828,57.60025978088379,0.0,180.0,62.0,386.7704,386.7704,284.5098653501221,226.84955596923828
257,257,4,draft|draft_verify,146.11506462097168,59.899330139160156,0.0,242.0,39.0,247.7088,247.7088,206.07442596013183,146.11506462097168
257,257,5,draft|draft_verify,123.75211715698242,76.06649398803711,0.0,281.0,33.0,212.26800000000003,212.26800000000003,199.87863754501953,123.75211715698242
257,257,6,draft|draft_verify,346.5142250061035,91.89128875732422,0.0,314.0,93.0,613.4184,613.4184,438.46558816342775,346.5142250061035
257,257,7,draft|draft_verify,86.92002296447754,123.9938735961914,0.0,407.0,22.0,147.3472,271.4010911961914,210.97391416066893,216.00525435351562
258,258,1,draft|draft_verify,85.53028106689453,49.817562103271484,0.0,170.0,23.0,141.60320000000002,85.53028106689453,135.407861570166,85.53028106689453
258,258,2,draft|draft_verify|target|target_rescue_verify,237.16020584106445,126.47414207458496,2139.6563053131104,193.0,65.0,407.7368,2139.6563053131104,2503.3507052287596,2139.6563053131104
258,258,3,draft|draft_verify,230.133056640625,85.96634864807129,0.0,296.0,60.0,390.5616,390.5616,316.1594532886963,230.133056640625
258,258,4,draft|draft_verify,152.82106399536133,101.87768936157227,0.0,356.0,40.0,264.7936,264.7936,254.7587853569336,152.82106399536133
258,258,5,draft|draft_verify,151.8566608428955,122.79558181762695,0.0,396.0,40.0,268.5376,268.5376,274.71227466052244,151.8566608428955
258,258,6,draft|draft_verify,137.33410835266113,124.04322624206543,0.0,436.0,36.0,244.776,244.776,261.43736339472656,137.33410835266113
258,258,7,draft|draft_verify|target|target_rescue_verify,396.0094451904297,266.62755012512207,1870.980978012085,472.0,102.0,712.2552000000001,1870.980978012085,2533.678054927637,1870.980978012085
258,258,8,draft|draft_verify,394.43445205688477,131.38198852539062,0.0,562.0,104.0,748.7408,748.7408,525.8765237822754,394.43445205688477
258,258,9,draft|draft_verify,110.0461483001709,150.84338188171387,0.0,666.0,28.0,204.784,355.68740428171384,260.94955258188475,282.3454760071045
259,259,1,draft|draft_verify,106.75406455993652,49.74627494812012,0.0,163.0,29.0,178.388,106.75406455993652,156.56036270805663,106.75406455993652
259,259,2,draft|draft_verify,363.7583255767822,59.9668025970459,0.0,192.0,100.0,631.4992,631.4992,423.78520817382815,363.7583255767822
259,259,3,draft|draft_verify,169.16298866271973,76.03669166564941,0.0,292.0,45.0,291.51120000000003,291.51120000000003,245.25971632836914,169.16298866271973
259,259,4,draft|draft_verify|target|target_rescue_verify,206.90226554870605,184.004545211792,1002.0561218261719,337.0,55.0,362.93919999999997,1002.0561218261719,1393.02297658667,1002.0561218261719
259,259,5,draft|draft_verify,221.9691276550293,123.62051010131836,0.0,382.0,56.0,375.56,375.56,345.64968255634767,221.9691276550293
259,259,6,draft|draft_verify,143.1899070739746,125.48089027404785,0.0,438.0,36.0,244.94400000000002,244.94400000000002,268.73082614802246,143.1899070739746
259,259,7,draft|draft_verify,91.80402755737305,125.63967704772949,0.0,474.0,23.0,157.6544,157.6544,217.50372300510253,125.54091907404785
259,259,8,draft|draft_verify,200.7300853729248,136.67607307434082,0.0,497.0,49.0,341.3368,341.3368,337.46619764726563,200.7300853729248
259,259,9,draft|draft_verify,138.61417770385742,127.2726058959961,0.0,546.0,35.0,246.8816,374.2142338959961,265.9468115998535,265.9468115998535
260,260,1,draft|draft_verify,133.86082649230957,30.596256256103516,0.0,141.0,36.0,219.996,133.86082649230957,164.51711154841308,133.86082649230957
260,260,2,draft|draft_verify,125.35595893859863,49.898624420166016,0.0,177.0,33.0,204.28080000000003,204.28080000000003,175.31460975876465,125.35595893859863
260,260,3,draft|draft_verify,107.71608352661133,57.003021240234375,0.0,210.0,29.0,181.5464,181.5464,164.7791279668457,107.71608352661133
260,260,4,draft|draft_verify,121.22368812561035,59.15570259094238,0.0,239.0,32.0,202.65200000000002,202.65200000000002,180.43941631655275,121.22368812561035
260,260,5,draft|draft_verify,74.69701766967773,59.12590026855469,0.0,271.0,19.0,121.1776,121.1776,133.88293313823243,74.69701766967773
260,260,6,draft|draft_verify,131.14380836486816,75.3486156463623,0.0,290.0,34.0,219.4744,219.4744,206.55245121123048,131.14380836486816
260,260,7,draft|draft_verify,69.50187683105469,76.25961303710938,0.0,324.0,18.0,116.9064,116.9064,145.82150426816406,75.4086428463623
260,260,8,draft|draft_verify|target|target_rescue_verify,81.79378509521484,168.39051246643066,421.68498039245605,342.0,21.0,137.46,421.68498039245605,671.9292947541015,421.68498039245605
260,260,9,draft|draft_verify,67.12841987609863,91.60065650939941,0.0,358.0,17.0,111.6536,111.6536,158.78908998549804,84.19525623321533
260,260,10,draft|draft_verify,39.165496826171875,90.94119071960449,0.0,375.0,10.0,65.608,91.66067010939942,130.16669554577638,91.66067010939942
260,260,11,draft|draft_verify,142.12441444396973,124.15695190429688,0.0,385.0,34.0,226.9984,351.21537910429686,266.34139354826664,266.3413935482666
261,261,1,draft|draft_verify,355.6334972381592,50.63509941101074,0.0,118.0,97.0,595.1415999999999,355.6334972381592,406.3286742491699,355.6334972381592
261,261,2,draft|draft_verify,71.19607925415039,49.87144470214844,0.0,215.0,19.0,118.7584,118.7584,121.12753915629882,71.19607925415039
261,261,3,draft|draft_verify,422.98197746276855,77.55708694458008,0.0,234.0,112.0,720.136,720.136,500.59915400734866,422.98197746276855
261,261,4,draft|draft_verify,436.59400939941406,125.11086463928223,0.0,346.0,114.0,763.6536,763.6536,561.7649652386963,436.59400939941406
261,261,5,draft|draft_verify,414.9141311645508,127.23255157470703,0.0,460.0,109.0,759.0183999999999,759.0183999999999,542.2067699392578,414.9141311645508
261,261,6,draft|draft_verify,507.8296661376953,151.9780158996582,0.0,569.0,134.0,972.1712000000001,972.1712000000001,659.8677892373535,507.8296661376953
261,261,7,draft|draft_verify,74.97072219848633,151.48425102233887,0.0,703.0,18.0,132.3696,303.5823885219971,226.5149876208252,303.5823885219971
262,262,1,draft|draft_verify,186.4316463470459,21.820783615112305,0.0,68.0,47.0,279.88160000000005,186.4316463470459,208.3124675621582,186.4316463470459
262,262,2,draft|draft_verify,52.060604095458984,29.47235107421875,0.0,115.0,14.0,84.1664,84.1664,81.59296636967773,52.060604095458984
262,262,3,draft|draft_verify,215.90209007263184,49.5295524597168,0.0,129.0,59.0,360.7232,360.7232,265.4916897323486,215.90209007263184
262,262,4,draft|draft_verify,60.51802635192871,49.23391342163086,0.0,188.0,15.0,92.6688,141.96272542163086,109.81195177355957,109.81195177355957
263,263,1,draft|draft_verify,181.11705780029297,59.969425201416016,0.0,240.0,47.0,298.8704,181.11705780029297,241.14652060170897,181.11705780029297
263,263,2,draft|draft_verify,104.74443435668945,76.53951644897461,0.0,287.0,27.0,173.73120000000003,173.73120000000003,181.34397240566406,104.74443435668945
263,263,3,draft|draft_verify,76.79867744445801,76.05123519897461,0.0,314.0,20.0,129.5744,129.5744,152.90992864343264,76.79867744445801
263,263,4,draft|draft_verify,104.72226142883301,79.15854454040527,0.0,334.0,26.0,170.06,249.2785653404053,183.9408267692383,183.9408267692383
264,264,1,draft|draft_verify,102.85830497741699,56.756019592285156,0.0,191.0,27.0,167.7408,102.85830497741699,159.67434616970215,102.85830497741699
264,264,2,draft|draft_verify,174.49712753295898,66.66231155395508,0.0,218.0,47.0,296.44160000000005,296.44160000000005,241.21947668691405,174.49712753295898
264,264,3,draft|draft_verify,201.58100128173828,85.75057983398438,0.0,265.0,52.0,334.0984,334.0984,287.39162271572263,201.58100128173828
264,264,4,draft|draft_verify,310.1320266723633,98.82497787475586,0.0,317.0,81.0,533.5799999999999,533.5799999999999,409.01706934711916,310.1320266723633
264,264,5,draft|draft_verify,115.80204963684082,92.90003776550293,0.0,398.0,30.0,200.94480000000001,200.94480000000001,208.76211140234375,115.80204963684082
264,264,6,draft|draft_verify,123.49295616149902,124.58658218383789,0.0,428.0,32.0,216.7136,216.7136,248.13956394533693,123.49295616149902
264,264,7,draft|draft_verify,228.9896011352539,126.0223388671875,0.0,460.0,58.0,399.8152,399.8152,355.07198640244144,228.9896011352539
264,264,8,draft|draft_verify,208.38189125061035,125.90193748474121,0.0,518.0,52.0,365.0656,365.0656,334.34387033535154,208.38189125061035
264,264,9,draft|draft_verify,165.69948196411133,126.42192840576172,0.0,570.0,43.0,306.4432,306.4432,292.18144476987305,165.69948196411133
264,264,10,draft|draft_verify|target|target_rescue_verify,66.41817092895508,260.09202003479004,438.6906623840332,613.0,16.0,114.196,568.7366724014282,765.2608661477783,568.7366724014282
265,265,1,draft|draft_verify,177.99806594848633,50.357818603515625,0.0,171.0,48.0,297.51599999999996,177.99806594848633,228.41592295200195,177.99806594848633
265,265,2,draft|draft_verify|target|target_rescue_verify,270.01190185546875,119.01736259460449,779.6196937561035,219.0,73.0,463.17040000000003,779.6196937561035,1168.7090166061766,779.6196937561035
265,265,3,draft|draft_verify,195.69778442382812,67.11554527282715,0.0,255.0,51.0,326.4,326.4,262.8733704966553,195.69778442382812
265,265,4,draft|draft_verify|target|target_rescue_verify,1096.0183143615723,230.9548854827881,1404.364824295044,306.0,279.0,1898.6976,2014.2352659413941,2731.3982473394044,1404.364824295044
265,265,5,draft|draft_verify,235.30125617980957,123.81291389465332,0.0,374.0,61.0,408.388,408.388,359.1742188744629,235.30125617980957
265,265,6,draft|draft_verify,54.92281913757324,124.38106536865234,0.0,435.0,14.0,94.1504,123.87296269465332,179.36389570622558,123.87296269465332
265,265,7,draft|draft_verify,89.94817733764648,124.65739250183105,0.0,449.0,22.0,149.464,274.18141010183103,214.66558743947752,249.1584866704834
266,266,1,draft|draft_verify,202.15487480163574,29.218435287475586,0.0,83.0,53.0,317.8856,202.15487480163574,231.43335248911131,202.15487480163574
266,266,2,draft|draft_verify,152.97627449035645,29.90555763244629,0.0,136.0,41.0,250.364,250.364,182.94186492280272,152.97627449035645
266,266,3,draft|draft_verify,97.34368324279785,49.1642951965332,0.0,177.0,26.0,160.64000000000001,160.64000000000001,146.56799923933107,97.34368324279785
266,266,4,draft|draft_verify,136.62314414978027,56.76889419555664,0.0,203.0,37.0,231.5176,231.5176,193.45206794533692,136.62314414978027
266,266,5,draft|draft_verify,83.47558975219727,58.98427963256836,0.0,240.0,21.0,132.564,191.60829643256835,142.51988618476562,142.51988618476562
267,267,1,draft|draft_verify,61.49721145629883,30.565738677978516,0.0,157.0,16.0,97.78,61.49721145629883,92.12296293427735,61.49721145629883
267,267,2,draft|draft_verify,96.38118743896484,48.84982109069824,0.0,173.0,26.0,160.4,160.4,145.2910293296631,96.38118743896484
267,267,3,draft|draft_verify,228.19280624389648,66.85233116149902,0.0,199.0,62.0,389.552,389.552,295.1051870053955,228.19280624389648
267,267,4,draft|draft_verify,167.36125946044922,86.89117431640625,0.0,261.0,44.0,281.7656,281.7656,254.31246897685546,167.36125946044922
267,267,5,draft|draft_verify,99.85995292663574,81.82454109191895,0.0,305.0,26.0,168.32,168.32,181.7445148185547,99.85995292663574
267,267,6,draft|draft_verify,73.05192947387695,81.50863647460938,0.0,331.0,19.0,123.7696,123.7696,154.62058114848634,81.88456189191895
267,267,7,draft|draft_verify,99.94339942932129,97.21970558166504,0.0,350.0,26.0,171.02,171.02,197.22312581098635,99.94339942932129
267,267,8,draft|draft_verify,71.23517990112305,93.46222877502441,0.0,376.0,18.0,119.028,119.028,164.75742307614746,97.27972638166504
267,267,9,draft|draft_verify,115.81182479858398,123.38018417358398,0.0,394.0,29.0,193.9112,193.9112,239.25203217216796,115.81182479858398
267,267,10,draft|draft_verify|target|backtracking_verify,43.06292533874512,248.48055839538574,591.2373065948486,423.0,11.0,73.424,591.2373065948486,882.8407991289795,591.2373065948486
267,267,11,draft|draft_verify|target|backtracking_verify,185.00518798828125,373.8532066345215,768.059253692627,885.0,47.0,370.0784,768.059253692627,1326.9776859154297,768.059253692627
267,267,12,draft|draft_verify|target|backtracking_verify,86.8387222290039,624.8781681060791,271.209716796875,1403.0,20.0,179.2328,822.4940122005615,982.986623131958,822.4940122005615
267,267,13,draft|draft_verify|target|target_rescue_verify,378.0355453491211,1008.6469650268555,2580.4946422576904,1902.0,96.0,995.6399999999999,3939.718023520123,3967.237229433667,3463.060736656189
268,268,1,draft|draft_verify,108.5653305053711,30.378103256225586,0.0,94.0,29.0,173.7512,108.5653305053711,139.00345696159667,108.5653305053711
268,268,2,draft|draft_verify,222.25117683410645,44.97814178466797,0.0,123.0,60.0,366.06480000000005,366.06480000000005,267.2893666187744,222.25117683410645
268,268,3,draft|draft_verify,221.58074378967285,58.78329277038574,0.0,183.0,60.0,374.56080000000003,374.56080000000003,280.4240845600586,221.58074378967285
268,268,4,draft|draft_verify,196.89655303955078,59.23819541931152,0.0,243.0,52.0,331.4056,331.4056,256.1947900588623,196.89655303955078
268,268,5,draft|draft_verify,338.0155563354492,92.03362464904785,0.0,295.0,87.0,569.2464,569.2464,430.1092505844971,338.0155563354492
268,268,6,draft|draft_verify,108.81257057189941,91.88008308410645,0.0,382.0,27.0,179.65920000000003,271.59930468410647,200.75267525600586,200.75267525600586
269,269,1,draft|draft_verify,186.91015243530273,30.39860725402832,0.0,97.0,50.0,301.3472,186.91015243530273,217.36879968933104,186.91015243530273
269,269,2,draft|draft_verify,211.15469932556152,50.49324035644531,0.0,147.0,57.0,350.7672,350.7672,261.7079852820068,211.15469932556152
269,269,3,draft|draft_verify,426.90587043762207,75.70719718933105,0.0,204.0,112.0,712.144,787.911286789331,502.67315722695315,502.6731572269531
270,270,1,draft|draft_verify,259.8681449890137,30.20763397216797,0.0,103.0,71.0,430.808,259.8681449890137,290.1358357611816,259.8681449890137
270,270,2,draft|draft_verify,91.82429313659668,49.530982971191406,0.0,174.0,25.0,154.2424,154.2424,141.4152961077881,91.82429313659668
270,270,3,draft|draft_verify,41.771650314331055,51.30171775817871,0.0,199.0,11.0,68.048,68.048,93.13337687250976,49.59100297119141
270,270,4,draft|draft_verify,78.00841331481934,51.79882049560547,0.0,210.0,21.0,131.124,131.124,129.8672506104248,78.00841331481934
270,270,5,draft|draft_verify,85.35122871398926,61.25187873840332,0.0,231.0,23.0,144.824,144.824,146.66312585239257,85.35122871398926
270,270,6,draft|draft_verify,84.74922180175781,60.39714813232422,0.0,254.0,22.0,139.636,139.636,145.206387534082,84.74922180175781
270,270,7,draft|draft_verify,35.4001522064209,60.38928031921387,0.0,276.0,9.0,57.0456,60.45716573232422,95.84943972563477,60.45716573232422
270,270,8,draft|draft_verify,70.51467895507812,76.06697082519531,0.0,285.0,18.0,115.3152,115.3152,146.64166418027344,70.51467895507812
270,270,9,draft|draft_verify,78.369140625,75.96755027770996,0.0,303.0,19.0,122.56,198.58756547770997,154.39670610270997,154.39670610270997
271,271,1,draft|draft_verify,189.59927558898926,30.75432777404785,0.0,123.0,51.0,310.56,189.59927558898926,220.4136441630371,189.59927558898926
271,271,2,draft|draft_verify,30.116558074951172,46.11635208129883,0.0,174.0,8.0,48.9104,48.9104,76.29291655624999,30.81436857404785
271,271,3,draft|draft_verify,209.14626121520996,57.402849197387695,0.0,182.0,57.0,355.4712,355.4712,266.6091560125976,209.14626121520996
271,271,4,draft|draft_verify,82.84235000610352,59.816837310791016,0.0,239.0,22.0,138.88,138.88,142.7192049168945,82.84235000610352
271,271,5,draft|draft_verify,69.78034973144531,59.72886085510254,0.0,261.0,18.0,114.33600000000001,114.33600000000001,129.56922498654785,69.78034973144531
271,271,6,draft|draft_verify,96.67444229125977,77.13437080383301,0.0,279.0,25.0,160.2904,160.2904,173.86883309509278,96.67444229125977
271,271,7,draft|draft_verify,24.66297149658203,76.34663581848145,0.0,304.0,6.0,38.123999999999995,77.194390803833,101.06961211506348,77.194390803833
271,271,8,draft|draft_verify,143.51963996887207,76.96533203125,0.0,310.0,37.0,240.76239999999999,240.76239999999999,220.54500160012208,143.51963996887207
271,271,9,draft|draft_verify,78.20701599121094,91.70699119567871,0.0,347.0,20.0,131.07920000000001,131.07920000000001,169.97402318688967,78.20701599121094
271,271,10,draft|draft_verify,97.28789329528809,91.92681312561035,0.0,367.0,25.0,165.3592,165.3592,189.27472642089845,97.28789329528809
271,271,11,draft|draft_verify,85.46257019042969,92.31185913085938,0.0,392.0,22.0,146.5912,146.5912,177.83444692128904,91.98683312561035
271,271,12,draft|draft_verify,54.83102798461914,125.31590461730957,0.0,414.0,14.0,93.4952,93.4952,180.2069438019287,92.37187673085937
271,271,13,draft|draft_verify,66.21766090393066,125.60176849365234,0.0,428.0,16.0,107.536,251.03769711096191,191.879442197583,251.03769711096191
272,272,1,draft|draft_verify,216.60804748535156,30.88998794555664,0.0,100.0,58.0,350.5672,216.60804748535156,247.5580818309082,216.60804748535156
272,272,2,draft|draft_verify,245.6958293914795,51.35631561279297,0.0,158.0,67.0,414.91360000000003,414.91360000000003,297.11219860427246,245.6958293914795
272,272,3,draft|draft_verify,139.41287994384766,58.93349647521973,0.0,225.0,37.0,233.4184,233.4184,198.4064060190674,139.41287994384766
272,272,4,draft|draft_verify|target|target_rescue_verify,143.88704299926758,147.0799446105957,2002.3372173309326,262.0,37.0,236.6152,2002.3372173309326,2293.364234540796,2002.3372173309326
272,272,5,draft|draft_verify|target|target_rescue_verify,194.92578506469727,196.624755859375,1393.8422203063965,358.0,50.0,332.0408,1393.8422203063965,1785.4528012304686,1393.8422203063965
272,272,6,draft|draft_verify|target|target_rescue_verify,311.21182441711426,264.30583000183105,1070.4758167266846,426.0,79.0,540.6016,1070.4758167266846,1646.05353434563,1070.4758167266846
272,272,7,draft|draft_verify,432.5423240661621,127.51317024230957,0.0,478.0,113.0,792.2936,792.2936,560.1155847084717,432.5423240661621
272,272,8,draft|draft_verify|target|target_rescue_verify,135.69402694702148,259.69743728637695,803.2228946685791,591.0,34.0,243.3136,933.0716133117676,1198.6743861019777,933.0716133117676
273,273,1,draft|draft_verify,97.38612174987793,29.822111129760742,0.0,105.0,26.0,156.32000000000002,97.38612174987793,127.26825367963868,97.38612174987793
273,273,2,draft|draft_verify,67.93856620788574,29.4649600982666,0.0,131.0,18.0,109.03200000000001,109.03200000000001,97.46354070615234,67.93856620788574
273,273,3,draft|draft_verify|target|target_rescue_verify,239.49027061462402,81.80117607116699,500.10156631469727,149.0,65.0,400.9784,500.10156631469727,821.4530650004883,500.10156631469727
273,273,4,draft|draft_verify,167.0067310333252,50.055742263793945,0.0,172.0,45.0,278.8392,278.8392,217.12250929711914,167.0067310333252
273,273,5,draft|draft_verify,75.33693313598633,56.96463584899902,0.0,217.0,20.0,125.15120000000002,125.15120000000002,132.36158498498537,75.33693313598633
273,273,6,draft|draft_verify,78.49526405334473,58.99190902709961,0.0,237.0,21.0,132.42000000000002,132.42000000000002,137.54718988044434,78.49526405334473
273,273,7,draft|draft_verify,85.16287803649902,59.41200256347656,0.0,258.0,22.0,139.8376,139.8376,144.63489819997557,85.16287803649902
273,273,8,draft|draft_verify,43.45536231994629,59.45944786071777,0.0,280.0,11.0,69.992,69.992,102.97481898066405,59.472020163476564
273,273,9,draft|draft_verify,39.426565170288086,76.08962059020996,0.0,291.0,10.0,63.793600000000005,63.793600000000005,115.57619376049806,59.51945666071777
273,273,10,draft|draft_verify,42.54460334777832,75.82354545593262,0.0,301.0,11.0,70.496,76.14962859020996,118.42815760371093,76.14962859020996
273,273,11,draft|draft_verify,58.46524238586426,75.75130462646484,0.0,312.0,15.0,96.83520000000001,96.83520000000001,134.2765590123291,75.88355425593262
273,273,12,draft|draft_verify,55.70578575134277,77.21781730651855,0.0,327.0,14.0,90.7808,90.7808,132.98361425786132,75.81131662646484
273,273,13,draft|draft_verify,77.37588882446289,91.46976470947266,0.0,341.0,20.0,130.8056,130.8056,168.90566953393557,77.37588882446289
273,273,14,draft|draft_verify,35.75253486633301,90.97671508789062,0.0,361.0,9.0,58.677600000000005,91.52978070947266,126.78925715422363,91.52978070947266
273,273,15,draft|draft_verify,66.5128231048584,91.50123596191406,0.0,370.0,17.0,112.11439999999999,112.11439999999999,158.07407266677245,91.03672228789063
273,273,16,draft|draft_verify,43.52569580078125,91.79520606994629,0.0,387.0,11.0,72.56,91.56124956191407,135.38091067072753,91.56124956191407
273,273,17,draft|draft_verify,40.026187896728516,123.64435195922852,0.0,398.0,9.0,59.388000000000005,215.55957402917483,163.73054705595703,215.55957402917483
274,274,1,draft|draft_verify,94.87009048461914,29.693126678466797,0.0,134.0,25.0,151.9384,94.87009048461914,124.62323716308593,94.87009048461914
274,274,2,draft|draft_verify,145.29132843017578,50.03833770751953,0.0,159.0,39.0,240.13920000000002,240.13920000000002,195.3896973376953,145.29132843017578
274,274,3,draft|draft_verify|target|target_rescue_verify,587.113618850708,134.60206985473633,655.2934646606445,198.0,155.0,991.5248,1058.8859589273682,1377.069277366089,655.2934646606445
274,274,4,draft|draft_verify|target|target_rescue_verify,127.5629997253418,134.82069969177246,1306.2410354614258,227.0,34.0,214.4848,1306.2410354614258,1568.68476207854,1306.2410354614258
274,274,5,draft|draft_verify,223.81830215454102,85.66451072692871,0.0,291.0,58.0,376.696,376.696,309.54285928146976,223.81830215454102
274,274,6,draft|draft_verify,69.4739818572998,101.52506828308105,0.0,349.0,18.0,117.9264,117.9264,171.05906454038086,85.72455712692872
274,274,7,draft|draft_verify|target|target_rescue_verify,233.32643508911133,216.87912940979004,738.2440567016602,367.0,61.0,407.38,738.2440567016602,1188.5096700005615,738.2440567016602
274,274,8,draft|draft_verify,134.51361656188965,124.0231990814209,0.0,402.0,34.0,228.3448,228.3448,258.5968428433106,134.51361656188965
274,274,9,draft|draft_verify|target|target_rescue_verify,120.64599990844727,250.08273124694824,634.3972682952881,436.0,28.0,189.88,759.4386339187622,1005.1860218506836,759.4386339187622
275,275,1,draft|draft_verify,98.84166717529297,29.747962951660156,0.0,100.0,26.0,156.02,98.84166717529297,128.64965092695314,98.84166717529297
275,275,2,draft|draft_verify,141.15238189697266,29.486656188964844,0.0,126.0,38.0,230.996,230.996,170.6990684859375,141.15238189697266
275,275,3,draft|draft_verify|target|target_rescue_verify,223.5736846923828,107.67197608947754,1222.9530811309814,164.0,61.0,378.14799999999997,1222.9530811309814,1554.2587907128418,1222.9530811309814
275,275,4,draft|draft_verify,206.6490650177002,67.83103942871094,0.0,223.0,55.0,348.1648,348.1648,274.54014844641114,206.6490650177002
275,275,5,draft|draft_verify,191.33806228637695,86.49063110351562,0.0,278.0,50.0,322.6328,322.6328,277.88873338989254,191.33806228637695
275,275,6,draft|draft_verify,238.2509708404541,99.5631217956543,0.0,328.0,62.0,408.4376,408.4376,337.8741422361084,238.2509708404541
275,275,7,draft|draft_verify,143.49913597106934,136.55972480773926,0.0,390.0,37.0,247.6744,247.6744,280.1188903788086,143.49913597106934
275,275,8,draft|draft_verify,245.4235553741455,126.28746032714844,0.0,427.0,64.0,436.7608,436.7608,371.7710669012939,245.4235553741455
275,275,9,draft|draft_verify,128.30448150634766,141.78919792175293,0.0,491.0,32.0,221.4008,363.25002352175295,270.1537050281006,270.1537050281006
276,276,1,draft|draft_verify,190.81974029541016,46.68021202087402,0.0,136.0,51.0,312.12,190.81974029541016,237.55999311628418,190.81974029541016
276,276,2,draft|draft_verify,34.509897232055664,49.533843994140625,0.0,187.0,9.0,55.336800000000004,55.336800000000004,84.10374842619629,46.740252820874026
276,276,3,draft|draft_verify,239.3786907196045,58.54439735412598,0.0,196.0,65.0,408.1976,408.1976,297.9831400737305,239.3786907196045
276,276,4,draft|draft_verify,130.66434860229492,59.4940185546875,0.0,261.0,34.0,217.17759999999998,217.17759999999998,190.21839435698243,130.66434860229492
276,276,5,draft|draft_verify|target|target_rescue_verify,142.6684856414795,162.30106353759766,1262.9120349884033,295.0,37.0,239.4664,1262.9120349884033,1567.9416137674805,1262.9120349884033
276,276,6,draft|draft_verify,123.7032413482666,101.91798210144043,0.0,353.0,32.0,211.1336,211.1336,225.68124904970705,123.7032413482666
276,276,7,draft|draft_verify,183.8674545288086,140.81239700317383,0.0,385.0,48.0,321.6552,321.6552,324.7398899319824,183.8674545288086
276,276,8,draft|draft_verify,92.76437759399414,124.36413764953613,0.0,433.0,23.0,155.4896,279.9137560495361,217.18853364353026,265.29659145270995
277,277,1,draft|draft_verify,387.3591423034668,51.43570899963379,0.0,119.0,107.0,658.0640000000001,387.3591423034668,438.85493690310057,387.3591423034668
277,277,2,draft|draft_verify,210.65974235534668,59.241533279418945,0.0,226.0,55.0,348.55359999999996,348.55359999999996,269.96131963476563,210.65974235534668
277,277,3,draft|draft_verify,360.3818416595459,91.55559539794922,0.0,281.0,95.0,619.4096000000001,619.4096000000001,451.9975130574951,360.3818416595459
277,277,4,draft|draft_verify,81.35223388671875,91.30287170410156,0.0,376.0,20.0,132.4016,223.76448770410155,172.71512159082033,182.97855910205078
278,278,1,draft|draft_verify,69.41437721252441,51.280975341796875,0.0,212.0,18.0,112.33680000000001,69.41437721252441,120.75536695432129,69.41437721252441
278,278,2,draft|draft_verify,55.556297302246094,59.18526649475098,0.0,230.0,15.0,94.08000000000001,94.08000000000001,114.80157579699707,55.556297302246094
278,278,3,draft|draft_verify,219.8050022125244,61.125993728637695,0.0,245.0,58.0,370.4032,370.4032,280.99104234116214,219.8050022125244
278,278,4,draft|draft_verify,70.27387619018555,76.57074928283691,0.0,303.0,18.0,116.04960000000001,116.04960000000001,146.90463987302246,70.27387619018555
278,278,5,draft|draft_verify,266.40892028808594,93.06573867797852,0.0,321.0,69.0,454.0776,454.0776,359.5347141660645,266.40892028808594
278,278,6,draft|draft_verify,113.90876770019531,92.80633926391602,0.0,390.0,29.0,193.6424,193.6424,206.77513016411132,113.90876770019531
278,278,7,draft|draft_verify,59.67211723327637,124.65524673461914,0.0,419.0,15.0,100.4304,100.4304,184.3873759678955,92.86636246391602
278,278,8,draft|draft_verify,99.9455451965332,125.3519058227539,0.0,434.0,26.0,176.06,176.06,225.35747181928713,124.71525873461914
278,278,9,draft|draft_verify,43.45297813415527,124.87077713012695,0.0,460.0,11.0,74.312,125.41192662275391,168.38376406428222,125.41192662275391
278,278,10,draft|draft_verify,43.81084442138672,125.17476081848145,0.0,471.0,11.0,74.576,124.93078593012696,169.04561403986816,124.93078593012696
278,278,11,draft|draft_verify,66.28227233886719,125.7021427154541,0.0,482.0,17.0,116.4152,125.23476961848145,192.04442865432128,125.23476961848145
278,278,12,draft|draft_verify|target|target_rescue_verify,37.44649887084961,270.18070220947266,512.6857757568359,499.0,8.0,54.370400000000004,512.6857757568359,820.3729832371582,512.6857757568359
278,278,13,draft|draft_verify,30.925273895263672,142.60530471801758,0.0,517.0,7.0,47.6752,135.09035110473633,173.59058421328126,135.09035110473633
278,278,14,draft|draft_verify|target|target_rescue_verify,32.70721435546875,264.3454074859619,1536.3843441009521,524.0,7.0,47.775999999999996,1536.3843441009521,1833.4969715423829,1536.3843441009521
278,278,15,draft|draft_verify,22.42755889892578,131.1018466949463,0.0,599.0,5.0,34.4744,132.17270374298096,153.58940959387206,132.17270374298096
278,278,16,draft|draft_verify,83.62174034118652,131.0596466064453,0.0,604.0,20.0,142.79840000000002,273.91806260644535,214.74140294763185,262.28151330139156
279,279,1,draft|draft_verify,88.82999420166016,29.870033264160156,0.0,120.0,24.0,145.04639999999998,88.82999420166016,118.76004666582031,88.82999420166016
279,279,2,draft|draft_verify,172.410249710083,49.83401298522949,0.0,144.0,47.0,288.27200000000005,288.27200000000005,222.3043002953125,172.410249710083
279,279,3,draft|draft_verify,214.10274505615234,59.314727783203125,0.0,191.0,59.0,369.35360000000003,369.35360000000003,273.47752003935545,214.10274505615234
279,279,4,draft|draft_verify,275.390625,76.66540145874023,0.0,250.0,71.0,455.504,455.504,352.1160832587402,275.390625
279,279,5,draft|draft_verify,347.0754623413086,92.16451644897461,0.0,321.0,91.0,601.504,601.504,439.3000515902832,347.0754623413086
279,279,6,draft|draft_verify,176.96213722229004,141.54505729675293,0.0,412.0,46.0,311.02000000000004,311.02000000000004,318.567231319043,176.96213722229004
279,279,7,draft|draft_verify,88.43684196472168,124.96185302734375,0.0,458.0,22.0,149.9176,274.9394706273437,213.4587125920654,266.6269647240967
280,280,1,draft|draft_verify,75.45661926269531,28.58591079711914,0.0,118.0,20.0,120.63680000000001,75.45661926269531,104.10254605981446,75.45661926269531
280,280,2,draft|draft_verify,180.6161403656006,45.61972618103027,0.0,138.0,49.0,299.98,299.98,226.29590574663086,180.6161403656006
280,280,3,draft|draft_verify,64.20779228210449,49.26657676696777,0.0,187.0,17.0,105.0872,105.0872,113.53438264907227,64.20779228210449
280,280,4,draft|draft_verify,172.48916625976562,59.33809280395508,0.0,204.0,46.0,288.55600000000004,288.55600000000004,231.8872958637207,172.48916625976562
280,280,5,draft|draft_verify|target|target_rescue_verify,284.52014923095703,144.5024013519287,803.8909435272217,250.0,74.0,475.0424,803.8909435272217,1232.9735533101075,803.8909435272217
280,280,6,draft|draft_verify,249.17316436767578,85.91961860656738,0.0,286.0,63.0,408.864,408.864,335.1528333742432,249.17316436767578
280,280,7,draft|draft_verify,191.47324562072754,102.54955291748047,0.0,349.0,51.0,337.68,337.68,294.08283933820803,191.47324562072754
280,280,8,draft|draft_verify,105.7744026184082,123.37899208068848,0.0,400.0,27.0,180.78240000000002,304.2214136806885,229.21341629909668,229.21341629909668
281,281,1,draft|draft_verify,109.68518257141113,29.857873916625977,0.0,97.0,30.0,179.9952,109.68518257141113,139.6030804880371,109.68518257141113
281,281,2,draft|draft_verify,643.8360214233398,60.0893497467041,0.0,127.0,173.0,1081.1528,1081.1528,703.985509570044,643.8360214233398
281,281,3,draft|draft_verify,265.0327682495117,76.82108879089355,0.0,300.0,70.0,457.276,457.276,341.91391304040525,265.0327682495117
281,281,4,draft|draft_verify,340.50536155700684,133.2404613494873,0.0,370.0,90.0,605.244,605.244,473.80589490649413,340.50536155700684
281,281,5,draft|draft_verify,65.06061553955078,132.18045234680176,0.0,460.0,16.0,108.688,265.54099849628903,197.30108068635252,265.54099849628903
282,282,1,draft|draft_verify,117.02895164489746,60.15419960021973,0.0,278.0,30.0,192.5928,117.02895164489746,177.2431752451172,117.02895164489746
282,282,2,draft|draft_verify|target|target_rescue_verify,372.21837043762207,184.78989601135254,1581.117868423462,308.0,99.0,652.344,1581.117868423462,2138.1862140724365,1581.117868423462
282,282,3,draft|draft_verify|target|target_rescue_verify,285.5947017669678,271.5120315551758,1295.3310012817383,382.0,75.0,505.0032,1295.3310012817383,1852.4977946038819,1295.3310012817383
282,282,4,draft|draft_verify|target|target_rescue_verify,256.75463676452637,263.4909152984619,1069.7124004364014,445.0,68.0,467.3432,1069.7124004364014,1590.0180068993895,1069.7124004364014
282,282,5,draft|draft_verify|target|target_rescue_verify,208.82534980773926,284.5923900604248,948.5282897949219,497.0,50.0,348.3872,948.5282897949219,1442.0060696630858,948.5282897949219
282,282,6,draft|draft_verify,382.65037536621094,130.7368278503418,0.0,543.0,100.0,714.8968,714.8968,513.4472832165527,382.65037536621094
282,282,7,draft|draft_verify,234.9412441253662,151.24106407165527,0.0,643.0,59.0,432.27200000000005,432.27200000000005,386.24235539702147,234.9412441253662
282,282,8,draft|draft_verify,153.25689315795898,152.74810791015625,0.0,702.0,38.0,282.14480000000003,282.14480000000003,306.0650314681152,153.25689315795898
282,282,9,draft|draft_verify,137.9077434539795,154.0532112121582,0.0,740.0,33.0,247.5192,401.63243761215824,292.02098106613767,306.92137592231444
283,283,1,draft|draft_verify,168.6868667602539,51.21946334838867,0.0,191.0,45.0,280.8456,168.6868667602539,219.96636610864257,168.6868667602539
283,283,2,draft|draft_verify|target|target_rescue_verify,317.9950714111328,144.7584629058838,936.2256526947021,236.0,81.0,518.028,936.2256526947021,1399.0392518117187,936.2256526947021
283,283,3,draft|draft_verify|target|target_rescue_verify,199.99957084655762,189.3484592437744,1948.5750198364258,279.0,49.0,316.2232,1948.5750198364258,2337.983089126758,1948.5750198364258
283,283,4,draft|draft_verify,209.32936668395996,103.26981544494629,0.0,375.0,54.0,361.0944,361.0944,312.65922532890625,209.32936668395996
283,283,5,draft|draft_verify,709.6190452575684,128.44443321228027,0.0,429.0,178.0,1241.7664,1241.7664,838.1236208698487,709.6190452575684
283,283,6,draft|draft_verify,130.37538528442383,130.33485412597656,0.0,607.0,32.0,230.0312,360.4260797259766,260.7702650104004,260.7702650104004
284,284,1,draft|draft_verify,81.02846145629883,21.602869033813477,0.0,91.0,21.0,125.412,81.02846145629883,102.6913472901123,81.02846145629883
284,284,2,draft|draft_verify,162.9941463470459,30.542612075805664,0.0,112.0,44.0,266.3888,266.3888,193.59679362285155,162.9941463470459
284,284,3,draft|draft_verify|target|target_rescue_verify,127.10976600646973,107.30290412902832,1008.3637237548828,156.0,34.0,208.8616,1008.3637237548828,1242.8364210903808,1008.3637237548828
284,284,4,draft|draft_verify,341.5853977203369,67.74210929870605,0.0,204.0,91.0,576.232,576.232,409.38757981904297,341.5853977203369
284,284,5,draft|draft_verify,225.80480575561523,86.26461029052734,0.0,295.0,59.0,383.8304,383.8304,312.12946324614256,225.80480575561523
284,284,6,draft|draft_verify,205.37447929382324,98.59824180603027,0.0,354.0,53.0,351.70640000000003,351.70640000000003,304.0327634998535,205.37447929382324
284,284,7,draft|draft_verify,200.81639289855957,135.9708309173584,0.0,407.0,49.0,330.9688,466.9996701173584,336.847263015918,336.847263015918
285,285,1,draft|draft_verify,297.14035987854004,50.23765563964844,0.0,140.0,80.0,493.32800000000003,297.14035987854004,347.4380795181885,297.14035987854004
285,285,2,draft|draft_verify|target|target_rescue_verify,413.44308853149414,144.73843574523926,813.7094974517822,220.0,105.0,670.716,813.7094974517822,1371.9511057285156,813.7094974517822
285,285,3,draft|draft_verify|target|target_rescue_verify,273.62728118896484,170.77016830444336,1111.8593215942383,257.0,71.0,456.68,1111.8593215942383,1556.3168278876465,1111.8593215942383
285,285,4,draft|draft_verify|target|target_rescue_verify,299.6706962585449,239.90154266357422,2697.2453594207764,311.0,76.0,499.06,2697.2453594207764,3236.8776591428955,2697.2453594207764
285,285,5,draft|draft_verify|target|target_rescue_verify,225.2063751220703,252.24018096923828,1315.0317668914795,444.0,56.0,383.74399999999997,1315.0317668914795,1792.538367782788,1315.0317668914795
285,285,6,draft|draft_verify|target|target_rescue_verify,103.70373725891113,270.6422805786133,1173.1092929840088,508.0,25.0,173.4808,1173.1092929840088,1547.515330821533,1173.1092929840088
285,285,7,draft|draft_verify,103.58405113220215,127.47550010681152,0.0,565.0,25.0,176.764,304.29952010681154,231.11957123901368,262.8566603961182
286,286,1,draft|draft_verify,173.64192008972168,30.58171272277832,0.0,112.0,46.0,278.62,173.64192008972168,204.2836696125,173.64192008972168
286,286,2,draft|draft_verify,643.6560153961182,77.04758644104004,0.0,158.0,165.0,1041.7608,1041.7608,720.7637338371582,643.6560153961182
286,286,3,draft|draft_verify|target|target_rescue_verify,1070.5840587615967,231.30464553833008,1199.1217136383057,323.0,265.0,1809.7048,1925.417334769165,2501.0706299382327,1199.1217136383057
286,286,4,draft|draft_verify,252.61974334716797,125.10895729064941,0.0,378.0,63.0,422.5536,422.5536,377.7887510378174,252.61974334716797
286,286,5,draft|draft_verify,460.235595703125,136.78717613220215,0.0,441.0,116.0,803.5640000000001,803.5640000000001,597.0828646353272,460.235595703125
286,286,6,draft|draft_verify,108.3827018737793,127.87771224975586,0.0,557.0,27.0,190.57920000000001,190.57920000000001,236.32043572353516,136.84726893220216
286,286,7,draft|draft_verify,191.24674797058105,129.61244583129883,0.0,584.0,50.0,358.6184,358.6184,320.91923380187984,191.24674797058105
286,286,8,draft|draft_verify,77.8815746307373,131.8955421447754,0.0,634.0,19.0,136.8592,268.8147573447754,209.8371319755127,261.62804317607424
287,287,1,draft|draft_verify,244.0512180328369,30.529022216796875,0.0,89.0,67.0,403.98400000000004,244.0512180328369,274.6402938496338,244.0512180328369
287,287,2,draft|draft_verify,73.49061965942383,30.7464599609375,0.0,156.0,20.0,122.3696,122.3696,104.29709562036133,73.49061965942383
287,287,3,draft|draft_verify|target|target_rescue_verify,198.4102725982666,119.14324760437012,1410.4588031768799,176.0,55.0,342.0736,1410.4588031768799,1728.0723673795167,1410.4588031768799
287,287,4,draft|draft_verify,79.8788070678711,67.89302825927734,0.0,244.0,21.0,132.756,132.756,147.83185212714844,79.8788070678711
287,287,5,draft|draft_verify,261.1696720123291,87.11695671081543,0.0,265.0,69.0,444.9384,444.9384,348.34668392314455,261.1696720123291
287,287,6,draft|draft_verify,85.51526069641113,86.89093589782715,0.0,334.0,21.0,137.076,224.02695269782714,172.46621339423828,174.12796460864257
288,288,1,draft|draft_verify,154.9243927001953,50.97246170043945,0.0,186.0,42.0,261.4488,154.9243927001953,205.95688800063476,154.9243927001953
288,288,2,draft|draft_verify,29.88457679748535,59.04674530029297,0.0,228.0,8.0,49.8176,51.03249530043945,88.99132849777831,51.03249530043945
288,288,3,draft|draft_verify,116.12248420715332,60.70089340209961,0.0,236.0,31.0,196.048,196.048,176.88340240925294,116.12248420715332
288,288,4,draft|draft_verify,224.53618049621582,76.89976692199707,0.0,267.0,59.0,379.93280000000004,379.93280000000004,301.4959946182129,224.53618049621582
288,288,5,draft|draft_verify,65.51194190979004,77.15106010437012,0.0,326.0,17.0,110.4248,110.4248,142.72301561416015,76.95981412199707
288,288,6,draft|draft_verify,168.53904724121094,92.48828887939453,0.0,343.0,44.0,290.228,290.228,261.0873713206055,168.53904724121094
288,288,7,draft|draft_verify,167.8624153137207,124.25017356872559,0.0,387.0,44.0,294.7688,294.7688,292.1726240824463,167.8624153137207
288,288,8,draft|draft_verify,205.69658279418945,125.69546699523926,0.0,431.0,49.0,333.73359999999997,333.73359999999997,331.4520889894287,205.69658279418945
288,288,9,draft|draft_verify,43.87998580932617,126.24406814575195,0.0,480.0,10.0,67.876,125.75550619523926,170.18406195507814,125.75550619523926
288,288,10,draft|draft_verify,237.46275901794434,136.4462375640869,0.0,490.0,56.0,389.816,389.816,373.96904138203126,237.46275901794434
288,288,11,draft|draft_verify,39.19482231140137,127.46119499206543,0.0,546.0,9.0,62.229600000000005,136.5062823640869,166.7160245034668,136.5062823640869
288,288,12,draft|draft_verify,159.9421501159668,127.46310234069824,0.0,555.0,38.0,269.0912,269.0912,287.465282856665,159.9421501159668
288,288,13,draft|draft_verify,23.589611053466797,128.05795669555664,0.0,593.0,5.0,34.4168,127.52313274069824,151.70757174902343,127.52313274069824
288,288,14,draft|draft_verify|target|target_rescue_verify,194.03409957885742,264.0876770019531,1139.4007205963135,598.0,46.0,331.108,1139.4007205963135,1597.582533977124,1139.4007205963135
288,288,15,draft|draft_verify,70.00732421875,130.85675239562988,0.0,647.0,15.0,108.09120000000001,132.04383850097656,200.92408861437988,132.04383850097656
288,288,16,draft|draft_verify|target|target_rescue_verify,142.88878440856934,303.1461238861084,555.4604530334473,662.0,32.0,234.1232,555.4604530334473,1001.555386928125,555.4604530334473
288,288,17,draft|draft_verify,30.185461044311523,150.97332000732422,0.0,688.0,7.0,50.1376,151.5730619430542,181.21878665163575,151.5730619430542
288,288,18,draft|draft_verify,75.04677772521973,152.14037895202637,0.0,695.0,19.0,139.49439999999998,151.03332560732423,227.2471718772461,151.03332560732423
288,288,19,draft|draft_verify,43.93291473388672,152.3721218109131,0.0,714.0,11.0,80.408,152.20039415202638,196.3650453447998,152.20039415202638
288,288,20,draft|draft_verify|target|target_rescue_verify,112.50066757202148,307.16848373413086,754.1494369506836,725.0,29.0,216.1544,754.1494369506836,1173.8786114568359,754.1494369506836
288,288,21,draft|draft_verify,45.771121978759766,154.0985107421875,0.0,761.0,11.0,81.536,153.58424186706543,199.92964152094726,153.58424186706543
288,288,22,draft|draft_verify,86.7152214050293,173.42472076416016,0.0,772.0,22.0,165.7432,165.7432,260.19995976918943,154.1585195421875
288,288,23,draft|draft_verify,29.115676879882812,174.58057403564453,0.0,794.0,6.0,44.004,348.1253171998047,203.75625571552735,348.1253171998047
289,289,1,draft|draft_verify,126.00541114807129,30.445337295532227,0.0,97.0,34.0,204.1888,126.00541114807129,156.5107756436035,126.00541114807129
289,289,2,draft|draft_verify,119.31896209716797,29.990196228027344,0.0,131.0,31.0,188.488,188.488,149.36918312519532,119.31896209716797
289,289,3,draft|draft_verify,101.93061828613281,49.642086029052734,0.0,162.0,27.0,165.93120000000002,165.93120000000002,151.63272591518555,101.93061828613281
289,289,4,draft|draft_verify,195.18113136291504,56.90288543701172,0.0,189.0,50.0,312.1664,312.1664,252.14405679992674,195.18113136291504
289,289,5,draft|draft_verify,230.65829277038574,59.92484092712402,0.0,239.0,61.0,388.948,388.948,290.64318249750977,230.65829277038574
289,289,6,draft|draft_verify,128.9677619934082,75.55651664733887,0.0,300.0,34.0,220.2664,220.2664,204.58430584074708,128.9677619934082
289,289,7,draft|draft_verify,126.84178352355957,91.50385856628418,0.0,334.0,32.0,209.72,301.28388416628417,218.40566768984377,218.40566768984377
290,290,1,draft|draft_verify,263.92292976379395,30.310392379760742,0.0,95.0,69.0,417.1944,263.92292976379395,294.2933773435547,263.92292976379395
290,290,2,draft|draft_verify|target|backtracking_verify,628.9138793945312,145.80607414245605,2537.998914718628,164.0,163.0,1031.0704,2537.998914718628,3312.7789986556154,2537.998914718628
290,290,3,draft|draft_verify|target|target_rescue_verify,1006.7892074584961,415.10987281799316,3095.079183578491,616.0,257.0,1932.6008000000002,3791.5330020027404,4517.03846945498,3302.634119987488
290,290,4,draft|draft_verify|target|target_rescue_verify,313.3890628814697,341.630220413208,1250.3855228424072,764.0,79.0,603.8752,1250.3855228424072,1905.464869337085,1250.3855228424072
290,290,5,draft|draft_verify|target|target_rescue_verify,792.7632331848145,425.3082275390625,2716.869831085205,865.0,208.0,1675.3192,2716.869831085205,3935.001458209082,2716.869831085205
290,290,6,draft|draft_verify|target|target_rescue_verify,206.64238929748535,268.89896392822266,1894.7103023529053,538.0,54.0,381.82800000000003,1894.7103023529053,2370.3116987786134,1894.7103023529053
290,290,7,draft|draft_verify|target|target_rescue_verify,310.3926181793213,309.1299533843994,1438.8952255249023,629.0,81.0,593.4839999999999,1438.8952255249023,2058.477861888623,1438.8952255249023
290,290,8,draft|draft_verify,451.8144130706787,165.50970077514648,0.0,699.0,118.0,890.1664000000001,890.1664000000001,617.3842082458252,451.8144130706787
290,290,9,draft|draft_verify,582.960844039917,199.3274688720703,0.0,817.0,151.0,1188.04,1188.04,782.3484337119874,582.960844039917
290,290,10,draft|draft_verify,230.24702072143555,199.44143295288086,0.0,968.0,58.0,469.3096,469.3096,429.74850007431644,230.24702072143555
290,290,11,draft|draft_verify,71.91061973571777,208.73618125915527,0.0,1026.0,17.0,137.3048,408.2976742120361,280.70681459487304,408.2976742120361
291,291,1,draft|draft_verify,242.77925491333008,31.08501434326172,0.0,119.0,63.0,384.0144,242.77925491333008,273.9243196565918,242.77925491333008
291,291,2,draft|draft_verify,440.11640548706055,60.577392578125,0.0,182.0,113.0,712.7288,712.7288,500.7538884651855,440.11640548706055
291,291,3,draft|draft_verify,426.1739253997803,91.42279624938965,0.0,295.0,109.0,716.2503999999999,716.2503999999999,517.6568088491699,426.1739253997803
291,291,4,draft|draft_verify,167.20294952392578,122.82490730285645,0.0,404.0,43.0,289.7104,289.7104,290.08789122678223,167.20294952392578
291,291,5,draft|draft_verify,85.2663516998291,124.09377098083496,0.0,447.0,21.0,142.5,266.65378778083493,209.42013948066406,247.0387294836914
292,292,1,draft|draft_verify,169.57712173461914,30.669212341308594,0.0,124.0,44.0,267.6272,169.57712173461914,200.30636927592772,169.57712173461914
292,292,2,draft|draft_verify,132.05265998840332,49.40390586853027,0.0,168.0,35.0,216.0368,216.0368,181.51659385693358,132.05265998840332
292,292,3,draft|draft_verify|target|target_rescue_verify,855.6342124938965,144.17362213134766,412.1739864349365,203.0,215.0,1393.5728000000001,1465.719783065674,1412.0419930601806,927.7811955595703
292,292,4,draft|draft_verify,130.67889213562012,59.02504920959473,0.0,220.0,35.0,220.28,220.28,189.76396934521483,130.67889213562012
292,292,5,draft|draft_verify|target|target_rescue_verify,356.7194938659668,164.872407913208,1112.7941608428955,255.0,92.0,593.8184,1112.7941608428955,1634.4461362220704,1112.7941608428955
292,292,6,draft|draft_verify|target|target_rescue_verify,190.94252586364746,184.50164794921875,1233.335256576538,309.0,49.0,319.6792,1233.335256576538,1608.8394695894044,1233.335256576538
292,292,7,draft|draft_verify,174.17645454406738,92.69976615905762,0.0,369.0,45.0,299.6424,299.6424,266.93625670312497,174.17645454406738
292,292,8,draft|draft_verify,170.6709861755371,124.94492530822754,0.0,414.0,44.0,297.5552,297.5552,295.67594668376466,170.6709861755371
292,292,9,draft|draft_verify,82.46898651123047,123.9018440246582,0.0,458.0,20.0,136.1408,260.10266002465823,206.4308465358887,248.96682053288575
293,293,1,draft|draft_verify,186.71536445617676,31.029462814331055,0.0,116.0,50.0,303.5816,186.71536445617676,217.8048672705078,186.71536445617676
293,293,2,draft|draft_verify,89.25080299377441,48.99954795837402,0.0,166.0,24.0,147.5856,147.5856,138.31037015214844,89.25080299377441
293,293,3,draft|draft_verify,119.51279640197754,49.462080001831055,0.0,190.0,32.0,199.0064,199.0064,169.0349020038086,119.51279640197754
293,293,4,draft|draft_verify|target|target_rescue_verify,127.14815139770508,146.2869644165039,1768.9950466156006,222.0,34.0,214.0888,1768.9950466156006,2042.4901896298095,1768.9950466156006
293,293,5,draft|draft_verify,57.44576454162598,84.63573455810547,0.0,307.0,14.0,90.1568,90.1568,142.14151029973144,73.14348220825195
293,293,6,draft|draft_verify,116.69135093688965,76.16662979125977,0.0,321.0,29.0,189.00560000000002,265.23225299125977,192.9180039281494,192.9180039281494
294,294,1,draft|draft_verify,268.68700981140137,59.697628021240234,0.0,195.0,72.0,452.6424,268.68700981140137,328.4446954326416,268.68700981140137
294,294,2,draft|draft_verify|target|backtracking_verify,322.6313591003418,166.14460945129395,1974.421501159668,267.0,85.0,550.2952,1974.421501159668,2463.2575377113035,1974.421501159668
294,294,3,draft|draft_verify|target|target_rescue_verify,2147.0303535461426,418.5624122619629,1588.672399520874,716.0,557.0,4524.2408,4733.582451730981,4154.32561092898,2356.372005277124
294,294,4,draft|draft_verify,368.36695671081543,141.84927940368652,0.0,441.0,96.0,662.5319999999999,662.5319999999999,510.27631291450194,368.36695671081543
294,294,5,draft|draft_verify|target|target_rescue_verify,502.117395401001,258.38470458984375,1076.629400253296,537.0,132.0,947.2632000000001,1076.629400253296,1837.1916058441407,1076.629400253296
294,294,6,draft|draft_verify|target|target_rescue_verify,617.497444152832,280.79676628112793,516.01243019104,587.0,164.0,1203.0728,1343.5313143405638,1414.366771825,757.955958493396
294,294,7,draft|draft_verify,388.60177993774414,152.57668495178223,0.0,611.0,95.0,693.8576,693.8576,541.2385408895263,388.60177993774414
294,294,8,draft|draft_verify|target|target_rescue_verify,246.98758125305176,304.72731590270996,765.4457092285156,706.0,65.0,486.5336,765.4457092285156,1317.2206583842774,765.4457092285156
294,294,9,draft|draft_verify|target|backtracking_verify,27.21381187438965,367.2628402709961,4684.9610805511475,742.0,6.0,43.379999999999995,4684.9610805511475,5079.497737496533,4684.9610805511475
294,294,10,draft|draft_verify|target|target_rescue_verify,298.80762100219727,566.1907196044922,4710.67214012146,1722.0,77.0,763.0952,4710.67214012146,5575.73054232815,4710.67214012146
294,294,11,draft|draft_verify,44.5399284362793,199.7687816619873,0.0,994.0,10.0,78.97840000000001,482.92414946423344,244.3687180982666,482.92414946423344
295,295,1,draft|draft_verify,127.46429443359375,29.58083152770996,0.0,127.0,35.0,212.6912,127.46429443359375,157.1051539613037,127.46429443359375
295,295,2,draft|draft_verify,159.45935249328613,49.16524887084961,0.0,162.0,44.0,271.5488,271.5488,208.68463656413573,159.45935249328613
295,295,3,draft|draft_verify,225.5268096923828,60.05358695983887,0.0,206.0,62.0,390.5768,390.5768,285.6404462522217,225.5268096923828
295,295,4,draft|draft_verify|target|target_rescue_verify,275.9077548980713,163.15054893493652,1872.2944259643555,268.0,73.0,471.6376,1872.2944259643555,2311.412788197363,1872.2944259643555
295,295,5,draft|draft_verify,461.87591552734375,137.3918056488037,0.0,357.0,118.0,794.1328000000001,794.1328000000001,599.3278155761475,461.87591552734375
295,295,6,draft|draft_verify,123.16513061523438,125.6256103515625,0.0,475.0,32.0,220.2104,220.2104,248.8507665667969,137.4519000488037
295,295,7,draft|draft_verify,39.540767669677734,125.59342384338379,0.0,507.0,9.0,61.4808,251.33906699494628,165.19419871306152,251.33906699494628
296,296,1,draft|draft_verify,156.7850112915039,30.79819679260254,0.0,114.0,42.0,254.364,156.7850112915039,187.64324168410644,156.7850112915039
296,296,2,draft|draft_verify,237.41507530212402,50.208330154418945,0.0,156.0,64.0,395.7856,395.7856,287.68345665654294,237.41507530212402
296,296,3,draft|draft_verify,417.1721935272217,76.70903205871582,0.0,220.0,109.0,696.8104,696.8104,493.9413127859375,417.1721935272217
296,296,4,draft|draft_verify,379.8177242279053,92.10944175720215,0.0,329.0,94.0,623.4832,623.4832,471.98724118510745,379.8177242279053
296,296,5,draft|draft_verify|target|target_rescue_verify,109.32731628417969,262.85815238952637,1855.860710144043,423.0,27.0,182.2176,1855.860710144043,2228.1062004177493,1855.860710144043
296,296,6,draft|draft_verify,109.05218124389648,141.6468620300293,0.0,508.0,27.0,187.5216,329.2284836300293,250.75906487392578,273.1359598247925
297,297,1,draft|draft_verify,419.00157928466797,60.20808219909668,0.0,137.0,113.0,700.6328,419.00157928466797,479.2697518837646,419.00157928466797
297,297,2,draft|draft_verify|target|target_rescue_verify,385.45918464660645,146.02947235107422,950.5517482757568,250.0,95.0,612.416,950.5517482757568,1482.1004812734375,950.5517482757568
297,297,3,draft|draft_verify|target|target_rescue_verify,169.25454139709473,172.69515991210938,1355.942726135254,294.0,44.0,285.1712,1355.942726135254,1697.9524626444581,1355.942726135254
297,297,4,draft|draft_verify,159.013032913208,102.65588760375977,0.0,360.0,41.0,271.868,271.868,261.72895331696776,159.013032913208
297,297,5,draft|draft_verify,441.09272956848145,126.24692916870117,0.0,401.0,116.0,792.524,792.524,567.3997515371826,441.09272956848145
297,297,6,draft|draft_verify|target|target_rescue_verify,194.11110877990723,268.3825492858887,529.5782089233398,517.0,50.0,350.7392,529.5782089233398,992.1319069891357,529.5782089233398
297,297,7,draft|draft_verify,144.05131340026855,126.40547752380371,0.0,540.0,37.0,260.63439999999997,260.63439999999997,270.5168205240723,144.05131340026855
297,297,8,draft|draft_verify,78.78947257995605,125.47826766967773,0.0,577.0,20.0,141.5672,141.5672,204.3277562496338,126.4655071238037
297,297,9,draft|draft_verify,142.52471923828125,130.0191879272461,0.0,597.0,37.0,265.5592,265.5592,272.60393676552735,142.52471923828125
297,297,10,draft|draft_verify,82.58795738220215,130.20968437194824,0.0,634.0,20.0,144.1664,274.4361003719482,212.8576577541504,260.34891789919436
298,298,1,draft|draft_verify,102.53167152404785,21.15178108215332,0.0,74.0,27.0,160.44000000000003,102.53167152404785,123.74347420620117,102.53167152404785
298,298,2,draft|draft_verify,432.833194732666,50.554752349853516,0.0,101.0,115.0,703.4656,703.4656,483.44803908251953,432.833194732666
298,298,3,draft|draft_verify,470.36027908325195,77.53825187683105,0.0,216.0,123.0,787.2719999999999,787.2719999999999,547.958629360083,470.36027908325195
298,298,4,draft|draft_verify|target|target_rescue_verify,1808.5358142852783,309.47065353393555,3699.6169090270996,339.0,462.0,3282.5280000000002,3699.6169090270996,5817.683746446313,3699.6169090270996
298,298,5,draft|draft_verify|target|target_rescue_verify,515.3355598449707,271.90160751342773,2449.033260345459,518.0,135.0,963.1967999999999,2449.033260345459,3236.3305357038575,2449.033260345459
298,298,6,draft|draft_verify|target|target_rescue_verify,259.04178619384766,282.8788757324219,680.1683902740479,638.0,67.0,490.9456,680.1683902740479,1222.1491058003173,680.1683902740479
298,298,7,draft|draft_verify,116.93477630615234,151.71217918395996,0.0,670.0,29.0,212.4584,364.23060238396,268.7069786901123,293.2116402501709
299,299,1,draft|draft_verify,314.0871524810791,31.310558319091797,0.0,95.0,82.0,497.1184,314.0871524810791,345.45777640017087,314.0871524810791
299,299,2,draft|draft_verify,53.43294143676758,50.11558532714844,0.0,177.0,14.0,86.10079999999999,86.10079999999999,103.608537963916,53.43294143676758
299,299,3,draft|draft_verify,32.076120376586914,49.982547760009766,0.0,191.0,8.0,49.196,50.175596527148436,82.11867453659667,50.175596527148436
299,299,4,draft|draft_verify,46.957969665527344,49.730777740478516,0.0,199.0,12.0,74.292,74.292,96.74875700600586,50.042554160009765
299,299,5,draft|draft_verify|target|target_rescue_verify,237.5354766845703,127.41613388061523,1639.5468711853027,211.0,63.0,397.704,1639.5468711853027,2004.5585321504882,1639.5468711853027
299,299,6,draft|draft_verify,96.31133079528809,85.48212051391602,0.0,289.0,24.0,154.37519999999998,154.37519999999998,181.8534705092041,96.31133079528809
299,299,7,draft|draft_verify,209.3813419342041,98.5410213470459,0.0,313.0,54.0,353.208,353.208,307.98240648125,209.3813419342041
299,299,8,draft|draft_verify,134.11664962768555,95.81995010375977,0.0,367.0,33.0,218.8728,218.8728,229.9966261314453,134.11664962768555
299,299,9,draft|draft_verify,140.11335372924805,132.34210014343262,0.0,400.0,36.0,241.752,241.752,272.51548267268066,140.11335372924805
299,299,10,draft|draft_verify|target|target_rescue_verify,254.81200218200684,251.1296272277832,651.4244079589844,436.0,67.0,458.9488,651.4244079589844,1157.4260909687744,651.4244079589844
299,299,11,draft|draft_verify,239.5029067993164,142.0154571533203,0.0,465.0,63.0,435.4992,435.4992,381.57841435263674,239.5029067993164
299,299,12,draft|draft_verify,132.38048553466797,126.66916847229004,0.0,528.0,33.0,231.23760000000001,231.23760000000001,259.109680406958,142.0755075533203
299,299,13,draft|draft_verify,145.2157497406006,126.95598602294922,0.0,561.0,36.0,255.276,255.276,272.2317645635498,145.2157497406006
299,299,14,draft|draft_verify,160.68220138549805,130.8283805847168,0.0,597.0,42.0,301.8912,301.8912,291.57061557021484,160.68220138549805
299,299,15,draft|draft_verify,246.9024658203125,151.96657180786133,0.0,639.0,63.0,461.3904,461.3904,398.92908802817385,246.9024658203125
299,299,16,draft|draft_verify,131.63137435913086,153.0756950378418,0.0,702.0,33.0,244.60080000000002,244.60080000000002,284.7670957969726,152.02662220786132
299,299,17,draft|draft_verify,138.37146759033203,154.0243625640869,0.0,735.0,36.0,269.892,269.892,292.45585895441894,153.1357214378418
299,299,18,draft|draft_verify,162.19639778137207,173.57516288757324,0.0,771.0,42.0,319.01279999999997,319.01279999999997,335.8315942689453,162.19639778137207
299,299,19,draft|draft_verify,246.98925018310547,177.53338813781738,0.0,813.0,63.0,487.2816,487.2816,424.5826887209229,246.98925018310547
299,299,20,draft|draft_verify,127.91967391967773,177.5221824645996,0.0,876.0,33.0,257.964,257.964,305.5018827842773,177.59343853781738
299,299,21,draft|draft_verify,140.3961181640625,199.06854629516602,0.0,909.0,36.0,284.50800000000004,284.50800000000004,339.5246932592285,177.5822088645996
299,299,22,draft|draft_verify,165.82679748535156,201.27439498901367,0.0,945.0,42.0,336.1344,336.1344,367.16122607436523,199.128575095166
299,299,23,draft|draft_verify,195.2974796295166,224.40242767333984,0.0,987.0,50.0,406.01120000000003,630.4736676733398,419.7599473028564,425.79689626235347
300,300,1,draft|draft_verify|target|backtracking_verify,298.1882095336914,82.43441581726074,633.934736251831,151.0,78.0,482.83200000000005,633.934736251831,1014.6174240027832,633.934736251831
300,300,2,draft|draft_verify|target|target_rescue_verify,522.3069190979004,207.72790908813477,2803.919792175293,410.0,138.0,949.6152,2803.919792175293,3534.014730761328,2803.919792175293
300,300,3,draft|draft_verify|target|target_rescue_verify,361.7727756500244,314.7740364074707,1787.275791168213,612.0,93.0,679.2168,1787.275791168213,2463.8826776257083,1787.275791168213
300,300,4,draft|draft_verify|target|backtracking_verify,236.1462116241455,176.53608322143555,611.151933670044,308.0,62.0,405.5096,611.151933670044,1023.894278115625,611.151933670044
300,300,5,draft|draft_verify|target|target_rescue_verify,496.4473247528076,348.3624458312988,1578.0653953552246,707.0,130.0,985.2112000000001,1578.0653953552246,2422.935269939331,1578.0653953552246
300,300,6,draft|draft_verify|target|target_rescue_verify,584.5739841461182,558.574914932251,3884.5760822296143,844.0,154.0,1222.1512,4163.86353969574,5027.785104507983,4163.86353969574
300,300,7,draft|draft_verify|target|target_rescue_verify,649.3053436279297,579.5493125915527,2396.0647583007812,1034.0,161.0,1352.108,2984.862492394055,3624.9795433202635,2685.8394145965576
300,300,8,draft|draft_verify|target|target_rescue_verify,213.41538429260254,254.23216819763184,655.0335884094238,534.0,55.0,388.4704,655.0335884094238,1122.7411848996583,655.0335884094238
300,300,9,draft|draft_verify,72.95036315917969,126.84369087219238,0.0,565.0,17.0,119.60239999999999,254.0197885710083,199.85406763137206,254.0197885710083
301,301,1,draft|draft_verify,166.91923141479492,29.662609100341797,0.0,96.0,45.0,270.8136,166.91923141479492,196.64187651513672,166.91923141479492
301,301,2,draft|draft_verify,202.1183967590332,50.496578216552734,0.0,141.0,52.0,318.92080000000004,318.92080000000004,252.67501657558594,202.1183967590332
301,301,3,draft|draft_verify|target|target_rescue_verify,459.86342430114746,142.1065330505371,1041.2275791168213,193.0,123.0,780.5376,1041.2275791168213,1643.2576348685059,1041.2275791168213
301,301,4,draft|draft_verify|target|target_rescue_verify,734.825611114502,190.2618408203125,1494.5533275604248,242.0,186.0,1216.38,1494.5533275604248,2419.7009282952395,1494.5533275604248
301,301,5,draft|draft_verify,40.47703742980957,86.27104759216309,0.0,315.0,10.0,64.31200000000001,95.13092041015625,126.80809302197267,95.13092041015625
301,301,6,draft|draft_verify|target|target_rescue_verify,676.3622760772705,264.77551460266113,4908.8544845581055,325.0,179.0,1204.5344,4908.8544845581055,5850.052418438037,4908.8544845581055
301,301,7,draft|draft_verify,253.32999229431152,130.57971000671387,0.0,568.0,64.0,458.08,458.08,383.96975350102537,253.32999229431152
301,301,8,draft|draft_verify,112.3654842376709,130.9678554534912,0.0,632.0,29.0,209.90480000000002,209.90480000000002,243.3933628911621,130.63976120671387
301,301,9,draft|draft_verify|target|target_rescue_verify,248.41928482055664,304.701566696167,667.1411991119385,661.0,62.0,457.18879999999996,667.1411991119385,1220.322100228662,667.1411991119385
301,301,10,draft|draft_verify,139.65344429016113,152.0864963531494,0.0,692.0,35.0,258.7952,410.9417243531494,291.79996864331054,304.4973077012329
302,302,1,draft|draft_verify|target|target_rescue_verify,338.1764888763428,119.1263198852539,1650.2995491027832,156.0,92.0,572.1968,1650.2995491027832,2107.66243146438,1650.2995491027832
302,302,2,draft|draft_verify,193.95947456359863,68.44329833984375,0.0,236.0,51.0,324.12,324.12,262.4628137034424,193.95947456359863
302,302,3,draft|draft_verify,137.51769065856934,86.76362037658691,0.0,287.0,36.0,232.26000000000002,232.26000000000002,224.34133983515625,137.51769065856934
302,302,4,draft|draft_verify,95.95203399658203,86.71712875366211,0.0,323.0,25.0,162.8248,162.8248,182.72918275024415,95.95203399658203
302,302,5,draft|draft_verify,69.29206848144531,76.88283920288086,0.0,348.0,18.0,117.88560000000001,117.88560000000001,146.23492208432617,86.7771487536621
302,302,6,draft|draft_verify,299.5128631591797,124.79639053344727,0.0,366.0,79.0,529.3696,529.3696,424.36931689262695,299.5128631591797
302,302,7,draft|draft_verify,112.78891563415527,124.55058097839355,0.0,445.0,29.0,197.3384,197.3384,237.39951981254882,124.85645373344727
302,302,8,draft|draft_verify,160.16244888305664,125.7624626159668,0.0,474.0,42.0,289.788,289.788,285.98494509902343,160.16244888305664
302,302,9,draft|draft_verify,74.03349876403809,135.4978084564209,0.0,516.0,19.0,131.7616,131.7616,209.591322420459,125.8224962159668
302,302,10,draft|draft_verify,99.87807273864746,127.06875801086426,0.0,535.0,24.0,167.9544,167.9544,227.00684994951172,135.5578236564209
302,302,11,draft|draft_verify,134.10711288452148,127.82764434814453,0.0,559.0,35.0,247.9424,247.9424,261.994785232666,134.10711288452148
302,302,12,draft|draft_verify,404.3443202972412,152.7853012084961,0.0,594.0,107.0,778.904,778.904,557.1897071057373,404.3443202972412
302,302,13,draft|draft_verify,120.13912200927734,151.83043479919434,0.0,701.0,30.0,222.0336,373.9240587991943,272.0295808084717,304.7358456076904
303,303,1,draft|draft_verify,154.0842056274414,30.207395553588867,0.0,124.0,42.0,255.348,154.0842056274414,184.35163478103027,154.0842056274414
303,303,2,draft|draft_verify,325.4709243774414,59.448957443237305,0.0,166.0,89.0,555.3176,555.3176,384.9799530206787,325.4709243774414
303,303,3,draft|draft_verify|target|target_rescue_verify,194.82946395874023,121.2930679321289,526.7894268035889,255.0,51.0,326.4,526.7894268035889,842.971999494458,526.7894268035889
303,303,4,draft|draft_verify|target|target_rescue_verify,423.3672618865967,190.33217430114746,1354.7890186309814,277.0,104.0,678.2888,1354.7890186309814,1968.5485380187256,1354.7890186309814
303,303,5,draft|draft_verify|target|target_rescue_verify,267.5595283508301,198.58407974243164,1215.8069610595703,343.0,70.0,464.3968,1215.8069610595703,1682.010625152832,1215.8069610595703
303,303,6,draft|draft_verify,225.1436710357666,124.35460090637207,0.0,402.0,59.0,398.7248,398.7248,349.55831914213866,225.1436710357666
303,303,7,draft|draft_verify,88.2425308227539,124.51672554016113,0.0,461.0,23.0,156.96800000000002,156.96800000000002,212.81927476291503,124.41464810637207
303,303,8,draft|draft_verify|target|target_rescue_verify,1967.2157764434814,346.55094146728516,1573.4777450561523,484.0,515.0,3870.8143999999998,4044.150282733642,3887.3048749669188,2140.551659177124
303,303,9,draft|draft_verify,293.48158836364746,134.77683067321777,0.0,560.0,76.0,543.88,543.88,428.3184798368652,293.48158836364746
303,303,10,draft|draft_verify,290.30871391296387,165.08960723876953,0.0,636.0,76.0,557.56,557.56,455.4583819517334,290.30871391296387
303,303,11,draft|draft_verify,289.7820472717285,152.8007984161377,0.0,712.0,76.0,571.24,571.24,442.6429064878662,289.7820472717285
303,303,12,draft|draft_verify,303.45869064331055,181.19287490844727,0.0,788.0,76.0,584.9200000000001,584.9200000000001,484.7116263517578,303.45869064331055
303,303,13,draft|draft_verify,291.83244705200195,198.3621120452881,0.0,864.0,76.0,598.6,598.6,490.25461989729,291.83244705200195
303,303,14,draft|draft_verify,293.1492328643799,200.12688636779785,0.0,940.0,76.0,612.28,612.28,493.3361800321777,293.1492328643799
303,303,15,draft|draft_verify,292.50240325927734,226.11045837402344,0.0,1016.0,76.0,625.96,625.96,518.6729224333008,292.50240325927734
303,303,16,draft|draft_verify,300.30131340026855,237.98394203186035,0.0,1092.0,76.0,639.64,639.64,538.3453162321289,300.30131340026855
303,303,17,draft|draft_verify,297.7032661437988,248.32439422607422,0.0,1168.0,78.0,670.7736,670.7736,546.087722769873,297.7032661437988
303,303,18,draft|draft_verify,299.0717887878418,273.2415199279785,0.0,1246.0,78.0,685.188,685.188,572.3733711158203,299.0717887878418
303,303,19,draft|draft_verify,300.68373680114746,276.67689323425293,0.0,1324.0,78.0,699.6024,699.6024,577.4206924354004,300.68373680114746
303,303,20,draft|draft_verify,92.5450325012207,305.5119514465332,0.0,1402.0,23.0,206.6528,276.7369556342529,398.1170023477539,276.7369556342529
303,303,21,draft|draft_verify,295.0596809387207,311.51795387268066,0.0,1425.0,76.0,699.5799999999999,699.5799999999999,606.6376956114013,305.5719698465332
303,303,22,draft|draft_verify,293.57433319091797,329.0741443634033,0.0,1501.0,76.0,713.26,713.26,622.7085383543213,311.57801467268064
303,303,23,draft|draft_verify,292.752742767334,326.66540145874023,0.0,1577.0,76.0,726.94,726.94,619.4782050260742,329.1342051634033
303,303,24,draft|draft_verify,293.6122417449951,351.1617183685303,0.0,1653.0,76.0,740.62,740.62,644.8340209135254,326.7254622587402
303,303,25,draft|draft_verify,297.4705696105957,387.5281810760498,0.0,1729.0,76.0,754.3,754.3,685.0588114866455,351.22177916853025
303,303,26,draft|draft_verify,293.6716079711914,391.11852645874023,0.0,1805.0,76.0,767.98,767.98,684.8501952299316,387.5882418760498
303,303,27,draft|draft_verify,294.079065322876,402.3447036743164,0.0,1881.0,76.0,781.66,781.66,696.4838297971924,391.1785872587402
303,303,28,draft|draft_verify,298.25448989868164,403.69582176208496,0.0,1957.0,76.0,795.3399999999999,795.3399999999999,702.0103724607666,402.4047644743164
303,303,29,draft|draft_verify,295.4728603363037,420.05395889282227,0.0,2033.0,76.0,809.02,1229.1340196928222,715.586880029126,823.8699022549072
304,304,1,draft|draft_verify,80.1393985748291,30.764102935791016,0.0,108.0,21.0,126.22800000000001,80.1393985748291,110.96351831062012,80.1393985748291
304,304,2,draft|draft_verify,212.2819423675537,46.087026596069336,0.0,129.0,57.0,348.348,348.348,258.429014563623,212.2819423675537
304,304,3,draft|draft_verify,186.12194061279297,57.69228935241699,0.0,186.0,50.0,311.8136,311.8136,243.87426996520995,186.12194061279297
304,304,4,draft|draft_verify,193.29595565795898,59.775590896606445,0.0,236.0,51.0,324.12,324.12,253.13158735456543,193.29595565795898
304,304,5,draft|draft_verify,233.6111068725586,77.10099220275879,0.0,287.0,61.0,395.86,395.86,310.7721478753174,233.6111068725586
304,304,6,draft|draft_verify|target|target_rescue_verify,376.17993354797363,227.308988571167,1100.813865661621,348.0,98.0,654.9416,1100.813865661621,1704.3628661807618,1100.813865661621
304,304,7,draft|draft_verify|target|target_rescue_verify,199.052095413208,268.7079906463623,2493.9868450164795,398.0,52.0,350.37760000000003,2493.9868450164795,2961.8069726760496,2493.9868450164795
304,304,8,draft|draft_verify|target|target_rescue_verify,364.290714263916,309.6177577972412,5017.071723937988,521.0,95.0,673.5536000000001,5017.071723937988,5691.040271999145,5017.071723937988
304,304,9,draft|draft_verify|target|target_rescue_verify,747.0495700836182,418.8656806945801,4010.661840438843,770.0,195.0,1523.2079999999999,4010.661840438843,5176.637247217041,4010.661840438843
304,304,10,draft|draft_verify|target|target_rescue_verify,568.0053234100342,476.1366844177246,3772.2411155700684,968.0,143.0,1175.0816,3772.2411155700684,4816.443237797827,3772.2411155700684
304,304,11,draft|draft_verify|target|target_rescue_verify,371.02389335632324,484.311580657959,557.241678237915,1154.0,90.0,772.7064,1257.078052657959,1412.6372242521973,855.3955460142822
305,305,1,draft|draft_verify,137.80498504638672,30.76457977294922,0.0,133.0,37.0,225.46959999999999,137.80498504638672,168.62959441933594,137.80498504638672
305,305,2,draft|draft_verify,162.2314453125,50.50086975097656,0.0,170.0,44.0,272.3744,272.3744,212.79235026347655,162.2314453125
305,305,3,draft|draft_verify|target|target_rescue_verify,533.9713096618652,145.34235000610352,1305.4802417755127,214.0,141.0,904.932,1305.4802417755127,1984.8540142434813,1305.4802417755127
305,305,4,draft|draft_verify|target|backtracking_verify,376.30772590637207,180.7255744934082,690.4721260070801,276.0,99.0,644.8176,735.2404664467041,1247.5655056068604,690.4721260070801
305,305,5,draft|draft_verify|target|target_rescue_verify,482.3756217956543,360.9480857849121,2058.793067932129,684.0,126.0,947.34,2058.793067932129,2902.176876312695,2058.793067932129
305,305,6,draft|draft_verify|target|backtracking_verify,135.56432723999023,195.08934020996094,755.7539939880371,347.0,35.0,230.6432,755.7539939880371,1086.4676894379882,755.7539939880371
305,305,7,draft|draft_verify|target|target_rescue_verify,489.0158176422119,311.9382858276367,923.0782985687256,765.0,128.0,987.3992000000001,1143.4284453138184,1724.0925044385742,923.0782985687256
305,305,8,draft|draft_verify|target|target_rescue_verify,495.4838752746582,252.39992141723633,1363.9492988586426,426.0,130.0,898.2136,1363.9492988586426,2111.8931995505372,1363.9492988586426
305,305,9,draft|draft_verify|target|target_rescue_verify,690.8950805664062,268.3100700378418,892.758846282959,492.0,182.0,1297.9352000000001,1432.150380618921,1852.024142487207,892.758846282959
305,305,10,draft|draft_verify,239.57061767578125,127.63833999633789,0.0,535.0,62.0,438.7424,438.7424,367.26900727211915,239.57061767578125
305,305,11,draft|draft_verify,213.54341506958008,131.56652450561523,0.0,597.0,56.0,403.94,403.94,345.1699843751953,213.54341506958008
305,305,12,draft|draft_verify,264.42980766296387,152.53376960754395,0.0,653.0,69.0,508.26,508.26,417.02363247050783,264.42980766296387
305,305,13,draft|draft_verify,113.85917663574219,160.36438941955566,0.0,722.0,28.0,208.4128,368.8372118195557,274.28358845529783,313.0182366270996
306,306,1,draft|draft_verify,98.00553321838379,30.23219108581543,0.0,124.0,26.0,157.46,98.00553321838379,128.29774510419924,98.00553321838379
306,306,2,draft|draft_verify,414.461612701416,60.024261474609375,0.0,150.0,113.0,704.1272,704.1272,474.54596457602537,414.461612701416
306,306,3,draft|draft_verify,306.7026138305664,77.17442512512207,0.0,263.0,81.0,523.212,523.212,383.9371037556885,306.7026138305664
306,306,4,draft|draft_verify|target|target_rescue_verify,315.6917095184326,197.84784317016602,1548.9563941955566,344.0,81.0,538.764,1548.9563941955566,2062.5560116841552,1548.9563941955566
306,306,5,draft|draft_verify|target|target_rescue_verify,1234.100580215454,304.23665046691895,3165.36021232605,416.0,325.0,2315.3415999999997,3165.36021232605,4703.757703008423,3165.36021232605
306,306,6,draft|draft_verify|target|target_rescue_verify,587.9795551300049,445.8754062652588,15316.803932189941,572.0,152.0,1107.3152,15316.803932189941,16350.719015185205,15316.803932189941
306,306,7,draft|draft_verify|target|target_rescue_verify,465.0158882141113,555.4594993591309,1628.5498142242432,1332.0,116.0,1049.48,1628.5498142242432,2649.0852945974852,1628.5498142242432
306,306,8,draft|draft_verify,657.2239398956299,328.97090911865234,0.0,1411.0,171.0,1592.112,1921.1430459186524,986.2549858142822,986.2549858142822
307,307,1,draft|draft_verify|target|target_rescue_verify,314.1133785247803,80.81674575805664,528.0609130859375,125.0,86.0,527.912,528.0609130859375,923.0511061687744,528.0609130859375
307,307,2,draft|draft_verify|target|backtracking_verify,249.97615814208984,105.23533821105957,1356.093406677246,149.0,65.0,400.9784,1356.093406677246,1711.3649550303955,1356.093406677246
307,307,3,draft|draft_verify|target|target_rescue_verify,786.9815826416016,305.645227432251,3946.8424320220947,429.0,210.0,1473.2544,4099.66504573822,5039.529410095947,4099.66504573822
307,307,4,draft|draft_verify|target|target_rescue_verify,476.6380786895752,207.7007293701172,2422.9726791381836,299.0,121.0,798.076,2422.9726791381836,3107.371583997876,2422.9726791381836
307,307,5,draft|draft_verify,553.607702255249,153.19013595581055,0.0,418.0,138.0,952.2456,952.2456,706.8579486110596,553.607702255249
307,307,6,draft|draft_verify|target|backtracking_verify,202.03590393066406,268.6927318572998,2304.594039916992,556.0,53.0,376.91600000000005,2304.594039916992,2775.382718104956,2304.594039916992
307,307,7,draft|draft_verify|target|target_rescue_verify,171.98610305786133,304.62074279785156,2343.15824508667,609.0,44.0,317.6792,2343.15824508667,2819.825126142383,2343.15824508667
307,307,8,draft|draft_verify,364.8946285247803,172.346830368042,0.0,722.0,96.0,726.5999999999999,726.5999999999999,537.3015356928222,364.8946285247803
307,307,9,draft|draft_verify,103.41787338256836,173.262357711792,0.0,818.0,27.0,206.86560000000003,206.86560000000003,276.7402526943604,172.40690716804198
307,307,10,draft|draft_verify,92.95129776000977,181.95843696594238,0.0,845.0,23.0,177.2432,359.2616553659424,274.96975312595214,355.3408346777344
308,308,1,draft|draft_verify,132.51185417175293,30.24744987487793,0.0,117.0,36.0,217.98000000000002,132.51185417175293,162.81933284663086,132.51185417175293
308,308,2,draft|draft_verify|target|backtracking_verify,116.42789840698242,97.85580635070801,1533.919334411621,153.0,32.0,196.2536,1533.919334411621,1748.2630647693115,1533.919334411621
308,308,3,draft|draft_verify|target|target_rescue_verify,927.8337955474854,219.651460647583,2320.7004070281982,413.0,234.0,1639.536,2320.7004070281982,3468.2458504232663,2320.7004070281982
308,308,4,draft|draft_verify|target|target_rescue_verify,741.6553497314453,332.0810794830322,2945.7271099090576,549.0,196.0,1427.836,2945.7271099090576,4019.5236959235353,2945.7271099090576
308,308,5,draft|draft_verify|target|target_rescue_verify,691.0998821258545,367.54846572875977,4191.259860992432,794.0,182.0,1429.124,4191.259860992432,5249.968354447046,4191.259860992432
308,308,6,draft|draft_verify,85.56413650512695,91.48526191711426,0.0,393.0,22.0,146.64159999999998,183.77423286437988,177.1094160222412,183.77423286437988
308,308,7,draft|draft_verify,115.35882949829102,123.69227409362793,0.0,415.0,30.0,202.12800000000001,202.12800000000001,239.11112759191894,115.35882949829102
308,308,9,draft|draft_verify,48.71964454650879,125.76651573181152,0.0,502.0,12.0,82.29119999999999,123.75229809362793,174.5461698783203,123.75229809362793
308,308,10,draft|draft_verify,206.0372829437256,126.59764289855957,0.0,514.0,54.0,378.77520000000004,378.77520000000004,332.69496904228515,206.0372829437256
308,308,11,draft|draft_verify,77.99053192138672,127.11000442504883,0.0,568.0,20.0,141.1568,141.1568,205.16055234643557,126.65768609855957
308,308,12,draft|draft_verify,111.73486709594727,128.5412311553955,0.0,588.0,29.0,206.948,206.948,240.33612145134276,127.17002042504883
308,308,13,draft|draft_verify,115.68927764892578,130.64336776733398,0.0,617.0,30.0,216.18720000000002,346.890591767334,246.39266941625976,259.3046461227295
309,309,1,draft|draft_verify,98.33788871765137,30.514955520629883,0.0,110.0,20.0,120.272,98.33788871765137,128.91286023828127,98.33788871765137
309,309,2,draft|draft_verify,148.64587783813477,30.071496963500977,0.0,130.0,39.0,237.4944,237.4944,178.77740600163574,148.64587783813477
309,309,3,draft|draft_verify|target|target_rescue_verify,403.12886238098145,111.26708984375,606.8723201751709,169.0,107.0,670.7840000000001,726.4776305218751,1121.3283579999024,606.8723201751709
309,309,4,draft|draft_verify|target|target_rescue_verify,240.07344245910645,154.94871139526367,2224.0540981292725,197.0,61.0,382.9,2224.0540981292725,2619.1363007836426,2224.0540981292725
309,309,5,draft|draft_verify,455.7969570159912,97.94259071350098,0.0,306.0,114.0,752.8056,752.8056,553.7996389294922,455.7969570159912
309,309,6,draft|draft_verify,347.13029861450195,136.0788345336914,0.0,420.0,84.0,574.1904000000001,574.1904000000001,483.26920034819335,347.13029861450195
309,309,8,draft|draft_verify,441.7388439178467,152.4038314819336,0.0,620.0,115.0,845.4639999999999,845.4639999999999,594.2027673997802,441.7388439178467
309,309,9,draft|draft_verify|target|target_rescue_verify,580.4848670959473,365.41080474853516,1877.7294158935547,735.0,152.0,1166.3863999999999,1877.7294158935547,2823.685209338037,1877.7294158935547
309,309,10,draft|draft_verify,179.90994453430176,175.03809928894043,0.0,826.0,46.0,355.732,355.732,355.0080806232422,182.70540237426758
309,309,11,draft|draft_verify,175.36282539367676,178.07960510253906,0.0,872.0,45.0,352.75919999999996,352.75919999999996,353.5024664962158,175.36282539367676
309,309,12,draft|draft_verify,174.59511756896973,200.21581649780273,0.0,917.0,45.0,357.51120000000003,357.51120000000003,374.87097006677243,178.13964110253906
309,309,13,draft|draft_verify,182.86848068237305,200.42061805725098,0.0,962.0,46.0,370.42,370.42,383.34913553962406,200.27585249780273
309,309,14,draft|draft_verify,180.53650856018066,223.44398498535156,0.0,1008.0,46.0,375.38800000000003,375.38800000000003,404.04053034553226,200.48065485725098
309,309,15,draft|draft_verify,178.99084091186523,227.36144065856934,0.0,1054.0,46.0,380.356,380.356,406.4123183704346,223.50402178535157
309,309,16,draft|draft_verify,179.73899841308594,228.19089889526367,0.0,1100.0,46.0,385.324,385.324,407.98993410834964,227.42147745856934
309,309,17,draft|draft_verify,179.7504425048828,253.99446487426758,0.0,1146.0,46.0,390.29200000000003,390.29200000000003,433.8049441791504,228.25093569526368
309,309,18,draft|draft_verify,185.10890007019043,257.1980953216553,0.0,1192.0,47.0,403.9712,403.9712,442.3670329918457,254.05450167426758
309,309,19,draft|draft_verify,194.59939002990723,259.1567039489746,0.0,1239.0,50.0,435.64639999999997,435.64639999999997,453.8161339788818,257.25813292165526
309,309,20,draft|draft_verify|target|target_rescue_verify,196.29907608032227,555.0336837768555,1163.339376449585,1289.0,50.0,441.52639999999997,1163.339376449585,1914.7321763067625,1163.339376449585
309,309,21,draft|draft_verify,196.8400478363037,277.1172523498535,0.0,1339.0,50.0,447.40639999999996,447.40639999999996,474.0173401861572,277.51684188842773
309,309,22,draft|draft_verify,197.28589057922363,306.4391613006592,0.0,1389.0,50.0,453.28639999999996,453.28639999999996,503.78509187988277,277.17729234985353
309,309,23,draft|draft_verify,196.4406967163086,312.990665435791,0.0,1439.0,50.0,459.16639999999995,459.16639999999995,509.49140215209957,306.4992013006592
309,309,24,draft|draft_verify,196.3520050048828,313.3363723754883,0.0,1489.0,50.0,465.0464,465.0464,509.74841738037105,313.05070543579103
309,309,25,draft|draft_verify,194.94271278381348,331.3484191894531,0.0,1539.0,50.0,470.9264,470.9264,526.3511719732666,313.3964123754883
309,309,26,draft|draft_verify,196.96950912475586,331.5277099609375,0.0,1589.0,50.0,476.8064,476.8064,528.5572590856933,331.40845918945314
309,309,27,draft|draft_verify,197.14784622192383,346.6482162475586,0.0,1639.0,50.0,482.6864,482.6864,543.8561024694824,331.5877499609375
309,309,28,draft|draft_verify,199.55182075500488,356.26888275146484,0.0,1689.0,50.0,488.5664,488.5664,555.8807435064697,346.7082562475586
309,309,29,draft|draft_verify,196.30742073059082,359.8828315734863,0.0,1739.0,50.0,494.4464,494.4464,556.2502923040771,356.32892275146486
309,309,30,draft|draft_verify,206.95734024047852,386.7521286010742,0.0,1789.0,50.0,500.32640000000004,500.32640000000004,593.7695088415527,359.94287157348634
309,309,31,draft|draft_verify,200.09231567382812,389.8816108703613,0.0,1839.0,50.0,506.20640000000003,506.20640000000003,590.0339665441894,386.81216860107423
309,309,32,draft|draft_verify,196.38681411743164,400.3126621246338,0.0,1889.0,50.0,512.0864,512.0864,596.7595162420654,389.94165087036134
309,309,33,draft|draft_verify,195.3105926513672,403.04088592529297,0.0,1939.0,50.0,517.9664,517.9664,598.4115185766601,400.3727021246338
309,309,34,draft|draft_verify,194.24986839294434,430.6619167327881,0.0,1989.0,50.0,523.8464,523.8464,624.9718251257324,403.100925925293
309,309,35,draft|draft_verify,195.34707069396973,431.55670166015625,0.0,2039.0,50.0,529.7264,961.3431416601563,626.9638123541259,862.3386983929444
310,310,1,draft|draft_verify,263.9305591583252,46.02837562561035,0.0,121.0,68.0,415.24399999999997,263.9305591583252,310.01898918393556,263.9305591583252
310,310,2,draft|draft_verify,246.98567390441895,59.09132957458496,0.0,189.0,68.0,426.1784,426.1784,306.1370578790039,246.98567390441895
310,310,3,draft|draft_verify|target|target_rescue_verify,238.44528198242188,143.95952224731445,823.9626884460449,257.0,63.0,404.5488,823.9626884460449,1206.4275430757812,823.9626884460449
310,310,4,draft|draft_verify,188.43722343444824,85.58058738708496,0.0,294.0,49.0,317.9512,317.9512,274.0778500215332,188.43722343444824
310,310,5,draft|draft_verify,130.29789924621582,101.81164741516113,0.0,343.0,34.0,223.672,223.672,232.16957386137696,130.29789924621582
310,310,6,draft|draft_verify|target|target_rescue_verify,427.95252799987793,216.82214736938477,500.6403923034668,377.0,113.0,765.1448,873.6159640846925,1145.4751580727295,536.4236920845703
310,310,7,draft|draft_verify|target|target_rescue_verify,89.5535945892334,217.29183197021484,1150.3710746765137,400.0,23.0,153.74720000000002,1150.3710746765137,1457.276519635962,1150.3710746765137
310,310,8,draft|draft_verify|target|target_rescue_verify,194.0913200378418,252.48336791992188,989.342451095581,456.0,50.0,343.5656,989.342451095581,1435.9771790533446,989.342451095581
310,310,9,draft|draft_verify,203.2926082611084,126.05428695678711,0.0,504.0,53.0,370.42640000000006,370.42640000000006,329.4069376178955,203.2926082611084
310,310,10,draft|draft_verify,202.27861404418945,126.21450424194336,0.0,557.0,53.0,377.0408,377.0408,328.5531606861328,202.27861404418945
310,310,11,draft|draft_verify,191.4205551147461,129.27961349487305,0.0,610.0,50.0,361.676,361.676,320.7602086096191,191.4205551147461
310,310,12,draft|draft_verify,213.4242057800293,152.05693244934082,0.0,660.0,56.0,412.256,412.256,365.54118302937013,213.4242057800293
310,310,13,draft|draft_verify,151.66544914245605,153.15961837768555,0.0,716.0,36.0,268.296,268.296,304.8850963201416,152.1169772493408
310,310,14,draft|draft_verify,147.08232879638672,152.85658836364746,0.0,752.0,38.0,286.5848,286.5848,299.99894756003414,153.21964717768554
310,310,15,draft|draft_verify|target|target_rescue_verify,270.25580406188965,347.6107120513916,1162.6286506652832,790.0,69.0,530.6184,1162.6286506652832,1780.5552219785645,1162.6286506652832
310,310,16,draft|draft_verify,308.7015151977539,176.09286308288574,0.0,843.0,76.0,594.8199999999999,594.8199999999999,484.8544390806396,308.7015151977539
310,310,17,draft|draft_verify|target|backtracking_verify,199.42569732666016,399.0299701690674,1697.2322463989258,919.0,52.0,414.148,1697.2322463989258,2295.747955494653,1697.2322463989258
310,310,18,draft|draft_verify|target|target_rescue_verify,477.891206741333,466.33124351501465,3759.9289417266846,971.0,120.0,983.2536,3759.9289417266846,4704.211487983032,3759.9289417266846
310,310,19,draft|draft_verify|target|target_rescue_verify,132.95292854309082,500.3938674926758,676.9940853118896,1155.0,31.0,262.216,676.9940853118896,1310.4009061476563,676.9940853118896
310,310,20,draft|draft_verify,90.04926681518555,253.27515602111816,0.0,1187.0,20.0,169.3832,503.5321057674561,343.38443883630373,503.5321057674561
311,311,1,draft|draft_verify,166.19873046875,29.28638458251953,0.0,106.0,42.0,253.57680000000002,166.19873046875,195.54514865126953,166.19873046875
311,311,2,draft|draft_verify,219.40350532531738,50.074100494384766,0.0,148.0,56.0,344.67199999999997,344.67199999999997,269.53765061970216,219.40350532531738
311,311,3,draft|draft_verify|target|target_rescue_verify,249.50003623962402,127.66623497009277,1204.228401184082,204.0,62.0,390.284,1204.228401184082,1581.4547219937988,1204.228401184082
311,311,4,draft|draft_verify,328.18126678466797,85.78801155090332,0.0,261.0,82.0,529.3888,529.3888,414.02934393557126,328.18126678466797
311,311,5,draft|draft_verify,258.6705684661865,103.0111312866211,0.0,343.0,64.0,424.06,424.06,361.7417509528076,258.6705684661865
311,311,6,draft|draft_verify|target|target_rescue_verify,282.41515159606934,263.63682746887207,3172.9512214660645,407.0,72.0,488.7672,3172.9512214660645,3719.0632581310056,3172.9512214660645
311,311,7,draft|draft_verify|target|backtracking_verify,682.9185485839844,340.85607528686523,5086.10725402832,562.0,175.0,1275.7312,5086.10725402832,6109.9420178991695,5086.10725402832
311,311,9,draft|draft_verify|target|backtracking_verify|target_rescue_verify,1073.5437870025635,1082.8990936279297,4729.23731803894,2398.0,275.0,3245.8448,6422.697999240418,6885.740418669434,5270.686864852905
311,311,10,draft|draft_verify|target|target_rescue_verify,1153.7504196166992,1308.0637454986572,6364.466428756714,3621.0,297.0,4382.632799999999,8611.377248377281,8826.34083147207,7149.304676055908
311,311,11,draft|draft_verify|target|target_rescue_verify,427.1385669708252,1023.0731964111328,3068.89009475708,2383.0,110.0,1269.1808,3836.1949920654297,4519.161946139038,3836.1949920654297
312,312,1,draft|draft_verify|target|target_rescue_verify,177.82068252563477,61.7218017578125,1181.295394897461,113.0,48.0,290.9736,1181.295394897461,1420.8979175809081,1181.295394897461
312,312,2,draft|draft_verify,375.3197193145752,66.59364700317383,0.0,170.0,103.0,645.4432,645.4432,441.973448717749,375.3197193145752
312,312,3,draft|draft_verify,276.3545513153076,85.63518524169922,0.0,273.0,73.0,472.50160000000005,472.50160000000005,362.04979495700684,276.3545513153076
312,312,4,draft|draft_verify|target|target_rescue_verify,204.03718948364258,243.49689483642578,2196.0108280181885,346.0,54.0,357.40560000000005,2196.0108280181885,2643.604955538257,2196.0108280181885
312,312,5,draft|draft_verify|target|backtracking_verify,238.09146881103516,284.3027114868164,1637.8850936889648,452.0,62.0,426.59119999999996,1637.8850936889648,2160.339323586816,1637.8850936889648
312,312,6,draft|draft_verify|target|target_rescue_verify,314.65864181518555,262.6843452453613,1509.6080303192139,514.0,83.0,585.7424,1509.6080303192139,2087.0110837797606,1509.6080303192139
312,312,7,draft|draft_verify,222.97239303588867,128.94058227539062,0.0,587.0,57.0,409.90319999999997,409.90319999999997,351.97302091127926,222.97239303588867
312,312,8,draft|draft_verify,103.35683822631836,129.46391105651855,0.0,644.0,26.0,188.66000000000003,318.1839318565186,232.88077008283693,258.52455973190916
313,313,1,draft|draft_verify,232.5150966644287,59.18288230895996,0.0,184.0,64.0,400.0192,232.5150966644287,291.75803017338865,232.5150966644287
313,313,2,draft|draft_verify|target|target_rescue_verify,301.63121223449707,218.02496910095215,4205.981731414795,248.0,81.0,520.332,4205.981731414795,4725.697977550244,4205.981731414795
313,313,3,draft|draft_verify|target|target_rescue_verify,653.8276672363281,255.3884983062744,1365.0975227355957,454.0,174.0,1223.3832,1365.0975227355957,2274.373827478198,1365.0975227355957
313,313,4,draft|draft_verify,375.7176399230957,136.4762783050537,0.0,520.0,99.0,702.2064,702.2064,512.2539974281494,375.7176399230957
313,313,5,draft|draft_verify|target|target_rescue_verify,397.09997177124023,283.4956645965576,1246.840000152588,619.0,105.0,770.3064,1246.840000152588,1927.4957205203857,1246.840000152588
313,313,6,draft|draft_verify|target|target_rescue_verify,534.1737270355225,361.6616725921631,3291.5961742401123,679.0,138.0,1038.0624,3291.5961742401123,4187.491684267798,3291.5961742401123
313,313,7,draft|draft_verify,321.4983940124512,175.2493381500244,0.0,841.0,84.0,658.0536,658.0536,496.8077993624756,321.4983940124512
313,313,8,draft|draft_verify|target|target_rescue_verify,640.9306526184082,428.6813735961914,1693.554162979126,925.0,166.0,1352.008,1693.554162979126,2763.226321993726,1693.554162979126
313,313,9,draft|draft_verify,68.66908073425293,198.72212409973145,0.0,1007.0,16.0,128.38,413.12282369782713,267.45121763398436,413.12282369782713
314,314,1,draft|draft_verify|target|target_rescue_verify,472.7609157562256,116.40691757202148,1108.8192462921143,155.0,123.0,769.4112,1108.8192462921143,1698.0471780203613,1108.8192462921143
314,314,2,draft|draft_verify|target|target_rescue_verify,901.1681079864502,198.6548900604248,1578.0751705169678,208.0,235.0,1531.7008,1631.0884330302124,2677.9583565638427,1578.0751705169678
314,314,3,draft|draft_verify|target|target_rescue_verify,382.1532726287842,205.26456832885742,1975.738763809204,285.0,101.0,660.26,1975.738763809204,2563.2166855668456,1975.738763809204
314,314,4,draft|draft_verify|target|target_rescue_verify,862.269401550293,267.02117919921875,1403.6684036254883,382.0,225.0,1557.3432,1690.9139695996093,2533.019164375,1403.6684036254883
314,314,6,draft|draft_verify,228.0876636505127,125.71287155151367,0.0,541.0,59.0,418.0736,418.0736,353.86058240202635,228.0876636505127
314,314,7,draft|draft_verify,421.2162494659424,151.19409561157227,0.0,600.0,110.0,802.748,802.748,572.4704330775146,421.2162494659424
314,314,8,draft|draft_verify|target|target_rescue_verify,396.956205368042,326.51472091674805,1690.9735202789307,710.0,104.0,785.3264,1690.9735202789307,2414.5045297637207,1690.9735202789307
314,314,9,draft|draft_verify|target|target_rescue_verify,350.54659843444824,359.1187000274658,1962.8207683563232,791.0,91.0,703.024,1962.8207683563232,2672.5461396182372,1962.8207683563232
314,314,10,draft|draft_verify,358.8254451751709,199.1593837738037,0.0,887.0,89.0,707.5928,707.5928,558.0449001489746,358.8254451751709
314,314,11,draft|draft_verify,94.06542778015137,198.83036613464355,0.0,976.0,23.0,184.16,398.1098395084473,292.9558123147949,398.1098395084473
315,315,1,draft|draft_verify|target|target_rescue_verify,601.17506980896,116.96338653564453,1736.473560333252,109.0,163.0,1009.6864,1736.473560333252,2454.6721470778566,1736.473560333252
315,315,2,draft|draft_verify|target|target_rescue_verify,341.28689765930176,131.90031051635742,1015.8560276031494,193.0,92.0,580.2776,1015.8560276031494,1489.1033093788087,1015.8560276031494
315,315,3,draft|draft_verify|target|target_rescue_verify,193.30501556396484,135.40959358215332,1015.7985687255859,242.0,49.0,311.9608,1015.7985687255859,1344.5732170717042,1015.7985687255859
315,315,4,draft|draft_verify,237.72716522216797,85.79206466674805,0.0,291.0,62.0,403.0208,403.0208,323.57927948891603,237.72716522216797
315,315,5,draft|draft_verify|target|target_rescue_verify,1033.0157279968262,224.07245635986328,764.5926475524902,353.0,262.0,1807.0576,1919.1540377799317,2021.7410415091797,1145.1121657767578
315,315,6,draft|draft_verify|target|target_rescue_verify,473.3402729034424,250.81276893615723,851.1912822723389,389.0,119.0,810.0752,935.5416796680786,1575.4044193119385,851.1912822723389
315,315,7,draft|draft_verify|target|target_rescue_verify,435.8813762664795,286.43012046813965,1836.822271347046,430.0,103.0,709.0912000000001,1836.822271347046,2559.1938504816653,1836.822271347046
315,315,8,draft|draft_verify,387.85696029663086,126.83320045471191,0.0,520.0,92.0,651.6944000000001,651.6944000000001,514.7502343513428,387.85696029663086
315,315,9,draft|draft_verify,406.8453311920166,150.35033226013184,0.0,612.0,93.0,679.2168,679.2168,557.2557378521485,406.8453311920166
315,315,10,draft|draft_verify,408.89835357666016,153.2883644104004,0.0,705.0,93.0,699.7512,699.7512,562.2467923870606,408.89835357666016
315,315,11,draft|draft_verify,409.5005989074707,175.5657196044922,0.0,798.0,93.0,720.2856,720.2856,585.126392911963,409.5005989074707
315,315,12,draft|draft_verify,406.5709114074707,191.88857078552246,0.0,891.0,93.0,740.82,740.82,598.5195565929932,406.5709114074707
315,315,13,draft|draft_verify,409.3492031097412,225.9390354156494,0.0,984.0,93.0,761.3544,761.3544,635.3483129253907,409.3492031097412
315,315,14,draft|draft_verify,427.3645877838135,228.56688499450684,0.0,1077.0,97.0,816.0952,816.0952,655.9915503783203,427.3645877838135
315,315,15,draft|draft_verify,427.9167652130127,255.75900077819824,0.0,1174.0,97.0,838.444,838.444,683.7358435912109,427.9167652130127
315,315,16,draft|draft_verify,425.86636543273926,273.65803718566895,0.0,1271.0,97.0,860.7927999999999,860.7927999999999,699.5844802184082,425.86636543273926
315,315,17,draft|draft_verify,431.11300468444824,305.81116676330566,0.0,1368.0,97.0,883.1415999999999,883.1415999999999,736.9842490477539,431.11300468444824
315,315,18,draft|draft_verify,429.0580749511719,327.27861404418945,0.0,1465.0,97.0,905.4903999999999,905.4903999999999,756.3967665953613,429.0580749511719
315,315,19,draft|draft_verify,432.8632354736328,327.03447341918945,0.0,1562.0,97.0,927.8391999999999,927.8391999999999,759.9577864928223,432.8632354736328
315,315,20,draft|draft_verify,427.72698402404785,358.12950134277344,0.0,1659.0,97.0,950.188,950.188,785.9165629668213,427.72698402404785
315,315,21,draft|draft_verify,428.572416305542,386.87658309936523,0.0,1756.0,97.0,972.5368,972.5368,815.5090770049072,428.572416305542
315,315,22,draft|draft_verify,417.7556037902832,402.33302116394043,0.0,1853.0,97.0,994.8856,994.8856,820.1487025542236,417.7556037902832
315,315,23,draft|draft_verify,413.32530975341797,402.8041362762451,0.0,1950.0,97.0,1017.2343999999999,1017.2343999999999,816.1895236296631,413.32530975341797
315,315,24,draft|draft_verify,423.5410690307617,450.31261444091797,0.0,2047.0,97.0,1039.5832,1489.9558920409181,873.9137610716797,873.9137610716797
316,316,1,draft|draft_verify,222.67699241638184,61.00106239318848,0.0,212.0,52.0,327.6112,222.67699241638184,283.7380964095703,222.67699241638184
316,316,2,draft|draft_verify|target|backtracking_verify,221.4350700378418,153.3975601196289,1214.406967163086,264.0,50.0,320.9864,1214.406967163086,1589.2996373205565,1214.406967163086
316,316,3,draft|draft_verify|target|target_rescue_verify,709.1610431671143,288.3415222167969,2158.0958366394043,637.0,152.0,1130.8712,2158.0958366394043,3155.6585236233154,2158.0958366394043
316,316,4,draft|draft_verify|target|backtracking_verify|target_rescue_verify,615.5447959899902,516.2186622619629,1974.0867614746094,825.0,136.0,1069.972,2444.239486233777,3105.9103285265624,2232.196092605591
316,316,5,draft|draft_verify|target|target_rescue_verify,912.6737117767334,665.2038097381592,4707.334280014038,1375.0,214.0,1985.9584,5106.456565856934,6285.27197272893,5106.456565856934
316,316,6,draft|draft_verify,320.68634033203125,133.36467742919922,0.0,523.0,84.0,594.708,594.708,454.11108496123046,320.68634033203125
316,316,7,draft|draft_verify,188.2922649383545,130.44166564941406,0.0,607.0,49.0,354.0088,354.0088,318.79396978776856,188.2922649383545
316,316,8,draft|draft_verify,124.51362609863281,151.17645263671875,0.0,656.0,29.0,211.51760000000002,362.75407583671875,275.75010193535155,281.7381806861328
317,317,1,draft|draft_verify,217.37933158874512,46.488046646118164,0.0,132.0,57.0,348.7512,217.37933158874512,263.92742383486325,217.37933158874512
317,317,2,draft|draft_verify|target|target_rescue_verify,129.2746067047119,118.21675300598145,1396.0609436035156,189.0,32.0,198.93200000000002,1396.0609436035156,1643.612328914209,1396.0609436035156
317,317,3,draft|draft_verify,304.9919605255127,85.58058738708496,0.0,255.0,74.0,475.9184,475.9184,390.63260711259767,304.9919605255127
317,317,4,draft|draft_verify|target|target_rescue_verify,218.81985664367676,194.84472274780273,1303.8713932037354,329.0,57.0,375.228,1303.8713932037354,1717.5960181952148,1303.8713932037354
317,317,5,draft|draft_verify,192.05737113952637,123.64029884338379,0.0,392.0,50.0,336.0392,336.0392,315.7577099829101,192.05737113952637
317,317,6,draft|draft_verify,533.9601039886475,126.39164924621582,0.0,442.0,130.0,903.1672000000001,903.1672000000001,660.4118572348633,533.9601039886475
317,317,7,draft|draft_verify,214.8752212524414,128.9677619934082,0.0,572.0,56.0,400.64,400.64,343.9030280458496,214.8752212524414
317,317,8,draft|draft_verify|target|target_rescue_verify,157.64212608337402,297.3968982696533,1786.102056503296,628.0,37.0,268.2376,1786.102056503296,2241.2011104563235,1786.102056503296
317,317,9,draft|draft_verify,179.23879623413086,158.81633758544922,0.0,713.0,45.0,335.9688,494.8451735854492,338.11516981958005,338.11516981958005
318,318,1,draft|draft_verify,57.54566192626953,29.64043617248535,0.0,137.0,15.0,90.9552,57.54566192626953,87.24611009875488,57.54566192626953
318,318,2,draft|draft_verify,171.43511772155762,49.54099655151367,0.0,152.0,47.0,289.15520000000004,289.15520000000004,221.03615187307128,171.43511772155762
318,318,3,draft|draft_verify,380.0499439239502,59.3266487121582,0.0,199.0,102.0,646.08,646.08,439.4366742361084,380.0499439239502
318,318,4,draft|draft_verify,134.4897747039795,75.66094398498535,0.0,301.0,35.0,226.8896,226.8896,210.21074668896483,134.4897747039795
318,318,5,draft|draft_verify,187.3183250427246,91.22109413146973,0.0,336.0,49.0,322.7896,322.7896,278.59945837419434,187.3183250427246
318,318,6,draft|draft_verify,104.83741760253906,92.26870536804199,0.0,385.0,26.0,173.12,265.448726168042,197.16614377058107,197.16614377058107
319,319,1,draft|draft_verify,134.6433162689209,29.43706512451172,0.0,108.0,36.0,217.22400000000002,134.6433162689209,164.14041019343261,134.6433162689209
319,319,2,draft|draft_verify,361.06038093566895,56.62369728088379,0.0,144.0,99.0,613.7712,613.7712,417.74415741655275,361.06038093566895
319,319,3,draft|draft_verify,371.6404438018799,77.55279541015625,0.0,243.0,99.0,637.056,637.056,449.25331841203615,371.6404438018799
319,319,4,draft|draft_verify,110.15868186950684,90.53540229797363,0.0,342.0,29.0,190.4168,190.4168,200.75410736748046,110.15868186950684
319,319,5,draft|draft_verify,138.0457878112793,91.48979187011719,0.0,371.0,36.0,239.316,239.316,229.59560848139648,138.0457878112793
319,319,6,draft|draft_verify,145.39265632629395,123.71373176574707,0.0,407.0,38.0,255.9488,255.9488,269.166418492041,145.39265632629395
319,319,7,draft|draft_verify|target|target_rescue_verify,241.93120002746582,253.65781784057617,1672.6486682891846,445.0,63.0,432.5232,1672.6486682891846,2168.2977365572265,1672.6486682891846
319,319,8,draft|draft_verify,132.16328620910645,126.7235279083252,0.0,521.0,33.0,230.70000000000002,357.4835543083252,258.9468405174316,258.9468405174316
320,320,1,draft|draft_verify,81.82024955749512,30.47013282775879,0.0,102.0,22.0,131.9752,81.82024955749512,112.3503999852539,81.82024955749512
320,320,2,draft|draft_verify,311.10644340515137,49.52192306518555,0.0,124.0,85.0,521.4664,521.4664,360.6884344703369,311.10644340515137
320,320,3,draft|draft_verify,483.98423194885254,76.51138305664062,0.0,209.0,129.0,824.4792,824.4792,560.5557182054931,483.98423194885254
320,320,4,draft|draft_verify,386.68107986450195,124.03512001037598,0.0,338.0,102.0,679.7736,679.7736,510.7762814748779,386.68107986450195
320,320,5,draft|draft_verify,104.77209091186523,124.47500228881836,0.0,440.0,26.0,176.42000000000002,300.9550230888184,229.3071140006836,248.63022469919434
321,321,1,draft|draft_verify|target|target_rescue_verify,437.0105266571045,117.62881278991699,1390.648365020752,142.0,119.0,740.1248,1390.648365020752,1945.3477996677734,1390.648365020752
321,321,3,draft|draft_verify|target|target_rescue_verify,394.2422866821289,206.14171028137207,2590.6267166137695,289.0,99.0,647.8752,2590.6267166137695,3191.0707927772705,2590.6267166137695
321,321,4,draft|draft_verify,249.17101860046387,141.85214042663574,0.0,417.0,64.0,435.2488,435.2488,391.0832102270996,249.17101860046387
321,321,5,draft|draft_verify,75.48356056213379,133.57949256896973,0.0,481.0,18.0,123.31200000000001,275.55169859560544,209.12306753110352,275.55169859560544
322,322,1,draft|draft_verify,172.67274856567383,29.15644645690918,0.0,100.0,47.0,283.4144,172.67274856567383,201.889232622583,172.67274856567383
322,322,2,draft|draft_verify,1607.921838760376,138.34095001220703,0.0,147.0,428.0,2826.6728000000003,2826.6728000000003,1746.323131172583,1607.921838760376
322,322,3,draft|draft_verify,1662.684679031372,218.50252151489258,0.0,575.0,433.0,3306.0472,3306.0472,1881.2475469462647,1662.684679031372
322,322,4,draft|draft_verify,412.8539562225342,226.20034217834473,0.0,1008.0,107.0,884.2256,1110.4860277783448,639.1143840008789,639.1143840008789
323,323,1,draft|draft_verify|target|target_rescue_verify,402.6212692260742,86.58456802368164,1247.7915287017822,115.0,106.0,650.7760000000001,1247.7915287017822,1737.057450751538,1247.7915287017822
323,323,2,draft|draft_verify,147.77445793151855,56.22100830078125,0.0,175.0,38.0,235.3472,235.3472,204.0554966322998,147.77445793151855
323,323,3,draft|draft_verify,96.51303291320801,64.32342529296875,0.0,213.0,26.0,162.8,162.8,160.89647900617678,96.51303291320801
323,323,4,draft|draft_verify,173.89535903930664,66.81609153747559,0.0,239.0,44.0,279.4952,279.4952,240.7714857767822,173.89535903930664
323,323,5,draft|draft_verify,231.16135597229004,85.6480598449707,0.0,283.0,59.0,382.16,382.16,316.8694630172607,231.16135597229004
323,323,6,draft|draft_verify,83.41431617736816,79.21147346496582,0.0,342.0,21.0,137.46,137.46,162.68580644233398,85.7081070449707
323,323,7,draft|draft_verify,107.59162902832031,91.06230735778809,0.0,363.0,28.0,185.1496,185.1496,198.71395878610838,107.59162902832031
323,323,8,draft|draft_verify,51.01585388183594,91.5830135345459,0.0,391.0,12.0,79.3608,182.76535289233396,142.65887701638184,182.76535289233396
324,324,1,draft|draft_verify,164.65377807617188,50.48942565917969,0.0,174.0,44.0,272.7872,164.65377807617188,215.20323893535155,164.65377807617188
324,324,2,draft|draft_verify|target|backtracking_verify,243.44301223754883,121.78492546081543,1271.1970806121826,218.0,65.0,411.57680000000005,1271.1970806121826,1636.485070310547,1271.1970806121826
324,324,3,draft|draft_verify|target|target_rescue_verify,483.74152183532715,212.80932426452637,224.9457836151123,563.0,125.0,903.6487999999999,1010.1135621322632,921.5567297149657,590.2062839675904
324,324,4,draft|draft_verify|target|target_rescue_verify,808.9883327484131,463.00482749938965,4643.201112747192,630.0,212.0,1589.5904,4874.703526496887,5915.2544425949945,4874.703526496887
324,324,5,draft|draft_verify,295.55535316467285,127.04586982727051,0.0,481.0,78.0,543.816,543.816,422.66128539194335,295.55535316467285
324,324,6,draft|draft_verify|target|target_rescue_verify,340.0602340698242,270.4002857208252,1347.506046295166,559.0,90.0,645.6144,1347.506046295166,1958.0266380858154,1347.506046295166
324,324,7,draft|draft_verify,123.78144264221191,131.29878044128418,0.0,624.0,31.0,223.98399999999998,355.34280524128417,255.1402478834961,266.5589481016968
325,325,1,draft|draft_verify,342.151403427124,50.963640213012695,0.0,114.0,93.0,569.2584,342.151403427124,393.17511804013674,342.151403427124
325,325,2,draft|draft_verify,85.1142406463623,50.22549629211426,0.0,207.0,23.0,143.5568,143.5568,135.39975533847655,85.1142406463623
325,325,3,draft|draft_verify,48.83527755737305,58.887481689453125,0.0,230.0,13.0,81.4312,81.4312,107.78276964682618,50.285514692114255
325,325,4,draft|draft_verify,70.80984115600586,58.59231948852539,0.0,243.0,19.0,119.968,119.968,129.46217584453126,70.80984115600586
325,325,5,draft|draft_verify,96.84872627258301,59.13901329040527,0.0,262.0,25.0,159.31119999999999,159.31119999999999,156.0477595629883,96.84872627258301
325,325,6,draft|draft_verify,74.63765144348145,76.41935348510742,0.0,287.0,19.0,121.8688,121.8688,151.11702012858888,74.63765144348145
325,325,7,draft|draft_verify,368.30639839172363,91.6447639465332,0.0,306.0,97.0,638.4567999999999,638.4567999999999,460.01123993825684,368.30639839172363
325,325,8,draft|draft_verify|target|target_rescue_verify,343.7197208404541,267.84753799438477,1399.9295234680176,403.0,90.0,612.2928,1399.9295234680176,2011.5568543028564,1399.9295234680176
325,325,9,draft|draft_verify|target|target_rescue_verify,287.74261474609375,279.94704246520996,1274.719476699829,467.0,75.0,520.0992,1274.719476699829,1842.4691939111328,1274.719476699829
325,325,10,draft|draft_verify|target|backtracking_verify,142.8067684173584,253.0844211578369,474.75266456604004,529.0,37.0,259.68399999999997,474.75266456604004,870.7038837412354,474.75266456604004
325,325,11,draft|draft_verify|target|target_rescue_verify,633.6133480072021,467.85569190979004,6128.310918807983,1117.0,164.0,1410.4088,6128.310918807983,7229.8400899249755,6128.310918807983
325,325,12,draft|draft_verify,138.8556957244873,126.77907943725586,0.0,568.0,35.0,248.67680000000001,248.67680000000001,265.69480316174315,233.92784595489502
325,325,13,draft|draft_verify,165.2987003326416,128.59487533569336,0.0,603.0,43.0,309.7696,309.7696,293.95361006833497,165.2987003326416
325,325,14,draft|draft_verify,84.76758003234863,133.21685791015625,0.0,646.0,22.0,159.3928,159.3928,218.04445554250486,128.65490973569337
325,325,15,draft|draft_verify|target|target_rescue_verify,1076.6534805297852,391.80469512939453,4969.0046310424805,668.0,271.0,2076.2079999999996,4969.0046310424805,6437.523023501661,4969.0046310424805
325,325,16,draft|draft_verify,40.55905342102051,197.2951889038086,0.0,913.0,9.0,69.27600000000001,195.90234756469727,237.9142495248291,195.90234756469727
325,325,17,draft|draft_verify,82.26752281188965,198.40764999389648,0.0,922.0,21.0,165.3,197.3551961038086,280.7351896057861,197.3551961038086
325,325,18,draft|draft_verify,268.704891204834,199.61118698120117,0.0,943.0,70.0,563.7568,563.7568,468.37613418603513,268.704891204834
325,325,19,draft|draft_verify,370.3000545501709,227.74219512939453,0.0,1013.0,97.0,801.3496,801.3496,598.1023272795654,370.3000545501709
325,325,20,draft|draft_verify,123.138427734375,227.80799865722656,0.0,1110.0,32.0,267.4544,267.4544,351.0064519916016,227.80227272939453
325,325,21,draft|draft_verify,63.43388557434082,235.64624786376953,0.0,1142.0,16.0,133.24,227.86802425722655,299.14014623811033,227.86802425722655
325,325,22,draft|draft_verify,44.91734504699707,252.64883041381836,0.0,1158.0,10.0,82.52080000000001,488.4150990775879,297.6261834608154,488.4150990775879
326,326,1,draft|draft_verify,343.80626678466797,50.408124923706055,0.0,131.0,93.0,573.0120000000001,343.80626678466797,394.27446610837404,343.80626678466797
326,326,2,draft|draft_verify|target|target_rescue_verify,429.25024032592773,144.90079879760742,1603.1808853149414,224.0,113.0,724.0184,1603.1808853149414,2177.392014838477,1603.1808853149414
326,326,3,draft|draft_verify,804.2223453521729,144.37198638916016,0.0,300.0,211.0,1415.5120000000002,1415.5120000000002,948.654500541333,804.2223453521729
326,326,4,draft|draft_verify|target|target_rescue_verify,920.7479953765869,296.8027591705322,1750.891923904419,511.0,241.0,1747.084,1895.5455723852663,2968.502871251538,1750.891923904419
326,326,5,draft|draft_verify|target|target_rescue_verify,368.99638175964355,282.806396484375,1174.0200519561768,594.0,96.0,697.4159999999999,1174.0200519561768,1825.8829070001952,1174.0200519561768
326,326,6,draft|draft_verify|target|target_rescue_verify,333.2347869873047,316.1015510559082,2035.3107452392578,651.0,87.0,642.7248,2035.3107452392578,2684.707152882471,2035.3107452392578
326,326,7,draft|draft_verify|target|target_rescue_verify,232.1615219116211,360.2132797241211,3400.9292125701904,751.0,60.0,454.9896,3400.9292125701904,3993.364062205933,3400.9292125701904
326,326,8,draft|draft_verify|target|target_rescue_verify,495.896577835083,419.9941158294678,1844.9885845184326,919.0,129.0,1042.5912,1844.9885845184326,2760.9393813829834,1844.9885845184326
326,326,9,draft|draft_verify|target|target_rescue_verify,111.15860939025879,400.3734588623047,376.71375274658203,1009.0,28.0,227.0104,427.2571518311523,888.3058433991455,410.2438097458862
326,326,10,draft|draft_verify,44.164180755615234,199.04255867004395,0.0,1026.0,9.0,71.4456,399.28929530119626,243.26674662565918,399.28929530119626
327,327,1,draft|draft_verify,146.97003364562988,30.3189754486084,0.0,87.0,40.0,239.61520000000002,146.97003364562988,177.3490410942383,146.97003364562988
327,327,2,draft|draft_verify|target|target_rescue_verify,992.7952289581299,144.38176155090332,1718.2464599609375,127.0,254.0,1612.1888,1718.2464599609375,2855.483653669971,1718.2464599609375
327,327,3,draft|draft_verify|target|target_rescue_verify,352.8258800506592,133.95261764526367,735.0094318389893,210.0,93.0,590.4552,735.0094318389893,1221.8480039349122,735.0094318389893
327,327,4,draft|draft_verify|target|target_rescue_verify,531.8152904510498,181.1356544494629,1765.7790184020996,245.0,135.0,875.4,1765.7790184020996,2478.7900713026124,1765.7790184020996
327,327,5,draft|draft_verify|target|backtracking_verify,328.7374973297119,206.97665214538574,1756.8395137786865,331.0,86.0,569.936,1756.8395137786865,2292.613732053784,1756.8395137786865
327,327,7,draft|draft_verify|target|target_rescue_verify,2072.8259086608887,1234.412670135498,7277.744293212891,2464.0,534.0,6558.6552,13097.134933478228,10585.043299209277,8611.305642139117
327,327,8,draft|draft_verify|target|target_rescue_verify,727.0171642303467,547.7936267852783,3882.559299468994,1144.0,190.0,1652.6104,4156.456112861633,5157.430242484619,4156.456112861633
327,327,9,draft|draft_verify|target|backtracking_verify,730.1502227783203,473.3467102050781,1942.7647590637207,1334.0,190.0,1738.7944000000002,1975.5279071025393,3146.321844047119,1942.7647590637207
327,327,10,draft|draft_verify|target|target_rescue_verify|backtracking_verify,1131.1850547790527,1076.901912689209,5739.019870758057,2286.0,279.0,3219.7536,7943.245330946378,7947.1670614263185,6456.954479217529
327,327,11,draft|draft_verify|target|target_rescue_verify,1748.642921447754,1622.469425201416,8452.263116836548,3420.0,452.0,6540.910399999999,14299.828846278648,11823.435825085719,9669.11518573761
327,327,12,draft|draft_verify,195.692777633667,199.8000144958496,0.0,954.0,46.0,369.55600000000004,369.55600000000004,395.55282892951664,202.808678150177
327,327,13,draft|draft_verify,167.47045516967773,201.79200172424316,0.0,1000.0,38.0,308.6072,510.45923212424316,369.32248729392086,401.71208342009277
328,328,1,draft|draft_verify,178.27510833740234,30.11322021484375,0.0,89.0,42.0,251.904,178.27510833740234,208.4483621522461,178.27510833740234
328,328,2,draft|draft_verify,101.75371170043945,29.31380271911621,0.0,131.0,22.0,133.4368,133.4368,131.12753201955564,101.75371170043945
328,328,3,draft|draft_verify|target|backtracking_verify,37.66798973083496,59.02576446533203,153.6710262298584,153.0,8.0,48.5576,153.6710262298584,250.42478682602538,153.6710262298584
328,328,4,draft|draft_verify|target|target_rescue_verify,262.7911567687988,609.0753078460693,41758.81791114807,320.0,54.0,354.0984,42063.355565071106,42630.74441896294,42063.355565071106
328,328,5,draft|draft_verify,38.01131248474121,49.242258071899414,0.0,181.0,8.0,49.028,152.26882696151733,87.31357695664062,152.26882696151733
328,328,6,draft|draft_verify,78.4149169921875,49.05271530151367,0.0,189.0,20.0,123.87440000000001,123.87440000000001,127.52764829370118,78.4149169921875
328,328,7,draft|draft_verify,34.77072715759277,49.57270622253418,0.0,209.0,9.0,55.75920000000001,55.75920000000001,84.40344058012695,49.11273130151367
328,328,8,draft|draft_verify,99.74956512451172,58.74371528625488,0.0,218.0,22.0,137.8216,137.8216,158.55329801076658,99.74956512451172
328,328,9,draft|draft_verify,60.00375747680664,58.77113342285156,0.0,240.0,13.0,81.7192,81.7192,118.83490129965821,60.00375747680664
328,328,10,draft|draft_verify,93.47653388977051,59.206485748291016,0.0,253.0,23.0,145.9856,145.9856,152.7430380380615,93.47653388977051
328,328,11,draft|draft_verify,32.030582427978516,59.88001823425293,0.0,276.0,8.0,50.624,59.26650414829101,91.97060706223144,59.26650414829101
328,328,12,draft|draft_verify|target|target_rescue_verify,92.35095977783203,151.57318115234375,547.9466915130615,284.0,23.0,147.6224,547.9466915130615,791.9308508432373,547.9466915130615
328,328,13,draft|draft_verify,284.5432758331299,91.3839340209961,0.0,309.0,71.0,465.416,556.8599908209961,375.98726665412596,375.98726665412596
329,329,1,draft|draft_verify,364.9632930755615,49.99423027038574,0.0,110.0,88.0,537.2752,364.9632930755615,415.01759374594724,364.9632930755615
329,329,2,draft|draft_verify|target|target_rescue_verify,2163.5587215423584,221.16994857788086,860.8462810516357,198.0,553.0,3802.8376000000003,3913.4830166889406,3245.635393571875,2274.2041382312987
329,329,3,draft|draft_verify,467.038631439209,77.25715637207031,0.0,237.0,123.0,793.4208,793.4208,544.3558862112793,467.038631439209
329,329,4,draft|draft_verify,388.5960578918457,140.9149169921875,0.0,360.0,102.0,685.1064,685.1064,529.5710564840332,388.5960578918457
329,329,6,draft|draft_verify|target|backtracking_verify,325.0546455383301,259.6166133880615,1646.8968391418457,533.0,81.0,575.052,1646.8968391418457,2231.6281628682373,1646.8968391418457
329,329,7,draft|draft_verify|target|backtracking_verify,303.4181594848633,524.7721672058105,1531.933069229126,1227.0,70.0,610.7872,1794.3191528320312,2360.1834519198,1794.3191528320312
329,329,8,draft|draft_verify|target|target_rescue_verify,1644.8121070861816,1102.5364398956299,6541.017770767212,2597.0,417.0,5194.5912,10500.361281641062,9288.426651349024,7328.54379926409
329,329,9,draft|draft_verify|target|target_rescue_verify,1000.6320476531982,891.4132118225098,11564.578294754028,2053.0,258.0,2826.7776,12099.426221847534,13456.683760629736,12099.426221847534
329,329,10,draft|draft_verify,344.70534324645996,178.53975296020508,0.0,824.0,90.0,702.2184,702.2184,523.305168206665,344.70534324645996
329,329,11,draft|draft_verify,377.26545333862305,199.14484024047852,0.0,914.0,90.0,721.4424,721.4424,576.4703655791016,377.26545333862305
329,329,12,draft|draft_verify,386.10076904296875,227.708101272583,0.0,1004.0,97.0,799.276,799.276,613.8689479155518,386.10076904296875
329,329,13,draft|draft_verify,371.2174892425537,246.49429321289062,0.0,1101.0,97.0,821.6248,821.6248,617.7718600554443,371.2174892425537
329,329,14,draft|draft_verify,373.11387062072754,256.5891742706299,0.0,1198.0,97.0,843.9736,843.9736,629.7631224913574,373.11387062072754
329,329,15,draft|draft_verify,370.49269676208496,276.0634422302246,0.0,1295.0,97.0,866.3224,866.3224,646.6162165923096,370.49269676208496
329,329,16,draft|draft_verify,373.66414070129395,310.40167808532715,0.0,1392.0,97.0,888.6712,888.6712,684.1258963866211,373.66414070129395
329,329,17,draft|draft_verify,379.868745803833,328.54366302490234,0.0,1489.0,98.0,920.5663999999999,920.5663999999999,708.4724872287354,379.868745803833
329,329,18,draft|draft_verify,377.88963317871094,346.73500061035156,0.0,1587.0,98.0,943.3807999999999,943.3807999999999,724.6847121890626,377.88963317871094
329,329,19,draft|draft_verify,377.93540954589844,357.9535484313965,0.0,1685.0,98.0,966.1951999999999,966.1951999999999,735.949036377295,377.93540954589844
329,329,20,draft|draft_verify,382.13443756103516,388.7827396392822,0.0,1783.0,98.0,989.0095999999999,989.0095999999999,770.9772556003174,382.13443756103516
329,329,21,draft|draft_verify,381.1054229736328,402.3001194000244,0.0,1881.0,98.0,1011.824,1011.824,783.4656207736573,388.84281803928224
329,329,22,draft|draft_verify,377.78592109680176,430.89866638183594,0.0,1979.0,98.0,1034.6383999999998,1465.5971447818358,808.7446658786378,833.3189425818604
330,330,1,draft|draft_verify,113.6629581451416,46.88310623168945,0.0,162.0,27.0,165.93120000000002,113.6629581451416,160.60608597683105,113.6629581451416
330,330,2,draft|draft_verify,234.83967781066895,59.51690673828125,0.0,189.0,60.0,375.41040000000004,375.41040000000004,294.4166325489502,234.83967781066895
330,330,3,draft|draft_verify,117.80261993408203,60.13059616088867,0.0,249.0,31.0,196.98399999999998,196.98399999999998,177.9932408949707,117.80261993408203
330,330,4,draft|draft_verify|target|target_rescue_verify,464.39170837402344,196.49457931518555,2445.434331893921,280.0,122.0,799.3063999999999,2445.434331893921,3106.38071718313,2445.434331893921
330,330,5,draft|draft_verify,94.83170509338379,93.46747398376465,0.0,398.0,24.0,160.392,160.392,188.35919827714844,98.24728965759277
330,330,6,draft|draft_verify|target|backtracking_verify,20.73359489440918,218.80626678466797,733.1087589263916,422.0,5.0,32.775200000000005,733.1087589263916,972.7086246054687,733.1087589263916
330,330,7,draft|draft_verify|target|backtracking_verify|target_rescue_verify,2281.8331718444824,636.3539695739746,9066.443920135498,884.0,588.0,5034.6864000000005,10045.23430764823,11984.691531953955,9384.620904922485
330,330,8,draft|draft_verify|target|backtracking_verify,57.470083236694336,857.3875427246094,278.5758972167969,2248.0,12.0,128.38559999999998,984.3464847815796,1193.4935327781006,984.3464847815796
330,330,9,draft|draft_verify|target|target_rescue_verify,1191.4877891540527,1767.5836086273193,5026.266098022461,4028.0,311.0,4897.664,10509.562374982557,7985.397744603833,6803.386164136609
330,330,10,draft|draft_verify,464.0822410583496,132.95936584472656,0.0,556.0,118.0,850.0120000000001,850.0120000000001,597.1017013030762,464.0822410583496
330,330,11,draft|draft_verify,94.06399726867676,158.38932991027832,0.0,674.0,24.0,175.6272,175.6272,252.51334637895508,133.01946024472656
330,330,12,draft|draft_verify,28.980731964111328,151.05175971984863,0.0,698.0,7.0,50.2816,158.44934911027832,180.09249728395997,158.44934911027832
330,330,13,draft|draft_verify,171.27251625061035,158.94818305969238,0.0,705.0,45.0,335.124,335.124,330.2807353103027,171.27251625061035
330,330,14,draft|draft_verify,126.36446952819824,153.26905250549316,0.0,750.0,33.0,248.2872,248.2872,279.6935484336914,159.00821905969238
330,330,15,draft|draft_verify,116.9731616973877,173.62189292907715,0.0,783.0,30.0,227.7408,227.7408,290.65507862646484,153.32907890549316
330,330,16,draft|draft_verify,29.22344207763672,172.65629768371582,0.0,813.0,7.0,51.9376,173.68191692907715,201.93974536135255,173.68191692907715
330,330,17,draft|draft_verify,40.149688720703125,172.4832057952881,0.0,820.0,9.0,67.49040000000001,345.25951627900395,212.6929017159912,345.25951627900395
331,331,1,draft|draft_verify,169.73638534545898,30.542373657226562,0.0,137.0,44.0,268.9688,169.73638534545898,200.33879420268553,169.73638534545898
331,331,2,draft|draft_verify,246.8094825744629,58.86268615722656,0.0,181.0,64.0,399.5656,399.5656,305.73221993168943,246.8094825744629
331,331,3,draft|draft_verify,303.24578285217285,75.61492919921875,0.0,245.0,75.0,480.672,480.672,378.9207720513916,303.24578285217285
331,331,4,draft|draft_verify|target|target_rescue_verify,449.4166374206543,227.39386558532715,1582.341194152832,320.0,113.0,749.8232,1582.341194152832,2259.2117875588137,1582.341194152832
331,331,5,draft|draft_verify,138.5481357574463,92.40460395812988,0.0,394.0,35.0,234.4784,234.4784,231.01276771557616,138.5481357574463
331,331,6,draft|draft_verify,212.32271194458008,124.69720840454102,0.0,429.0,55.0,374.8624,374.8624,337.0799643491211,212.32271194458008
331,331,7,draft|draft_verify,194.31805610656738,142.18711853027344,0.0,484.0,49.0,339.8392,339.8392,336.5652138368408,194.31805610656738
331,331,8,draft|draft_verify|target|target_rescue_verify,1691.763162612915,373.78621101379395,4705.631971359253,533.0,419.0,3149.9359999999997,4705.631971359253,6771.241680185962,4705.631971359253
331,331,9,draft|draft_verify|target|target_rescue_verify,356.57477378845215,362.77198791503906,2227.2746562957764,764.0,93.0,712.7784,2227.2746562957764,2946.681492399268,2227.2746562957764
331,331,10,draft|draft_verify,236.15169525146484,199.78713989257812,0.0,873.0,62.0,488.2256,488.2256,435.998884744043,236.15169525146484
331,331,11,draft|draft_verify,375.61655044555664,201.7512321472168,0.0,935.0,95.0,766.952,766.952,577.4278585927734,375.61655044555664
331,331,12,draft|draft_verify,294.95763778686523,226.3963222503662,0.0,1030.0,76.0,628.48,628.48,521.4140208372314,294.95763778686523
331,331,13,draft|draft_verify,327.26526260375977,251.6498565673828,0.0,1106.0,81.0,685.068,685.068,578.9751839711425,327.26526260375977
331,331,14,draft|draft_verify,324.22447204589844,255.6757926940918,0.0,1187.0,82.0,709.4032,709.4032,579.9603303399902,324.22447204589844
331,331,15,draft|draft_verify,322.4349021911621,277.1878242492676,0.0,1269.0,81.0,716.364,716.364,599.6827912404297,322.4349021911621
331,331,16,draft|draft_verify,313.5042190551758,277.6625156402588,0.0,1350.0,82.0,741.0904,741.0904,591.2268002954345,313.5042190551758
331,331,17,draft|draft_verify,305.64236640930176,310.7495307922363,0.0,1432.0,80.0,738.2912,738.2912,616.4519612015381,305.64236640930176
331,331,18,draft|draft_verify,307.3391914367676,329.3323516845703,0.0,1512.0,81.0,763.02,763.02,636.7316079213379,310.80959479223634
331,331,19,draft|draft_verify|target|backtracking_verify,317.14701652526855,695.0538158416748,2472.12553024292,1593.0,84.0,807.8520000000001,2472.12553024292,3484.3864298098633,2472.12553024292
331,331,20,draft|draft_verify|target|target_rescue_verify,1095.792293548584,1143.399953842163,3597.350597381592,3391.0,283.0,4015.216,4586.976203321082,5836.603071172339,3597.350597381592
331,331,21,draft|draft_verify,111.51838302612305,391.6969299316406,0.0,1884.0,27.0,273.384,963.4569284527222,503.2753345577637,963.4569284527222
332,332,1,draft|draft_verify,129.73809242248535,46.654462814331055,0.0,153.0,35.0,214.8128,129.73809242248535,176.4525832368164,129.73809242248535
332,332,2,draft|draft_verify|target|target_rescue_verify,370.20182609558105,128.55887413024902,1629.3272972106934,188.0,101.0,636.98,1629.3272972106934,2128.1480782365234,1629.3272972106934
332,332,3,draft|draft_verify|target|target_rescue_verify,530.8082103729248,182.44409561157227,1376.2619495391846,265.0,140.0,915.356,1376.2619495391846,2089.5743675236818,1376.2619495391846
332,332,4,draft|draft_verify|target|backtracking_verify,516.1385536193848,282.27758407592773,6337.098836898804,332.0,135.0,903.3792,6337.098836898804,7135.575082594116,6337.098836898804
332,332,5,draft|draft_verify|target|backtracking_verify,328.8755416870117,263.7629508972168,1055.880069732666,467.0,84.0,583.5528,1055.880069732666,1648.5786295168946,1055.880069732666
332,332,6,draft|draft_verify|target|backtracking_verify,718.7445163726807,614.1219139099121,10455.91950416565,1069.0,189.0,1609.8312,10762.980461120605,11788.846085648242,10762.980461120605
332,332,7,draft|draft_verify|target|target_rescue_verify,1613.6868000030518,1140.7885551452637,17338.65976333618,2075.0,422.0,4732.0544,18099.185466766357,20093.195456084497,18099.185466766357
332,332,8,draft|draft_verify|target|target_rescue_verify,339.2634391784668,656.9104194641113,3275.22349357605,1896.0,85.0,878.7016,3603.6787033081055,4271.457420218628,3603.6787033081055
333,333,1,draft|draft_verify|target|target_rescue_verify,360.4295253753662,75.62422752380371,1012.7296447753906,95.0,94.0,571.2544,1012.7296447753906,1448.8434728745606,1012.7296447753906
333,333,2,draft|draft_verify,234.62510108947754,56.47563934326172,0.0,144.0,62.0,381.5,381.5,291.16079003273927,234.62510108947754
333,333,3,draft|draft_verify|target|backtracking_verify,264.59288597106934,128.5240650177002,1598.2789993286133,206.0,72.0,454.51680000000005,1598.2789993286133,1991.4560079173827,1598.2789993286133
333,333,4,draft|draft_verify|target|target_rescue_verify,1976.1662483215332,463.85836601257324,3503.2835006713867,562.0,512.0,3942.0752,6041.671134445123,5943.368524605493,4075.7621827666567
333,333,5,draft|draft_verify|target|target_rescue_verify,1256.1371326446533,403.5937786102295,4191.2736892700195,732.0,324.0,2552.7888,4191.2736892700195,5851.064859724902,4191.2736892700195
333,333,6,draft|draft_verify|target|target_rescue_verify,1080.8935165405273,598.578691482544,7594.455718994141,1028.0,281.0,2398.172,7893.745064735413,9273.988151817211,7893.745064735413
333,333,7,draft|draft_verify|target|backtracking_verify|target_rescue_verify,898.6515998840332,688.776969909668,3509.6144676208496,1402.0,231.0,2163.6,4435.050146042676,5097.103222214551,3854.0029525756836
333,333,8,draft|draft_verify|target|target_rescue_verify,762.8073692321777,1160.5398654937744,11668.836832046509,2389.0,195.0,2277.0144,12442.530075709024,13592.24422277246,12442.530075709024
333,333,9,draft|draft_verify,228.81054878234863,174.28040504455566,0.0,814.0,59.0,456.0752,456.0752,403.1510010269043,228.81054878234863
333,333,10,draft|draft_verify,171.10395431518555,185.26506423950195,0.0,873.0,43.0,336.9856,522.3106986395019,356.4290529546875,359.66555088405767
334,334,1,draft|draft_verify,403.95140647888184,49.365997314453125,0.0,104.0,109.0,666.7432,403.95140647888184,453.37749099333496,403.95140647888184
334,334,2,draft|draft_verify,60.20379066467285,50.000667572021484,0.0,213.0,16.0,99.796,99.796,110.26447103669435,60.20379066467285
334,334,3,draft|draft_verify,37.987709045410156,56.442975997924805,0.0,229.0,10.0,62.45440000000001,62.45440000000001,94.49069304333497,50.06068037202149
334,334,4,draft|draft_verify,45.166969299316406,59.04531478881836,0.0,239.0,12.0,75.348,75.348,104.27229368813477,56.50298399792481
334,334,5,draft|draft_verify|target|target_rescue_verify,298.2363700866699,134.54508781433105,122.8642463684082,251.0,78.0,501.312,568.6446063071655,555.7057666694092,365.56897639383544
334,334,6,draft|draft_verify,62.99233436584473,59.04555320739746,0.0,253.0,16.0,101.236,101.236,122.0979003732422,67.27254390716553
334,334,7,draft|draft_verify|target|backtracking_verify,142.06743240356445,154.96015548706055,730.5502891540527,269.0,37.0,237.22,730.5502891540527,1027.6379066446777,730.5502891540527
334,334,8,draft|draft_verify|target|target_rescue_verify,889.4193172454834,347.15890884399414,4195.864677429199,610.0,226.0,1687.6599999999999,4195.864677429199,5432.503084318677,4195.864677429199
334,334,9,draft|draft_verify,89.22863006591797,76.65109634399414,0.0,326.0,23.0,149.84,173.57945442199707,165.9397448099121,173.57945442199707
334,334,10,draft|draft_verify|target|target_rescue_verify,123.13389778137207,183.55727195739746,675.5950450897217,349.0,32.0,210.836,675.5950450897217,982.3462404284912,675.5950450897217
334,334,11,draft|draft_verify,97.94425964355469,91.51601791381836,0.0,381.0,25.0,166.16559999999998,166.16559999999998,189.52029755737306,97.94425964355469
334,334,12,draft|draft_verify,145.60914039611816,123.61955642700195,0.0,406.0,38.0,255.86,255.86,269.2887272231201,145.60914039611816
334,334,13,draft|draft_verify|target|target_rescue_verify,296.13208770751953,279.6924114227295,3012.3257637023926,444.0,75.0,516.0144,3012.3257637023926,3588.2103228326414,3012.3257637023926
334,334,14,draft|draft_verify,96.66752815246582,129.14466857910156,0.0,592.0,24.0,171.1008,171.1008,225.87221593156738,139.84620571136475
334,334,15,draft|draft_verify,123.01301956176758,129.94694709777832,0.0,616.0,32.0,230.70080000000002,230.70080000000002,253.01999225954592,129.20468777910156
334,334,16,draft|draft_verify,98.22273254394531,151.5343189239502,0.0,648.0,25.0,181.5448,181.5448,249.81707146789552,130.0069726977783
334,334,17,draft|draft_verify,149.31035041809082,152.46105194091797,0.0,673.0,39.0,287.016,287.016,301.8314335590088,151.5943389239502
334,334,18,draft|draft_verify,514.2507553100586,174.88980293273926,0.0,712.0,129.0,979.0008,979.0008,689.2006614427978,514.2507553100586
334,334,19,draft|draft_verify|target|target_rescue_verify,379.8527717590332,378.9229393005371,1453.5069465637207,841.0,95.0,745.7456000000001,1453.5069465637207,2212.3427336232908,1453.5069465637207
334,334,20,draft|draft_verify,72.80135154724121,198.82559776306152,0.0,909.0,18.0,140.7744,189.46146965026855,271.68696371030273,189.46146965026855
334,334,21,draft|draft_verify|target|target_rescue_verify,1809.9830150604248,627.0031929016113,11619.745969772339,927.0,460.0,3914.9512,11619.745969772339,14056.792545734375,11619.745969772339
334,334,22,draft|draft_verify,329.70547676086426,329.0433883666992,0.0,1503.0,83.0,780.3776,780.3776,658.8089315275635,329.70547676086426
334,334,23,draft|draft_verify,46.38957977294922,328.2296657562256,0.0,1586.0,10.0,91.7656,657.3931285229248,374.6792535291748,657.3931285229248
335,335,1,draft|draft_verify|target|backtracking_verify,292.1621799468994,135.85877418518066,4683.985471725464,119.0,79.0,483.13120000000004,4683.985471725464,5112.066489057544,4683.985471725464
335,335,2,draft|draft_verify|target|target_rescue_verify,1177.6652336120605,213.57131004333496,2563.3559226989746,198.0,312.0,2055.1056,2563.3559226989746,3954.6527159543703,2563.3559226989746
335,335,3,draft|draft_verify|target|target_rescue_verify,430.8919906616211,244.77767944335938,2858.5376739501953,322.0,97.0,642.1432,2858.5376739501953,3534.267421655176,2858.5376739501953
335,335,4,draft|draft_verify|target|backtracking_verify,370.3582286834717,289.87598419189453,1983.2959175109863,463.0,97.0,674.6296,1983.2959175109863,2643.5902079863527,1983.2959175109863
335,335,5,draft|draft_verify|target|target_rescue_verify,618.8638210296631,342.6556587219238,5696.487903594971,560.0,156.0,1132.776,5696.487903594971,6658.067508146558,5696.487903594971
335,335,6,draft|draft_verify,391.7667865753174,177.2620677947998,0.0,841.0,97.0,761.7207999999999,761.7207999999999,569.0889319701172,391.7667865753174
335,335,7,draft|draft_verify,1096.3690280914307,255.74636459350586,0.0,938.0,281.0,2337.692,2337.692,1352.1756174849365,1096.3690280914307
335,335,8,draft|draft_verify,141.76106452941895,254.19974327087402,0.0,1219.0,35.0,301.7984,556.058171270874,396.02083580029296,510.0663606643799
336,336,1,draft|draft_verify|target|backtracking_verify,372.68614768981934,102.24032402038574,1758.3351135253906,126.0,101.0,622.1,1758.3351135253906,2233.3216660355956,1758.3351135253906
336,336,2,draft|draft_verify|target|target_rescue_verify,864.7184371948242,359.2114448547363,6356.966972351074,439.0,221.0,1558.676,6536.572694778442,7580.957031200634,6536.572694778442
336,336,3,draft|draft_verify|target|target_rescue_verify|backtracking_verify,487.55502700805664,419.1591739654541,3880.2695274353027,751.0,126.0,967.44,4089.84911441803,4787.043829208814,4089.84911441803
336,336,4,draft|draft_verify|target|backtracking_verify|target_rescue_verify,745.0754642486572,543.9462661743164,3822.6237297058105,956.0,186.0,1533.3960000000002,4094.5968627929688,5111.705608928784,4094.5968627929688
336,336,5,draft|draft_verify|target|target_rescue_verify,1900.9222984313965,875.1921653747559,5319.752216339111,1647.0,499.0,5130.9568,9406.84548123837,8095.927079345263,6176.810979669767
336,336,7,draft|draft_verify,127.9304027557373,190.37938117980957,0.0,938.0,32.0,254.6576,445.0970067798096,318.3698095355469,336.3047676756022
337,337,1,draft|draft_verify|target|backtracking_verify,147.5234031677246,63.22669982910156,790.2421951293945,111.0,39.0,235.76160000000002,790.2421951293945,1001.0523293262207,790.2421951293945
337,337,3,draft|draft_verify|target|backtracking_verify,805.1795959472656,399.3420600891113,5711.200475692749,573.0,212.0,1560.7256000000002,5977.428515752156,6915.782301329125,5977.428515752156
337,337,5,draft|draft_verify|target|target_rescue_verify,516.7498588562012,468.9507484436035,3677.6745319366455,730.0,134.0,1023.5624,3912.1499061584473,4663.43524643645,3912.1499061584473
337,337,6,draft|draft_verify|target|target_rescue_verify,551.4323711395264,478.5134792327881,10889.769077301025,910.0,143.0,1155.3152,11129.02581691742,11919.77504207334,11129.02581691742
338,338,1,draft|draft_verify|target|target_rescue_verify,335.6444835662842,107.2547435760498,1809.9689483642578,103.0,92.0,560.6216000000001,1809.9689483642578,2252.928249106592,1809.9689483642578
338,338,2,draft|draft_verify,350.0051498413086,67.5668716430664,0.0,192.0,94.0,592.9048,592.9048,417.632096684375,350.0051498413086
338,338,3,draft|draft_verify,164.80302810668945,85.66737174987793,0.0,286.0,43.0,277.81600000000003,277.81600000000003,250.5304342565674,164.80302810668945
338,338,4,draft|draft_verify,126.15561485290527,85.7841968536377,0.0,329.0,33.0,215.95440000000002,215.95440000000002,211.99983810654297,126.15561485290527
338,338,5,draft|draft_verify,123.54254722595215,103.36565971374512,0.0,362.0,32.0,211.8032,211.8032,226.96823253969728,123.54254722595215
338,338,6,draft|draft_verify|target|target_rescue_verify,196.38705253601074,263.0150318145752,1456.742286682129,394.0,49.0,329.4712,1456.742286682129,1916.204410232715,1456.742286682129
338,338,7,draft|draft_verify,120.60213088989258,125.16665458679199,0.0,463.0,31.0,212.392,212.392,245.82881027668458,131.5075159072876
338,338,8,draft|draft_verify,82.1981430053711,125.54788589477539,0.0,494.0,21.0,144.756,144.756,207.80604570014648,125.22667938679199
338,338,9,draft|draft_verify,143.75734329223633,126.22356414794922,0.0,515.0,37.0,258.4744,258.4744,270.04093704018555,143.75734329223633
338,338,10,draft|draft_verify,325.03437995910645,131.0293674468994,0.0,552.0,86.0,615.02,615.02,456.12381620600587,325.03437995910645
338,338,11,draft|draft_verify,513.5147571563721,160.27426719665527,0.0,638.0,132.0,979.0176,979.0176,673.8491299530274,513.5147571563721
338,338,12,draft|draft_verify,353.5590171813965,173.91467094421387,0.0,770.0,92.0,706.2944,706.2944,527.5337617256104,353.5590171813965
338,338,13,draft|draft_verify,112.65254020690918,176.59330368041992,0.0,862.0,28.0,217.4848,394.13812608041997,289.3058662873291,350.6280706246338
339,339,1,draft|draft_verify,147.1564769744873,30.26437759399414,0.0,94.0,39.0,234.21120000000002,147.1564769744873,177.48088576848144,147.1564769744873
339,339,2,draft|draft_verify,392.63319969177246,50.51302909851074,0.0,133.0,103.0,636.3856000000001,636.3856000000001,443.2063111902832,392.63319969177246
339,339,3,draft|draft_verify,217.79799461364746,60.634613037109375,0.0,236.0,56.0,356.288,356.288,278.49265245075685,217.79799461364746
339,339,5,draft|draft_verify|target|target_rescue_verify,670.2666282653809,265.90967178344727,3462.235689163208,447.0,172.0,1206.0232,3462.235689163208,4398.472126812036,3462.235689163208
339,339,6,draft|draft_verify,195.09053230285645,130.62787055969238,0.0,618.0,47.0,340.6016,471.2895081596924,325.7784404625488,325.7784404625488
340,340,1,draft|draft_verify,266.8001651763916,29.827594757080078,0.0,79.0,69.0,414.5832,266.8001651763916,296.6878151334717,266.8001651763916
340,340,2,draft|draft_verify,150.34079551696777,45.856475830078125,0.0,148.0,39.0,239.13600000000002,239.13600000000002,196.2573025470459,150.34079551696777
340,340,3,draft|draft_verify,52.22916603088379,49.49212074279785,0.0,187.0,13.0,80.1928,80.1928,101.78129717368165,52.22916603088379
340,340,4,draft|draft_verify,179.8858642578125,58.89081954956055,0.0,200.0,46.0,288.124,288.124,238.83672060737305,179.8858642578125
340,340,5,draft|draft_verify,41.661739349365234,58.96639823913574,0.0,246.0,11.0,69.176,69.176,100.68814638850097,58.950856349560546
340,340,6,draft|draft_verify,91.2623405456543,60.14871597290039,0.0,257.0,23.0,146.1968,146.1968,151.47107491855468,91.2623405456543
340,340,7,draft|draft_verify,50.147294998168945,59.88121032714844,0.0,280.0,13.0,82.8712,82.8712,110.0885157253174,60.20873437290039
340,340,8,draft|draft_verify,135.99300384521484,76.14469528198242,0.0,293.0,35.0,226.23680000000002,226.23680000000002,212.19772712719725,135.99300384521484
340,340,9,draft|draft_verify,20.563364028930664,76.7357349395752,0.0,328.0,5.0,31.8728,76.20472328198242,97.35910296850585,76.20472328198242
340,340,10,draft|draft_verify,142.13156700134277,91.64810180664062,0.0,333.0,37.0,242.7496,242.7496,233.8396984079834,142.13156700134277
340,340,11,draft|draft_verify,20.673751831054688,91.7205810546875,0.0,370.0,5.0,32.276,91.70813140664062,112.45433688574218,91.70813140664062
340,340,12,draft|draft_verify,184.01336669921875,123.8565444946289,0.0,375.0,48.0,320.5272,320.5272,307.92994959384765,184.01336669921875
340,340,13,draft|draft_verify,107.7415943145752,123.89564514160156,0.0,423.0,27.0,182.2176,182.2176,231.69726105617676,123.9165828946289
340,340,14,draft|draft_verify,83.8918685913086,124.70149993896484,0.0,450.0,22.0,149.5144,149.5144,208.65338613027342,123.95566674160156
340,340,15,draft|draft_verify,269.5651054382324,127.03442573547363,0.0,472.0,71.0,492.8,492.8,396.65958797370604,269.5651054382324
340,340,16,draft|draft_verify,114.7623062133789,127.60138511657715,0.0,543.0,29.0,203.924,203.924,242.42371452995604,127.09448253547363
340,340,17,draft|draft_verify,85.84809303283691,126.4646053314209,0.0,572.0,21.0,148.5,275.02462213142087,212.3727151642578,254.18603044799806
341,341,1,draft|draft_verify,329.3037414550781,50.150394439697266,0.0,116.0,90.0,550.9896,329.3037414550781,379.5142078947754,329.3037414550781
341,341,2,draft|draft_verify,190.40703773498535,59.38601493835449,0.0,206.0,53.0,333.23600000000005,333.23600000000005,249.85309507333983,190.40703773498535
341,341,3,draft|draft_verify,30.8988094329834,59.42249298095703,0.0,259.0,8.0,50.3384,59.44605733835449,90.38130881394042,59.44605733835449
341,341,4,draft|draft_verify,291.06640815734863,76.74980163574219,0.0,267.0,77.0,497.70320000000004,497.70320000000004,367.8762713930908,291.06640815734863
341,341,5,draft|draft_verify,30.945301055908203,76.97939872741699,0.0,344.0,8.0,51.766400000000004,76.80986323574218,107.98470618332519,76.80986323574218
341,341,6,draft|draft_verify|target|target_rescue_verify,966.2961959838867,267.71020889282227,5670.229434967041,352.0,257.0,1770.3992,5670.229434967041,6904.29604544375,5670.229434967041
341,341,7,draft|draft_verify,32.95016288757324,129.55975532531738,0.0,630.0,7.0,49.3024,133.85510444641113,162.56992381289064,133.85510444641113
341,341,8,draft|draft_verify,168.18594932556152,150.8316993713379,0.0,637.0,44.0,320.5688,320.5688,319.07768389689943,168.18594932556152
341,341,9,draft|draft_verify,32.366275787353516,150.21014213562012,0.0,681.0,8.0,57.428,150.89173457133788,182.63642432297362,150.89173457133788
341,341,10,draft|draft_verify,550.701379776001,174.76606369018555,0.0,689.0,143.0,1079.9984,1079.9984,725.5275578661865,550.701379776001
341,341,11,draft|draft_verify,81.14933967590332,174.98159408569336,0.0,832.0,19.0,145.4128,349.86778737587895,256.1909489615967,349.86778737587895
342,342,1,draft|draft_verify,438.86351585388184,50.68635940551758,0.0,91.0,113.0,688.268,438.86351585388184,489.6099656593994,438.86351585388184
342,342,2,draft|draft_verify,191.0707950592041,59.928178787231445,0.0,204.0,50.0,313.9304,313.9304,251.05901384643553,191.0707950592041
342,342,3,draft|draft_verify,356.84704780578613,78.40704917907715,0.0,254.0,93.0,600.1704000000001,600.1704000000001,435.3141713848633,356.84704780578613
342,342,4,draft|draft_verify,284.03329849243164,93.6732292175293,0.0,347.0,73.0,485.28880000000004,485.28880000000004,377.76658610996094,284.03329849243164
342,342,5,draft|draft_verify|target|target_rescue_verify,381.32357597351074,269.67334747314453,2136.911392211914,420.0,99.0,678.6864,2136.911392211914,2787.9683948585694,2136.911392211914
342,342,6,draft|draft_verify|target|target_rescue_verify,217.18144416809082,255.42426109313965,1074.3708610534668,521.0,56.0,393.908,1074.3708610534668,1547.0366111146973,1074.3708610534668
342,342,7,draft|draft_verify|target|target_rescue_verify,198.6398696899414,261.69276237487793,1140.3861045837402,573.0,51.0,364.56,1140.3861045837402,1600.7787774485596,1140.3861045837402
342,342,8,draft|draft_verify|target|target_rescue_verify,365.7670021057129,305.6213855743408,1658.3318710327148,628.0,95.0,697.6928,1658.3318710327148,2329.7803347127683,1658.3318710327148
342,342,9,draft|draft_verify,275.0546932220459,154.31833267211914,0.0,709.0,71.0,532.616,532.616,429.433082694165,275.0546932220459
342,342,10,draft|draft_verify,190.79995155334473,174.54266548156738,0.0,780.0,49.0,373.9384,373.9384,365.4026562349121,190.79995155334473
342,342,11,draft|draft_verify,268.5511112213135,182.30938911437988,0.0,829.0,69.0,536.9832,536.9832,450.9205555356934,268.5511112213135
342,342,12,draft|draft_verify,206.8336009979248,198.838472366333,0.0,898.0,53.0,419.59760000000006,419.59760000000006,405.7321157642578,206.8336009979248
342,342,13,draft|draft_verify,273.6694812774658,201.04551315307617,0.0,951.0,70.0,565.0816,565.0816,474.77505043054197,273.6694812774658
342,342,14,draft|draft_verify,174.47352409362793,223.91343116760254,0.0,1021.0,45.0,368.4936,368.4936,398.44699126123044,201.10556915307617
342,342,15,draft|draft_verify,117.96736717224121,226.29547119140625,0.0,1066.0,30.0,247.43760000000003,247.43760000000003,344.32286236364746,223.97346716760254
342,342,16,draft|draft_verify,157.0897102355957,228.4829616546631,0.0,1096.0,39.0,325.5936,325.5936,385.6327030902588,226.35549519140625
342,342,17,draft|draft_verify|target|backtracking_verify,335.19649505615234,511.1713409423828,1543.4610843658447,1135.0,85.0,725.284,1543.4610843658447,2389.8889883643797,1543.4610843658447
342,342,18,draft|draft_verify|target|target_rescue_verify,335.27421951293945,1027.799129486084,2040.4407978057861,2430.0,84.0,974.5824,2765.7122132174563,3403.5742140048096,2554.340362548828
342,342,19,draft|draft_verify,155.24959564208984,276.1819362640381,0.0,1273.0,38.0,332.8496,609.091566664038,431.4915623061279,533.191749035559
343,343,1,draft|draft_verify,292.2933101654053,50.34160614013672,0.0,124.0,78.0,477.8424,292.2933101654053,342.694978705542,292.2933101654053
343,343,2,draft|draft_verify,89.01143074035645,50.02236366271973,0.0,202.0,24.0,149.5728,149.5728,139.09381360307617,89.01143074035645
343,343,3,draft|draft_verify,41.35608673095703,56.25319480895996,0.0,226.0,11.0,68.696,68.696,97.66929033991698,50.082382862719726
343,343,4,draft|draft_verify|target|target_rescue_verify,238.42358589172363,146.9402313232422,1726.2423038482666,237.0,63.0,401.57280000000003,1726.2423038482666,2111.6661714632323,1726.2423038482666
343,343,5,draft|draft_verify,25.493383407592773,83.02950859069824,0.0,319.0,6.0,38.303999999999995,73.4701156616211,108.58289679829102,73.4701156616211
343,343,6,draft|draft_verify,205.68466186523438,91.14313125610352,0.0,325.0,53.0,348.08720000000005,348.08720000000005,296.8878355213379,205.68466186523438
343,343,7,draft|draft_verify,40.181875228881836,91.97711944580078,0.0,378.0,10.0,65.67280000000001,91.20317365610352,132.21900267468263,91.20317365610352
343,343,8,draft|draft_verify,131.9732666015625,91.95995330810547,0.0,388.0,34.0,227.236,227.236,223.99324710966798,131.9732666015625
343,343,9,draft|draft_verify,35.71796417236328,124.16672706604004,0.0,422.0,9.0,59.848800000000004,92.01998050810546,159.94469843840332,92.01998050810546
343,343,10,draft|draft_verify,122.90716171264648,124.92609024047852,0.0,431.0,32.0,216.9368,216.9368,247.89327755312502,124.22673426604004
343,343,11,draft|draft_verify|target|target_rescue_verify,125.28777122497559,252.80308723449707,561.7749691009521,463.0,32.0,219.3176,561.7749691009521,939.9258531604248,561.7749691009521
343,343,12,draft|draft_verify,86.78126335144043,126.12581253051758,0.0,488.0,22.0,151.4296,151.4296,212.967093481958,126.40154361724854
343,343,13,draft|draft_verify,24.913311004638672,141.69883728027344,0.0,510.0,6.0,40.596,126.18583013051757,166.6721530849121,126.18583013051757
343,343,14,draft|draft_verify,157.22060203552246,126.62482261657715,0.0,516.0,41.0,286.844,286.844,283.9054574520996,157.22060203552246
343,343,15,draft|draft_verify,54.489850997924805,126.91473960876465,0.0,557.0,14.0,97.9568,126.68485541657715,181.46460180668944,126.68485541657715
343,343,16,draft|draft_verify,66.19691848754883,125.75721740722656,0.0,571.0,17.0,119.83279999999999,126.97475080876465,192.01414949477538,126.97475080876465
343,343,17,draft|draft_verify,136.57855987548828,131.09803199768066,0.0,588.0,35.0,250.3088,250.3088,267.73661987316893,136.57855987548828
343,343,18,draft|draft_verify|target|target_rescue_verify,144.57321166992188,283.98633003234863,872.3907470703125,623.0,36.0,260.48400000000004,872.3907470703125,1301.010317572583,872.3907470703125
343,343,19,draft|draft_verify,79.43916320800781,151.83043479919434,0.0,663.0,20.0,145.4888,145.4888,231.32961400720217,141.99316501617432
343,343,20,draft|draft_verify,78.14955711364746,151.75318717956543,0.0,683.0,20.0,146.4008,151.89045079919433,229.9627602932129,151.89045079919433
343,343,21,draft|draft_verify|target|target_rescue_verify,315.0064945220947,326.94411277770996,717.8897857666016,703.0,83.0,622.9376,786.4697227888549,1359.9004594664061,717.8897857666016
343,343,22,draft|draft_verify,86.10272407531738,154.18124198913574,0.0,737.0,22.0,163.9792,163.9792,240.3439836644531,163.47205638885498
343,343,23,draft|draft_verify|target|backtracking_verify,90.00682830810547,348.2835292816162,515.9862041473389,759.0,23.0,172.7024,515.9862041473389,954.3365801370605,515.9862041473389
343,343,25,draft|draft_verify|target|target_rescue_verify,212.07284927368164,387.7990245819092,2562.798023223877,802.0,55.0,423.2032,2756.6975355148315,3162.7299410794676,2756.6975355148315
344,344,1,draft|draft_verify,349.55406188964844,50.763845443725586,0.0,123.0,79.0,483.88000000000005,349.55406188964844,400.377970533374,349.55406188964844
344,344,2,draft|draft_verify|target|target_rescue_verify,459.92279052734375,129.84275817871094,935.8506202697754,202.0,102.0,646.8072,935.8506202697754,1525.6762505758302,935.8506202697754
344,344,3,draft|draft_verify,292.952299118042,85.94965934753418,0.0,245.0,75.0,480.672,480.672,378.9620184655762,292.952299118042
344,344,4,draft|draft_verify|target|target_rescue_verify,111.8009090423584,167.36555099487305,679.6083450317383,320.0,29.0,188.9384,679.6083450317383,958.8348282689697,679.6083450317383
344,344,5,draft|draft_verify,257.0455074310303,99.52616691589355,0.0,352.0,68.0,452.3888,452.3888,356.63172874692384,257.0455074310303
344,344,6,draft|draft_verify,175.28486251831055,135.67733764648438,0.0,420.0,46.0,311.884,311.884,311.02223696479496,175.28486251831055
344,344,7,draft|draft_verify,92.52786636352539,124.63641166687012,0.0,466.0,24.0,164.1456,164.1456,217.2242972303955,135.73737444648438
344,344,8,draft|draft_verify,389.1489505767822,128.04532051086426,0.0,490.0,100.0,702.304,702.304,517.2543510876465,389.1489505767822
344,344,9,draft|draft_verify,161.99970245361328,131.87599182128906,0.0,590.0,42.0,301.2024,301.2024,293.93572787490234,161.99970245361328
344,344,10,draft|draft_verify,149.46818351745605,131.38961791992188,0.0,632.0,39.0,283.2768,283.2768,280.91783263737796,149.46818351745605
344,344,11,draft|draft_verify|target|target_rescue_verify,409.63053703308105,312.8974437713623,803.5798072814941,671.0,105.0,783.2856,939.7944058856812,1526.1678720859375,803.5798072814941
344,344,12,draft|draft_verify,23.052215576171875,151.66211128234863,0.0,706.0,5.0,35.5016,156.44872188568115,174.7743308585205,156.44872188568115
344,344,13,draft|draft_verify,63.211917877197266,152.39763259887695,0.0,711.0,16.0,117.724,151.72211528234862,215.66956327607423,151.72211528234862
344,344,14,draft|draft_verify,127.53605842590332,154.07419204711914,0.0,727.0,33.0,246.5208,246.5208,281.67027687302243,152.45764539887696
344,344,15,draft|draft_verify,103.82699966430664,156.91804885864258,0.0,760.0,26.0,195.62,195.62,260.80506932294924,154.13421844711914
344,344,16,draft|draft_verify,65.79995155334473,173.63834381103516,0.0,786.0,16.0,120.424,156.97806965864257,239.49830816437986,156.97806965864257
344,344,17,draft|draft_verify,52.91938781738281,165.70711135864258,0.0,802.0,12.0,90.21119999999999,339.4654775696778,218.6865087760254,339.4654775696778
345,345,1,draft|draft_verify,470.0150489807129,57.96098709106445,0.0,122.0,124.0,766.0767999999999,470.0150489807129,528.0361352717773,470.0150489807129
345,345,2,draft|draft_verify,111.71674728393555,59.21745300292969,0.0,246.0,29.0,183.9656,183.9656,170.99422348686522,111.71674728393555
345,345,3,draft|draft_verify,212.77928352355957,76.40409469604492,0.0,275.0,56.0,361.436,361.436,289.2434230196045,212.77928352355957
345,345,4,draft|draft_verify|target|target_rescue_verify,454.6506404876709,234.57717895507812,1567.051649093628,331.0,121.0,807.292,1567.051649093628,2256.339565336377,1567.051649093628
345,345,5,draft|draft_verify,139.73498344421387,123.74496459960938,0.0,404.0,35.0,235.2944,235.2944,263.53997604382323,139.73498344421387
345,345,6,draft|draft_verify,139.2204761505127,124.52840805053711,0.0,439.0,36.0,245.02800000000002,245.02800000000002,263.8089130010498,139.2204761505127
345,345,7,draft|draft_verify|target|target_rescue_verify,276.6563892364502,262.6521587371826,422.8203296661377,475.0,70.0,486.25600000000003,617.6421353685913,962.1889336397705,422.8203296661377
345,345,8,draft|draft_verify,251.62935256958008,127.40159034729004,0.0,494.0,65.0,453.97040000000004,453.97040000000004,379.09099491687016,251.62935256958008
345,345,9,draft|draft_verify,99.29013252258301,127.41971015930176,0.0,559.0,25.0,176.4184,176.4184,226.76986268188477,127.46164234729004
345,345,10,draft|draft_verify,246.5980052947998,131.35552406311035,0.0,584.0,65.0,467.7944,467.7944,378.0135813579102,246.5980052947998
345,345,11,draft|draft_verify,224.68996047973633,151.78966522216797,0.0,649.0,59.0,433.10720000000003,433.10720000000003,376.5396729019043,224.68996047973633
345,345,12,draft|draft_verify|target|target_rescue_verify,450.136661529541,329.1008472442627,887.4802589416504,708.0,118.0,892.6936000000001,1057.3041180221314,1666.7778621154541,887.4802589416504
345,345,13,draft|draft_verify,44.641971588134766,152.6501178741455,0.0,748.0,11.0,81.22399999999999,164.55042362213135,197.35209826228026,164.55042362213135
345,345,14,draft|draft_verify|target|target_rescue_verify,288.0971431732178,329.2982578277588,672.529935836792,759.0,76.0,579.7,744.4091897138794,1289.9853976377685,672.529935836792
345,345,15,draft|draft_verify,33.82229804992676,173.5079288482666,0.0,791.0,8.0,59.276,164.6491289138794,207.39023329819335,164.6491289138794
345,345,16,draft|draft_verify,138.45062255859375,174.98135566711426,0.0,799.0,36.0,275.26800000000003,275.26800000000003,313.492007025708,173.5679352482666
345,345,17,draft|draft_verify,22.158384323120117,172.69468307495117,0.0,835.0,5.0,36.74,175.04138446711426,194.91307139807128,175.04138446711426
345,345,18,draft|draft_verify|target|target_rescue_verify,243.40224266052246,355.3149700164795,859.2791557312012,840.0,64.0,499.20640000000003,859.2791557312012,1458.0564196082032,859.2791557312012
345,345,19,draft|draft_verify,22.685766220092773,176.48077011108398,0.0,881.0,5.0,37.1816,177.65748500823975,199.22654033117675,177.65748500823975
345,345,20,draft|draft_verify|target|target_rescue_verify,151.66640281677246,377.3810863494873,373.5699653625488,886.0,39.0,306.4416,495.1921743747437,902.6774857288086,373.5699653625488
345,345,21,draft|draft_verify,56.38766288757324,198.90975952148438,0.0,903.0,14.0,108.752,188.69054317474365,255.3574336090576,188.69054317474365
345,345,22,draft|draft_verify|target|target_rescue_verify,183.14719200134277,401.42130851745605,733.5147857666016,917.0,48.0,381.66479999999996,733.5147857666016,1318.1433246854003,733.5147857666016
345,345,23,draft|draft_verify,23.412227630615234,200.58417320251465,0.0,952.0,5.0,37.863200000000006,200.71065425872803,224.05640483312987,200.71065425872803
345,345,24,draft|draft_verify,91.0184383392334,200.49214363098145,0.0,957.0,23.0,183.1568,200.64417720251464,291.57060037021483,200.64417720251464
345,345,25,draft|draft_verify|target|target_rescue_verify,368.8056468963623,456.27379417419434,1180.3793907165527,980.0,97.0,793.7464,1180.3793907165527,2005.5189093871095,1180.3793907165527
345,345,26,draft|draft_verify,137.2544765472412,228.53469848632812,0.0,1037.0,35.0,286.9472,286.9472,365.8492030335693,228.13689708709717
345,345,27,draft|draft_verify,167.02604293823242,229.9337387084961,0.0,1072.0,43.0,357.0448,357.0448,397.0198160467285,228.5947264863281
345,345,28,draft|draft_verify,68.74275207519531,230.6227684020996,0.0,1115.0,16.0,132.268,460.67655431059575,299.4255332772949,460.67655431059575
346,346,1,draft|draft_verify,184.9210262298584,29.668807983398438,0.0,91.0,50.0,300.6416,184.9210262298584,214.64987421325682,184.9210262298584
346,346,2,draft|draft_verify|target|target_rescue_verify,279.06203269958496,81.7861557006836,429.13031578063965,141.0,77.0,474.7208,515.6739394503418,790.0385657809081,429.13031578063965
346,346,3,draft|draft_verify,61.76352500915527,30.03978729248047,0.0,160.0,16.0,97.888,97.888,91.86332510163575,61.76352500915527
346,346,4,draft|draft_verify,238.36064338684082,57.54280090332031,0.0,176.0,63.0,392.496,392.496,295.96349469016116,238.36064338684082
346,346,5,draft|draft_verify,51.503896713256836,58.76612663269043,0.0,239.0,13.0,81.69040000000001,81.69040000000001,110.33003374594728,57.602851303320314
346,346,6,draft|draft_verify,97.64766693115234,61.161041259765625,0.0,252.0,24.0,152.3328,152.3328,158.86872739091797,97.64766693115234
346,346,7,draft|draft_verify,40.83108901977539,63.54093551635742,0.0,276.0,10.0,63.46960000000001,63.46960000000001,104.43203253613282,61.221060459765624
346,346,8,draft|draft_verify,174.11208152770996,77.73351669311523,0.0,286.0,43.0,277.81600000000003,277.81600000000003,251.9056326208252,174.11208152770996
346,346,9,draft|draft_verify,20.901918411254883,76.7972469329834,0.0,329.0,5.0,31.882400000000004,77.79355109311524,97.75916934423827,77.79355109311524
346,346,10,draft|draft_verify|target|target_rescue_verify,171.64230346679688,184.952974319458,978.8634777069092,334.0,45.0,295.9464,978.8634777069092,1335.518791493164,978.8634777069092
346,346,11,draft|draft_verify,18.24498176574707,92.01955795288086,0.0,380.0,4.0,25.7104,92.476487159729,110.32454291862793,92.476487159729
346,346,12,draft|draft_verify|target|target_rescue_verify,149.5647430419922,266.6819095611572,1790.262222290039,384.0,39.0,260.6592,1790.262222290039,2206.5689060931886,1790.262222290039
346,346,13,draft|draft_verify,59.0822696685791,126.39856338500977,0.0,472.0,15.0,102.2112,133.3409547805786,185.54084505358887,133.3409547805786
346,346,14,draft|draft_verify,180.9079647064209,136.20710372924805,0.0,487.0,45.0,312.1032,312.1032,317.1751044356689,180.9079647064209
346,346,15,draft|draft_verify,38.14077377319336,126.46842002868652,0.0,532.0,9.0,61.960800000000006,136.26713972924804,164.66920100187988,136.26713972924804
346,346,16,draft|draft_verify,190.06657600402832,127.2573471069336,0.0,541.0,48.0,339.25199999999995,339.25199999999995,317.3839615109619,190.06657600402832
346,346,17,draft|draft_verify,16.670703887939453,127.8829574584961,0.0,589.0,4.0,27.215200000000003,127.31738550693359,144.61366454643556,127.31738550693359
346,346,18,draft|draft_verify,192.44909286499023,132.0488452911377,0.0,593.0,48.0,345.1176,345.1176,324.5579765561279,192.44909286499023
346,346,19,draft|draft_verify,189.4214153289795,152.9695987701416,0.0,641.0,48.0,350.532,350.532,342.4510524991211,189.4214153289795
346,346,20,draft|draft_verify,22.30691909790039,152.02784538269043,0.0,689.0,5.0,35.3384,153.0296371701416,174.3947684805908,153.0296371701416
346,346,21,draft|draft_verify,193.38274002075195,161.1640453338623,0.0,694.0,48.0,356.5104,356.5104,354.60682375461425,193.38274002075195
346,346,22,draft|draft_verify,195.9214210510254,174.22914505004883,0.0,742.0,48.0,361.9248,361.9248,370.2106045010742,195.9214210510254
346,346,23,draft|draft_verify,17.1658992767334,165.77649116516113,0.0,790.0,4.0,28.6624,174.28918345004882,183.00239364189454,174.28918345004882
346,346,24,draft|draft_verify,194.93842124938965,177.45327949523926,0.0,794.0,48.0,367.7904,367.7904,372.4517391446289,194.93842124938965
346,346,25,draft|draft_verify,194.4894790649414,178.13897132873535,0.0,842.0,48.0,373.2048,373.2048,372.68848879367675,194.4894790649414
346,346,26,draft|draft_verify,193.99046897888184,200.7143497467041,0.0,890.0,48.0,378.6192,378.6192,394.76485712558593,193.99046897888184
346,346,27,draft|draft_verify,196.0163116455078,211.47847175598145,0.0,938.0,48.0,384.0336,384.0336,407.55482180148925,200.7743881467041
346,346,28,draft|draft_verify,190.934419631958,226.87458992004395,0.0,986.0,48.0,389.448,389.448,417.86904795200195,211.53851015598144
346,346,29,draft|draft_verify,187.2859001159668,229.3534278869629,0.0,1034.0,48.0,394.8624,394.8624,416.6993664029297,226.93462832004394
346,346,30,draft|draft_verify,190.22703170776367,231.23741149902344,0.0,1082.0,48.0,400.2768,400.2768,421.5244816067871,229.4134662869629
346,346,31,draft|draft_verify,183.93802642822266,249.62425231933594,0.0,1130.0,48.0,405.6912,405.6912,433.6223171475586,231.29744989902343
346,346,32,draft|draft_verify,192.86775588989258,257.88044929504395,0.0,1178.0,48.0,411.1056,411.1056,450.8082435849365,249.68429071933593
346,346,33,draft|draft_verify,193.7272548675537,271.0385322570801,0.0,1226.0,48.0,416.52,416.52,464.8258255246338,257.94048769504394
346,346,34,draft|draft_verify,196.80285453796387,278.078556060791,0.0,1274.0,48.0,421.9344,421.9344,474.9414489987549,271.0985706570801
346,346,35,draft|draft_verify,195.8770751953125,278.5532474517822,0.0,1322.0,48.0,427.3488,427.3488,474.4903610470947,278.138594460791
346,346,36,draft|draft_verify,193.72129440307617,308.66122245788574,0.0,1370.0,48.0,432.7632,432.7632,502.4425552609619,278.6132858517822
346,346,37,draft|draft_verify,184.95845794677734,313.1077289581299,0.0,1418.0,48.0,438.1776,438.1776,498.1262253049072,308.72126085788574
346,346,38,draft|draft_verify,188.4465217590332,313.7478828430176,0.0,1466.0,48.0,443.592,443.592,502.2544430020508,313.1677673581299
346,346,39,draft|draft_verify,189.09239768981934,330.86538314819336,0.0,1514.0,48.0,449.0064,449.0064,520.0178192380126,313.8079212430176
346,346,40,draft|draft_verify,191.89858436584473,333.8580131530762,0.0,1562.0,48.0,454.4208,454.4208,525.8166359189208,330.92542154819336
346,346,41,draft|draft_verify,196.44594192504883,350.6431579589844,0.0,1610.0,48.0,459.8352,459.8352,547.1491382840331,333.91805155307617
346,346,42,draft|draft_verify,184.4944953918457,361.6042137145996,0.0,1658.0,48.0,465.2496,465.2496,546.1587475064453,350.70319635898437
346,346,43,draft|draft_verify,187.53743171691895,376.8126964569092,0.0,1706.0,48.0,470.664,470.664,564.4101665738281,361.6642521145996
346,346,44,draft|draft_verify,186.05375289916992,389.0702724456787,0.0,1754.0,48.0,476.0784,476.0784,575.1840637448486,376.8727348569092
346,346,45,draft|draft_verify,185.9281063079834,394.99640464782715,0.0,1802.0,48.0,481.4928,481.4928,580.9845493558105,389.1303108456787
346,346,46,draft|draft_verify,186.52987480163574,403.86462211608887,0.0,1850.0,48.0,486.9072,486.9072,590.4545353177245,395.05644304782714
346,346,47,draft|draft_verify,190.7343864440918,406.96072578430176,0.0,1898.0,48.0,492.3216,492.3216,597.7551506283935,403.92466051608886
346,346,48,draft|draft_verify,193.2516098022461,409.49225425720215,0.0,1946.0,48.0,497.736,497.736,602.8039024594482,407.02076418430175
346,346,49,draft|draft_verify,196.5806484222412,437.56985664367676,0.0,1994.0,48.0,503.1504,503.1504,634.2105434659179,409.55229265720214
346,346,50,draft|draft_verify,195.26076316833496,424.30567741394043,0.0,2042.0,48.0,508.56479999999993,932.9305158139404,619.6264789822753,861.9956108576172
347,347,1,draft|draft_verify|target|target_rescue_verify,376.0058879852295,148.99682998657227,3085.785150527954,205.0,100.0,634.588,3085.785150527954,3610.847948499756,3085.785150527954
347,347,2,draft|draft_verify|target|target_rescue_verify,417.71984100341797,276.54194831848145,3412.1389389038086,355.0,109.0,731.8023999999999,3412.1389389038086,4106.460815425708,3412.1389389038086
347,347,3,draft|draft_verify|target|target_rescue_verify,190.01317024230957,256.7002773284912,1277.4090766906738,524.0,49.0,344.4472,1277.4090766906738,1724.1825634614747,1277.4090766906738
347,347,4,draft|draft_verify|target|target_rescue_verify,257.83681869506836,296.30446434020996,2679.6810626983643,586.0,68.0,490.01599999999996,2679.6810626983643,3233.8824001336425,2679.6810626983643
347,347,5,draft|draft_verify|target|target_rescue_verify,652.0345211029053,368.37124824523926,3916.1479473114014,718.0,164.0,1254.32,3916.1479473114014,4936.613847859546,3916.1479473114014
347,347,6,draft|draft_verify,93.18280220031738,177.89006233215332,0.0,911.0,22.0,172.7488,362.135704054773,271.1328821324707,362.135704054773
348,348,1,draft|draft_verify,648.7579345703125,78.64189147949219,0.0,206.0,166.0,1067.284,648.7579345703125,727.4599588498047,648.7579345703125
348,348,2,draft|draft_verify|target|target_rescue_verify,2390.463352203369,355.7589054107666,4029.017686843872,372.0,589.0,4321.4248,4499.3647239053835,6775.300415658008,4029.017686843872
348,348,3,draft|draft_verify|target|target_rescue_verify,1088.365077972412,318.10712814331055,2361.5455627441406,567.0,269.0,1995.2648,2361.5455627441406,3768.0779840598634,2361.5455627441406
348,348,4,draft|draft_verify|target|target_rescue_verify,433.6240291595459,354.2044162750244,3985.5380058288574,683.0,106.0,793.912,3985.5380058288574,4773.426536063428,3985.5380058288574
348,348,5,draft|draft_verify,95.24679183959961,182.6162338256836,0.0,880.0,22.0,171.1864,359.77845956319584,277.9230432652832,359.77845956319584
349,349,1,draft|draft_verify,199.72586631774902,31.164169311523438,0.0,106.0,54.0,326.87760000000003,199.72586631774902,230.95007882927246,199.72586631774902
349,349,2,draft|draft_verify|target|backtracking_verify,775.0062942504883,136.03544235229492,1675.5404472351074,160.0,196.0,1245.7839999999999,1675.5404472351074,2586.642340637891,1675.5404472351074
349,349,3,draft|draft_verify|target|target_rescue_verify,698.5483169555664,368.1793212890625,7410.873174667358,598.0,173.0,1275.5816,7410.873174667358,8477.660951311987,7410.873174667358
349,349,4,draft|draft_verify,121.09541893005371,60.56094169616699,0.0,267.0,31.0,198.28,198.28,181.7163854262207,184.08966064453125
349,349,5,draft|draft_verify,193.2060718536377,76.56240463256836,0.0,298.0,47.0,305.27360000000004,305.27360000000004,269.82851408620604,193.2060718536377
349,349,6,draft|draft_verify,53.960561752319336,76.38311386108398,0.0,345.0,14.0,91.3424,91.3424,130.4036868134033,76.62244223256836
349,349,7,draft|draft_verify|target|target_rescue_verify,815.6964778900146,221.67730331420898,1294.5351600646973,359.0,209.0,1431.0392000000002,1541.9380188571047,2331.969108468921,1294.5351600646973
349,349,8,draft|draft_verify,175.75907707214355,123.58927726745605,0.0,421.0,44.0,298.2776,298.2776,299.4083895395996,175.75907707214355
349,349,9,draft|draft_verify,200.93083381652832,125.15544891357422,0.0,465.0,51.0,351.6,351.6,326.14632353010256,200.93083381652832
349,349,10,draft|draft_verify,218.32585334777832,127.9761791229248,0.0,516.0,56.0,393.248,393.248,346.36207727070314,218.32585334777832
349,349,11,draft|draft_verify,133.5885524749756,127.8684139251709,0.0,572.0,35.0,249.0032,249.0032,261.5169944001465,133.5885524749756
349,349,12,draft|draft_verify,384.2811584472656,152.73284912109375,0.0,607.0,99.0,722.6687999999999,722.6687999999999,537.0740867683594,384.2811584472656
349,349,13,draft|draft_verify,428.84016036987305,173.33388328552246,0.0,706.0,112.0,845.8768,845.8768,602.2341332553956,428.84016036987305
349,349,14,draft|draft_verify,254.180908203125,182.10387229919434,0.0,818.0,66.0,511.596,511.596,436.34483330231933,254.180908203125
349,349,15,draft|draft_verify|target|target_rescue_verify,116.79196357727051,379.0879249572754,1585.735559463501,884.0,29.0,226.8392,1585.735559463501,2081.675471198047,1585.735559463501
349,349,16,draft|draft_verify,137.92943954467773,201.27129554748535,0.0,955.0,35.0,280.256,280.256,339.2607630921631,189.5439624786377
349,349,17,draft|draft_verify,219.2234992980957,211.25388145446777,0.0,990.0,56.0,455.816,667.1299262544677,430.5374255525635,430.5374255525635
350,350,1,draft|draft_verify,246.1862564086914,47.10268974304199,0.0,121.0,67.0,409.05280000000005,246.1862564086914,293.3489997517334,246.1862564086914
350,350,2,draft|draft_verify|target|target_rescue_verify,258.79812240600586,127.4118423461914,1676.276683807373,188.0,71.0,445.088,1676.276683807373,2062.5467053595703,1676.276683807373
350,350,3,draft|draft_verify,303.1964302062988,86.05647087097168,0.0,268.0,79.0,511.024,511.024,389.3129642772705,303.1964302062988
350,350,4,draft|draft_verify|target|target_rescue_verify,142.4734592437744,205.308198928833,882.7567100524902,347.0,36.0,237.3,882.7567100524902,1230.5983970250977,882.7567100524902
350,350,5,draft|draft_verify,135.725736618042,102.84829139709473,0.0,389.0,35.0,234.0704,234.0704,238.6340560151367,135.725736618042
350,350,6,draft|draft_verify,242.07496643066406,125.34499168395996,0.0,424.0,64.0,436.30719999999997,436.30719999999997,367.480009314624,242.07496643066406
350,350,7,draft|draft_verify|target|backtracking_verify,237.96916007995605,302.6120662689209,4107.639789581299,488.0,62.0,431.86159999999995,4107.639789581299,4648.2810655301755,4107.639789581299
350,350,8,draft|draft_verify|target|target_rescue_verify,387.4819278717041,563.5454654693604,2181.3857555389404,1241.0,99.0,871.7855999999999,2463.1584882736206,3132.473228080005,2463.1584882736206
350,350,9,draft|draft_verify|target|target_rescue_verify,441.4477348327637,418.764591217041,971.9500541687012,1345.0,111.0,1006.8719999999998,1425.6966800170408,1832.2224690185058,1181.3323497772217
351,351,1,draft|draft_verify,125.59318542480469,30.892610549926758,0.0,127.0,34.0,206.5648,125.59318542480469,156.54582317473142,125.59318542480469
351,351,2,draft|draft_verify,371.5229034423828,58.91776084899902,0.0,161.0,99.0,617.7696,617.7696,430.50074349138185,371.5229034423828
351,351,3,draft|draft_verify|target|target_rescue_verify,425.9672164916992,180.50909042358398,2923.8767623901367,260.0,110.0,713.804,2923.8767623901367,3530.41315730542,2923.8767623901367
351,351,4,draft|draft_verify,182.0361614227295,140.7008171081543,0.0,402.0,45.0,303.1272,303.1272,322.79701453088376,182.0361614227295
351,351,5,draft|draft_verify,321.92254066467285,141.74413681030273,0.0,447.0,82.0,565.5472,565.5472,463.72674307497556,321.92254066467285
351,351,6,draft|draft_verify,967.1506881713867,154.53767776489258,0.0,529.0,248.0,1810.6183999999998,1810.6183999999998,1121.7485643362793,967.1506881713867
351,351,7,draft|draft_verify,163.08999061584473,173.63619804382324,0.0,777.0,41.0,311.9,311.9,336.78622145966796,163.08999061584473
351,351,8,draft|draft_verify,308.948278427124,183.4859848022461,0.0,818.0,79.0,613.984,613.984,492.4943264293701,308.948278427124
351,351,9,draft|draft_verify,248.62122535705566,199.9213695526123,0.0,897.0,63.0,499.7808,499.7808,448.602645309668,248.62122535705566
351,351,10,draft|draft_verify,122.10917472839355,199.42116737365723,0.0,960.0,30.0,240.06,439.5411913736572,321.5903661020508,399.46261132626955
352,352,1,draft|draft_verify,311.6114139556885,30.750274658203125,0.0,88.0,78.0,471.18960000000004,311.6114139556885,342.4217510138916,311.6114139556885
352,352,2,draft|draft_verify,123.93021583557129,48.97451400756836,0.0,166.0,34.0,209.65359999999998,209.65359999999998,172.96475704313963,123.93021583557129
352,352,3,draft|draft_verify|target|target_rescue_verify,149.10626411437988,106.8878173828125,312.33668327331543,200.0,41.0,256.508,312.33668327331543,568.3907975705079,312.33668327331543
352,352,4,draft|draft_verify,182.33036994934082,60.146331787109375,0.0,212.0,49.0,308.5048,308.5048,242.5367409364502,182.33036994934082
352,352,5,draft|draft_verify|target|target_rescue_verify,292.65904426574707,174.11231994628906,2035.4104042053223,261.0,75.0,483.5136,2035.4104042053223,2502.241828417358,2035.4104042053223
352,352,6,draft|draft_verify,319.1080093383789,141.9699192047119,0.0,361.0,81.0,542.028,542.028,461.13799334309084,319.1080093383789
352,352,7,draft|draft_verify,62.76130676269531,124.26018714904785,0.0,442.0,16.0,108.04,142.0299840047119,187.08150671174317,142.0299840047119
352,352,8,draft|draft_verify,104.95662689208984,124.85003471374512,0.0,458.0,27.0,184.40160000000003,184.40160000000003,229.86668320583496,124.32019994904785
352,352,9,draft|draft_verify,174.29828643798828,141.69716835021973,0.0,485.0,45.0,311.892,311.892,316.055490788208,174.29828643798828
352,352,10,draft|draft_verify,103.57117652893066,126.24883651733398,0.0,530.0,27.0,188.89440000000002,188.89440000000002,229.88003464626465,141.75720435021972
352,352,11,draft|draft_verify,161.30495071411133,126.34158134460449,0.0,557.0,42.0,297.9552,297.9552,287.7065656587158,161.30495071411133
352,352,12,draft|draft_verify|target|target_rescue_verify,436.4471435546875,369.9221611022949,7404.2322635650635,599.0,114.0,832.2672,7404.2322635650635,8210.661659422047,7404.2322635650635
352,352,13,draft|draft_verify,61.273813247680664,199.3393898010254,0.0,964.0,14.0,110.6552,184.96108055114746,260.6732142487061,184.96108055114746
352,352,14,draft|draft_verify,121.91128730773926,201.38907432556152,0.0,978.0,31.0,249.47199999999998,249.47199999999998,323.3603864333008,199.39940100102538
352,352,15,draft|draft_verify,89.26129341125488,203.17864418029785,0.0,1009.0,22.0,177.688,201.44909912556153,292.4999551915527,201.44909912556153
352,352,16,draft|draft_verify,315.4182434082031,221.95839881896973,0.0,1031.0,81.0,670.668,670.668,537.4367070271728,315.4182434082031
352,352,17,draft|draft_verify,136.25216484069824,229.31718826293945,0.0,1112.0,35.0,293.0672,293.0672,365.6293811036377,222.01846361896972
352,352,18,draft|draft_verify,274.3854522705078,255.4023265838623,0.0,1147.0,72.0,614.8632,614.8632,529.84783645437,274.3854522705078
352,352,19,draft|draft_verify,67.30318069458008,256.67452812194824,0.0,1219.0,17.0,144.716,255.4623841838623,324.0377224165283,255.4623841838623
352,352,20,draft|draft_verify,51.92685127258301,246.8569278717041,0.0,1236.0,12.0,101.66879999999999,503.65147919365234,298.8437887442871,503.65147919365234
353,353,1,draft|draft_verify,184.01098251342773,31.674861907958984,0.0,126.0,50.0,304.7576,184.01098251342773,215.7458844213867,184.01098251342773
353,353,2,draft|draft_verify|target|target_rescue_verify,640.282392501831,136.29770278930664,789.7059917449951,176.0,157.0,996.4648000000001,1064.6737769946535,1566.3462126361328,789.7059917449951
353,353,3,draft|draft_verify|target|target_rescue_verify,275.20298957824707,135.6186866760254,1090.219259262085,213.0,71.0,449.288,1090.219259262085,1501.1009923163574,1090.219259262085
353,353,4,draft|draft_verify,80.2297592163086,67.04044342041016,0.0,266.0,20.0,127.38560000000001,127.38560000000001,147.33021863671877,80.2297592163086
353,353,5,draft|draft_verify,157.4697494506836,85.62445640563965,0.0,286.0,41.0,264.764,264.764,243.15423865632323,157.4697494506836
353,353,6,draft|draft_verify|target|target_rescue_verify,288.1276607513428,193.10736656188965,1023.9770412445068,327.0,76.0,501.94,1023.9770412445068,1505.2721293577392,1023.9770412445068
353,353,7,draft|draft_verify|target|backtracking_verify,128.24273109436035,185.84418296813965,690.8910274505615,376.0,33.0,219.56400000000002,690.8910274505615,1005.0379679130615,690.8910274505615
353,353,8,draft|draft_verify|target|target_rescue_verify,315.1819705963135,499.36676025390625,1949.1844177246094,818.0,81.0,629.7719999999999,2198.8677978515625,2763.793213374829,2198.8677978515625
353,353,9,draft|draft_verify,145.32113075256348,126.4946460723877,0.0,469.0,37.0,254.5,254.5,271.8758064249512,145.32113075256348
353,353,10,draft|draft_verify,109.83490943908691,135.2856159210205,0.0,506.0,28.0,194.416,194.416,245.1805477601074,126.55467567238769
353,353,11,draft|draft_verify,28.584003448486328,134.84525680541992,0.0,534.0,7.0,47.92,135.34563832102052,163.48926585390626,135.34563832102052
353,353,12,draft|draft_verify,51.995038986206055,126.8773078918457,0.0,541.0,13.0,90.388,134.90526240541993,178.93235727805177,134.90526240541993
353,353,13,draft|draft_verify,139.60933685302734,125.97465515136719,0.0,554.0,36.0,254.68800000000002,254.68800000000002,265.64402080439453,139.60933685302734
353,353,14,draft|draft_verify,97.49293327331543,129.90093231201172,0.0,590.0,25.0,178.204,178.204,227.45388558532716,126.03468395136719
353,353,15,draft|draft_verify,55.89604377746582,127.36964225769043,0.0,615.0,14.0,99.7664,129.96095231201173,183.32569723515624,129.96095231201173
353,353,16,draft|draft_verify,180.6635856628418,151.64923667907715,0.0,629.0,47.0,341.81600000000003,341.81600000000003,332.37285994191893,180.6635856628418
353,353,17,draft|draft_verify,111.67001724243164,157.34124183654785,0.0,676.0,29.0,212.8616,212.8616,269.0712822789795,151.70927427907714
353,353,18,draft|draft_verify|target|target_rescue_verify,164.11328315734863,343.11389923095703,2250.3693103790283,705.0,40.0,297.46000000000004,2250.3693103790283,2757.656524767334,2250.3693103790283
353,353,19,draft|draft_verify,155.79462051391602,182.3890209197998,0.0,813.0,40.0,307.5688,307.5688,338.2436734337158,171.55694961547852
353,353,20,draft|draft_verify,82.91959762573242,175.22001266479492,0.0,853.0,21.0,161.988,182.4490529197998,258.1996270905273,182.4490529197998
353,353,21,draft|draft_verify,79.13947105407715,176.17034912109375,0.0,874.0,19.0,147.22719999999998,351.5103937858887,255.3698353751709,351.5103937858887
354,354,1,draft|draft_verify,253.98921966552734,30.48563003540039,0.0,92.0,69.0,416.7048,253.98921966552734,284.5349049009277,253.98921966552734
354,354,2,draft|draft_verify,174.0550994873047,50.3993034362793,0.0,161.0,44.0,271.4456,271.4456,224.51443812358397,174.0550994873047
354,354,3,draft|draft_verify,114.17436599731445,50.836801528930664,0.0,205.0,29.0,181.2104,181.2104,165.0711907262451,114.17436599731445
354,354,4,draft|draft_verify,135.40220260620117,59.844970703125,0.0,234.0,36.0,227.80800000000002,227.80800000000002,195.30720210932617,135.40220260620117
354,354,5,draft|draft_verify|target|target_rescue_verify,352.10633277893066,145.21265029907227,624.7198581695557,270.0,87.0,564.0864,636.7527947495362,1122.0989108475587,624.7198581695557
354,354,6,draft|draft_verify,81.70390129089355,80.75666427612305,0.0,297.0,21.0,135.3,135.3,162.5205823670166,81.70390129089355
354,354,8,draft|draft_verify,81.41589164733887,76.41363143920898,0.0,338.0,20.0,130.6688,130.6688,157.88953908654787,81.41589164733887
354,354,9,draft|draft_verify,82.11445808410645,91.49479866027832,0.0,358.0,21.0,138.228,138.228,173.66927354438477,82.11445808410645
354,354,11,draft|draft_verify,79.43606376647949,123.65221977233887,0.0,400.0,20.0,133.496,133.496,203.14829953881838,91.55481546027832
354,354,12,draft|draft_verify,81.76755905151367,124.55248832702637,0.0,420.0,21.0,141.204,141.204,206.38006417854004,123.71223577233887
354,354,13,draft|draft_verify,77.66413688659668,124.39942359924316,0.0,441.0,20.0,135.3656,135.3656,202.12357648583986,124.61250512702637
354,354,14,draft|draft_verify,78.60970497131348,125.47779083251953,0.0,461.0,20.0,136.2776,136.2776,204.14751180383303,124.45943959924317
354,354,15,draft|draft_verify,78.89771461486816,125.60272216796875,0.0,481.0,20.0,137.1896,137.1896,204.56045278283693,125.53780683251954
354,354,16,draft|draft_verify,82.01766014099121,135.53094863891602,0.0,501.0,21.0,145.092,145.092,217.60862557990723,125.66273816796875
354,354,17,draft|draft_verify,81.5584659576416,125.80633163452148,0.0,522.0,21.0,146.1,146.1,207.42481439216309,135.59096543891602
354,354,18,draft|draft_verify,77.63361930847168,126.98841094970703,0.0,543.0,20.0,140.01680000000002,140.01680000000002,204.68204625817873,125.86634843452148
354,354,19,draft|draft_verify,82.61871337890625,126.35111808776855,0.0,563.0,21.0,148.068,148.068,209.0298482666748,127.04842694970704
354,354,20,draft|draft_verify,78.01961898803711,130.2776336669922,0.0,584.0,20.0,141.8864,141.8864,208.35726865502932,126.41113488776855
354,354,21,draft|draft_verify,78.7665843963623,131.0420036315918,0.0,604.0,20.0,142.79840000000002,142.79840000000002,209.86860402795412,130.33764966699218
354,354,22,draft|draft_verify,78.22084426879883,131.30688667297363,0.0,624.0,20.0,143.7104,143.7104,209.58774694177248,131.1020196315918
354,354,23,draft|draft_verify,81.54845237731934,151.8247127532959,0.0,644.0,21.0,151.95600000000002,151.95600000000002,233.43318193061523,131.36690267297362
354,354,24,draft|draft_verify,82.93771743774414,152.47750282287598,0.0,665.0,21.0,152.964,152.964,235.47523706062012,151.8847295532959
354,354,25,draft|draft_verify,78.96137237548828,152.99677848815918,0.0,686.0,20.0,146.5376,152.53751962287598,232.01816686364748,152.53751962287598
354,354,26,draft|draft_verify,81.78567886352539,154.0360450744629,0.0,706.0,21.0,154.93200000000002,154.93200000000002,235.88174073798828,153.05679448815917
354,354,27,draft|draft_verify,78.90439033508301,159.39640998840332,0.0,727.0,20.0,148.40720000000002,154.0960618744629,238.36081632348635,154.0960618744629
354,354,28,draft|draft_verify,77.85940170288086,154.65903282165527,0.0,747.0,20.0,149.31920000000002,159.4564259884033,232.57845052453615,159.4564259884033
354,354,29,draft|draft_verify,79.52713966369629,174.42893981933594,0.0,767.0,20.0,150.2312,154.71904882165526,254.01609548303225,154.71904882165526
354,354,30,draft|draft_verify,83.67586135864258,173.95448684692383,0.0,787.0,21.0,158.82,174.48895581933593,257.6903650055664,174.48895581933593
354,354,31,draft|draft_verify,83.37092399597168,175.52733421325684,0.0,808.0,21.0,159.828,174.01450364692383,258.9582750092285,174.01450364692383
354,354,32,draft|draft_verify,79.12516593933105,182.61075019836426,0.0,829.0,20.0,153.0584,175.58735101325684,261.79593213769533,175.58735101325684
354,354,33,draft|draft_verify,83.77528190612793,177.2143840789795,0.0,849.0,21.0,161.796,182.67076619836425,261.0496827851074,182.67076619836425
354,354,34,draft|draft_verify,79.99181747436523,199.7530460357666,0.0,870.0,20.0,154.928,177.2744008789795,279.80487951013185,177.2744008789795
354,354,35,draft|draft_verify,80.37209510803223,198.79746437072754,0.0,890.0,20.0,155.84,199.8130620357666,279.2295754787598,199.8130620357666
354,354,36,draft|draft_verify,80.27791976928711,200.75106620788574,0.0,910.0,20.0,156.752,198.85748037072753,281.08900197717287,198.85748037072753
354,354,37,draft|draft_verify,84.73944664001465,209.48147773742676,0.0,930.0,21.0,165.684,200.81108220788573,294.2809411774414,200.81108220788573
354,354,38,draft|draft_verify,83.63103866577148,201.50113105773926,0.0,951.0,21.0,166.692,209.54149453742676,285.1921865235107,209.54149453742676
354,354,39,draft|draft_verify,79.64038848876953,203.54795455932617,0.0,972.0,20.0,159.57920000000001,201.56114785773926,283.2483590480957,201.56114785773926
354,354,40,draft|draft_verify,83.18829536437988,226.22990608215332,0.0,992.0,21.0,168.66,203.60797055932616,309.4782182465332,203.60797055932616
354,354,41,draft|draft_verify,80.11889457702637,228.2416820526123,0.0,1013.0,20.0,161.4488,226.28992288215332,308.4205926296387,226.28992288215332
354,354,42,draft|draft_verify,79.43224906921387,223.30570220947266,0.0,1033.0,20.0,162.3608,228.3016980526123,302.79796727868654,228.3016980526123
354,354,43,draft|draft_verify,80.09576797485352,230.00168800354004,0.0,1053.0,20.0,163.27280000000002,223.36571820947265,310.1574719783936,223.36571820947265
354,354,44,draft|draft_verify,83.82558822631836,229.88319396972656,0.0,1073.0,21.0,172.548,230.06170400354003,313.7687989960449,230.06170400354003
354,354,45,draft|draft_verify,83.24456214904785,230.51095008850098,0.0,1094.0,21.0,173.55599999999998,229.94321076972656,313.8155290375488,229.94321076972656
354,354,46,draft|draft_verify,79.4677734375,255.59544563293457,0.0,1115.0,20.0,166.10000000000002,230.57096688850098,335.1232350704346,230.57096688850098
354,354,47,draft|draft_verify,83.59479904174805,257.2956085205078,0.0,1135.0,21.0,175.524,255.65546163293456,340.95042436225583,255.65546163293456
354,354,48,draft|draft_verify,81.23540878295898,256.5615177154541,0.0,1156.0,20.0,167.9696,257.35562532050784,337.8569424984131,257.35562532050784
354,354,49,draft|draft_verify,79.36954498291016,256.68811798095703,0.0,1176.0,20.0,168.8816,256.6215337154541,336.1176789638672,256.6215337154541
354,354,50,draft|draft_verify,90.7907485961914,258.8202953338623,0.0,1196.0,20.0,169.7936,256.74813398095705,349.67105993005373,256.74813398095705
354,354,51,draft|draft_verify,85.02507209777832,272.3672389984131,0.0,1216.0,21.0,179.412,258.8803113338623,357.4523278961914,258.8803113338623
354,354,52,draft|draft_verify,86.16900444030762,277.9855728149414,0.0,1237.0,21.0,180.42000000000002,272.4272557984131,364.214594055249,272.4272557984131
354,354,53,draft|draft_verify,82.83710479736328,277.80842781066895,0.0,1258.0,20.0,172.6208,278.04558961494143,360.70554860803225,278.04558961494143
354,354,54,draft|draft_verify,91.31646156311035,279.7203063964844,0.0,1278.0,21.0,182.388,277.86844381066896,371.0967847595947,277.86844381066896
354,354,55,draft|draft_verify,93.91331672668457,280.8670997619629,0.0,1299.0,20.0,174.4904,279.7803231964844,374.8404324886475,279.7803231964844
354,354,56,draft|draft_verify,87.20159530639648,280.46369552612305,0.0,1319.0,20.0,175.4024,280.9271157619629,367.72530683251955,280.9271157619629
354,354,57,draft|draft_verify,83.30607414245605,290.7257080078125,0.0,1339.0,20.0,176.3144,280.52371152612307,374.0917981502686,280.52371152612307
354,354,58,draft|draft_verify,93.46866607666016,309.0188503265381,0.0,1359.0,21.0,186.276,290.7857240078125,402.5475332031982,290.7857240078125
354,354,59,draft|draft_verify,84.93208885192871,311.88011169433594,0.0,1380.0,21.0,187.284,309.0788671265381,396.8722173462646,309.0788671265381
354,354,60,draft|draft_verify,81.02965354919434,313.53282928466797,0.0,1401.0,20.0,179.14159999999998,311.94012849433597,394.6224988338623,311.94012849433597
354,354,61,draft|draft_verify,87.16392517089844,313.92455101013184,0.0,1421.0,21.0,189.252,313.592845284668,401.14849298103024,313.592845284668
354,354,62,draft|draft_verify,79.98514175415039,315.87767601013184,0.0,1442.0,20.0,181.0112,313.98456781013186,395.92283376428225,313.98456781013186
354,354,63,draft|draft_verify,80.34324645996094,331.58063888549805,0.0,1462.0,20.0,181.9232,315.93769201013185,411.983901345459,315.93769201013185
354,354,64,draft|draft_verify,80.54947853088379,331.3419818878174,0.0,1482.0,20.0,182.8352,331.64065488549807,411.9514764187012,331.64065488549807
354,354,65,draft|draft_verify,85.35051345825195,333.5261344909668,0.0,1502.0,21.0,193.14,331.4019978878174,418.9366647492187,331.4019978878174
354,354,66,draft|draft_verify,85.01458168029785,334.52510833740234,0.0,1523.0,21.0,194.148,333.5861512909668,419.59970681770017,333.5861512909668
354,354,67,draft|draft_verify,82.62801170349121,328.12023162841797,0.0,1544.0,20.0,185.6624,334.5851251374024,410.8082593319092,334.5851251374024
354,354,68,draft|draft_verify,87.46337890625,328.6006450653076,0.0,1564.0,21.0,196.11599999999999,328.180247628418,416.1240407715576,328.180247628418
354,354,69,draft|draft_verify,81.95090293884277,351.4275550842285,0.0,1585.0,20.0,187.53199999999998,328.66066186530765,433.4384740230713,328.66066186530765
354,354,70,draft|draft_verify,82.26418495178223,355.34167289733887,0.0,1605.0,20.0,188.44400000000002,351.48757108422853,437.6658738491211,351.48757108422853
354,354,71,draft|draft_verify,81.29525184631348,361.56630516052246,0.0,1625.0,20.0,189.356,355.4016888973389,442.92157300683596,355.4016888973389
354,354,72,draft|draft_verify,84.89799499511719,362.6978397369385,0.0,1645.0,21.0,200.004,361.6263211605225,447.65585153205564,361.6263211605225
354,354,73,draft|draft_verify,84.16581153869629,377.4545192718506,0.0,1666.0,21.0,201.012,362.7578565369385,461.68034761054685,362.7578565369385
354,354,74,draft|draft_verify,80.13510704040527,390.23375511169434,0.0,1687.0,20.0,192.1832,377.5145360718506,470.4288781520996,377.5145360718506
354,354,75,draft|draft_verify,85.30616760253906,390.9015655517578,0.0,1707.0,21.0,202.98,390.29377111169435,476.26774995429685,390.29377111169435
354,354,76,draft|draft_verify,80.45196533203125,391.04199409484863,0.0,1728.0,20.0,194.0528,390.96158235175784,471.5539754268799,390.96158235175784
354,354,77,draft|draft_verify,81.05158805847168,393.60857009887695,0.0,1748.0,20.0,194.9648,391.10201009484865,474.72017415734865,391.10201009484865
354,354,78,draft|draft_verify,80.91425895690918,393.6347961425781,0.0,1768.0,20.0,195.8768,393.668586098877,474.6090710994873,393.668586098877
354,354,79,draft|draft_verify,85.08062362670898,397.94254302978516,0.0,1788.0,21.0,206.868,393.69481214257814,483.0831834564941,393.69481214257814
354,354,80,draft|draft_verify,86.80534362792969,405.0266742706299,0.0,1809.0,21.0,207.87599999999998,398.0025598297852,491.89203469855954,398.0025598297852
354,354,81,draft|draft_verify,83.75048637390137,407.4857234954834,0.0,1830.0,20.0,198.704,405.0866910706299,491.2962258693848,405.0866910706299
354,354,82,draft|draft_verify,86.13824844360352,405.7788848876953,0.0,1850.0,21.0,209.844,407.5457394954834,491.9771501312988,407.5457394954834
354,354,83,draft|draft_verify,82.72433280944824,408.7357521057129,0.0,1871.0,20.0,200.5736,405.83890168769534,491.52010091516115,405.83890168769534
354,354,84,draft|draft_verify,81.56609535217285,408.89930725097656,0.0,1891.0,20.0,201.4856,408.7957681057129,490.52541860314943,408.7957681057129
354,354,85,draft|draft_verify,82.2293758392334,409.29484367370605,0.0,1911.0,20.0,202.3976,408.9593232509766,491.5842355129395,408.9593232509766
354,354,86,draft|draft_verify,85.15691757202148,437.5441074371338,0.0,1931.0,21.0,213.732,409.3548596737061,522.7610418091552,409.3548596737061
354,354,87,draft|draft_verify,85.54530143737793,437.53528594970703,0.0,1952.0,21.0,214.74,437.6041242371338,523.1406041870849,437.6041242371338
354,354,88,draft|draft_verify,81.78830146789551,424.4091510772705,0.0,1973.0,20.0,205.22480000000002,437.59530274970706,506.25746854516603,437.59530274970706
354,354,89,draft|draft_verify,84.99312400817871,423.9351749420166,0.0,1993.0,21.0,216.708,424.4691670772705,508.9883157501953,424.4691670772705
354,354,90,draft|draft_verify,81.77351951599121,424.39818382263184,0.0,2014.0,20.0,207.0944,423.99519174201663,506.23171933862307,423.99519174201663
354,354,91,draft|draft_verify,81.55012130737305,476.99952125549316,0.0,2034.0,20.0,208.00639999999999,901.517737078125,558.6096585628662,901.517737078125
355,355,1,draft|draft_verify|target|backtracking_verify,267.11201667785645,95.52764892578125,1432.3909282684326,115.0,72.0,439.0104,1432.3909282684326,1795.0906514720702,1432.3909282684326
355,355,2,draft|draft_verify|target|target_rescue_verify,650.031566619873,264.8353576660156,3920.581579208374,372.0,167.0,1140.0512,4052.999258041382,4835.508637094263,4052.999258041382
355,355,3,draft|draft_verify|target|target_rescue_verify,624.056339263916,267.7793502807617,1571.7573165893555,562.0,162.0,1178.3352,1571.7573165893555,2463.653135734033,1571.7573165893555
355,355,4,draft|draft_verify|target|target_rescue_verify|backtracking_verify,1753.7436485290527,891.5145397186279,41723.26326370239,699.0,445.0,3536.2504,42169.02053356171,44368.581807950075,42169.02053356171
355,355,5,draft|draft_verify|target|target_rescue_verify|backtracking_verify,476.52721405029297,457.1528434753418,3165.1322841644287,755.0,121.0,929.404,3393.7087059020996,4098.872438490063,3393.7087059020996
355,355,6,draft|draft_verify|target|target_rescue_verify,302.60705947875977,268.1849002838135,1039.5371913909912,402.0,80.0,543.0032,1039.5371913909912,1610.3892151535645,1039.5371913909912
355,355,7,draft|draft_verify|target|target_rescue_verify,256.12378120422363,284.792423248291,1012.761116027832,452.0,67.0,461.4832,1012.761116027832,1553.7373740803466,1012.761116027832
355,355,8,draft|draft_verify|target|backtracking_verify,285.71081161499023,257.932186126709,1556.9217205047607,501.0,75.0,526.1376,1556.9217205047607,2100.6247782464598,1556.9217205047607
355,355,9,draft|draft_verify|target|target_rescue_verify,348.5281467437744,300.16589164733887,2291.018009185791,576.0,91.0,656.5840000000001,2291.018009185791,2939.7721203769042,2291.018009185791
355,355,10,draft|draft_verify|target|target_rescue_verify,326.9374370574951,325.1054286956787,2361.8061542510986,688.0,85.0,635.1688,2361.8061542510986,3013.9090880042722,2361.8061542510986
355,355,11,draft|draft_verify|target|target_rescue_verify,180.7386875152588,351.69482231140137,614.5989894866943,804.0,47.0,361.136,614.5989894866943,1147.0925369133545,614.5989894866943
355,355,12,draft|draft_verify,144.6056365966797,176.01490020751953,0.0,833.0,37.0,285.9496,285.9496,320.6805664041992,175.84741115570068
355,355,13,draft|draft_verify,81.57515525817871,178.43246459960938,0.0,870.0,20.0,154.928,354.56741040712893,260.0676358577881,354.56741040712893
356,356,1,draft|draft_verify|target|target_rescue_verify,345.38865089416504,84.71298217773438,1393.4354782104492,98.0,95.0,578.1248,1393.4354782104492,1823.5971872823486,1393.4354782104492
356,356,2,draft|draft_verify|target|target_rescue_verify,1697.8135108947754,295.9103584289551,7446.29168510437,166.0,454.0,3033.2296,7446.29168510437,9440.0759176281,7446.29168510437
356,356,3,draft|draft_verify|target|target_rescue_verify,1259.6611976623535,344.5162773132324,4736.63330078125,535.0,314.0,2322.1904,4908.891439437866,6340.871026956836,4908.891439437866
357,357,1,draft|draft_verify,94.0408706665039,30.562639236450195,0.0,127.0,24.0,145.4328,94.0408706665039,124.6635291029541,94.0408706665039
357,357,2,draft|draft_verify,78.65357398986816,29.796600341796875,0.0,151.0,20.0,122.14160000000001,122.14160000000001,108.51019033166504,78.65357398986816
357,357,3,draft|draft_verify,78.42397689819336,49.593210220336914,0.0,171.0,20.0,123.05360000000002,123.05360000000002,128.0772031185303,78.42397689819336
357,357,4,draft|draft_verify,244.40765380859375,59.34405326843262,0.0,191.0,63.0,394.728,394.728,303.8117574770264,244.40765380859375
357,357,5,draft|draft_verify,20.59793472290039,59.6919059753418,0.0,254.0,5.0,31.1624,59.40410366843262,80.34984469824218,59.40410366843262
357,357,6,draft|draft_verify,146.56543731689453,60.17017364501953,0.0,259.0,36.0,229.90800000000002,229.90800000000002,206.79563976191406,146.56543731689453
357,357,7,draft|draft_verify,88.87362480163574,76.42173767089844,0.0,295.0,23.0,148.2032,148.2032,165.35538087253417,88.87362480163574
357,357,8,draft|draft_verify,46.77104949951172,77.1782398223877,0.0,318.0,12.0,77.4336,77.4336,124.00929892189941,76.48175607089844
357,357,9,draft|draft_verify,239.57109451293945,92.9555892944336,0.0,330.0,63.0,415.4112,415.4112,332.58673420737307,239.57109451293945
357,357,10,draft|draft_verify,135.24913787841797,123.63553047180176,0.0,393.0,35.0,234.39679999999998,234.39679999999998,258.9446963502197,135.24913787841797
357,357,11,draft|draft_verify,47.562599182128906,123.42357635498047,0.0,428.0,12.0,80.3376,123.69555847180176,171.04618513710938,123.69555847180176
357,357,12,draft|draft_verify,221.89974784851074,125.58245658874512,0.0,440.0,55.0,376.288,376.288,347.54224843725586,221.89974784851074
357,357,13,draft|draft_verify,115.56434631347656,142.1029567718506,0.0,495.0,30.0,207.69600000000003,207.69600000000003,257.72732708532715,125.64250058874512
357,357,14,draft|draft_verify,36.71669960021973,134.92226600646973,0.0,525.0,9.0,61.82640000000001,142.16298077185058,171.69897280668945,142.16298077185058
357,357,15,draft|draft_verify|target|target_rescue_verify,607.8436374664307,279.341459274292,1385.7457637786865,534.0,161.0,1160.108,1385.7457637786865,2272.990989319409,1385.7457637786865
357,357,16,draft|draft_verify,101.37224197387695,129.49252128601074,0.0,594.0,26.0,185.66000000000003,185.66000000000003,230.9247840598877,139.670729637146
357,357,17,draft|draft_verify,230.90863227844238,149.92904663085938,0.0,620.0,60.0,436.44,436.44,380.89772690930175,230.90863227844238
357,357,18,draft|draft_verify,100.79669952392578,152.04834938049316,0.0,680.0,26.0,190.82,190.82,252.90506970441896,149.98909463085937
357,357,19,draft|draft_verify,135.7748508453369,152.33659744262695,0.0,706.0,35.0,259.9376,259.9376,288.17147628796386,152.10837018049315
357,357,20,draft|draft_verify,102.14948654174805,155.5345058441162,0.0,741.0,26.0,194.48000000000002,194.48000000000002,257.7440131858643,152.39662544262694
357,357,21,draft|draft_verify,231.3382625579834,174.99542236328125,0.0,767.0,60.0,457.2552,457.2552,406.39373292126464,231.3382625579834
357,357,22,draft|draft_verify|target|backtracking_verify,100.94213485717773,351.0150909423828,593.6815738677979,827.0,26.0,199.64000000000001,593.6815738677979,1045.6988204673585,593.6815738677979
357,357,23,draft|draft_verify|target|target_rescue_verify,237.9739284515381,552.5200366973877,1410.2349281311035,1708.0,61.0,600.4839999999999,1410.2349281311035,2200.7889420800293,1410.2349281311035
357,357,24,draft|draft_verify|target|target_rescue_verify,25.81000328063965,361.1633777618408,195.1463222503662,882.0,5.0,37.1912,637.4834001105346,582.1797072928466,637.4834001105346
358,358,1,draft|draft_verify|target|target_rescue_verify,279.1330814361572,61.43808364868164,964.1997814178467,86.0,74.0,446.3096,964.1997814178467,1304.8310057026856,964.1997814178467
358,358,2,draft|draft_verify|target|target_rescue_verify,812.6013278961182,144.2575454711914,1971.9288349151611,133.0,213.0,1344.4776000000002,1971.9288349151611,2928.8478786824708,1971.9288349151611
358,358,3,draft|draft_verify,244.08769607543945,67.42620468139648,0.0,230.0,63.0,400.5312,400.5312,311.57395115683596,244.08769607543945
358,358,4,draft|draft_verify,207.017183303833,85.8774185180664,0.0,293.0,53.0,344.09360000000004,344.09360000000004,292.9546442218994,207.017183303833
358,358,5,draft|draft_verify|target|backtracking_verify,302.87861824035645,191.32018089294434,1233.4837913513184,346.0,78.0,518.868,1233.4837913513184,1727.742652884619,1233.4837913513184
358,358,7,draft|draft_verify|target|target_rescue_verify,919.0108776092529,523.0116844177246,3428.2519817352295,959.0,241.0,2005.132,4111.576946980908,4870.334736562207,3689.757823944092
358,358,8,draft|draft_verify,301.07784271240234,129.5795440673828,0.0,563.0,79.0,566.248,566.248,430.71744997978516,301.07784271240234
358,358,9,draft|draft_verify,290.6334400177002,151.22747421264648,0.0,642.0,77.0,566.1032,566.1032,441.92097583034666,290.6334400177002
358,358,10,draft|draft_verify,81.13741874694824,151.08561515808105,0.0,719.0,20.0,148.04240000000001,302.43316697072754,232.28304990502932,302.43316697072754
359,359,1,draft|draft_verify,165.9538745880127,75.99329948425293,0.0,283.0,43.0,277.5136,165.9538745880127,242.00720847226563,165.9538745880127
359,359,2,draft|draft_verify,805.2091598510742,142.3478126525879,0.0,326.0,213.0,1442.6760000000002,1442.6760000000002,947.617142903662,805.2091598510742
359,359,3,draft|draft_verify|target|target_rescue_verify,529.5374393463135,274.1668224334717,3113.5787963867188,539.0,138.0,992.0304,3113.5787963867188,3917.3431685665037,3113.5787963867188
359,359,4,draft|draft_verify|target|target_rescue_verify,834.8736763000488,340.81077575683594,715.9268856048584,686.0,218.0,1665.3559999999998,1835.8215622784178,1891.6715120617432,1005.3392385784668
359,359,5,draft|draft_verify|target|target_rescue_verify,327.190637588501,343.5783386230469,3104.971408843994,720.0,85.0,641.62,3104.971408843994,3775.8004530555418,3104.971408843994
359,359,6,draft|draft_verify|target|target_rescue_verify,585.5131149291992,410.7012748718262,3104.1712760925293,873.0,153.0,1224.5976,3104.1712760925293,4100.445788293555,3104.1712760925293
359,359,7,draft|draft_verify|target|target_rescue_verify,585.7541561126709,473.1481075286865,3111.192464828491,1026.0,153.0,1280.412,3111.192464828491,4170.154850869849,3111.192464828491
359,359,8,draft|draft_verify|target|target_rescue_verify,433.7291717529297,531.1405658721924,1989.7315502166748,1179.0,113.0,980.7224,1989.7315502166748,2954.661378241797,1989.7315502166748
359,359,9,draft|draft_verify,652.1742343902588,275.6772041320801,0.0,1276.0,170.0,1527.8216,1527.8216,927.9115745223389,652.1742343902588
359,359,10,draft|draft_verify,113.98553848266602,305.2804470062256,0.0,1446.0,28.0,255.32799999999997,581.0778095383057,419.3260078888916,581.0778095383057
360,360,1,draft|draft_verify,211.5170955657959,30.333757400512695,0.0,111.0,57.0,345.9288,211.5170955657959,241.9108985663086,211.5170955657959
360,360,2,draft|draft_verify,250.17142295837402,51.18727684020996,0.0,168.0,68.0,422.8016,422.8016,301.418754198584,250.17142295837402
360,360,3,draft|draft_verify,99.10440444946289,59.17787551879883,0.0,236.0,27.0,170.54880000000003,170.54880000000003,158.34230156826172,99.10440444946289
360,360,4,draft|draft_verify,113.66963386535645,59.59725379943848,0.0,263.0,30.0,191.54880000000003,191.54880000000003,173.32691166479492,113.66963386535645
360,360,5,draft|draft_verify,173.87127876281738,75.97970962524414,0.0,293.0,46.0,298.168,298.168,249.91102518806153,173.87127876281738
360,360,6,draft|draft_verify,243.04866790771484,91.8726921081543,0.0,339.0,63.0,416.7504,508.68314250815433,334.98141041586916,334.98141041586916
361,361,1,draft|draft_verify,164.6113395690918,29.574871063232422,0.0,104.0,45.0,271.65840000000003,164.6113395690918,194.24624663232422,164.6113395690918
361,361,2,draft|draft_verify,286.79680824279785,50.22621154785156,0.0,149.0,79.0,488.7472,488.7472,337.0830829906494,286.79680824279785
361,361,3,draft|draft_verify,66.98131561279297,58.63690376281738,0.0,228.0,18.0,112.98960000000001,112.98960000000001,125.67823377561035,66.98131561279297
361,361,4,draft|draft_verify,56.64801597595215,59.258222579956055,0.0,246.0,15.0,94.61760000000001,94.61760000000001,115.9662505559082,58.69691816281738
361,361,5,draft|draft_verify,109.80224609375,59.107303619384766,0.0,261.0,29.0,184.9736,184.9736,168.96957291313475,109.80224609375
361,361,6,draft|draft_verify,96.17400169372559,74.98955726623535,0.0,290.0,24.0,154.4304,229.47997646623534,171.22357815996094,171.22357815996094
362,362,1,draft|draft_verify|target|backtracking_verify,72.24559783935547,97.4125862121582,408.51902961730957,164.0,19.0,116.5552,408.51902961730957,578.2372288688232,408.51902961730957
362,362,2,draft|draft_verify|target|target_rescue_verify,475.6319522857666,240.5991554260254,1704.5416831970215,366.0,130.0,879.6376,1912.41791216803,2420.8328949088136,1824.8412609100342
362,362,3,draft|draft_verify|target|target_rescue_verify,261.89255714416504,267.1048641204834,982.0036888122559,446.0,70.0,481.4536,1172.8441484964906,1511.0611660769043,1115.5561208724976
362,362,4,draft|draft_verify|target|target_rescue_verify,80.40642738342285,133.62956047058105,768.1853771209717,246.0,21.0,132.852,768.1853771209717,982.2813817749756,768.1853771209717
362,362,5,draft|draft_verify,120.80550193786621,85.21485328674316,0.0,283.0,31.0,199.432,199.432,206.08038002460938,120.80550193786621
362,362,6,draft|draft_verify|target|backtracking_verify,77.16131210327148,161.64445877075195,750.2920627593994,314.0,20.0,129.5744,750.2920627593994,989.1578496334229,750.2920627593994
362,362,7,draft|draft_verify|target|target_rescue_verify,164.05034065246582,186.47456169128418,1358.1674098968506,334.0,43.0,282.6544,1358.1674098968506,1708.7523466406005,1358.1674098968506
362,362,8,draft|draft_verify,131.6695213317871,123.85344505310059,0.0,400.0,34.0,228.1864,228.1864,255.5829935848877,131.6695213317871
362,362,9,draft|draft_verify,129.49752807617188,124.237060546875,0.0,434.0,31.0,210.304,210.304,253.79461342304688,129.49752807617188
362,362,10,draft|draft_verify,69.71406936645508,124.91369247436523,0.0,465.0,16.0,108.868,249.27079062124022,194.6877746408203,249.27079062124022
363,363,1,draft|draft_verify|target|target_rescue_verify,292.7813529968262,107.42855072021484,1522.5155353546143,126.0,79.0,484.44160000000005,1522.5155353546143,1922.7855022716553,1522.5155353546143
363,363,2,draft|draft_verify|target|target_rescue_verify,224.6408462524414,124.053955078125,729.1760444641113,200.0,61.0,383.332,729.1760444641113,1077.9308945946777,729.1760444641113
363,363,3,draft|draft_verify|target|target_rescue_verify,86.08222007751465,124.6802806854248,391.798734664917,235.0,23.0,145.0352,391.798734664917,602.6212538278564,391.798734664917
363,363,4,draft|draft_verify,141.68953895568848,60.06598472595215,0.0,253.0,37.0,235.83759999999998,235.83759999999998,201.81555328164063,141.68953895568848
363,363,5,draft|draft_verify,80.93404769897461,77.14009284973145,0.0,290.0,19.0,121.9984,199.19850804973146,158.13415574870606,158.13415574870606
364,364,1,draft|draft_verify,91.55464172363281,29.942989349365234,0.0,128.0,24.0,145.488,91.55464172363281,121.55765027299805,91.55464172363281
364,364,2,draft|draft_verify,291.5828227996826,50.589561462402344,0.0,152.0,79.0,489.3088,489.3088,342.23244746208496,291.5828227996826
364,364,3,draft|draft_verify,139.32013511657715,59.099435806274414,0.0,231.0,37.0,233.9368,233.9368,198.47960052285157,139.32013511657715
364,364,4,draft|draft_verify,368.59130859375,77.85391807556152,0.0,268.0,98.0,636.3176,636.3176,446.50530506931153,368.59130859375
364,364,5,draft|draft_verify,99.14779663085938,91.52388572692871,0.0,366.0,25.0,165.3016,256.8855057269287,190.7317023577881,190.7317023577881
365,365,1,draft|draft_verify,128.80754470825195,28.545856475830078,0.0,106.0,35.0,210.9776,128.80754470825195,157.41342918408202,128.80754470825195
365,365,2,draft|draft_verify,230.67641258239746,50.069332122802734,0.0,141.0,61.0,374.836,374.836,280.8057935052002,230.67641258239746
365,365,3,draft|draft_verify,235.68367958068848,59.28540229797363,0.0,202.0,62.0,389.9912,389.9912,295.0291314786621,235.68367958068848
365,365,4,draft|draft_verify,265.90609550476074,76.70950889587402,0.0,264.0,70.0,451.31440000000003,451.31440000000003,342.67566040063474,265.90609550476074
365,365,5,draft|draft_verify,154.10923957824707,91.28522872924805,0.0,334.0,38.0,249.4664,340.811659129248,245.4544987074951,245.45449870749513
366,366,1,draft|draft_verify,139.3747329711914,29.420137405395508,0.0,100.0,38.0,228.68720000000002,139.3747329711914,168.8549007765869,139.3747329711914
366,366,2,draft|draft_verify|target|target_rescue_verify,359.8141670227051,118.16287040710449,2475.149154663086,138.0,94.0,580.8520000000001,2475.149154663086,2953.1862672928955,2475.149154663086
366,366,3,draft|draft_verify,174.82233047485352,67.23690032958984,0.0,259.0,46.0,294.49600000000004,294.49600000000004,242.11926760444337,174.82233047485352
366,366,4,draft|draft_verify,356.07194900512695,102.4618148803711,0.0,305.0,94.0,618.1264000000001,618.1264000000001,458.5938390854981,356.07194900512695
366,366,5,draft|draft_verify,75.6533145904541,91.98713302612305,0.0,399.0,18.0,119.96640000000001,212.01354742612307,167.70046201657715,194.56903750649414
367,367,1,draft|draft_verify|target|target_rescue_verify,267.6095962524414,153.64837646484375,849.6737480163574,275.0,68.0,440.0072,849.6737480163574,1270.9917751336425,849.6737480163574
367,367,2,draft|draft_verify,384.5334053039551,102.55908966064453,0.0,314.0,99.0,653.7552,653.7552,487.1525741645996,384.5334053039551
367,367,3,draft|draft_verify|target|target_rescue_verify,170.3205108642578,246.63257598876953,803.9405345916748,413.0,44.0,297.452,803.9405345916748,1220.9536566447023,803.9405345916748
367,367,4,draft|draft_verify,198.52137565612793,125.25653839111328,0.0,451.0,49.0,336.0376,336.0376,323.8379532472412,198.52137565612793
367,367,5,draft|draft_verify|target|backtracking_verify,179.34823036193848,270.39551734924316,970.62087059021,500.0,46.0,320.524,970.62087059021,1420.4246551013916,970.62087059021
367,367,6,draft|draft_verify|target|target_rescue_verify,568.328857421875,563.753604888916,6472.037076950073,1093.0,149.0,1269.956,6753.913879394531,7604.179658460864,6753.913879394531
367,367,7,draft|draft_verify,124.6178150177002,150.3446102142334,0.0,663.0,32.0,234.1976,384.6022358142334,275.0224508319336,291.3430370364624
368,368,1,draft|draft_verify,103.29818725585938,45.94612121582031,0.0,161.0,28.0,172.06,103.29818725585938,149.30433087167967,103.29818725585938
368,368,2,draft|draft_verify,59.1890811920166,49.09396171569824,0.0,189.0,16.0,98.932,98.932,108.34305570771485,59.1890811920166
368,368,3,draft|draft_verify,133.69011878967285,58.526039123535156,0.0,205.0,37.0,231.69039999999998,231.69039999999998,192.27618751320801,133.69011878967285
368,368,4,draft|draft_verify,137.01725006103516,59.12518501281738,0.0,242.0,37.0,234.8872,234.8872,196.20246467385255,137.01725006103516
368,368,5,draft|draft_verify,95.27897834777832,76.7064094543457,0.0,279.0,25.0,160.2904,160.2904,172.04540780212403,95.27897834777832
368,368,6,draft|draft_verify,117.41352081298828,76.22814178466797,0.0,304.0,31.0,200.944,200.944,193.70168739765626,117.41352081298828
368,368,7,draft|draft_verify,98.14667701721191,76.36737823486328,0.0,335.0,26.0,170.12,170.12,174.5740760520752,98.14667701721191
368,368,8,draft|draft_verify,68.2675838470459,91.25804901123047,0.0,361.0,18.0,118.41600000000001,118.41600000000001,159.58564725827637,76.42739903486329
368,368,9,draft|draft_verify,72.3876953125,91.53127670288086,0.0,379.0,18.0,119.1504,210.74169110288085,163.97898641538086,182.90935451411133
369,369,1,draft|draft_verify,107.37895965576172,29.620885848999023,0.0,97.0,29.0,173.9528,107.37895965576172,137.05986870476073,107.37895965576172
369,369,2,draft|draft_verify,204.6346664428711,45.82667350769043,0.0,126.0,56.0,341.768,341.768,250.5213847505615,204.6346664428711
369,369,3,draft|draft_verify,77.71706581115723,49.405813217163086,0.0,182.0,21.0,129.78,129.78,127.18289582832031,77.71706581115723
369,369,4,draft|draft_verify,84.26141738891602,49.79848861694336,0.0,203.0,23.0,143.34560000000002,143.34560000000002,134.11992440585936,84.26141738891602
369,369,5,draft|draft_verify,58.901309967041016,58.23683738708496,0.0,226.0,16.0,100.26400000000001,100.26400000000001,117.19816015412599,58.901309967041016
369,369,6,draft|draft_verify,93.08123588562012,59.07845497131348,0.0,242.0,25.0,158.1592,158.1592,152.2197108569336,93.08123588562012
369,369,7,draft|draft_verify,60.58764457702637,59.211015701293945,0.0,267.0,16.0,101.74000000000001,101.74000000000001,119.85867307832032,60.58764457702637
369,369,8,draft|draft_verify|target|target_rescue_verify,230.15546798706055,153.72323989868164,600.4393100738525,283.0,60.0,388.72080000000005,600.4393100738525,984.3780659595948,600.4393100738525
369,369,9,draft|draft_verify,76.08151435852051,76.1566162109375,0.0,309.0,19.0,122.8192,122.8192,152.29814576945802,76.86161994934082
369,369,10,draft|draft_verify,139.8332118988037,91.05920791625977,0.0,328.0,37.0,242.3176,242.3176,230.95244941506348,139.8332118988037
369,369,11,draft|draft_verify,185.53519248962402,92.16046333312988,0.0,365.0,49.0,326.1304,326.1304,277.7556950227539,185.53519248962402
369,369,12,draft|draft_verify,109.00235176086426,123.87728691101074,0.0,414.0,28.0,188.4544,312.39170931101074,232.93966107187498,232.93966107187498
370,370,1,draft|draft_verify,126.1754035949707,21.03137969970703,0.0,71.0,33.0,196.14000000000001,126.1754035949707,147.26680969467773,126.1754035949707
370,370,2,draft|draft_verify|target|target_rescue_verify,265.99979400634766,87.21470832824707,2173.9072799682617,104.0,72.0,437.136,2173.9072799682617,2527.1818399028566,2173.9072799682617
370,370,4,draft|draft_verify|target|target_rescue_verify,124.66001510620117,146.4693546295166,1615.804672241211,251.0,33.0,209.964,1615.804672241211,1886.9940683769287,1615.804672241211
370,370,5,draft|draft_verify,89.37263488769531,82.43513107299805,0.0,330.0,22.0,143.4664,225.96154867299805,171.86778356069334,171.86778356069334
371,371,1,draft|draft_verify,316.8814182281494,49.921274185180664,0.0,113.0,87.0,531.6816,316.8814182281494,366.8627620133301,316.8814182281494
371,371,2,draft|draft_verify,164.84832763671875,59.13090705871582,0.0,200.0,46.0,288.124,288.124,224.03927149543458,164.84832763671875
371,371,3,draft|draft_verify|target|target_rescue_verify,340.6543731689453,162.30273246765137,2054.4865131378174,246.0,92.0,591.8528,2054.4865131378174,2557.503692374414,2054.4865131378174
371,371,4,draft|draft_verify|target|target_rescue_verify,193.68791580200195,194.8390007019043,1052.0989894866943,345.0,51.0,337.2,1052.0989894866943,1440.6859467906006,1052.0989894866943
371,371,5,draft|draft_verify,122.73383140563965,92.62394905090332,0.0,396.0,31.0,207.56799999999998,300.2519738509033,215.41780525654298,215.41780525654298
372,372,1,draft|draft_verify,242.47097969055176,59.42273139953613,0.0,193.0,66.0,414.096,242.47097969055176,301.9537638900879,242.47097969055176
372,372,2,draft|draft_verify,117.50912666320801,59.418678283691406,0.0,259.0,31.0,197.704,197.704,176.98782974689942,117.50912666320801
372,372,3,draft|draft_verify,261.95573806762695,76.9960880279541,0.0,290.0,70.0,455.62,455.62,339.01188209558103,261.95573806762695
372,372,4,draft|draft_verify,606.6970825195312,126.37162208557129,0.0,360.0,162.0,1100.2824,1100.2824,733.1288342051025,606.6970825195312
372,372,5,draft|draft_verify,607.0418357849121,132.4317455291748,0.0,522.0,160.0,1148.1232,1148.1232,739.5337093140869,607.0418357849121
372,372,6,draft|draft_verify|target|target_rescue_verify,477.1428108215332,343.5828685760498,3306.5598011016846,682.0,126.0,946.74,3306.5598011016846,4127.345581299268,3306.5598011016846
372,372,7,draft|draft_verify,110.4283332824707,180.253267288208,0.0,839.0,27.0,208.17600000000002,388.489288888208,290.74162217067874,352.10472317623294
373,373,1,draft|draft_verify|target|backtracking_verify,208.36114883422852,103.15465927124023,1190.843105316162,132.0,57.0,348.7512,1190.843105316162,1502.4189590216308,1190.843105316162
373,373,2,draft|draft_verify|target|target_rescue_verify,318.7212944030762,183.0270290374756,1245.9917068481445,379.0,86.0,579.7280000000001,1245.9917068481445,1747.8000990886962,1245.9917068481445
373,373,3,draft|draft_verify|target|target_rescue_verify,261.05737686157227,120.08833885192871,1435.5072975158691,199.0,71.0,446.93600000000004,1435.5072975158691,1816.71307002937,1435.5072975158691
373,373,4,draft|draft_verify|target|target_rescue_verify,225.01444816589355,170.57204246520996,1634.779930114746,269.0,55.0,354.1264,1634.779930114746,2030.4264647458497,1634.779930114746
373,373,5,draft|draft_verify,150.82359313964844,102.01644897460938,0.0,349.0,39.0,257.4672,257.4672,252.9000733142578,150.82359313964844
373,373,6,draft|draft_verify,65.75465202331543,98.37865829467773,0.0,388.0,16.0,106.096,204.53467109467772,164.19332311799315,200.51515126928712
374,374,1,draft|draft_verify,60.907840728759766,30.219316482543945,0.0,157.0,16.0,97.78,60.907840728759766,91.18717001130372,60.907840728759766
374,374,2,draft|draft_verify,248.1706142425537,56.795358657836914,0.0,173.0,68.0,423.6056,423.6056,305.02602730039064,248.1706142425537
374,374,3,draft|draft_verify|target|target_rescue_verify,475.76260566711426,164.02435302734375,1718.6450958251953,241.0,126.0,814.44,1718.6450958251953,2358.492155319653,1718.6450958251953
374,374,4,draft|draft_verify,616.621732711792,142.0457363128662,0.0,323.0,159.0,1065.288,1065.288,758.7275962246582,616.621732711792
374,374,5,draft|draft_verify,82.5185775756836,124.81331825256348,0.0,482.0,20.0,137.23520000000002,266.9791977654297,207.3919118282471,266.9791977654297
375,375,1,draft|draft_verify,208.97674560546875,76.65872573852539,0.0,273.0,54.0,348.12,208.97674560546875,285.69551454399414,208.97674560546875
375,375,2,draft|draft_verify,111.7408275604248,76.27558708190918,0.0,327.0,29.0,189.4088,189.4088,188.07643784233397,111.7408275604248
375,375,3,draft|draft_verify,42.731285095214844,77.12554931640625,0.0,356.0,11.0,71.816,76.33561028190918,119.91684321162109,76.33561028190918
375,375,4,draft|draft_verify,362.990140914917,124.12643432617188,0.0,367.0,92.0,618.2792000000001,618.2792000000001,487.1766488410889,362.990140914917
375,375,5,draft|draft_verify,62.407732009887695,124.39179420471191,0.0,459.0,16.0,108.652,124.18650792617187,186.85953901459962,124.18650792617187
375,375,6,draft|draft_verify,662.790060043335,130.83934783935547,0.0,475.0,168.0,1188.3672000000001,1188.3672000000001,793.6895422826905,662.790060043335
375,375,7,draft|draft_verify,48.072099685668945,129.3966770172119,0.0,643.0,12.0,86.0136,130.89948223935548,177.52878630288086,130.89948223935548
375,375,8,draft|draft_verify,166.98312759399414,150.6500244140625,0.0,655.0,43.0,315.01120000000003,315.01120000000003,317.69318640805665,166.98312759399414
375,375,9,draft|draft_verify,66.1313533782959,151.51596069335938,0.0,698.0,16.0,117.256,150.7100588140625,217.70732687165525,150.7100588140625
375,375,10,draft|draft_verify,63.3397102355957,151.60226821899414,0.0,714.0,16.0,117.832,151.57597349335938,215.00199125458985,151.57597349335938
375,375,11,draft|draft_verify,74.19943809509277,153.57065200805664,0.0,730.0,19.0,141.00639999999999,151.66228101899415,227.83010530314942,151.66228101899415
375,375,12,draft|draft_verify|target|target_rescue_verify,154.33168411254883,314.93496894836426,563.3077621459961,749.0,38.0,286.3184,563.3077621459961,1032.6344456069091,563.3077621459961
375,375,13,draft|draft_verify|target|target_rescue_verify,76.09677314758301,308.0317974090576,334.38825607299805,768.0,19.0,142.648,334.38825607299805,718.5768418296386,334.38825607299805
375,375,14,draft|draft_verify,144.9413299560547,173.67029190063477,0.0,783.0,36.0,273.924,447.65432070063474,318.67165065668945,327.7462194051636
376,376,1,draft|draft_verify|target|target_rescue_verify,178.5295009613037,101.1049747467041,816.5690898895264,182.0,47.0,292.46720000000005,816.5690898895264,1096.2636031975342,816.5690898895264
376,376,2,draft|draft_verify|target|target_rescue_verify,252.97045707702637,128.0081272125244,1055.8452606201172,220.0,67.0,424.73440000000005,1055.8452606201172,1436.883898509668,1055.8452606201172
376,376,3,draft|draft_verify,176.95140838623047,86.51113510131836,0.0,271.0,45.0,289.2936,289.2936,263.5225794875488,176.95140838623047
376,376,4,draft|draft_verify,493.9265251159668,141.6950225830078,0.0,316.0,129.0,857.3496,857.3496,635.6816508989746,493.9265251159668
376,376,5,draft|draft_verify,222.26929664611816,138.40699195861816,0.0,445.0,56.0,383.876,383.876,360.73633340473634,222.26929664611816
376,376,6,draft|draft_verify,124.49431419372559,141.03174209594727,0.0,501.0,32.0,222.1448,222.1448,265.58608188967287,138.46703675861815
376,376,7,draft|draft_verify|target|target_rescue_verify,676.790714263916,314.1341209411621,4164.242744445801,533.0,174.0,1256.184,4164.242744445801,5155.227718850879,4164.242744445801
376,376,8,draft|draft_verify,178.75337600708008,152.83727645874023,0.0,736.0,46.0,346.012,346.012,331.65068926582035,178.75337600708008
376,376,9,draft|draft_verify,100.87895393371582,154.17718887329102,0.0,782.0,25.0,189.26319999999998,343.500408873291,255.11616280700684,307.1345221320313
377,377,1,draft|draft_verify,68.2530403137207,28.586387634277344,0.0,118.0,18.0,108.50160000000001,68.2530403137207,96.89944234799805,68.2530403137207
377,377,2,draft|draft_verify|target|target_rescue_verify,263.9029026031494,118.06774139404297,2222.3060131073,136.0,68.0,417.656,2222.3060131073,2604.336711504492,2222.3060131073
377,377,3,draft|draft_verify,278.1252861022949,85.28399467468262,0.0,245.0,72.0,461.16240000000005,461.16240000000005,363.46933837697753,278.1252861022949
377,377,4,draft|draft_verify,418.1044101715088,99.21407699584961,0.0,317.0,104.0,688.1768000000001,688.1768000000001,517.3785703673584,418.1044101715088
377,377,5,draft|draft_verify,85.98709106445312,127.90989875793457,0.0,421.0,21.0,141.252,269.2219155579346,213.9570066223877,227.24407575378416
378,378,1,draft|draft_verify,266.9868469238281,56.860923767089844,0.0,170.0,69.0,429.4344,266.9868469238281,323.907825890918,266.9868469238281
378,378,2,draft|draft_verify,109.7099781036377,59.68499183654785,0.0,239.0,29.0,183.4952,183.4952,169.45499314018554,109.7099781036377
378,378,3,draft|draft_verify,183.75158309936523,76.01642608642578,0.0,268.0,48.0,308.45759999999996,308.45759999999996,259.828047585791,183.75158309936523
378,378,4,draft|draft_verify,175.43530464172363,77.38137245178223,0.0,316.0,46.0,300.65200000000004,300.65200000000004,252.87671389350587,175.43530464172363
378,378,5,draft|draft_verify,167.04106330871582,91.32528305053711,0.0,362.0,42.0,278.7672,370.1525166505371,258.4263799592529,258.4263799592529
379,379,1,draft|draft_verify,149.5656967163086,58.37750434875488,0.0,213.0,40.0,251.4088,149.5656967163086,208.00323306506348,149.5656967163086
379,379,2,draft|draft_verify,239.60041999816895,76.31111145019531,0.0,253.0,62.0,397.45759999999996,397.45759999999996,315.97158104836427,239.60041999816895
379,379,3,draft|draft_verify,247.29585647583008,91.04537963867188,0.0,315.0,63.0,413.1792,413.1792,338.401286514502,247.29585647583008
379,379,4,draft|draft_verify|target|target_rescue_verify,260.38312911987305,266.2234306335449,1578.049898147583,378.0,67.0,449.76160000000004,1578.049898147583,2104.716511501001,1578.049898147583
379,379,5,draft|draft_verify,239.46666717529297,125.81801414489746,0.0,451.0,62.0,426.4448,426.4448,365.34473092019044,239.46666717529297
379,379,6,draft|draft_verify,242.03062057495117,127.2132396697998,0.0,513.0,63.0,442.6416,442.6416,369.303910644751,242.03062057495117
379,379,7,draft|draft_verify,262.91775703430176,130.37538528442383,0.0,576.0,68.0,488.408,488.408,393.3531967187256,262.91775703430176
379,379,8,draft|draft_verify,187.87693977355957,153.13029289245605,0.0,644.0,49.0,358.2712,358.2712,341.06727186601563,187.87693977355957
379,379,9,draft|draft_verify,188.78698348999023,157.958984375,0.0,693.0,49.0,363.916,363.916,346.80600706499024,188.78698348999023
379,379,10,draft|draft_verify,145.3249454498291,153.7930965423584,0.0,742.0,38.0,285.6968,285.6968,299.17807239218746,158.019023575
379,379,11,draft|draft_verify,85.68620681762695,154.29258346557617,0.0,780.0,21.0,158.484,312.8366002655762,240.03880708320312,308.20572720793456
380,380,1,draft|draft_verify,94.92659568786621,29.628992080688477,0.0,129.0,25.0,151.6504,94.92659568786621,124.61560776855468,94.92659568786621
380,380,2,draft|draft_verify,307.3713779449463,56.84256553649902,0.0,154.0,84.0,521.2032,521.2032,364.2740106814453,307.3713779449463
380,380,3,draft|draft_verify|target|target_rescue_verify,771.5039253234863,207.61799812316895,1784.4793796539307,238.0,204.0,1336.608,1784.4793796539307,2763.6614663005857,1784.4793796539307
380,380,4,draft|draft_verify|target|target_rescue_verify,588.6621475219727,284.6498489379883,3443.225860595703,323.0,157.0,1051.5016,3443.225860595703,4316.597982655664,3443.225860595703
380,380,5,draft|draft_verify,354.58993911743164,127.56466865539551,0.0,493.0,90.0,631.5168,631.5168,482.21467977282714,354.58993911743164
380,380,6,draft|draft_verify,119.09365653991699,127.03227996826172,0.0,583.0,30.0,213.82080000000002,340.91310396826174,246.1859605081787,254.71704462365722
381,381,1,draft|draft_verify,110.45145988464355,21.213769912719727,0.0,82.0,30.0,178.95120000000003,110.45145988464355,131.72525379736328,110.45145988464355
381,381,2,draft|draft_verify,102.82516479492188,27.83989906311035,0.0,112.0,28.0,168.88479999999998,168.88479999999998,130.7250862580322,102.82516479492188
381,381,3,draft|draft_verify,139.1286849975586,29.65402603149414,0.0,140.0,38.0,232.2392,232.2392,168.84274142905272,139.1286849975586
381,381,4,draft|draft_verify,358.84809494018555,59.5850944519043,0.0,178.0,97.0,608.9656,608.9656,418.49326699208984,358.84809494018555
381,381,5,draft|draft_verify,238.96503448486328,76.44534111022949,0.0,275.0,63.0,407.2272,407.2272,315.4704259950928,238.96503448486328
381,381,6,draft|draft_verify,192.54684448242188,91.37248992919922,0.0,338.0,51.0,336.36,336.36,283.9793752116211,192.54684448242188
381,381,7,draft|draft_verify,373.77381324768066,141.8461799621582,0.0,389.0,99.0,671.3951999999999,671.3951999999999,515.6800724098389,373.77381324768066
381,381,8,draft|draft_verify,131.14690780639648,126.68943405151367,0.0,488.0,32.0,221.1776,347.9270596515137,257.8963674579102,268.65571881367185
382,382,1,draft|draft_verify,297.5311279296875,60.17661094665527,0.0,202.0,80.0,505.08320000000003,297.5311279296875,357.7678028763428,297.5311279296875
382,382,2,draft|draft_verify|target|target_rescue_verify,91.21370315551758,135.69045066833496,885.0069046020508,282.0,24.0,153.9888,885.0069046020508,1111.9710776259033,885.0069046020508
382,382,3,draft|draft_verify|target|target_rescue_verify,202.0552158355713,173.96879196166992,573.073148727417,322.0,53.0,347.7128,573.073148727417,949.1571989246581,573.073148727417
382,382,4,draft|draft_verify,226.31001472473145,93.03712844848633,0.0,349.0,59.0,391.34720000000004,391.34720000000004,319.40719037321776,226.31001472473145
382,382,5,draft|draft_verify|target|target_rescue_verify,228.01494598388672,249.17197227478027,1344.2747592926025,408.0,60.0,406.42080000000004,1344.2747592926025,1821.5217255512696,1344.2747592926025
382,382,6,draft|draft_verify,248.08740615844727,141.66665077209473,0.0,473.0,65.0,450.7448,450.7448,389.81410893054203,248.08740615844727
382,382,7,draft|draft_verify|target|target_rescue_verify,248.2469081878662,254.1186809539795,1264.5299434661865,538.0,65.0,460.72880000000004,1264.5299434661865,1766.9555846080323,1264.5299434661865
382,382,8,draft|draft_verify,235.37182807922363,130.33223152160645,0.0,599.0,62.0,448.11199999999997,448.11199999999997,365.7641092008301,235.37182807922363
382,382,9,draft|draft_verify,138.49639892578125,150.9096622467041,0.0,661.0,36.0,263.676,263.676,289.46608997248535,138.49639892578125
382,382,10,draft|draft_verify,54.267168045043945,151.0779857635498,0.0,697.0,13.0,94.88080000000001,302.1076872102539,205.40516420859376,302.1076872102539
383,383,1,draft|draft_verify,134.4621181488037,60.04500389099121,0.0,228.0,36.0,227.304,134.4621181488037,194.56715083979492,134.4621181488037
383,383,2,draft|draft_verify,64.72635269165039,59.369802474975586,0.0,264.0,17.0,108.044,108.044,124.15616876662598,64.72635269165039
383,383,3,draft|draft_verify,68.55893135070801,59.95583534240723,0.0,281.0,18.0,115.152,115.152,128.57478109311523,68.55893135070801
383,383,4,draft|draft_verify,56.95533752441406,75.79541206359863,0.0,299.0,15.0,96.39840000000001,96.39840000000001,132.8107615880127,60.01584974240723
383,383,5,draft|draft_verify,57.24930763244629,75.91629028320312,0.0,314.0,15.0,96.9024,96.9024,133.22560991564941,75.85542406359863
383,383,6,draft|draft_verify,42.510032653808594,76.47562026977539,0.0,329.0,11.0,71.168,75.97630228320313,119.04566172358398,75.97630228320313
383,383,7,draft|draft_verify,35.2320671081543,76.8578052520752,0.0,340.0,9.0,58.2744,76.5356290697754,112.1498795602295,76.5356290697754
383,383,8,draft|draft_verify,76.68662071228027,91.05658531188965,0.0,349.0,20.0,131.1704,131.1704,167.80322202416994,76.9178124520752
383,383,9,draft|draft_verify,70.66011428833008,91.77708625793457,0.0,369.0,18.0,118.7424,118.7424,162.49721494626465,91.11660131188965
383,383,10,draft|draft_verify,56.12993240356445,92.17023849487305,0.0,387.0,14.0,92.6528,92.6528,148.3601820984375,91.83710065793457
383,383,11,draft|draft_verify,69.25797462463379,123.25859069824219,0.0,401.0,18.0,120.048,120.048,192.57657972287598,92.23024969487305
383,383,12,draft|draft_verify,47.65796661376953,123.28743934631348,0.0,419.0,12.0,80.1,123.31860509824219,171.005415560083,123.31860509824219
383,383,13,draft|draft_verify,35.071372985839844,124.21202659606934,0.0,431.0,9.0,60.02160000000001,123.34744894631348,159.34340678190918,123.34744894631348
383,383,14,draft|draft_verify,58.007240295410156,124.32384490966797,0.0,440.0,15.0,101.13600000000001,124.27203379606934,182.39109720507813,124.27203379606934
383,383,15,draft|draft_verify,58.09521675109863,124.33147430419922,0.0,455.0,15.0,101.64000000000001,124.38385690966797,182.48670305529785,124.38385690966797
383,383,16,draft|draft_verify,42.06418991088867,125.31304359436035,0.0,470.0,11.0,74.55199999999999,124.39148630419922,167.43724230524901,124.39148630419922
383,383,17,draft|draft_verify,35.469770431518555,125.41389465332031,0.0,481.0,9.0,60.9816,125.37305239436036,160.94367228483887,125.37305239436036
383,383,18,draft|draft_verify,83.75144004821777,142.59004592895508,0.0,490.0,22.0,151.5304,151.5304,226.40150357717283,125.47390185332031
383,383,19,draft|draft_verify,46.529293060302734,136.2149715423584,0.0,512.0,12.0,82.5552,142.6500635289551,182.80427420266113,142.6500635289551
383,383,20,draft|draft_verify,82.5960636138916,126.91688537597656,0.0,524.0,21.0,146.196,146.196,209.57296578986816,136.2749811423584
383,383,21,draft|draft_verify,32.82666206359863,127.85506248474121,0.0,545.0,8.0,55.1432,126.97690217597656,160.74173094833984,126.97690217597656
383,383,22,draft|draft_verify,39.17717933654785,127.44569778442383,0.0,553.0,10.0,69.45280000000001,127.91506888474122,166.6828851209717,127.91506888474122
383,383,23,draft|draft_verify,27.899503707885742,127.76565551757812,0.0,563.0,7.0,48.3376,127.50570578442382,155.72516482546388,127.50570578442382
383,383,24,draft|draft_verify,35.248756408691406,127.14076042175293,0.0,570.0,9.0,62.690400000000004,127.82566111757812,162.44952403044434,127.82566111757812
383,383,25,draft|draft_verify,61.636924743652344,130.17010688781738,0.0,579.0,16.0,112.97200000000001,127.20076762175293,191.86704443146974,127.20076762175293
383,383,26,draft|draft_verify,43.35737228393555,130.91635704040527,0.0,595.0,11.0,77.55199999999999,130.2301196878174,174.3337381243408,130.2301196878174
383,383,27,draft|draft_verify,28.130292892456055,131.13999366760254,0.0,606.0,7.0,48.9568,130.97636584040526,159.3302921600586,130.97636584040526
383,383,28,draft|draft_verify,46.97418212890625,130.9196949005127,0.0,613.0,12.0,85.2216,131.19999926760255,177.95388662941895,131.19999926760255
383,383,29,draft|draft_verify,41.777849197387695,131.8068504333496,0.0,625.0,9.0,63.7464,130.9797045005127,173.6447068307373,130.9797045005127
383,383,30,draft|draft_verify,70.17207145690918,158.32161903381348,0.0,634.0,18.0,129.55440000000002,131.8668576333496,228.55370489072266,131.8668576333496
383,383,31,draft|draft_verify,64.05758857727051,152.84395217895508,0.0,652.0,16.0,115.6,158.38163343381348,216.96155355622557,158.38163343381348
383,383,32,draft|draft_verify,29.74867820739746,152.2538661956787,0.0,668.0,7.0,49.849599999999995,152.9039649789551,182.06255000307618,152.9039649789551
383,383,33,draft|draft_verify,40.04836082458496,153.1980037689209,0.0,675.0,9.0,64.7064,305.57188276459965,193.30637179350586,305.57188276459965
384,384,1,draft|draft_verify,279.2491912841797,50.43959617614746,0.0,160.0,76.0,471.88,279.2491912841797,329.7488482603271,279.2491912841797
384,384,2,draft|draft_verify,34.08408164978027,59.41271781921387,0.0,236.0,9.0,56.27760000000001,56.27760000000001,93.55680666899414,50.49965697614746
384,384,3,draft|draft_verify|target|target_rescue_verify,453.04083824157715,145.62392234802246,1267.4243450164795,245.0,116.0,749.4680000000001,1267.4243450164795,1866.149198406079,1267.4243450164795
384,384,4,draft|draft_verify,239.76540565490723,85.92748641967773,0.0,304.0,61.0,398.308,398.308,325.75294087458497,239.76540565490723
384,384,5,draft|draft_verify,240.91243743896484,102.8599739074707,0.0,365.0,61.0,407.092,407.092,343.83246014643555,240.91243743896484
384,384,6,draft|draft_verify,243.38769912719727,134.415864944458,0.0,426.0,61.0,415.876,415.876,377.8636128716553,243.38769912719727
384,384,7,draft|draft_verify,230.39746284484863,136.20281219482422,0.0,487.0,59.0,410.5568,410.5568,366.66032223967284,230.39746284484863
384,384,8,draft|draft_verify,117.84791946411133,127.36320495605469,0.0,546.0,31.0,218.368,218.368,245.27114922016602,136.26285939482423
384,384,9,draft|draft_verify,47.31392860412598,126.90448760986328,0.0,577.0,11.0,77.12,254.38772616591797,174.27842501398925,254.38772616591797
