dataset,method,run_tag,example_idx,problem_ordinal,step,phase,draft_latency_ms,prm_latency_ms,target_latency_ms,draft_input_tokens,draft_output_tokens,prm_input_tokens,prm_output_rewards,target_input_tokens,target_output_tokens,draft_calls,prm_calls,target_calls
gaokao2023en,bbeam1,step-profile-config2-bbeam1-gaokao2023en-exclusive0817,0,0,1,draft|draft_verify,121.47808074951172,3883.350133895874,0.0,92,27,66,1,0,0,1,1,0
gaokao2023en,bbeam1,step-profile-config2-bbeam1-gaokao2023en-exclusive0817,0,0,2,draft|draft_verify,440.45543670654297,66.50280952453613,0.0,119,91,159,2,0,0,1,1,0
gaokao2023en,bbeam1,step-profile-config2-bbeam1-gaokao2023en-exclusive0817,0,0,3,draft|draft_verify,378.22461128234863,72.28827476501465,0.0,210,83,244,3,0,0,1,1,0
gaokao2023en,bbeam1,step-profile-config2-bbeam1-gaokao2023en-exclusive0817,0,0,4,draft|draft_verify,630.4020881652832,106.47797584533691,0.0,293,137,383,4,0,0,1,1,0
gaokao2023en,bbeam1,step-profile-config2-bbeam1-gaokao2023en-exclusive0817,0,0,5,draft|draft_verify,96.99296951293945,127.4557113647461,0.0,430,19,404,5,0,0,1,1,0
gaokao2023en,bbeam1,step-profile-config2-bbeam1-gaokao2023en-exclusive0817,1,1,1,draft|draft_verify,361.62877082824707,32.207489013671875,0.0,88,88,122,1,0,0,1,1,0
gaokao2023en,bbeam1,step-profile-config2-bbeam1-gaokao2023en-exclusive0817,1,1,2,draft|draft_verify,250.34117698669434,53.03335189819336,0.0,176,49,173,2,0,0,1,1,0
gaokao2023en,bbeam1,step-profile-config2-bbeam1-gaokao2023en-exclusive0817,1,1,3,draft|draft_verify,182.42144584655762,61.3558292388916,0.0,225,39,214,3,0,0,1,1,0
gaokao2023en,bbeam1,step-profile-config2-bbeam1-gaokao2023en-exclusive0817,1,1,4,draft|draft_verify,121.52862548828125,67.40164756774902,0.0,264,25,241,4,0,0,1,1,0
gaokao2023en,bbeam1,step-profile-config2-bbeam1-gaokao2023en-exclusive0817,2,2,1,draft|draft_verify,254.65083122253418,53.319692611694336,0.0,129,56,131,1,0,0,1,1,0
gaokao2023en,bbeam1,step-profile-config2-bbeam1-gaokao2023en-exclusive0817,2,2,2,draft|draft_verify,212.2800350189209,75.27637481689453,0.0,185,47,180,2,0,0,1,1,0
gaokao2023en,bbeam1,step-profile-config2-bbeam1-gaokao2023en-exclusive0817,2,2,3,draft|draft_verify|target|target_rescue_verify,488.88134956359863,175.34542083740234,586.9832038879395,232,107,561,6,232,90,1,2,1
gaokao2023en,bbeam1,step-profile-config2-bbeam1-gaokao2023en-exclusive0817,2,2,4,draft|draft_verify,449.21207427978516,116.93096160888672,0.0,322,93,367,4,0,0,1,1,0
gaokao2023en,bbeam1,step-profile-config2-bbeam1-gaokao2023en-exclusive0817,2,2,5,draft|draft_verify,526.0443687438965,144.17552947998047,0.0,415,109,478,5,0,0,1,1,0
gaokao2023en,bbeam1,step-profile-config2-bbeam1-gaokao2023en-exclusive0817,2,2,6,draft|draft_verify,407.69267082214355,129.94742393493652,0.0,524,84,564,6,0,0,1,1,0
gaokao2023en,bbeam1,step-profile-config2-bbeam1-gaokao2023en-exclusive0817,2,2,7,draft|draft_verify,354.42566871643066,137.95208930969238,0.0,608,74,640,7,0,0,1,1,0
gaokao2023en,bbeam1,step-profile-config2-bbeam1-gaokao2023en-exclusive0817,2,2,8,draft|draft_verify,77.61645317077637,155.05146980285645,0.0,682,15,657,8,0,0,1,1,0
gaokao2023en,bbeam1,step-profile-config2-bbeam1-gaokao2023en-exclusive0817,3,3,1,draft|draft_verify,214.7977352142334,31.382322311401367,0.0,83,46,75,1,0,0,1,1,0
gaokao2023en,bbeam1,step-profile-config2-bbeam1-gaokao2023en-exclusive0817,3,3,2,draft|draft_verify,164.0639305114746,40.128231048583984,0.0,129,36,113,2,0,0,1,1,0
gaokao2023en,bbeam1,step-profile-config2-bbeam1-gaokao2023en-exclusive0817,3,3,3,draft|draft_verify,214.22958374023438,50.40550231933594,0.0,165,47,162,3,0,0,1,1,0
gaokao2023en,bbeam1,step-profile-config2-bbeam1-gaokao2023en-exclusive0817,3,3,4,draft|draft_verify,47.74665832519531,51.74660682678223,0.0,212,10,174,4,0,0,1,1,0
gaokao2023en,bbeam1,step-profile-config2-bbeam1-gaokao2023en-exclusive0817,3,3,5,draft|draft_verify,154.7982692718506,59.94081497192383,0.0,222,34,210,5,0,0,1,1,0
gaokao2023en,bbeam1,step-profile-config2-bbeam1-gaokao2023en-exclusive0817,3,3,6,draft|draft_verify,49.34048652648926,59.424400329589844,0.0,256,10,222,6,0,0,1,1,0
gaokao2023en,bbeam1,step-profile-config2-bbeam1-gaokao2023en-exclusive0817,3,3,7,draft|draft_verify,398.27942848205566,77.85344123840332,0.0,266,87,311,7,0,0,1,1,0
gaokao2023en,bbeam1,step-profile-config2-bbeam1-gaokao2023en-exclusive0817,3,3,8,draft|draft_verify,149.10888671875,93.34635734558105,0.0,353,32,345,8,0,0,1,1,0
gaokao2023en,bbeam1,step-profile-config2-bbeam1-gaokao2023en-exclusive0817,3,3,9,draft|draft_verify,63.89665603637695,92.89169311523438,0.0,385,13,360,9,0,0,1,1,0
gaokao2023en,bbeam1,step-profile-config2-bbeam1-gaokao2023en-exclusive0817,3,3,10,draft|draft_verify,36.0567569732666,97.89824485778809,0.0,398,7,369,10,0,0,1,1,0
gaokao2023en,bbeam1,step-profile-config2-bbeam1-gaokao2023en-exclusive0817,3,3,11,draft|draft_verify,160.07757186889648,135.4196071624756,0.0,405,29,400,11,0,0,1,1,0
gaokao2023en,bbeam1,step-profile-config2-bbeam1-gaokao2023en-exclusive0817,3,3,12,draft|draft_verify,92.97943115234375,139.83392715454102,0.0,434,20,422,12,0,0,1,1,0
gaokao2023en,bbeam1,step-profile-config2-bbeam1-gaokao2023en-exclusive0817,3,3,13,draft|draft_verify,458.13655853271484,137.93087005615234,0.0,454,86,510,13,0,0,1,1,0
gaokao2023en,bbeam1,step-profile-config2-bbeam1-gaokao2023en-exclusive0817,3,3,14,draft|draft_verify,79.36239242553711,128.76129150390625,0.0,540,12,524,14,0,0,1,1,0
gaokao2023en,bbeam1,step-profile-config2-bbeam1-gaokao2023en-exclusive0817,3,3,15,draft|draft_verify,299.4575500488281,130.37371635437012,0.0,552,47,573,15,0,0,1,1,0
gaokao2023en,bbeam1,step-profile-config2-bbeam1-gaokao2023en-exclusive0817,3,3,16,draft|draft_verify,65.36054611206055,132.2307586669922,0.0,599,10,585,16,0,0,1,1,0
gaokao2023en,bbeam1,step-profile-config2-bbeam1-gaokao2023en-exclusive0817,3,3,17,draft|draft_verify,99.86257553100586,132.62343406677246,0.0,609,15,602,17,0,0,1,1,0
gaokao2023en,bbeam1,step-profile-config2-bbeam1-gaokao2023en-exclusive0817,3,3,18,draft|draft_verify,243.51096153259277,163.22755813598633,0.0,624,37,641,18,0,0,1,1,0
gaokao2023en,bbeam1,step-profile-config2-bbeam1-gaokao2023en-exclusive0817,4,4,1,draft|draft_verify,334.80381965637207,51.404714584350586,0.0,115,78,139,1,0,0,1,1,0
gaokao2023en,bbeam1,step-profile-config2-bbeam1-gaokao2023en-exclusive0817,4,4,2,draft|draft_verify,545.5474853515625,80.89995384216309,0.0,193,116,257,2,0,0,1,1,0
gaokao2023en,bbeam1,step-profile-config2-bbeam1-gaokao2023en-exclusive0817,4,4,3,draft|draft_verify,661.639928817749,107.23280906677246,0.0,309,125,384,3,0,0,1,1,0
gaokao2023en,bbeam1,step-profile-config2-bbeam1-gaokao2023en-exclusive0817,4,4,4,draft|draft_verify|target|target_rescue_verify,63.143014907836914,253.9687156677246,206.73012733459473,434,13,810,8,434,25,1,2,1
gaokao2023en,bbeam1,step-profile-config2-bbeam1-gaokao2023en-exclusive0817,4,4,5,draft|draft_verify,35.83097457885742,126.07574462890625,0.0,459,7,420,5,0,0,1,1,0
gaokao2023en,bbeam1,step-profile-config2-bbeam1-gaokao2023en-exclusive0817,4,4,6,draft|draft_verify,134.04607772827148,128.1912326812744,0.0,466,28,450,6,0,0,1,1,0
gaokao2023en,bbeam1,step-profile-config2-bbeam1-gaokao2023en-exclusive0817,4,4,7,draft|draft_verify,36.93246841430664,128.004789352417,0.0,494,7,459,7,0,0,1,1,0
gaokao2023en,bbeam1,step-profile-config2-bbeam1-gaokao2023en-exclusive0817,4,4,8,draft|draft_verify,107.91254043579102,144.4709300994873,0.0,501,22,483,8,0,0,1,1,0
gaokao2023en,bbeam1,step-profile-config2-bbeam1-gaokao2023en-exclusive0817,4,4,9,draft|draft_verify,268.4178352355957,130.4314136505127,0.0,523,56,541,9,0,0,1,1,0
gaokao2023en,bbeam1,step-profile-config2-bbeam1-gaokao2023en-exclusive0817,4,4,10,draft|draft_verify,41.39447212219238,130.4464340209961,0.0,579,8,551,10,0,0,1,1,0
gaokao2023en,bbeam1,step-profile-config2-bbeam1-gaokao2023en-exclusive0817,4,4,11,draft|draft_verify,141.0388946533203,135.04552841186523,0.0,587,28,581,11,0,0,1,1,0
gaokao2023en,bbeam1,step-profile-config2-bbeam1-gaokao2023en-exclusive0817,4,4,12,draft|draft_verify,42.86479949951172,133.29029083251953,0.0,615,8,591,12,0,0,1,1,0
gaokao2023en,bbeam1,step-profile-config2-bbeam1-gaokao2023en-exclusive0817,4,4,13,draft|draft_verify,98.93393516540527,138.75722885131836,0.0,623,20,613,13,0,0,1,1,0
gaokao2023en,bbeam1,step-profile-config2-bbeam1-gaokao2023en-exclusive0817,4,4,14,draft|draft_verify,313.9991760253906,159.70849990844727,0.0,643,49,664,14,0,0,1,1,0
gaokao2023en,bbeam1,step-profile-config2-bbeam1-gaokao2023en-exclusive0817,4,4,15,draft|draft_verify,273.9098072052002,155.29179573059082,0.0,692,61,727,15,0,0,1,1,0
gaokao2023en,bbeam1,step-profile-config2-bbeam1-gaokao2023en-exclusive0817,4,4,16,draft|draft_verify,205.30056953430176,174.7877597808838,0.0,753,44,773,16,0,0,1,1,0
gaokao2023en,bbeam1,step-profile-config2-bbeam1-gaokao2023en-exclusive0817,4,4,17,draft|draft_verify,112.92314529418945,174.91602897644043,0.0,797,22,797,17,0,0,1,1,0
gaokao2023en,bbeam1,step-profile-config2-bbeam1-gaokao2023en-exclusive0817,5,5,1,draft|draft_verify,56.87141418457031,21.64149284362793,0.0,97,12,55,1,0,0,1,1,0
gaokao2023en,bbeam1,step-profile-config2-bbeam1-gaokao2023en-exclusive0817,5,5,2,draft|draft_verify,112.01739311218262,29.671192169189453,0.0,109,25,82,2,0,0,1,1,0
gaokao2023en,bbeam1,step-profile-config2-bbeam1-gaokao2023en-exclusive0817,5,5,3,draft|draft_verify,239.53628540039062,65.44876098632812,0.0,134,49,133,3,0,0,1,1,0
gaokao2023en,bbeam1,step-profile-config2-bbeam1-gaokao2023en-exclusive0817,5,5,4,draft|draft_verify,194.90432739257812,61.28716468811035,0.0,183,33,168,4,0,0,1,1,0
gaokao2023en,bbeam1,step-profile-config2-bbeam1-gaokao2023en-exclusive0817,5,5,5,draft|draft_verify,22.426366806030273,53.03621292114258,0.0,216,3,173,5,0,0,1,1,0
gaokao2023en,bbeam1,step-profile-config2-bbeam1-gaokao2023en-exclusive0817,5,5,6,draft|draft_verify,160.06183624267578,82.22651481628418,0.0,219,32,207,6,0,0,1,1,0
gaokao2023en,bbeam1,step-profile-config2-bbeam1-gaokao2023en-exclusive0817,5,5,7,draft|draft_verify,66.29419326782227,62.1337890625,0.0,251,12,221,7,0,0,1,1,0
gaokao2023en,bbeam1,step-profile-config2-bbeam1-gaokao2023en-exclusive0817,5,5,8,draft|draft_verify,321.78592681884766,78.02867889404297,0.0,263,68,291,8,0,0,1,1,0
gaokao2023en,bbeam1,step-profile-config2-bbeam1-gaokao2023en-exclusive0817,5,5,9,draft|draft_verify,60.697317123413086,76.97153091430664,0.0,331,12,305,9,0,0,1,1,0
gaokao2023en,bbeam1,step-profile-config2-bbeam1-gaokao2023en-exclusive0817,5,5,10,draft|draft_verify,245.05305290222168,93.26839447021484,0.0,343,52,359,10,0,0,1,1,0
gaokao2023en,bbeam1,step-profile-config2-bbeam1-gaokao2023en-exclusive0817,5,5,11,draft|draft_verify,31.419992446899414,93.04618835449219,0.0,395,6,367,11,0,0,1,1,0
gaokao2023en,bbeam1,step-profile-config2-bbeam1-gaokao2023en-exclusive0817,5,5,12,draft|draft_verify|target|target_rescue_verify,255.17964363098145,279.5069217681885,265.7291889190674,401,53,824,24,401,33,1,2,1
gaokao2023en,bbeam1,step-profile-config2-bbeam1-gaokao2023en-exclusive0817,5,5,13,draft|draft_verify,102.02383995056152,128.62849235534668,0.0,434,20,424,13,0,0,1,1,0
gaokao2023en,bbeam1,step-profile-config2-bbeam1-gaokao2023en-exclusive0817,5,5,14,draft|draft_verify,149.13249015808105,140.9320831298828,0.0,454,30,456,14,0,0,1,1,0
gaokao2023en,bbeam1,step-profile-config2-bbeam1-gaokao2023en-exclusive0817,5,5,15,draft|draft_verify,92.80991554260254,138.8416290283203,0.0,484,17,475,15,0,0,1,1,0
gaokao2023en,bbeam1,step-profile-config2-bbeam1-gaokao2023en-exclusive0817,5,5,16,draft|draft_verify,121.55342102050781,137.92991638183594,0.0,501,26,503,16,0,0,1,1,0
gaokao2023en,bbeam1,step-profile-config2-bbeam1-gaokao2023en-exclusive0817,5,5,17,draft|draft_verify|target|target_rescue_verify,62.50452995300293,256.73437118530273,103.48820686340332,527,13,1032,34,527,9,1,2,1
gaokao2023en,bbeam1,step-profile-config2-bbeam1-gaokao2023en-exclusive0817,5,5,18,draft|draft_verify,136.5518569946289,128.12542915344238,0.0,536,29,545,18,0,0,1,1,0
gaokao2023en,bbeam1,step-profile-config2-bbeam1-gaokao2023en-exclusive0817,5,5,19,draft|draft_verify,46.642303466796875,128.23224067687988,0.0,565,10,557,19,0,0,1,1,0
gaokao2023en,bbeam1,step-profile-config2-bbeam1-gaokao2023en-exclusive0817,5,5,20,draft|draft_verify,123.20542335510254,133.1627368927002,0.0,575,26,585,20,0,0,1,1,0
gaokao2023en,bbeam1,step-profile-config2-bbeam1-gaokao2023en-exclusive0817,5,5,21,draft|draft_verify|target|target_rescue_verify,286.50665283203125,306.6251277923584,490.81993103027344,601,62,1309,42,601,73,1,2,1
gaokao2023en,bbeam1,step-profile-config2-bbeam1-gaokao2023en-exclusive0817,5,5,22,draft|draft_verify|target|backtracking_verify,147.54223823547363,308.38537216186523,436.1710548400879,674,32,1420,44,674,64,1,2,1
gaokao2023en,bbeam1,step-profile-config2-bbeam1-gaokao2023en-exclusive0817,5,5,23,draft|draft_verify|target|target_rescue_verify,611.3612651824951,674.5266914367676,561.5062713623047,1444,132,3058,92,1444,78,2,4,2
gaokao2023en,bbeam1,step-profile-config2-bbeam1-gaokao2023en-exclusive0817,5,5,24,draft|draft_verify,53.777456283569336,184.35335159301758,0.0,780,11,783,24,0,0,1,1,0
gaokao2023en,bbeam1,step-profile-config2-bbeam1-gaokao2023en-exclusive0817,5,5,25,draft|draft_verify,264.91308212280273,177.47998237609863,0.0,791,58,843,25,0,0,1,1,0
gaokao2023en,bbeam1,step-profile-config2-bbeam1-gaokao2023en-exclusive0817,5,5,26,draft|draft_verify,27.681827545166016,176.81884765625,0.0,849,5,850,26,0,0,1,1,0
gaokao2023en,bbeam1,step-profile-config2-bbeam1-gaokao2023en-exclusive0817,5,5,27,draft|draft_verify,264.93144035339355,205.01947402954102,0.0,854,56,908,27,0,0,1,1,0
gaokao2023en,bbeam1,step-profile-config2-bbeam1-gaokao2023en-exclusive0817,5,5,28,draft|draft_verify,283.4153175354004,204.93674278259277,0.0,910,56,966,28,0,0,1,1,0
gaokao2023en,bbeam1,step-profile-config2-bbeam1-gaokao2023en-exclusive0817,5,5,29,draft|draft_verify,238.31462860107422,205.00779151916504,0.0,966,46,1014,29,0,0,1,1,0
gaokao2023en,bbeam1,step-profile-config2-bbeam1-gaokao2023en-exclusive0817,5,5,30,draft|draft_verify,215.9895896911621,230.3767204284668,0.0,1012,46,1062,30,0,0,1,1,0
gaokao2023en,bbeam1,step-profile-config2-bbeam1-gaokao2023en-exclusive0817,5,5,31,draft|draft_verify,225.2366542816162,238.66629600524902,0.0,1058,46,1110,31,0,0,1,1,0
gaokao2023en,bbeam1,step-profile-config2-bbeam1-gaokao2023en-exclusive0817,5,5,32,draft|draft_verify,219.86150741577148,259.13190841674805,0.0,1104,46,1158,32,0,0,1,1,0
gaokao2023en,bbeam1,step-profile-config2-bbeam1-gaokao2023en-exclusive0817,5,5,33,draft|draft_verify,257.6792240142822,263.5214328765869,0.0,1150,46,1206,33,0,0,1,1,0
gaokao2023en,bbeam1,step-profile-config2-bbeam1-gaokao2023en-exclusive0817,5,5,34,draft|draft_verify,215.35801887512207,261.22045516967773,0.0,1196,46,1254,34,0,0,1,1,0
gaokao2023en,bbeam1,step-profile-config2-bbeam1-gaokao2023en-exclusive0817,5,5,35,draft|draft_verify,232.30862617492676,277.93192863464355,0.0,1242,46,1302,35,0,0,1,1,0
gaokao2023en,bbeam1,step-profile-config2-bbeam1-gaokao2023en-exclusive0817,5,5,36,draft|draft_verify,221.9398021697998,278.95545959472656,0.0,1288,46,1350,36,0,0,1,1,0
gaokao2023en,bbeam1,step-profile-config2-bbeam1-gaokao2023en-exclusive0817,5,5,37,draft|draft_verify,231.18114471435547,281.25905990600586,0.0,1334,46,1398,37,0,0,1,1,0
gaokao2023en,bbeam1,step-profile-config2-bbeam1-gaokao2023en-exclusive0817,5,5,38,draft|draft_verify,230.00764846801758,309.24105644226074,0.0,1380,46,1446,38,0,0,1,1,0
gaokao2023en,bbeam1,step-profile-config2-bbeam1-gaokao2023en-exclusive0817,5,5,39,draft|draft_verify,217.36502647399902,319.53978538513184,0.0,1426,46,1494,39,0,0,1,1,0
gaokao2023en,bbeam1,step-profile-config2-bbeam1-gaokao2023en-exclusive0817,5,5,40,draft|draft_verify,236.0830307006836,333.39810371398926,0.0,1472,46,1542,40,0,0,1,1,0
gaokao2023en,bbeam1,step-profile-config2-bbeam1-gaokao2023en-exclusive0817,5,5,41,draft|draft_verify,219.1023826599121,335.53028106689453,0.0,1518,46,1590,41,0,0,1,1,0
gaokao2023en,bbeam1,step-profile-config2-bbeam1-gaokao2023en-exclusive0817,5,5,42,draft|draft_verify,217.86260604858398,337.1586799621582,0.0,1564,46,1638,42,0,0,1,1,0
gaokao2023en,bbeam1,step-profile-config2-bbeam1-gaokao2023en-exclusive0817,5,5,43,draft|draft_verify,223.59108924865723,356.3859462738037,0.0,1610,46,1686,43,0,0,1,1,0
gaokao2023en,bbeam1,step-profile-config2-bbeam1-gaokao2023en-exclusive0817,5,5,44,draft|draft_verify,216.86816215515137,398.66042137145996,0.0,1656,46,1734,44,0,0,1,1,0
gaokao2023en,bbeam1,step-profile-config2-bbeam1-gaokao2023en-exclusive0817,5,5,45,draft|draft_verify,221.73833847045898,364.4425868988037,0.0,1702,46,1782,45,0,0,1,1,0
gaokao2023en,bbeam1,step-profile-config2-bbeam1-gaokao2023en-exclusive0817,5,5,46,draft|draft_verify,217.83685684204102,396.14295959472656,0.0,1748,46,1830,46,0,0,1,1,0
gaokao2023en,bbeam1,step-profile-config2-bbeam1-gaokao2023en-exclusive0817,5,5,47,draft|draft_verify,211.93885803222656,396.1944580078125,0.0,1794,46,1878,47,0,0,1,1,0
gaokao2023en,bbeam1,step-profile-config2-bbeam1-gaokao2023en-exclusive0817,5,5,48,draft|draft_verify,210.3567123413086,406.0392379760742,0.0,1840,46,1926,48,0,0,1,1,0
gaokao2023en,bbeam1,step-profile-config2-bbeam1-gaokao2023en-exclusive0817,5,5,49,draft|draft_verify,209.7322940826416,406.7411422729492,0.0,1886,46,1974,49,0,0,1,1,0
gaokao2023en,bbeam1,step-profile-config2-bbeam1-gaokao2023en-exclusive0817,5,5,50,draft|draft_verify,217.59390830993652,408.2760810852051,0.0,1932,46,2022,50,0,0,1,1,0
gaokao2023en,bbeam1,step-profile-config2-bbeam1-gaokao2023en-exclusive0817,5,5,51,draft|draft_verify,234.49039459228516,439.4111633300781,0.0,1978,46,2070,51,0,0,1,1,0
gaokao2023en,bbeam1,step-profile-config2-bbeam1-gaokao2023en-exclusive0817,5,5,52,draft|draft_verify,222.5668430328369,431.15925788879395,0.0,2024,46,2118,52,0,0,1,1,0
gaokao2023en,bbeam1,step-profile-config2-bbeam1-gaokao2023en-exclusive0817,6,6,1,draft|draft_verify,287.4746322631836,34.65390205383301,0.0,83,62,92,1,0,0,1,1,0
gaokao2023en,bbeam1,step-profile-config2-bbeam1-gaokao2023en-exclusive0817,6,6,2,draft|draft_verify,130.62286376953125,33.79178047180176,0.0,145,29,123,2,0,0,1,1,0
gaokao2023en,bbeam1,step-profile-config2-bbeam1-gaokao2023en-exclusive0817,6,6,3,draft|draft_verify,297.6076602935791,58.808326721191406,0.0,174,65,190,3,0,0,1,1,0
gaokao2023en,bbeam1,step-profile-config2-bbeam1-gaokao2023en-exclusive0817,6,6,4,draft|draft_verify,205.2907943725586,61.29765510559082,0.0,239,44,236,4,0,0,1,1,0
gaokao2023en,bbeam1,step-profile-config2-bbeam1-gaokao2023en-exclusive0817,6,6,5,draft|draft_verify,274.14870262145996,78.49526405334473,0.0,283,58,296,5,0,0,1,1,0
gaokao2023en,bbeam1,step-profile-config2-bbeam1-gaokao2023en-exclusive0817,6,6,6,draft|draft_verify,202.06379890441895,102.5545597076416,0.0,341,43,341,6,0,0,1,1,0
gaokao2023en,bbeam1,step-profile-config2-bbeam1-gaokao2023en-exclusive0817,6,6,7,draft|draft_verify,139.76263999938965,99.46894645690918,0.0,384,28,371,7,0,0,1,1,0
gaokao2023en,bbeam1,step-profile-config2-bbeam1-gaokao2023en-exclusive0817,7,7,1,draft|draft_verify,183.14671516418457,30.95269203186035,0.0,91,41,78,1,0,0,1,1,0
gaokao2023en,bbeam1,step-profile-config2-bbeam1-gaokao2023en-exclusive0817,7,7,2,draft|draft_verify,133.38947296142578,31.026840209960938,0.0,132,30,110,2,0,0,1,1,0
gaokao2023en,bbeam1,step-profile-config2-bbeam1-gaokao2023en-exclusive0817,7,7,3,draft|draft_verify,334.1870307922363,58.6552619934082,0.0,162,76,188,3,0,0,1,1,0
gaokao2023en,bbeam1,step-profile-config2-bbeam1-gaokao2023en-exclusive0817,7,7,4,draft|draft_verify,189.50700759887695,60.57262420654297,0.0,238,42,232,4,0,0,1,1,0
gaokao2023en,bbeam1,step-profile-config2-bbeam1-gaokao2023en-exclusive0817,7,7,5,draft|draft_verify,97.70703315734863,60.92953681945801,0.0,280,21,255,5,0,0,1,1,0
gaokao2023en,bbeam1,step-profile-config2-bbeam1-gaokao2023en-exclusive0817,7,7,6,draft|draft_verify,15.218257904052734,87.27622032165527,0.0,301,3,260,6,0,0,1,1,0
gaokao2023en,bbeam1,step-profile-config2-bbeam1-gaokao2023en-exclusive0817,7,7,7,draft|draft_verify,75.88481903076172,91.62235260009766,0.0,304,15,277,7,0,0,1,1,0
gaokao2023en,bbeam1,step-profile-config2-bbeam1-gaokao2023en-exclusive0817,7,7,8,draft|draft_verify,198.6825466156006,94.40422058105469,0.0,319,42,321,8,0,0,1,1,0
gaokao2023en,bbeam1,step-profile-config2-bbeam1-gaokao2023en-exclusive0817,7,7,9,draft|draft_verify,63.109636306762695,95.27039527893066,0.0,361,13,336,9,0,0,1,1,0
gaokao2023en,bbeam1,step-profile-config2-bbeam1-gaokao2023en-exclusive0817,7,7,10,draft|draft_verify,69.4115161895752,94.71631050109863,0.0,374,14,352,10,0,0,1,1,0
gaokao2023en,bbeam1,step-profile-config2-bbeam1-gaokao2023en-exclusive0817,7,7,11,draft|draft_verify,75.23083686828613,94.42663192749023,0.0,388,17,371,11,0,0,1,1,0
gaokao2023en,bbeam1,step-profile-config2-bbeam1-gaokao2023en-exclusive0817,7,7,12,draft|draft_verify,40.76838493347168,94.04373168945312,0.0,405,10,383,12,0,0,1,1,0
gaokao2023en,bbeam1,step-profile-config2-bbeam1-gaokao2023en-exclusive0817,7,7,13,draft|draft_verify,98.97994995117188,126.2509822845459,0.0,415,22,407,13,0,0,1,1,0
gaokao2023en,bbeam1,step-profile-config2-bbeam1-gaokao2023en-exclusive0817,7,7,14,draft|draft_verify,153.51605415344238,128.8609504699707,0.0,437,34,443,14,0,0,1,1,0
gaokao2023en,bbeam1,step-profile-config2-bbeam1-gaokao2023en-exclusive0817,7,7,15,draft|draft_verify,99.61605072021484,130.0966739654541,0.0,471,19,464,15,0,0,1,1,0
gaokao2023en,bbeam1,step-profile-config2-bbeam1-gaokao2023en-exclusive0817,7,7,16,draft|draft_verify,28.755903244018555,129.81414794921875,0.0,490,5,471,16,0,0,1,1,0
gaokao2023en,bbeam1,step-profile-config2-bbeam1-gaokao2023en-exclusive0817,7,7,17,draft|draft_verify,70.18780708312988,145.28894424438477,0.0,495,13,486,17,0,0,1,1,0
gaokao2023en,bbeam1,step-profile-config2-bbeam1-gaokao2023en-exclusive0817,7,7,18,draft|draft_verify,52.875518798828125,138.33308219909668,0.0,508,12,500,18,0,0,1,1,0
gaokao2023en,bbeam1,step-profile-config2-bbeam1-gaokao2023en-exclusive0817,7,7,19,draft|draft_verify,56.41436576843262,129.12416458129883,0.0,520,11,513,19,0,0,1,1,0
gaokao2023en,bbeam1,step-profile-config2-bbeam1-gaokao2023en-exclusive0817,7,7,20,draft|draft_verify,56.32185935974121,130.17511367797852,0.0,531,11,526,20,0,0,1,1,0
gaokao2023en,bbeam1,step-profile-config2-bbeam1-gaokao2023en-exclusive0817,7,7,21,draft|draft_verify|target|target_rescue_verify,242.80118942260742,269.7262763977051,151.91960334777832,542,49,1114,42,542,9,1,2,1
gaokao2023en,bbeam1,step-profile-config2-bbeam1-gaokao2023en-exclusive0817,8,8,1,draft|draft_verify,358.57129096984863,57.08622932434082,0.0,150,80,176,1,0,0,1,1,0
gaokao2023en,bbeam1,step-profile-config2-bbeam1-gaokao2023en-exclusive0817,8,8,2,draft|draft_verify|target|target_rescue_verify,1119.0626621246338,232.05804824829102,773.1831073760986,230,242,723,4,230,125,1,2,1
gaokao2023en,bbeam1,step-profile-config2-bbeam1-gaokao2023en-exclusive0817,8,8,3,draft|draft_verify|target|backtracking_verify,672.2102165222168,638.8645172119141,12062.544107437134,355,125,2783,6,355,2049,1,2,1
gaokao2023en,bbeam1,step-profile-config2-bbeam1-gaokao2023en-exclusive0817,8,8,4,draft|draft_verify|target|target_rescue_verify,3703.909158706665,425.17924308776855,1450.9556293487549,480,781,1833,8,480,188,1,2,1
gaokao2023en,bbeam1,step-profile-config2-bbeam1-gaokao2023en-exclusive0817,8,8,5,draft|draft_verify,983.1430912017822,176.5267848968506,0.0,668,211,833,5,0,0,1,1,0
gaokao2023en,bbeam1,step-profile-config2-bbeam1-gaokao2023en-exclusive0817,8,8,6,draft|draft_verify,992.5386905670166,230.75270652770996,0.0,879,211,1046,6,0,0,1,1,0
gaokao2023en,bbeam1,step-profile-config2-bbeam1-gaokao2023en-exclusive0817,8,8,7,draft|draft_verify,989.9752140045166,259.6936225891113,0.0,1090,211,1259,7,0,0,1,1,0
gaokao2023en,bbeam1,step-profile-config2-bbeam1-gaokao2023en-exclusive0817,8,8,8,draft|draft_verify,956.0859203338623,312.17432022094727,0.0,1301,211,1472,8,0,0,1,1,0
gaokao2023en,bbeam1,step-profile-config2-bbeam1-gaokao2023en-exclusive0817,8,8,9,draft|draft_verify,908.5326194763184,352.297306060791,0.0,1512,211,1685,9,0,0,1,1,0
gaokao2023en,bbeam1,step-profile-config2-bbeam1-gaokao2023en-exclusive0817,8,8,10,draft|draft_verify,1007.2481632232666,396.44742012023926,0.0,1723,211,1898,10,0,0,1,1,0
gaokao2023en,bbeam1,step-profile-config2-bbeam1-gaokao2023en-exclusive0817,8,8,11,draft|draft_verify,932.7430725097656,421.4932918548584,0.0,1934,211,2111,11,0,0,1,1,0
gaokao2023en,bbeam1,step-profile-config2-bbeam1-gaokao2023en-exclusive0817,9,9,1,draft|draft_verify,96.29321098327637,30.72047233581543,0.0,108,21,75,1,0,0,1,1,0
gaokao2023en,bbeam1,step-profile-config2-bbeam1-gaokao2023en-exclusive0817,9,9,2,draft|draft_verify,187.02244758605957,30.37095069885254,0.0,129,41,118,2,0,0,1,1,0
gaokao2023en,bbeam1,step-profile-config2-bbeam1-gaokao2023en-exclusive0817,9,9,3,draft|draft_verify|target|target_rescue_verify,538.9523506164551,108.98995399475098,91.60184860229492,170,138,386,6,170,8,1,2,1
gaokao2023en,bbeam1,step-profile-config2-bbeam1-gaokao2023en-exclusive0817,9,9,4,draft|draft_verify,715.3363227844238,77.40616798400879,0.0,178,156,286,4,0,0,1,1,0
gaokao2023en,bbeam1,step-profile-config2-bbeam1-gaokao2023en-exclusive0817,9,9,5,draft|draft_verify,785.618782043457,128.05914878845215,0.0,334,169,457,5,0,0,1,1,0
gaokao2023en,bbeam1,step-profile-config2-bbeam1-gaokao2023en-exclusive0817,9,9,6,draft|draft_verify,109.68947410583496,150.68507194519043,0.0,503,22,481,6,0,0,1,1,0
gaokao2023en,bbeam1,step-profile-config2-bbeam1-gaokao2023en-exclusive0817,10,10,1,draft|draft_verify,181.90932273864746,31.655550003051758,0.0,76,40,62,1,0,0,1,1,0
gaokao2023en,bbeam1,step-profile-config2-bbeam1-gaokao2023en-exclusive0817,10,10,2,draft|draft_verify,300.0750541687012,52.99711227416992,0.0,116,67,131,2,0,0,1,1,0
gaokao2023en,bbeam1,step-profile-config2-bbeam1-gaokao2023en-exclusive0817,10,10,3,draft|draft_verify,459.21802520751953,61.887502670288086,0.0,183,97,230,3,0,0,1,1,0
gaokao2023en,bbeam1,step-profile-config2-bbeam1-gaokao2023en-exclusive0817,10,10,4,draft|draft_verify,347.2485542297363,78.78661155700684,0.0,280,68,300,4,0,0,1,1,0
gaokao2023en,bbeam1,step-profile-config2-bbeam1-gaokao2023en-exclusive0817,10,10,5,draft|draft_verify,79.21838760375977,81.89034461975098,0.0,348,15,317,5,0,0,1,1,0
gaokao2023en,bbeam1,step-profile-config2-bbeam1-gaokao2023en-exclusive0817,11,11,1,draft|draft_verify,157.27591514587402,35.368919372558594,0.0,117,37,100,1,0,0,1,1,0
gaokao2023en,bbeam1,step-profile-config2-bbeam1-gaokao2023en-exclusive0817,11,11,2,draft|draft_verify,501.42836570739746,68.83811950683594,0.0,154,115,217,2,0,0,1,1,0
gaokao2023en,bbeam1,step-profile-config2-bbeam1-gaokao2023en-exclusive0817,11,11,3,draft|draft_verify,143.4011459350586,72.02959060668945,0.0,269,30,249,3,0,0,1,1,0
gaokao2023en,bbeam1,step-profile-config2-bbeam1-gaokao2023en-exclusive0817,11,11,4,draft|draft_verify,225.50082206726074,87.52846717834473,0.0,299,43,294,4,0,0,1,1,0
gaokao2023en,bbeam1,step-profile-config2-bbeam1-gaokao2023en-exclusive0817,11,11,5,draft|draft_verify,201.02334022521973,100.85391998291016,0.0,342,43,339,5,0,0,1,1,0
gaokao2023en,bbeam1,step-profile-config2-bbeam1-gaokao2023en-exclusive0817,11,11,6,draft|draft_verify,155.2422046661377,94.635009765625,0.0,385,33,374,6,0,0,1,1,0
gaokao2023en,bbeam1,step-profile-config2-bbeam1-gaokao2023en-exclusive0817,11,11,7,draft|draft_verify,301.9688129425049,126.70040130615234,0.0,418,64,440,7,0,0,1,1,0
gaokao2023en,bbeam1,step-profile-config2-bbeam1-gaokao2023en-exclusive0817,11,11,8,draft|draft_verify,156.96239471435547,127.66385078430176,0.0,482,33,475,8,0,0,1,1,0
gaokao2023en,bbeam1,step-profile-config2-bbeam1-gaokao2023en-exclusive0817,11,11,9,draft|draft_verify,220.3071117401123,129.28318977355957,0.0,515,46,523,9,0,0,1,1,0
gaokao2023en,bbeam1,step-profile-config2-bbeam1-gaokao2023en-exclusive0817,11,11,10,draft|draft_verify,220.28136253356934,128.76033782958984,0.0,561,44,569,10,0,0,1,1,0
gaokao2023en,bbeam1,step-profile-config2-bbeam1-gaokao2023en-exclusive0817,11,11,11,draft|draft_verify,232.32579231262207,132.25841522216797,0.0,605,41,612,11,0,0,1,1,0
gaokao2023en,bbeam1,step-profile-config2-bbeam1-gaokao2023en-exclusive0817,11,11,12,draft|draft_verify,883.2941055297852,162.60170936584473,0.0,646,150,764,12,0,0,1,1,0
gaokao2023en,bbeam1,step-profile-config2-bbeam1-gaokao2023en-exclusive0817,11,11,13,draft|draft_verify,33.89143943786621,176.32508277893066,0.0,796,6,772,13,0,0,1,1,0
gaokao2023en,bbeam1,step-profile-config2-bbeam1-gaokao2023en-exclusive0817,11,11,14,draft|draft_verify,95.69740295410156,168.81871223449707,0.0,802,18,792,14,0,0,1,1,0
gaokao2023en,bbeam1,step-profile-config2-bbeam1-gaokao2023en-exclusive0817,12,12,1,draft|draft_verify,132.77959823608398,31.54468536376953,0.0,104,22,72,1,0,0,1,1,0
gaokao2023en,bbeam1,step-profile-config2-bbeam1-gaokao2023en-exclusive0817,12,12,2,draft|draft_verify,304.049015045166,47.52540588378906,0.0,126,57,131,2,0,0,1,1,0
gaokao2023en,bbeam1,step-profile-config2-bbeam1-gaokao2023en-exclusive0817,12,12,3,draft|draft_verify,106.03880882263184,52.587270736694336,0.0,183,22,155,3,0,0,1,1,0
gaokao2023en,bbeam1,step-profile-config2-bbeam1-gaokao2023en-exclusive0817,12,12,4,draft|draft_verify,322.1011161804199,67.64435768127441,0.0,205,68,225,4,0,0,1,1,0
gaokao2023en,bbeam1,step-profile-config2-bbeam1-gaokao2023en-exclusive0817,12,12,5,draft|draft_verify,109.68208312988281,72.85714149475098,0.0,273,17,244,5,0,0,1,1,0
gaokao2023en,bbeam1,step-profile-config2-bbeam1-gaokao2023en-exclusive0817,12,12,6,draft|draft_verify,355.2227020263672,99.26366806030273,0.0,290,70,316,6,0,0,1,1,0
gaokao2023en,bbeam1,step-profile-config2-bbeam1-gaokao2023en-exclusive0817,12,12,7,draft|draft_verify,101.89294815063477,111.04774475097656,0.0,360,18,336,7,0,0,1,1,0
gaokao2023en,bbeam1,step-profile-config2-bbeam1-gaokao2023en-exclusive0817,12,12,8,draft|draft_verify,125.0312328338623,112.37883567810059,0.0,378,24,362,8,0,0,1,1,0
gaokao2023en,bbeam1,step-profile-config2-bbeam1-gaokao2023en-exclusive0817,12,12,9,draft|draft_verify|target|target_rescue_verify,168.81513595581055,266.8800354003906,728.7201881408691,402,34,868,18,402,107,1,2,1
gaokao2023en,bbeam1,step-profile-config2-bbeam1-gaokao2023en-exclusive0817,12,12,10,draft|draft_verify,87.26382255554199,155.63440322875977,0.0,509,13,486,10,0,0,1,1,0
gaokao2023en,bbeam1,step-profile-config2-bbeam1-gaokao2023en-exclusive0817,12,12,11,draft|draft_verify,102.0503044128418,138.19193840026855,0.0,522,20,508,11,0,0,1,1,0
gaokao2023en,bbeam1,step-profile-config2-bbeam1-gaokao2023en-exclusive0817,12,12,12,draft|draft_verify,48.645734786987305,127.96545028686523,0.0,542,10,520,12,0,0,1,1,0
gaokao2023en,bbeam1,step-profile-config2-bbeam1-gaokao2023en-exclusive0817,12,12,13,draft|draft_verify,124.16934967041016,129.00257110595703,0.0,552,26,548,13,0,0,1,1,0
gaokao2023en,bbeam1,step-profile-config2-bbeam1-gaokao2023en-exclusive0817,12,12,14,draft|draft_verify,208.72974395751953,132.53140449523926,0.0,578,44,594,14,0,0,1,1,0
gaokao2023en,bbeam1,step-profile-config2-bbeam1-gaokao2023en-exclusive0817,12,12,15,draft|draft_verify,134.39559936523438,132.69519805908203,0.0,622,27,623,15,0,0,1,1,0
gaokao2023en,bbeam1,step-profile-config2-bbeam1-gaokao2023en-exclusive0817,13,13,1,draft|draft_verify,325.27828216552734,50.493717193603516,0.0,118,73,137,1,0,0,1,1,0
gaokao2023en,bbeam1,step-profile-config2-bbeam1-gaokao2023en-exclusive0817,13,13,2,draft|draft_verify,60.617923736572266,50.93955993652344,0.0,191,13,152,2,0,0,1,1,0
gaokao2023en,bbeam1,step-profile-config2-bbeam1-gaokao2023en-exclusive0817,13,13,3,draft|draft_verify,162.86420822143555,59.09919738769531,0.0,204,35,189,3,0,0,1,1,0
gaokao2023en,bbeam1,step-profile-config2-bbeam1-gaokao2023en-exclusive0817,13,13,4,draft|draft_verify,359.81011390686035,78.62639427185059,0.0,239,74,265,4,0,0,1,1,0
gaokao2023en,bbeam1,step-profile-config2-bbeam1-gaokao2023en-exclusive0817,13,13,5,draft|draft_verify,305.128812789917,93.32394599914551,0.0,313,62,329,5,0,0,1,1,0
gaokao2023en,bbeam1,step-profile-config2-bbeam1-gaokao2023en-exclusive0817,13,13,6,draft|draft_verify,501.21212005615234,128.16309928894043,0.0,375,101,432,6,0,0,1,1,0
gaokao2023en,bbeam1,step-profile-config2-bbeam1-gaokao2023en-exclusive0817,13,13,7,draft|draft_verify,207.91935920715332,127.6860237121582,0.0,476,45,479,7,0,0,1,1,0
gaokao2023en,bbeam1,step-profile-config2-bbeam1-gaokao2023en-exclusive0817,13,13,8,draft|draft_verify,104.81023788452148,137.30931282043457,0.0,521,22,503,8,0,0,1,1,0
gaokao2023en,bbeam1,step-profile-config2-bbeam1-gaokao2023en-exclusive0817,13,13,9,draft|draft_verify|target|target_rescue_verify,9205.227375030518,656.9540500640869,844.0444469451904,543,2048,3183,18,543,125,1,2,1
gaokao2023en,bbeam1,step-profile-config2-bbeam1-gaokao2023en-exclusive0817,13,13,10,draft|draft_verify,251.14011764526367,157.14097023010254,0.0,668,50,682,10,0,0,1,1,0
gaokao2023en,bbeam1,step-profile-config2-bbeam1-gaokao2023en-exclusive0817,13,13,11,draft|draft_verify,354.94112968444824,160.41016578674316,0.0,718,73,757,11,0,0,1,1,0
gaokao2023en,bbeam1,step-profile-config2-bbeam1-gaokao2023en-exclusive0817,13,13,12,draft|draft_verify,346.96006774902344,184.126615524292,0.0,791,73,832,12,0,0,1,1,0
gaokao2023en,bbeam1,step-profile-config2-bbeam1-gaokao2023en-exclusive0817,13,13,13,draft|draft_verify,105.25751113891602,177.70838737487793,0.0,864,20,854,13,0,0,1,1,0
gaokao2023en,bbeam1,step-profile-config2-bbeam1-gaokao2023en-exclusive0817,14,14,1,draft|draft_verify,504.2240619659424,66.07604026794434,0.0,142,112,200,1,0,0,1,1,0
gaokao2023en,bbeam1,step-profile-config2-bbeam1-gaokao2023en-exclusive0817,14,14,2,draft|draft_verify|target|target_rescue_verify,3197.0620155334473,271.27647399902344,777.3606777191162,254,680,1199,4,254,115,1,2,1
gaokao2023en,bbeam1,step-profile-config2-bbeam1-gaokao2023en-exclusive0817,14,14,3,draft|draft_verify,990.64040184021,143.55874061584473,0.0,369,212,531,3,0,0,1,1,0
gaokao2023en,bbeam1,step-profile-config2-bbeam1-gaokao2023en-exclusive0817,14,14,4,draft|draft_verify,1666.8753623962402,192.7649974822998,0.0,581,347,880,4,0,0,1,1,0
gaokao2023en,bbeam1,step-profile-config2-bbeam1-gaokao2023en-exclusive0817,15,15,1,draft|draft_verify,210.4485034942627,34.32583808898926,0.0,93,47,86,1,0,0,1,1,0
gaokao2023en,bbeam1,step-profile-config2-bbeam1-gaokao2023en-exclusive0817,15,15,2,draft|draft_verify,262.32218742370605,51.20444297790527,0.0,140,56,144,2,0,0,1,1,0
gaokao2023en,bbeam1,step-profile-config2-bbeam1-gaokao2023en-exclusive0817,15,15,3,draft|draft_verify,64.37897682189941,51.37896537780762,0.0,196,13,159,3,0,0,1,1,0
gaokao2023en,bbeam1,step-profile-config2-bbeam1-gaokao2023en-exclusive0817,15,15,4,draft|draft_verify,508.30602645874023,78.06944847106934,0.0,209,108,269,4,0,0,1,1,0
gaokao2023en,bbeam1,step-profile-config2-bbeam1-gaokao2023en-exclusive0817,15,15,5,draft|draft_verify|target|target_rescue_verify,413.29264640808105,200.23059844970703,653.9754867553711,317,92,735,10,317,101,1,2,1
gaokao2023en,bbeam1,step-profile-config2-bbeam1-gaokao2023en-exclusive0817,15,15,6,draft|draft_verify,71.42305374145508,127.9456615447998,0.0,418,14,388,6,0,0,1,1,0
gaokao2023en,bbeam1,step-profile-config2-bbeam1-gaokao2023en-exclusive0817,15,15,7,draft|draft_verify,540.3423309326172,145.97415924072266,0.0,432,94,484,7,0,0,1,1,0
gaokao2023en,bbeam1,step-profile-config2-bbeam1-gaokao2023en-exclusive0817,15,15,8,draft|draft_verify,102.51188278198242,137.78042793273926,0.0,526,19,505,8,0,0,1,1,0
gaokao2023en,bbeam1,step-profile-config2-bbeam1-gaokao2023en-exclusive0817,15,15,9,draft|draft_verify,1397.7172374725342,176.57923698425293,0.0,545,278,785,9,0,0,1,1,0
gaokao2023en,bbeam1,step-profile-config2-bbeam1-gaokao2023en-exclusive0817,15,15,10,draft|draft_verify,143.55731010437012,179.8093318939209,0.0,823,29,816,10,0,0,1,1,0
gaokao2023en,bbeam1,step-profile-config2-bbeam1-gaokao2023en-exclusive0817,16,16,1,draft|draft_verify,348.04320335388184,54.464101791381836,0.0,141,74,162,1,0,0,1,1,0
gaokao2023en,bbeam1,step-profile-config2-bbeam1-gaokao2023en-exclusive0817,16,16,2,draft|draft_verify,714.9066925048828,85.9372615814209,0.0,215,155,319,2,0,0,1,1,0
gaokao2023en,bbeam1,step-profile-config2-bbeam1-gaokao2023en-exclusive0817,16,16,3,draft|draft_verify,407.6821804046631,147.1726894378662,0.0,370,89,410,3,0,0,1,1,0
gaokao2023en,bbeam1,step-profile-config2-bbeam1-gaokao2023en-exclusive0817,16,16,4,draft|draft_verify,2130.8236122131348,197.08538055419922,0.0,459,454,866,4,0,0,1,1,0
gaokao2023en,bbeam1,step-profile-config2-bbeam1-gaokao2023en-exclusive0817,16,16,5,draft|draft_verify,669.1973209381104,213.7002944946289,0.0,913,142,1010,5,0,0,1,1,0
gaokao2023en,bbeam1,step-profile-config2-bbeam1-gaokao2023en-exclusive0817,16,16,6,draft|draft_verify,137.38107681274414,221.94600105285645,0.0,1055,28,1040,6,0,0,1,1,0
gaokao2023en,bbeam1,step-profile-config2-bbeam1-gaokao2023en-exclusive0817,17,17,1,draft|draft_verify|target|target_rescue_verify,320.50204277038574,77.30317115783691,323.5321044921875,107,69,221,2,107,46,1,2,1
gaokao2023en,bbeam1,step-profile-config2-bbeam1-gaokao2023en-exclusive0817,17,17,2,draft|draft_verify,416.1405563354492,63.898563385009766,0.0,153,95,196,2,0,0,1,1,0
gaokao2023en,bbeam1,step-profile-config2-bbeam1-gaokao2023en-exclusive0817,17,17,3,draft|draft_verify|target|target_rescue_verify,601.2582778930664,200.87838172912598,798.7606525421143,248,121,648,6,248,131,1,2,1
gaokao2023en,bbeam1,step-profile-config2-bbeam1-gaokao2023en-exclusive0817,17,17,4,draft|draft_verify|target|backtracking_verify,1395.3778743743896,271.594762802124,656.409740447998,379,309,1072,8,379,102,1,2,1
gaokao2023en,bbeam1,step-profile-config2-bbeam1-gaokao2023en-exclusive0817,17,17,5,draft|draft_verify|target|target_rescue_verify,2750.9899139404297,660.4812145233154,2908.1685543060303,1169,579,2781,15,688,486,2,3,1
gaokao2023en,bbeam1,step-profile-config2-bbeam1-gaokao2023en-exclusive0817,17,17,6,draft|draft_verify|target|target_rescue_verify,576.5717029571533,270.8914279937744,571.5088844299316,559,122,1239,12,559,89,1,2,1
gaokao2023en,bbeam1,step-profile-config2-bbeam1-gaokao2023en-exclusive0817,17,17,7,draft|draft_verify|target|target_rescue_verify,936.2473487854004,335.74914932250977,347.23544120788574,648,196,1452,14,648,46,1,2,1
gaokao2023en,bbeam1,step-profile-config2-bbeam1-gaokao2023en-exclusive0817,17,17,8,draft|draft_verify,639.4929885864258,177.89363861083984,0.0,694,125,778,8,0,0,1,1,0
gaokao2023en,bbeam1,step-profile-config2-bbeam1-gaokao2023en-exclusive0817,17,17,9,draft|draft_verify,274.86610412597656,179.57258224487305,0.0,819,43,823,9,0,0,1,1,0
gaokao2023en,bbeam1,step-profile-config2-bbeam1-gaokao2023en-exclusive0817,17,17,10,draft|draft_verify|target|target_rescue_verify,793.449878692627,386.4636421203613,419.81959342956543,862,164,1873,20,862,59,1,2,1
gaokao2023en,bbeam1,step-profile-config2-bbeam1-gaokao2023en-exclusive0817,17,17,11,draft|draft_verify,396.7013359069824,202.36778259277344,0.0,921,78,964,11,0,0,1,1,0
gaokao2023en,bbeam1,step-profile-config2-bbeam1-gaokao2023en-exclusive0817,17,17,12,draft|draft_verify,79.98299598693848,208.43172073364258,0.0,999,15,981,12,0,0,1,1,0
gaokao2023en,bbeam1,step-profile-config2-bbeam1-gaokao2023en-exclusive0817,18,18,1,draft|draft_verify|target|backtracking_verify,481.564998626709,111.52362823486328,655.9555530548096,135,99,367,2,135,106,1,2,1
gaokao2023en,bbeam1,step-profile-config2-bbeam1-gaokao2023en-exclusive0817,18,18,2,draft|draft_verify|target|target_rescue_verify,1212.2900485992432,319.7028636932373,2688.1508827209473,475,239,1237,6,234,445,2,3,1
gaokao2023en,bbeam1,step-profile-config2-bbeam1-gaokao2023en-exclusive0817,18,18,3,draft|draft_verify|target|backtracking_verify,905.5943489074707,412.31298446655273,789.9880409240723,998,192,1846,9,679,127,2,3,1
gaokao2023en,bbeam1,step-profile-config2-bbeam1-gaokao2023en-exclusive0817,18,18,4,draft|draft_verify|target|target_rescue_verify,1628.617286682129,853.0409336090088,1628.937005996704,1996,347,4002,20,1643,256,3,5,2
gaokao2023en,bbeam1,step-profile-config2-bbeam1-gaokao2023en-exclusive0817,18,18,5,draft|draft_verify,291.8248176574707,94.04301643371582,0.0,365,63,382,5,0,0,1,1,0
gaokao2023en,bbeam1,step-profile-config2-bbeam1-gaokao2023en-exclusive0817,18,18,6,draft|draft_verify,126.45077705383301,125.33974647521973,0.0,428,27,411,6,0,0,1,1,0
gaokao2023en,bbeam1,step-profile-config2-bbeam1-gaokao2023en-exclusive0817,18,18,7,draft|draft_verify,45.27688026428223,125.3972053527832,0.0,455,9,422,7,0,0,1,1,0
gaokao2023en,bbeam1,step-profile-config2-bbeam1-gaokao2023en-exclusive0817,18,18,8,draft|draft_verify,160.02249717712402,136.3670825958252,0.0,464,30,454,8,0,0,1,1,0
gaokao2023en,bbeam1,step-profile-config2-bbeam1-gaokao2023en-exclusive0817,18,18,9,draft|draft_verify,72.26729393005371,128.44157218933105,0.0,494,14,470,9,0,0,1,1,0
gaokao2023en,bbeam1,step-profile-config2-bbeam1-gaokao2023en-exclusive0817,18,18,10,draft|draft_verify,104.7670841217041,151.98636054992676,0.0,508,19,491,10,0,0,1,1,0
gaokao2023en,bbeam1,step-profile-config2-bbeam1-gaokao2023en-exclusive0817,18,18,11,draft|draft_verify,169.07739639282227,135.3914737701416,0.0,527,29,522,11,0,0,1,1,0
gaokao2023en,bbeam1,step-profile-config2-bbeam1-gaokao2023en-exclusive0817,18,18,12,draft|draft_verify,214.32185173034668,129.82630729675293,0.0,556,50,574,12,0,0,1,1,0
gaokao2023en,bbeam1,step-profile-config2-bbeam1-gaokao2023en-exclusive0817,18,18,13,draft|draft_verify,391.28661155700684,153.34725379943848,0.0,606,86,662,13,0,0,1,1,0
gaokao2023en,bbeam1,step-profile-config2-bbeam1-gaokao2023en-exclusive0817,18,18,14,draft|draft_verify,552.5577068328857,176.1627197265625,0.0,692,119,783,14,0,0,1,1,0
gaokao2023en,bbeam1,step-profile-config2-bbeam1-gaokao2023en-exclusive0817,18,18,15,draft|draft_verify,957.5710296630859,209.80453491210938,0.0,811,202,987,15,0,0,1,1,0
gaokao2023en,bbeam1,step-profile-config2-bbeam1-gaokao2023en-exclusive0817,18,18,16,draft|draft_verify,857.5541973114014,264.1456127166748,0.0,1013,185,1174,16,0,0,1,1,0
gaokao2023en,bbeam1,step-profile-config2-bbeam1-gaokao2023en-exclusive0817,18,18,17,draft|draft_verify,952.0788192749023,282.8240394592285,0.0,1198,185,1361,17,0,0,1,1,0
gaokao2023en,bbeam1,step-profile-config2-bbeam1-gaokao2023en-exclusive0817,18,18,18,draft|draft_verify,867.5556182861328,331.92896842956543,0.0,1383,185,1548,18,0,0,1,1,0
gaokao2023en,bbeam1,step-profile-config2-bbeam1-gaokao2023en-exclusive0817,18,18,19,draft|draft_verify,913.9771461486816,362.6880645751953,0.0,1568,192,1742,19,0,0,1,1,0
gaokao2023en,bbeam1,step-profile-config2-bbeam1-gaokao2023en-exclusive0817,18,18,20,draft|draft_verify,847.5124835968018,404.8452377319336,0.0,1760,192,1936,20,0,0,1,1,0
gaokao2023en,bbeam1,step-profile-config2-bbeam1-gaokao2023en-exclusive0817,18,18,21,draft|draft_verify,858.9203357696533,422.61266708374023,0.0,1952,193,2131,21,0,0,1,1,0
gaokao2023en,bbeam1,step-profile-config2-bbeam1-gaokao2023en-exclusive0817,19,19,1,draft|draft_verify,250.83422660827637,31.15057945251465,0.0,110,57,113,1,0,0,1,1,0
gaokao2023en,bbeam1,step-profile-config2-bbeam1-gaokao2023en-exclusive0817,19,19,2,draft|draft_verify,65.7963752746582,46.71645164489746,0.0,167,17,132,2,0,0,1,1,0
gaokao2023en,bbeam1,step-profile-config2-bbeam1-gaokao2023en-exclusive0817,19,19,3,draft|draft_verify,111.66238784790039,51.06067657470703,0.0,184,27,161,3,0,0,1,1,0
gaokao2023en,bbeam1,step-profile-config2-bbeam1-gaokao2023en-exclusive0817,19,19,4,draft|draft_verify,77.60834693908691,50.94408988952637,0.0,211,19,182,4,0,0,1,1,0
gaokao2023en,bbeam1,step-profile-config2-bbeam1-gaokao2023en-exclusive0817,19,19,5,draft|draft_verify,47.28198051452637,60.2726936340332,0.0,230,10,194,5,0,0,1,1,0
gaokao2023en,bbeam1,step-profile-config2-bbeam1-gaokao2023en-exclusive0817,19,19,6,draft|draft_verify,81.67362213134766,60.95290184020996,0.0,240,19,215,6,0,0,1,1,0
gaokao2023en,bbeam1,step-profile-config2-bbeam1-gaokao2023en-exclusive0817,19,19,7,draft|draft_verify,111.38463020324707,61.66887283325195,0.0,259,24,241,7,0,0,1,1,0
gaokao2023en,bbeam1,step-profile-config2-bbeam1-gaokao2023en-exclusive0817,19,19,8,draft|draft_verify,147.98450469970703,78.41134071350098,0.0,283,32,275,8,0,0,1,1,0
gaokao2023en,bbeam1,step-profile-config2-bbeam1-gaokao2023en-exclusive0817,19,19,9,draft|draft_verify,87.65554428100586,77.88205146789551,0.0,315,18,295,9,0,0,1,1,0
gaokao2023en,bbeam1,step-profile-config2-bbeam1-gaokao2023en-exclusive0817,19,19,10,draft|draft_verify,91.74823760986328,78.48954200744629,0.0,333,20,317,10,0,0,1,1,0
gaokao2023en,bbeam1,step-profile-config2-bbeam1-gaokao2023en-exclusive0817,19,19,11,draft|draft_verify,45.1054573059082,93.1541919708252,0.0,353,8,327,11,0,0,1,1,0
gaokao2023en,bbeam1,step-profile-config2-bbeam1-gaokao2023en-exclusive0817,19,19,12,draft|draft_verify,99.3502140045166,93.31488609313965,0.0,361,20,349,12,0,0,1,1,0
gaokao2023en,bbeam1,step-profile-config2-bbeam1-gaokao2023en-exclusive0817,19,19,13,draft|draft_verify,107.6517105102539,95.01242637634277,0.0,381,22,373,13,0,0,1,1,0
gaokao2023en,bbeam1,step-profile-config2-bbeam1-gaokao2023en-exclusive0817,19,19,14,draft|draft_verify,273.92101287841797,127.11310386657715,0.0,403,57,432,14,0,0,1,1,0
gaokao2023en,bbeam1,step-profile-config2-bbeam1-gaokao2023en-exclusive0817,19,19,15,draft|draft_verify,93.03903579711914,131.5467357635498,0.0,460,20,454,15,0,0,1,1,0
gaokao2023en,bbeam1,step-profile-config2-bbeam1-gaokao2023en-exclusive0817,19,19,16,draft|draft_verify,91.24445915222168,131.30640983581543,0.0,480,18,474,16,0,0,1,1,0
gaokao2023en,bbeam1,step-profile-config2-bbeam1-gaokao2023en-exclusive0817,19,19,17,draft|draft_verify,264.2831802368164,129.1656494140625,0.0,498,57,533,17,0,0,1,1,0
gaokao2023en,bbeam1,step-profile-config2-bbeam1-gaokao2023en-exclusive0817,19,19,18,draft|draft_verify,454.1468620300293,133.32772254943848,0.0,555,85,620,18,0,0,1,1,0
gaokao2023en,bbeam1,step-profile-config2-bbeam1-gaokao2023en-exclusive0817,19,19,19,draft|draft_verify,104.77638244628906,152.7111530303955,0.0,640,21,643,19,0,0,1,1,0
gaokao2023en,bbeam1,step-profile-config2-bbeam1-gaokao2023en-exclusive0817,19,19,20,draft|draft_verify,230.70430755615234,155.2603244781494,0.0,661,50,695,20,0,0,1,1,0
gaokao2023en,bbeam1,step-profile-config2-bbeam1-gaokao2023en-exclusive0817,19,19,21,draft|draft_verify|target|target_rescue_verify,124.7720718383789,310.138463973999,200.45137405395508,711,26,1431,42,711,11,1,2,1
gaokao2023en,bbeam1,step-profile-config2-bbeam1-gaokao2023en-exclusive0817,19,19,22,draft|draft_verify,262.2509002685547,156.26168251037598,0.0,722,56,766,22,0,0,1,1,0
gaokao2023en,bbeam1,step-profile-config2-bbeam1-gaokao2023en-exclusive0817,19,19,23,draft|draft_verify,55.06110191345215,175.01401901245117,0.0,778,11,779,23,0,0,1,1,0
gaokao2023en,bbeam1,step-profile-config2-bbeam1-gaokao2023en-exclusive0817,19,19,24,draft|draft_verify,241.55664443969727,176.4390468597412,0.0,789,50,831,24,0,0,1,1,0
gaokao2023en,bbeam1,step-profile-config2-bbeam1-gaokao2023en-exclusive0817,20,20,1,draft|draft_verify,386.57069206237793,48.42829704284668,0.0,98,83,127,1,0,0,1,1,0
gaokao2023en,bbeam1,step-profile-config2-bbeam1-gaokao2023en-exclusive0817,20,20,2,draft|draft_verify|target|target_rescue_verify,2666.0194396972656,315.43755531311035,2714.1263484954834,181,581,1237,4,181,398,1,2,1
gaokao2023en,bbeam1,step-profile-config2-bbeam1-gaokao2023en-exclusive0817,21,21,1,draft|draft_verify,248.4760284423828,41.85342788696289,0.0,121,51,118,1,0,0,1,1,0
gaokao2023en,bbeam1,step-profile-config2-bbeam1-gaokao2023en-exclusive0817,21,21,2,draft|draft_verify,237.2610569000244,53.95913124084473,0.0,172,54,174,2,0,0,1,1,0
gaokao2023en,bbeam1,step-profile-config2-bbeam1-gaokao2023en-exclusive0817,21,21,3,draft|draft_verify,91.95399284362793,58.80570411682129,0.0,226,16,192,3,0,0,1,1,0
gaokao2023en,bbeam1,step-profile-config2-bbeam1-gaokao2023en-exclusive0817,21,21,4,draft|draft_verify|target|target_rescue_verify,1286.1378192901611,224.62916374206543,295.7949638366699,242,287,708,8,242,33,1,2,1
gaokao2023en,bbeam1,step-profile-config2-bbeam1-gaokao2023en-exclusive0817,21,21,5,draft|draft_verify,307.9261779785156,78.65238189697266,0.0,275,64,293,5,0,0,1,1,0
gaokao2023en,bbeam1,step-profile-config2-bbeam1-gaokao2023en-exclusive0817,21,21,6,draft|draft_verify,299.3431091308594,93.67513656616211,0.0,339,63,358,6,0,0,1,1,0
gaokao2023en,bbeam1,step-profile-config2-bbeam1-gaokao2023en-exclusive0817,21,21,7,draft|draft_verify,470.83401679992676,128.34954261779785,0.0,402,99,459,7,0,0,1,1,0
gaokao2023en,bbeam1,step-profile-config2-bbeam1-gaokao2023en-exclusive0817,21,21,8,draft|draft_verify,83.48655700683594,129.95028495788574,0.0,501,16,477,8,0,0,1,1,0
gaokao2023en,bbeam1,step-profile-config2-bbeam1-gaokao2023en-exclusive0817,21,21,9,draft|draft_verify,143.0649757385254,139.40834999084473,0.0,517,29,508,9,0,0,1,1,0
gaokao2023en,bbeam1,step-profile-config2-bbeam1-gaokao2023en-exclusive0817,21,21,10,draft|draft_verify,192.0156478881836,128.51405143737793,0.0,546,43,553,10,0,0,1,1,0
gaokao2023en,bbeam1,step-profile-config2-bbeam1-gaokao2023en-exclusive0817,21,21,11,draft|draft_verify,153.52201461791992,132.91144371032715,0.0,589,31,586,11,0,0,1,1,0
gaokao2023en,bbeam1,step-profile-config2-bbeam1-gaokao2023en-exclusive0817,21,21,12,draft|draft_verify,482.58090019226074,154.4628143310547,0.0,620,109,697,12,0,0,1,1,0
gaokao2023en,bbeam1,step-profile-config2-bbeam1-gaokao2023en-exclusive0817,21,21,13,draft|draft_verify,73.89235496520996,157.26780891418457,0.0,729,16,715,13,0,0,1,1,0
gaokao2023en,bbeam1,step-profile-config2-bbeam1-gaokao2023en-exclusive0817,21,21,14,draft|draft_verify,139.054536819458,156.34799003601074,0.0,745,29,746,14,0,0,1,1,0
gaokao2023en,bbeam1,step-profile-config2-bbeam1-gaokao2023en-exclusive0817,21,21,15,draft|draft_verify,203.1562328338623,176.18227005004883,0.0,774,43,791,15,0,0,1,1,0
gaokao2023en,bbeam1,step-profile-config2-bbeam1-gaokao2023en-exclusive0817,21,21,16,draft|draft_verify,164.74103927612305,186.5558624267578,0.0,817,31,824,16,0,0,1,1,0
gaokao2023en,bbeam1,step-profile-config2-bbeam1-gaokao2023en-exclusive0817,21,21,17,draft|draft_verify,518.0737972259521,201.62034034729004,0.0,848,109,935,17,0,0,1,1,0
gaokao2023en,bbeam1,step-profile-config2-bbeam1-gaokao2023en-exclusive0817,21,21,18,draft|draft_verify,78.98497581481934,201.48968696594238,0.0,957,16,953,18,0,0,1,1,0
gaokao2023en,bbeam1,step-profile-config2-bbeam1-gaokao2023en-exclusive0817,21,21,19,draft|draft_verify,160.83836555480957,201.80845260620117,0.0,973,35,990,19,0,0,1,1,0
gaokao2023en,bbeam1,step-profile-config2-bbeam1-gaokao2023en-exclusive0817,21,21,20,draft|draft_verify,266.21150970458984,232.3589324951172,0.0,1008,64,1056,20,0,0,1,1,0
gaokao2023en,bbeam1,step-profile-config2-bbeam1-gaokao2023en-exclusive0817,21,21,21,draft|draft_verify,184.91244316101074,234.29179191589355,0.0,1072,36,1094,21,0,0,1,1,0
gaokao2023en,bbeam1,step-profile-config2-bbeam1-gaokao2023en-exclusive0817,21,21,22,draft|draft_verify,170.23825645446777,232.18703269958496,0.0,1108,36,1132,22,0,0,1,1,0
gaokao2023en,bbeam1,step-profile-config2-bbeam1-gaokao2023en-exclusive0817,21,21,23,draft|draft_verify,145.158052444458,268.14723014831543,0.0,1144,28,1162,23,0,0,1,1,0
gaokao2023en,bbeam1,step-profile-config2-bbeam1-gaokao2023en-exclusive0817,21,21,24,draft|draft_verify,142.83490180969238,257.6010227203369,0.0,1172,26,1190,24,0,0,1,1,0
gaokao2023en,bbeam1,step-profile-config2-bbeam1-gaokao2023en-exclusive0817,22,22,1,draft|draft_verify,228.24811935424805,35.02631187438965,0.0,133,47,126,1,0,0,1,1,0
gaokao2023en,bbeam1,step-profile-config2-bbeam1-gaokao2023en-exclusive0817,22,22,2,draft|draft_verify,305.42826652526855,61.04731559753418,0.0,180,71,199,2,0,0,1,1,0
gaokao2023en,bbeam1,step-profile-config2-bbeam1-gaokao2023en-exclusive0817,22,22,3,draft|draft_verify,333.8942527770996,79.56933975219727,0.0,251,71,272,3,0,0,1,1,0
gaokao2023en,bbeam1,step-profile-config2-bbeam1-gaokao2023en-exclusive0817,22,22,4,draft|draft_verify|target|target_rescue_verify,821.2282657623291,270.14636993408203,880.7241916656494,322,171,860,8,322,141,1,2,1
gaokao2023en,bbeam1,step-profile-config2-bbeam1-gaokao2023en-exclusive0817,22,22,5,draft|draft_verify,606.6055297851562,129.68111038208008,0.0,463,130,547,5,0,0,1,1,0
gaokao2023en,bbeam1,step-profile-config2-bbeam1-gaokao2023en-exclusive0817,22,22,6,draft|draft_verify,512.0394229888916,154.10733222961426,0.0,593,109,658,6,0,0,1,1,0
gaokao2023en,bbeam1,step-profile-config2-bbeam1-gaokao2023en-exclusive0817,22,22,7,draft|draft_verify,455.5354118347168,156.89587593078613,0.0,702,96,756,7,0,0,1,1,0
gaokao2023en,bbeam1,step-profile-config2-bbeam1-gaokao2023en-exclusive0817,22,22,8,draft|draft_verify,428.5719394683838,179.20923233032227,0.0,798,84,842,8,0,0,1,1,0
gaokao2023en,bbeam1,step-profile-config2-bbeam1-gaokao2023en-exclusive0817,22,22,9,draft|draft_verify,466.81833267211914,201.61175727844238,0.0,882,98,942,9,0,0,1,1,0
gaokao2023en,bbeam1,step-profile-config2-bbeam1-gaokao2023en-exclusive0817,22,22,10,draft|draft_verify,137.1915340423584,202.80885696411133,0.0,980,27,971,10,0,0,1,1,0
gaokao2023en,bbeam1,step-profile-config2-bbeam1-gaokao2023en-exclusive0817,23,23,1,draft|draft_verify,130.6304931640625,21.95906639099121,0.0,84,29,60,1,0,0,1,1,0
gaokao2023en,bbeam1,step-profile-config2-bbeam1-gaokao2023en-exclusive0817,23,23,2,draft|draft_verify,709.6719741821289,61.423301696777344,0.0,113,162,224,2,0,0,1,1,0
gaokao2023en,bbeam1,step-profile-config2-bbeam1-gaokao2023en-exclusive0817,23,23,3,draft|draft_verify,538.0802154541016,93.89925003051758,0.0,275,109,335,3,0,0,1,1,0
gaokao2023en,bbeam1,step-profile-config2-bbeam1-gaokao2023en-exclusive0817,23,23,4,draft|draft_verify,209.82694625854492,94.27738189697266,0.0,384,45,382,4,0,0,1,1,0
gaokao2023en,bbeam1,step-profile-config2-bbeam1-gaokao2023en-exclusive0817,23,23,5,draft|draft_verify,243.28088760375977,132.82203674316406,0.0,429,55,439,5,0,0,1,1,0
gaokao2023en,bbeam1,step-profile-config2-bbeam1-gaokao2023en-exclusive0817,23,23,6,draft|draft_verify|target|target_rescue_verify,788.9392375946045,278.1045436859131,367.1121597290039,484,166,1095,12,484,47,1,2,1
gaokao2023en,bbeam1,step-profile-config2-bbeam1-gaokao2023en-exclusive0817,23,23,7,draft|draft_verify|target|target_rescue_verify,297.3763942718506,256.76655769348145,407.6037406921387,531,63,1108,14,531,65,1,2,1
gaokao2023en,bbeam1,step-profile-config2-bbeam1-gaokao2023en-exclusive0817,23,23,8,draft|draft_verify|target|target_rescue_verify,337.6202583312988,265.98501205444336,402.0664691925049,596,70,1246,16,596,62,1,2,1
gaokao2023en,bbeam1,step-profile-config2-bbeam1-gaokao2023en-exclusive0817,23,23,9,draft|draft_verify,68.01676750183105,132.41863250732422,0.0,658,13,634,9,0,0,1,1,0
gaokao2023en,bbeam1,step-profile-config2-bbeam1-gaokao2023en-exclusive0817,23,23,10,draft|draft_verify,51.30267143249512,153.63335609436035,0.0,671,9,645,10,0,0,1,1,0
gaokao2023en,bbeam1,step-profile-config2-bbeam1-gaokao2023en-exclusive0817,24,24,1,draft|draft_verify,5147.904634475708,63.530921936035156,0.0,156,69,171,1,0,0,1,1,0
gaokao2023en,bbeam1,step-profile-config2-bbeam1-gaokao2023en-exclusive0817,24,24,2,draft|draft_verify,301.87082290649414,79.47850227355957,0.0,225,61,234,2,0,0,1,1,0
gaokao2023en,bbeam1,step-profile-config2-bbeam1-gaokao2023en-exclusive0817,24,24,3,draft|draft_verify,226.0267734527588,88.46879005432129,0.0,286,39,275,3,0,0,1,1,0
gaokao2023en,bbeam1,step-profile-config2-bbeam1-gaokao2023en-exclusive0817,24,24,4,draft|draft_verify|target|backtracking_verify,753.6182403564453,287.34278678894043,1303.4789562225342,325,167,932,8,325,211,1,2,1
gaokao2023en,bbeam1,step-profile-config2-bbeam1-gaokao2023en-exclusive0817,24,24,5,draft|draft_verify|target|target_rescue_verify,2426.042079925537,828.7103176116943,7752.328634262085,1028,536,3725,20,1028,1317,2,4,2
gaokao2023en,bbeam1,step-profile-config2-bbeam1-gaokao2023en-exclusive0817,24,24,6,draft|draft_verify,1178.0214309692383,230.24320602416992,0.0,843,260,1059,6,0,0,1,1,0
gaokao2023en,bbeam1,step-profile-config2-bbeam1-gaokao2023en-exclusive0817,24,24,7,draft|draft_verify|target|target_rescue_verify,506.0429573059082,551.2096881866455,2009.809970855713,1103,109,2569,14,1103,338,1,2,1
gaokao2023en,bbeam1,step-profile-config2-bbeam1-gaokao2023en-exclusive0817,24,24,8,draft|draft_verify,907.0427417755127,333.1334590911865,0.0,1441,210,1611,8,0,0,1,1,0
gaokao2023en,bbeam1,step-profile-config2-bbeam1-gaokao2023en-exclusive0817,24,24,9,draft|draft_verify|target|target_rescue_verify,1349.665880203247,773.298978805542,1001.2578964233398,1651,297,3686,18,1651,163,1,2,1
gaokao2023en,bbeam1,step-profile-config2-bbeam1-gaokao2023en-exclusive0817,24,24,10,draft|draft_verify,103.59048843383789,389.38403129577637,0.0,1814,19,1797,10,0,0,1,1,0
gaokao2023en,bbeam1,step-profile-config2-bbeam1-gaokao2023en-exclusive0817,25,25,1,draft|draft_verify,417.12069511413574,51.77044868469238,0.0,117,93,156,1,0,0,1,1,0
gaokao2023en,bbeam1,step-profile-config2-bbeam1-gaokao2023en-exclusive0817,25,25,2,draft|draft_verify,438.248872756958,61.914682388305664,0.0,210,93,251,2,0,0,1,1,0
gaokao2023en,bbeam1,step-profile-config2-bbeam1-gaokao2023en-exclusive0817,25,25,3,draft|draft_verify,232.98311233520508,78.31263542175293,0.0,303,59,312,3,0,0,1,1,0
gaokao2023en,bbeam1,step-profile-config2-bbeam1-gaokao2023en-exclusive0817,25,25,4,draft|draft_verify,504.2533874511719,142.39931106567383,0.0,362,109,423,4,0,0,1,1,0
gaokao2023en,bbeam1,step-profile-config2-bbeam1-gaokao2023en-exclusive0817,25,25,5,draft|draft_verify,198.34160804748535,128.52001190185547,0.0,471,42,467,5,0,0,1,1,0
gaokao2023en,bbeam1,step-profile-config2-bbeam1-gaokao2023en-exclusive0817,25,25,6,draft|draft_verify|target|target_rescue_verify,363.3718490600586,280.4548740386963,193.22657585144043,513,78,1034,12,513,18,1,2,1
gaokao2023en,bbeam1,step-profile-config2-bbeam1-gaokao2023en-exclusive0817,25,25,7,draft|draft_verify,197.80659675598145,142.69518852233887,0.0,531,39,528,7,0,0,1,1,0
gaokao2023en,bbeam1,step-profile-config2-bbeam1-gaokao2023en-exclusive0817,25,25,8,draft|draft_verify|target|target_rescue_verify,485.7015609741211,297.20115661621094,747.9007244110107,570,95,1273,16,570,118,1,2,1
gaokao2023en,bbeam1,step-profile-config2-bbeam1-gaokao2023en-exclusive0817,25,25,9,draft|draft_verify,166.7776107788086,161.71622276306152,0.0,688,30,680,9,0,0,1,1,0
gaokao2023en,bbeam1,step-profile-config2-bbeam1-gaokao2023en-exclusive0817,25,25,10,draft|draft_verify|target|target_rescue_verify,872.4589347839355,353.7633419036865,902.7385711669922,718,151,1663,20,718,148,1,2,1
gaokao2023en,bbeam1,step-profile-config2-bbeam1-gaokao2023en-exclusive0817,25,25,11,draft|draft_verify,143.4168815612793,177.0792007446289,0.0,866,28,860,11,0,0,1,1,0
gaokao2023en,bbeam1,step-profile-config2-bbeam1-gaokao2023en-exclusive0817,26,26,1,draft|draft_verify,123.38995933532715,30.784130096435547,0.0,137,30,113,1,0,0,1,1,0
gaokao2023en,bbeam1,step-profile-config2-bbeam1-gaokao2023en-exclusive0817,26,26,2,draft|draft_verify|target|target_rescue_verify,396.75307273864746,119.31729316711426,468.5075283050537,167,100,406,4,167,76,1,2,1
gaokao2023en,bbeam1,step-profile-config2-bbeam1-gaokao2023en-exclusive0817,26,26,3,draft|draft_verify|target|target_rescue_verify,316.06316566467285,181.79726600646973,805.124044418335,243,66,587,6,243,135,1,2,1
gaokao2023en,bbeam1,step-profile-config2-bbeam1-gaokao2023en-exclusive0817,26,26,4,draft|draft_verify,178.20382118225098,94.75922584533691,0.0,378,43,373,4,0,0,1,1,0
gaokao2023en,bbeam1,step-profile-config2-bbeam1-gaokao2023en-exclusive0817,26,26,5,draft|draft_verify,148.48709106445312,127.28166580200195,0.0,421,34,409,5,0,0,1,1,0
gaokao2023en,bbeam1,step-profile-config2-bbeam1-gaokao2023en-exclusive0817,26,26,6,draft|draft_verify,322.97325134277344,144.41728591918945,0.0,455,77,488,6,0,0,1,1,0
gaokao2023en,bbeam1,step-profile-config2-bbeam1-gaokao2023en-exclusive0817,26,26,7,draft|draft_verify|target|target_rescue_verify,475.0385284423828,270.2944278717041,162.74690628051758,532,108,1107,14,532,19,1,2,1
gaokao2023en,bbeam1,step-profile-config2-bbeam1-gaokao2023en-exclusive0817,26,26,8,draft|draft_verify|target|target_rescue_verify,427.7989864349365,264.50371742248535,531.1322212219238,551,91,1198,16,551,85,1,2,1
gaokao2023en,bbeam1,step-profile-config2-bbeam1-gaokao2023en-exclusive0817,26,26,9,draft|draft_verify,175.37450790405273,133.65435600280762,0.0,636,36,634,9,0,0,1,1,0
gaokao2023en,bbeam1,step-profile-config2-bbeam1-gaokao2023en-exclusive0817,27,27,1,draft|draft_verify,229.86388206481934,30.895233154296875,0.0,111,51,108,1,0,0,1,1,0
gaokao2023en,bbeam1,step-profile-config2-bbeam1-gaokao2023en-exclusive0817,27,27,2,draft|draft_verify|target|target_rescue_verify,2284.1742038726807,222.1207618713379,934.4723224639893,162,504,880,4,162,156,1,2,1
gaokao2023en,bbeam1,step-profile-config2-bbeam1-gaokao2023en-exclusive0817,27,27,3,draft|draft_verify|target|target_rescue_verify,879.9071311950684,237.11705207824707,498.10147285461426,318,186,802,6,318,80,1,2,1
gaokao2023en,bbeam1,step-profile-config2-bbeam1-gaokao2023en-exclusive0817,27,27,4,draft|draft_verify,697.0524787902832,137.3755931854248,0.0,398,147,497,4,0,0,1,1,0
gaokao2023en,bbeam1,step-profile-config2-bbeam1-gaokao2023en-exclusive0817,27,27,5,draft|draft_verify|target|target_rescue_verify,353.11102867126465,259.5219612121582,666.6572093963623,545,74,1181,10,545,109,1,2,1
gaokao2023en,bbeam1,step-profile-config2-bbeam1-gaokao2023en-exclusive0817,27,27,6,draft|draft_verify,531.5980911254883,155.0920009613037,0.0,654,113,723,6,0,0,1,1,0
gaokao2023en,bbeam1,step-profile-config2-bbeam1-gaokao2023en-exclusive0817,27,27,7,draft|draft_verify,199.17750358581543,155.63726425170898,0.0,767,41,766,7,0,0,1,1,0
gaokao2023en,bbeam1,step-profile-config2-bbeam1-gaokao2023en-exclusive0817,27,27,8,draft|draft_verify,64.87059593200684,174.76558685302734,0.0,808,12,780,8,0,0,1,1,0
gaokao2023en,bbeam1,step-profile-config2-bbeam1-gaokao2023en-exclusive0817,28,28,1,draft|draft_verify,152.45699882507324,29.415369033813477,0.0,105,33,84,1,0,0,1,1,0
gaokao2023en,bbeam1,step-profile-config2-bbeam1-gaokao2023en-exclusive0817,28,28,2,draft|draft_verify|target|target_rescue_verify,690.324068069458,112.63394355773926,569.1623687744141,138,153,417,4,138,92,1,2,1
gaokao2023en,bbeam1,step-profile-config2-bbeam1-gaokao2023en-exclusive0817,28,28,3,draft|draft_verify,514.7256851196289,87.32318878173828,0.0,230,111,291,3,0,0,1,1,0
gaokao2023en,bbeam1,step-profile-config2-bbeam1-gaokao2023en-exclusive0817,28,28,4,draft|draft_verify,524.0592956542969,136.5952491760254,0.0,341,112,405,4,0,0,1,1,0
gaokao2023en,bbeam1,step-profile-config2-bbeam1-gaokao2023en-exclusive0817,28,28,5,draft|draft_verify,478.6217212677002,137.9990577697754,0.0,453,102,509,5,0,0,1,1,0
gaokao2023en,bbeam1,step-profile-config2-bbeam1-gaokao2023en-exclusive0817,28,28,6,draft|draft_verify,152.11844444274902,129.18853759765625,0.0,555,31,542,6,0,0,1,1,0
gaokao2023en,bbeam1,step-profile-config2-bbeam1-gaokao2023en-exclusive0817,29,29,1,draft|draft_verify|target|backtracking_verify,150.0985622406006,65.84024429321289,401.5021324157715,110,33,211,2,110,64,1,2,1
gaokao2023en,bbeam1,step-profile-config2-bbeam1-gaokao2023en-exclusive0817,29,29,2,draft|draft_verify|target|target_rescue_verify,1993.2646751403809,340.79575538635254,1457.4637413024902,317,435,1094,8,317,229,2,4,2
gaokao2023en,bbeam1,step-profile-config2-bbeam1-gaokao2023en-exclusive0817,29,29,3,draft|draft_verify|target|target_rescue_verify,590.9807682037354,264.74809646606445,2706.8307399749756,270,137,1041,6,270,462,1,2,1
gaokao2023en,bbeam1,step-profile-config2-bbeam1-gaokao2023en-exclusive0817,29,29,4,draft|draft_verify,2608.4508895874023,274.8403549194336,0.0,732,572,1257,4,0,0,1,1,0
gaokao2023en,bbeam1,step-profile-config2-bbeam1-gaokao2023en-exclusive0817,29,29,5,draft|draft_verify,89.61653709411621,259.68408584594727,0.0,1304,18,1277,5,0,0,1,1,0
gaokao2023en,bbeam1,step-profile-config2-bbeam1-gaokao2023en-exclusive0817,30,30,1,draft|draft_verify,366.135835647583,55.362701416015625,0.0,136,71,154,1,0,0,1,1,0
gaokao2023en,bbeam1,step-profile-config2-bbeam1-gaokao2023en-exclusive0817,30,30,2,draft|draft_verify|target|backtracking_verify,644.4344520568848,141.84832572937012,506.742000579834,207,124,517,4,207,81,1,2,1
gaokao2023en,bbeam1,step-profile-config2-bbeam1-gaokao2023en-exclusive0817,30,30,3,draft|draft_verify|target|backtracking_verify,739.0096187591553,358.8595390319824,1079.7569751739502,619,147,1337,12,619,148,2,4,2
gaokao2023en,bbeam1,step-profile-config2-bbeam1-gaokao2023en-exclusive0817,30,30,4,draft|draft_verify|target|target_rescue_verify|backtracking_verify,17150.289297103882,1783.8530540466309,8115.010499954224,1533,3715,7772,32,1533,1368,4,8,4
gaokao2023en,bbeam1,step-profile-config2-bbeam1-gaokao2023en-exclusive0817,30,30,5,draft|draft_verify|target|target_rescue_verify,14296.449184417725,2285.501718521118,10043.730735778809,3369,3165,10523,45,2763,1631,5,9,4
gaokao2023en,bbeam1,step-profile-config2-bbeam1-gaokao2023en-exclusive0817,30,30,6,draft|draft_verify|target|target_rescue_verify|backtracking_verify,1906.5473079681396,912.6174449920654,3108.912944793701,1727,413,4219,24,1727,524,2,4,2
gaokao2023en,bbeam1,step-profile-config2-bbeam1-gaokao2023en-exclusive0817,30,30,7,draft|draft_verify|target|target_rescue_verify,9224.337816238403,843.4596061706543,1553.7879467010498,902,2048,4034,14,902,264,1,2,1
gaokao2023en,bbeam1,step-profile-config2-bbeam1-gaokao2023en-exclusive0817,30,30,8,draft|draft_verify|target|target_rescue_verify,542.3598289489746,581.9258689880371,2010.190725326538,1166,101,2697,16,1166,342,1,2,1
gaokao2023en,bbeam1,step-profile-config2-bbeam1-gaokao2023en-exclusive0817,30,30,9,draft|draft_verify|target|target_rescue_verify,1589.9343490600586,750.1852512359619,1661.31591796875,1508,335,3556,18,1508,279,1,2,1
gaokao2023en,bbeam1,step-profile-config2-bbeam1-gaokao2023en-exclusive0817,30,30,10,draft|draft_verify|target|target_rescue_verify,109.15517807006836,721.9574451446533,122.84350395202637,1787,20,3535,20,1787,11,1,2,1
gaokao2023en,bbeam1,step-profile-config2-bbeam1-gaokao2023en-exclusive0817,31,31,1,draft|draft_verify,323.6563205718994,31.209468841552734,0.0,105,68,119,1,0,0,1,1,0
gaokao2023en,bbeam1,step-profile-config2-bbeam1-gaokao2023en-exclusive0817,31,31,2,draft|draft_verify,321.55895233154297,58.65001678466797,0.0,173,71,192,2,0,0,1,1,0
gaokao2023en,bbeam1,step-profile-config2-bbeam1-gaokao2023en-exclusive0817,31,31,3,draft|draft_verify,128.91721725463867,60.86087226867676,0.0,244,27,221,3,0,0,1,1,0
gaokao2023en,bbeam1,step-profile-config2-bbeam1-gaokao2023en-exclusive0817,31,31,4,draft|draft_verify|target|target_rescue_verify,222.84698486328125,138.45086097717285,196.4428424835205,271,46,517,8,271,25,1,2,1
gaokao2023en,bbeam1,step-profile-config2-bbeam1-gaokao2023en-exclusive0817,31,31,5,draft|draft_verify,120.22614479064941,84.3193531036377,0.0,296,25,275,5,0,0,1,1,0
gaokao2023en,bbeam1,step-profile-config2-bbeam1-gaokao2023en-exclusive0817,31,31,6,draft|draft_verify,51.90873146057129,84.06758308410645,0.0,321,10,287,6,0,0,1,1,0
gaokao2023en,bbeam1,step-profile-config2-bbeam1-gaokao2023en-exclusive0817,31,31,7,draft|draft_verify|target|target_rescue_verify,154.07943725585938,169.66557502746582,165.6169891357422,331,32,631,14,331,21,1,2,1
gaokao2023en,bbeam1,step-profile-config2-bbeam1-gaokao2023en-exclusive0817,31,31,8,draft|draft_verify,134.2787742614746,93.56570243835449,0.0,352,28,340,8,0,0,1,1,0
gaokao2023en,bbeam1,step-profile-config2-bbeam1-gaokao2023en-exclusive0817,31,31,9,draft|draft_verify,157.73701667785645,93.54114532470703,0.0,380,33,375,9,0,0,1,1,0
gaokao2023en,bbeam1,step-profile-config2-bbeam1-gaokao2023en-exclusive0817,31,31,10,draft|draft_verify,47.495126724243164,124.50575828552246,0.0,413,10,387,10,0,0,1,1,0
gaokao2023en,bbeam1,step-profile-config2-bbeam1-gaokao2023en-exclusive0817,31,31,11,draft|draft_verify,207.3652744293213,125.75316429138184,0.0,423,44,433,11,0,0,1,1,0
gaokao2023en,bbeam1,step-profile-config2-bbeam1-gaokao2023en-exclusive0817,31,31,12,draft|draft_verify,117.9659366607666,125.8399486541748,0.0,467,25,460,12,0,0,1,1,0
gaokao2023en,bbeam1,step-profile-config2-bbeam1-gaokao2023en-exclusive0817,31,31,13,draft|draft_verify,204.69069480895996,136.40570640563965,0.0,492,48,510,13,0,0,1,1,0
gaokao2023en,bbeam1,step-profile-config2-bbeam1-gaokao2023en-exclusive0817,31,31,14,draft|draft_verify,12.499094009399414,125.74410438537598,0.0,540,2,514,14,0,0,1,1,0
gaokao2023en,bbeam1,step-profile-config2-bbeam1-gaokao2023en-exclusive0817,31,31,15,draft|draft_verify,95.17216682434082,127.3641586303711,0.0,542,19,535,15,0,0,1,1,0
gaokao2023en,bbeam1,step-profile-config2-bbeam1-gaokao2023en-exclusive0817,31,31,16,draft|draft_verify,75.72221755981445,127.06279754638672,0.0,561,14,551,16,0,0,1,1,0
gaokao2023en,bbeam1,step-profile-config2-bbeam1-gaokao2023en-exclusive0817,31,31,17,draft|draft_verify,171.50306701660156,132.2460174560547,0.0,575,33,586,17,0,0,1,1,0
gaokao2023en,bbeam1,step-profile-config2-bbeam1-gaokao2023en-exclusive0817,31,31,18,draft|draft_verify,59.58104133605957,131.44993782043457,0.0,608,10,598,18,0,0,1,1,0
gaokao2023en,bbeam1,step-profile-config2-bbeam1-gaokao2023en-exclusive0817,31,31,19,draft|draft_verify,345.792293548584,153.6874771118164,0.0,618,77,677,19,0,0,1,1,0
gaokao2023en,bbeam1,step-profile-config2-bbeam1-gaokao2023en-exclusive0817,31,31,20,draft|draft_verify,52.51288414001465,152.93645858764648,0.0,695,10,689,20,0,0,1,1,0
gaokao2023en,bbeam1,step-profile-config2-bbeam1-gaokao2023en-exclusive0817,31,31,21,draft|draft_verify,274.5225429534912,154.76608276367188,0.0,705,54,745,21,0,0,1,1,0
gaokao2023en,bbeam1,step-profile-config2-bbeam1-gaokao2023en-exclusive0817,31,31,22,draft|draft_verify|target|backtracking_verify,241.29605293273926,349.12848472595215,321.195125579834,759,47,1585,44,759,44,1,2,1
gaokao2023en,bbeam1,step-profile-config2-bbeam1-gaokao2023en-exclusive0817,31,31,23,draft|draft_verify|target|target_rescue_verify,274.57165718078613,527.3528099060059,131.2117576599121,1609,54,2450,69,806,11,2,3,1
gaokao2023en,bbeam1,step-profile-config2-bbeam1-gaokao2023en-exclusive0817,31,31,24,draft|draft_verify|target|backtracking_verify,55.19247055053711,369.69852447509766,111.17386817932129,846,10,1696,48,846,10,1,2,1
gaokao2023en,bbeam1,step-profile-config2-bbeam1-gaokao2023en-exclusive0817,31,31,25,draft|draft_verify|target|backtracking_verify,920.5765724182129,604.428768157959,563.82155418396,1712,196,2836,75,856,90,2,3,1
gaokao2023en,bbeam1,step-profile-config2-bbeam1-gaokao2023en-exclusive0817,31,31,26,draft|draft_verify|target|backtracking_verify,219.75183486938477,1029.2460918426514,184.07964706420898,2854,44,4794,130,1900,16,3,5,2
gaokao2023en,bbeam1,step-profile-config2-bbeam1-gaokao2023en-exclusive0817,31,31,27,draft|draft_verify|target|target_rescue_verify,268.50295066833496,2032.2659015655518,562.8607273101807,4814,53,9716,270,4814,55,5,10,5
gaokao2023en,bbeam1,step-profile-config2-bbeam1-gaokao2023en-exclusive0817,31,31,28,draft|draft_verify,53.09247970581055,202.36587524414062,0.0,983,11,994,28,0,0,1,1,0
gaokao2023en,bbeam1,step-profile-config2-bbeam1-gaokao2023en-exclusive0817,31,31,29,draft|draft_verify,60.91904640197754,203.84883880615234,0.0,994,11,1007,29,0,0,1,1,0
gaokao2023en,bbeam1,step-profile-config2-bbeam1-gaokao2023en-exclusive0817,32,32,1,draft|draft_verify,189.43095207214355,21.862030029296875,0.0,77,41,64,1,0,0,1,1,0
gaokao2023en,bbeam1,step-profile-config2-bbeam1-gaokao2023en-exclusive0817,32,32,2,draft|draft_verify,215.68059921264648,30.91120719909668,0.0,118,48,113,2,0,0,1,1,0
gaokao2023en,bbeam1,step-profile-config2-bbeam1-gaokao2023en-exclusive0817,32,32,3,draft|draft_verify,238.66009712219238,49.89814758300781,0.0,166,53,168,3,0,0,1,1,0
gaokao2023en,bbeam1,step-profile-config2-bbeam1-gaokao2023en-exclusive0817,32,32,4,draft|draft_verify,500.260591506958,77.10075378417969,0.0,219,109,279,4,0,0,1,1,0
gaokao2023en,bbeam1,step-profile-config2-bbeam1-gaokao2023en-exclusive0817,32,32,5,draft|draft_verify,87.77856826782227,77.00395584106445,0.0,328,17,298,5,0,0,1,1,0
gaokao2023en,bbeam1,step-profile-config2-bbeam1-gaokao2023en-exclusive0817,33,33,1,draft|draft_verify,93.58334541320801,32.39178657531738,0.0,120,20,86,1,0,0,1,1,0
gaokao2023en,bbeam1,step-profile-config2-bbeam1-gaokao2023en-exclusive0817,33,33,2,draft|draft_verify,204.1800022125244,52.12068557739258,0.0,140,45,133,2,0,0,1,1,0
gaokao2023en,bbeam1,step-profile-config2-bbeam1-gaokao2023en-exclusive0817,33,33,3,draft|draft_verify|target|target_rescue_verify,683.2759380340576,152.6620388031006,681.6141605377197,185,148,528,6,185,110,1,2,1
gaokao2023en,bbeam1,step-profile-config2-bbeam1-gaokao2023en-exclusive0817,33,33,4,draft|draft_verify,601.2272834777832,100.68130493164062,0.0,295,126,373,4,0,0,1,1,0
gaokao2023en,bbeam1,step-profile-config2-bbeam1-gaokao2023en-exclusive0817,33,33,5,draft|draft_verify,323.7738609313965,139.69779014587402,0.0,421,69,444,5,0,0,1,1,0
gaokao2023en,bbeam1,step-profile-config2-bbeam1-gaokao2023en-exclusive0817,33,33,6,draft|draft_verify,146.57855033874512,130.4304599761963,0.0,490,30,476,6,0,0,1,1,0
gaokao2023en,bbeam1,step-profile-config2-bbeam1-gaokao2023en-exclusive0817,34,34,1,draft|draft_verify,199.40733909606934,30.324459075927734,0.0,111,44,101,1,0,0,1,1,0
gaokao2023en,bbeam1,step-profile-config2-bbeam1-gaokao2023en-exclusive0817,34,34,2,draft|draft_verify,277.2393226623535,49.811601638793945,0.0,155,62,165,2,0,0,1,1,0
gaokao2023en,bbeam1,step-profile-config2-bbeam1-gaokao2023en-exclusive0817,34,34,3,draft|draft_verify|target|backtracking_verify,1040.093183517456,268.2809829711914,1313.5838508605957,217,226,783,6,217,223,1,2,1
gaokao2023en,bbeam1,step-profile-config2-bbeam1-gaokao2023en-exclusive0817,34,34,4,draft|draft_verify|target|target_rescue_verify,558.779239654541,379.00567054748535,271.76475524902344,883,118,1335,12,443,35,2,3,1
gaokao2023en,bbeam1,step-profile-config2-bbeam1-gaokao2023en-exclusive0817,34,34,5,draft|draft_verify,284.18588638305664,128.19886207580566,0.0,517,62,533,5,0,0,1,1,0
gaokao2023en,bbeam1,step-profile-config2-bbeam1-gaokao2023en-exclusive0817,34,34,6,draft|draft_verify,217.20361709594727,129.52256202697754,0.0,579,37,572,6,0,0,1,1,0
gaokao2023en,bbeam1,step-profile-config2-bbeam1-gaokao2023en-exclusive0817,34,34,7,draft|draft_verify|target|backtracking_verify,103.47843170166016,285.0379943847656,537.604570388794,616,26,1260,14,616,86,1,2,1
gaokao2023en,bbeam1,step-profile-config2-bbeam1-gaokao2023en-exclusive0817,34,34,8,draft|draft_verify|target|target_rescue_verify,144.4237232208252,292.79422760009766,456.25782012939453,642,23,1297,16,642,70,1,2,1
gaokao2023en,bbeam1,step-profile-config2-bbeam1-gaokao2023en-exclusive0817,34,34,9,draft|draft_verify,135.73360443115234,154.67143058776855,0.0,712,26,700,9,0,0,1,1,0
gaokao2023en,bbeam1,step-profile-config2-bbeam1-gaokao2023en-exclusive0817,35,35,1,draft|draft_verify,311.9490146636963,30.69019317626953,0.0,87,78,111,1,0,0,1,1,0
gaokao2023en,bbeam1,step-profile-config2-bbeam1-gaokao2023en-exclusive0817,35,35,2,draft|draft_verify,156.62145614624023,50.04310607910156,0.0,165,39,152,2,0,0,1,1,0
gaokao2023en,bbeam1,step-profile-config2-bbeam1-gaokao2023en-exclusive0817,35,35,3,draft|draft_verify,164.34884071350098,59.57984924316406,0.0,204,41,195,3,0,0,1,1,0
gaokao2023en,bbeam1,step-profile-config2-bbeam1-gaokao2023en-exclusive0817,35,35,4,draft|draft_verify,270.07150650024414,78.0782699584961,0.0,245,66,263,4,0,0,1,1,0
gaokao2023en,bbeam1,step-profile-config2-bbeam1-gaokao2023en-exclusive0817,35,35,5,draft|draft_verify,149.28388595581055,77.86774635314941,0.0,311,36,301,5,0,0,1,1,0
gaokao2023en,bbeam1,step-profile-config2-bbeam1-gaokao2023en-exclusive0817,35,35,6,draft|draft_verify,132.16018676757812,92.87738800048828,0.0,347,31,334,6,0,0,1,1,0
gaokao2023en,bbeam1,step-profile-config2-bbeam1-gaokao2023en-exclusive0817,35,35,7,draft|draft_verify|target|backtracking_verify,258.82577896118164,263.8728618621826,400.0134468078613,378,65,801,14,378,64,1,2,1
gaokao2023en,bbeam1,step-profile-config2-bbeam1-gaokao2023en-exclusive0817,35,35,8,draft|draft_verify|target|target_rescue_verify,398.6551761627197,379.2240619659424,275.0966548919678,885,87,1332,24,443,37,2,3,1
gaokao2023en,bbeam1,step-profile-config2-bbeam1-gaokao2023en-exclusive0817,35,35,9,draft|draft_verify|target|backtracking_verify,299.49474334716797,281.15391731262207,330.6121826171875,473,65,986,18,473,51,1,2,1
gaokao2023en,bbeam1,step-profile-config2-bbeam1-gaokao2023en-exclusive0817,35,35,10,draft|draft_verify|target|target_rescue_verify,426.47767066955566,386.92283630371094,250.93722343444824,1062,88,1616,30,538,36,2,3,1
gaokao2023en,bbeam1,step-profile-config2-bbeam1-gaokao2023en-exclusive0817,35,35,11,draft|draft_verify|target|target_rescue_verify,188.80534172058105,261.4872455596924,369.1282272338867,576,40,1182,22,576,58,1,2,1
gaokao2023en,bbeam1,step-profile-config2-bbeam1-gaokao2023en-exclusive0817,35,35,12,draft|draft_verify,187.1631145477295,152.3451805114746,0.0,634,39,641,12,0,0,1,1,0
gaokao2023en,bbeam1,step-profile-config2-bbeam1-gaokao2023en-exclusive0817,35,35,13,draft|draft_verify,149.0480899810791,153.82862091064453,0.0,673,31,674,13,0,0,1,1,0
gaokao2023en,bbeam1,step-profile-config2-bbeam1-gaokao2023en-exclusive0817,35,35,14,draft|draft_verify,659.794807434082,174.7872829437256,0.0,704,144,820,14,0,0,1,1,0
gaokao2023en,bbeam1,step-profile-config2-bbeam1-gaokao2023en-exclusive0817,35,35,15,draft|draft_verify|target|target_rescue_verify,374.25708770751953,414.17932510375977,666.4071083068848,848,79,1826,30,848,103,1,2,1
gaokao2023en,bbeam1,step-profile-config2-bbeam1-gaokao2023en-exclusive0817,35,35,16,draft|draft_verify,162.75286674499512,202.90088653564453,0.0,951,31,958,16,0,0,1,1,0
gaokao2023en,bbeam1,step-profile-config2-bbeam1-gaokao2023en-exclusive0817,36,36,1,draft|draft_verify,227.42962837219238,30.011653900146484,0.0,87,52,85,1,0,0,1,1,0
gaokao2023en,bbeam1,step-profile-config2-bbeam1-gaokao2023en-exclusive0817,36,36,2,draft|draft_verify,357.96523094177246,52.09183692932129,0.0,139,83,170,2,0,0,1,1,0
gaokao2023en,bbeam1,step-profile-config2-bbeam1-gaokao2023en-exclusive0817,36,36,3,draft|draft_verify,440.16551971435547,77.44216918945312,0.0,222,94,266,3,0,0,1,1,0
gaokao2023en,bbeam1,step-profile-config2-bbeam1-gaokao2023en-exclusive0817,36,36,4,draft|draft_verify,588.3040428161621,142.11583137512207,0.0,316,117,385,4,0,0,1,1,0
gaokao2023en,bbeam1,step-profile-config2-bbeam1-gaokao2023en-exclusive0817,36,36,5,draft|draft_verify,149.10435676574707,126.80578231811523,0.0,433,29,416,5,0,0,1,1,0
gaokao2023en,bbeam1,step-profile-config2-bbeam1-gaokao2023en-exclusive0817,37,37,1,draft|draft_verify,192.0783519744873,31.563282012939453,0.0,130,41,117,1,0,0,1,1,0
gaokao2023en,bbeam1,step-profile-config2-bbeam1-gaokao2023en-exclusive0817,37,37,2,draft|draft_verify,221.82297706604004,51.48196220397949,0.0,171,49,168,2,0,0,1,1,0
gaokao2023en,bbeam1,step-profile-config2-bbeam1-gaokao2023en-exclusive0817,37,37,3,draft|draft_verify|target|backtracking_verify,390.45214653015137,140.55442810058594,473.88601303100586,220,91,507,6,220,76,1,2,1
gaokao2023en,bbeam1,step-profile-config2-bbeam1-gaokao2023en-exclusive0817,37,37,4,draft|draft_verify|target|target_rescue_verify|backtracking_verify,922.1048355102539,393.91541481018066,1256.4730644226074,607,191,1408,16,607,195,2,4,2
gaokao2023en,bbeam1,step-profile-config2-bbeam1-gaokao2023en-exclusive0817,37,37,5,draft|draft_verify|target|target_rescue_verify,721.7757701873779,289.3106937408447,475.9175777435303,374,155,886,10,374,75,1,2,1
gaokao2023en,bbeam1,step-profile-config2-bbeam1-gaokao2023en-exclusive0817,37,37,6,draft|draft_verify,399.0788459777832,144.2241668701172,0.0,449,84,489,6,0,0,1,1,0
gaokao2023en,bbeam1,step-profile-config2-bbeam1-gaokao2023en-exclusive0817,37,37,7,draft|draft_verify,225.75855255126953,128.88097763061523,0.0,533,47,538,7,0,0,1,1,0
gaokao2023en,bbeam1,step-profile-config2-bbeam1-gaokao2023en-exclusive0817,38,38,1,draft|draft_verify,216.51697158813477,31.018495559692383,0.0,85,48,79,1,0,0,1,1,0
gaokao2023en,bbeam1,step-profile-config2-bbeam1-gaokao2023en-exclusive0817,38,38,2,draft|draft_verify|target|backtracking_verify,761.3835334777832,155.0121307373047,1732.422113418579,133,170,612,4,133,280,1,2,1
gaokao2023en,bbeam1,step-profile-config2-bbeam1-gaokao2023en-exclusive0817,38,38,3,draft|draft_verify|target|backtracking_verify,804.1446208953857,270.430326461792,1189.286708831787,303,173,861,6,303,182,1,2,1
gaokao2023en,bbeam1,step-profile-config2-bbeam1-gaokao2023en-exclusive0817,38,38,4,draft|draft_verify|target|target_rescue_verify,1443.1109428405762,706.2644958496094,6445.912599563599,961,316,3067,16,961,1021,2,4,2
gaokao2023en,bbeam1,step-profile-config2-bbeam1-gaokao2023en-exclusive0817,39,39,1,draft|draft_verify,99.84517097473145,22.180557250976562,0.0,95,22,63,1,0,0,1,1,0
gaokao2023en,bbeam1,step-profile-config2-bbeam1-gaokao2023en-exclusive0817,39,39,2,draft|draft_verify,238.00420761108398,30.90214729309082,0.0,117,53,118,2,0,0,1,1,0
gaokao2023en,bbeam1,step-profile-config2-bbeam1-gaokao2023en-exclusive0817,39,39,3,draft|draft_verify,473.75035285949707,60.63199043273926,0.0,170,105,225,3,0,0,1,1,0
gaokao2023en,bbeam1,step-profile-config2-bbeam1-gaokao2023en-exclusive0817,39,39,4,draft|draft_verify,281.3746929168701,77.09860801696777,0.0,275,60,287,4,0,0,1,1,0
gaokao2023en,bbeam1,step-profile-config2-bbeam1-gaokao2023en-exclusive0817,39,39,5,draft|draft_verify,131.99281692504883,77.32129096984863,0.0,335,27,316,5,0,0,1,1,0
gaokao2023en,bbeam1,step-profile-config2-bbeam1-gaokao2023en-exclusive0817,40,40,1,draft|draft_verify|target|backtracking_verify,262.6824378967285,118.96228790283203,785.8948707580566,147,58,377,2,147,131,1,2,1
gaokao2023en,bbeam1,step-profile-config2-bbeam1-gaokao2023en-exclusive0817,40,40,2,draft|draft_verify|target|target_rescue_verify,6130.647659301758,805.3662776947021,6060.250997543335,483,1400,3203,8,483,1041,2,4,2
gaokao2023en,bbeam1,step-profile-config2-bbeam1-gaokao2023en-exclusive0817,40,40,3,draft|draft_verify|target|target_rescue_verify,4515.803098678589,564.7151470184326,3909.770727157593,439,1020,2482,6,439,682,1,2,1
gaokao2023en,bbeam1,step-profile-config2-bbeam1-gaokao2023en-exclusive0817,41,41,1,draft|draft_verify,289.8132801055908,30.688762664794922,0.0,94,64,105,1,0,0,1,1,0
gaokao2023en,bbeam1,step-profile-config2-bbeam1-gaokao2023en-exclusive0817,41,41,2,draft|draft_verify,144.07038688659668,50.36640167236328,0.0,158,32,139,2,0,0,1,1,0
gaokao2023en,bbeam1,step-profile-config2-bbeam1-gaokao2023en-exclusive0817,41,41,3,draft|draft_verify,217.60272979736328,58.788299560546875,0.0,190,49,190,3,0,0,1,1,0
gaokao2023en,bbeam1,step-profile-config2-bbeam1-gaokao2023en-exclusive0817,41,41,4,draft|draft_verify,140.150785446167,60.33635139465332,0.0,239,31,223,4,0,0,1,1,0
gaokao2023en,bbeam1,step-profile-config2-bbeam1-gaokao2023en-exclusive0817,41,41,5,draft|draft_verify|target|backtracking_verify,489.15743827819824,185.62030792236328,592.9932594299316,270,106,652,10,270,96,1,2,1
gaokao2023en,bbeam1,step-profile-config2-bbeam1-gaokao2023en-exclusive0817,41,41,6,draft|draft_verify|target|target_rescue_verify,729.008674621582,377.5913715362549,443.42732429504395,742,155,1210,18,376,66,2,3,1
gaokao2023en,bbeam1,step-profile-config2-bbeam1-gaokao2023en-exclusive0817,41,41,7,draft|draft_verify|target|target_rescue_verify,1971.6665744781494,422.0454692840576,476.55534744262695,874,422,1690,21,442,75,2,3,1
gaokao2023en,bbeam1,step-profile-config2-bbeam1-gaokao2023en-exclusive0817,41,41,8,draft|draft_verify|target|target_rescue_verify,519.4768905639648,416.3167476654053,822.3340511322021,1266,110,1912,24,517,136,2,3,1
gaokao2023en,bbeam1,step-profile-config2-bbeam1-gaokao2023en-exclusive0817,41,41,9,draft|draft_verify|target|target_rescue_verify,285.5207920074463,309.1888427734375,568.1583881378174,653,60,1384,18,653,92,1,2,1
gaokao2023en,bbeam1,step-profile-config2-bbeam1-gaokao2023en-exclusive0817,42,42,1,draft|draft_verify,223.4940528869629,29.628515243530273,0.0,93,47,86,1,0,0,1,1,0
gaokao2023en,bbeam1,step-profile-config2-bbeam1-gaokao2023en-exclusive0817,42,42,2,draft|draft_verify,224.83086585998535,51.413774490356445,0.0,140,50,138,2,0,0,1,1,0
gaokao2023en,bbeam1,step-profile-config2-bbeam1-gaokao2023en-exclusive0817,42,42,3,draft|draft_verify|target|target_rescue_verify,548.0785369873047,167.14859008789062,956.1281204223633,190,118,554,6,190,156,1,2,1
gaokao2023en,bbeam1,step-profile-config2-bbeam1-gaokao2023en-exclusive0817,42,42,4,draft|draft_verify,805.0127029418945,139.53042030334473,0.0,346,173,471,4,0,0,1,1,0
gaokao2023en,bbeam1,step-profile-config2-bbeam1-gaokao2023en-exclusive0817,42,42,5,draft|draft_verify,175.7948398590088,137.66765594482422,0.0,519,36,509,5,0,0,1,1,0
gaokao2023en,bbeam1,step-profile-config2-bbeam1-gaokao2023en-exclusive0817,43,43,1,draft|draft_verify,331.4013481140137,30.782461166381836,0.0,86,79,111,1,0,0,1,1,0
gaokao2023en,bbeam1,step-profile-config2-bbeam1-gaokao2023en-exclusive0817,43,43,2,draft|draft_verify|target|backtracking_verify,906.8489074707031,233.8263988494873,2584.812879562378,165,226,900,4,165,448,1,2,1
gaokao2023en,bbeam1,step-profile-config2-bbeam1-gaokao2023en-exclusive0817,43,43,3,draft|draft_verify|target|target_rescue_verify,2157.311201095581,317.333459854126,832.9558372497559,391,476,1292,6,391,134,1,2,1
gaokao2023en,bbeam1,step-profile-config2-bbeam1-gaokao2023en-exclusive0817,43,43,4,draft|draft_verify|target|target_rescue_verify,1606.8956851959229,330.4553031921387,1548.1045246124268,525,354,1570,8,525,262,1,2,1
gaokao2023en,bbeam1,step-profile-config2-bbeam1-gaokao2023en-exclusive0817,43,43,5,draft|draft_verify|target|backtracking_verify,464.993953704834,356.57548904418945,749.5296001434326,787,112,1716,10,787,122,1,2,1
gaokao2023en,bbeam1,step-profile-config2-bbeam1-gaokao2023en-exclusive0817,43,43,6,draft|draft_verify|target|target_rescue_verify,179.29530143737793,404.2479991912842,452.07786560058594,899,44,1822,12,899,68,1,2,1
gaokao2023en,bbeam1,step-profile-config2-bbeam1-gaokao2023en-exclusive0817,43,43,7,draft|draft_verify,162.19139099121094,201.28893852233887,0.0,967,24,949,7,0,0,1,1,0
gaokao2023en,bbeam1,step-profile-config2-bbeam1-gaokao2023en-exclusive0817,44,44,1,draft|draft_verify,196.3672637939453,31.402111053466797,0.0,117,42,105,1,0,0,1,1,0
gaokao2023en,bbeam1,step-profile-config2-bbeam1-gaokao2023en-exclusive0817,44,44,2,draft|draft_verify,231.7366600036621,50.48871040344238,0.0,159,46,153,2,0,0,1,1,0
gaokao2023en,bbeam1,step-profile-config2-bbeam1-gaokao2023en-exclusive0817,44,44,3,draft|draft_verify,77.79717445373535,53.55048179626465,0.0,205,18,173,3,0,0,1,1,0
gaokao2023en,bbeam1,step-profile-config2-bbeam1-gaokao2023en-exclusive0817,44,44,4,draft|draft_verify,822.0977783203125,97.54776954650879,0.0,223,174,349,4,0,0,1,1,0
gaokao2023en,bbeam1,step-profile-config2-bbeam1-gaokao2023en-exclusive0817,44,44,5,draft|draft_verify|target|target_rescue_verify,1111.1180782318115,276.9970893859863,1630.7759284973145,397,242,1220,10,397,276,1,2,1
gaokao2023en,bbeam1,step-profile-config2-bbeam1-gaokao2023en-exclusive0817,44,44,6,draft|draft_verify,980.9780120849609,183.93921852111816,0.0,673,219,848,6,0,0,1,1,0
gaokao2023en,bbeam1,step-profile-config2-bbeam1-gaokao2023en-exclusive0817,44,44,7,draft|draft_verify,338.92345428466797,200.5939483642578,0.0,892,72,922,7,0,0,1,1,0
gaokao2023en,bbeam1,step-profile-config2-bbeam1-gaokao2023en-exclusive0817,44,44,8,draft|draft_verify,353.4820079803467,201.80130004882812,0.0,964,75,999,8,0,0,1,1,0
gaokao2023en,bbeam1,step-profile-config2-bbeam1-gaokao2023en-exclusive0817,44,44,9,draft|draft_verify,419.6968078613281,229.06017303466797,0.0,1039,89,1090,9,0,0,1,1,0
gaokao2023en,bbeam1,step-profile-config2-bbeam1-gaokao2023en-exclusive0817,44,44,10,draft|draft_verify,201.07173919677734,232.0396900177002,0.0,1128,39,1131,10,0,0,1,1,0
gaokao2023en,bbeam1,step-profile-config2-bbeam1-gaokao2023en-exclusive0817,44,44,11,draft|draft_verify|target|target_rescue_verify,255.69438934326172,513.2913589477539,372.51853942871094,1167,50,2366,22,1167,50,1,2,1
gaokao2023en,bbeam1,step-profile-config2-bbeam1-gaokao2023en-exclusive0817,45,45,1,draft|draft_verify,197.9062557220459,30.72524070739746,0.0,88,41,75,1,0,0,1,1,0
gaokao2023en,bbeam1,step-profile-config2-bbeam1-gaokao2023en-exclusive0817,45,45,2,draft|draft_verify|target|target_rescue_verify,463.72270584106445,84.26380157470703,156.42166137695312,129,95,268,4,129,19,1,2,1
gaokao2023en,bbeam1,step-profile-config2-bbeam1-gaokao2023en-exclusive0817,45,45,3,draft|draft_verify,294.6314811706543,51.26333236694336,0.0,148,56,154,3,0,0,1,1,0
gaokao2023en,bbeam1,step-profile-config2-bbeam1-gaokao2023en-exclusive0817,45,45,4,draft|draft_verify,129.03833389282227,52.23441123962402,0.0,204,25,181,4,0,0,1,1,0
gaokao2023en,bbeam1,step-profile-config2-bbeam1-gaokao2023en-exclusive0817,45,45,5,draft|draft_verify,507.39407539367676,87.51177787780762,0.0,229,95,278,5,0,0,1,1,0
gaokao2023en,bbeam1,step-profile-config2-bbeam1-gaokao2023en-exclusive0817,45,45,6,draft|draft_verify,92.64659881591797,84.50508117675781,0.0,324,17,297,6,0,0,1,1,0
gaokao2023en,bbeam1,step-profile-config2-bbeam1-gaokao2023en-exclusive0817,45,45,7,draft|draft_verify,274.9803066253662,100.32343864440918,0.0,341,51,350,7,0,0,1,1,0
gaokao2023en,bbeam1,step-profile-config2-bbeam1-gaokao2023en-exclusive0817,45,45,8,draft|draft_verify,84.36989784240723,93.21308135986328,0.0,392,16,368,8,0,0,1,1,0
gaokao2023en,bbeam1,step-profile-config2-bbeam1-gaokao2023en-exclusive0817,46,46,1,draft|draft_verify|target|backtracking_verify,182.4948787689209,60.896873474121094,283.4484577178955,85,45,151,2,85,44,1,2,1
gaokao2023en,bbeam1,step-profile-config2-bbeam1-gaokao2023en-exclusive0817,46,46,2,draft|draft_verify|target|backtracking_verify,1009.697437286377,178.85613441467285,1009.1874599456787,259,231,634,6,130,170,2,3,1
gaokao2023en,bbeam1,step-profile-config2-bbeam1-gaokao2023en-exclusive0817,46,46,3,draft|draft_verify|target|backtracking_verify,1363.0244731903076,442.2566890716553,1287.1460914611816,790,279,1579,15,550,210,3,5,2
gaokao2023en,bbeam1,step-profile-config2-bbeam1-gaokao2023en-exclusive0817,46,46,4,draft|draft_verify|target|target_rescue_verify,2358.80970954895,964.3869400024414,1765.7783031463623,1829,437,3610,36,1504,272,5,9,4
gaokao2023en,bbeam1,step-profile-config2-bbeam1-gaokao2023en-exclusive0817,46,46,5,draft|draft_verify|target|target_rescue_verify|backtracking_verify,2621.2244033813477,894.8841094970703,2371.307611465454,1688,466,3567,35,1344,391,4,7,3
gaokao2023en,bbeam1,step-profile-config2-bbeam1-gaokao2023en-exclusive0817,46,46,6,draft|draft_verify|target|target_rescue_verify,2139.4693851470947,1238.3441925048828,2814.6719932556152,2720,402,5537,54,2350,461,5,9,4
gaokao2023en,bbeam1,step-profile-config2-bbeam1-gaokao2023en-exclusive0817,46,46,7,draft|draft_verify,93.07980537414551,93.92690658569336,0.0,387,19,364,7,0,0,1,1,0
gaokao2023en,bbeam1,step-profile-config2-bbeam1-gaokao2023en-exclusive0817,46,46,8,draft|draft_verify|target|target_rescue_verify,247.43413925170898,252.30813026428223,431.3373565673828,406,53,849,16,406,64,1,2,1
gaokao2023en,bbeam1,step-profile-config2-bbeam1-gaokao2023en-exclusive0817,46,46,9,draft|draft_verify|target|target_rescue_verify,72.9978084564209,253.07464599609375,119.13514137268066,470,15,892,18,470,13,1,2,1
gaokao2023en,bbeam1,step-profile-config2-bbeam1-gaokao2023en-exclusive0817,46,46,10,draft|draft_verify,90.80743789672852,127.8684139251709,0.0,483,19,466,10,0,0,1,1,0
gaokao2023en,bbeam1,step-profile-config2-bbeam1-gaokao2023en-exclusive0817,46,46,11,draft|draft_verify,199.15533065795898,127.4101734161377,0.0,502,46,514,11,0,0,1,1,0
gaokao2023en,bbeam1,step-profile-config2-bbeam1-gaokao2023en-exclusive0817,46,46,12,draft|draft_verify|target|target_rescue_verify,61.46979331970215,256.70313835144043,174.7279167175293,548,15,1068,24,548,21,1,2,1
gaokao2023en,bbeam1,step-profile-config2-bbeam1-gaokao2023en-exclusive0817,46,46,13,draft|draft_verify|target|target_rescue_verify,136.05093955993652,257.10344314575195,85.45398712158203,569,27,1112,26,569,7,1,2,1
gaokao2023en,bbeam1,step-profile-config2-bbeam1-gaokao2023en-exclusive0817,46,46,14,draft|draft_verify,55.724382400512695,128.47447395324707,0.0,576,11,559,14,0,0,1,1,0
gaokao2023en,bbeam1,step-profile-config2-bbeam1-gaokao2023en-exclusive0817,47,47,1,draft|draft_verify|target|target_rescue_verify,649.5928764343262,224.51066970825195,3325.692653656006,126,146,868,2,126,576,1,2,1
gaokao2023en,bbeam1,step-profile-config2-bbeam1-gaokao2023en-exclusive0817,48,48,1,draft|draft_verify,515.186071395874,60.324907302856445,0.0,145,113,204,1,0,0,1,1,0
gaokao2023en,bbeam1,step-profile-config2-bbeam1-gaokao2023en-exclusive0817,48,48,2,draft|draft_verify|target|target_rescue_verify,438.8878345489502,181.72287940979004,932.3699474334717,258,93,660,4,258,155,1,2,1
gaokao2023en,bbeam1,step-profile-config2-bbeam1-gaokao2023en-exclusive0817,48,48,3,draft|draft_verify|target|backtracking_verify,644.4606781005859,278.55801582336426,927.0246028900146,413,141,1021,6,413,154,1,2,1
gaokao2023en,bbeam1,step-profile-config2-bbeam1-gaokao2023en-exclusive0817,48,48,4,draft|draft_verify|target|target_rescue_verify,3187.4046325683594,700.5186080932617,1841.5005207061768,1121,689,3042,16,1121,303,2,4,2
gaokao2023en,bbeam1,step-profile-config2-bbeam1-gaokao2023en-exclusive0817,48,48,5,draft|draft_verify|target|target_rescue_verify,353.40023040771484,329.9601078033447,883.6750984191895,698,75,1524,10,698,145,1,2,1
gaokao2023en,bbeam1,step-profile-config2-bbeam1-gaokao2023en-exclusive0817,48,48,6,draft|draft_verify,657.0286750793457,201.94125175476074,0.0,843,141,940,6,0,0,1,1,0
gaokao2023en,bbeam1,step-profile-config2-bbeam1-gaokao2023en-exclusive0817,48,48,7,draft|draft_verify,160.98928451538086,202.63385772705078,0.0,984,33,975,7,0,0,1,1,0
gaokao2023en,bbeam1,step-profile-config2-bbeam1-gaokao2023en-exclusive0817,49,49,1,draft|draft_verify,367.1896457672119,51.81002616882324,0.0,112,81,140,1,0,0,1,1,0
gaokao2023en,bbeam1,step-profile-config2-bbeam1-gaokao2023en-exclusive0817,49,49,2,draft|draft_verify|target|backtracking_verify,185.03570556640625,103.44958305358887,282.88936614990234,193,41,366,4,193,41,1,2,1
gaokao2023en,bbeam1,step-profile-config2-bbeam1-gaokao2023en-exclusive0817,49,49,3,draft|draft_verify|target|backtracking_verify,994.1740036010742,312.11376190185547,1358.9298725128174,468,214,1176,12,468,222,2,4,2
gaokao2023en,bbeam1,step-profile-config2-bbeam1-gaokao2023en-exclusive0817,49,49,4,draft|draft_verify|target|backtracking_verify|target_rescue_verify,4198.866605758667,1121.7703819274902,4027.545690536499,1372,826,3858,32,1372,664,4,8,4
gaokao2023en,bbeam1,step-profile-config2-bbeam1-gaokao2023en-exclusive0817,49,49,5,draft|draft_verify|target|target_rescue_verify,6326.154947280884,1852.84423828125,7837.3894691467285,3148,1254,8330,60,3148,1320,6,12,6
gaokao2023en,bbeam1,step-profile-config2-bbeam1-gaokao2023en-exclusive0817,49,49,6,draft|draft_verify,272.449254989624,158.33687782287598,0.0,745,58,760,6,0,0,1,1,0
gaokao2023en,bbeam1,step-profile-config2-bbeam1-gaokao2023en-exclusive0817,49,49,7,draft|draft_verify,104.45356369018555,173.93803596496582,0.0,803,21,783,7,0,0,1,1,0
gaokao2023en,bbeam1,step-profile-config2-bbeam1-gaokao2023en-exclusive0817,50,50,1,draft|draft_verify,261.6255283355713,31.210660934448242,0.0,109,58,113,1,0,0,1,1,0
gaokao2023en,bbeam1,step-profile-config2-bbeam1-gaokao2023en-exclusive0817,50,50,2,draft|draft_verify,468.52898597717285,60.49990653991699,0.0,167,104,219,2,0,0,1,1,0
gaokao2023en,bbeam1,step-profile-config2-bbeam1-gaokao2023en-exclusive0817,50,50,3,draft|draft_verify|target|backtracking_verify,660.269021987915,176.67698860168457,538.017749786377,271,140,669,6,271,87,1,2,1
gaokao2023en,bbeam1,step-profile-config2-bbeam1-gaokao2023en-exclusive0817,50,50,4,draft|draft_verify|target|backtracking_verify,1194.6797370910645,399.06954765319824,650.6526470184326,769,240,1382,12,411,106,2,3,1
gaokao2023en,bbeam1,step-profile-config2-bbeam1-gaokao2023en-exclusive0817,50,50,5,draft|draft_verify|target|backtracking_verify,588.2713794708252,642.7993774414062,685.4970455169678,1526,124,2563,25,1041,102,3,5,2
gaokao2023en,bbeam1,step-profile-config2-bbeam1-gaokao2023en-exclusive0817,50,50,6,draft|draft_verify|target|target_rescue_verify,2067.401885986328,1330.4722309112549,3064.931631088257,2793,453,5633,54,2285,498,5,9,4
gaokao2023en,bbeam1,step-profile-config2-bbeam1-gaokao2023en-exclusive0817,50,50,7,draft|draft_verify|target|backtracking_verify,117.36750602722168,264.9850845336914,213.40489387512207,536,23,1034,14,536,23,1,2,1
gaokao2023en,bbeam1,step-profile-config2-bbeam1-gaokao2023en-exclusive0817,50,50,8,draft|draft_verify|target|target_rescue_verify,615.3135299682617,521.3971138000488,305.13715744018555,1118,132,2242,32,1118,34,2,4,2
gaokao2023en,bbeam1,step-profile-config2-bbeam1-gaokao2023en-exclusive0817,50,50,9,draft|draft_verify|target|target_rescue_verify,998.0897903442383,622.5559711456299,1435.7259273529053,1152,214,2586,36,1152,220,2,4,2
gaokao2023en,bbeam1,step-profile-config2-bbeam1-gaokao2023en-exclusive0817,50,50,10,draft|draft_verify|target|target_rescue_verify,220.3221321105957,314.62883949279785,334.65051651000977,686,46,1391,20,686,45,1,2,1
gaokao2023en,bbeam1,step-profile-config2-bbeam1-gaokao2023en-exclusive0817,50,50,11,draft|draft_verify,97.99671173095703,154.62398529052734,0.0,731,20,717,11,0,0,1,1,0
gaokao2023en,bbeam1,step-profile-config2-bbeam1-gaokao2023en-exclusive0817,50,50,12,draft|draft_verify,27.843713760375977,155.5655002593994,0.0,751,5,724,12,0,0,1,1,0
gaokao2023en,bbeam1,step-profile-config2-bbeam1-gaokao2023en-exclusive0817,50,50,13,draft|draft_verify,79.81252670288086,155.9460163116455,0.0,756,17,743,13,0,0,1,1,0
gaokao2023en,bbeam1,step-profile-config2-bbeam1-gaokao2023en-exclusive0817,51,51,1,draft|draft_verify,159.58333015441895,26.6721248626709,0.0,80,35,61,1,0,0,1,1,0
gaokao2023en,bbeam1,step-profile-config2-bbeam1-gaokao2023en-exclusive0817,51,51,2,draft|draft_verify,365.36145210266113,51.54228210449219,0.0,115,82,145,2,0,0,1,1,0
gaokao2023en,bbeam1,step-profile-config2-bbeam1-gaokao2023en-exclusive0817,51,51,3,draft|draft_verify,249.23062324523926,62.1495246887207,0.0,197,54,201,3,0,0,1,1,0
gaokao2023en,bbeam1,step-profile-config2-bbeam1-gaokao2023en-exclusive0817,51,51,4,draft|draft_verify,469.46120262145996,78.79471778869629,0.0,251,99,302,4,0,0,1,1,0
gaokao2023en,bbeam1,step-profile-config2-bbeam1-gaokao2023en-exclusive0817,51,51,5,draft|draft_verify,173.03204536437988,104.24613952636719,0.0,350,36,340,5,0,0,1,1,0
gaokao2023en,bbeam1,step-profile-config2-bbeam1-gaokao2023en-exclusive0817,51,51,6,draft|draft_verify,225.89707374572754,125.5495548248291,0.0,386,47,389,6,0,0,1,1,0
gaokao2023en,bbeam1,step-profile-config2-bbeam1-gaokao2023en-exclusive0817,51,51,7,draft|draft_verify|target|target_rescue_verify,9195.25957107544,652.8339385986328,365.29994010925293,433,2049,2882,14,433,52,1,2,1
gaokao2023en,bbeam1,step-profile-config2-bbeam1-gaokao2023en-exclusive0817,51,51,8,draft|draft_verify,85.80851554870605,128.31926345825195,0.0,485,16,461,8,0,0,1,1,0
gaokao2023en,bbeam1,step-profile-config2-bbeam1-gaokao2023en-exclusive0817,52,52,1,draft|draft_verify,260.99681854248047,30.982494354248047,0.0,91,53,90,1,0,0,1,1,0
gaokao2023en,bbeam1,step-profile-config2-bbeam1-gaokao2023en-exclusive0817,52,52,2,draft|draft_verify|target|target_rescue_verify,1520.4615592956543,190.43469429016113,257.0669651031494,144,316,537,4,144,37,1,2,1
gaokao2023en,bbeam1,step-profile-config2-bbeam1-gaokao2023en-exclusive0817,52,52,3,draft|draft_verify|target|target_rescue_verify,300.20999908447266,123.8865852355957,560.8680248260498,181,63,416,6,181,91,1,2,1
gaokao2023en,bbeam1,step-profile-config2-bbeam1-gaokao2023en-exclusive0817,52,52,4,draft|draft_verify,379.2853355407715,78.216552734375,0.0,272,80,304,4,0,0,1,1,0
gaokao2023en,bbeam1,step-profile-config2-bbeam1-gaokao2023en-exclusive0817,52,52,5,draft|draft_verify,207.27133750915527,98.87242317199707,0.0,352,43,349,5,0,0,1,1,0
gaokao2023en,bbeam1,step-profile-config2-bbeam1-gaokao2023en-exclusive0817,52,52,6,draft|draft_verify,243.52264404296875,139.38093185424805,0.0,395,45,396,6,0,0,1,1,0
gaokao2023en,bbeam1,step-profile-config2-bbeam1-gaokao2023en-exclusive0817,52,52,7,draft|draft_verify,272.58801460266113,130.6760311126709,0.0,440,55,453,7,0,0,1,1,0
gaokao2023en,bbeam1,step-profile-config2-bbeam1-gaokao2023en-exclusive0817,52,52,8,draft|draft_verify,189.50176239013672,144.2544460296631,0.0,495,38,493,8,0,0,1,1,0
gaokao2023en,bbeam1,step-profile-config2-bbeam1-gaokao2023en-exclusive0817,52,52,9,draft|draft_verify,125.89573860168457,128.7691593170166,0.0,533,25,520,9,0,0,1,1,0
gaokao2023en,bbeam1,step-profile-config2-bbeam1-gaokao2023en-exclusive0817,53,53,1,draft|draft_verify,498.66724014282227,60.25362014770508,0.0,149,106,202,1,0,0,1,1,0
gaokao2023en,bbeam1,step-profile-config2-bbeam1-gaokao2023en-exclusive0817,53,53,2,draft|draft_verify,109.51805114746094,60.76240539550781,0.0,255,21,225,2,0,0,1,1,0
gaokao2023en,bbeam1,step-profile-config2-bbeam1-gaokao2023en-exclusive0817,53,53,3,draft|draft_verify,285.82072257995605,78.54938507080078,0.0,276,60,287,3,0,0,1,1,0
gaokao2023en,bbeam1,step-profile-config2-bbeam1-gaokao2023en-exclusive0817,53,53,4,draft|draft_verify,103.98435592651367,79.41651344299316,0.0,336,21,310,4,0,0,1,1,0
gaokao2023en,bbeam1,step-profile-config2-bbeam1-gaokao2023en-exclusive0817,53,53,5,draft|draft_verify,273.76437187194824,94.27642822265625,0.0,357,57,369,5,0,0,1,1,0
gaokao2023en,bbeam1,step-profile-config2-bbeam1-gaokao2023en-exclusive0817,53,53,6,draft|draft_verify,191.25819206237793,126.95050239562988,0.0,414,40,411,6,0,0,1,1,0
gaokao2023en,bbeam1,step-profile-config2-bbeam1-gaokao2023en-exclusive0817,53,53,7,draft|draft_verify,195.33705711364746,128.04293632507324,0.0,454,40,453,7,0,0,1,1,0
gaokao2023en,bbeam1,step-profile-config2-bbeam1-gaokao2023en-exclusive0817,53,53,8,draft|draft_verify,156.84103965759277,143.99313926696777,0.0,494,33,488,8,0,0,1,1,0
gaokao2023en,bbeam1,step-profile-config2-bbeam1-gaokao2023en-exclusive0817,53,53,9,draft|draft_verify,54.62503433227539,136.40594482421875,0.0,527,11,501,9,0,0,1,1,0
gaokao2023en,bbeam1,step-profile-config2-bbeam1-gaokao2023en-exclusive0817,53,53,10,draft|draft_verify,279.67143058776855,130.78880310058594,0.0,538,58,561,10,0,0,1,1,0
gaokao2023en,bbeam1,step-profile-config2-bbeam1-gaokao2023en-exclusive0817,53,53,11,draft|draft_verify,46.31805419921875,129.61268424987793,0.0,596,9,572,11,0,0,1,1,0
gaokao2023en,bbeam1,step-profile-config2-bbeam1-gaokao2023en-exclusive0817,53,53,12,draft|draft_verify,113.9826774597168,131.8197250366211,0.0,605,23,597,12,0,0,1,1,0
gaokao2023en,bbeam1,step-profile-config2-bbeam1-gaokao2023en-exclusive0817,53,53,13,draft|draft_verify,51.64742469787598,132.9793930053711,0.0,628,10,609,13,0,0,1,1,0
gaokao2023en,bbeam1,step-profile-config2-bbeam1-gaokao2023en-exclusive0817,53,53,14,draft|draft_verify,151.51405334472656,151.88980102539062,0.0,638,31,642,14,0,0,1,1,0
gaokao2023en,bbeam1,step-profile-config2-bbeam1-gaokao2023en-exclusive0817,53,53,15,draft|draft_verify,50.217628479003906,152.49943733215332,0.0,669,10,654,15,0,0,1,1,0
gaokao2023en,bbeam1,step-profile-config2-bbeam1-gaokao2023en-exclusive0817,53,53,16,draft|draft_verify,70.58262825012207,154.13236618041992,0.0,679,14,670,16,0,0,1,1,0
gaokao2023en,bbeam1,step-profile-config2-bbeam1-gaokao2023en-exclusive0817,53,53,17,draft|draft_verify,56.99610710144043,153.38373184204102,0.0,693,11,683,17,0,0,1,1,0
gaokao2023en,bbeam1,step-profile-config2-bbeam1-gaokao2023en-exclusive0817,53,53,18,draft|draft_verify,185.76550483703613,155.75766563415527,0.0,704,38,723,18,0,0,1,1,0
gaokao2023en,bbeam1,step-profile-config2-bbeam1-gaokao2023en-exclusive0817,53,53,19,draft|draft_verify,54.04019355773926,160.38846969604492,0.0,742,10,735,19,0,0,1,1,0
gaokao2023en,bbeam1,step-profile-config2-bbeam1-gaokao2023en-exclusive0817,53,53,20,draft|draft_verify,101.47571563720703,162.93883323669434,0.0,752,17,754,20,0,0,1,1,0
gaokao2023en,bbeam1,step-profile-config2-bbeam1-gaokao2023en-exclusive0817,54,54,1,draft|draft_verify,306.34117126464844,34.946441650390625,0.0,105,58,110,1,0,0,1,1,0
gaokao2023en,bbeam1,step-profile-config2-bbeam1-gaokao2023en-exclusive0817,54,54,2,draft|draft_verify,644.2441940307617,62.02983856201172,0.0,163,131,243,2,0,0,1,1,0
gaokao2023en,bbeam1,step-profile-config2-bbeam1-gaokao2023en-exclusive0817,54,54,3,draft|draft_verify|target|target_rescue_verify,509.05680656433105,183.33840370178223,460.2177143096924,294,124,682,6,294,68,1,2,1
gaokao2023en,bbeam1,step-profile-config2-bbeam1-gaokao2023en-exclusive0817,54,54,4,draft|draft_verify|target|target_rescue_verify,4476.551532745361,459.8534107208252,2359.424352645874,362,1016,2053,8,362,407,1,2,1
gaokao2023en,bbeam1,step-profile-config2-bbeam1-gaokao2023en-exclusive0817,54,54,5,draft|draft_verify|target|target_rescue_verify,1920.6478595733643,452.52513885498047,1449.7349262237549,769,409,2094,10,769,237,1,2,1
gaokao2023en,bbeam1,step-profile-config2-bbeam1-gaokao2023en-exclusive0817,54,54,6,draft|draft_verify,117.22707748413086,202.00109481811523,0.0,1006,22,985,6,0,0,1,1,0
gaokao2023en,bbeam1,step-profile-config2-bbeam1-gaokao2023en-exclusive0817,55,55,1,draft|draft_verify,294.6138381958008,31.59642219543457,0.0,103,63,112,1,0,0,1,1,0
gaokao2023en,bbeam1,step-profile-config2-bbeam1-gaokao2023en-exclusive0817,55,55,2,draft|draft_verify,361.67263984680176,60.28413772583008,0.0,166,80,194,2,0,0,1,1,0
gaokao2023en,bbeam1,step-profile-config2-bbeam1-gaokao2023en-exclusive0817,55,55,3,draft|draft_verify,767.7199840545654,104.44402694702148,0.0,246,161,357,3,0,0,1,1,0
gaokao2023en,bbeam1,step-profile-config2-bbeam1-gaokao2023en-exclusive0817,55,55,4,draft|draft_verify|target|backtracking_verify,646.1591720581055,342.9872989654541,2822.7007389068604,407,134,1329,8,407,477,1,2,1
gaokao2023en,bbeam1,step-profile-config2-bbeam1-gaokao2023en-exclusive0817,55,55,5,draft|draft_verify|target|target_rescue_verify,1973.513126373291,742.5401210784912,11807.077646255493,541,414,3452,10,541,2049,1,2,1
gaokao2023en,bbeam1,step-profile-config2-bbeam1-gaokao2023en-exclusive0817,56,56,1,draft|draft_verify,203.33361625671387,31.33368492126465,0.0,113,44,103,1,0,0,1,1,0
gaokao2023en,bbeam1,step-profile-config2-bbeam1-gaokao2023en-exclusive0817,56,56,2,draft|draft_verify,397.8755474090576,60.204505920410156,0.0,157,88,193,2,0,0,1,1,0
gaokao2023en,bbeam1,step-profile-config2-bbeam1-gaokao2023en-exclusive0817,56,56,3,draft|draft_verify,282.99546241760254,60.617685317993164,0.0,245,47,242,3,0,0,1,1,0
gaokao2023en,bbeam1,step-profile-config2-bbeam1-gaokao2023en-exclusive0817,56,56,4,draft|draft_verify,202.8188705444336,77.74734497070312,0.0,292,32,276,4,0,0,1,1,0
gaokao2023en,bbeam1,step-profile-config2-bbeam1-gaokao2023en-exclusive0817,56,56,5,draft|draft_verify,272.5672721862793,107.67841339111328,0.0,324,55,333,5,0,0,1,1,0
gaokao2023en,bbeam1,step-profile-config2-bbeam1-gaokao2023en-exclusive0817,56,56,6,draft|draft_verify|target|target_rescue_verify,459.1546058654785,221.30966186523438,332.430362701416,379,94,807,12,379,44,1,2,1
gaokao2023en,bbeam1,step-profile-config2-bbeam1-gaokao2023en-exclusive0817,56,56,7,draft|draft_verify,166.88108444213867,125.90217590332031,0.0,423,34,415,7,0,0,1,1,0
gaokao2023en,bbeam1,step-profile-config2-bbeam1-gaokao2023en-exclusive0817,56,56,8,draft|draft_verify|target|target_rescue_verify,330.9469223022461,293.44964027404785,514.6708488464355,457,70,985,16,457,81,1,2,1
gaokao2023en,bbeam1,step-profile-config2-bbeam1-gaokao2023en-exclusive0817,56,56,9,draft|draft_verify,147.613525390625,128.8132667541504,0.0,538,28,528,9,0,0,1,1,0
gaokao2023en,bbeam1,step-profile-config2-bbeam1-gaokao2023en-exclusive0817,56,56,10,draft|draft_verify,218.30320358276367,129.52375411987305,0.0,566,46,576,10,0,0,1,1,0
gaokao2023en,bbeam1,step-profile-config2-bbeam1-gaokao2023en-exclusive0817,56,56,11,draft|draft_verify,154.00338172912598,133.21948051452637,0.0,612,28,606,11,0,0,1,1,0
gaokao2023en,bbeam1,step-profile-config2-bbeam1-gaokao2023en-exclusive0817,56,56,12,draft|draft_verify,225.01444816589355,153.4252166748047,0.0,640,46,654,12,0,0,1,1,0
gaokao2023en,bbeam1,step-profile-config2-bbeam1-gaokao2023en-exclusive0817,56,56,13,draft|draft_verify,135.04505157470703,154.34956550598145,0.0,686,28,684,13,0,0,1,1,0
gaokao2023en,bbeam1,step-profile-config2-bbeam1-gaokao2023en-exclusive0817,56,56,14,draft|draft_verify,154.32381629943848,156.37660026550293,0.0,714,30,716,14,0,0,1,1,0
gaokao2023en,bbeam1,step-profile-config2-bbeam1-gaokao2023en-exclusive0817,56,56,15,draft|draft_verify,136.43765449523926,155.2560329437256,0.0,744,28,746,15,0,0,1,1,0
gaokao2023en,bbeam1,step-profile-config2-bbeam1-gaokao2023en-exclusive0817,56,56,16,draft|draft_verify,138.50951194763184,175.41098594665527,0.0,772,30,778,16,0,0,1,1,0
gaokao2023en,bbeam1,step-profile-config2-bbeam1-gaokao2023en-exclusive0817,56,56,17,draft|draft_verify,133.52489471435547,180.3417205810547,0.0,802,28,808,17,0,0,1,1,0
gaokao2023en,bbeam1,step-profile-config2-bbeam1-gaokao2023en-exclusive0817,56,56,18,draft|draft_verify,178.61127853393555,184.54551696777344,0.0,830,38,848,18,0,0,1,1,0
gaokao2023en,bbeam1,step-profile-config2-bbeam1-gaokao2023en-exclusive0817,56,56,19,draft|draft_verify,137.86816596984863,178.4811019897461,0.0,868,28,878,19,0,0,1,1,0
gaokao2023en,bbeam1,step-profile-config2-bbeam1-gaokao2023en-exclusive0817,56,56,20,draft|draft_verify,244.6885108947754,202.2237777709961,0.0,896,38,918,20,0,0,1,1,0
gaokao2023en,bbeam1,step-profile-config2-bbeam1-gaokao2023en-exclusive0817,56,56,21,draft|draft_verify,278.00941467285156,207.98540115356445,0.0,934,43,963,21,0,0,1,1,0
gaokao2023en,bbeam1,step-profile-config2-bbeam1-gaokao2023en-exclusive0817,56,56,22,draft|draft_verify,211.54522895812988,204.09250259399414,0.0,977,33,998,22,0,0,1,1,0
gaokao2023en,bbeam1,step-profile-config2-bbeam1-gaokao2023en-exclusive0817,56,56,23,draft|draft_verify,275.4216194152832,228.69110107421875,0.0,1010,43,1043,23,0,0,1,1,0
gaokao2023en,bbeam1,step-profile-config2-bbeam1-gaokao2023en-exclusive0817,56,56,24,draft|draft_verify,155.05170822143555,230.24678230285645,0.0,1053,33,1078,24,0,0,1,1,0
gaokao2023en,bbeam1,step-profile-config2-bbeam1-gaokao2023en-exclusive0817,56,56,25,draft|draft_verify,205.09576797485352,234.11941528320312,0.0,1086,43,1123,25,0,0,1,1,0
gaokao2023en,bbeam1,step-profile-config2-bbeam1-gaokao2023en-exclusive0817,56,56,26,draft|draft_verify,173.45833778381348,259.22465324401855,0.0,1129,33,1158,26,0,0,1,1,0
gaokao2023en,bbeam1,step-profile-config2-bbeam1-gaokao2023en-exclusive0817,56,56,27,draft|draft_verify,222.43857383728027,256.572961807251,0.0,1162,44,1204,27,0,0,1,1,0
gaokao2023en,bbeam1,step-profile-config2-bbeam1-gaokao2023en-exclusive0817,56,56,28,draft|draft_verify,169.57855224609375,265.46597480773926,0.0,1206,33,1239,28,0,0,1,1,0
gaokao2023en,bbeam1,step-profile-config2-bbeam1-gaokao2023en-exclusive0817,56,56,29,draft|draft_verify,216.4475917816162,275.9726047515869,0.0,1239,44,1285,29,0,0,1,1,0
gaokao2023en,bbeam1,step-profile-config2-bbeam1-gaokao2023en-exclusive0817,56,56,30,draft|draft_verify,165.94338417053223,278.78284454345703,0.0,1283,34,1321,30,0,0,1,1,0
gaokao2023en,bbeam1,step-profile-config2-bbeam1-gaokao2023en-exclusive0817,56,56,31,draft|draft_verify,217.81229972839355,281.721830368042,0.0,1317,44,1367,31,0,0,1,1,0
gaokao2023en,bbeam1,step-profile-config2-bbeam1-gaokao2023en-exclusive0817,56,56,32,draft|draft_verify,165.68732261657715,282.1207046508789,0.0,1361,34,1403,32,0,0,1,1,0
gaokao2023en,bbeam1,step-profile-config2-bbeam1-gaokao2023en-exclusive0817,56,56,33,draft|draft_verify,236.20200157165527,314.03541564941406,0.0,1395,44,1449,33,0,0,1,1,0
gaokao2023en,bbeam1,step-profile-config2-bbeam1-gaokao2023en-exclusive0817,56,56,34,draft|draft_verify,182.76739120483398,315.90747833251953,0.0,1439,34,1485,34,0,0,1,1,0
gaokao2023en,bbeam1,step-profile-config2-bbeam1-gaokao2023en-exclusive0817,56,56,35,draft|draft_verify,234.25817489624023,320.13511657714844,0.0,1473,44,1531,35,0,0,1,1,0
gaokao2023en,bbeam1,step-profile-config2-bbeam1-gaokao2023en-exclusive0817,56,56,36,draft|draft_verify,182.48248100280762,333.80627632141113,0.0,1517,34,1567,36,0,0,1,1,0
gaokao2023en,bbeam1,step-profile-config2-bbeam1-gaokao2023en-exclusive0817,56,56,37,draft|draft_verify,207.01313018798828,336.9770050048828,0.0,1551,44,1613,37,0,0,1,1,0
gaokao2023en,bbeam1,step-profile-config2-bbeam1-gaokao2023en-exclusive0817,56,56,38,draft|draft_verify,168.5318946838379,330.72876930236816,0.0,1595,33,1648,38,0,0,1,1,0
gaokao2023en,bbeam1,step-profile-config2-bbeam1-gaokao2023en-exclusive0817,56,56,39,draft|draft_verify,218.15228462219238,353.2693386077881,0.0,1628,44,1694,39,0,0,1,1,0
gaokao2023en,bbeam1,step-profile-config2-bbeam1-gaokao2023en-exclusive0817,56,56,40,draft|draft_verify,170.7601547241211,365.60988426208496,0.0,1672,33,1729,40,0,0,1,1,0
gaokao2023en,bbeam1,step-profile-config2-bbeam1-gaokao2023en-exclusive0817,56,56,41,draft|draft_verify,216.34793281555176,370.12434005737305,0.0,1705,44,1775,41,0,0,1,1,0
gaokao2023en,bbeam1,step-profile-config2-bbeam1-gaokao2023en-exclusive0817,56,56,42,draft|draft_verify,178.02882194519043,400.7129669189453,0.0,1749,33,1810,42,0,0,1,1,0
gaokao2023en,bbeam1,step-profile-config2-bbeam1-gaokao2023en-exclusive0817,56,56,43,draft|draft_verify,214.7514820098877,396.97909355163574,0.0,1782,44,1856,43,0,0,1,1,0
gaokao2023en,bbeam1,step-profile-config2-bbeam1-gaokao2023en-exclusive0817,56,56,44,draft|draft_verify,161.8359088897705,396.64483070373535,0.0,1826,33,1891,44,0,0,1,1,0
gaokao2023en,bbeam1,step-profile-config2-bbeam1-gaokao2023en-exclusive0817,56,56,45,draft|draft_verify,215.1038646697998,406.75973892211914,0.0,1859,44,1937,45,0,0,1,1,0
gaokao2023en,bbeam1,step-profile-config2-bbeam1-gaokao2023en-exclusive0817,56,56,46,draft|draft_verify,174.38077926635742,412.25457191467285,0.0,1903,33,1972,46,0,0,1,1,0
gaokao2023en,bbeam1,step-profile-config2-bbeam1-gaokao2023en-exclusive0817,56,56,47,draft|draft_verify,227.25200653076172,412.8859043121338,0.0,1936,44,2018,47,0,0,1,1,0
gaokao2023en,bbeam1,step-profile-config2-bbeam1-gaokao2023en-exclusive0817,56,56,48,draft|draft_verify,170.8540916442871,439.84127044677734,0.0,1980,33,2053,48,0,0,1,1,0
gaokao2023en,bbeam1,step-profile-config2-bbeam1-gaokao2023en-exclusive0817,56,56,49,draft|draft_verify,233.3698272705078,442.07215309143066,0.0,2013,44,2099,49,0,0,1,1,0
gaokao2023en,bbeam1,step-profile-config2-bbeam1-gaokao2023en-exclusive0817,57,57,1,draft|draft_verify|target|target_rescue_verify,324.45621490478516,64.09430503845215,436.4776611328125,101,72,233,2,101,67,1,2,1
gaokao2023en,bbeam1,step-profile-config2-bbeam1-gaokao2023en-exclusive0817,57,57,2,draft|draft_verify|target|target_rescue_verify,456.5143585205078,132.71307945251465,697.0534324645996,168,105,451,4,168,114,1,2,1
gaokao2023en,bbeam1,step-profile-config2-bbeam1-gaokao2023en-exclusive0817,57,57,3,draft|draft_verify|target|target_rescue_verify,485.91089248657227,233.23655128479004,1329.6105861663818,282,113,782,6,282,205,1,2,1
gaokao2023en,bbeam1,step-profile-config2-bbeam1-gaokao2023en-exclusive0817,57,57,4,draft|draft_verify|target|target_rescue_verify,9674.16763305664,646.6310024261475,605.9062480926514,487,2049,3015,8,487,89,1,2,1
gaokao2023en,bbeam1,step-profile-config2-bbeam1-gaokao2023en-exclusive0817,57,57,5,draft|draft_verify|target|target_rescue_verify,746.8795776367188,344.1767692565918,1624.4828701019287,576,158,1489,10,576,271,1,2,1
gaokao2023en,bbeam1,step-profile-config2-bbeam1-gaokao2023en-exclusive0817,58,58,1,draft|draft_verify|target|target_rescue_verify,681.4389228820801,144.20604705810547,415.0247573852539,206,136,504,2,206,64,1,2,1
gaokao2023en,bbeam1,step-profile-config2-bbeam1-gaokao2023en-exclusive0817,58,58,2,draft|draft_verify|target|backtracking_verify,330.86299896240234,161.09824180603027,661.8368625640869,270,69,595,4,270,90,1,2,1
gaokao2023en,bbeam1,step-profile-config2-bbeam1-gaokao2023en-exclusive0817,58,58,3,draft|draft_verify|target|target_rescue_verify,1387.5484466552734,566.8580532073975,2264.9147510528564,699,289,1864,12,699,377,2,4,2
gaokao2023en,bbeam1,step-profile-config2-bbeam1-gaokao2023en-exclusive0817,58,58,4,draft|draft_verify|target|target_rescue_verify,2750.732183456421,818.7963962554932,6533.01739692688,1076,602,3642,16,1076,1080,2,4,2
gaokao2023en,bbeam1,step-profile-config2-bbeam1-gaokao2023en-exclusive0817,58,58,5,draft|draft_verify|target|target_rescue_verify,4167.689085006714,556.3483238220215,1062.2100830078125,781,840,2480,10,781,170,1,2,1
gaokao2023en,bbeam1,step-profile-config2-bbeam1-gaokao2023en-exclusive0817,58,58,6,draft|draft_verify|target|target_rescue_verify,9412.480115890503,1060.2905750274658,6510.531425476074,951,2049,4980,12,951,1118,1,2,1
gaokao2023en,bbeam1,step-profile-config2-bbeam1-gaokao2023en-exclusive0817,59,59,1,draft|draft_verify,137.15052604675293,32.8369140625,0.0,73,30,50,1,0,0,1,1,0
gaokao2023en,bbeam1,step-profile-config2-bbeam1-gaokao2023en-exclusive0817,59,59,2,draft|draft_verify,875.6308555603027,61.1271858215332,0.0,103,186,238,2,0,0,1,1,0
gaokao2023en,bbeam1,step-profile-config2-bbeam1-gaokao2023en-exclusive0817,59,59,3,draft|draft_verify,161.31019592285156,77.46553421020508,0.0,289,33,273,3,0,0,1,1,0
gaokao2023en,bbeam1,step-profile-config2-bbeam1-gaokao2023en-exclusive0817,59,59,4,draft|draft_verify,79.32162284851074,77.59737968444824,0.0,322,15,290,4,0,0,1,1,0
gaokao2023en,bbeam1,step-profile-config2-bbeam1-gaokao2023en-exclusive0817,60,60,1,draft|draft_verify,338.3824825286865,35.17746925354004,0.0,102,70,118,1,0,0,1,1,0
gaokao2023en,bbeam1,step-profile-config2-bbeam1-gaokao2023en-exclusive0817,60,60,2,draft|draft_verify,469.73323822021484,68.17960739135742,0.0,172,91,211,2,0,0,1,1,0
gaokao2023en,bbeam1,step-profile-config2-bbeam1-gaokao2023en-exclusive0817,60,60,3,draft|draft_verify,185.8658790588379,68.31908226013184,0.0,263,34,247,3,0,0,1,1,0
gaokao2023en,bbeam1,step-profile-config2-bbeam1-gaokao2023en-exclusive0817,60,60,4,draft|draft_verify|target|backtracking_verify,29.94990348815918,152.7559757232666,351.28307342529297,297,6,558,8,297,54,1,2,1
gaokao2023en,bbeam1,step-profile-config2-bbeam1-gaokao2023en-exclusive0817,60,60,5,draft|draft_verify|target|target_rescue_verify,1263.6818885803223,313.690185546875,515.5346393585205,654,278,1176,15,303,79,2,3,1
gaokao2023en,bbeam1,step-profile-config2-bbeam1-gaokao2023en-exclusive0817,60,60,6,draft|draft_verify|target|backtracking_verify|target_rescue_verify,694.3309307098389,489.97950553894043,634.4695091247559,788,137,1632,24,788,95,2,4,2
gaokao2023en,bbeam1,step-profile-config2-bbeam1-gaokao2023en-exclusive0817,60,60,7,draft|draft_verify|target|target_rescue_verify,1053.9724826812744,529.0811061859131,1324.1500854492188,888,229,2053,28,888,216,2,4,2
gaokao2023en,bbeam1,step-profile-config2-bbeam1-gaokao2023en-exclusive0817,61,61,1,draft|draft_verify,101.87745094299316,31.244516372680664,0.0,133,22,101,1,0,0,1,1,0
gaokao2023en,bbeam1,step-profile-config2-bbeam1-gaokao2023en-exclusive0817,61,61,2,draft|draft_verify,267.67826080322266,51.71775817871094,0.0,155,59,162,2,0,0,1,1,0
gaokao2023en,bbeam1,step-profile-config2-bbeam1-gaokao2023en-exclusive0817,61,61,3,draft|draft_verify,544.5153713226318,78.11927795410156,0.0,214,119,283,3,0,0,1,1,0
gaokao2023en,bbeam1,step-profile-config2-bbeam1-gaokao2023en-exclusive0817,61,61,4,draft|draft_verify|target|target_rescue_verify,565.2790069580078,243.29113960266113,545.8495616912842,333,128,782,8,333,84,1,2,1
gaokao2023en,bbeam1,step-profile-config2-bbeam1-gaokao2023en-exclusive0817,61,61,5,draft|draft_verify,587.1062278747559,144.14334297180176,0.0,417,125,496,5,0,0,1,1,0
gaokao2023en,bbeam1,step-profile-config2-bbeam1-gaokao2023en-exclusive0817,61,61,6,draft|draft_verify,277.9526710510254,128.64971160888672,0.0,542,58,556,6,0,0,1,1,0
gaokao2023en,bbeam1,step-profile-config2-bbeam1-gaokao2023en-exclusive0817,61,61,7,draft|draft_verify,205.69539070129395,133.46242904663086,0.0,600,42,600,7,0,0,1,1,0
gaokao2023en,bbeam1,step-profile-config2-bbeam1-gaokao2023en-exclusive0817,62,62,1,draft|draft_verify,354.21061515808105,31.316041946411133,0.0,92,81,119,1,0,0,1,1,0
gaokao2023en,bbeam1,step-profile-config2-bbeam1-gaokao2023en-exclusive0817,62,62,2,draft|draft_verify|target|backtracking_verify,516.0439014434814,199.47361946105957,2727.65851020813,173,118,809,4,173,449,1,2,1
gaokao2023en,bbeam1,step-profile-config2-bbeam1-gaokao2023en-exclusive0817,62,62,3,draft|draft_verify|target|target_rescue_verify,866.2126064300537,218.8584804534912,487.32995986938477,291,192,749,6,291,75,1,2,1
gaokao2023en,bbeam1,step-profile-config2-bbeam1-gaokao2023en-exclusive0817,62,62,4,draft|draft_verify|target|backtracking_verify,436.82098388671875,253.77798080444336,754.2517185211182,366,93,845,8,366,116,1,2,1
gaokao2023en,bbeam1,step-profile-config2-bbeam1-gaokao2023en-exclusive0817,62,62,5,draft|draft_verify|target|target_rescue_verify,714.3783569335938,528.702974319458,1795.7491874694824,941,152,2132,20,941,282,2,4,2
gaokao2023en,bbeam1,step-profile-config2-bbeam1-gaokao2023en-exclusive0817,62,62,6,draft|draft_verify|target|target_rescue_verify,1028.8722515106201,608.7226867675781,1889.4710540771484,1223,216,2791,24,1223,305,2,4,2
gaokao2023en,bbeam1,step-profile-config2-bbeam1-gaokao2023en-exclusive0817,62,62,7,draft|draft_verify|target|target_rescue_verify,277.3771286010742,342.2067165374756,518.6166763305664,756,57,1563,14,756,78,1,2,1
gaokao2023en,bbeam1,step-profile-config2-bbeam1-gaokao2023en-exclusive0817,63,63,1,draft|draft_verify,853.7266254425049,92.40865707397461,0.0,149,173,268,1,0,0,1,1,0
gaokao2023en,bbeam1,step-profile-config2-bbeam1-gaokao2023en-exclusive0817,63,63,2,draft|draft_verify,176.04756355285645,80.40213584899902,0.0,322,37,307,2,0,0,1,1,0
gaokao2023en,bbeam1,step-profile-config2-bbeam1-gaokao2023en-exclusive0817,63,63,3,draft|draft_verify,111.18316650390625,93.74094009399414,0.0,359,23,332,3,0,0,1,1,0
gaokao2023en,bbeam1,step-profile-config2-bbeam1-gaokao2023en-exclusive0817,63,63,4,draft|draft_verify,45.983076095581055,92.50712394714355,0.0,382,9,343,4,0,0,1,1,0
gaokao2023en,bbeam1,step-profile-config2-bbeam1-gaokao2023en-exclusive0817,63,63,5,draft|draft_verify,397.85146713256836,126.96242332458496,0.0,391,79,424,5,0,0,1,1,0
gaokao2023en,bbeam1,step-profile-config2-bbeam1-gaokao2023en-exclusive0817,63,63,6,draft|draft_verify,167.4952507019043,127.3813247680664,0.0,470,35,461,6,0,0,1,1,0
gaokao2023en,bbeam1,step-profile-config2-bbeam1-gaokao2023en-exclusive0817,63,63,7,draft|draft_verify,285.5353355407715,127.9916763305664,0.0,505,53,516,7,0,0,1,1,0
gaokao2023en,bbeam1,step-profile-config2-bbeam1-gaokao2023en-exclusive0817,63,63,8,draft|draft_verify,221.51541709899902,130.3110122680664,0.0,558,47,565,8,0,0,1,1,0
gaokao2023en,bbeam1,step-profile-config2-bbeam1-gaokao2023en-exclusive0817,63,63,9,draft|draft_verify|target|target_rescue_verify,486.61279678344727,311.0067844390869,943.0828094482422,605,109,1390,18,605,147,1,2,1
gaokao2023en,bbeam1,step-profile-config2-bbeam1-gaokao2023en-exclusive0817,63,63,10,draft|draft_verify,77.59213447570801,155.57479858398438,0.0,752,13,729,10,0,0,1,1,0
gaokao2023en,bbeam1,step-profile-config2-bbeam1-gaokao2023en-exclusive0817,63,63,11,draft|draft_verify,576.9786834716797,180.7842254638672,0.0,765,112,843,11,0,0,1,1,0
gaokao2023en,bbeam1,step-profile-config2-bbeam1-gaokao2023en-exclusive0817,63,63,12,draft|draft_verify,149.95384216308594,178.89833450317383,0.0,877,30,875,12,0,0,1,1,0
gaokao2023en,bbeam1,step-profile-config2-bbeam1-gaokao2023en-exclusive0817,63,63,13,draft|draft_verify,549.659252166748,201.64966583251953,0.0,907,121,998,13,0,0,1,1,0
gaokao2023en,bbeam1,step-profile-config2-bbeam1-gaokao2023en-exclusive0817,63,63,14,draft|draft_verify|target|target_rescue_verify,362.17665672302246,460.85119247436523,622.3104000091553,1028,77,2173,28,1028,96,1,2,1
gaokao2023en,bbeam1,step-profile-config2-bbeam1-gaokao2023en-exclusive0817,63,63,15,draft|draft_verify,430.1180839538574,256.4735412597656,0.0,1124,92,1190,15,0,0,1,1,0
gaokao2023en,bbeam1,step-profile-config2-bbeam1-gaokao2023en-exclusive0817,63,63,16,draft|draft_verify,59.35382843017578,256.92105293273926,0.0,1216,12,1204,16,0,0,1,1,0
gaokao2023en,bbeam1,step-profile-config2-bbeam1-gaokao2023en-exclusive0817,63,63,17,draft|draft_verify,301.29480361938477,257.7173709869385,0.0,1228,68,1274,17,0,0,1,1,0
gaokao2023en,bbeam1,step-profile-config2-bbeam1-gaokao2023en-exclusive0817,63,63,18,draft|draft_verify,77.87442207336426,277.99463272094727,0.0,1296,17,1293,18,0,0,1,1,0
gaokao2023en,bbeam1,step-profile-config2-bbeam1-gaokao2023en-exclusive0817,63,63,19,draft|draft_verify,245.30267715454102,279.2491912841797,0.0,1313,53,1348,19,0,0,1,1,0
gaokao2023en,bbeam1,step-profile-config2-bbeam1-gaokao2023en-exclusive0817,63,63,20,draft|draft_verify,165.6169891357422,281.53038024902344,0.0,1366,29,1379,20,0,0,1,1,0
gaokao2023en,bbeam1,step-profile-config2-bbeam1-gaokao2023en-exclusive0817,63,63,21,draft|draft_verify,321.33007049560547,311.73110008239746,0.0,1395,58,1439,21,0,0,1,1,0
gaokao2023en,bbeam1,step-profile-config2-bbeam1-gaokao2023en-exclusive0817,63,63,22,draft|draft_verify,69.16522979736328,311.5880489349365,0.0,1453,13,1454,22,0,0,1,1,0
gaokao2023en,bbeam1,step-profile-config2-bbeam1-gaokao2023en-exclusive0817,63,63,23,draft|draft_verify,787.6784801483154,332.9646587371826,0.0,1466,172,1628,23,0,0,1,1,0
gaokao2023en,bbeam1,step-profile-config2-bbeam1-gaokao2023en-exclusive0817,63,63,24,draft|draft_verify,46.932220458984375,334.72466468811035,0.0,1638,7,1637,24,0,0,1,1,0
gaokao2023en,bbeam1,step-profile-config2-bbeam1-gaokao2023en-exclusive0817,63,63,25,draft|draft_verify,10157.454252243042,765.758752822876,0.0,1645,2048,3687,25,0,0,1,1,0
gaokao2023en,bbeam1,step-profile-config2-bbeam1-gaokao2023en-exclusive0817,64,64,1,draft|draft_verify,235.55541038513184,29.101848602294922,0.0,88,51,85,1,0,0,1,1,0
gaokao2023en,bbeam1,step-profile-config2-bbeam1-gaokao2023en-exclusive0817,64,64,2,draft|draft_verify|target|target_rescue_verify,1751.4927387237549,242.57254600524902,1443.2759284973145,139,369,784,4,139,241,1,2,1
gaokao2023en,bbeam1,step-profile-config2-bbeam1-gaokao2023en-exclusive0817,64,64,3,draft|draft_verify|target|target_rescue_verify,9410.351514816284,712.7914428710938,2929.1763305664062,380,2049,3213,6,380,505,1,2,1
gaokao2023en,bbeam1,step-profile-config2-bbeam1-gaokao2023en-exclusive0817,65,65,1,draft|draft_verify,197.8127956390381,29.74534034729004,0.0,94,45,86,1,0,0,1,1,0
gaokao2023en,bbeam1,step-profile-config2-bbeam1-gaokao2023en-exclusive0817,65,65,2,draft|draft_verify,263.5459899902344,50.824880599975586,0.0,139,66,154,2,0,0,1,1,0
gaokao2023en,bbeam1,step-profile-config2-bbeam1-gaokao2023en-exclusive0817,65,65,3,draft|draft_verify,153.39279174804688,58.44879150390625,0.0,205,32,188,3,0,0,1,1,0
gaokao2023en,bbeam1,step-profile-config2-bbeam1-gaokao2023en-exclusive0817,65,65,4,draft|draft_verify,136.3050937652588,61.20157241821289,0.0,237,30,220,4,0,0,1,1,0
gaokao2023en,bbeam1,step-profile-config2-bbeam1-gaokao2023en-exclusive0817,65,65,5,draft|draft_verify,173.6757755279541,64.68772888183594,0.0,267,34,256,5,0,0,1,1,0
gaokao2023en,bbeam1,step-profile-config2-bbeam1-gaokao2023en-exclusive0817,65,65,6,draft|draft_verify,149.0347385406494,79.5736312866211,0.0,301,31,289,6,0,0,1,1,0
gaokao2023en,bbeam1,step-profile-config2-bbeam1-gaokao2023en-exclusive0817,65,65,7,draft|draft_verify,154.50406074523926,82.77463912963867,0.0,332,28,319,7,0,0,1,1,0
gaokao2023en,bbeam1,step-profile-config2-bbeam1-gaokao2023en-exclusive0817,65,65,8,draft|draft_verify,139.3439769744873,98.0064868927002,0.0,360,27,348,8,0,0,1,1,0
gaokao2023en,bbeam1,step-profile-config2-bbeam1-gaokao2023en-exclusive0817,65,65,9,draft|draft_verify,142.85016059875488,94.27165985107422,0.0,387,27,377,9,0,0,1,1,0
gaokao2023en,bbeam1,step-profile-config2-bbeam1-gaokao2023en-exclusive0817,65,65,10,draft|draft_verify,120.67055702209473,126.50084495544434,0.0,414,24,403,10,0,0,1,1,0
gaokao2023en,bbeam1,step-profile-config2-bbeam1-gaokao2023en-exclusive0817,65,65,11,draft|draft_verify,125.00977516174316,128.21650505065918,0.0,438,24,429,11,0,0,1,1,0
gaokao2023en,bbeam1,step-profile-config2-bbeam1-gaokao2023en-exclusive0817,65,65,12,draft|draft_verify|target|backtracking_verify,602.7536392211914,264.3256187438965,306.86235427856445,462,116,1018,24,462,40,1,2,1
gaokao2023en,bbeam1,step-profile-config2-bbeam1-gaokao2023en-exclusive0817,65,65,13,draft|draft_verify|target|backtracking_verify,312.3805522918701,409.5582962036133,162.83822059631348,1080,55,1645,39,578,19,2,3,1
gaokao2023en,bbeam1,step-profile-config2-bbeam1-gaokao2023en-exclusive0817,65,65,14,draft|draft_verify|target|target_rescue_verify,597.3925590515137,663.7136936187744,426.0129928588867,1732,100,2943,70,1194,52,3,5,2
gaokao2023en,bbeam1,step-profile-config2-bbeam1-gaokao2023en-exclusive0817,65,65,15,draft|draft_verify,163.21420669555664,133.35680961608887,0.0,574,34,583,15,0,0,1,1,0
gaokao2023en,bbeam1,step-profile-config2-bbeam1-gaokao2023en-exclusive0817,65,65,16,draft|draft_verify,159.47437286376953,134.95945930480957,0.0,608,29,614,16,0,0,1,1,0
gaokao2023en,bbeam1,step-profile-config2-bbeam1-gaokao2023en-exclusive0817,65,65,17,draft|draft_verify,114.3035888671875,133.6832046508789,0.0,637,18,634,17,0,0,1,1,0
gaokao2023en,bbeam1,step-profile-config2-bbeam1-gaokao2023en-exclusive0817,65,65,18,draft|draft_verify,120.3911304473877,156.07571601867676,0.0,655,22,658,18,0,0,1,1,0
gaokao2023en,bbeam1,step-profile-config2-bbeam1-gaokao2023en-exclusive0817,66,66,1,draft|draft_verify,386.25407218933105,66.21479988098145,0.0,113,74,133,1,0,0,1,1,0
gaokao2023en,bbeam1,step-profile-config2-bbeam1-gaokao2023en-exclusive0817,66,66,2,draft|draft_verify,84.29455757141113,62.14332580566406,0.0,187,17,152,2,0,0,1,1,0
gaokao2023en,bbeam1,step-profile-config2-bbeam1-gaokao2023en-exclusive0817,66,66,3,draft|draft_verify,158.2348346710205,57.94239044189453,0.0,204,34,188,3,0,0,1,1,0
gaokao2023en,bbeam1,step-profile-config2-bbeam1-gaokao2023en-exclusive0817,66,66,4,draft|draft_verify|target|backtracking_verify,579.3864727020264,181.18977546691895,954.8919200897217,238,105,644,8,238,159,1,2,1
gaokao2023en,bbeam1,step-profile-config2-bbeam1-gaokao2023en-exclusive0817,66,66,5,draft|draft_verify|target|target_rescue_verify,757.296085357666,394.20509338378906,1290.3366088867188,740,133,1294,15,343,216,2,3,1
gaokao2023en,bbeam1,step-profile-config2-bbeam1-gaokao2023en-exclusive0817,66,66,6,draft|draft_verify,766.8123245239258,128.22461128234863,0.0,432,135,523,6,0,0,1,1,0
gaokao2023en,bbeam1,step-profile-config2-bbeam1-gaokao2023en-exclusive0817,66,66,7,draft|draft_verify,209.72871780395508,129.32944297790527,0.0,567,45,570,7,0,0,1,1,0
gaokao2023en,bbeam1,step-profile-config2-bbeam1-gaokao2023en-exclusive0817,66,66,8,draft|draft_verify,249.8941421508789,132.92837142944336,0.0,612,54,626,8,0,0,1,1,0
gaokao2023en,bbeam1,step-profile-config2-bbeam1-gaokao2023en-exclusive0817,66,66,9,draft|draft_verify,222.25713729858398,152.64248847961426,0.0,666,50,678,9,0,0,1,1,0
gaokao2023en,bbeam1,step-profile-config2-bbeam1-gaokao2023en-exclusive0817,66,66,10,draft|draft_verify|target|target_rescue_verify,618.5946464538574,335.21413803100586,397.31502532958984,716,130,1543,20,716,53,1,2,1
gaokao2023en,bbeam1,step-profile-config2-bbeam1-gaokao2023en-exclusive0817,66,66,11,draft|draft_verify,290.86828231811523,175.63104629516602,0.0,769,59,794,11,0,0,1,1,0
gaokao2023en,bbeam1,step-profile-config2-bbeam1-gaokao2023en-exclusive0817,66,66,12,draft|draft_verify|target|target_rescue_verify,134.4125270843506,366.32347106933594,230.93533515930176,828,28,1650,24,828,30,1,2,1
gaokao2023en,bbeam1,step-profile-config2-bbeam1-gaokao2023en-exclusive0817,66,66,13,draft|draft_verify,267.0462131500244,178.87234687805176,0.0,858,56,884,13,0,0,1,1,0
gaokao2023en,bbeam1,step-profile-config2-bbeam1-gaokao2023en-exclusive0817,66,66,14,draft|draft_verify|target|backtracking_verify,275.6056785583496,407.38630294799805,360.5799674987793,914,59,1884,28,914,53,1,2,1
gaokao2023en,bbeam1,step-profile-config2-bbeam1-gaokao2023en-exclusive0817,66,66,15,draft|draft_verify|target|target_rescue_verify,368.5643672943115,617.9335117340088,180.79447746276855,1940,77,2934,45,973,22,2,3,1
gaokao2023en,bbeam1,step-profile-config2-bbeam1-gaokao2023en-exclusive0817,66,66,16,draft|draft_verify,144.91677284240723,221.9717502593994,0.0,1026,30,1032,16,0,0,1,1,0
gaokao2023en,bbeam1,step-profile-config2-bbeam1-gaokao2023en-exclusive0817,66,66,17,draft|draft_verify,243.4842586517334,230.5457592010498,0.0,1056,56,1090,17,0,0,1,1,0
gaokao2023en,bbeam1,step-profile-config2-bbeam1-gaokao2023en-exclusive0817,66,66,18,draft|draft_verify,242.79499053955078,232.13911056518555,0.0,1112,53,1145,18,0,0,1,1,0
gaokao2023en,bbeam1,step-profile-config2-bbeam1-gaokao2023en-exclusive0817,66,66,19,draft|draft_verify,280.5147171020508,257.86638259887695,0.0,1165,59,1206,19,0,0,1,1,0
gaokao2023en,bbeam1,step-profile-config2-bbeam1-gaokao2023en-exclusive0817,66,66,20,draft|draft_verify,144.03867721557617,261.4750862121582,0.0,1224,30,1238,20,0,0,1,1,0
gaokao2023en,bbeam1,step-profile-config2-bbeam1-gaokao2023en-exclusive0817,66,66,21,draft|draft_verify,252.26998329162598,275.50601959228516,0.0,1254,56,1296,21,0,0,1,1,0
gaokao2023en,bbeam1,step-profile-config2-bbeam1-gaokao2023en-exclusive0817,66,66,22,draft|draft_verify,252.01940536499023,278.7027359008789,0.0,1310,53,1351,22,0,0,1,1,0
gaokao2023en,bbeam1,step-profile-config2-bbeam1-gaokao2023en-exclusive0817,66,66,23,draft|draft_verify,283.0471992492676,307.572603225708,0.0,1363,59,1412,23,0,0,1,1,0
gaokao2023en,bbeam1,step-profile-config2-bbeam1-gaokao2023en-exclusive0817,66,66,24,draft|draft_verify,146.6832160949707,308.93468856811523,0.0,1422,30,1444,24,0,0,1,1,0
gaokao2023en,bbeam1,step-profile-config2-bbeam1-gaokao2023en-exclusive0817,66,66,25,draft|draft_verify,268.8479423522949,314.50581550598145,0.0,1452,56,1502,25,0,0,1,1,0
gaokao2023en,bbeam1,step-profile-config2-bbeam1-gaokao2023en-exclusive0817,66,66,26,draft|draft_verify,248.94165992736816,331.9101333618164,0.0,1508,53,1557,26,0,0,1,1,0
gaokao2023en,bbeam1,step-profile-config2-bbeam1-gaokao2023en-exclusive0817,66,66,27,draft|draft_verify,278.00583839416504,335.33549308776855,0.0,1561,59,1618,27,0,0,1,1,0
gaokao2023en,bbeam1,step-profile-config2-bbeam1-gaokao2023en-exclusive0817,66,66,28,draft|draft_verify,143.43523979187012,330.3093910217285,0.0,1620,30,1650,28,0,0,1,1,0
gaokao2023en,bbeam1,step-profile-config2-bbeam1-gaokao2023en-exclusive0817,66,66,29,draft|draft_verify,271.3334560394287,356.1384677886963,0.0,1650,56,1708,29,0,0,1,1,0
gaokao2023en,bbeam1,step-profile-config2-bbeam1-gaokao2023en-exclusive0817,66,66,30,draft|draft_verify,255.57827949523926,368.25060844421387,0.0,1706,53,1763,30,0,0,1,1,0
gaokao2023en,bbeam1,step-profile-config2-bbeam1-gaokao2023en-exclusive0817,66,66,31,draft|draft_verify,290.07887840270996,394.2294120788574,0.0,1759,59,1824,31,0,0,1,1,0
gaokao2023en,bbeam1,step-profile-config2-bbeam1-gaokao2023en-exclusive0817,66,66,32,draft|draft_verify,143.85366439819336,396.79670333862305,0.0,1818,30,1856,32,0,0,1,1,0
gaokao2023en,bbeam1,step-profile-config2-bbeam1-gaokao2023en-exclusive0817,66,66,33,draft|draft_verify,252.20179557800293,397.1884250640869,0.0,1848,56,1914,33,0,0,1,1,0
gaokao2023en,bbeam1,step-profile-config2-bbeam1-gaokao2023en-exclusive0817,66,66,34,draft|draft_verify,235.5940341949463,407.012939453125,0.0,1904,53,1969,34,0,0,1,1,0
gaokao2023en,bbeam1,step-profile-config2-bbeam1-gaokao2023en-exclusive0817,66,66,35,draft|draft_verify,281.36539459228516,410.7804298400879,0.0,1957,59,2030,35,0,0,1,1,0
gaokao2023en,bbeam1,step-profile-config2-bbeam1-gaokao2023en-exclusive0817,66,66,36,draft|draft_verify,148.07629585266113,439.32509422302246,0.0,2016,30,2062,36,0,0,1,1,0
gaokao2023en,bbeam1,step-profile-config2-bbeam1-gaokao2023en-exclusive0817,66,66,37,draft|draft_verify,265.669584274292,456.67409896850586,0.0,2046,56,2120,37,0,0,1,1,0
gaokao2023en,bbeam1,step-profile-config2-bbeam1-gaokao2023en-exclusive0817,67,67,1,draft|draft_verify,317.61980056762695,50.5375862121582,0.0,119,71,137,1,0,0,1,1,0
gaokao2023en,bbeam1,step-profile-config2-bbeam1-gaokao2023en-exclusive0817,67,67,2,draft|draft_verify,449.19300079345703,60.5778694152832,0.0,190,99,237,2,0,0,1,1,0
gaokao2023en,bbeam1,step-profile-config2-bbeam1-gaokao2023en-exclusive0817,67,67,3,draft|draft_verify|target|target_rescue_verify,520.8899974822998,191.20359420776367,761.6233825683594,289,114,708,6,289,118,1,2,1
gaokao2023en,bbeam1,step-profile-config2-bbeam1-gaokao2023en-exclusive0817,67,67,4,draft|draft_verify,752.9165744781494,129.35209274291992,0.0,407,161,518,4,0,0,1,1,0
gaokao2023en,bbeam1,step-profile-config2-bbeam1-gaokao2023en-exclusive0817,67,67,5,draft|draft_verify,1027.1310806274414,163.72346878051758,0.0,568,224,744,5,0,0,1,1,0
gaokao2023en,bbeam1,step-profile-config2-bbeam1-gaokao2023en-exclusive0817,67,67,6,draft|draft_verify|target|target_rescue_verify,936.2132549285889,383.1908702850342,672.8920936584473,792,202,1797,12,792,103,1,2,1
gaokao2023en,bbeam1,step-profile-config2-bbeam1-gaokao2023en-exclusive0817,67,67,7,draft|draft_verify,159.58023071289062,180.80878257751465,0.0,895,35,886,7,0,0,1,1,0
gaokao2023en,bbeam1,step-profile-config2-bbeam1-gaokao2023en-exclusive0817,67,67,8,draft|draft_verify,165.64226150512695,203.0625343322754,0.0,930,33,921,8,0,0,1,1,0
gaokao2023en,bbeam1,step-profile-config2-bbeam1-gaokao2023en-exclusive0817,68,68,1,draft|draft_verify,215.3029441833496,48.00677299499512,0.0,138,48,132,1,0,0,1,1,0
gaokao2023en,bbeam1,step-profile-config2-bbeam1-gaokao2023en-exclusive0817,68,68,2,draft|draft_verify|target|target_rescue_verify,808.2194328308105,146.31080627441406,208.08839797973633,186,181,471,4,186,22,1,2,1
gaokao2023en,bbeam1,step-profile-config2-bbeam1-gaokao2023en-exclusive0817,68,68,3,draft|draft_verify,151.65400505065918,71.32291793823242,0.0,208,27,185,3,0,0,1,1,0
gaokao2023en,bbeam1,step-profile-config2-bbeam1-gaokao2023en-exclusive0817,68,68,4,draft|draft_verify,127.47645378112793,70.36113739013672,0.0,235,27,214,4,0,0,1,1,0
gaokao2023en,bbeam1,step-profile-config2-bbeam1-gaokao2023en-exclusive0817,68,68,5,draft|draft_verify,122.6186752319336,68.62545013427734,0.0,262,26,242,5,0,0,1,1,0
gaokao2023en,bbeam1,step-profile-config2-bbeam1-gaokao2023en-exclusive0817,68,68,6,draft|draft_verify|target|target_rescue_verify,100.23999214172363,172.05429077148438,349.9126434326172,288,21,563,12,288,54,1,2,1
gaokao2023en,bbeam1,step-profile-config2-bbeam1-gaokao2023en-exclusive0817,68,68,7,draft|draft_verify,191.30635261535645,100.2509593963623,0.0,342,39,339,7,0,0,1,1,0
gaokao2023en,bbeam1,step-profile-config2-bbeam1-gaokao2023en-exclusive0817,68,68,8,draft|draft_verify,94.36178207397461,97.31173515319824,0.0,381,14,355,8,0,0,1,1,0
gaokao2023en,bbeam1,step-profile-config2-bbeam1-gaokao2023en-exclusive0817,68,68,9,draft|draft_verify,149.52850341796875,95.24345397949219,0.0,395,22,379,9,0,0,1,1,0
gaokao2023en,bbeam1,step-profile-config2-bbeam1-gaokao2023en-exclusive0817,68,68,10,draft|draft_verify|target|backtracking_verify,159.7299575805664,257.9214572906494,259.42492485046387,417,25,819,20,417,32,1,2,1
gaokao2023en,bbeam1,step-profile-config2-bbeam1-gaokao2023en-exclusive0817,68,68,11,draft|draft_verify|target|target_rescue_verify,309.33213233947754,411.8001461029053,283.1563949584961,891,54,1322,33,442,37,2,3,1
gaokao2023en,bbeam1,step-profile-config2-bbeam1-gaokao2023en-exclusive0817,68,68,12,draft|draft_verify,60.57596206665039,136.85941696166992,0.0,465,11,444,12,0,0,1,1,0
gaokao2023en,bbeam1,step-profile-config2-bbeam1-gaokao2023en-exclusive0817,68,68,13,draft|draft_verify,254.94861602783203,145.81871032714844,0.0,476,50,496,13,0,0,1,1,0
gaokao2023en,bbeam1,step-profile-config2-bbeam1-gaokao2023en-exclusive0817,68,68,14,draft|draft_verify,117.4018383026123,133.09311866760254,0.0,526,21,519,14,0,0,1,1,0
gaokao2023en,bbeam1,step-profile-config2-bbeam1-gaokao2023en-exclusive0817,68,68,15,draft|draft_verify,126.89518928527832,130.2168369293213,0.0,547,27,548,15,0,0,1,1,0
gaokao2023en,bbeam1,step-profile-config2-bbeam1-gaokao2023en-exclusive0817,68,68,16,draft|draft_verify,40.9388542175293,130.629301071167,0.0,574,9,559,16,0,0,1,1,0
gaokao2023en,bbeam1,step-profile-config2-bbeam1-gaokao2023en-exclusive0817,68,68,17,draft|draft_verify,126.88970565795898,133.20159912109375,0.0,583,25,586,17,0,0,1,1,0
gaokao2023en,bbeam1,step-profile-config2-bbeam1-gaokao2023en-exclusive0817,68,68,18,draft|draft_verify,40.78984260559082,133.09001922607422,0.0,608,8,596,18,0,0,1,1,0
gaokao2023en,bbeam1,step-profile-config2-bbeam1-gaokao2023en-exclusive0817,68,68,19,draft|draft_verify,52.841901779174805,133.2833766937256,0.0,616,10,608,19,0,0,1,1,0
gaokao2023en,bbeam1,step-profile-config2-bbeam1-gaokao2023en-exclusive0817,68,68,20,draft|draft_verify,47.12867736816406,133.34298133850098,0.0,626,9,619,20,0,0,1,1,0
gaokao2023en,bbeam1,step-profile-config2-bbeam1-gaokao2023en-exclusive0817,68,68,21,draft|draft_verify,180.48572540283203,153.58471870422363,0.0,635,36,657,21,0,0,1,1,0
gaokao2023en,bbeam1,step-profile-config2-bbeam1-gaokao2023en-exclusive0817,68,68,22,draft|draft_verify,113.42859268188477,154.4516086578369,0.0,671,23,682,22,0,0,1,1,0
gaokao2023en,bbeam1,step-profile-config2-bbeam1-gaokao2023en-exclusive0817,68,68,23,draft|draft_verify,135.6956958770752,161.33475303649902,0.0,694,28,712,23,0,0,1,1,0
gaokao2023en,bbeam1,step-profile-config2-bbeam1-gaokao2023en-exclusive0817,68,68,24,draft|draft_verify,66.07747077941895,155.5006504058838,0.0,722,10,724,24,0,0,1,1,0
gaokao2023en,bbeam1,step-profile-config2-bbeam1-gaokao2023en-exclusive0817,68,68,25,draft|draft_verify,67.26241111755371,155.02643585205078,0.0,732,9,735,25,0,0,1,1,0
gaokao2023en,bbeam1,step-profile-config2-bbeam1-gaokao2023en-exclusive0817,69,69,1,draft|draft_verify|target|backtracking_verify,405.8990478515625,82.56244659423828,274.1994857788086,121,90,266,2,121,40,1,2,1
gaokao2023en,bbeam1,step-profile-config2-bbeam1-gaokao2023en-exclusive0817,69,69,2,draft|draft_verify|target|backtracking_verify,1814.4869804382324,361.88220977783203,2050.9426593780518,372,391,1151,6,211,330,2,3,1
gaokao2023en,bbeam1,step-profile-config2-bbeam1-gaokao2023en-exclusive0817,69,69,3,draft|draft_verify|target|target_rescue_verify,8686.727285385132,1196.9342231750488,8319.049596786499,1304,1851,5353,15,1108,1335,3,5,2
gaokao2023en,bbeam1,step-profile-config2-bbeam1-gaokao2023en-exclusive0817,69,69,4,draft|draft_verify,806.8196773529053,97.9468822479248,0.0,260,171,384,4,0,0,1,1,0
gaokao2023en,bbeam1,step-profile-config2-bbeam1-gaokao2023en-exclusive0817,69,69,5,draft|draft_verify|target|target_rescue_verify,332.9463005065918,254.07910346984863,325.86073875427246,431,67,879,10,431,40,1,2,1
gaokao2023en,bbeam1,step-profile-config2-bbeam1-gaokao2023en-exclusive0817,69,69,6,draft|draft_verify|target|target_rescue_verify,672.1651554107666,261.2180709838867,1019.8013782501221,471,142,1164,12,471,166,1,2,1
gaokao2023en,bbeam1,step-profile-config2-bbeam1-gaokao2023en-exclusive0817,69,69,7,draft|draft_verify,74.18084144592285,132.88068771362305,0.0,637,15,611,7,0,0,1,1,0
gaokao2023en,bbeam1,step-profile-config2-bbeam1-gaokao2023en-exclusive0817,69,69,8,draft|draft_verify|target|target_rescue_verify,5529.804468154907,667.5302982330322,4154.534101486206,652,1143,3072,16,652,703,1,2,1
gaokao2023en,bbeam1,step-profile-config2-bbeam1-gaokao2023en-exclusive0817,69,69,9,draft|draft_verify,157.26971626281738,279.7243595123291,0.0,1355,30,1348,9,0,0,1,1,0
gaokao2023en,bbeam1,step-profile-config2-bbeam1-gaokao2023en-exclusive0817,69,69,10,draft|draft_verify,85.22295951843262,278.43189239501953,0.0,1385,16,1366,10,0,0,1,1,0
gaokao2023en,bbeam1,step-profile-config2-bbeam1-gaokao2023en-exclusive0817,70,70,1,draft|draft_verify,316.0417079925537,29.714107513427734,0.0,67,69,83,1,0,0,1,1,0
gaokao2023en,bbeam1,step-profile-config2-bbeam1-gaokao2023en-exclusive0817,70,70,2,draft|draft_verify,108.51430892944336,31.871795654296875,0.0,136,24,109,2,0,0,1,1,0
gaokao2023en,bbeam1,step-profile-config2-bbeam1-gaokao2023en-exclusive0817,70,70,3,draft|draft_verify,44.82293128967285,30.83491325378418,0.0,160,7,118,3,0,0,1,1,0
gaokao2023en,bbeam1,step-profile-config2-bbeam1-gaokao2023en-exclusive0817,70,70,4,draft|draft_verify,238.94309997558594,52.06418037414551,0.0,167,39,159,4,0,0,1,1,0
gaokao2023en,bbeam1,step-profile-config2-bbeam1-gaokao2023en-exclusive0817,70,70,5,draft|draft_verify,241.47701263427734,61.214447021484375,0.0,206,39,200,5,0,0,1,1,0
gaokao2023en,bbeam1,step-profile-config2-bbeam1-gaokao2023en-exclusive0817,70,70,6,draft|draft_verify,110.43500900268555,65.77682495117188,0.0,245,19,221,6,0,0,1,1,0
gaokao2023en,bbeam1,step-profile-config2-bbeam1-gaokao2023en-exclusive0817,70,70,7,draft|draft_verify,171.5104579925537,63.46440315246582,0.0,264,33,256,7,0,0,1,1,0
gaokao2023en,bbeam1,step-profile-config2-bbeam1-gaokao2023en-exclusive0817,71,71,1,draft|draft_verify,390.56897163391113,35.56036949157715,0.0,94,88,128,1,0,0,1,1,0
gaokao2023en,bbeam1,step-profile-config2-bbeam1-gaokao2023en-exclusive0817,71,71,2,draft|draft_verify,137.00199127197266,57.57284164428711,0.0,182,31,161,2,0,0,1,1,0
gaokao2023en,bbeam1,step-profile-config2-bbeam1-gaokao2023en-exclusive0817,71,71,3,draft|draft_verify,226.30548477172852,68.23563575744629,0.0,213,51,214,3,0,0,1,1,0
gaokao2023en,bbeam1,step-profile-config2-bbeam1-gaokao2023en-exclusive0817,71,71,4,draft|draft_verify,131.3486099243164,68.14694404602051,0.0,264,28,244,4,0,0,1,1,0
gaokao2023en,bbeam1,step-profile-config2-bbeam1-gaokao2023en-exclusive0817,71,71,5,draft|draft_verify,38.04469108581543,66.26725196838379,0.0,292,8,254,5,0,0,1,1,0
gaokao2023en,bbeam1,step-profile-config2-bbeam1-gaokao2023en-exclusive0817,71,71,6,draft|draft_verify,121.15597724914551,77.54135131835938,0.0,300,26,282,6,0,0,1,1,0
gaokao2023en,bbeam1,step-profile-config2-bbeam1-gaokao2023en-exclusive0817,71,71,7,draft|draft_verify,29.23870086669922,76.62487030029297,0.0,326,6,290,7,0,0,1,1,0
gaokao2023en,bbeam1,step-profile-config2-bbeam1-gaokao2023en-exclusive0817,71,71,8,draft|draft_verify,62.59465217590332,80.82747459411621,0.0,332,13,305,8,0,0,1,1,0
gaokao2023en,bbeam1,step-profile-config2-bbeam1-gaokao2023en-exclusive0817,71,71,9,draft|draft_verify,154.33573722839355,96.12655639648438,0.0,345,29,336,9,0,0,1,1,0
gaokao2023en,bbeam1,step-profile-config2-bbeam1-gaokao2023en-exclusive0817,72,72,1,draft|draft_verify,340.2819633483887,31.464099884033203,0.0,103,65,114,1,0,0,1,1,0
gaokao2023en,bbeam1,step-profile-config2-bbeam1-gaokao2023en-exclusive0817,72,72,2,draft|draft_verify,120.13840675354004,54.00681495666504,0.0,168,23,139,2,0,0,1,1,0
gaokao2023en,bbeam1,step-profile-config2-bbeam1-gaokao2023en-exclusive0817,72,72,3,draft|draft_verify,174.92151260375977,53.075551986694336,0.0,191,37,178,3,0,0,1,1,0
gaokao2023en,bbeam1,step-profile-config2-bbeam1-gaokao2023en-exclusive0817,72,72,4,draft|draft_verify,122.36499786376953,69.70095634460449,0.0,228,24,204,4,0,0,1,1,0
gaokao2023en,bbeam1,step-profile-config2-bbeam1-gaokao2023en-exclusive0817,72,72,5,draft|draft_verify,52.423954010009766,63.77696990966797,0.0,252,10,216,5,0,0,1,1,0
gaokao2023en,bbeam1,step-profile-config2-bbeam1-gaokao2023en-exclusive0817,72,72,6,draft|draft_verify,57.608842849731445,65.20962715148926,0.0,262,11,229,6,0,0,1,1,0
gaokao2023en,bbeam1,step-profile-config2-bbeam1-gaokao2023en-exclusive0817,72,72,7,draft|draft_verify,30.608177185058594,64.77952003479004,0.0,273,5,236,7,0,0,1,1,0
gaokao2023en,bbeam1,step-profile-config2-bbeam1-gaokao2023en-exclusive0817,72,72,8,draft|draft_verify,161.59391403198242,82.07058906555176,0.0,278,33,271,8,0,0,1,1,0
gaokao2023en,bbeam1,step-profile-config2-bbeam1-gaokao2023en-exclusive0817,72,72,9,draft|draft_verify,61.406612396240234,84.53583717346191,0.0,311,12,285,9,0,0,1,1,0
gaokao2023en,bbeam1,step-profile-config2-bbeam1-gaokao2023en-exclusive0817,72,72,10,draft|draft_verify,60.896873474121094,79.48160171508789,0.0,323,10,297,10,0,0,1,1,0
gaokao2023en,bbeam1,step-profile-config2-bbeam1-gaokao2023en-exclusive0817,73,73,1,draft|draft_verify,209.06496047973633,24.45507049560547,0.0,72,40,59,1,0,0,1,1,0
gaokao2023en,bbeam1,step-profile-config2-bbeam1-gaokao2023en-exclusive0817,73,73,2,draft|draft_verify,149.32847023010254,31.46672248840332,0.0,112,29,90,2,0,0,1,1,0
gaokao2023en,bbeam1,step-profile-config2-bbeam1-gaokao2023en-exclusive0817,73,73,3,draft|draft_verify,86.8062973022461,30.789852142333984,0.0,141,20,112,3,0,0,1,1,0
gaokao2023en,bbeam1,step-profile-config2-bbeam1-gaokao2023en-exclusive0817,73,73,4,draft|draft_verify,106.42409324645996,51.47552490234375,0.0,161,27,141,4,0,0,1,1,0
gaokao2023en,bbeam1,step-profile-config2-bbeam1-gaokao2023en-exclusive0817,73,73,5,draft|draft_verify,29.58226203918457,51.26667022705078,0.0,188,7,150,5,0,0,1,1,0
gaokao2023en,bbeam1,step-profile-config2-bbeam1-gaokao2023en-exclusive0817,73,73,6,draft|draft_verify,64.99242782592773,51.6054630279541,0.0,195,13,165,6,0,0,1,1,0
gaokao2023en,bbeam1,step-profile-config2-bbeam1-gaokao2023en-exclusive0817,73,73,7,draft|draft_verify,35.11214256286621,51.071882247924805,0.0,208,7,174,7,0,0,1,1,0
gaokao2023en,bbeam1,step-profile-config2-bbeam1-gaokao2023en-exclusive0817,73,73,8,draft|draft_verify,92.27538108825684,59.69405174255371,0.0,215,20,196,8,0,0,1,1,0
gaokao2023en,bbeam1,step-profile-config2-bbeam1-gaokao2023en-exclusive0817,73,73,9,draft|draft_verify,50.37260055541992,59.74221229553223,0.0,235,11,209,9,0,0,1,1,0
gaokao2023en,bbeam1,step-profile-config2-bbeam1-gaokao2023en-exclusive0817,73,73,10,draft|draft_verify,130.56325912475586,61.180830001831055,0.0,246,28,239,10,0,0,1,1,0
gaokao2023en,bbeam1,step-profile-config2-bbeam1-gaokao2023en-exclusive0817,73,73,11,draft|draft_verify,71.67196273803711,61.75661087036133,0.0,274,15,256,11,0,0,1,1,0
gaokao2023en,bbeam1,step-profile-config2-bbeam1-gaokao2023en-exclusive0817,73,73,12,draft|draft_verify,72.78251647949219,77.02755928039551,0.0,289,14,272,12,0,0,1,1,0
gaokao2023en,bbeam1,step-profile-config2-bbeam1-gaokao2023en-exclusive0817,74,74,1,draft|draft_verify,335.4771137237549,31.27264976501465,0.0,97,74,117,1,0,0,1,1,0
gaokao2023en,bbeam1,step-profile-config2-bbeam1-gaokao2023en-exclusive0817,74,74,2,draft|draft_verify|target|target_rescue_verify,364.0561103820801,129.06217575073242,650.2935886383057,171,80,422,4,171,104,1,2,1
gaokao2023en,bbeam1,step-profile-config2-bbeam1-gaokao2023en-exclusive0817,74,74,3,draft|draft_verify|target|target_rescue_verify,453.30286026000977,191.82968139648438,533.6668491363525,275,98,629,6,275,81,1,2,1
gaokao2023en,bbeam1,step-profile-config2-bbeam1-gaokao2023en-exclusive0817,74,74,4,draft|draft_verify,388.64994049072266,140.2294635772705,0.0,356,88,396,4,0,0,1,1,0
gaokao2023en,bbeam1,step-profile-config2-bbeam1-gaokao2023en-exclusive0817,74,74,5,draft|draft_verify,114.22610282897949,125.09632110595703,0.0,444,23,421,5,0,0,1,1,0
gaokao2023en,bbeam1,step-profile-config2-bbeam1-gaokao2023en-exclusive0817,75,75,1,draft|draft_verify,142.9598331451416,21.231889724731445,0.0,73,32,51,1,0,0,1,1,0
gaokao2023en,bbeam1,step-profile-config2-bbeam1-gaokao2023en-exclusive0817,75,75,2,draft|draft_verify,136.44766807556152,29.63113784790039,0.0,105,31,84,2,0,0,1,1,0
gaokao2023en,bbeam1,step-profile-config2-bbeam1-gaokao2023en-exclusive0817,75,75,3,draft|draft_verify,405.1957130432129,50.93050003051758,0.0,136,76,162,3,0,0,1,1,0
gaokao2023en,bbeam1,step-profile-config2-bbeam1-gaokao2023en-exclusive0817,75,75,4,draft|draft_verify,242.74587631225586,60.56857109069824,0.0,212,54,218,4,0,0,1,1,0
gaokao2023en,bbeam1,step-profile-config2-bbeam1-gaokao2023en-exclusive0817,75,75,5,draft|draft_verify,558.3407878875732,104.06756401062012,0.0,266,123,343,5,0,0,1,1,0
gaokao2023en,bbeam1,step-profile-config2-bbeam1-gaokao2023en-exclusive0817,75,75,6,draft|draft_verify,118.51978302001953,92.90742874145508,0.0,389,24,369,6,0,0,1,1,0
gaokao2023en,bbeam1,step-profile-config2-bbeam1-gaokao2023en-exclusive0817,76,76,1,draft|draft_verify,238.0218505859375,30.27963638305664,0.0,89,54,90,1,0,0,1,1,0
gaokao2023en,bbeam1,step-profile-config2-bbeam1-gaokao2023en-exclusive0817,76,76,2,draft|draft_verify,253.86571884155273,51.92446708679199,0.0,143,51,143,2,0,0,1,1,0
gaokao2023en,bbeam1,step-profile-config2-bbeam1-gaokao2023en-exclusive0817,76,76,3,draft|draft_verify,116.5006160736084,51.31101608276367,0.0,194,26,171,3,0,0,1,1,0
gaokao2023en,bbeam1,step-profile-config2-bbeam1-gaokao2023en-exclusive0817,76,76,4,draft|draft_verify,132.798433303833,60.95457077026367,0.0,220,31,204,4,0,0,1,1,0
gaokao2023en,bbeam1,step-profile-config2-bbeam1-gaokao2023en-exclusive0817,76,76,5,draft|draft_verify,112.48064041137695,61.02705001831055,0.0,251,26,232,5,0,0,1,1,0
gaokao2023en,bbeam1,step-profile-config2-bbeam1-gaokao2023en-exclusive0817,76,76,6,draft|draft_verify,124.59111213684082,78.33266258239746,0.0,277,23,257,6,0,0,1,1,0
gaokao2023en,bbeam1,step-profile-config2-bbeam1-gaokao2023en-exclusive0817,76,76,7,draft|draft_verify,249.78208541870117,80.42573928833008,0.0,300,53,312,7,0,0,1,1,0
gaokao2023en,bbeam1,step-profile-config2-bbeam1-gaokao2023en-exclusive0817,76,76,8,draft|draft_verify,323.8346576690674,104.17532920837402,0.0,353,68,382,8,0,0,1,1,0
gaokao2023en,bbeam1,step-profile-config2-bbeam1-gaokao2023en-exclusive0817,76,76,9,draft|draft_verify,227.83541679382324,139.28675651550293,0.0,421,47,431,9,0,0,1,1,0
gaokao2023en,bbeam1,step-profile-config2-bbeam1-gaokao2023en-exclusive0817,76,76,10,draft|draft_verify,79.91409301757812,126.47628784179688,0.0,468,16,449,10,0,0,1,1,0
gaokao2023en,bbeam1,step-profile-config2-bbeam1-gaokao2023en-exclusive0817,76,76,11,draft|draft_verify,122.21121788024902,128.27467918395996,0.0,484,25,476,11,0,0,1,1,0
gaokao2023en,bbeam1,step-profile-config2-bbeam1-gaokao2023en-exclusive0817,76,76,12,draft|draft_verify,83.92763137817383,143.8586711883545,0.0,509,17,495,12,0,0,1,1,0
gaokao2023en,bbeam1,step-profile-config2-bbeam1-gaokao2023en-exclusive0817,76,76,13,draft|draft_verify,55.1602840423584,137.16483116149902,0.0,526,11,508,13,0,0,1,1,0
gaokao2023en,bbeam1,step-profile-config2-bbeam1-gaokao2023en-exclusive0817,76,76,14,draft|draft_verify,61.887264251708984,128.21531295776367,0.0,537,14,524,14,0,0,1,1,0
gaokao2023en,bbeam1,step-profile-config2-bbeam1-gaokao2023en-exclusive0817,76,76,15,draft|draft_verify,41.146039962768555,127.64406204223633,0.0,551,8,534,15,0,0,1,1,0
gaokao2023en,bbeam1,step-profile-config2-bbeam1-gaokao2023en-exclusive0817,76,76,16,draft|draft_verify,90.99173545837402,128.71551513671875,0.0,559,16,552,16,0,0,1,1,0
gaokao2023en,bbeam1,step-profile-config2-bbeam1-gaokao2023en-exclusive0817,76,76,17,draft|draft_verify,110.15033721923828,129.20475006103516,0.0,575,22,576,17,0,0,1,1,0
gaokao2023en,bbeam1,step-profile-config2-bbeam1-gaokao2023en-exclusive0817,77,77,1,draft|draft_verify,210.45613288879395,29.378175735473633,0.0,81,53,81,1,0,0,1,1,0
gaokao2023en,bbeam1,step-profile-config2-bbeam1-gaokao2023en-exclusive0817,77,77,2,draft|draft_verify,88.41562271118164,30.461549758911133,0.0,134,23,106,2,0,0,1,1,0
gaokao2023en,bbeam1,step-profile-config2-bbeam1-gaokao2023en-exclusive0817,77,77,3,draft|draft_verify,159.31415557861328,51.00440979003906,0.0,157,36,144,3,0,0,1,1,0
gaokao2023en,bbeam1,step-profile-config2-bbeam1-gaokao2023en-exclusive0817,77,77,4,draft|draft_verify,116.45078659057617,51.175594329833984,0.0,193,26,172,4,0,0,1,1,0
gaokao2023en,bbeam1,step-profile-config2-bbeam1-gaokao2023en-exclusive0817,77,77,5,draft|draft_verify,46.45109176635742,55.463552474975586,0.0,219,10,184,5,0,0,1,1,0
gaokao2023en,bbeam1,step-profile-config2-bbeam1-gaokao2023en-exclusive0817,77,77,6,draft|draft_verify,326.82204246520996,84.03944969177246,0.0,229,71,257,6,0,0,1,1,0
gaokao2023en,bbeam1,step-profile-config2-bbeam1-gaokao2023en-exclusive0817,77,77,7,draft|draft_verify,138.63205909729004,85.0362777709961,0.0,300,30,289,7,0,0,1,1,0
gaokao2023en,bbeam1,step-profile-config2-bbeam1-gaokao2023en-exclusive0817,77,77,8,draft|draft_verify,345.93701362609863,105.88812828063965,0.0,330,74,365,8,0,0,1,1,0
gaokao2023en,bbeam1,step-profile-config2-bbeam1-gaokao2023en-exclusive0817,77,77,9,draft|draft_verify,57.89542198181152,100.49867630004883,0.0,404,11,378,9,0,0,1,1,0
gaokao2023en,bbeam1,step-profile-config2-bbeam1-gaokao2023en-exclusive0817,77,77,10,draft|draft_verify,186.49578094482422,127.00819969177246,0.0,415,33,413,10,0,0,1,1,0
gaokao2023en,bbeam1,step-profile-config2-bbeam1-gaokao2023en-exclusive0817,77,77,11,draft|draft_verify,234.3602180480957,127.25520133972168,0.0,448,41,456,11,0,0,1,1,0
gaokao2023en,bbeam1,step-profile-config2-bbeam1-gaokao2023en-exclusive0817,77,77,12,draft|draft_verify,92.11444854736328,131.59465789794922,0.0,489,18,476,12,0,0,1,1,0
gaokao2023en,bbeam1,step-profile-config2-bbeam1-gaokao2023en-exclusive0817,77,77,13,draft|draft_verify,135.9384059906006,137.09282875061035,0.0,507,26,504,13,0,0,1,1,0
gaokao2023en,bbeam1,step-profile-config2-bbeam1-gaokao2023en-exclusive0817,78,78,1,draft|draft_verify|target|target_rescue_verify,388.8874053955078,112.19024658203125,616.3249015808105,152,86,381,2,152,99,1,2,1
gaokao2023en,bbeam1,step-profile-config2-bbeam1-gaokao2023en-exclusive0817,78,78,2,draft|draft_verify|target|backtracking_verify,222.83053398132324,200.36745071411133,2244.385004043579,251,48,804,4,251,358,1,2,1
gaokao2023en,bbeam1,step-profile-config2-bbeam1-gaokao2023en-exclusive0817,78,78,3,draft|draft_verify|target|target_rescue_verify,172.03688621520996,170.8984375,262.67170906066895,299,37,572,6,299,37,1,2,1
gaokao2023en,bbeam1,step-profile-config2-bbeam1-gaokao2023en-exclusive0817,79,79,1,draft|draft_verify|target|backtracking_verify,412.5709533691406,121.94108963012695,404.3090343475342,196,95,444,2,196,65,1,2,1
gaokao2023en,bbeam1,step-profile-config2-bbeam1-gaokao2023en-exclusive0817,79,79,2,draft|draft_verify|target|backtracking_verify|target_rescue_verify,1981.7097187042236,499.3896484375,3959.144115447998,552,442,1986,8,552,648,2,4,2
gaokao2023en,bbeam1,step-profile-config2-bbeam1-gaokao2023en-exclusive0817,79,79,3,draft|draft_verify|target|target_rescue_verify,1284.0054035186768,534.3320369720459,1958.6029052734375,846,289,2095,12,846,314,2,4,2
gaokao2023en,bbeam1,step-profile-config2-bbeam1-gaokao2023en-exclusive0817,79,79,4,draft|draft_verify|target|target_rescue_verify,10620.329856872559,1086.693525314331,3401.599168777466,1160,2312,5011,16,1160,571,2,4,2
gaokao2023en,bbeam1,step-profile-config2-bbeam1-gaokao2023en-exclusive0817,79,79,5,draft|draft_verify|target|target_rescue_verify,706.8250179290771,792.1395301818848,2039.886474609375,1731,155,3768,20,1731,335,2,4,2
gaokao2023en,bbeam1,step-profile-config2-bbeam1-gaokao2023en-exclusive0817,79,79,6,draft|draft_verify|target|target_rescue_verify,811.0170364379883,435.33968925476074,838.5956287384033,914,174,2047,12,914,133,1,2,1
gaokao2023en,bbeam1,step-profile-config2-bbeam1-gaokao2023en-exclusive0817,80,80,1,draft|draft_verify|target|backtracking_verify,244.74310874938965,89.13159370422363,539.6301746368408,111,49,251,2,111,88,1,2,1
gaokao2023en,bbeam1,step-profile-config2-bbeam1-gaokao2023en-exclusive0817,80,80,2,draft|draft_verify|target|target_rescue_verify,309.6590042114258,103.20281982421875,347.3079204559326,160,64,333,4,160,53,1,2,1
gaokao2023en,bbeam1,step-profile-config2-bbeam1-gaokao2023en-exclusive0817,80,80,3,draft|draft_verify|target|backtracking_verify,492.9354190826416,130.88393211364746,519.0145969390869,213,79,489,6,213,84,1,2,1
gaokao2023en,bbeam1,step-profile-config2-bbeam1-gaokao2023en-exclusive0817,80,80,4,draft|draft_verify|target|target_rescue_verify,926.0108470916748,291.72563552856445,546.5924739837646,589,166,991,12,292,88,2,3,1
gaokao2023en,bbeam1,step-profile-config2-bbeam1-gaokao2023en-exclusive0817,80,80,5,draft|draft_verify,511.5363597869873,127.16388702392578,0.0,378,110,442,5,0,0,1,1,0
gaokao2023en,bbeam1,step-profile-config2-bbeam1-gaokao2023en-exclusive0817,80,80,6,draft|draft_verify|target|target_rescue_verify,387.2830867767334,260.12372970581055,543.950080871582,488,87,1058,12,488,83,1,2,1
gaokao2023en,bbeam1,step-profile-config2-bbeam1-gaokao2023en-exclusive0817,80,80,7,draft|draft_verify,504.5487880706787,133.3322525024414,0.0,571,110,639,7,0,0,1,1,0
gaokao2023en,bbeam1,step-profile-config2-bbeam1-gaokao2023en-exclusive0817,80,80,8,draft|draft_verify,384.74082946777344,154.51908111572266,0.0,681,83,724,8,0,0,1,1,0
gaokao2023en,bbeam1,step-profile-config2-bbeam1-gaokao2023en-exclusive0817,80,80,9,draft|draft_verify,522.5257873535156,177.88052558898926,0.0,764,110,836,9,0,0,1,1,0
gaokao2023en,bbeam1,step-profile-config2-bbeam1-gaokao2023en-exclusive0817,80,80,10,draft|draft_verify,388.85951042175293,201.8287181854248,0.0,874,83,921,10,0,0,1,1,0
gaokao2023en,bbeam1,step-profile-config2-bbeam1-gaokao2023en-exclusive0817,80,80,11,draft|draft_verify|target|target_rescue_verify,217.13495254516602,436.56444549560547,727.4610996246338,957,45,2001,22,957,110,1,2,1
gaokao2023en,bbeam1,step-profile-config2-bbeam1-gaokao2023en-exclusive0817,80,80,12,draft|draft_verify,390.1834487915039,231.48179054260254,0.0,1067,83,1118,12,0,0,1,1,0
gaokao2023en,bbeam1,step-profile-config2-bbeam1-gaokao2023en-exclusive0817,80,80,13,draft|draft_verify,520.2574729919434,259.1574192047119,0.0,1150,110,1230,13,0,0,1,1,0
gaokao2023en,bbeam1,step-profile-config2-bbeam1-gaokao2023en-exclusive0817,80,80,14,draft|draft_verify,390.8505439758301,277.6906490325928,0.0,1260,83,1315,14,0,0,1,1,0
gaokao2023en,bbeam1,step-profile-config2-bbeam1-gaokao2023en-exclusive0817,80,80,15,draft|draft_verify,520.5357074737549,308.6512088775635,0.0,1343,110,1427,15,0,0,1,1,0
gaokao2023en,bbeam1,step-profile-config2-bbeam1-gaokao2023en-exclusive0817,80,80,16,draft|draft_verify,359.818696975708,314.24760818481445,0.0,1453,83,1512,16,0,0,1,1,0
gaokao2023en,bbeam1,step-profile-config2-bbeam1-gaokao2023en-exclusive0817,80,80,17,draft|draft_verify,518.8760757446289,332.83042907714844,0.0,1536,110,1624,17,0,0,1,1,0
gaokao2023en,bbeam1,step-profile-config2-bbeam1-gaokao2023en-exclusive0817,80,80,18,draft|draft_verify,389.6749019622803,355.0741672515869,0.0,1646,83,1709,18,0,0,1,1,0
gaokao2023en,bbeam1,step-profile-config2-bbeam1-gaokao2023en-exclusive0817,80,80,19,draft|draft_verify,534.4133377075195,389.77622985839844,0.0,1729,110,1821,19,0,0,1,1,0
gaokao2023en,bbeam1,step-profile-config2-bbeam1-gaokao2023en-exclusive0817,80,80,20,draft|draft_verify,392.301082611084,396.4414596557617,0.0,1839,83,1906,20,0,0,1,1,0
gaokao2023en,bbeam1,step-profile-config2-bbeam1-gaokao2023en-exclusive0817,80,80,21,draft|draft_verify,515.4874324798584,406.80885314941406,0.0,1922,110,2018,21,0,0,1,1,0
gaokao2023en,bbeam1,step-profile-config2-bbeam1-gaokao2023en-exclusive0817,80,80,22,draft|draft_verify,524.1010189056396,436.97643280029297,0.0,2032,83,2103,22,0,0,1,1,0
gaokao2023en,bbeam1,step-profile-config2-bbeam1-gaokao2023en-exclusive0817,81,81,1,draft|draft_verify,210.50786972045898,30.951738357543945,0.0,109,47,103,1,0,0,1,1,0
gaokao2023en,bbeam1,step-profile-config2-bbeam1-gaokao2023en-exclusive0817,81,81,2,draft|draft_verify,98.61540794372559,31.29744529724121,0.0,156,22,127,2,0,0,1,1,0
gaokao2023en,bbeam1,step-profile-config2-bbeam1-gaokao2023en-exclusive0817,81,81,3,draft|draft_verify,98.1740951538086,51.0869026184082,0.0,178,22,151,3,0,0,1,1,0
gaokao2023en,bbeam1,step-profile-config2-bbeam1-gaokao2023en-exclusive0817,81,81,4,draft|draft_verify,195.1301097869873,60.59432029724121,0.0,200,44,197,4,0,0,1,1,0
gaokao2023en,bbeam1,step-profile-config2-bbeam1-gaokao2023en-exclusive0817,81,81,5,draft|draft_verify,212.34607696533203,61.446428298950195,0.0,244,46,245,5,0,0,1,1,0
gaokao2023en,bbeam1,step-profile-config2-bbeam1-gaokao2023en-exclusive0817,81,81,6,draft|draft_verify,262.30478286743164,77.6224136352539,0.0,290,42,289,6,0,0,1,1,0
gaokao2023en,bbeam1,step-profile-config2-bbeam1-gaokao2023en-exclusive0817,81,81,7,draft|draft_verify,215.7604694366455,96.94528579711914,0.0,332,45,336,7,0,0,1,1,0
gaokao2023en,bbeam1,step-profile-config2-bbeam1-gaokao2023en-exclusive0817,81,81,8,draft|draft_verify,90.52515029907227,97.35703468322754,0.0,377,18,356,8,0,0,1,1,0
gaokao2023en,bbeam1,step-profile-config2-bbeam1-gaokao2023en-exclusive0817,82,82,1,draft|draft_verify,157.69195556640625,29.64639663696289,0.0,105,35,86,1,0,0,1,1,0
gaokao2023en,bbeam1,step-profile-config2-bbeam1-gaokao2023en-exclusive0817,82,82,2,draft|draft_verify,259.2029571533203,50.29106140136719,0.0,140,66,154,2,0,0,1,1,0
gaokao2023en,bbeam1,step-profile-config2-bbeam1-gaokao2023en-exclusive0817,82,82,3,draft|draft_verify,517.8771018981934,84.65290069580078,0.0,206,119,275,3,0,0,1,1,0
gaokao2023en,bbeam1,step-profile-config2-bbeam1-gaokao2023en-exclusive0817,82,82,4,draft|draft_verify,414.6227836608887,102.99301147460938,0.0,325,89,366,4,0,0,1,1,0
gaokao2023en,bbeam1,step-profile-config2-bbeam1-gaokao2023en-exclusive0817,82,82,5,draft|draft_verify,120.95308303833008,125.57458877563477,0.0,414,24,392,5,0,0,1,1,0
gaokao2023en,bbeam1,step-profile-config2-bbeam1-gaokao2023en-exclusive0817,83,83,1,draft|draft_verify|target|backtracking_verify,265.74134826660156,63.49945068359375,425.93932151794434,99,60,219,2,99,69,1,2,1
gaokao2023en,bbeam1,step-profile-config2-bbeam1-gaokao2023en-exclusive0817,83,83,2,draft|draft_verify|target|target_rescue_verify,611.2205982208252,241.14012718200684,1394.49143409729,327,149,798,8,327,203,2,4,2
gaokao2023en,bbeam1,step-profile-config2-bbeam1-gaokao2023en-exclusive0817,83,83,3,draft|draft_verify|target|target_rescue_verify,835.2413177490234,369.65370178222656,1956.1982154846191,530,182,1361,12,530,319,2,4,2
gaokao2023en,bbeam1,step-profile-config2-bbeam1-gaokao2023en-exclusive0817,83,83,4,draft|draft_verify|target|target_rescue_verify,1194.6992874145508,383.3270072937012,940.4478073120117,849,246,1526,12,419,156,2,3,1
gaokao2023en,bbeam1,step-profile-config2-bbeam1-gaokao2023en-exclusive0817,83,83,5,draft|draft_verify,393.1150436401367,127.99501419067383,0.0,524,94,572,5,0,0,1,1,0
gaokao2023en,bbeam1,step-profile-config2-bbeam1-gaokao2023en-exclusive0817,83,83,6,draft|draft_verify,138.8230323791504,131.06131553649902,0.0,618,30,604,6,0,0,1,1,0
gaokao2023en,bbeam1,step-profile-config2-bbeam1-gaokao2023en-exclusive0817,83,83,7,draft|draft_verify,171.14830017089844,151.2465476989746,0.0,648,36,642,7,0,0,1,1,0
gaokao2023en,bbeam1,step-profile-config2-bbeam1-gaokao2023en-exclusive0817,84,84,1,draft|draft_verify|target|backtracking_verify,447.19743728637695,97.43595123291016,488.4641170501709,120,102,297,2,120,63,1,2,1
gaokao2023en,bbeam1,step-profile-config2-bbeam1-gaokao2023en-exclusive0817,84,84,2,draft|draft_verify|target|target_rescue_verify,1061.239242553711,395.7188129425049,5177.685499191284,405,237,1604,6,222,896,2,3,1
gaokao2023en,bbeam1,step-profile-config2-bbeam1-gaokao2023en-exclusive0817,84,84,3,draft|draft_verify,301.90443992614746,81.60567283630371,0.0,249,67,266,3,0,0,1,1,0
gaokao2023en,bbeam1,step-profile-config2-bbeam1-gaokao2023en-exclusive0817,84,84,4,draft|draft_verify,330.56116104125977,92.54789352416992,0.0,316,72,340,4,0,0,1,1,0
gaokao2023en,bbeam1,step-profile-config2-bbeam1-gaokao2023en-exclusive0817,84,84,5,draft|draft_verify|target|target_rescue_verify,1084.0070247650146,259.5934867858887,642.8964138031006,388,240,1027,10,388,103,1,2,1
gaokao2023en,bbeam1,step-profile-config2-bbeam1-gaokao2023en-exclusive0817,84,84,6,draft|draft_verify,674.9253273010254,131.1783790588379,0.0,491,154,601,6,0,0,1,1,0
gaokao2023en,bbeam1,step-profile-config2-bbeam1-gaokao2023en-exclusive0817,84,84,7,draft|draft_verify|target|target_rescue_verify,325.2742290496826,306.0884475708008,469.341516494751,645,78,1358,14,645,74,1,2,1
gaokao2023en,bbeam1,step-profile-config2-bbeam1-gaokao2023en-exclusive0817,84,84,8,draft|draft_verify,544.3153381347656,175.67849159240723,0.0,719,132,811,8,0,0,1,1,0
gaokao2023en,bbeam1,step-profile-config2-bbeam1-gaokao2023en-exclusive0817,84,84,9,draft|draft_verify|target|target_rescue_verify,313.762903213501,378.2999515533447,847.8214740753174,851,77,1843,18,851,140,1,2,1
gaokao2023en,bbeam1,step-profile-config2-bbeam1-gaokao2023en-exclusive0817,84,84,10,draft|draft_verify|target|backtracking_verify,218.3518409729004,414.14880752563477,372.21360206604004,991,53,2019,20,991,56,1,2,1
gaokao2023en,bbeam1,step-profile-config2-bbeam1-gaokao2023en-exclusive0817,84,84,11,draft|draft_verify|target|target_rescue_verify|backtracking_verify,518.1546211242676,908.3397388458252,417.9577827453613,2091,122,4225,44,2091,57,2,4,2
gaokao2023en,bbeam1,step-profile-config2-bbeam1-gaokao2023en-exclusive0817,84,84,12,draft|draft_verify|target|target_rescue_verify,482.1808338165283,486.94419860839844,239.64524269104004,1091,105,2254,24,1091,31,1,2,1
gaokao2023en,bbeam1,step-profile-config2-bbeam1-gaokao2023en-exclusive0817,85,85,1,draft|draft_verify|target|backtracking_verify,548.7964153289795,111.92846298217773,265.8054828643799,176,118,400,2,176,38,1,2,1
gaokao2023en,bbeam1,step-profile-config2-bbeam1-gaokao2023en-exclusive0817,85,85,2,draft|draft_verify|target|target_rescue_verify|backtracking_verify,4494.7052001953125,512.5253200531006,1504.758596420288,508,960,2013,8,508,245,2,4,2
gaokao2023en,bbeam1,step-profile-config2-bbeam1-gaokao2023en-exclusive0817,85,85,3,draft|draft_verify|target|target_rescue_verify,7131.8089962005615,1059.3628883361816,6956.8212032318115,1084,1521,4505,18,1084,1116,3,6,3
gaokao2023en,bbeam1,step-profile-config2-bbeam1-gaokao2023en-exclusive0817,85,85,4,draft|draft_verify|target|target_rescue_verify,3329.559326171875,990.3228282928467,7133.202314376831,1333,711,4369,16,1333,1184,2,4,2
gaokao2023en,bbeam1,step-profile-config2-bbeam1-gaokao2023en-exclusive0817,86,86,1,draft|draft_verify,310.6873035430908,31.07619285583496,0.0,81,71,98,1,0,0,1,1,0
gaokao2023en,bbeam1,step-profile-config2-bbeam1-gaokao2023en-exclusive0817,86,86,2,draft|draft_verify,76.78604125976562,30.689001083374023,0.0,152,17,117,2,0,0,1,1,0
gaokao2023en,bbeam1,step-profile-config2-bbeam1-gaokao2023en-exclusive0817,86,86,3,draft|draft_verify,261.7659568786621,51.442623138427734,0.0,169,59,178,3,0,0,1,1,0
gaokao2023en,bbeam1,step-profile-config2-bbeam1-gaokao2023en-exclusive0817,86,86,4,draft|draft_verify,97.27311134338379,59.937238693237305,0.0,228,22,202,4,0,0,1,1,0
gaokao2023en,bbeam1,step-profile-config2-bbeam1-gaokao2023en-exclusive0817,86,86,5,draft|draft_verify,200.7303237915039,60.85205078125,0.0,250,46,250,5,0,0,1,1,0
gaokao2023en,bbeam1,step-profile-config2-bbeam1-gaokao2023en-exclusive0817,86,86,6,draft|draft_verify,53.9395809173584,77.47840881347656,0.0,296,11,263,6,0,0,1,1,0
gaokao2023en,bbeam1,step-profile-config2-bbeam1-gaokao2023en-exclusive0817,86,86,7,draft|draft_verify,329.941987991333,103.67631912231445,0.0,307,74,339,7,0,0,1,1,0
gaokao2023en,bbeam1,step-profile-config2-bbeam1-gaokao2023en-exclusive0817,86,86,8,draft|draft_verify,174.39961433410645,93.19829940795898,0.0,381,42,383,8,0,0,1,1,0
gaokao2023en,bbeam1,step-profile-config2-bbeam1-gaokao2023en-exclusive0817,86,86,9,draft|draft_verify,129.12440299987793,124.62210655212402,0.0,423,30,415,9,0,0,1,1,0
gaokao2023en,bbeam1,step-profile-config2-bbeam1-gaokao2023en-exclusive0817,86,86,10,draft|draft_verify,19.069433212280273,125.50950050354004,0.0,453,4,421,10,0,0,1,1,0
gaokao2023en,bbeam1,step-profile-config2-bbeam1-gaokao2023en-exclusive0817,86,86,11,draft|draft_verify,197.3891258239746,128.2055377960205,0.0,457,45,468,11,0,0,1,1,0
gaokao2023en,bbeam1,step-profile-config2-bbeam1-gaokao2023en-exclusive0817,86,86,12,draft|draft_verify,50.79340934753418,143.91040802001953,0.0,502,11,481,12,0,0,1,1,0
gaokao2023en,bbeam1,step-profile-config2-bbeam1-gaokao2023en-exclusive0817,86,86,13,draft|draft_verify,50.90832710266113,144.3781852722168,0.0,513,10,493,13,0,0,1,1,0
gaokao2023en,bbeam1,step-profile-config2-bbeam1-gaokao2023en-exclusive0817,87,87,1,draft|draft_verify,230.80706596374512,29.593944549560547,0.0,90,51,87,1,0,0,1,1,0
gaokao2023en,bbeam1,step-profile-config2-bbeam1-gaokao2023en-exclusive0817,87,87,2,draft|draft_verify,160.44950485229492,31.407594680786133,0.0,141,36,125,2,0,0,1,1,0
gaokao2023en,bbeam1,step-profile-config2-bbeam1-gaokao2023en-exclusive0817,87,87,3,draft|draft_verify|target|target_rescue_verify,327.040433883667,112.55216598510742,345.4933166503906,177,73,378,6,177,51,1,2,1
gaokao2023en,bbeam1,step-profile-config2-bbeam1-gaokao2023en-exclusive0817,87,87,4,draft|draft_verify,47.867774963378906,58.481693267822266,0.0,228,10,190,4,0,0,1,1,0
gaokao2023en,bbeam1,step-profile-config2-bbeam1-gaokao2023en-exclusive0817,87,87,5,draft|draft_verify,165.4188632965088,61.06400489807129,0.0,238,36,228,5,0,0,1,1,0
gaokao2023en,bbeam1,step-profile-config2-bbeam1-gaokao2023en-exclusive0817,87,87,6,draft|draft_verify,150.24352073669434,78.37557792663574,0.0,274,32,262,6,0,0,1,1,0
gaokao2023en,bbeam1,step-profile-config2-bbeam1-gaokao2023en-exclusive0817,87,87,7,draft|draft_verify|target|target_rescue_verify,562.4740123748779,187.63065338134766,576.0161876678467,306,120,741,14,306,93,1,2,1
gaokao2023en,bbeam1,step-profile-config2-bbeam1-gaokao2023en-exclusive0817,87,87,8,draft|draft_verify,64.49246406555176,93.14751625061035,0.0,399,13,372,8,0,0,1,1,0
gaokao2023en,bbeam1,step-profile-config2-bbeam1-gaokao2023en-exclusive0817,87,87,9,draft|draft_verify,67.52181053161621,125.07414817810059,0.0,412,14,388,9,0,0,1,1,0
gaokao2023en,bbeam1,step-profile-config2-bbeam1-gaokao2023en-exclusive0817,87,87,10,draft|draft_verify,35.08901596069336,125.01788139343262,0.0,426,7,397,10,0,0,1,1,0
gaokao2023en,bbeam1,step-profile-config2-bbeam1-gaokao2023en-exclusive0817,87,87,11,draft|draft_verify,149.49607849121094,125.67520141601562,0.0,433,31,430,11,0,0,1,1,0
gaokao2023en,bbeam1,step-profile-config2-bbeam1-gaokao2023en-exclusive0817,87,87,12,draft|draft_verify,86.85302734375,127.56776809692383,0.0,464,18,450,12,0,0,1,1,0
gaokao2023en,bbeam1,step-profile-config2-bbeam1-gaokao2023en-exclusive0817,87,87,13,draft|draft_verify,435.5757236480713,128.06057929992676,0.0,482,91,543,13,0,0,1,1,0
gaokao2023en,bbeam1,step-profile-config2-bbeam1-gaokao2023en-exclusive0817,87,87,14,draft|draft_verify,58.002471923828125,128.59416007995605,0.0,573,11,556,14,0,0,1,1,0
gaokao2023en,bbeam1,step-profile-config2-bbeam1-gaokao2023en-exclusive0817,87,87,15,draft|draft_verify,187.17408180236816,131.06322288513184,0.0,584,45,603,15,0,0,1,1,0
gaokao2023en,bbeam1,step-profile-config2-bbeam1-gaokao2023en-exclusive0817,87,87,16,draft|draft_verify,33.06221961975098,132.43579864501953,0.0,629,6,611,16,0,0,1,1,0
gaokao2023en,bbeam1,step-profile-config2-bbeam1-gaokao2023en-exclusive0817,87,87,17,draft|draft_verify,92.81253814697266,130.51533699035645,0.0,635,19,632,17,0,0,1,1,0
gaokao2023en,bbeam1,step-profile-config2-bbeam1-gaokao2023en-exclusive0817,87,87,18,draft|draft_verify,95.03483772277832,153.60426902770996,0.0,654,21,655,18,0,0,1,1,0
gaokao2023en,bbeam1,step-profile-config2-bbeam1-gaokao2023en-exclusive0817,88,88,1,draft|draft_verify,333.0223560333252,51.04494094848633,0.0,121,73,141,1,0,0,1,1,0
gaokao2023en,bbeam1,step-profile-config2-bbeam1-gaokao2023en-exclusive0817,88,88,2,draft|draft_verify|target|target_rescue_verify,1056.2193393707275,236.81974411010742,2643.23353767395,194,224,966,4,194,456,1,2,1
gaokao2023en,bbeam1,step-profile-config2-bbeam1-gaokao2023en-exclusive0817,88,88,3,draft|draft_verify,1023.0660438537598,174.98302459716797,0.0,650,219,820,3,0,0,1,1,0
gaokao2023en,bbeam1,step-profile-config2-bbeam1-gaokao2023en-exclusive0817,88,88,4,draft|draft_verify,1314.8510456085205,205.28292655944824,0.0,869,199,1021,4,0,0,1,1,0
gaokao2023en,bbeam1,step-profile-config2-bbeam1-gaokao2023en-exclusive0817,88,88,5,draft|draft_verify|target|target_rescue_verify,1594.0320491790771,537.1665954589844,1312.7119541168213,1068,353,2615,10,1068,216,1,2,1
gaokao2023en,bbeam1,step-profile-config2-bbeam1-gaokao2023en-exclusive0817,89,89,1,draft|draft_verify,139.36829566955566,50.8882999420166,0.0,169,29,144,1,0,0,1,1,0
gaokao2023en,bbeam1,step-profile-config2-bbeam1-gaokao2023en-exclusive0817,89,89,2,draft|draft_verify|target|target_rescue_verify,380.4764747619629,121.31667137145996,361.0966205596924,198,83,430,4,198,55,1,2,1
gaokao2023en,bbeam1,step-profile-config2-bbeam1-gaokao2023en-exclusive0817,89,89,3,draft|draft_verify|target|target_rescue_verify,524.6965885162354,188.3859634399414,891.1113739013672,253,112,666,6,253,149,1,2,1
gaokao2023en,bbeam1,step-profile-config2-bbeam1-gaokao2023en-exclusive0817,89,89,4,draft|draft_verify,521.5513706207275,144.07777786254883,0.0,402,109,463,4,0,0,1,1,0
gaokao2023en,bbeam1,step-profile-config2-bbeam1-gaokao2023en-exclusive0817,89,89,5,draft|draft_verify,358.4764003753662,128.19290161132812,0.0,511,74,539,5,0,0,1,1,0
gaokao2023en,bbeam1,step-profile-config2-bbeam1-gaokao2023en-exclusive0817,89,89,6,draft|draft_verify,587.0053768157959,151.95417404174805,0.0,585,112,653,6,0,0,1,1,0
gaokao2023en,bbeam1,step-profile-config2-bbeam1-gaokao2023en-exclusive0817,89,89,7,draft|draft_verify,273.87428283691406,161.18979454040527,0.0,697,65,720,7,0,0,1,1,0
gaokao2023en,bbeam1,step-profile-config2-bbeam1-gaokao2023en-exclusive0817,89,89,8,draft|draft_verify,239.30644989013672,174.27372932434082,0.0,762,49,771,8,0,0,1,1,0
gaokao2023en,bbeam1,step-profile-config2-bbeam1-gaokao2023en-exclusive0817,90,90,1,draft|draft_verify|target|backtracking_verify,377.28285789489746,122.47276306152344,506.300687789917,189,83,435,2,189,82,1,2,1
gaokao2023en,bbeam1,step-profile-config2-bbeam1-gaokao2023en-exclusive0817,90,90,2,draft|draft_verify|target|backtracking_verify|target_rescue_verify,1762.8087997436523,629.2273998260498,7627.823829650879,543,375,2552,8,543,1299,2,4,2
gaokao2023en,bbeam1,step-profile-config2-bbeam1-gaokao2023en-exclusive0817,90,90,3,draft|draft_verify|target|target_rescue_verify|backtracking_verify,936.7225170135498,563.2598400115967,2366.17374420166,783,219,1966,12,783,381,2,4,2
gaokao2023en,bbeam1,step-profile-config2-bbeam1-gaokao2023en-exclusive0817,90,90,4,draft|draft_verify|target|target_rescue_verify|backtracking_verify,1996.8481063842773,924.2048263549805,3719.038486480713,1630,421,4023,24,1630,630,3,6,3
gaokao2023en,bbeam1,step-profile-config2-bbeam1-gaokao2023en-exclusive0817,90,90,5,draft|draft_verify|target|target_rescue_verify,928.7014007568359,614.9489879608154,1711.707353591919,1263,202,2821,20,1263,277,2,4,2
gaokao2023en,bbeam1,step-profile-config2-bbeam1-gaokao2023en-exclusive0817,90,90,6,draft|draft_verify|target|target_rescue_verify,1802.582025527954,905.8825969696045,5461.716890335083,1540,442,4278,24,1540,932,2,4,2
gaokao2023en,bbeam1,step-profile-config2-bbeam1-gaokao2023en-exclusive0817,90,90,7,draft|draft_verify|target|target_rescue_verify,1527.2622108459473,501.5571117401123,734.809160232544,994,332,2351,14,994,115,1,2,1
gaokao2023en,bbeam1,step-profile-config2-bbeam1-gaokao2023en-exclusive0817,91,91,1,draft|draft_verify|target|backtracking_verify,331.4669132232666,66.67685508728027,391.0963535308838,95,74,220,2,95,64,1,2,1
gaokao2023en,bbeam1,step-profile-config2-bbeam1-gaokao2023en-exclusive0817,91,91,2,draft|draft_verify|target|target_rescue_verify,1182.4309825897217,194.8838233947754,336.8058204650879,328,227,618,6,169,50,2,3,1
gaokao2023en,bbeam1,step-profile-config2-bbeam1-gaokao2023en-exclusive0817,91,91,3,draft|draft_verify|target|backtracking_verify,376.53136253356934,250.39219856262207,1293.2870388031006,413,84,786,9,219,220,2,3,1
gaokao2023en,bbeam1,step-profile-config2-bbeam1-gaokao2023en-exclusive0817,91,91,4,draft|draft_verify|target|target_rescue_verify,2232.1507930755615,639.3961906433105,2313.8530254364014,936,484,2450,24,936,382,3,6,3
gaokao2023en,bbeam1,step-profile-config2-bbeam1-gaokao2023en-exclusive0817,91,91,5,draft|draft_verify|target|backtracking_verify|target_rescue_verify,1360.0289821624756,780.7984352111816,2908.1778526306152,1318,296,3143,30,1318,487,3,6,3
gaokao2023en,bbeam1,step-profile-config2-bbeam1-gaokao2023en-exclusive0817,91,91,6,draft|draft_verify|target|target_rescue_verify,897.362470626831,666.2747859954834,1628.5691261291504,1415,191,2671,30,1014,271,3,5,2
gaokao2023en,bbeam1,step-profile-config2-bbeam1-gaokao2023en-exclusive0817,91,91,7,draft|draft_verify,412.8003120422363,126.9521713256836,0.0,413,89,460,7,0,0,1,1,0
gaokao2023en,bbeam1,step-profile-config2-bbeam1-gaokao2023en-exclusive0817,91,91,8,draft|draft_verify,337.50343322753906,129.33683395385742,0.0,502,83,545,8,0,0,1,1,0
gaokao2023en,bbeam1,step-profile-config2-bbeam1-gaokao2023en-exclusive0817,91,91,9,draft|draft_verify|target|backtracking_verify,298.82168769836426,293.5206890106201,610.7995510101318,585,52,1244,18,585,98,1,2,1
gaokao2023en,bbeam1,step-profile-config2-bbeam1-gaokao2023en-exclusive0817,91,91,10,draft|draft_verify|target|target_rescue_verify,927.2520542144775,632.2438716888428,781.036376953125,1320,189,2804,40,1320,119,2,4,2
gaokao2023en,bbeam1,step-profile-config2-bbeam1-gaokao2023en-exclusive0817,91,91,11,draft|draft_verify|target|target_rescue_verify,459.78403091430664,481.7984104156494,153.7015438079834,1439,96,2128,33,679,16,2,3,1
gaokao2023en,bbeam1,step-profile-config2-bbeam1-gaokao2023en-exclusive0817,91,91,12,draft|draft_verify,105.62443733215332,183.00700187683105,0.0,827,21,816,12,0,0,1,1,0
gaokao2023en,bbeam1,step-profile-config2-bbeam1-gaokao2023en-exclusive0817,91,91,13,draft|draft_verify,512.5510692596436,201.7662525177002,0.0,848,108,926,13,0,0,1,1,0
gaokao2023en,bbeam1,step-profile-config2-bbeam1-gaokao2023en-exclusive0817,91,91,14,draft|draft_verify,496.5553283691406,226.78184509277344,0.0,956,108,1036,14,0,0,1,1,0
gaokao2023en,bbeam1,step-profile-config2-bbeam1-gaokao2023en-exclusive0817,91,91,15,draft|draft_verify,101.29761695861816,228.52563858032227,0.0,1064,22,1060,15,0,0,1,1,0
gaokao2023en,bbeam1,step-profile-config2-bbeam1-gaokao2023en-exclusive0817,92,92,1,draft|draft_verify,212.68081665039062,31.46195411682129,0.0,75,48,69,1,0,0,1,1,0
gaokao2023en,bbeam1,step-profile-config2-bbeam1-gaokao2023en-exclusive0817,92,92,2,draft|draft_verify|target|backtracking_verify,247.4827766418457,100.37827491760254,824.3680000305176,123,56,336,4,123,138,1,2,1
gaokao2023en,bbeam1,step-profile-config2-bbeam1-gaokao2023en-exclusive0817,92,92,3,draft|draft_verify|target|target_rescue_verify,392.9407596588135,112.90860176086426,359.24363136291504,179,89,401,6,179,54,1,2,1
gaokao2023en,bbeam1,step-profile-config2-bbeam1-gaokao2023en-exclusive0817,92,92,4,draft|draft_verify|target|target_rescue_verify,253.95846366882324,137.76779174804688,343.2188034057617,233,56,480,8,233,54,1,2,1
gaokao2023en,bbeam1,step-profile-config2-bbeam1-gaokao2023en-exclusive0817,92,92,5,draft|draft_verify,269.52338218688965,87.40830421447754,0.0,287,57,298,5,0,0,1,1,0
gaokao2023en,bbeam1,step-profile-config2-bbeam1-gaokao2023en-exclusive0817,92,92,6,draft|draft_verify|target|target_rescue_verify,283.47039222717285,209.51437950134277,208.9216709136963,344,60,689,12,344,29,1,2,1
gaokao2023en,bbeam1,step-profile-config2-bbeam1-gaokao2023en-exclusive0817,92,92,7,draft|draft_verify,276.5324115753174,125.29397010803223,0.0,373,59,390,7,0,0,1,1,0
gaokao2023en,bbeam1,step-profile-config2-bbeam1-gaokao2023en-exclusive0817,92,92,8,draft|draft_verify,139.05787467956543,125.98919868469238,0.0,432,29,421,8,0,0,1,1,0
gaokao2023en,bbeam1,step-profile-config2-bbeam1-gaokao2023en-exclusive0817,93,93,1,draft|draft_verify,189.88585472106934,31.145095825195312,0.0,118,42,106,1,0,0,1,1,0
gaokao2023en,bbeam1,step-profile-config2-bbeam1-gaokao2023en-exclusive0817,93,93,2,draft|draft_verify|target|target_rescue_verify,240.4472827911377,100.54850578308105,236.39607429504395,160,54,305,4,160,35,1,2,1
gaokao2023en,bbeam1,step-profile-config2-bbeam1-gaokao2023en-exclusive0817,93,93,3,draft|draft_verify,144.96898651123047,50.19736289978027,0.0,195,32,177,3,0,0,1,1,0
gaokao2023en,bbeam1,step-profile-config2-bbeam1-gaokao2023en-exclusive0817,93,93,4,draft|draft_verify,148.9427089691162,60.47987937927246,0.0,227,33,212,4,0,0,1,1,0
gaokao2023en,bbeam1,step-profile-config2-bbeam1-gaokao2023en-exclusive0817,93,93,5,draft|draft_verify,180.7882785797119,61.99288368225098,0.0,260,38,252,5,0,0,1,1,0
gaokao2023en,bbeam1,step-profile-config2-bbeam1-gaokao2023en-exclusive0817,93,93,6,draft|draft_verify,249.73225593566895,87.73589134216309,0.0,298,53,307,6,0,0,1,1,0
gaokao2023en,bbeam1,step-profile-config2-bbeam1-gaokao2023en-exclusive0817,93,93,7,draft|draft_verify|target|target_rescue_verify,267.05241203308105,208.63008499145508,367.0990467071533,351,55,727,14,351,54,1,2,1
gaokao2023en,bbeam1,step-profile-config2-bbeam1-gaokao2023en-exclusive0817,93,93,8,draft|draft_verify|target|target_rescue_verify,265.244722366333,252.62737274169922,400.29096603393555,405,56,847,16,405,61,1,2,1
gaokao2023en,bbeam1,step-profile-config2-bbeam1-gaokao2023en-exclusive0817,93,93,9,draft|draft_verify,980.4809093475342,152.59027481079102,0.0,466,241,669,9,0,0,1,1,0
gaokao2023en,bbeam1,step-profile-config2-bbeam1-gaokao2023en-exclusive0817,93,93,10,draft|draft_verify,249.56059455871582,155.73453903198242,0.0,707,54,725,10,0,0,1,1,0
gaokao2023en,bbeam1,step-profile-config2-bbeam1-gaokao2023en-exclusive0817,93,93,11,draft|draft_verify,9001.009702682495,572.5119113922119,0.0,761,2049,2775,11,0,0,1,1,0
gaokao2023en,bbeam1,step-profile-config2-bbeam1-gaokao2023en-exclusive0817,94,94,1,draft|draft_verify,198.33087921142578,30.417680740356445,0.0,111,46,103,1,0,0,1,1,0
gaokao2023en,bbeam1,step-profile-config2-bbeam1-gaokao2023en-exclusive0817,94,94,2,draft|draft_verify,384.6704959869385,60.82463264465332,0.0,157,88,193,2,0,0,1,1,0
gaokao2023en,bbeam1,step-profile-config2-bbeam1-gaokao2023en-exclusive0817,94,94,3,draft|draft_verify,147.68433570861816,61.3255500793457,0.0,245,32,227,3,0,0,1,1,0
gaokao2023en,bbeam1,step-profile-config2-bbeam1-gaokao2023en-exclusive0817,94,94,4,draft|draft_verify|target|target_rescue_verify,255.89299201965332,165.5406951904297,509.45210456848145,277,55,590,8,277,77,1,2,1
gaokao2023en,bbeam1,step-profile-config2-bbeam1-gaokao2023en-exclusive0817,94,94,5,draft|draft_verify,122.42388725280762,100.1582145690918,0.0,354,25,333,5,0,0,1,1,0
gaokao2023en,bbeam1,step-profile-config2-bbeam1-gaokao2023en-exclusive0817,94,94,6,draft|draft_verify,119.37212944030762,92.68712997436523,0.0,379,25,360,6,0,0,1,1,0
gaokao2023en,bbeam1,step-profile-config2-bbeam1-gaokao2023en-exclusive0817,94,94,7,draft|draft_verify|target|target_rescue_verify,450.38604736328125,251.59144401550293,241.12462997436523,404,100,859,14,404,35,1,2,1
gaokao2023en,bbeam1,step-profile-config2-bbeam1-gaokao2023en-exclusive0817,94,94,8,draft|draft_verify,62.19363212585449,125.09441375732422,0.0,439,15,414,8,0,0,1,1,0
gaokao2023en,bbeam1,step-profile-config2-bbeam1-gaokao2023en-exclusive0817,94,94,9,draft|draft_verify,180.741548538208,127.41613388061523,0.0,454,44,460,9,0,0,1,1,0
gaokao2023en,bbeam1,step-profile-config2-bbeam1-gaokao2023en-exclusive0817,94,94,10,draft|draft_verify,52.21295356750488,128.25870513916016,0.0,498,10,472,10,0,0,1,1,0
gaokao2023en,bbeam1,step-profile-config2-bbeam1-gaokao2023en-exclusive0817,94,94,11,draft|draft_verify,246.3974952697754,127.95543670654297,0.0,508,50,524,11,0,0,1,1,0
gaokao2023en,bbeam1,step-profile-config2-bbeam1-gaokao2023en-exclusive0817,94,94,12,draft|draft_verify,55.62543869018555,129.8387050628662,0.0,558,11,537,12,0,0,1,1,0
gaokao2023en,bbeam1,step-profile-config2-bbeam1-gaokao2023en-exclusive0817,94,94,13,draft|draft_verify,71.990966796875,129.40573692321777,0.0,569,10,549,13,0,0,1,1,0
gaokao2023en,bbeam1,step-profile-config2-bbeam1-gaokao2023en-exclusive0817,95,95,1,draft|draft_verify|target|target_rescue_verify,871.551513671875,120.27192115783691,662.6987457275391,122,143,388,2,122,107,1,2,1
gaokao2023en,bbeam1,step-profile-config2-bbeam1-gaokao2023en-exclusive0817,95,95,2,draft|draft_verify,460.31761169433594,69.69451904296875,0.0,229,73,251,2,0,0,1,1,0
gaokao2023en,bbeam1,step-profile-config2-bbeam1-gaokao2023en-exclusive0817,95,95,3,draft|draft_verify|target|target_rescue_verify,836.8456363677979,235.9905242919922,557.4443340301514,302,163,748,6,302,79,1,2,1
gaokao2023en,bbeam1,step-profile-config2-bbeam1-gaokao2023en-exclusive0817,95,95,4,draft|draft_verify|target|backtracking_verify,176.0232448577881,218.6868190765381,473.94561767578125,381,33,776,8,381,75,1,2,1
gaokao2023en,bbeam1,step-profile-config2-bbeam1-gaokao2023en-exclusive0817,95,95,5,draft|draft_verify|target|target_rescue_verify,404.81090545654297,270.5199718475342,754.403829574585,414,84,945,10,414,123,1,2,1
gaokao2023en,bbeam1,step-profile-config2-bbeam1-gaokao2023en-exclusive0817,95,95,6,draft|draft_verify,528.6946296691895,132.232666015625,0.0,537,113,607,6,0,0,1,1,0
gaokao2023en,bbeam1,step-profile-config2-bbeam1-gaokao2023en-exclusive0817,95,95,7,draft|draft_verify,489.5899295806885,154.47568893432617,0.0,650,105,714,7,0,0,1,1,0
gaokao2023en,bbeam1,step-profile-config2-bbeam1-gaokao2023en-exclusive0817,95,95,8,draft|draft_verify|target|target_rescue_verify,440.3402805328369,351.5479564666748,625.2486705780029,755,93,1623,16,755,98,1,2,1
gaokao2023en,bbeam1,step-profile-config2-bbeam1-gaokao2023en-exclusive0817,95,95,9,draft|draft_verify,288.8307571411133,177.9768466949463,0.0,853,61,877,9,0,0,1,1,0
gaokao2023en,bbeam1,step-profile-config2-bbeam1-gaokao2023en-exclusive0817,95,95,10,draft|draft_verify|target|target_rescue_verify,839.7886753082275,430.1331043243408,307.1560859680176,914,179,1981,20,914,44,1,2,1
gaokao2023en,bbeam1,step-profile-config2-bbeam1-gaokao2023en-exclusive0817,95,95,11,draft|draft_verify,84.98811721801758,200.92225074768066,0.0,958,17,942,11,0,0,1,1,0
gaokao2023en,bbeam1,step-profile-config2-bbeam1-gaokao2023en-exclusive0817,95,95,12,draft|draft_verify,83.24599266052246,193.19987297058105,0.0,975,16,960,12,0,0,1,1,0
gaokao2023en,bbeam1,step-profile-config2-bbeam1-gaokao2023en-exclusive0817,96,96,1,draft|draft_verify,191.38455390930176,30.899524688720703,0.0,82,42,70,1,0,0,1,1,0
gaokao2023en,bbeam1,step-profile-config2-bbeam1-gaokao2023en-exclusive0817,96,96,2,draft|draft_verify,264.7240161895752,46.34284973144531,0.0,124,59,131,2,0,0,1,1,0
gaokao2023en,bbeam1,step-profile-config2-bbeam1-gaokao2023en-exclusive0817,96,96,3,draft|draft_verify,23.5903263092041,50.499677658081055,0.0,183,5,138,3,0,0,1,1,0
gaokao2023en,bbeam1,step-profile-config2-bbeam1-gaokao2023en-exclusive0817,96,96,4,draft|draft_verify,121.2761402130127,51.12624168395996,0.0,188,26,166,4,0,0,1,1,0
gaokao2023en,bbeam1,step-profile-config2-bbeam1-gaokao2023en-exclusive0817,96,96,5,draft|draft_verify,42.83571243286133,51.262855529785156,0.0,214,9,177,5,0,0,1,1,0
gaokao2023en,bbeam1,step-profile-config2-bbeam1-gaokao2023en-exclusive0817,96,96,6,draft|draft_verify,120.96452713012695,59.355974197387695,0.0,223,26,205,6,0,0,1,1,0
gaokao2023en,bbeam1,step-profile-config2-bbeam1-gaokao2023en-exclusive0817,96,96,7,draft|draft_verify,61.989784240722656,59.53645706176758,0.0,249,13,220,7,0,0,1,1,0
gaokao2023en,bbeam1,step-profile-config2-bbeam1-gaokao2023en-exclusive0817,96,96,8,draft|draft_verify|target|target_rescue_verify,121.97089195251465,125.30899047851562,197.18384742736816,262,25,493,16,262,24,1,2,1
gaokao2023en,bbeam1,step-profile-config2-bbeam1-gaokao2023en-exclusive0817,96,96,9,draft|draft_verify,49.32737350463867,77.61502265930176,0.0,286,10,258,9,0,0,1,1,0
gaokao2023en,bbeam1,step-profile-config2-bbeam1-gaokao2023en-exclusive0817,96,96,10,draft|draft_verify,127.08473205566406,76.51948928833008,0.0,296,27,287,10,0,0,1,1,0
gaokao2023en,bbeam1,step-profile-config2-bbeam1-gaokao2023en-exclusive0817,96,96,11,draft|draft_verify,121.19555473327637,77.15821266174316,0.0,323,26,315,11,0,0,1,1,0
gaokao2023en,bbeam1,step-profile-config2-bbeam1-gaokao2023en-exclusive0817,96,96,12,draft|draft_verify,80.02471923828125,91.51649475097656,0.0,349,17,334,12,0,0,1,1,0
gaokao2023en,bbeam1,step-profile-config2-bbeam1-gaokao2023en-exclusive0817,96,96,13,draft|draft_verify,70.5270767211914,91.90726280212402,0.0,366,15,351,13,0,0,1,1,0
gaokao2023en,bbeam1,step-profile-config2-bbeam1-gaokao2023en-exclusive0817,96,96,14,draft|draft_verify,100.90517997741699,92.54193305969238,0.0,381,20,373,14,0,0,1,1,0
gaokao2023en,bbeam1,step-profile-config2-bbeam1-gaokao2023en-exclusive0817,96,96,15,draft|draft_verify,108.12807083129883,124.01866912841797,0.0,401,20,395,15,0,0,1,1,0
gaokao2023en,bbeam1,step-profile-config2-bbeam1-gaokao2023en-exclusive0817,96,96,16,draft|draft_verify,116.99581146240234,125.25153160095215,0.0,421,22,419,16,0,0,1,1,0
gaokao2023en,bbeam1,step-profile-config2-bbeam1-gaokao2023en-exclusive0817,96,96,17,draft|draft_verify,39.446353912353516,125.7786750793457,0.0,443,8,429,17,0,0,1,1,0
gaokao2023en,bbeam1,step-profile-config2-bbeam1-gaokao2023en-exclusive0817,96,96,18,draft|draft_verify,96.01998329162598,126.48272514343262,0.0,451,20,451,18,0,0,1,1,0
gaokao2023en,bbeam1,step-profile-config2-bbeam1-gaokao2023en-exclusive0817,96,96,19,draft|draft_verify|target|backtracking_verify,57.71160125732422,252.5947093963623,64.08262252807617,471,12,922,38,471,4,1,2,1
gaokao2023en,bbeam1,step-profile-config2-bbeam1-gaokao2023en-exclusive0817,96,96,20,draft|draft_verify|target|backtracking_verify|target_rescue_verify,192.21806526184082,556.3664436340332,293.29776763916016,958,42,1927,80,958,33,2,4,2
gaokao2023en,bbeam1,step-profile-config2-bbeam1-gaokao2023en-exclusive0817,96,96,21,draft|draft_verify|target|target_rescue_verify,710.7276916503906,647.5708484649658,1384.9248886108398,1489,152,2785,105,996,218,3,5,2
gaokao2023en,bbeam1,step-profile-config2-bbeam1-gaokao2023en-exclusive0817,96,96,22,draft|draft_verify|target|target_rescue_verify,1129.530668258667,749.0565776824951,898.9856243133545,1779,252,3326,110,1214,141,3,5,2
gaokao2023en,bbeam1,step-profile-config2-bbeam1-gaokao2023en-exclusive0817,96,96,23,draft|draft_verify|target|backtracking_verify,262.89963722229004,741.0280704498291,174.6675968170166,1938,55,3311,115,1355,13,3,5,2
gaokao2023en,bbeam1,step-profile-config2-bbeam1-gaokao2023en-exclusive0817,96,96,24,draft|draft_verify|target|target_rescue_verify,340.592622756958,1391.6985988616943,497.1036911010742,3361,66,6148,216,2745,48,5,9,4
gaokao2023en,bbeam1,step-profile-config2-bbeam1-gaokao2023en-exclusive0817,96,96,25,draft|draft_verify,206.2389850616455,158.10656547546387,0.0,634,44,672,25,0,0,1,1,0
gaokao2023en,bbeam1,step-profile-config2-bbeam1-gaokao2023en-exclusive0817,96,96,26,draft|draft_verify,84.39278602600098,154.1140079498291,0.0,678,18,692,26,0,0,1,1,0
gaokao2023en,bbeam1,step-profile-config2-bbeam1-gaokao2023en-exclusive0817,96,96,27,draft|draft_verify,93.66631507873535,155.34305572509766,0.0,696,20,714,27,0,0,1,1,0
gaokao2023en,bbeam1,step-profile-config2-bbeam1-gaokao2023en-exclusive0817,96,96,28,draft|draft_verify,85.89959144592285,155.25293350219727,0.0,716,18,734,28,0,0,1,1,0
gaokao2023en,bbeam1,step-profile-config2-bbeam1-gaokao2023en-exclusive0817,96,96,29,draft|draft_verify,173.63286018371582,175.53973197937012,0.0,734,36,772,29,0,0,1,1,0
gaokao2023en,bbeam1,step-profile-config2-bbeam1-gaokao2023en-exclusive0817,96,96,30,draft|draft_verify,88.56964111328125,167.02580451965332,0.0,770,18,792,30,0,0,1,1,0
gaokao2023en,bbeam1,step-profile-config2-bbeam1-gaokao2023en-exclusive0817,96,96,31,draft|draft_verify,97.95880317687988,175.34852027893066,0.0,788,20,814,31,0,0,1,1,0
gaokao2023en,bbeam1,step-profile-config2-bbeam1-gaokao2023en-exclusive0817,96,96,32,draft|draft_verify,88.29712867736816,177.1068572998047,0.0,808,18,834,32,0,0,1,1,0
gaokao2023en,bbeam1,step-profile-config2-bbeam1-gaokao2023en-exclusive0817,96,96,33,draft|draft_verify,65.14310836791992,175.99725723266602,0.0,826,13,849,33,0,0,1,1,0
gaokao2023en,bbeam1,step-profile-config2-bbeam1-gaokao2023en-exclusive0817,96,96,34,draft|draft_verify,89.0190601348877,177.78897285461426,0.0,839,18,869,34,0,0,1,1,0
gaokao2023en,bbeam1,step-profile-config2-bbeam1-gaokao2023en-exclusive0817,96,96,35,draft|draft_verify,98.18696975708008,177.7479648590088,0.0,857,20,891,35,0,0,1,1,0
gaokao2023en,bbeam1,step-profile-config2-bbeam1-gaokao2023en-exclusive0817,96,96,36,draft|draft_verify,88.78135681152344,1230.9832572937012,0.0,877,18,911,36,0,0,1,1,0
gaokao2023en,bbeam1,step-profile-config2-bbeam1-gaokao2023en-exclusive0817,96,96,37,draft|draft_verify,73.49157333374023,203.385591506958,0.0,895,13,926,37,0,0,1,1,0
gaokao2023en,bbeam1,step-profile-config2-bbeam1-gaokao2023en-exclusive0817,96,96,38,draft|draft_verify,88.04440498352051,202.09479331970215,0.0,908,18,946,38,0,0,1,1,0
gaokao2023en,bbeam1,step-profile-config2-bbeam1-gaokao2023en-exclusive0817,96,96,39,draft|draft_verify,96.02189064025879,210.45303344726562,0.0,926,20,968,39,0,0,1,1,0
gaokao2023en,bbeam1,step-profile-config2-bbeam1-gaokao2023en-exclusive0817,96,96,40,draft|draft_verify,90.72136878967285,203.0777931213379,0.0,946,18,988,40,0,0,1,1,0
gaokao2023en,bbeam1,step-profile-config2-bbeam1-gaokao2023en-exclusive0817,96,96,41,draft|draft_verify,67.69514083862305,204.82277870178223,0.0,964,13,1003,41,0,0,1,1,0
gaokao2023en,bbeam1,step-profile-config2-bbeam1-gaokao2023en-exclusive0817,96,96,42,draft|draft_verify,94.2373275756836,203.9344310760498,0.0,977,18,1023,42,0,0,1,1,0
gaokao2023en,bbeam1,step-profile-config2-bbeam1-gaokao2023en-exclusive0817,96,96,43,draft|draft_verify,110.09430885314941,231.1387062072754,0.0,995,20,1045,43,0,0,1,1,0
gaokao2023en,bbeam1,step-profile-config2-bbeam1-gaokao2023en-exclusive0817,96,96,44,draft|draft_verify,99.85995292663574,231.64844512939453,0.0,1015,18,1065,44,0,0,1,1,0
gaokao2023en,bbeam1,step-profile-config2-bbeam1-gaokao2023en-exclusive0817,96,96,45,draft|draft_verify,70.2974796295166,225.54826736450195,0.0,1033,13,1080,45,0,0,1,1,0
gaokao2023en,bbeam1,step-profile-config2-bbeam1-gaokao2023en-exclusive0817,96,96,46,draft|draft_verify,84.70034599304199,232.18464851379395,0.0,1046,18,1100,46,0,0,1,1,0
gaokao2023en,bbeam1,step-profile-config2-bbeam1-gaokao2023en-exclusive0817,96,96,47,draft|draft_verify,109.67803001403809,240.2944564819336,0.0,1064,20,1122,47,0,0,1,1,0
gaokao2023en,bbeam1,step-profile-config2-bbeam1-gaokao2023en-exclusive0817,96,96,48,draft|draft_verify,93.1694507598877,233.16669464111328,0.0,1084,18,1142,48,0,0,1,1,0
gaokao2023en,bbeam1,step-profile-config2-bbeam1-gaokao2023en-exclusive0817,96,96,49,draft|draft_verify,64.6979808807373,258.4531307220459,0.0,1102,13,1157,49,0,0,1,1,0
gaokao2023en,bbeam1,step-profile-config2-bbeam1-gaokao2023en-exclusive0817,96,96,50,draft|draft_verify,93.75596046447754,260.62750816345215,0.0,1115,18,1177,50,0,0,1,1,0
gaokao2023en,bbeam1,step-profile-config2-bbeam1-gaokao2023en-exclusive0817,96,96,51,draft|draft_verify,88.26446533203125,258.0103874206543,0.0,1133,20,1199,51,0,0,1,1,0
gaokao2023en,bbeam1,step-profile-config2-bbeam1-gaokao2023en-exclusive0817,96,96,52,draft|draft_verify,84.79118347167969,260.1776123046875,0.0,1153,18,1219,52,0,0,1,1,0
gaokao2023en,bbeam1,step-profile-config2-bbeam1-gaokao2023en-exclusive0817,96,96,53,draft|draft_verify,65.93918800354004,262.2416019439697,0.0,1171,13,1234,53,0,0,1,1,0
gaokao2023en,bbeam1,step-profile-config2-bbeam1-gaokao2023en-exclusive0817,96,96,54,draft|draft_verify,83.27984809875488,268.85318756103516,0.0,1184,18,1254,54,0,0,1,1,0
gaokao2023en,bbeam1,step-profile-config2-bbeam1-gaokao2023en-exclusive0817,96,96,55,draft|draft_verify,101.26233100891113,265.5315399169922,0.0,1202,20,1276,55,0,0,1,1,0
gaokao2023en,bbeam1,step-profile-config2-bbeam1-gaokao2023en-exclusive0817,96,96,56,draft|draft_verify,88.95444869995117,275.67601203918457,0.0,1222,18,1296,56,0,0,1,1,0
gaokao2023en,bbeam1,step-profile-config2-bbeam1-gaokao2023en-exclusive0817,96,96,57,draft|draft_verify,53.95936965942383,281.1570167541504,0.0,1240,13,1311,57,0,0,1,1,0
gaokao2023en,bbeam1,step-profile-config2-bbeam1-gaokao2023en-exclusive0817,96,96,58,draft|draft_verify,90.71469306945801,282.6719284057617,0.0,1253,18,1331,58,0,0,1,1,0
gaokao2023en,bbeam1,step-profile-config2-bbeam1-gaokao2023en-exclusive0817,96,96,59,draft|draft_verify,101.08327865600586,282.1238040924072,0.0,1271,20,1353,59,0,0,1,1,0
gaokao2023en,bbeam1,step-profile-config2-bbeam1-gaokao2023en-exclusive0817,96,96,60,draft|draft_verify,90.05165100097656,283.60724449157715,0.0,1291,18,1373,60,0,0,1,1,0
gaokao2023en,bbeam1,step-profile-config2-bbeam1-gaokao2023en-exclusive0817,96,96,61,draft|draft_verify,66.66445732116699,284.5296859741211,0.0,1309,13,1388,61,0,0,1,1,0
gaokao2023en,bbeam1,step-profile-config2-bbeam1-gaokao2023en-exclusive0817,96,96,62,draft|draft_verify,101.97234153747559,282.89318084716797,0.0,1322,18,1408,62,0,0,1,1,0
gaokao2023en,bbeam1,step-profile-config2-bbeam1-gaokao2023en-exclusive0817,96,96,63,draft|draft_verify,98.9072322845459,312.61706352233887,0.0,1340,20,1430,63,0,0,1,1,0
gaokao2023en,bbeam1,step-profile-config2-bbeam1-gaokao2023en-exclusive0817,96,96,64,draft|draft_verify,88.23680877685547,313.76004219055176,0.0,1360,18,1450,64,0,0,1,1,0
gaokao2023en,bbeam1,step-profile-config2-bbeam1-gaokao2023en-exclusive0817,96,96,65,draft|draft_verify,65.96899032592773,318.0985450744629,0.0,1378,13,1465,65,0,0,1,1,0
gaokao2023en,bbeam1,step-profile-config2-bbeam1-gaokao2023en-exclusive0817,96,96,66,draft|draft_verify,87.81123161315918,318.79615783691406,0.0,1391,18,1485,66,0,0,1,1,0
gaokao2023en,bbeam1,step-profile-config2-bbeam1-gaokao2023en-exclusive0817,96,96,67,draft|draft_verify,98.83999824523926,316.27774238586426,0.0,1409,20,1507,67,0,0,1,1,0
gaokao2023en,bbeam1,step-profile-config2-bbeam1-gaokao2023en-exclusive0817,96,96,68,draft|draft_verify,88.4246826171875,319.0591335296631,0.0,1429,18,1527,68,0,0,1,1,0
gaokao2023en,bbeam1,step-profile-config2-bbeam1-gaokao2023en-exclusive0817,96,96,69,draft|draft_verify,65.40942192077637,336.0424041748047,0.0,1447,13,1542,69,0,0,1,1,0
gaokao2023en,bbeam1,step-profile-config2-bbeam1-gaokao2023en-exclusive0817,96,96,70,draft|draft_verify,94.93088722229004,337.0018005371094,0.0,1460,18,1562,70,0,0,1,1,0
gaokao2023en,bbeam1,step-profile-config2-bbeam1-gaokao2023en-exclusive0817,96,96,71,draft|draft_verify,84.7008228302002,334.4895839691162,0.0,1478,20,1584,71,0,0,1,1,0
gaokao2023en,bbeam1,step-profile-config2-bbeam1-gaokao2023en-exclusive0817,96,96,72,draft|draft_verify,75.58846473693848,339.08939361572266,0.0,1498,18,1604,72,0,0,1,1,0
gaokao2023en,bbeam1,step-profile-config2-bbeam1-gaokao2023en-exclusive0817,96,96,73,draft|draft_verify,64.61334228515625,337.45622634887695,0.0,1516,13,1619,73,0,0,1,1,0
gaokao2023en,bbeam1,step-profile-config2-bbeam1-gaokao2023en-exclusive0817,96,96,74,draft|draft_verify,74.74875450134277,338.8328552246094,0.0,1529,18,1639,74,0,0,1,1,0
gaokao2023en,bbeam1,step-profile-config2-bbeam1-gaokao2023en-exclusive0817,96,96,75,draft|draft_verify,99.68829154968262,334.6831798553467,0.0,1547,20,1661,75,0,0,1,1,0
gaokao2023en,bbeam1,step-profile-config2-bbeam1-gaokao2023en-exclusive0817,96,96,76,draft|draft_verify,89.28990364074707,357.8758239746094,0.0,1567,18,1681,76,0,0,1,1,0
gaokao2023en,bbeam1,step-profile-config2-bbeam1-gaokao2023en-exclusive0817,96,96,77,draft|draft_verify,67.17157363891602,355.2126884460449,0.0,1585,13,1696,77,0,0,1,1,0
gaokao2023en,bbeam1,step-profile-config2-bbeam1-gaokao2023en-exclusive0817,96,96,78,draft|draft_verify,90.78788757324219,358.28423500061035,0.0,1598,18,1716,78,0,0,1,1,0
gaokao2023en,bbeam1,step-profile-config2-bbeam1-gaokao2023en-exclusive0817,96,96,79,draft|draft_verify,96.62079811096191,371.46949768066406,0.0,1616,20,1738,79,0,0,1,1,0
gaokao2023en,bbeam1,step-profile-config2-bbeam1-gaokao2023en-exclusive0817,96,96,80,draft|draft_verify,89.07556533813477,366.09482765197754,0.0,1636,18,1758,80,0,0,1,1,0
gaokao2023en,bbeam1,step-profile-config2-bbeam1-gaokao2023en-exclusive0817,96,96,81,draft|draft_verify,68.93634796142578,369.13061141967773,0.0,1654,13,1773,81,0,0,1,1,0
gaokao2023en,bbeam1,step-profile-config2-bbeam1-gaokao2023en-exclusive0817,96,96,82,draft|draft_verify,91.44043922424316,396.35443687438965,0.0,1667,18,1793,82,0,0,1,1,0
gaokao2023en,bbeam1,step-profile-config2-bbeam1-gaokao2023en-exclusive0817,96,96,83,draft|draft_verify,98.95944595336914,393.94450187683105,0.0,1685,20,1815,83,0,0,1,1,0
gaokao2023en,bbeam1,step-profile-config2-bbeam1-gaokao2023en-exclusive0817,96,96,84,draft|draft_verify,82.12423324584961,394.92249488830566,0.0,1705,18,1835,84,0,0,1,1,0
gaokao2023en,bbeam1,step-profile-config2-bbeam1-gaokao2023en-exclusive0817,96,96,85,draft|draft_verify,67.2311782836914,395.4739570617676,0.0,1723,13,1850,85,0,0,1,1,0
gaokao2023en,bbeam1,step-profile-config2-bbeam1-gaokao2023en-exclusive0817,96,96,86,draft|draft_verify,90.72995185852051,401.83091163635254,0.0,1736,18,1870,86,0,0,1,1,0
gaokao2023en,bbeam1,step-profile-config2-bbeam1-gaokao2023en-exclusive0817,96,96,87,draft|draft_verify,106.1851978302002,399.94359016418457,0.0,1754,20,1892,87,0,0,1,1,0
gaokao2023en,bbeam1,step-profile-config2-bbeam1-gaokao2023en-exclusive0817,96,96,88,draft|draft_verify,91.53175354003906,404.9553871154785,0.0,1774,18,1912,88,0,0,1,1,0
gaokao2023en,bbeam1,step-profile-config2-bbeam1-gaokao2023en-exclusive0817,96,96,89,draft|draft_verify,92.75293350219727,420.29690742492676,0.0,1792,13,1927,89,0,0,1,1,0
gaokao2023en,bbeam1,step-profile-config2-bbeam1-gaokao2023en-exclusive0817,97,97,1,draft|draft_verify,208.80818367004395,30.92789649963379,0.0,104,42,93,1,0,0,1,1,0
gaokao2023en,bbeam1,step-profile-config2-bbeam1-gaokao2023en-exclusive0817,97,97,2,draft|draft_verify,260.4813575744629,51.60093307495117,0.0,146,57,152,2,0,0,1,1,0
gaokao2023en,bbeam1,step-profile-config2-bbeam1-gaokao2023en-exclusive0817,97,97,3,draft|draft_verify|target|target_rescue_verify,8852.689027786255,555.7854175567627,449.57947731018066,203,2049,2419,6,203,63,1,2,1
gaokao2023en,bbeam1,step-profile-config2-bbeam1-gaokao2023en-exclusive0817,97,97,4,draft|draft_verify,45.24374008178711,60.12439727783203,0.0,266,9,228,4,0,0,1,1,0
gaokao2023en,bbeam1,step-profile-config2-bbeam1-gaokao2023en-exclusive0817,97,97,5,draft|draft_verify,1084.707260131836,129.54235076904297,0.0,275,231,461,5,0,0,1,1,0
gaokao2023en,bbeam1,step-profile-config2-bbeam1-gaokao2023en-exclusive0817,97,97,6,draft|draft_verify,62.57319450378418,128.1142234802246,0.0,506,13,476,6,0,0,1,1,0
gaokao2023en,bbeam1,step-profile-config2-bbeam1-gaokao2023en-exclusive0817,97,97,7,draft|draft_verify|target|target_rescue_verify,81.33912086486816,288.4657382965088,156.14748001098633,519,17,989,14,519,16,1,2,1
gaokao2023en,bbeam1,step-profile-config2-bbeam1-gaokao2023en-exclusive0817,97,97,8,draft|draft_verify,68.01176071166992,136.87396049499512,0.0,535,14,510,8,0,0,1,1,0
gaokao2023en,bbeam1,step-profile-config2-bbeam1-gaokao2023en-exclusive0817,97,97,9,draft|draft_verify|target|target_rescue_verify,9071.563243865967,668.1668758392334,483.3221435546875,549,2048,3148,18,549,76,1,2,1
gaokao2023en,bbeam1,step-profile-config2-bbeam1-gaokao2023en-exclusive0817,97,97,10,draft|draft_verify,96.32706642150879,132.1542263031006,0.0,625,20,610,10,0,0,1,1,0
gaokao2023en,bbeam1,step-profile-config2-bbeam1-gaokao2023en-exclusive0817,97,97,11,draft|draft_verify,94.96331214904785,133.2087516784668,0.0,645,19,631,11,0,0,1,1,0
gaokao2023en,bbeam1,step-profile-config2-bbeam1-gaokao2023en-exclusive0817,98,98,1,draft|draft_verify,185.3475570678711,47.04427719116211,0.0,145,41,132,1,0,0,1,1,0
gaokao2023en,bbeam1,step-profile-config2-bbeam1-gaokao2023en-exclusive0817,98,98,2,draft|draft_verify,449.6266841888428,60.913801193237305,0.0,186,99,233,2,0,0,1,1,0
gaokao2023en,bbeam1,step-profile-config2-bbeam1-gaokao2023en-exclusive0817,98,98,3,draft|draft_verify,248.5964298248291,76.65133476257324,0.0,285,53,288,3,0,0,1,1,0
gaokao2023en,bbeam1,step-profile-config2-bbeam1-gaokao2023en-exclusive0817,98,98,4,draft|draft_verify,584.8486423492432,142.02332496643066,0.0,338,125,415,4,0,0,1,1,0
gaokao2023en,bbeam1,step-profile-config2-bbeam1-gaokao2023en-exclusive0817,98,98,5,draft|draft_verify,389.5566463470459,139.09673690795898,0.0,463,83,500,5,0,0,1,1,0
gaokao2023en,bbeam1,step-profile-config2-bbeam1-gaokao2023en-exclusive0817,98,98,6,draft|draft_verify,184.62848663330078,129.21881675720215,0.0,546,39,541,6,0,0,1,1,0
gaokao2023en,bbeam1,step-profile-config2-bbeam1-gaokao2023en-exclusive0817,98,98,7,draft|draft_verify|target|target_rescue_verify,503.8583278656006,11712.026834487915,531.1088562011719,585,108,1272,14,585,78,1,2,1
gaokao2023en,bbeam1,step-profile-config2-bbeam1-gaokao2023en-exclusive0817,98,98,8,draft|draft_verify,277.7667045593262,160.0508689880371,0.0,663,57,680,8,0,0,1,1,0
gaokao2023en,bbeam1,step-profile-config2-bbeam1-gaokao2023en-exclusive0817,98,98,9,draft|draft_verify,80.05738258361816,153.63788604736328,0.0,720,15,697,9,0,0,1,1,0
gaokao2023en,bbeam1,step-profile-config2-bbeam1-gaokao2023en-exclusive0817,99,99,1,draft|draft_verify,453.36008071899414,51.390886306762695,0.0,124,105,175,1,0,0,1,1,0
gaokao2023en,bbeam1,step-profile-config2-bbeam1-gaokao2023en-exclusive0817,99,99,2,draft|draft_verify,107.90157318115234,60.43434143066406,0.0,229,26,203,2,0,0,1,1,0
gaokao2023en,bbeam1,step-profile-config2-bbeam1-gaokao2023en-exclusive0817,99,99,3,draft|draft_verify,49.282073974609375,60.54401397705078,0.0,255,12,217,3,0,0,1,1,0
gaokao2023en,bbeam1,step-profile-config2-bbeam1-gaokao2023en-exclusive0817,99,99,4,draft|draft_verify,94.89893913269043,60.1649284362793,0.0,267,23,242,4,0,0,1,1,0
gaokao2023en,bbeam1,step-profile-config2-bbeam1-gaokao2023en-exclusive0817,99,99,5,draft|draft_verify,44.38281059265137,60.37187576293945,0.0,290,11,255,5,0,0,1,1,0
gaokao2023en,bbeam1,step-profile-config2-bbeam1-gaokao2023en-exclusive0817,99,99,6,draft|draft_verify,82.16595649719238,76.20787620544434,0.0,301,20,277,6,0,0,1,1,0
gaokao2023en,bbeam1,step-profile-config2-bbeam1-gaokao2023en-exclusive0817,99,99,7,draft|draft_verify|target|target_rescue_verify,572.1406936645508,218.9180850982666,600.8725166320801,321,116,768,14,321,94,1,2,1
gaokao2023en,bbeam1,step-profile-config2-bbeam1-gaokao2023en-exclusive0817,99,99,8,draft|draft_verify|target|target_rescue_verify,225.3396511077881,251.9826889038086,179.26764488220215,415,55,827,16,415,22,1,2,1
gaokao2023en,bbeam1,step-profile-config2-bbeam1-gaokao2023en-exclusive0817,99,99,9,draft|draft_verify,100.88801383972168,126.62291526794434,0.0,437,18,417,9,0,0,1,1,0
gaokao2023en,bbeam1,step-profile-config2-bbeam1-gaokao2023en-exclusive0817,99,99,10,draft|draft_verify,182.53040313720703,127.33960151672363,0.0,455,34,453,10,0,0,1,1,0
gaokao2023en,bbeam1,step-profile-config2-bbeam1-gaokao2023en-exclusive0817,99,99,11,draft|draft_verify,205.5342197418213,144.18625831604004,0.0,489,38,493,11,0,0,1,1,0
gaokao2023en,bbeam1,step-profile-config2-bbeam1-gaokao2023en-exclusive0817,99,99,12,draft|draft_verify,151.9479751586914,130.97262382507324,0.0,527,31,526,12,0,0,1,1,0
gaokao2023en,bbeam1,step-profile-config2-bbeam1-gaokao2023en-exclusive0817,99,99,13,draft|draft_verify,195.66965103149414,129.3506622314453,0.0,558,33,561,13,0,0,1,1,0
gaokao2023en,bbeam1,step-profile-config2-bbeam1-gaokao2023en-exclusive0817,100,100,1,draft|draft_verify|target|target_rescue_verify,289.59107398986816,62.96801567077637,387.6047134399414,92,56,187,2,92,55,1,2,1
gaokao2023en,bbeam1,step-profile-config2-bbeam1-gaokao2023en-exclusive0817,100,100,2,draft|draft_verify,186.98835372924805,48.00009727478027,0.0,147,35,130,2,0,0,1,1,0
gaokao2023en,bbeam1,step-profile-config2-bbeam1-gaokao2023en-exclusive0817,100,100,3,draft|draft_verify|target|target_rescue_verify,836.014986038208,231.9200038909912,1642.564296722412,182,159,684,6,182,261,1,2,1
gaokao2023en,bbeam1,step-profile-config2-bbeam1-gaokao2023en-exclusive0817,100,100,4,draft|draft_verify,169.4812774658203,129.77337837219238,0.0,443,34,429,4,0,0,1,1,0
gaokao2023en,bbeam1,step-profile-config2-bbeam1-gaokao2023en-exclusive0817,100,100,5,draft|draft_verify,156.51178359985352,130.9223175048828,0.0,477,32,463,5,0,0,1,1,0
gaokao2023en,bbeam1,step-profile-config2-bbeam1-gaokao2023en-exclusive0817,100,100,6,draft|draft_verify,139.5714282989502,145.4477310180664,0.0,509,29,494,6,0,0,1,1,0
gaokao2023en,bbeam1,step-profile-config2-bbeam1-gaokao2023en-exclusive0817,100,100,7,draft|draft_verify,285.9687805175781,128.30805778503418,0.0,538,60,556,7,0,0,1,1,0
gaokao2023en,bbeam1,step-profile-config2-bbeam1-gaokao2023en-exclusive0817,100,100,8,draft|draft_verify,755.5980682373047,162.1553897857666,0.0,598,162,720,8,0,0,1,1,0
gaokao2023en,bbeam1,step-profile-config2-bbeam1-gaokao2023en-exclusive0817,100,100,9,draft|draft_verify,316.82658195495605,174.4377613067627,0.0,760,72,794,9,0,0,1,1,0
gaokao2023en,bbeam1,step-profile-config2-bbeam1-gaokao2023en-exclusive0817,100,100,10,draft|draft_verify,145.56169509887695,177.45614051818848,0.0,832,31,827,10,0,0,1,1,0
gaokao2023en,bbeam1,step-profile-config2-bbeam1-gaokao2023en-exclusive0817,100,100,11,draft|draft_verify|target|target_rescue_verify,401.72839164733887,381.3059329986572,212.71538734436035,863,85,1764,22,863,21,1,2,1
gaokao2023en,bbeam1,step-profile-config2-bbeam1-gaokao2023en-exclusive0817,101,101,1,draft|draft_verify,369.9519634246826,51.09834671020508,0.0,112,85,143,1,0,0,1,1,0
gaokao2023en,bbeam1,step-profile-config2-bbeam1-gaokao2023en-exclusive0817,101,101,2,draft|draft_verify,54.553985595703125,51.32007598876953,0.0,197,14,159,2,0,0,1,1,0
gaokao2023en,bbeam1,step-profile-config2-bbeam1-gaokao2023en-exclusive0817,101,101,3,draft|draft_verify,171.30279541015625,60.25815010070801,0.0,211,41,202,3,0,0,1,1,0
gaokao2023en,bbeam1,step-profile-config2-bbeam1-gaokao2023en-exclusive0817,101,101,4,draft|draft_verify,32.56344795227051,61.18273735046387,0.0,252,8,212,4,0,0,1,1,0
gaokao2023en,bbeam1,step-profile-config2-bbeam1-gaokao2023en-exclusive0817,101,101,5,draft|draft_verify,157.0127010345459,61.760663986206055,0.0,260,34,248,5,0,0,1,1,0
gaokao2023en,bbeam1,step-profile-config2-bbeam1-gaokao2023en-exclusive0817,101,101,6,draft|draft_verify,497.7993965148926,98.15835952758789,0.0,294,108,358,6,0,0,1,1,0
gaokao2023en,bbeam1,step-profile-config2-bbeam1-gaokao2023en-exclusive0817,101,101,7,draft|draft_verify,572.7393627166748,167.0093536376953,0.0,402,125,485,7,0,0,1,1,0
gaokao2023en,bbeam1,step-profile-config2-bbeam1-gaokao2023en-exclusive0817,101,101,8,draft|draft_verify,364.4413948059082,130.12123107910156,0.0,527,77,564,8,0,0,1,1,0
gaokao2023en,bbeam1,step-profile-config2-bbeam1-gaokao2023en-exclusive0817,101,101,9,draft|draft_verify,60.959577560424805,131.55007362365723,0.0,604,11,577,9,0,0,1,1,0
gaokao2023en,bbeam1,step-profile-config2-bbeam1-gaokao2023en-exclusive0817,102,102,1,draft|draft_verify,163.37060928344727,30.224323272705078,0.0,111,36,93,1,0,0,1,1,0
gaokao2023en,bbeam1,step-profile-config2-bbeam1-gaokao2023en-exclusive0817,102,102,2,draft|draft_verify,411.88979148864746,60.454368591308594,0.0,147,102,197,2,0,0,1,1,0
gaokao2023en,bbeam1,step-profile-config2-bbeam1-gaokao2023en-exclusive0817,102,102,3,draft|draft_verify|target|target_rescue_verify,499.76134300231934,187.15524673461914,853.0881404876709,249,117,640,6,249,125,1,2,1
gaokao2023en,bbeam1,step-profile-config2-bbeam1-gaokao2023en-exclusive0817,102,102,4,draft|draft_verify,435.00328063964844,132.84921646118164,0.0,374,77,403,4,0,0,1,1,0
gaokao2023en,bbeam1,step-profile-config2-bbeam1-gaokao2023en-exclusive0817,102,102,5,draft|draft_verify,745.3668117523193,130.6006908416748,0.0,451,134,539,5,0,0,1,1,0
gaokao2023en,bbeam1,step-profile-config2-bbeam1-gaokao2023en-exclusive0817,102,102,6,draft|draft_verify,97.33295440673828,129.47607040405273,0.0,585,15,556,6,0,0,1,1,0
gaokao2023en,bbeam1,step-profile-config2-bbeam1-gaokao2023en-exclusive0817,103,103,1,draft|draft_verify|target|target_rescue_verify,535.4950428009033,110.6877326965332,625.9102821350098,96,101,274,2,96,89,1,2,1
gaokao2023en,bbeam1,step-profile-config2-bbeam1-gaokao2023en-exclusive0817,103,103,2,draft|draft_verify,279.3738842010498,70.0376033782959,0.0,185,60,193,2,0,0,1,1,0
gaokao2023en,bbeam1,step-profile-config2-bbeam1-gaokao2023en-exclusive0817,103,103,3,draft|draft_verify,53.18403244018555,72.50857353210449,0.0,245,7,202,3,0,0,1,1,0
gaokao2023en,bbeam1,step-profile-config2-bbeam1-gaokao2023en-exclusive0817,103,103,4,draft|draft_verify|target|backtracking_verify,295.8712577819824,179.9774169921875,405.28178215026855,252,60,528,8,252,60,1,2,1
gaokao2023en,bbeam1,step-profile-config2-bbeam1-gaokao2023en-exclusive0817,103,103,5,draft|draft_verify|target|backtracking_verify,131.8798065185547,164.23439979553223,287.42408752441406,312,22,597,10,312,43,1,2,1
gaokao2023en,bbeam1,step-profile-config2-bbeam1-gaokao2023en-exclusive0817,103,103,6,draft|draft_verify|target|target_rescue_verify,518.1319713592529,390.5487060546875,755.9373378753662,689,108,1416,24,689,106,2,4,2
gaokao2023en,bbeam1,step-profile-config2-bbeam1-gaokao2023en-exclusive0817,103,103,7,draft|draft_verify|target|backtracking_verify,78.2783031463623,371.7529773712158,166.39971733093262,795,15,1447,28,795,10,2,4,2
gaokao2023en,bbeam1,step-profile-config2-bbeam1-gaokao2023en-exclusive0817,103,103,8,draft|draft_verify|target|target_rescue_verify,744.5042133331299,946.0253715515137,1573.9777088165283,1615,153,3303,64,1615,240,4,8,4
gaokao2023en,bbeam1,step-profile-config2-bbeam1-gaokao2023en-exclusive0817,103,103,9,draft|draft_verify,33.69283676147461,126.27530097961426,0.0,473,6,441,9,0,0,1,1,0
gaokao2023en,bbeam1,step-profile-config2-bbeam1-gaokao2023en-exclusive0817,103,103,10,draft|draft_verify,28657.171726226807,216.2787914276123,0.0,479,60,503,10,0,0,1,1,0
gaokao2023en,bbeam1,step-profile-config2-bbeam1-gaokao2023en-exclusive0817,103,103,11,draft|draft_verify,171.59342765808105,149.03903007507324,0.0,539,31,536,11,0,0,1,1,0
gaokao2023en,bbeam1,step-profile-config2-bbeam1-gaokao2023en-exclusive0817,103,103,12,draft|draft_verify|target|target_rescue_verify,399.5330333709717,269.09589767456055,531.6286087036133,570,86,1234,24,570,72,1,2,1
gaokao2023en,bbeam1,step-profile-config2-bbeam1-gaokao2023en-exclusive0817,103,103,13,draft|draft_verify,59.27729606628418,131.97731971740723,0.0,642,12,624,13,0,0,1,1,0
gaokao2023en,bbeam1,step-profile-config2-bbeam1-gaokao2023en-exclusive0817,103,103,14,draft|draft_verify,178.59315872192383,156.18348121643066,0.0,654,37,663,14,0,0,1,1,0
gaokao2023en,bbeam1,step-profile-config2-bbeam1-gaokao2023en-exclusive0817,103,103,15,draft|draft_verify|target|backtracking_verify,46.95558547973633,311.85150146484375,87.29124069213867,691,9,1347,30,691,8,1,2,1
gaokao2023en,bbeam1,step-profile-config2-bbeam1-gaokao2023en-exclusive0817,103,103,16,draft|draft_verify|target|target_rescue_verify,312.6702308654785,652.6751518249512,533.5953235626221,1399,65,2843,64,1399,76,2,4,2
gaokao2023en,bbeam1,step-profile-config2-bbeam1-gaokao2023en-exclusive0817,103,103,17,draft|draft_verify,152.0674228668213,164.4585132598877,0.0,737,32,747,17,0,0,1,1,0
gaokao2023en,bbeam1,step-profile-config2-bbeam1-gaokao2023en-exclusive0817,103,103,18,draft|draft_verify|target|target_rescue_verify,199.65863227844238,354.10594940185547,199.92756843566895,769,40,1562,36,769,24,1,2,1
gaokao2023en,bbeam1,step-profile-config2-bbeam1-gaokao2023en-exclusive0817,103,103,19,draft|draft_verify,345.1571464538574,178.18284034729004,0.0,793,75,850,19,0,0,1,1,0
gaokao2023en,bbeam1,step-profile-config2-bbeam1-gaokao2023en-exclusive0817,103,103,20,draft|draft_verify,53.21192741394043,179.33940887451172,0.0,868,9,861,20,0,0,1,1,0
gaokao2023en,bbeam1,step-profile-config2-bbeam1-gaokao2023en-exclusive0817,104,104,1,draft|draft_verify,275.285005569458,47.43337631225586,0.0,123,62,132,1,0,0,1,1,0
gaokao2023en,bbeam1,step-profile-config2-bbeam1-gaokao2023en-exclusive0817,104,104,2,draft|draft_verify|target|backtracking_verify,195.94645500183105,114.44807052612305,579.484224319458,185,43,402,4,185,92,1,2,1
gaokao2023en,bbeam1,step-profile-config2-bbeam1-gaokao2023en-exclusive0817,104,104,3,draft|draft_verify|target|target_rescue_verify,693.2461261749268,329.5474052429199,1453.660488128662,505,144,1188,12,505,232,2,4,2
gaokao2023en,bbeam1,step-profile-config2-bbeam1-gaokao2023en-exclusive0817,104,104,4,draft|draft_verify|target|target_rescue_verify,929.3842315673828,363.6054992675781,477.19407081604004,737,194,1271,12,410,73,2,3,1
gaokao2023en,bbeam1,step-profile-config2-bbeam1-gaokao2023en-exclusive0817,104,104,5,draft|draft_verify|target|target_rescue_verify|backtracking_verify,594.210147857666,621.7014789581299,4177.525520324707,898,122,2409,20,898,673,2,4,2
gaokao2023en,bbeam1,step-profile-config2-bbeam1-gaokao2023en-exclusive0817,104,104,6,draft|draft_verify|target|target_rescue_verify,482.9702377319336,281.7513942718506,417.82116889953613,467,101,1010,12,467,61,1,2,1
gaokao2023en,bbeam1,step-profile-config2-bbeam1-gaokao2023en-exclusive0817,104,104,7,draft|draft_verify|target|target_rescue_verify,369.4307804107666,260.13779640197754,567.3880577087402,528,77,1140,14,528,89,1,2,1
gaokao2023en,bbeam1,step-profile-config2-bbeam1-gaokao2023en-exclusive0817,104,104,8,draft|draft_verify|target|target_rescue_verify,212.86892890930176,292.59443283081055,762.7964019775391,617,43,1320,16,617,121,1,2,1
gaokao2023en,bbeam1,step-profile-config2-bbeam1-gaokao2023en-exclusive0817,104,104,9,draft|draft_verify,97.9926586151123,157.77873992919922,0.0,738,20,721,9,0,0,1,1,0
gaokao2023en,bbeam1,step-profile-config2-bbeam1-gaokao2023en-exclusive0817,105,105,1,draft|draft_verify|target|backtracking_verify,236.50431632995605,67.31057167053223,374.8290538787842,118,54,239,2,118,57,1,2,1
gaokao2023en,bbeam1,step-profile-config2-bbeam1-gaokao2023en-exclusive0817,105,105,2,draft|draft_verify|target|target_rescue_verify|backtracking_verify,1162.5800132751465,279.5553207397461,893.1093215942383,347,269,881,8,347,126,2,4,2
gaokao2023en,bbeam1,step-profile-config2-bbeam1-gaokao2023en-exclusive0817,105,105,3,draft|draft_verify|target|target_rescue_verify,747.6692199707031,333.0106735229492,1281.9797992706299,463,166,1087,12,463,195,2,4,2
gaokao2023en,bbeam1,step-profile-config2-bbeam1-gaokao2023en-exclusive0817,105,105,4,draft|draft_verify|target|target_rescue_verify,715.0919437408447,423.86388778686523,1032.3889255523682,658,152,1441,16,658,165,2,4,2
gaokao2023en,bbeam1,step-profile-config2-bbeam1-gaokao2023en-exclusive0817,105,105,5,draft|draft_verify|target|target_rescue_verify,208.40978622436523,200.85978507995605,458.9664936065674,339,44,702,10,339,72,1,2,1
gaokao2023en,bbeam1,step-profile-config2-bbeam1-gaokao2023en-exclusive0817,105,105,6,draft|draft_verify|target|target_rescue_verify,109.52234268188477,268.13411712646484,277.0504951477051,411,23,796,12,411,39,1,2,1
gaokao2023en,bbeam1,step-profile-config2-bbeam1-gaokao2023en-exclusive0817,105,105,7,draft|draft_verify|target|target_rescue_verify,100.70633888244629,254.55784797668457,186.0330104827881,450,20,860,14,450,24,1,2,1
gaokao2023en,bbeam1,step-profile-config2-bbeam1-gaokao2023en-exclusive0817,106,106,1,draft|draft_verify,470.20578384399414,50.52018165588379,0.0,90,105,141,1,0,0,1,1,0
gaokao2023en,bbeam1,step-profile-config2-bbeam1-gaokao2023en-exclusive0817,106,106,2,draft|draft_verify,94.48385238647461,51.454782485961914,0.0,195,21,164,2,0,0,1,1,0
gaokao2023en,bbeam1,step-profile-config2-bbeam1-gaokao2023en-exclusive0817,106,106,3,draft|draft_verify,41.62907600402832,50.82273483276367,0.0,216,9,175,3,0,0,1,1,0
gaokao2023en,bbeam1,step-profile-config2-bbeam1-gaokao2023en-exclusive0817,106,106,4,draft|draft_verify,81.79140090942383,60.43052673339844,0.0,225,18,195,4,0,0,1,1,0
gaokao2023en,bbeam1,step-profile-config2-bbeam1-gaokao2023en-exclusive0817,106,106,5,draft|draft_verify,44.1584587097168,60.97531318664551,0.0,243,9,206,5,0,0,1,1,0
gaokao2023en,bbeam1,step-profile-config2-bbeam1-gaokao2023en-exclusive0817,106,106,6,draft|draft_verify,93.48535537719727,65.63758850097656,0.0,252,20,228,6,0,0,1,1,0
gaokao2023en,bbeam1,step-profile-config2-bbeam1-gaokao2023en-exclusive0817,106,106,7,draft|draft_verify,89.14327621459961,61.91444396972656,0.0,272,19,249,7,0,0,1,1,0
gaokao2023en,bbeam1,step-profile-config2-bbeam1-gaokao2023en-exclusive0817,106,106,8,draft|draft_verify,116.93549156188965,77.61192321777344,0.0,291,25,276,8,0,0,1,1,0
gaokao2023en,bbeam1,step-profile-config2-bbeam1-gaokao2023en-exclusive0817,106,106,9,draft|draft_verify,34.749507904052734,80.87563514709473,0.0,316,7,285,9,0,0,1,1,0
gaokao2023en,bbeam1,step-profile-config2-bbeam1-gaokao2023en-exclusive0817,106,106,10,draft|draft_verify|target|backtracking_verify,97.71561622619629,158.99062156677246,190.50073623657227,323,20,616,20,323,22,1,2,1
gaokao2023en,bbeam1,step-profile-config2-bbeam1-gaokao2023en-exclusive0817,106,106,11,draft|draft_verify|target|target_rescue_verify,417.891263961792,325.11019706726074,768.7873840332031,688,86,1135,33,343,120,2,3,1
gaokao2023en,bbeam1,step-profile-config2-bbeam1-gaokao2023en-exclusive0817,106,106,12,draft|draft_verify|target|backtracking_verify,103.9738655090332,193.23468208312988,134.79089736938477,373,20,719,24,373,17,1,2,1
gaokao2023en,bbeam1,step-profile-config2-bbeam1-gaokao2023en-exclusive0817,106,106,13,draft|draft_verify|target|target_rescue_verify,391.2992477416992,255.13267517089844,484.6606254577637,393,79,880,26,393,75,1,2,1
gaokao2023en,bbeam1,step-profile-config2-bbeam1-gaokao2023en-exclusive0817,106,106,14,draft|draft_verify,515.0911808013916,129.24528121948242,0.0,468,110,550,14,0,0,1,1,0
gaokao2023en,bbeam1,step-profile-config2-bbeam1-gaokao2023en-exclusive0817,106,106,15,draft|draft_verify,488.59572410583496,158.99991989135742,0.0,578,104,656,15,0,0,1,1,0
gaokao2023en,bbeam1,step-profile-config2-bbeam1-gaokao2023en-exclusive0817,106,106,16,draft|draft_verify,493.64590644836426,157.13763236999512,0.0,682,106,764,16,0,0,1,1,0
gaokao2023en,bbeam1,step-profile-config2-bbeam1-gaokao2023en-exclusive0817,106,106,17,draft|draft_verify,440.3104782104492,178.17974090576172,0.0,788,102,868,17,0,0,1,1,0
gaokao2023en,bbeam1,step-profile-config2-bbeam1-gaokao2023en-exclusive0817,106,106,18,draft|draft_verify,234.18307304382324,201.1568546295166,0.0,890,47,917,18,0,0,1,1,0
gaokao2023en,bbeam1,step-profile-config2-bbeam1-gaokao2023en-exclusive0817,106,106,19,draft|draft_verify,55.56488037109375,201.76386833190918,0.0,937,10,929,19,0,0,1,1,0
gaokao2023en,bbeam1,step-profile-config2-bbeam1-gaokao2023en-exclusive0817,107,107,1,draft|draft_verify|target|backtracking_verify,212.32843399047852,65.68193435668945,345.4763889312744,121,52,234,2,121,48,1,2,1
gaokao2023en,bbeam1,step-profile-config2-bbeam1-gaokao2023en-exclusive0817,107,107,2,draft|draft_verify|target|backtracking_verify|target_rescue_verify,657.3400497436523,259.14549827575684,1377.3674964904785,342,147,844,8,342,221,2,4,2
gaokao2023en,bbeam1,step-profile-config2-bbeam1-gaokao2023en-exclusive0817,107,107,3,draft|draft_verify|target|target_rescue_verify,19566.545963287354,245.41997909545898,245.8024024963379,528,87,745,9,258,22,2,3,1
gaokao2023en,bbeam1,step-profile-config2-bbeam1-gaokao2023en-exclusive0817,107,107,4,draft|draft_verify|target|backtracking_verify|target_rescue_verify,956.8617343902588,398.0603218078613,1016.8709754943848,615,177,1373,16,615,158,2,4,2
gaokao2023en,bbeam1,step-profile-config2-bbeam1-gaokao2023en-exclusive0817,107,107,5,draft|draft_verify|target|backtracking_verify|target_rescue_verify,992.1581745147705,973.61159324646,12725.025415420532,1063,189,4183,30,1063,2145,3,6,3
gaokao2023en,bbeam1,step-profile-config2-bbeam1-gaokao2023en-exclusive0817,107,107,6,draft|draft_verify|target|target_rescue_verify,1360.8119487762451,897.3517417907715,2943.90606880188,1352,294,3106,48,1352,460,4,8,4
gaokao2023en,bbeam1,step-profile-config2-bbeam1-gaokao2023en-exclusive0817,108,108,1,draft|draft_verify,97.1074104309082,55.6185245513916,0.0,176,18,140,1,0,0,1,1,0
gaokao2023en,bbeam1,step-profile-config2-bbeam1-gaokao2023en-exclusive0817,108,108,2,draft|draft_verify,352.0243167877197,65.26327133178711,0.0,194,73,215,2,0,0,1,1,0
gaokao2023en,bbeam1,step-profile-config2-bbeam1-gaokao2023en-exclusive0817,108,108,3,draft|draft_verify,337.73136138916016,83.77909660339355,0.0,267,69,286,3,0,0,1,1,0
gaokao2023en,bbeam1,step-profile-config2-bbeam1-gaokao2023en-exclusive0817,108,108,4,draft|draft_verify,320.0340270996094,94.4526195526123,0.0,336,69,357,4,0,0,1,1,0
gaokao2023en,bbeam1,step-profile-config2-bbeam1-gaokao2023en-exclusive0817,108,108,5,draft|draft_verify,171.5872287750244,126.56426429748535,0.0,405,37,396,5,0,0,1,1,0
gaokao2023en,bbeam1,step-profile-config2-bbeam1-gaokao2023en-exclusive0817,108,108,6,draft|draft_verify|target|target_rescue_verify,2157.032251358032,324.04232025146484,771.8801498413086,442,457,1371,12,442,118,1,2,1
gaokao2023en,bbeam1,step-profile-config2-bbeam1-gaokao2023en-exclusive0817,108,108,7,draft|draft_verify,453.5958766937256,131.24895095825195,0.0,560,98,616,7,0,0,1,1,0
gaokao2023en,bbeam1,step-profile-config2-bbeam1-gaokao2023en-exclusive0817,108,108,8,draft|draft_verify,497.8680610656738,162.03045845031738,0.0,658,102,720,8,0,0,1,1,0
gaokao2023en,bbeam1,step-profile-config2-bbeam1-gaokao2023en-exclusive0817,108,108,9,draft|draft_verify,464.39146995544434,179.0482997894287,0.0,760,99,821,9,0,0,1,1,0
gaokao2023en,bbeam1,step-profile-config2-bbeam1-gaokao2023en-exclusive0817,108,108,10,draft|draft_verify,456.76708221435547,197.3555088043213,0.0,859,97,920,10,0,0,1,1,0
gaokao2023en,bbeam1,step-profile-config2-bbeam1-gaokao2023en-exclusive0817,108,108,11,draft|draft_verify,507.9648494720459,227.15401649475098,0.0,956,103,1025,11,0,0,1,1,0
gaokao2023en,bbeam1,step-profile-config2-bbeam1-gaokao2023en-exclusive0817,108,108,12,draft|draft_verify,507.3707103729248,231.0616970062256,0.0,1059,103,1130,12,0,0,1,1,0
gaokao2023en,bbeam1,step-profile-config2-bbeam1-gaokao2023en-exclusive0817,108,108,13,draft|draft_verify,469.2530632019043,259.35840606689453,0.0,1162,101,1233,13,0,0,1,1,0
gaokao2023en,bbeam1,step-profile-config2-bbeam1-gaokao2023en-exclusive0817,108,108,14,draft|draft_verify,485.4116439819336,282.78279304504395,0.0,1263,103,1338,14,0,0,1,1,0
gaokao2023en,bbeam1,step-profile-config2-bbeam1-gaokao2023en-exclusive0817,108,108,15,draft|draft_verify,484.4043254852295,314.1000270843506,0.0,1366,103,1443,15,0,0,1,1,0
gaokao2023en,bbeam1,step-profile-config2-bbeam1-gaokao2023en-exclusive0817,108,108,16,draft|draft_verify,510.84446907043457,331.2692642211914,0.0,1469,109,1554,16,0,0,1,1,0
gaokao2023en,bbeam1,step-profile-config2-bbeam1-gaokao2023en-exclusive0817,108,108,17,draft|draft_verify,503.72958183288574,349.81513023376465,0.0,1578,109,1665,17,0,0,1,1,0
gaokao2023en,bbeam1,step-profile-config2-bbeam1-gaokao2023en-exclusive0817,108,108,18,draft|draft_verify,504.8694610595703,376.48510932922363,0.0,1687,109,1776,18,0,0,1,1,0
gaokao2023en,bbeam1,step-profile-config2-bbeam1-gaokao2023en-exclusive0817,108,108,19,draft|draft_verify,508.55040550231934,393.85151863098145,0.0,1796,109,1887,19,0,0,1,1,0
gaokao2023en,bbeam1,step-profile-config2-bbeam1-gaokao2023en-exclusive0817,108,108,20,draft|draft_verify,516.9799327850342,412.65058517456055,0.0,1905,109,1998,20,0,0,1,1,0
gaokao2023en,bbeam1,step-profile-config2-bbeam1-gaokao2023en-exclusive0817,108,108,21,draft|draft_verify,536.1661911010742,424.9918460845947,0.0,2014,109,2109,21,0,0,1,1,0
gaokao2023en,bbeam1,step-profile-config2-bbeam1-gaokao2023en-exclusive0817,109,109,1,draft|draft_verify,436.2373352050781,63.895463943481445,0.0,180,97,223,1,0,0,1,1,0
gaokao2023en,bbeam1,step-profile-config2-bbeam1-gaokao2023en-exclusive0817,109,109,2,draft|draft_verify|target|target_rescue_verify,126.23882293701172,131.24799728393555,204.15234565734863,277,23,499,4,277,26,1,2,1
gaokao2023en,bbeam1,step-profile-config2-bbeam1-gaokao2023en-exclusive0817,109,109,3,draft|draft_verify,51.48792266845703,78.29070091247559,0.0,303,11,264,3,0,0,1,1,0
gaokao2023en,bbeam1,step-profile-config2-bbeam1-gaokao2023en-exclusive0817,109,109,4,draft|draft_verify,183.9885711669922,80.2767276763916,0.0,314,33,299,4,0,0,1,1,0
gaokao2023en,bbeam1,step-profile-config2-bbeam1-gaokao2023en-exclusive0817,109,109,5,draft|draft_verify,47.65200614929199,78.80711555480957,0.0,347,9,310,5,0,0,1,1,0
gaokao2023en,bbeam1,step-profile-config2-bbeam1-gaokao2023en-exclusive0817,109,109,6,draft|draft_verify,177.20580101013184,101.38297080993652,0.0,356,36,348,6,0,0,1,1,0
gaokao2023en,bbeam1,step-profile-config2-bbeam1-gaokao2023en-exclusive0817,109,109,7,draft|draft_verify,53.99823188781738,97.40495681762695,0.0,392,8,358,7,0,0,1,1,0
gaokao2023en,bbeam1,step-profile-config2-bbeam1-gaokao2023en-exclusive0817,109,109,8,draft|draft_verify,357.85913467407227,131.45089149475098,0.0,400,73,433,8,0,0,1,1,0
gaokao2023en,bbeam1,step-profile-config2-bbeam1-gaokao2023en-exclusive0817,109,109,9,draft|draft_verify,95.66283226013184,136.3229751586914,0.0,473,15,450,9,0,0,1,1,0
gaokao2023en,bbeam1,step-profile-config2-bbeam1-gaokao2023en-exclusive0817,109,109,10,draft|draft_verify|target|backtracking_verify,100.99005699157715,262.30740547180176,179.18825149536133,488,20,944,20,488,20,1,2,1
gaokao2023en,bbeam1,step-profile-config2-bbeam1-gaokao2023en-exclusive0817,109,109,11,draft|draft_verify|target|target_rescue_verify,731.6811084747314,525.597095489502,1109.5571517944336,1016,154,2214,44,1016,164,2,4,2
gaokao2023en,bbeam1,step-profile-config2-bbeam1-gaokao2023en-exclusive0817,109,109,12,draft|draft_verify|target|target_rescue_verify,702.8493881225586,597.4578857421875,1558.3176612854004,1180,144,2600,48,1180,224,2,4,2
gaokao2023en,bbeam1,step-profile-config2-bbeam1-gaokao2023en-exclusive0817,109,109,13,draft|draft_verify|target|backtracking_verify,107.89632797241211,468.8892364501953,116.95218086242676,1404,20,2046,39,702,10,2,3,1
gaokao2023en,bbeam1,step-profile-config2-bbeam1-gaokao2023en-exclusive0817,109,109,14,draft|draft_verify|target|backtracking_verify,621.1338043212891,964.867115020752,936.314582824707,2136,126,4356,84,2136,126,3,6,3
gaokao2023en,bbeam1,step-profile-config2-bbeam1-gaokao2023en-exclusive0817,109,109,15,draft|draft_verify|target|target_rescue_verify,1696.0482597351074,2321.719169616699,8107.997894287109,4524,354,10410,180,4524,1320,6,12,6
gaokao2023en,bbeam1,step-profile-config2-bbeam1-gaokao2023en-exclusive0817,109,109,16,draft|draft_verify,597.63503074646,234.06982421875,0.0,974,126,1076,16,0,0,1,1,0
gaokao2023en,bbeam1,step-profile-config2-bbeam1-gaokao2023en-exclusive0817,109,109,17,draft|draft_verify,288.0096435546875,232.987642288208,0.0,1100,63,1141,17,0,0,1,1,0
gaokao2023en,bbeam1,step-profile-config2-bbeam1-gaokao2023en-exclusive0817,109,109,18,draft|draft_verify,75.90222358703613,254.96387481689453,0.0,1163,12,1155,18,0,0,1,1,0
gaokao2023en,bbeam1,step-profile-config2-bbeam1-gaokao2023en-exclusive0817,110,110,1,draft|draft_verify|target|backtracking_verify,290.7271385192871,67.80290603637695,535.7248783111572,88,45,197,2,88,84,1,2,1
gaokao2023en,bbeam1,step-profile-config2-bbeam1-gaokao2023en-exclusive0817,110,110,2,draft|draft_verify|target|backtracking_verify|target_rescue_verify,508.6255073547363,227.8592586517334,1380.737066268921,305,103,722,8,305,217,2,4,2
gaokao2023en,bbeam1,step-profile-config2-bbeam1-gaokao2023en-exclusive0817,110,110,3,draft|draft_verify|target|backtracking_verify|target_rescue_verify,626.049280166626,460.83593368530273,1087.5091552734375,687,119,1355,18,687,162,3,6,3
gaokao2023en,bbeam1,step-profile-config2-bbeam1-gaokao2023en-exclusive0817,110,110,4,draft|draft_verify|target|target_rescue_verify,2289.278984069824,837.9340171813965,2777.515411376953,1259,433,2891,40,1259,420,5,10,5
gaokao2023en,bbeam1,step-profile-config2-bbeam1-gaokao2023en-exclusive0817,110,110,5,draft|draft_verify,688.6825561523438,156.85439109802246,0.0,615,147,716,5,0,0,1,1,0
gaokao2023en,bbeam1,step-profile-config2-bbeam1-gaokao2023en-exclusive0817,110,110,6,draft|draft_verify,136.07525825500488,163.06090354919434,0.0,762,26,744,6,0,0,1,1,0
gaokao2023en,bbeam1,step-profile-config2-bbeam1-gaokao2023en-exclusive0817,111,111,1,draft|draft_verify|target|backtracking_verify,472.8422164916992,121.76322937011719,551.2402057647705,159,101,393,2,159,82,1,2,1
gaokao2023en,bbeam1,step-profile-config2-bbeam1-gaokao2023en-exclusive0817,111,111,2,draft|draft_verify|target|backtracking_verify,422.1949577331543,257.5259208679199,591.1350250244141,501,86,965,8,501,85,2,4,2
gaokao2023en,bbeam1,step-profile-config2-bbeam1-gaokao2023en-exclusive0817,111,111,3,draft|draft_verify|target|target_rescue_verify,1069.7224140167236,691.2446022033691,1971.1170196533203,1173,231,2479,24,1173,302,4,8,4
gaokao2023en,bbeam1,step-profile-config2-bbeam1-gaokao2023en-exclusive0817,111,111,4,draft|draft_verify|target|target_rescue_verify,2088.7668132781982,968.4982299804688,2163.3353233337402,1475,458,3053,28,1113,343,4,7,3
gaokao2023en,bbeam1,step-profile-config2-bbeam1-gaokao2023en-exclusive0817,111,111,5,draft|draft_verify|target|target_rescue_verify,395.8699703216553,286.1628532409668,1338.707685470581,446,90,1115,10,446,225,1,2,1
gaokao2023en,bbeam1,step-profile-config2-bbeam1-gaokao2023en-exclusive0817,111,111,6,draft|draft_verify|target|target_rescue_verify,479.72583770751953,314.23425674438477,294.614315032959,671,80,1376,12,671,42,1,2,1
gaokao2023en,bbeam1,step-profile-config2-bbeam1-gaokao2023en-exclusive0817,111,111,7,draft|draft_verify,254.3051242828369,164.92366790771484,0.0,713,39,710,7,0,0,1,1,0
gaokao2023en,bbeam1,step-profile-config2-bbeam1-gaokao2023en-exclusive0817,111,111,8,draft|draft_verify,101.05538368225098,154.76322174072266,0.0,752,14,726,8,0,0,1,1,0
gaokao2023en,bbeam1,step-profile-config2-bbeam1-gaokao2023en-exclusive0817,112,112,1,draft|draft_verify,217.0395851135254,22.338151931762695,0.0,83,35,64,1,0,0,1,1,0
gaokao2023en,bbeam1,step-profile-config2-bbeam1-gaokao2023en-exclusive0817,112,112,2,draft|draft_verify,312.50643730163574,31.189680099487305,0.0,118,51,117,2,0,0,1,1,0
gaokao2023en,bbeam1,step-profile-config2-bbeam1-gaokao2023en-exclusive0817,112,112,3,draft|draft_verify,294.88658905029297,51.14388465881348,0.0,169,48,167,3,0,0,1,1,0
gaokao2023en,bbeam1,step-profile-config2-bbeam1-gaokao2023en-exclusive0817,112,112,4,draft|draft_verify,248.88014793395996,60.502052307128906,0.0,217,40,209,4,0,0,1,1,0
gaokao2023en,bbeam1,step-profile-config2-bbeam1-gaokao2023en-exclusive0817,112,112,5,draft|draft_verify,156.55040740966797,60.93549728393555,0.0,257,23,234,5,0,0,1,1,0
gaokao2023en,bbeam1,step-profile-config2-bbeam1-gaokao2023en-exclusive0817,113,113,1,draft|draft_verify,125.63228607177734,29.148101806640625,0.0,74,27,47,1,0,0,1,1,0
gaokao2023en,bbeam1,step-profile-config2-bbeam1-gaokao2023en-exclusive0817,113,113,2,draft|draft_verify,195.46127319335938,42.64259338378906,0.0,101,40,89,2,0,0,1,1,0
gaokao2023en,bbeam1,step-profile-config2-bbeam1-gaokao2023en-exclusive0817,113,113,3,draft|draft_verify,132.6620578765869,46.7381477355957,0.0,141,28,119,3,0,0,1,1,0
gaokao2023en,bbeam1,step-profile-config2-bbeam1-gaokao2023en-exclusive0817,113,113,4,draft|draft_verify,265.7361030578613,58.66122245788574,0.0,169,59,180,4,0,0,1,1,0
gaokao2023en,bbeam1,step-profile-config2-bbeam1-gaokao2023en-exclusive0817,113,113,5,draft|draft_verify,115.5858039855957,68.71318817138672,0.0,228,25,207,5,0,0,1,1,0
gaokao2023en,bbeam1,step-profile-config2-bbeam1-gaokao2023en-exclusive0817,114,114,1,draft|draft_verify,440.80519676208496,57.86848068237305,0.0,92,99,137,1,0,0,1,1,0
gaokao2023en,bbeam1,step-profile-config2-bbeam1-gaokao2023en-exclusive0817,114,114,2,draft|draft_verify,162.03665733337402,60.814857482910156,0.0,191,36,175,2,0,0,1,1,0
gaokao2023en,bbeam1,step-profile-config2-bbeam1-gaokao2023en-exclusive0817,114,114,3,draft|draft_verify,34.58094596862793,58.64453315734863,0.0,227,7,184,3,0,0,1,1,0
gaokao2023en,bbeam1,step-profile-config2-bbeam1-gaokao2023en-exclusive0817,114,114,4,draft|draft_verify,215.81625938415527,69.90551948547363,0.0,234,45,231,4,0,0,1,1,0
gaokao2023en,bbeam1,step-profile-config2-bbeam1-gaokao2023en-exclusive0817,114,114,5,draft|draft_verify,115.03815650939941,68.9535140991211,0.0,279,22,255,5,0,0,1,1,0
gaokao2023en,bbeam1,step-profile-config2-bbeam1-gaokao2023en-exclusive0817,115,115,1,draft|draft_verify,102.16760635375977,38.06138038635254,0.0,105,22,73,1,0,0,1,1,0
gaokao2023en,bbeam1,step-profile-config2-bbeam1-gaokao2023en-exclusive0817,115,115,2,draft|draft_verify,187.94727325439453,36.810874938964844,0.0,127,42,117,2,0,0,1,1,0
gaokao2023en,bbeam1,step-profile-config2-bbeam1-gaokao2023en-exclusive0817,115,115,3,draft|draft_verify,32.619476318359375,35.52103042602539,0.0,169,7,126,3,0,0,1,1,0
gaokao2023en,bbeam1,step-profile-config2-bbeam1-gaokao2023en-exclusive0817,115,115,4,draft|draft_verify,425.2641201019287,69.63443756103516,0.0,176,95,223,4,0,0,1,1,0
gaokao2023en,bbeam1,step-profile-config2-bbeam1-gaokao2023en-exclusive0817,115,115,5,draft|draft_verify,112.42318153381348,17193.033933639526,0.0,271,23,248,5,0,0,1,1,0
gaokao2023en,bbeam1,step-profile-config2-bbeam1-gaokao2023en-exclusive0817,116,116,1,draft|draft_verify,73.41647148132324,31.209468841552734,0.0,77,14,37,1,0,0,1,1,0
gaokao2023en,bbeam1,step-profile-config2-bbeam1-gaokao2023en-exclusive0817,116,116,2,draft|draft_verify,149.44100379943848,35.005807876586914,0.0,91,31,70,2,0,0,1,1,0
gaokao2023en,bbeam1,step-profile-config2-bbeam1-gaokao2023en-exclusive0817,116,116,3,draft|draft_verify,192.7189826965332,34.41309928894043,0.0,122,47,119,3,0,0,1,1,0
gaokao2023en,bbeam1,step-profile-config2-bbeam1-gaokao2023en-exclusive0817,116,116,4,draft|draft_verify,174.38626289367676,57.92117118835449,0.0,169,39,160,4,0,0,1,1,0
gaokao2023en,bbeam1,step-profile-config2-bbeam1-gaokao2023en-exclusive0817,116,116,5,draft|draft_verify,33.28514099121094,57.160139083862305,0.0,208,7,169,5,0,0,1,1,0
gaokao2023en,bbeam1,step-profile-config2-bbeam1-gaokao2023en-exclusive0817,116,116,6,draft|draft_verify,136.90567016601562,67.24071502685547,0.0,215,32,203,6,0,0,1,1,0
gaokao2023en,bbeam1,step-profile-config2-bbeam1-gaokao2023en-exclusive0817,116,116,7,draft|draft_verify,104.10141944885254,68.01581382751465,0.0,247,23,228,7,0,0,1,1,0
gaokao2023en,bbeam1,step-profile-config2-bbeam1-gaokao2023en-exclusive0817,116,116,8,draft|draft_verify,54.711103439331055,68.91155242919922,0.0,270,10,240,8,0,0,1,1,0
gaokao2023en,bbeam1,step-profile-config2-bbeam1-gaokao2023en-exclusive0817,116,116,9,draft|draft_verify,107.8493595123291,88.94205093383789,0.0,280,19,261,9,0,0,1,1,0
gaokao2023en,bbeam1,step-profile-config2-bbeam1-gaokao2023en-exclusive0817,117,117,1,draft|draft_verify,130.06854057312012,35.81809997558594,0.0,101,26,73,1,0,0,1,1,0
gaokao2023en,bbeam1,step-profile-config2-bbeam1-gaokao2023en-exclusive0817,117,117,2,draft|draft_verify|target|target_rescue_verify,286.8778705596924,131.61063194274902,806.7121505737305,127,64,345,4,127,131,1,2,1
gaokao2023en,bbeam1,step-profile-config2-bbeam1-gaokao2023en-exclusive0817,117,117,3,draft|draft_verify|target|target_rescue_verify,395.9534168243408,199.70393180847168,583.4534168243408,258,79,584,6,258,89,1,2,1
gaokao2023en,bbeam1,step-profile-config2-bbeam1-gaokao2023en-exclusive0817,117,117,4,draft|draft_verify,592.0188426971436,148.80895614624023,0.0,347,123,422,4,0,0,1,1,0
gaokao2023en,bbeam1,step-profile-config2-bbeam1-gaokao2023en-exclusive0817,117,117,5,draft|draft_verify,148.8363742828369,145.42293548583984,0.0,470,27,451,5,0,0,1,1,0
gaokao2023en,bbeam1,step-profile-config2-bbeam1-gaokao2023en-exclusive0817,118,118,1,draft|draft_verify|target|target_rescue_verify,502.3672580718994,93.14632415771484,558.3035945892334,95,102,265,2,95,81,1,2,1
gaokao2023en,bbeam1,step-profile-config2-bbeam1-gaokao2023en-exclusive0817,118,118,2,draft|draft_verify,455.86490631103516,68.91655921936035,0.0,176,95,219,2,0,0,1,1,0
gaokao2023en,bbeam1,step-profile-config2-bbeam1-gaokao2023en-exclusive0817,119,119,1,draft|draft_verify,204.1783332824707,39.5357608795166,0.0,84,45,75,1,0,0,1,1,0
gaokao2023en,bbeam1,step-profile-config2-bbeam1-gaokao2023en-exclusive0817,119,119,2,draft|draft_verify,252.37655639648438,59.65018272399902,0.0,129,58,135,2,0,0,1,1,0
gaokao2023en,bbeam1,step-profile-config2-bbeam1-gaokao2023en-exclusive0817,119,119,3,draft|draft_verify,319.7484016418457,77.91662216186523,0.0,187,65,202,3,0,0,1,1,0
gaokao2023en,bbeam1,step-profile-config2-bbeam1-gaokao2023en-exclusive0817,119,119,4,draft|draft_verify,304.20851707458496,87.38851547241211,0.0,252,65,269,4,0,0,1,1,0
gaokao2023en,bbeam1,step-profile-config2-bbeam1-gaokao2023en-exclusive0817,119,119,5,draft|draft_verify,230.6652069091797,87.96286582946777,0.0,317,47,318,5,0,0,1,1,0
gaokao2023en,bbeam1,step-profile-config2-bbeam1-gaokao2023en-exclusive0817,120,120,1,draft|draft_verify,153.67865562438965,23.395061492919922,0.0,78,36,60,1,0,0,1,1,0
gaokao2023en,bbeam1,step-profile-config2-bbeam1-gaokao2023en-exclusive0817,120,120,2,draft|draft_verify,452.14056968688965,55.95898628234863,0.0,114,101,163,2,0,0,1,1,0
gaokao2023en,bbeam1,step-profile-config2-bbeam1-gaokao2023en-exclusive0817,120,120,3,draft|draft_verify|target|target_rescue_verify,209.90514755249023,169.8601245880127,977.0197868347168,215,51,538,6,215,157,1,2,1
gaokao2023en,bbeam1,step-profile-config2-bbeam1-gaokao2023en-exclusive0817,120,120,4,draft|draft_verify,110.08763313293457,93.00923347473145,0.0,372,22,346,4,0,0,1,1,0
gaokao2023en,bbeam1,step-profile-config2-bbeam1-gaokao2023en-exclusive0817,121,121,1,draft|draft_verify,233.33358764648438,39.15262222290039,0.0,105,53,104,1,0,0,1,1,0
gaokao2023en,bbeam1,step-profile-config2-bbeam1-gaokao2023en-exclusive0817,121,121,2,draft|draft_verify,215.52562713623047,56.80966377258301,0.0,158,49,155,2,0,0,1,1,0
gaokao2023en,bbeam1,step-profile-config2-bbeam1-gaokao2023en-exclusive0817,121,121,3,draft|draft_verify,219.03157234191895,66.17188453674316,0.0,207,49,206,3,0,0,1,1,0
gaokao2023en,bbeam1,step-profile-config2-bbeam1-gaokao2023en-exclusive0817,121,121,4,draft|draft_verify,249.98950958251953,83.02903175354004,0.0,256,52,260,4,0,0,1,1,0
gaokao2023en,bbeam1,step-profile-config2-bbeam1-gaokao2023en-exclusive0817,121,121,5,draft|draft_verify,181.6272735595703,78.20439338684082,0.0,308,39,301,5,0,0,1,1,0
gaokao2023en,bbeam1,step-profile-config2-bbeam1-gaokao2023en-exclusive0817,121,121,6,draft|draft_verify,425.75764656066895,144.55723762512207,0.0,347,96,399,6,0,0,1,1,0
gaokao2023en,bbeam1,step-profile-config2-bbeam1-gaokao2023en-exclusive0817,121,121,7,draft|draft_verify,295.48001289367676,132.75766372680664,0.0,443,63,464,7,0,0,1,1,0
gaokao2023en,bbeam1,step-profile-config2-bbeam1-gaokao2023en-exclusive0817,121,121,8,draft|draft_verify,108.60967636108398,144.75750923156738,0.0,506,24,490,8,0,0,1,1,0
gaokao2023en,bbeam1,step-profile-config2-bbeam1-gaokao2023en-exclusive0817,122,122,1,draft|draft_verify,225.50415992736816,30.79700469970703,0.0,77,45,68,1,0,0,1,1,0
gaokao2023en,bbeam1,step-profile-config2-bbeam1-gaokao2023en-exclusive0817,122,122,2,draft|draft_verify,107.99622535705566,30.31611442565918,0.0,122,25,95,2,0,0,1,1,0
gaokao2023en,bbeam1,step-profile-config2-bbeam1-gaokao2023en-exclusive0817,122,122,3,draft|draft_verify,130.80739974975586,31.798601150512695,0.0,147,31,128,3,0,0,1,1,0
gaokao2023en,bbeam1,step-profile-config2-bbeam1-gaokao2023en-exclusive0817,122,122,4,draft|draft_verify,193.7100887298584,59.45253372192383,0.0,178,47,177,4,0,0,1,1,0
gaokao2023en,bbeam1,step-profile-config2-bbeam1-gaokao2023en-exclusive0817,122,122,5,draft|draft_verify,182.9063892364502,65.72675704956055,0.0,225,28,207,5,0,0,1,1,0
gaokao2023en,bbeam1,step-profile-config2-bbeam1-gaokao2023en-exclusive0817,122,122,6,draft|draft_verify,38.660287857055664,69.03576850891113,0.0,253,7,216,6,0,0,1,1,0
gaokao2023en,bbeam1,step-profile-config2-bbeam1-gaokao2023en-exclusive0817,122,122,7,draft|draft_verify|target|target_rescue_verify,214.68019485473633,155.6985378265381,441.61152839660645,260,51,551,14,260,64,1,2,1
gaokao2023en,bbeam1,step-profile-config2-bbeam1-gaokao2023en-exclusive0817,122,122,8,draft|draft_verify,208.79888534545898,92.1640396118164,0.0,324,44,328,8,0,0,1,1,0
gaokao2023en,bbeam1,step-profile-config2-bbeam1-gaokao2023en-exclusive0817,122,122,9,draft|draft_verify,135.2384090423584,96.72999382019043,0.0,368,21,351,9,0,0,1,1,0
gaokao2023en,bbeam1,step-profile-config2-bbeam1-gaokao2023en-exclusive0817,122,122,10,draft|draft_verify,331.4340114593506,126.1148452758789,0.0,389,64,417,10,0,0,1,1,0
gaokao2023en,bbeam1,step-profile-config2-bbeam1-gaokao2023en-exclusive0817,122,122,11,draft|draft_verify,221.33445739746094,127.58851051330566,0.0,453,44,463,11,0,0,1,1,0
gaokao2023en,bbeam1,step-profile-config2-bbeam1-gaokao2023en-exclusive0817,122,122,12,draft|draft_verify,115.84043502807617,144.56439018249512,0.0,497,21,486,12,0,0,1,1,0
gaokao2023en,bbeam1,step-profile-config2-bbeam1-gaokao2023en-exclusive0817,122,122,13,draft|draft_verify,149.45673942565918,132.99250602722168,0.0,518,29,517,13,0,0,1,1,0
gaokao2023en,bbeam1,step-profile-config2-bbeam1-gaokao2023en-exclusive0817,122,122,14,draft|draft_verify,94.15650367736816,134.11974906921387,0.0,547,17,536,14,0,0,1,1,0
gaokao2023en,bbeam1,step-profile-config2-bbeam1-gaokao2023en-exclusive0817,123,123,1,draft|draft_verify,271.5296745300293,36.22794151306152,0.0,117,58,121,1,0,0,1,1,0
gaokao2023en,bbeam1,step-profile-config2-bbeam1-gaokao2023en-exclusive0817,123,123,2,draft|draft_verify|target|target_rescue_verify,1679.3439388275146,210.54387092590332,419.9965000152588,175,352,663,4,175,65,1,2,1
gaokao2023en,bbeam1,step-profile-config2-bbeam1-gaokao2023en-exclusive0817,123,123,3,draft|draft_verify,458.24742317199707,90.48295021057129,0.0,240,87,277,3,0,0,1,1,0
gaokao2023en,bbeam1,step-profile-config2-bbeam1-gaokao2023en-exclusive0817,123,123,4,draft|draft_verify,390.1667594909668,96.46248817443848,0.0,327,70,349,4,0,0,1,1,0
gaokao2023en,bbeam1,step-profile-config2-bbeam1-gaokao2023en-exclusive0817,123,123,5,draft|draft_verify|target|target_rescue_verify,618.5178756713867,275.0413417816162,683.8786602020264,397,131,943,10,397,110,1,2,1
gaokao2023en,bbeam1,step-profile-config2-bbeam1-gaokao2023en-exclusive0817,123,123,6,draft|draft_verify,431.70619010925293,131.14166259765625,0.0,507,92,555,6,0,0,1,1,0
gaokao2023en,bbeam1,step-profile-config2-bbeam1-gaokao2023en-exclusive0817,123,123,7,draft|draft_verify,224.40505027770996,137.28761672973633,0.0,599,45,602,7,0,0,1,1,0
gaokao2023en,bbeam1,step-profile-config2-bbeam1-gaokao2023en-exclusive0817,123,123,8,draft|draft_verify,164.11852836608887,138.8704776763916,0.0,644,33,637,8,0,0,1,1,0
gaokao2023en,bbeam1,step-profile-config2-bbeam1-gaokao2023en-exclusive0817,123,123,9,draft|draft_verify,129.18376922607422,155.8544635772705,0.0,677,20,659,9,0,0,1,1,0
gaokao2023en,bbeam1,step-profile-config2-bbeam1-gaokao2023en-exclusive0817,124,124,1,draft|draft_verify,212.64028549194336,50.698280334472656,0.0,178,34,158,1,0,0,1,1,0
gaokao2023en,bbeam1,step-profile-config2-bbeam1-gaokao2023en-exclusive0817,124,124,2,draft|draft_verify|target|backtracking_verify,213.14120292663574,124.33767318725586,215.17586708068848,212,44,395,4,212,32,1,2,1
gaokao2023en,bbeam1,step-profile-config2-bbeam1-gaokao2023en-exclusive0817,124,124,3,draft|draft_verify|target|backtracking_verify,53.39980125427246,129.06956672668457,152.54497528076172,256,11,434,6,256,11,1,2,1
gaokao2023en,bbeam1,step-profile-config2-bbeam1-gaokao2023en-exclusive0817,124,124,4,draft|draft_verify|target|target_rescue_verify,472.8059768676758,331.6495418548584,850.8961200714111,534,98,1088,16,534,114,2,4,2
gaokao2023en,bbeam1,step-profile-config2-bbeam1-gaokao2023en-exclusive0817,124,124,5,draft|draft_verify|target|target_rescue_verify,302.07324028015137,362.98155784606934,569.3240165710449,648,64,1250,20,648,74,2,4,2
gaokao2023en,bbeam1,step-profile-config2-bbeam1-gaokao2023en-exclusive0817,124,124,6,draft|draft_verify,86.75932884216309,102.89120674133301,0.0,361,18,335,6,0,0,1,1,0
gaokao2023en,bbeam1,step-profile-config2-bbeam1-gaokao2023en-exclusive0817,124,124,7,draft|draft_verify|target|backtracking_verify,148.36859703063965,195.15442848205566,123.19755554199219,379,29,716,14,379,13,1,2,1
gaokao2023en,bbeam1,step-profile-config2-bbeam1-gaokao2023en-exclusive0817,124,124,8,draft|draft_verify|target|backtracking_verify,221.22883796691895,438.5998249053955,301.1641502380371,800,38,1516,32,800,38,2,4,2
gaokao2023en,bbeam1,step-profile-config2-bbeam1-gaokao2023en-exclusive0817,124,124,9,draft|draft_verify|target|target_rescue_verify,452.84581184387207,1022.1714973449707,544.628381729126,1676,80,3184,72,1676,56,4,8,4
gaokao2023en,bbeam1,step-profile-config2-bbeam1-gaokao2023en-exclusive0817,124,124,10,draft|draft_verify|target|target_rescue_verify,23954.111099243164,1058.990240097046,442.09790229797363,1732,28,3232,80,1732,28,4,8,4
gaokao2023en,bbeam1,step-profile-config2-bbeam1-gaokao2023en-exclusive0817,125,125,1,draft|draft_verify,152.94599533081055,31.80694580078125,0.0,144,30,120,1,0,0,1,1,0
gaokao2023en,bbeam1,step-profile-config2-bbeam1-gaokao2023en-exclusive0817,125,125,2,draft|draft_verify,256.3014030456543,55.52792549133301,0.0,174,56,178,2,0,0,1,1,0
gaokao2023en,bbeam1,step-profile-config2-bbeam1-gaokao2023en-exclusive0817,125,125,3,draft|draft_verify|target|target_rescue_verify,261.99913024902344,144.74821090698242,567.6937103271484,230,57,496,6,230,79,1,2,1
gaokao2023en,bbeam1,step-profile-config2-bbeam1-gaokao2023en-exclusive0817,125,125,4,draft|draft_verify,349.87592697143555,106.13870620727539,0.0,309,74,335,4,0,0,1,1,0
gaokao2023en,bbeam1,step-profile-config2-bbeam1-gaokao2023en-exclusive0817,125,125,5,draft|draft_verify|target|target_rescue_verify,521.2864875793457,277.24170684814453,601.3808250427246,383,101,867,10,383,92,1,2,1
gaokao2023en,bbeam1,step-profile-config2-bbeam1-gaokao2023en-exclusive0817,125,125,6,draft|draft_verify,135.4053020477295,137.82286643981934,0.0,475,26,457,6,0,0,1,1,0
gaokao2023en,bbeam1,step-profile-config2-bbeam1-gaokao2023en-exclusive0817,126,126,1,draft|draft_verify,132.45797157287598,34.340858459472656,0.0,140,28,114,1,0,0,1,1,0
gaokao2023en,bbeam1,step-profile-config2-bbeam1-gaokao2023en-exclusive0817,126,126,2,draft|draft_verify,526.7484188079834,64.82911109924316,0.0,168,118,234,2,0,0,1,1,0
gaokao2023en,bbeam1,step-profile-config2-bbeam1-gaokao2023en-exclusive0817,126,126,3,draft|draft_verify,323.2913017272949,78.43375205993652,0.0,286,71,307,3,0,0,1,1,0
gaokao2023en,bbeam1,step-profile-config2-bbeam1-gaokao2023en-exclusive0817,126,126,4,draft|draft_verify,545.2365875244141,143.1884765625,0.0,357,115,424,4,0,0,1,1,0
gaokao2023en,bbeam1,step-profile-config2-bbeam1-gaokao2023en-exclusive0817,126,126,5,draft|draft_verify,379.87518310546875,153.7637710571289,0.0,472,84,510,5,0,0,1,1,0
gaokao2023en,bbeam1,step-profile-config2-bbeam1-gaokao2023en-exclusive0817,126,126,6,draft|draft_verify|target|target_rescue_verify,458.0190181732178,284.5273017883301,825.0241279602051,556,88,1242,12,556,130,1,2,1
gaokao2023en,bbeam1,step-profile-config2-bbeam1-gaokao2023en-exclusive0817,126,126,7,draft|draft_verify,131.52265548706055,153.0923843383789,0.0,686,26,670,7,0,0,1,1,0
gaokao2023en,bbeam1,step-profile-config2-bbeam1-gaokao2023en-exclusive0817,127,127,1,draft|draft_verify,267.3044204711914,31.273603439331055,0.0,100,58,104,1,0,0,1,1,0
gaokao2023en,bbeam1,step-profile-config2-bbeam1-gaokao2023en-exclusive0817,127,127,2,draft|draft_verify,235.31413078308105,51.51200294494629,0.0,158,51,157,2,0,0,1,1,0
gaokao2023en,bbeam1,step-profile-config2-bbeam1-gaokao2023en-exclusive0817,127,127,3,draft|draft_verify|target|target_rescue_verify,357.92994499206543,127.92301177978516,317.89541244506836,209,72,435,6,209,45,1,2,1
gaokao2023en,bbeam1,step-profile-config2-bbeam1-gaokao2023en-exclusive0817,127,127,4,draft|draft_verify|target|target_rescue_verify,402.10819244384766,179.69799041748047,392.23599433898926,254,84,557,8,254,61,1,2,1
gaokao2023en,bbeam1,step-profile-config2-bbeam1-gaokao2023en-exclusive0817,127,127,5,draft|draft_verify,273.47517013549805,101.318359375,0.0,315,54,323,5,0,0,1,1,0
gaokao2023en,bbeam1,step-profile-config2-bbeam1-gaokao2023en-exclusive0817,127,127,6,draft|draft_verify|target|target_rescue_verify,517.8587436676025,266.0081386566162,662.1856689453125,369,112,864,12,369,102,1,2,1
gaokao2023en,bbeam1,step-profile-config2-bbeam1-gaokao2023en-exclusive0817,127,127,7,draft|draft_verify,97.23687171936035,127.02298164367676,0.0,471,17,446,7,0,0,1,1,0
gaokao2023en,bbeam1,step-profile-config2-bbeam1-gaokao2023en-exclusive0817,128,128,1,draft|draft_verify,327.32558250427246,39.97635841369629,0.0,95,67,108,1,0,0,1,1,0
gaokao2023en,bbeam1,step-profile-config2-bbeam1-gaokao2023en-exclusive0817,128,128,2,draft|draft_verify,105.91483116149902,56.06651306152344,0.0,162,19,129,2,0,0,1,1,0
gaokao2023en,bbeam1,step-profile-config2-bbeam1-gaokao2023en-exclusive0817,128,128,3,draft|draft_verify,78.16529273986816,56.61463737487793,0.0,181,14,145,3,0,0,1,1,0
gaokao2023en,bbeam1,step-profile-config2-bbeam1-gaokao2023en-exclusive0817,128,128,4,draft|draft_verify,73.4107494354248,54.570674896240234,0.0,195,15,162,4,0,0,1,1,0
gaokao2023en,bbeam1,step-profile-config2-bbeam1-gaokao2023en-exclusive0817,128,128,5,draft|draft_verify,464.2012119293213,65.48953056335449,0.0,210,92,256,5,0,0,1,1,0
gaokao2023en,bbeam1,step-profile-config2-bbeam1-gaokao2023en-exclusive0817,128,128,6,draft|draft_verify,77.99673080444336,77.13103294372559,0.0,302,16,274,6,0,0,1,1,0
gaokao2023en,bbeam1,step-profile-config2-bbeam1-gaokao2023en-exclusive0817,128,128,7,draft|draft_verify,39.54195976257324,76.60150527954102,0.0,318,8,284,7,0,0,1,1,0
gaokao2023en,bbeam1,step-profile-config2-bbeam1-gaokao2023en-exclusive0817,128,128,8,draft|draft_verify,63.00044059753418,77.12006568908691,0.0,326,13,299,8,0,0,1,1,0
gaokao2023en,bbeam1,step-profile-config2-bbeam1-gaokao2023en-exclusive0817,128,128,9,draft|draft_verify,56.972503662109375,80.12986183166504,0.0,339,12,313,9,0,0,1,1,0
gaokao2023en,bbeam1,step-profile-config2-bbeam1-gaokao2023en-exclusive0817,128,128,10,draft|draft_verify,58.90464782714844,96.48633003234863,0.0,351,11,326,10,0,0,1,1,0
gaokao2023en,bbeam1,step-profile-config2-bbeam1-gaokao2023en-exclusive0817,128,128,11,draft|draft_verify,65.17505645751953,93.71662139892578,0.0,362,13,341,11,0,0,1,1,0
gaokao2023en,bbeam1,step-profile-config2-bbeam1-gaokao2023en-exclusive0817,128,128,12,draft|draft_verify,60.22167205810547,94.93303298950195,0.0,375,11,354,12,0,0,1,1,0
gaokao2023en,bbeam1,step-profile-config2-bbeam1-gaokao2023en-exclusive0817,129,129,1,draft|draft_verify,292.6490306854248,31.96406364440918,0.0,88,65,99,1,0,0,1,1,0
gaokao2023en,bbeam1,step-profile-config2-bbeam1-gaokao2023en-exclusive0817,129,129,2,draft|draft_verify|target|target_rescue_verify,2031.785488128662,195.95646858215332,337.21280097961426,153,446,695,4,153,47,1,2,1
gaokao2023en,bbeam1,step-profile-config2-bbeam1-gaokao2023en-exclusive0817,129,129,3,draft|draft_verify,161.26608848571777,62.081098556518555,0.0,200,36,186,3,0,0,1,1,0
gaokao2023en,bbeam1,step-profile-config2-bbeam1-gaokao2023en-exclusive0817,129,129,4,draft|draft_verify|target|target_rescue_verify,692.9504871368408,184.42797660827637,487.3816967010498,236,154,602,8,236,72,1,2,1
gaokao2023en,bbeam1,step-profile-config2-bbeam1-gaokao2023en-exclusive0817,129,129,5,draft|draft_verify,417.7441596984863,115.9200668334961,0.0,308,91,353,5,0,0,1,1,0
gaokao2023en,bbeam1,step-profile-config2-bbeam1-gaokao2023en-exclusive0817,129,129,6,draft|draft_verify,1787.3945236206055,165.7540798187256,0.0,399,356,711,6,0,0,1,1,0
gaokao2023en,bbeam1,step-profile-config2-bbeam1-gaokao2023en-exclusive0817,129,129,7,draft|draft_verify,72.47662544250488,155.0426483154297,0.0,755,17,730,7,0,0,1,1,0
gaokao2023en,bbeam1,step-profile-config2-bbeam1-gaokao2023en-exclusive0817,129,129,8,draft|draft_verify,58.48383903503418,154.99591827392578,0.0,772,10,742,8,0,0,1,1,0
gaokao2023en,bbeam1,step-profile-config2-bbeam1-gaokao2023en-exclusive0817,130,130,1,draft|draft_verify|target|backtracking_verify,154.77919578552246,141.06416702270508,235.68296432495117,105,34,159,2,105,23,1,2,1
gaokao2023en,bbeam1,step-profile-config2-bbeam1-gaokao2023en-exclusive0817,130,130,2,draft|draft_verify|target|target_rescue_verify|backtracking_verify,550.1503944396973,34831.41851425171,951.0529041290283,267,112,586,8,267,148,2,4,2
gaokao2023en,bbeam1,step-profile-config2-bbeam1-gaokao2023en-exclusive0817,130,130,3,draft|draft_verify|target|backtracking_verify|target_rescue_verify,570.8181858062744,251.0702610015869,1010.1723670959473,371,123,820,12,371,155,2,4,2
gaokao2023en,bbeam1,step-profile-config2-bbeam1-gaokao2023en-exclusive0817,130,130,4,draft|draft_verify|target|target_rescue_verify,610.1386547088623,226.5164852142334,406.400203704834,494,133,747,12,203,61,2,3,1
gaokao2023en,bbeam1,step-profile-config2-bbeam1-gaokao2023en-exclusive0817,130,130,5,draft|draft_verify|target|target_rescue_verify,526.2339115142822,281.1295986175537,579.709529876709,610,110,933,15,264,87,2,3,1
gaokao2023en,bbeam1,step-profile-config2-bbeam1-gaokao2023en-exclusive0817,130,130,6,draft|draft_verify|target|target_rescue_verify,107.11002349853516,191.58077239990234,195.64056396484375,351,25,664,12,351,25,1,2,1
gaokao2023en,bbeam1,step-profile-config2-bbeam1-gaokao2023en-exclusive0817,131,131,1,draft|draft_verify,337.91160583496094,33.93888473510742,0.0,81,73,100,1,0,0,1,1,0
gaokao2023en,bbeam1,step-profile-config2-bbeam1-gaokao2023en-exclusive0817,131,131,2,draft|draft_verify,161.6358757019043,52.073001861572266,0.0,154,29,131,2,0,0,1,1,0
gaokao2023en,bbeam1,step-profile-config2-bbeam1-gaokao2023en-exclusive0817,131,131,3,draft|draft_verify,147.9499340057373,51.45692825317383,0.0,183,30,163,3,0,0,1,1,0
gaokao2023en,bbeam1,step-profile-config2-bbeam1-gaokao2023en-exclusive0817,131,131,4,draft|draft_verify,125.47993659973145,62.055110931396484,0.0,213,29,194,4,0,0,1,1,0
gaokao2023en,bbeam1,step-profile-config2-bbeam1-gaokao2023en-exclusive0817,131,131,5,draft|draft_verify,495.2836036682129,81.56347274780273,0.0,242,98,294,5,0,0,1,1,0
gaokao2023en,bbeam1,step-profile-config2-bbeam1-gaokao2023en-exclusive0817,131,131,6,draft|draft_verify,64.82434272766113,81.17222785949707,0.0,340,13,309,6,0,0,1,1,0
gaokao2023en,bbeam1,step-profile-config2-bbeam1-gaokao2023en-exclusive0817,131,131,7,draft|draft_verify,57.81841278076172,95.34120559692383,0.0,353,11,322,7,0,0,1,1,0
gaokao2023en,bbeam1,step-profile-config2-bbeam1-gaokao2023en-exclusive0817,131,131,8,draft|draft_verify,435.7779026031494,126.63674354553223,0.0,364,85,409,8,0,0,1,1,0
gaokao2023en,bbeam1,step-profile-config2-bbeam1-gaokao2023en-exclusive0817,131,131,9,draft|draft_verify,113.41595649719238,127.1669864654541,0.0,449,24,435,9,0,0,1,1,0
gaokao2023en,bbeam1,step-profile-config2-bbeam1-gaokao2023en-exclusive0817,132,132,1,draft|draft_verify,406.31651878356934,54.86011505126953,0.0,115,92,153,1,0,0,1,1,0
gaokao2023en,bbeam1,step-profile-config2-bbeam1-gaokao2023en-exclusive0817,132,132,2,draft|draft_verify,455.413818359375,61.78474426269531,0.0,207,91,246,2,0,0,1,1,0
gaokao2023en,bbeam1,step-profile-config2-bbeam1-gaokao2023en-exclusive0817,132,132,3,draft|draft_verify,200.59871673583984,80.10339736938477,0.0,298,41,289,3,0,0,1,1,0
gaokao2023en,bbeam1,step-profile-config2-bbeam1-gaokao2023en-exclusive0817,132,132,4,draft|draft_verify,178.9531707763672,110.41593551635742,0.0,339,32,323,4,0,0,1,1,0
gaokao2023en,bbeam1,step-profile-config2-bbeam1-gaokao2023en-exclusive0817,132,132,5,draft|draft_verify,234.1153621673584,95.15762329101562,0.0,371,51,376,5,0,0,1,1,0
gaokao2023en,bbeam1,step-profile-config2-bbeam1-gaokao2023en-exclusive0817,132,132,6,draft|draft_verify,227.88310050964355,130.77330589294434,0.0,422,44,422,6,0,0,1,1,0
gaokao2023en,bbeam1,step-profile-config2-bbeam1-gaokao2023en-exclusive0817,132,132,7,draft|draft_verify,318.0427551269531,149.03545379638672,0.0,466,66,490,7,0,0,1,1,0
gaokao2023en,bbeam1,step-profile-config2-bbeam1-gaokao2023en-exclusive0817,132,132,8,draft|draft_verify,347.25165367126465,128.95464897155762,0.0,532,61,553,8,0,0,1,1,0
gaokao2023en,bbeam1,step-profile-config2-bbeam1-gaokao2023en-exclusive0817,132,132,9,draft|draft_verify,137.37130165100098,132.12227821350098,0.0,593,28,583,9,0,0,1,1,0
gaokao2023en,bbeam1,step-profile-config2-bbeam1-gaokao2023en-exclusive0817,133,133,1,draft|draft_verify|target|backtracking_verify,171.76342010498047,62.012672424316406,233.65259170532227,116,37,194,2,116,33,1,2,1
gaokao2023en,bbeam1,step-profile-config2-bbeam1-gaokao2023en-exclusive0817,133,133,2,draft|draft_verify|target|target_rescue_verify,668.0154800415039,243.2546615600586,792.5858497619629,302,148,654,8,302,111,2,4,2
gaokao2023en,bbeam1,step-profile-config2-bbeam1-gaokao2023en-exclusive0817,133,133,3,draft|draft_verify|target|target_rescue_verify,273.6847400665283,136.31653785705566,387.10522651672363,195,60,409,6,195,61,1,2,1
gaokao2023en,bbeam1,step-profile-config2-bbeam1-gaokao2023en-exclusive0817,133,133,4,draft|draft_verify,111.76037788391113,67.71397590637207,0.0,256,24,231,4,0,0,1,1,0
gaokao2023en,bbeam1,step-profile-config2-bbeam1-gaokao2023en-exclusive0817,133,133,5,draft|draft_verify,166.01181030273438,85.99376678466797,0.0,280,34,266,5,0,0,1,1,0
gaokao2023en,bbeam1,step-profile-config2-bbeam1-gaokao2023en-exclusive0817,133,133,6,draft|draft_verify|target|target_rescue_verify,356.9490909576416,189.05329704284668,284.5885753631592,314,75,653,12,314,42,1,2,1
gaokao2023en,bbeam1,step-profile-config2-bbeam1-gaokao2023en-exclusive0817,133,133,7,draft|draft_verify|target|target_rescue_verify,482.3446273803711,229.0482521057129,323.1923580169678,356,97,770,14,356,49,1,2,1
gaokao2023en,bbeam1,step-profile-config2-bbeam1-gaokao2023en-exclusive0817,133,133,8,draft|draft_verify|target|target_rescue_verify,124.50075149536133,254.1944980621338,343.25647354125977,405,26,803,16,405,51,1,2,1
gaokao2023en,bbeam1,step-profile-config2-bbeam1-gaokao2023en-exclusive0817,133,133,9,draft|draft_verify|target|target_rescue_verify,95.76296806335449,262.5420093536377,110.08405685424805,456,20,862,18,456,10,1,2,1
gaokao2023en,bbeam1,step-profile-config2-bbeam1-gaokao2023en-exclusive0817,133,133,10,draft|draft_verify|target|backtracking_verify,151.41797065734863,284.91687774658203,432.3408603668213,466,31,953,20,466,67,1,2,1
gaokao2023en,bbeam1,step-profile-config2-bbeam1-gaokao2023en-exclusive0817,133,133,11,draft|draft_verify|target|target_rescue_verify,546.0567474365234,395.79081535339355,451.4799118041992,1030,92,1578,33,497,69,2,3,1
gaokao2023en,bbeam1,step-profile-config2-bbeam1-gaokao2023en-exclusive0817,134,134,1,draft|draft_verify,186.1734390258789,29.9832820892334,0.0,91,44,81,1,0,0,1,1,0
gaokao2023en,bbeam1,step-profile-config2-bbeam1-gaokao2023en-exclusive0817,134,134,2,draft|draft_verify,187.85715103149414,46.69833183288574,0.0,135,46,129,2,0,0,1,1,0
gaokao2023en,bbeam1,step-profile-config2-bbeam1-gaokao2023en-exclusive0817,134,134,3,draft|draft_verify,651.9100666046143,84.29670333862305,0.0,181,148,279,3,0,0,1,1,0
gaokao2023en,bbeam1,step-profile-config2-bbeam1-gaokao2023en-exclusive0817,134,134,4,draft|draft_verify,496.30141258239746,148.53954315185547,0.0,329,105,386,4,0,0,1,1,0
gaokao2023en,bbeam1,step-profile-config2-bbeam1-gaokao2023en-exclusive0817,134,134,5,draft|draft_verify,1050.079584121704,135.93220710754395,0.0,434,220,608,5,0,0,1,1,0
gaokao2023en,bbeam1,step-profile-config2-bbeam1-gaokao2023en-exclusive0817,134,134,6,draft|draft_verify,122.56669998168945,133.7423324584961,0.0,654,23,633,6,0,0,1,1,0
gaokao2023en,bbeam1,step-profile-config2-bbeam1-gaokao2023en-exclusive0817,135,135,1,draft|draft_verify,116.05525016784668,33.04433822631836,0.0,120,25,91,1,0,0,1,1,0
gaokao2023en,bbeam1,step-profile-config2-bbeam1-gaokao2023en-exclusive0817,135,135,2,draft|draft_verify,217.1938419342041,53.52973937988281,0.0,145,48,141,2,0,0,1,1,0
gaokao2023en,bbeam1,step-profile-config2-bbeam1-gaokao2023en-exclusive0817,135,135,3,draft|draft_verify,88.31548690795898,51.78952217102051,0.0,193,12,155,3,0,0,1,1,0
gaokao2023en,bbeam1,step-profile-config2-bbeam1-gaokao2023en-exclusive0817,135,135,4,draft|draft_verify,247.60746955871582,61.44094467163086,0.0,205,48,205,4,0,0,1,1,0
gaokao2023en,bbeam1,step-profile-config2-bbeam1-gaokao2023en-exclusive0817,135,135,5,draft|draft_verify,66.12348556518555,70.93286514282227,0.0,253,11,218,5,0,0,1,1,0
gaokao2023en,bbeam1,step-profile-config2-bbeam1-gaokao2023en-exclusive0817,135,135,6,draft|draft_verify,320.06216049194336,81.12454414367676,0.0,264,54,274,6,0,0,1,1,0
gaokao2023en,bbeam1,step-profile-config2-bbeam1-gaokao2023en-exclusive0817,135,135,7,draft|draft_verify,557.2035312652588,94.12908554077148,0.0,318,108,384,7,0,0,1,1,0
gaokao2023en,bbeam1,step-profile-config2-bbeam1-gaokao2023en-exclusive0817,135,135,8,draft|draft_verify,726.7870903015137,141.36481285095215,0.0,426,156,542,8,0,0,1,1,0
gaokao2023en,bbeam1,step-profile-config2-bbeam1-gaokao2023en-exclusive0817,135,135,9,draft|draft_verify,478.60074043273926,154.63662147521973,0.0,582,97,641,9,0,0,1,1,0
gaokao2023en,bbeam1,step-profile-config2-bbeam1-gaokao2023en-exclusive0817,135,135,10,draft|draft_verify,1493.567705154419,207.1516513824463,0.0,679,303,946,10,0,0,1,1,0
gaokao2023en,bbeam1,step-profile-config2-bbeam1-gaokao2023en-exclusive0817,135,135,11,draft|draft_verify,512.134313583374,223.2992649078369,0.0,982,100,1048,11,0,0,1,1,0
gaokao2023en,bbeam1,step-profile-config2-bbeam1-gaokao2023en-exclusive0817,135,135,12,draft|draft_verify,276.3035297393799,232.01274871826172,0.0,1082,57,1107,12,0,0,1,1,0
gaokao2023en,bbeam1,step-profile-config2-bbeam1-gaokao2023en-exclusive0817,135,135,13,draft|draft_verify,115.14711380004883,231.92882537841797,0.0,1139,21,1130,13,0,0,1,1,0
gaokao2023en,bbeam1,step-profile-config2-bbeam1-gaokao2023en-exclusive0817,136,136,1,draft|draft_verify,243.16954612731934,34.42859649658203,0.0,114,55,115,1,0,0,1,1,0
gaokao2023en,bbeam1,step-profile-config2-bbeam1-gaokao2023en-exclusive0817,136,136,2,draft|draft_verify,258.09574127197266,57.795047760009766,0.0,169,54,171,2,0,0,1,1,0
gaokao2023en,bbeam1,step-profile-config2-bbeam1-gaokao2023en-exclusive0817,136,136,3,draft|draft_verify,270.8749771118164,62.53385543823242,0.0,223,58,231,3,0,0,1,1,0
gaokao2023en,bbeam1,step-profile-config2-bbeam1-gaokao2023en-exclusive0817,136,136,4,draft|draft_verify,265.8557891845703,25798.71106147766,0.0,281,54,287,4,0,0,1,1,0
gaokao2023en,bbeam1,step-profile-config2-bbeam1-gaokao2023en-exclusive0817,136,136,5,draft|draft_verify|target|target_rescue_verify,500.2434253692627,263.12923431396484,571.6779232025146,335,83,745,10,335,84,1,2,1
gaokao2023en,bbeam1,step-profile-config2-bbeam1-gaokao2023en-exclusive0817,136,136,6,draft|draft_verify,245.50867080688477,126.6472339630127,0.0,419,51,426,6,0,0,1,1,0
gaokao2023en,bbeam1,step-profile-config2-bbeam1-gaokao2023en-exclusive0817,136,136,7,draft|draft_verify,245.92971801757812,128.62873077392578,0.0,470,52,480,7,0,0,1,1,0
gaokao2023en,bbeam1,step-profile-config2-bbeam1-gaokao2023en-exclusive0817,136,136,8,draft|draft_verify,213.83142471313477,128.0069351196289,0.0,522,45,527,8,0,0,1,1,0
gaokao2023en,bbeam1,step-profile-config2-bbeam1-gaokao2023en-exclusive0817,136,136,9,draft|draft_verify,315.22202491760254,133.48793983459473,0.0,567,67,596,9,0,0,1,1,0
gaokao2023en,bbeam1,step-profile-config2-bbeam1-gaokao2023en-exclusive0817,136,136,10,draft|draft_verify,214.07079696655273,152.54950523376465,0.0,634,45,643,10,0,0,1,1,0
gaokao2023en,bbeam1,step-profile-config2-bbeam1-gaokao2023en-exclusive0817,136,136,11,draft|draft_verify|target|target_rescue_verify,501.523494720459,312.5579357147217,676.9628524780273,679,108,1506,22,679,108,1,2,1
gaokao2023en,bbeam1,step-profile-config2-bbeam1-gaokao2023en-exclusive0817,136,136,12,draft|draft_verify|target|backtracking_verify,943.6943531036377,381.02054595947266,679.5454025268555,787,212,1832,24,787,110,1,2,1
gaokao2023en,bbeam1,step-profile-config2-bbeam1-gaokao2023en-exclusive0817,136,136,13,draft|draft_verify|target|target_rescue_verify,719.2134857177734,482.61284828186035,1220.2050685882568,999,156,2293,26,999,199,1,2,1
gaokao2023en,bbeam1,step-profile-config2-bbeam1-gaokao2023en-exclusive0817,136,136,14,draft|draft_verify,270.94292640686035,259.3882083892822,0.0,1198,58,1228,14,0,0,1,1,0
gaokao2023en,bbeam1,step-profile-config2-bbeam1-gaokao2023en-exclusive0817,136,136,15,draft|draft_verify|target|target_rescue_verify,300.8127212524414,552.5102615356445,617.2683238983154,1256,60,2616,30,1256,96,1,2,1
gaokao2023en,bbeam1,step-profile-config2-bbeam1-gaokao2023en-exclusive0817,136,136,16,draft|draft_verify,110.28718948364258,281.91494941711426,0.0,1352,23,1351,16,0,0,1,1,0
gaokao2023en,bbeam1,step-profile-config2-bbeam1-gaokao2023en-exclusive0817,136,136,17,draft|draft_verify|target|backtracking_verify,169.0971851348877,559.3478679656982,258.26239585876465,1375,34,2776,34,1375,36,1,2,1
gaokao2023en,bbeam1,step-profile-config2-bbeam1-gaokao2023en-exclusive0817,136,136,18,draft|draft_verify|target|backtracking_verify,682.680606842041,1275.65336227417,1620.8527088165283,2820,150,5973,72,2820,263,2,4,2
gaokao2023en,bbeam1,step-profile-config2-bbeam1-gaokao2023en-exclusive0817,136,136,19,draft|draft_verify|target|target_rescue_verify,1226.315975189209,1946.4097023010254,1031.3162803649902,4454,264,9220,114,4454,156,3,6,3
gaokao2023en,bbeam1,step-profile-config2-bbeam1-gaokao2023en-exclusive0817,136,136,20,draft|draft_verify,550.8260726928711,328.9074897766113,0.0,1538,119,1641,20,0,0,1,1,0
gaokao2023en,bbeam1,step-profile-config2-bbeam1-gaokao2023en-exclusive0817,136,136,21,draft|draft_verify,249.92799758911133,349.987268447876,0.0,1657,44,1687,21,0,0,1,1,0
gaokao2023en,bbeam1,step-profile-config2-bbeam1-gaokao2023en-exclusive0817,136,136,22,draft|draft_verify|target|target_rescue_verify,806.0686588287354,753.6129951477051,332.1115970611572,1701,169,3592,44,1701,45,1,2,1
gaokao2023en,bbeam1,step-profile-config2-bbeam1-gaokao2023en-exclusive0817,137,137,1,draft|draft_verify,149.33443069458008,30.669450759887695,0.0,88,36,70,1,0,0,1,1,0
gaokao2023en,bbeam1,step-profile-config2-bbeam1-gaokao2023en-exclusive0817,137,137,2,draft|draft_verify,115.43703079223633,30.40790557861328,0.0,124,27,99,2,0,0,1,1,0
gaokao2023en,bbeam1,step-profile-config2-bbeam1-gaokao2023en-exclusive0817,137,137,3,draft|draft_verify,203.0942440032959,51.456451416015625,0.0,151,37,138,3,0,0,1,1,0
gaokao2023en,bbeam1,step-profile-config2-bbeam1-gaokao2023en-exclusive0817,137,137,4,draft|draft_verify,143.89991760253906,51.50628089904785,0.0,188,31,171,4,0,0,1,1,0
gaokao2023en,bbeam1,step-profile-config2-bbeam1-gaokao2023en-exclusive0817,137,137,5,draft|draft_verify,402.64391899108887,61.454057693481445,0.0,219,77,250,5,0,0,1,1,0
gaokao2023en,bbeam1,step-profile-config2-bbeam1-gaokao2023en-exclusive0817,137,137,6,draft|draft_verify,315.69600105285645,82.49378204345703,0.0,296,57,309,6,0,0,1,1,0
gaokao2023en,bbeam1,step-profile-config2-bbeam1-gaokao2023en-exclusive0817,137,137,7,draft|draft_verify,206.45761489868164,103.8060188293457,0.0,353,43,354,7,0,0,1,1,0
gaokao2023en,bbeam1,step-profile-config2-bbeam1-gaokao2023en-exclusive0817,137,137,8,draft|draft_verify,127.4712085723877,125.66208839416504,0.0,396,30,386,8,0,0,1,1,0
gaokao2023en,bbeam1,step-profile-config2-bbeam1-gaokao2023en-exclusive0817,137,137,9,draft|draft_verify,174.7138500213623,125.93579292297363,0.0,426,27,415,9,0,0,1,1,0
gaokao2023en,bbeam1,step-profile-config2-bbeam1-gaokao2023en-exclusive0817,137,137,10,draft|draft_verify,47.307729721069336,125.7774829864502,0.0,453,7,424,10,0,0,1,1,0
gaokao2023en,bbeam1,step-profile-config2-bbeam1-gaokao2023en-exclusive0817,137,137,11,draft|draft_verify,116.99223518371582,127.32148170471191,0.0,460,25,451,11,0,0,1,1,0
gaokao2023en,bbeam1,step-profile-config2-bbeam1-gaokao2023en-exclusive0817,137,137,12,draft|draft_verify|target|target_rescue_verify,416.52941703796387,257.8399181365967,693.8574314117432,485,89,1103,24,485,108,1,2,1
gaokao2023en,bbeam1,step-profile-config2-bbeam1-gaokao2023en-exclusive0817,137,137,13,draft|draft_verify,444.5455074310303,152.56047248840332,0.0,593,99,662,13,0,0,1,1,0
gaokao2023en,bbeam1,step-profile-config2-bbeam1-gaokao2023en-exclusive0817,137,137,14,draft|draft_verify,145.22695541381836,160.53247451782227,0.0,692,32,696,14,0,0,1,1,0
gaokao2023en,bbeam1,step-profile-config2-bbeam1-gaokao2023en-exclusive0817,137,137,15,draft|draft_verify,129.7001838684082,155.37357330322266,0.0,724,29,727,15,0,0,1,1,0
gaokao2023en,bbeam1,step-profile-config2-bbeam1-gaokao2023en-exclusive0817,137,137,16,draft|draft_verify,52.36363410949707,154.3748378753662,0.0,753,11,740,16,0,0,1,1,0
gaokao2023en,bbeam1,step-profile-config2-bbeam1-gaokao2023en-exclusive0817,137,137,17,draft|draft_verify,132.8897476196289,173.51078987121582,0.0,764,31,773,17,0,0,1,1,0
gaokao2023en,bbeam1,step-profile-config2-bbeam1-gaokao2023en-exclusive0817,137,137,18,draft|draft_verify,39.731740951538086,166.9163703918457,0.0,795,9,784,18,0,0,1,1,0
gaokao2023en,bbeam1,step-profile-config2-bbeam1-gaokao2023en-exclusive0817,137,137,19,draft|draft_verify,63.500404357910156,174.90100860595703,0.0,804,13,799,19,0,0,1,1,0
gaokao2023en,bbeam1,step-profile-config2-bbeam1-gaokao2023en-exclusive0817,138,138,1,draft|draft_verify|target|backtracking_verify,494.7807788848877,121.35148048400879,628.042459487915,148,111,405,2,148,106,1,2,1
gaokao2023en,bbeam1,step-profile-config2-bbeam1-gaokao2023en-exclusive0817,138,138,2,draft|draft_verify|target|target_rescue_verify,11700.28281211853,842.4131870269775,1345.508337020874,513,2509,3540,8,513,214,2,4,2
gaokao2023en,bbeam1,step-profile-config2-bbeam1-gaokao2023en-exclusive0817,138,138,3,draft|draft_verify|target|target_rescue_verify,2155.9524536132812,514.3918991088867,1702.0649909973145,727,460,1995,12,727,281,2,4,2
gaokao2023en,bbeam1,step-profile-config2-bbeam1-gaokao2023en-exclusive0817,138,138,4,draft|draft_verify|target|target_rescue_verify,784.6226692199707,311.4476203918457,669.5692539215088,580,164,1337,8,580,109,1,2,1
gaokao2023en,bbeam1,step-profile-config2-bbeam1-gaokao2023en-exclusive0817,138,138,5,draft|draft_verify|target|target_rescue_verify,272.2940444946289,306.729793548584,170.5021858215332,689,57,1363,10,689,20,1,2,1
gaokao2023en,bbeam1,step-profile-config2-bbeam1-gaokao2023en-exclusive0817,139,139,1,draft|draft_verify,382.04503059387207,31.11886978149414,0.0,81,87,114,1,0,0,1,1,0
gaokao2023en,bbeam1,step-profile-config2-bbeam1-gaokao2023en-exclusive0817,139,139,2,draft|draft_verify,258.55135917663574,51.36251449584961,0.0,168,58,174,2,0,0,1,1,0
gaokao2023en,bbeam1,step-profile-config2-bbeam1-gaokao2023en-exclusive0817,139,139,3,draft|draft_verify,1100.083351135254,141.92461967468262,0.0,226,252,428,3,0,0,1,1,0
gaokao2023en,bbeam1,step-profile-config2-bbeam1-gaokao2023en-exclusive0817,139,139,4,draft|draft_verify|target|target_rescue_verify,57.71374702453613,254.75502014160156,298.46692085266113,478,13,912,8,478,39,1,2,1
gaokao2023en,bbeam1,step-profile-config2-bbeam1-gaokao2023en-exclusive0817,139,139,5,draft|draft_verify,95.85118293762207,144.23298835754395,0.0,517,19,490,5,0,0,1,1,0
gaokao2023en,bbeam1,step-profile-config2-bbeam1-gaokao2023en-exclusive0817,140,140,1,draft|draft_verify|target|backtracking_verify,3694.5371627807617,92.72217750549316,586.6467952728271,123,41,275,2,123,96,1,2,1
gaokao2023en,bbeam1,step-profile-config2-bbeam1-gaokao2023en-exclusive0817,140,140,2,draft|draft_verify|target|target_rescue_verify,349.36046600341797,133.6066722869873,609.5232963562012,164,78,399,4,164,97,1,2,1
gaokao2023en,bbeam1,step-profile-config2-bbeam1-gaokao2023en-exclusive0817,140,140,3,draft|draft_verify|target|target_rescue_verify,574.3207931518555,191.01858139038086,411.8461608886719,261,122,607,6,261,63,1,2,1
gaokao2023en,bbeam1,step-profile-config2-bbeam1-gaokao2023en-exclusive0817,140,140,4,draft|draft_verify|target|target_rescue_verify,406.42547607421875,201.02477073669434,517.0059204101562,324,87,724,8,324,85,1,2,1
gaokao2023en,bbeam1,step-profile-config2-bbeam1-gaokao2023en-exclusive0817,140,140,5,draft|draft_verify|target|target_rescue_verify,348.6194610595703,265.1481628417969,644.726037979126,409,76,907,10,409,105,1,2,1
gaokao2023en,bbeam1,step-profile-config2-bbeam1-gaokao2023en-exclusive0817,140,140,6,draft|draft_verify|target|target_rescue_verify,196.80547714233398,268.72777938842773,844.2404270172119,514,42,1123,12,514,141,1,2,1
gaokao2023en,bbeam1,step-profile-config2-bbeam1-gaokao2023en-exclusive0817,140,140,7,draft|draft_verify,163.8178825378418,152.3582935333252,0.0,655,34,647,7,0,0,1,1,0
gaokao2023en,bbeam1,step-profile-config2-bbeam1-gaokao2023en-exclusive0817,140,140,8,draft|draft_verify,83.92071723937988,152.89545059204102,0.0,689,16,665,8,0,0,1,1,0
gaokao2023en,bbeam1,step-profile-config2-bbeam1-gaokao2023en-exclusive0817,141,141,1,draft|draft_verify,119.3990707397461,31.072616577148438,0.0,101,26,73,1,0,0,1,1,0
gaokao2023en,bbeam1,step-profile-config2-bbeam1-gaokao2023en-exclusive0817,141,141,2,draft|draft_verify,65.89841842651367,29.903888702392578,0.0,127,15,90,2,0,0,1,1,0
gaokao2023en,bbeam1,step-profile-config2-bbeam1-gaokao2023en-exclusive0817,141,141,3,draft|draft_verify,183.84671211242676,47.25241661071777,0.0,142,42,134,3,0,0,1,1,0
gaokao2023en,bbeam1,step-profile-config2-bbeam1-gaokao2023en-exclusive0817,141,141,4,draft|draft_verify,184.1416358947754,51.23639106750488,0.0,184,40,176,4,0,0,1,1,0
gaokao2023en,bbeam1,step-profile-config2-bbeam1-gaokao2023en-exclusive0817,141,141,5,draft|draft_verify,80.99985122680664,64.70847129821777,0.0,224,17,195,5,0,0,1,1,0
gaokao2023en,bbeam1,step-profile-config2-bbeam1-gaokao2023en-exclusive0817,141,141,6,draft|draft_verify,208.28986167907715,61.71774864196777,0.0,241,45,242,6,0,0,1,1,0
gaokao2023en,bbeam1,step-profile-config2-bbeam1-gaokao2023en-exclusive0817,141,141,7,draft|draft_verify,255.86700439453125,77.50916481018066,0.0,286,55,299,7,0,0,1,1,0
gaokao2023en,bbeam1,step-profile-config2-bbeam1-gaokao2023en-exclusive0817,141,141,8,draft|draft_verify,209.48386192321777,94.61355209350586,0.0,341,45,346,8,0,0,1,1,0
gaokao2023en,bbeam1,step-profile-config2-bbeam1-gaokao2023en-exclusive0817,141,141,9,draft|draft_verify,224.8859405517578,126.10983848571777,0.0,386,48,396,9,0,0,1,1,0
gaokao2023en,bbeam1,step-profile-config2-bbeam1-gaokao2023en-exclusive0817,141,141,10,draft|draft_verify,229.22182083129883,126.8310546875,0.0,434,46,444,10,0,0,1,1,0
gaokao2023en,bbeam1,step-profile-config2-bbeam1-gaokao2023en-exclusive0817,141,141,11,draft|draft_verify,95.32356262207031,126.82390213012695,0.0,480,19,465,11,0,0,1,1,0
gaokao2023en,bbeam1,step-profile-config2-bbeam1-gaokao2023en-exclusive0817,142,142,1,draft|draft_verify,87.02826499938965,31.03351593017578,0.0,107,19,72,1,0,0,1,1,0
gaokao2023en,bbeam1,step-profile-config2-bbeam1-gaokao2023en-exclusive0817,142,142,2,draft|draft_verify|target|target_rescue_verify,254.14586067199707,134.19437408447266,1427.0298480987549,126,58,433,4,126,227,1,2,1
gaokao2023en,bbeam1,step-profile-config2-bbeam1-gaokao2023en-exclusive0817,142,142,3,draft|draft_verify,410.20655632019043,141.9062614440918,0.0,353,92,395,3,0,0,1,1,0
gaokao2023en,bbeam1,step-profile-config2-bbeam1-gaokao2023en-exclusive0817,142,142,4,draft|draft_verify|target|target_rescue_verify,113.71469497680664,250.51188468933105,239.72320556640625,445,24,853,8,445,35,1,2,1
gaokao2023en,bbeam1,step-profile-config2-bbeam1-gaokao2023en-exclusive0817,142,142,5,draft|draft_verify,93.93167495727539,125.78773498535156,0.0,480,22,456,5,0,0,1,1,0
gaokao2023en,bbeam1,step-profile-config2-bbeam1-gaokao2023en-exclusive0817,143,143,1,draft|draft_verify,269.9732780456543,31.049251556396484,0.0,108,61,115,1,0,0,1,1,0
gaokao2023en,bbeam1,step-profile-config2-bbeam1-gaokao2023en-exclusive0817,143,143,2,draft|draft_verify|target|backtracking_verify,764.6579742431641,156.60858154296875,984.9379062652588,169,169,566,4,169,163,1,2,1
gaokao2023en,bbeam1,step-profile-config2-bbeam1-gaokao2023en-exclusive0817,143,143,3,draft|draft_verify|target|target_rescue_verify,1042.8271293640137,460.0539207458496,1516.8428421020508,670,229,1613,12,670,244,2,4,2
gaokao2023en,bbeam1,step-profile-config2-bbeam1-gaokao2023en-exclusive0817,143,143,4,draft|draft_verify|target|target_rescue_verify,307.05881118774414,252.3059844970703,542.8576469421387,392,62,836,8,392,86,1,2,1
gaokao2023en,bbeam1,step-profile-config2-bbeam1-gaokao2023en-exclusive0817,143,143,5,draft|draft_verify,574.0110874176025,128.2813549041748,0.0,478,132,564,5,0,0,1,1,0
gaokao2023en,bbeam1,step-profile-config2-bbeam1-gaokao2023en-exclusive0817,143,143,6,draft|draft_verify,319.0479278564453,132.54785537719727,0.0,610,68,634,6,0,0,1,1,0
gaokao2023en,bbeam1,step-profile-config2-bbeam1-gaokao2023en-exclusive0817,143,143,7,draft|draft_verify|target|target_rescue_verify,565.3314590454102,310.3599548339844,462.0177745819092,678,127,1469,14,678,70,1,2,1
gaokao2023en,bbeam1,step-profile-config2-bbeam1-gaokao2023en-exclusive0817,143,143,8,draft|draft_verify,371.4938163757324,174.9093532562256,0.0,748,78,786,8,0,0,1,1,0
gaokao2023en,bbeam1,step-profile-config2-bbeam1-gaokao2023en-exclusive0817,143,143,9,draft|draft_verify,370.8012104034424,178.15351486206055,0.0,826,78,866,9,0,0,1,1,0
gaokao2023en,bbeam1,step-profile-config2-bbeam1-gaokao2023en-exclusive0817,143,143,10,draft|draft_verify,373.0180263519287,201.768159866333,0.0,904,78,946,10,0,0,1,1,0
gaokao2023en,bbeam1,step-profile-config2-bbeam1-gaokao2023en-exclusive0817,143,143,11,draft|draft_verify,372.4179267883301,226.88531875610352,0.0,982,78,1026,11,0,0,1,1,0
gaokao2023en,bbeam1,step-profile-config2-bbeam1-gaokao2023en-exclusive0817,143,143,12,draft|draft_verify,378.77821922302246,230.07464408874512,0.0,1060,78,1106,12,0,0,1,1,0
gaokao2023en,bbeam1,step-profile-config2-bbeam1-gaokao2023en-exclusive0817,143,143,13,draft|draft_verify,373.8899230957031,257.3087215423584,0.0,1138,78,1186,13,0,0,1,1,0
gaokao2023en,bbeam1,step-profile-config2-bbeam1-gaokao2023en-exclusive0817,143,143,14,draft|draft_verify,371.48118019104004,260.06531715393066,0.0,1216,78,1266,14,0,0,1,1,0
gaokao2023en,bbeam1,step-profile-config2-bbeam1-gaokao2023en-exclusive0817,143,143,15,draft|draft_verify,373.62051010131836,278.4740924835205,0.0,1294,78,1346,15,0,0,1,1,0
gaokao2023en,bbeam1,step-profile-config2-bbeam1-gaokao2023en-exclusive0817,143,143,16,draft|draft_verify,372.9255199432373,307.8904151916504,0.0,1372,78,1426,16,0,0,1,1,0
gaokao2023en,bbeam1,step-profile-config2-bbeam1-gaokao2023en-exclusive0817,143,143,17,draft|draft_verify,376.41072273254395,314.10956382751465,0.0,1450,78,1506,17,0,0,1,1,0
gaokao2023en,bbeam1,step-profile-config2-bbeam1-gaokao2023en-exclusive0817,143,143,18,draft|draft_verify,374.09281730651855,332.0426940917969,0.0,1528,78,1586,18,0,0,1,1,0
gaokao2023en,bbeam1,step-profile-config2-bbeam1-gaokao2023en-exclusive0817,143,143,19,draft|draft_verify,345.888614654541,351.3762950897217,0.0,1606,78,1666,19,0,0,1,1,0
gaokao2023en,bbeam1,step-profile-config2-bbeam1-gaokao2023en-exclusive0817,143,143,20,draft|draft_verify,385.15305519104004,363.63816261291504,0.0,1684,78,1746,20,0,0,1,1,0
gaokao2023en,bbeam1,step-profile-config2-bbeam1-gaokao2023en-exclusive0817,143,143,21,draft|draft_verify,372.84374237060547,389.48893547058105,0.0,1762,78,1826,21,0,0,1,1,0
gaokao2023en,bbeam1,step-profile-config2-bbeam1-gaokao2023en-exclusive0817,143,143,22,draft|draft_verify,383.81505012512207,396.14367485046387,0.0,1840,78,1906,22,0,0,1,1,0
gaokao2023en,bbeam1,step-profile-config2-bbeam1-gaokao2023en-exclusive0817,143,143,23,draft|draft_verify,366.2874698638916,406.782865524292,0.0,1918,78,1986,23,0,0,1,1,0
gaokao2023en,bbeam1,step-profile-config2-bbeam1-gaokao2023en-exclusive0817,143,143,24,draft|draft_verify,365.401029586792,435.94884872436523,0.0,1996,78,2066,24,0,0,1,1,0
gaokao2023en,bbeam1,step-profile-config2-bbeam1-gaokao2023en-exclusive0817,144,144,1,draft|draft_verify|target|backtracking_verify,139.65916633605957,102.9348373413086,217.18597412109375,170,31,294,2,170,31,1,2,1
gaokao2023en,bbeam1,step-profile-config2-bbeam1-gaokao2023en-exclusive0817,144,144,2,draft|draft_verify|target|target_rescue_verify,1079.972743988037,276.8516540527344,828.5884857177734,402,236,944,8,402,112,2,4,2
gaokao2023en,bbeam1,step-profile-config2-bbeam1-gaokao2023en-exclusive0817,144,144,3,draft|draft_verify|target|target_rescue_verify,1746.255874633789,403.6238193511963,656.0502052307129,514,386,1312,12,514,100,2,4,2
gaokao2023en,bbeam1,step-profile-config2-bbeam1-gaokao2023en-exclusive0817,144,144,4,draft|draft_verify|target|target_rescue_verify,1174.2422580718994,375.65040588378906,1135.6327533721924,614,252,1468,16,614,184,2,4,2
gaokao2023en,bbeam1,step-profile-config2-bbeam1-gaokao2023en-exclusive0817,144,144,5,draft|draft_verify,396.38376235961914,126.13582611083984,0.0,399,85,437,5,0,0,1,1,0
gaokao2023en,bbeam1,step-profile-config2-bbeam1-gaokao2023en-exclusive0817,144,144,6,draft|draft_verify,264.5103931427002,143.83912086486816,0.0,484,56,495,6,0,0,1,1,0
gaokao2023en,bbeam1,step-profile-config2-bbeam1-gaokao2023en-exclusive0817,144,144,7,draft|draft_verify,245.03731727600098,15518.418550491333,0.0,540,52,549,7,0,0,1,1,0
gaokao2023en,bbeam1,step-profile-config2-bbeam1-gaokao2023en-exclusive0817,144,144,8,draft|draft_verify,173.44045639038086,146.16823196411133,0.0,592,35,586,8,0,0,1,1,0
gaokao2023en,bbeam1,step-profile-config2-bbeam1-gaokao2023en-exclusive0817,144,144,9,draft|draft_verify,206.69293403625488,133.1949234008789,0.0,627,43,631,9,0,0,1,1,0
gaokao2023en,bbeam1,step-profile-config2-bbeam1-gaokao2023en-exclusive0817,144,144,10,draft|draft_verify,167.0851707458496,153.4571647644043,0.0,670,35,668,10,0,0,1,1,0
gaokao2023en,bbeam1,step-profile-config2-bbeam1-gaokao2023en-exclusive0817,144,144,11,draft|draft_verify,189.8021697998047,154.3562412261963,0.0,705,39,709,11,0,0,1,1,0
gaokao2023en,bbeam1,step-profile-config2-bbeam1-gaokao2023en-exclusive0817,144,144,12,draft|draft_verify,159.7282886505127,154.59513664245605,0.0,744,34,745,12,0,0,1,1,0
gaokao2023en,bbeam1,step-profile-config2-bbeam1-gaokao2023en-exclusive0817,144,144,13,draft|draft_verify|target|backtracking_verify,264.7230625152588,350.2659797668457,368.26419830322266,778,57,1606,26,778,55,1,2,1
gaokao2023en,bbeam1,step-profile-config2-bbeam1-gaokao2023en-exclusive0817,144,144,14,draft|draft_verify|target|target_rescue_verify,362.2438907623291,530.2224159240723,315.19150733947754,1668,77,2532,42,835,39,2,3,1
gaokao2023en,bbeam1,step-profile-config2-bbeam1-gaokao2023en-exclusive0817,144,144,15,draft|draft_verify,206.18057250976562,178.80821228027344,0.0,872,44,889,15,0,0,1,1,0
gaokao2023en,bbeam1,step-profile-config2-bbeam1-gaokao2023en-exclusive0817,144,144,16,draft|draft_verify,180.54819107055664,192.93689727783203,0.0,916,37,928,16,0,0,1,1,0
gaokao2023en,bbeam1,step-profile-config2-bbeam1-gaokao2023en-exclusive0817,145,145,1,draft|draft_verify,777.6587009429932,79.38337326049805,0.0,145,172,263,1,0,0,1,1,0
gaokao2023en,bbeam1,step-profile-config2-bbeam1-gaokao2023en-exclusive0817,145,145,2,draft|draft_verify|target|target_rescue_verify,150.7394313812256,157.393217086792,254.00209426879883,317,31,593,4,317,32,1,2,1
gaokao2023en,bbeam1,step-profile-config2-bbeam1-gaokao2023en-exclusive0817,145,145,3,draft|draft_verify,60.37092208862305,78.6583423614502,0.0,349,12,311,3,0,0,1,1,0
gaokao2023en,bbeam1,step-profile-config2-bbeam1-gaokao2023en-exclusive0817,145,145,4,draft|draft_verify,349.92432594299316,126.01423263549805,0.0,361,74,387,4,0,0,1,1,0
gaokao2023en,bbeam1,step-profile-config2-bbeam1-gaokao2023en-exclusive0817,145,145,5,draft|draft_verify,36.39483451843262,125.79894065856934,0.0,435,7,396,5,0,0,1,1,0
gaokao2023en,bbeam1,step-profile-config2-bbeam1-gaokao2023en-exclusive0817,145,145,6,draft|draft_verify,59.39936637878418,126.40547752380371,0.0,442,12,410,6,0,0,1,1,0
gaokao2023en,bbeam1,step-profile-config2-bbeam1-gaokao2023en-exclusive0817,145,145,7,draft|draft_verify,82.47876167297363,128.14807891845703,0.0,454,17,429,7,0,0,1,1,0
gaokao2023en,bbeam1,step-profile-config2-bbeam1-gaokao2023en-exclusive0817,145,145,8,draft|draft_verify,98.66213798522949,127.94256210327148,0.0,471,21,452,8,0,0,1,1,0
gaokao2023en,bbeam1,step-profile-config2-bbeam1-gaokao2023en-exclusive0817,145,145,9,draft|draft_verify,90.67726135253906,128.23152542114258,0.0,492,18,472,9,0,0,1,1,0
gaokao2023en,bbeam1,step-profile-config2-bbeam1-gaokao2023en-exclusive0817,146,146,1,draft|draft_verify|target|backtracking_verify,161.33975982666016,58.444976806640625,250.95558166503906,105,37,176,2,105,37,1,2,1
gaokao2023en,bbeam1,step-profile-config2-bbeam1-gaokao2023en-exclusive0817,146,146,2,draft|draft_verify|target|target_rescue_verify,981.856107711792,193.62974166870117,589.972972869873,284,228,676,8,284,88,2,4,2
gaokao2023en,bbeam1,step-profile-config2-bbeam1-gaokao2023en-exclusive0817,146,146,3,draft|draft_verify|target|backtracking_verify|target_rescue_verify,1097.566843032837,258.65936279296875,817.5859451293945,372,248,920,12,372,128,2,4,2
gaokao2023en,bbeam1,step-profile-config2-bbeam1-gaokao2023en-exclusive0817,146,146,4,draft|draft_verify|target|target_rescue_verify|backtracking_verify,2204.5719623565674,631.8356990814209,2205.134391784668,867,464,2276,24,867,366,3,6,3
gaokao2023en,bbeam1,step-profile-config2-bbeam1-gaokao2023en-exclusive0817,146,146,5,draft|draft_verify|target|target_rescue_verify,1374.859094619751,748.7759590148926,1213.118314743042,1128,276,2446,30,1128,190,3,6,3
gaokao2023en,bbeam1,step-profile-config2-bbeam1-gaokao2023en-exclusive0817,146,146,6,draft|draft_verify|target|target_rescue_verify,766.169548034668,409.5292091369629,577.9483318328857,886,159,1465,18,459,93,2,3,1
gaokao2023en,bbeam1,step-profile-config2-bbeam1-gaokao2023en-exclusive0817,146,146,7,draft|draft_verify|target|target_rescue_verify,501.1146068572998,397.7022171020508,508.0432891845703,1061,107,1675,21,552,81,2,3,1
gaokao2023en,bbeam1,step-profile-config2-bbeam1-gaokao2023en-exclusive0817,147,147,1,draft|draft_verify,137.52484321594238,30.261993408203125,0.0,115,31,93,1,0,0,1,1,0
gaokao2023en,bbeam1,step-profile-config2-bbeam1-gaokao2023en-exclusive0817,147,147,2,draft|draft_verify,736.6995811462402,77.91876792907715,0.0,146,167,262,2,0,0,1,1,0
gaokao2023en,bbeam1,step-profile-config2-bbeam1-gaokao2023en-exclusive0817,147,147,3,draft|draft_verify|target|target_rescue_verify,466.4320945739746,219.87652778625488,1103.4178733825684,313,98,810,6,313,184,1,2,1
gaokao2023en,bbeam1,step-profile-config2-bbeam1-gaokao2023en-exclusive0817,147,147,4,draft|draft_verify,402.38404273986816,127.81453132629395,0.0,497,88,538,4,0,0,1,1,0
gaokao2023en,bbeam1,step-profile-config2-bbeam1-gaokao2023en-exclusive0817,147,147,5,draft|draft_verify,96.78387641906738,127.56943702697754,0.0,585,20,560,5,0,0,1,1,0
gaokao2023en,bbeam1,step-profile-config2-bbeam1-gaokao2023en-exclusive0817,148,148,1,draft|draft_verify|target|target_rescue_verify,269.68932151794434,111.09209060668945,605.1356792449951,153,62,358,2,153,99,1,2,1
gaokao2023en,bbeam1,step-profile-config2-bbeam1-gaokao2023en-exclusive0817,148,148,2,draft|draft_verify|target|backtracking_verify,250.59008598327637,126.63578987121582,338.97924423217773,252,54,504,4,252,52,1,2,1
gaokao2023en,bbeam1,step-profile-config2-bbeam1-gaokao2023en-exclusive0817,148,148,3,draft|draft_verify|target|target_rescue_verify,785.5348587036133,290.9853458404541,370.88513374328613,610,169,989,9,306,57,2,3,1
gaokao2023en,bbeam1,step-profile-config2-bbeam1-gaokao2023en-exclusive0817,148,148,4,draft|draft_verify|target|target_rescue_verify,1316.5528774261475,267.2119140625,346.41408920288086,385,283,1006,8,385,51,1,2,1
gaokao2023en,bbeam1,step-profile-config2-bbeam1-gaokao2023en-exclusive0817,148,148,5,draft|draft_verify|target|target_rescue_verify,1542.431116104126,295.33934593200684,334.23542976379395,436,330,1157,10,436,49,1,2,1
gaokao2023en,bbeam1,step-profile-config2-bbeam1-gaokao2023en-exclusive0817,148,148,6,draft|draft_verify|target|target_rescue_verify,407.27710723876953,253.85522842407227,118.25037002563477,485,87,979,12,485,12,1,2,1
gaokao2023en,bbeam1,step-profile-config2-bbeam1-gaokao2023en-exclusive0817,148,148,7,draft|draft_verify,152.9836654663086,143.04208755493164,0.0,497,32,486,7,0,0,1,1,0
gaokao2023en,bbeam1,step-profile-config2-bbeam1-gaokao2023en-exclusive0817,148,148,8,draft|draft_verify|target|target_rescue_verify,281.6507816314697,259.17792320251465,696.5858936309814,529,61,1149,16,529,112,1,2,1
gaokao2023en,bbeam1,step-profile-config2-bbeam1-gaokao2023en-exclusive0817,148,148,9,draft|draft_verify,720.4158306121826,157.58371353149414,0.0,641,150,752,9,0,0,1,1,0
gaokao2023en,bbeam1,step-profile-config2-bbeam1-gaokao2023en-exclusive0817,148,148,10,draft|draft_verify,678.5354614257812,200.67906379699707,0.0,791,154,908,10,0,0,1,1,0
gaokao2023en,bbeam1,step-profile-config2-bbeam1-gaokao2023en-exclusive0817,148,148,11,draft|draft_verify,520.7114219665527,225.73614120483398,0.0,945,117,1027,11,0,0,1,1,0
gaokao2023en,bbeam1,step-profile-config2-bbeam1-gaokao2023en-exclusive0817,148,148,12,draft|draft_verify,136.4309787750244,228.81197929382324,0.0,1062,31,1060,12,0,0,1,1,0
gaokao2023en,bbeam1,step-profile-config2-bbeam1-gaokao2023en-exclusive0817,149,149,1,draft|draft_verify,184.36765670776367,30.872583389282227,0.0,88,41,75,1,0,0,1,1,0
gaokao2023en,bbeam1,step-profile-config2-bbeam1-gaokao2023en-exclusive0817,149,149,2,draft|draft_verify,18545.21679878235,66.2226676940918,0.0,129,53,130,2,0,0,1,1,0
gaokao2023en,bbeam1,step-profile-config2-bbeam1-gaokao2023en-exclusive0817,149,149,3,draft|draft_verify|target|target_rescue_verify,282.09424018859863,122.4360466003418,243.1020736694336,182,60,353,6,182,29,1,2,1
gaokao2023en,bbeam1,step-profile-config2-bbeam1-gaokao2023en-exclusive0817,149,149,4,draft|draft_verify|target|target_rescue_verify,388.338565826416,155.74026107788086,771.3439464569092,211,85,540,8,211,129,1,2,1
gaokao2023en,bbeam1,step-profile-config2-bbeam1-gaokao2023en-exclusive0817,149,149,5,draft|draft_verify,151.97300910949707,102.70929336547852,0.0,340,32,326,5,0,0,1,1,0
gaokao2023en,bbeam1,step-profile-config2-bbeam1-gaokao2023en-exclusive0817,149,149,6,draft|draft_verify,120.24712562561035,92.21005439758301,0.0,372,24,352,6,0,0,1,1,0
gaokao2023en,bbeam1,step-profile-config2-bbeam1-gaokao2023en-exclusive0817,150,150,1,draft|draft_verify,154.8621654510498,29.60801124572754,0.0,101,34,81,1,0,0,1,1,0
gaokao2023en,bbeam1,step-profile-config2-bbeam1-gaokao2023en-exclusive0817,150,150,2,draft|draft_verify,246.94371223449707,49.85213279724121,0.0,135,55,138,2,0,0,1,1,0
gaokao2023en,bbeam1,step-profile-config2-bbeam1-gaokao2023en-exclusive0817,150,150,3,draft|draft_verify,296.6434955596924,60.0283145904541,0.0,190,66,206,3,0,0,1,1,0
gaokao2023en,bbeam1,step-profile-config2-bbeam1-gaokao2023en-exclusive0817,150,150,4,draft|draft_verify,126.8606185913086,59.07177925109863,0.0,256,27,235,4,0,0,1,1,0
gaokao2023en,bbeam1,step-profile-config2-bbeam1-gaokao2023en-exclusive0817,150,150,5,draft|draft_verify,76.46703720092773,59.369564056396484,0.0,283,15,252,5,0,0,1,1,0
gaokao2023en,bbeam1,step-profile-config2-bbeam1-gaokao2023en-exclusive0817,151,151,1,draft|draft_verify|target|backtracking_verify,300.0168800354004,93.68753433227539,429.1238784790039,121,66,269,2,121,69,1,2,1
gaokao2023en,bbeam1,step-profile-config2-bbeam1-gaokao2023en-exclusive0817,151,151,2,draft|draft_verify|target|target_rescue_verify,9222.595691680908,552.985429763794,372.26033210754395,187,2049,2374,4,187,56,1,2,1
gaokao2023en,bbeam1,step-profile-config2-bbeam1-gaokao2023en-exclusive0817,151,151,3,draft|draft_verify|target|target_rescue_verify,279.6974182128906,156.32319450378418,482.3412895202637,243,66,518,6,243,66,1,2,1
gaokao2023en,bbeam1,step-profile-config2-bbeam1-gaokao2023en-exclusive0817,151,151,4,draft|draft_verify|target|backtracking_verify,273.2841968536377,195.03450393676758,410.2909564971924,309,64,650,8,309,64,1,2,1
gaokao2023en,bbeam1,step-profile-config2-bbeam1-gaokao2023en-exclusive0817,151,151,5,draft|draft_verify|target|backtracking_verify,734.1816425323486,375.6563663482666,492.9623603820801,746,158,1218,15,373,79,2,3,1
gaokao2023en,bbeam1,step-profile-config2-bbeam1-gaokao2023en-exclusive0817,151,151,6,draft|draft_verify|target|backtracking_verify,648.1328010559082,631.5493583679199,634.4919204711914,1356,141,2275,30,904,94,3,5,2
gaokao2023en,bbeam1,step-profile-config2-bbeam1-gaokao2023en-exclusive0817,151,151,7,draft|draft_verify|target|target_rescue_verify,2158.8735580444336,1283.6899757385254,2873.680830001831,2495,465,5495,70,2495,460,5,10,5
gaokao2023en,bbeam1,step-profile-config2-bbeam1-gaokao2023en-exclusive0817,151,151,8,draft|draft_verify,223.30021858215332,130.8615207672119,0.0,591,47,598,8,0,0,1,1,0
gaokao2023en,bbeam1,step-profile-config2-bbeam1-gaokao2023en-exclusive0817,151,151,9,draft|draft_verify,330.51085472106934,151.84950828552246,0.0,638,70,670,9,0,0,1,1,0
gaokao2023en,bbeam1,step-profile-config2-bbeam1-gaokao2023en-exclusive0817,151,151,10,draft|draft_verify,312.2422695159912,154.59275245666504,0.0,708,66,738,10,0,0,1,1,0
gaokao2023en,bbeam1,step-profile-config2-bbeam1-gaokao2023en-exclusive0817,151,151,11,draft|draft_verify,315.89674949645996,173.76446723937988,0.0,774,67,807,11,0,0,1,1,0
gaokao2023en,bbeam1,step-profile-config2-bbeam1-gaokao2023en-exclusive0817,151,151,12,draft|draft_verify,306.49733543395996,177.87623405456543,0.0,841,65,874,12,0,0,1,1,0
gaokao2023en,bbeam1,step-profile-config2-bbeam1-gaokao2023en-exclusive0817,151,151,13,draft|draft_verify|target|target_rescue_verify,469.74635124206543,411.3800525665283,629.1022300720215,906,100,1951,26,906,99,1,2,1
gaokao2023en,bbeam1,step-profile-config2-bbeam1-gaokao2023en-exclusive0817,151,151,14,draft|draft_verify,228.10602188110352,225.0998020172119,0.0,1005,48,1025,14,0,0,1,1,0
gaokao2023en,bbeam1,step-profile-config2-bbeam1-gaokao2023en-exclusive0817,151,151,15,draft|draft_verify,313.16184997558594,229.1407585144043,0.0,1053,67,1094,15,0,0,1,1,0
gaokao2023en,bbeam1,step-profile-config2-bbeam1-gaokao2023en-exclusive0817,151,151,16,draft|draft_verify,311.29956245422363,255.0203800201416,0.0,1120,67,1163,16,0,0,1,1,0
gaokao2023en,bbeam1,step-profile-config2-bbeam1-gaokao2023en-exclusive0817,151,151,17,draft|draft_verify|target|target_rescue_verify,436.87891960144043,518.2540416717529,593.4679508209229,1187,94,2517,34,1187,93,1,2,1
gaokao2023en,bbeam1,step-profile-config2-bbeam1-gaokao2023en-exclusive0817,151,151,18,draft|draft_verify,224.66516494750977,278.2704830169678,0.0,1280,48,1308,18,0,0,1,1,0
gaokao2023en,bbeam1,step-profile-config2-bbeam1-gaokao2023en-exclusive0817,151,151,19,draft|draft_verify,439.9523735046387,281.31628036499023,0.0,1328,93,1403,19,0,0,1,1,0
gaokao2023en,bbeam1,step-profile-config2-bbeam1-gaokao2023en-exclusive0817,151,151,20,draft|draft_verify,230.10921478271484,309.91554260253906,0.0,1421,48,1453,20,0,0,1,1,0
gaokao2023en,bbeam1,step-profile-config2-bbeam1-gaokao2023en-exclusive0817,151,151,21,draft|draft_verify,382.9355239868164,314.6708011627197,0.0,1469,81,1536,21,0,0,1,1,0
gaokao2023en,bbeam1,step-profile-config2-bbeam1-gaokao2023en-exclusive0817,151,151,22,draft|draft_verify,381.0305595397949,333.7113857269287,0.0,1550,79,1617,22,0,0,1,1,0
gaokao2023en,bbeam1,step-profile-config2-bbeam1-gaokao2023en-exclusive0817,151,151,23,draft|draft_verify,300.9648323059082,351.4723777770996,0.0,1629,75,1694,23,0,0,1,1,0
gaokao2023en,bbeam1,step-profile-config2-bbeam1-gaokao2023en-exclusive0817,151,151,24,draft|draft_verify,204.03766632080078,353.72042655944824,0.0,1704,48,1744,24,0,0,1,1,0
gaokao2023en,bbeam1,step-profile-config2-bbeam1-gaokao2023en-exclusive0817,151,151,25,draft|draft_verify,487.84494400024414,390.66362380981445,0.0,1752,107,1853,25,0,0,1,1,0
gaokao2023en,bbeam1,step-profile-config2-bbeam1-gaokao2023en-exclusive0817,151,151,26,draft|draft_verify,307.7878952026367,395.3216075897217,0.0,1859,57,1912,26,0,0,1,1,0
gaokao2023en,bbeam1,step-profile-config2-bbeam1-gaokao2023en-exclusive0817,151,151,27,draft|draft_verify,375.91075897216797,406.7046642303467,0.0,1916,81,1995,27,0,0,1,1,0
gaokao2023en,bbeam1,step-profile-config2-bbeam1-gaokao2023en-exclusive0817,151,151,28,draft|draft_verify,355.3166389465332,422.2605228424072,0.0,1997,67,2064,28,0,0,1,1,0
gaokao2023en,bbeam1,step-profile-config2-bbeam1-gaokao2023en-exclusive0817,152,152,1,draft|draft_verify,376.1627674102783,51.48601531982422,0.0,137,81,164,1,0,0,1,1,0
gaokao2023en,bbeam1,step-profile-config2-bbeam1-gaokao2023en-exclusive0817,152,152,2,draft|draft_verify,336.08078956604004,61.27762794494629,0.0,218,71,237,2,0,0,1,1,0
gaokao2023en,bbeam1,step-profile-config2-bbeam1-gaokao2023en-exclusive0817,152,152,3,draft|draft_verify|target|backtracking_verify,340.14201164245605,206.4800262451172,1110.9507083892822,289,71,729,6,289,180,1,2,1
gaokao2023en,bbeam1,step-profile-config2-bbeam1-gaokao2023en-exclusive0817,152,152,4,draft|draft_verify|target|target_rescue_verify,1493.4718608856201,579.2639255523682,2359.4374656677246,829,308,2171,16,829,397,2,4,2
gaokao2023en,bbeam1,step-profile-config2-bbeam1-gaokao2023en-exclusive0817,152,152,5,draft|draft_verify|target|target_rescue_verify,1281.5916538238525,603.4860610961914,3678.046703338623,1226,218,2649,15,718,625,2,3,1
gaokao2023en,bbeam1,step-profile-config2-bbeam1-gaokao2023en-exclusive0817,152,152,6,draft|draft_verify,281.4526557922363,129.4543743133545,0.0,551,69,576,6,0,0,1,1,0
gaokao2023en,bbeam1,step-profile-config2-bbeam1-gaokao2023en-exclusive0817,152,152,7,draft|draft_verify|target|backtracking_verify,272.9606628417969,5024.053573608398,393.66888999938965,620,61,1278,14,620,61,1,2,1
gaokao2023en,bbeam1,step-profile-config2-bbeam1-gaokao2023en-exclusive0817,152,152,8,draft|draft_verify|target|backtracking_verify,494.0752983093262,473.9186763763428,463.86146545410156,1362,106,2082,24,681,53,2,3,1
gaokao2023en,bbeam1,step-profile-config2-bbeam1-gaokao2023en-exclusive0817,152,152,9,draft|draft_verify|target|backtracking_verify,633.3091259002686,775.4859924316406,712.5527858734131,2202,135,3705,45,1468,90,3,5,2
gaokao2023en,bbeam1,step-profile-config2-bbeam1-gaokao2023en-exclusive0817,152,152,10,draft|draft_verify|target|target_rescue_verify,1356.0457229614258,1753.3936500549316,2291.7842864990234,3895,295,8035,100,3895,310,5,10,5
gaokao2023en,bbeam1,step-profile-config2-bbeam1-gaokao2023en-exclusive0817,152,152,11,draft|draft_verify,621.1142539978027,201.07793807983398,0.0,841,134,941,11,0,0,1,1,0
gaokao2023en,bbeam1,step-profile-config2-bbeam1-gaokao2023en-exclusive0817,152,152,12,draft|draft_verify|target|target_rescue_verify,256.5159797668457,427.6301860809326,552.8571605682373,975,55,2029,24,975,88,1,2,1
gaokao2023en,bbeam1,step-profile-config2-bbeam1-gaokao2023en-exclusive0817,152,152,13,draft|draft_verify|target|target_rescue_verify,161.17429733276367,459.03563499450684,191.89977645874023,1063,33,2124,26,1063,25,1,2,1
gaokao2023en,bbeam1,step-profile-config2-bbeam1-gaokao2023en-exclusive0817,153,153,1,draft|draft_verify|target|backtracking_verify,75.06251335144043,170.88603973388672,286.12422943115234,340,15,630,2,340,43,1,2,1
gaokao2023en,bbeam1,step-profile-config2-bbeam1-gaokao2023en-exclusive0817,153,153,2,draft|draft_verify|target|backtracking_verify,321.47693634033203,373.3854293823242,348.56224060058594,738,68,1378,8,738,43,2,4,2
gaokao2023en,bbeam1,step-profile-config2-bbeam1-gaokao2023en-exclusive0817,153,153,3,draft|draft_verify|target|target_rescue_verify,19697.418212890625,2162.2984409332275,13865.552186965942,1587,4335,9440,24,1587,2337,4,8,4
gaokao2023en,bbeam1,step-profile-config2-bbeam1-gaokao2023en-exclusive0817,153,153,4,draft|draft_verify|target|target_rescue_verify,497.75171279907227,770.2336311340332,12372.624397277832,961,107,3434,12,467,2049,2,3,1
gaokao2023en,bbeam1,step-profile-config2-bbeam1-gaokao2023en-exclusive0817,153,153,5,draft|draft_verify,428.5013675689697,128.5715103149414,0.0,505,91,549,5,0,0,1,1,0
gaokao2023en,bbeam1,step-profile-config2-bbeam1-gaokao2023en-exclusive0817,153,153,6,draft|draft_verify,21.182775497436523,127.7015209197998,0.0,596,4,555,6,0,0,1,1,0
gaokao2023en,bbeam1,step-profile-config2-bbeam1-gaokao2023en-exclusive0817,153,153,7,draft|draft_verify|target|backtracking_verify,424.576997756958,309.52978134155273,590.0740623474121,600,91,1302,14,600,97,1,2,1
gaokao2023en,bbeam1,step-profile-config2-bbeam1-gaokao2023en-exclusive0817,153,153,8,draft|draft_verify|target|target_rescue_verify,54.662227630615234,303.5869598388672,125.98967552185059,691,11,1322,16,691,11,1,2,1
gaokao2023en,bbeam1,step-profile-config2-bbeam1-gaokao2023en-exclusive0817,153,153,9,draft|draft_verify|target|backtracking_verify,141.01099967956543,306.90836906433105,448.84252548217773,702,29,1426,18,702,71,1,2,1
gaokao2023en,bbeam1,step-profile-config2-bbeam1-gaokao2023en-exclusive0817,153,153,10,draft|draft_verify|target|target_rescue_verify,129.20546531677246,460.5903625488281,126.17111206054688,1504,26,2164,30,731,14,2,3,1
gaokao2023en,bbeam1,step-profile-config2-bbeam1-gaokao2023en-exclusive0817,153,153,11,draft|draft_verify,56.24961853027344,154.44231033325195,0.0,785,11,761,11,0,0,1,1,0
gaokao2023en,bbeam1,step-profile-config2-bbeam1-gaokao2023en-exclusive0817,153,153,12,draft|draft_verify|target|target_rescue_verify,72.90410995483398,348.1621742248535,232.2995662689209,796,15,1573,24,796,32,1,2,1
gaokao2023en,bbeam1,step-profile-config2-bbeam1-gaokao2023en-exclusive0817,153,153,13,draft|draft_verify,69.16403770446777,174.64160919189453,0.0,828,14,811,13,0,0,1,1,0
gaokao2023en,bbeam1,step-profile-config2-bbeam1-gaokao2023en-exclusive0817,153,153,14,draft|draft_verify,207.07178115844727,175.81558227539062,0.0,842,44,857,14,0,0,1,1,0
gaokao2023en,bbeam1,step-profile-config2-bbeam1-gaokao2023en-exclusive0817,153,153,15,draft|draft_verify,78.13525199890137,177.43563652038574,0.0,886,16,875,15,0,0,1,1,0
gaokao2023en,bbeam1,step-profile-config2-bbeam1-gaokao2023en-exclusive0817,153,153,16,draft|draft_verify,200.2887725830078,201.21097564697266,0.0,902,42,919,16,0,0,1,1,0
gaokao2023en,bbeam1,step-profile-config2-bbeam1-gaokao2023en-exclusive0817,153,153,17,draft|draft_verify|target|target_rescue_verify,155.09486198425293,402.7395248413086,275.58135986328125,944,32,1912,34,944,38,1,2,1
gaokao2023en,bbeam1,step-profile-config2-bbeam1-gaokao2023en-exclusive0817,153,153,18,draft|draft_verify,171.59318923950195,202.8961181640625,0.0,982,35,996,18,0,0,1,1,0
gaokao2023en,bbeam1,step-profile-config2-bbeam1-gaokao2023en-exclusive0817,153,153,19,draft|draft_verify,174.4523048400879,225.7235050201416,0.0,1017,36,1034,19,0,0,1,1,0
gaokao2023en,bbeam1,step-profile-config2-bbeam1-gaokao2023en-exclusive0817,153,153,20,draft|draft_verify,9354.54535484314,664.0753746032715,0.0,1053,2049,3084,20,0,0,1,1,0
gaokao2023en,bbeam1,step-profile-config2-bbeam1-gaokao2023en-exclusive0817,154,154,1,draft|draft_verify|target|target_rescue_verify,272.98998832702637,110.96930503845215,338.87457847595215,178,63,358,2,178,47,1,2,1
gaokao2023en,bbeam1,step-profile-config2-bbeam1-gaokao2023en-exclusive0817,154,154,2,draft|draft_verify|target|backtracking_verify,66.16353988647461,125.10108947753906,468.1117534637451,225,14,433,4,225,73,1,2,1
gaokao2023en,bbeam1,step-profile-config2-bbeam1-gaokao2023en-exclusive0817,154,154,3,draft|draft_verify|target|target_rescue_verify,251.24001502990723,150.526762008667,469.41471099853516,239,55,506,6,239,73,1,2,1
gaokao2023en,bbeam1,step-profile-config2-bbeam1-gaokao2023en-exclusive0817,154,154,4,draft|draft_verify,462.06068992614746,106.01973533630371,0.0,312,99,363,4,0,0,1,1,0
gaokao2023en,bbeam1,step-profile-config2-bbeam1-gaokao2023en-exclusive0817,154,154,5,draft|draft_verify,408.79297256469727,127.8238296508789,0.0,411,86,451,5,0,0,1,1,0
gaokao2023en,bbeam1,step-profile-config2-bbeam1-gaokao2023en-exclusive0817,154,154,6,draft|draft_verify|target|target_rescue_verify,401.0295867919922,258.314847946167,721.5797901153564,497,86,1091,12,497,99,1,2,1
gaokao2023en,bbeam1,step-profile-config2-bbeam1-gaokao2023en-exclusive0817,154,154,7,draft|draft_verify,404.4942855834961,153.18608283996582,0.0,596,87,641,7,0,0,1,1,0
gaokao2023en,bbeam1,step-profile-config2-bbeam1-gaokao2023en-exclusive0817,154,154,8,draft|draft_verify|target|target_rescue_verify,438.8155937194824,310.2102279663086,468.18065643310547,683,94,1454,16,683,74,1,2,1
gaokao2023en,bbeam1,step-profile-config2-bbeam1-gaokao2023en-exclusive0817,154,154,9,draft|draft_verify,249.7086524963379,174.40295219421387,0.0,757,53,772,9,0,0,1,1,0
gaokao2023en,bbeam1,step-profile-config2-bbeam1-gaokao2023en-exclusive0817,154,154,10,draft|draft_verify|target|target_rescue_verify,392.0478820800781,381.8662166595459,792.9873466491699,810,84,1755,20,810,123,1,2,1
gaokao2023en,bbeam1,step-profile-config2-bbeam1-gaokao2023en-exclusive0817,154,154,11,draft|draft_verify,303.27486991882324,203.68719100952148,0.0,933,64,963,11,0,0,1,1,0
gaokao2023en,bbeam1,step-profile-config2-bbeam1-gaokao2023en-exclusive0817,154,154,12,draft|draft_verify,109.52115058898926,202.20279693603516,0.0,997,22,987,12,0,0,1,1,0
gaokao2023en,bbeam1,step-profile-config2-bbeam1-gaokao2023en-exclusive0817,154,154,13,draft|draft_verify,187.6237392425537,204.38718795776367,0.0,1019,29,1018,13,0,0,1,1,0
gaokao2023en,bbeam1,step-profile-config2-bbeam1-gaokao2023en-exclusive0817,154,154,14,draft|draft_verify,139.07313346862793,221.31967544555664,0.0,1048,20,1040,14,0,0,1,1,0
gaokao2023en,bbeam1,step-profile-config2-bbeam1-gaokao2023en-exclusive0817,155,155,1,draft|draft_verify|target|backtracking_verify,492.66839027404785,81.4213752746582,713.167667388916,78,109,257,2,78,100,1,2,1
gaokao2023en,bbeam1,step-profile-config2-bbeam1-gaokao2023en-exclusive0817,155,155,2,draft|draft_verify|target|target_rescue_verify|backtracking_verify,1231.8942546844482,325.13904571533203,1810.5590343475342,365,234,1056,8,365,300,2,4,2
gaokao2023en,bbeam1,step-profile-config2-bbeam1-gaokao2023en-exclusive0817,155,155,3,draft|draft_verify|target|target_rescue_verify,4148.228883743286,489.37296867370605,324.74637031555176,499,914,1750,12,499,39,2,4,2
gaokao2023en,bbeam1,step-profile-config2-bbeam1-gaokao2023en-exclusive0817,155,155,4,draft|draft_verify|target|target_rescue_verify,2610.3663444519043,316.90168380737305,750.5173683166504,323,580,1252,8,323,122,1,2,1
gaokao2023en,bbeam1,step-profile-config2-bbeam1-gaokao2023en-exclusive0817,155,155,5,draft|draft_verify|target|target_rescue_verify,573.8816261291504,256.0384273529053,839.1964435577393,445,122,1042,10,445,122,1,2,1
gaokao2023en,bbeam1,step-profile-config2-bbeam1-gaokao2023en-exclusive0817,155,155,6,draft|draft_verify,569.6642398834229,152.66847610473633,0.0,567,122,645,6,0,0,1,1,0
gaokao2023en,bbeam1,step-profile-config2-bbeam1-gaokao2023en-exclusive0817,155,155,7,draft|draft_verify|target|target_rescue_verify,376.0337829589844,328.54437828063965,782.1543216705322,689,84,1503,14,689,125,1,2,1
gaokao2023en,bbeam1,step-profile-config2-bbeam1-gaokao2023en-exclusive0817,155,155,8,draft|draft_verify|target|target_rescue_verify,297.1670627593994,383.7406635284424,846.0328578948975,814,67,1740,16,814,125,1,2,1
gaokao2023en,bbeam1,step-profile-config2-bbeam1-gaokao2023en-exclusive0817,155,155,9,draft|draft_verify,700.5496025085449,234.30204391479492,0.0,939,125,1026,9,0,0,1,1,0
gaokao2023en,bbeam1,step-profile-config2-bbeam1-gaokao2023en-exclusive0817,155,155,10,draft|draft_verify|target|target_rescue_verify,586.6572856903076,516.7942047119141,802.8955459594727,1064,125,2306,20,1064,125,1,2,1
gaokao2023en,bbeam1,step-profile-config2-bbeam1-gaokao2023en-exclusive0817,155,155,11,draft|draft_verify|target|target_rescue_verify,599.54833984375,505.0172805786133,762.9985809326172,1189,125,2560,22,1189,125,1,2,1
gaokao2023en,bbeam1,step-profile-config2-bbeam1-gaokao2023en-exclusive0817,155,155,12,draft|draft_verify,558.0754280090332,281.693696975708,0.0,1314,125,1407,12,0,0,1,1,0
gaokao2023en,bbeam1,step-profile-config2-bbeam1-gaokao2023en-exclusive0817,155,155,13,draft|draft_verify,607.1724891662598,331.43115043640137,0.0,1439,131,1540,13,0,0,1,1,0
gaokao2023en,bbeam1,step-profile-config2-bbeam1-gaokao2023en-exclusive0817,155,155,14,draft|draft_verify,650.763750076294,352.8594970703125,0.0,1570,131,1673,14,0,0,1,1,0
gaokao2023en,bbeam1,step-profile-config2-bbeam1-gaokao2023en-exclusive0817,155,155,15,draft|draft_verify,621.8976974487305,388.8876438140869,0.0,1701,131,1806,15,0,0,1,1,0
gaokao2023en,bbeam1,step-profile-config2-bbeam1-gaokao2023en-exclusive0817,155,155,16,draft|draft_verify,623.2967376708984,405.15613555908203,0.0,1832,131,1939,16,0,0,1,1,0
gaokao2023en,bbeam1,step-profile-config2-bbeam1-gaokao2023en-exclusive0817,155,155,17,draft|draft_verify|target|target_rescue_verify,613.8389110565186,848.5033512115479,850.1453399658203,1963,131,4144,34,1963,131,1,2,1
gaokao2023en,bbeam1,step-profile-config2-bbeam1-gaokao2023en-exclusive0817,156,156,1,draft|draft_verify,192.20733642578125,32.81974792480469,0.0,111,43,100,1,0,0,1,1,0
gaokao2023en,bbeam1,step-profile-config2-bbeam1-gaokao2023en-exclusive0817,156,156,2,draft|draft_verify,235.95809936523438,51.96976661682129,0.0,154,54,155,2,0,0,1,1,0
gaokao2023en,bbeam1,step-profile-config2-bbeam1-gaokao2023en-exclusive0817,156,156,3,draft|draft_verify|target|target_rescue_verify,163.1932258605957,131.43229484558105,403.9807319641113,208,37,411,6,208,60,1,2,1
gaokao2023en,bbeam1,step-profile-config2-bbeam1-gaokao2023en-exclusive0817,156,156,4,draft|draft_verify|target|backtracking_verify,334.2325687408447,182.59811401367188,426.06186866760254,268,71,574,8,268,65,1,2,1
gaokao2023en,bbeam1,step-profile-config2-bbeam1-gaokao2023en-exclusive0817,156,156,5,draft|draft_verify|target|target_rescue_verify,336.3604545593262,244.1418170928955,655.3444862365723,339,74,762,10,339,104,1,2,1
gaokao2023en,bbeam1,step-profile-config2-bbeam1-gaokao2023en-exclusive0817,156,156,6,draft|draft_verify,404.3447971343994,134.49859619140625,0.0,443,64,462,6,0,0,1,1,0
gaokao2023en,bbeam1,step-profile-config2-bbeam1-gaokao2023en-exclusive0817,156,156,7,draft|draft_verify,397.45211601257324,130.7976245880127,0.0,507,73,537,7,0,0,1,1,0
gaokao2023en,bbeam1,step-profile-config2-bbeam1-gaokao2023en-exclusive0817,156,156,8,draft|draft_verify,141.82400703430176,133.469820022583,0.0,580,25,564,8,0,0,1,1,0
gaokao2023en,bbeam1,step-profile-config2-bbeam1-gaokao2023en-exclusive0817,157,157,1,draft|draft_verify,125.1535415649414,31.42404556274414,0.0,93,29,68,1,0,0,1,1,0
gaokao2023en,bbeam1,step-profile-config2-bbeam1-gaokao2023en-exclusive0817,157,157,2,draft|draft_verify,218.42718124389648,32.03582763671875,0.0,122,49,119,2,0,0,1,1,0
gaokao2023en,bbeam1,step-profile-config2-bbeam1-gaokao2023en-exclusive0817,157,157,3,draft|draft_verify|target|target_rescue_verify,614.7046089172363,129.33921813964844,455.1355838775635,171,121,429,6,171,66,1,2,1
gaokao2023en,bbeam1,step-profile-config2-bbeam1-gaokao2023en-exclusive0817,157,157,4,draft|draft_verify|target|target_rescue_verify,1479.1016578674316,293.2400703430176,2238.809823989868,237,322,1078,8,237,378,1,2,1
gaokao2023en,bbeam1,step-profile-config2-bbeam1-gaokao2023en-exclusive0817,157,157,5,draft|draft_verify|target|target_rescue_verify,397.5393772125244,286.5297794342041,296.37813568115234,615,83,1263,10,615,43,1,2,1
gaokao2023en,bbeam1,step-profile-config2-bbeam1-gaokao2023en-exclusive0817,157,157,6,draft|draft_verify|target|backtracking_verify,55.59420585632324,266.07370376586914,139.0366554260254,658,8,1251,12,658,17,1,2,1
gaokao2023en,bbeam1,step-profile-config2-bbeam1-gaokao2023en-exclusive0817,157,157,7,draft|draft_verify|target|target_rescue_verify,313.1272792816162,312.8328323364258,355.2238941192627,666,49,1350,14,666,55,1,2,1
gaokao2023en,bbeam1,step-profile-config2-bbeam1-gaokao2023en-exclusive0817,157,157,8,draft|draft_verify,237.22076416015625,155.92646598815918,0.0,721,36,716,8,0,0,1,1,0
gaokao2023en,bbeam1,step-profile-config2-bbeam1-gaokao2023en-exclusive0817,158,158,1,draft|draft_verify|target|target_rescue_verify,655.6589603424072,53.63273620605469,199.56016540527344,70,108,168,2,70,28,1,2,1
gaokao2023en,bbeam1,step-profile-config2-bbeam1-gaokao2023en-exclusive0817,158,158,2,draft|draft_verify|target|backtracking_verify,450.8209228515625,88.39964866638184,738.1737232208252,98,75,288,4,98,121,1,2,1
gaokao2023en,bbeam1,step-profile-config2-bbeam1-gaokao2023en-exclusive0817,158,158,3,draft|draft_verify|target|target_rescue_verify,746.4025020599365,136.94524765014648,521.5771198272705,173,123,451,6,173,82,1,2,1
gaokao2023en,bbeam1,step-profile-config2-bbeam1-gaokao2023en-exclusive0817,158,158,4,draft|draft_verify|target|target_rescue_verify,429.6576976776123,176.4087677001953,595.5379009246826,255,68,573,8,255,92,1,2,1
gaokao2023en,bbeam1,step-profile-config2-bbeam1-gaokao2023en-exclusive0817,158,158,5,draft|draft_verify|target|backtracking_verify,111.8154525756836,196.7175006866455,199.0182399749756,347,23,650,10,347,28,1,2,1
gaokao2023en,bbeam1,step-profile-config2-bbeam1-gaokao2023en-exclusive0817,158,158,6,draft|draft_verify|target|target_rescue_verify,2118.2754039764404,504.45032119750977,771.5854644775391,745,459,1881,24,745,116,2,4,2
gaokao2023en,bbeam1,step-profile-config2-bbeam1-gaokao2023en-exclusive0817,158,158,7,draft|draft_verify|target|target_rescue_verify,415.0195121765137,507.0669651031494,606.6346168518066,861,87,1721,28,861,90,2,4,2
gaokao2023en,bbeam1,step-profile-config2-bbeam1-gaokao2023en-exclusive0817,158,158,8,draft|draft_verify|target|target_rescue_verify,116.96386337280273,255.39255142211914,198.2417106628418,477,25,919,16,477,26,1,2,1
gaokao2023en,bbeam1,step-profile-config2-bbeam1-gaokao2023en-exclusive0817,158,158,9,draft|draft_verify,69.24962997436523,128.01170349121094,0.0,503,13,475,9,0,0,1,1,0
gaokao2023en,bbeam1,step-profile-config2-bbeam1-gaokao2023en-exclusive0817,159,159,1,draft|draft_verify|target|backtracking_verify,200.55437088012695,65.02962112426758,365.0064468383789,101,45,196,2,101,57,1,2,1
gaokao2023en,bbeam1,step-profile-config2-bbeam1-gaokao2023en-exclusive0817,159,159,2,draft|draft_verify|target|backtracking_verify|target_rescue_verify,539.7117137908936,221.7268943786621,940.2449131011963,304,120,655,8,304,135,2,4,2
gaokao2023en,bbeam1,step-profile-config2-bbeam1-gaokao2023en-exclusive0817,159,159,3,draft|draft_verify|target|target_rescue_verify,10242.679119110107,827.8658390045166,1492.0949935913086,633,2245,3443,18,633,233,3,6,3
gaokao2023en,bbeam1,step-profile-config2-bbeam1-gaokao2023en-exclusive0817,159,159,4,draft|draft_verify|target|target_rescue_verify,1310.5754852294922,443.9544677734375,2742.6836490631104,532,276,1609,16,532,461,2,4,2
gaokao2023en,bbeam1,step-profile-config2-bbeam1-gaokao2023en-exclusive0817,159,159,5,draft|draft_verify,385.5113983154297,96.36902809143066,0.0,351,74,379,5,0,0,1,1,0
gaokao2023en,bbeam1,step-profile-config2-bbeam1-gaokao2023en-exclusive0817,159,159,6,draft|draft_verify,349.06601905822754,134.0944766998291,0.0,425,74,455,6,0,0,1,1,0
gaokao2023en,bbeam1,step-profile-config2-bbeam1-gaokao2023en-exclusive0817,159,159,7,draft|draft_verify,360.00537872314453,133.39591026306152,0.0,499,74,531,7,0,0,1,1,0
gaokao2023en,bbeam1,step-profile-config2-bbeam1-gaokao2023en-exclusive0817,159,159,8,draft|draft_verify,128.29136848449707,129.5166015625,0.0,573,26,559,8,0,0,1,1,0
gaokao2023en,bbeam1,step-profile-config2-bbeam1-gaokao2023en-exclusive0817,159,159,9,draft|draft_verify|target|target_rescue_verify,90.34132957458496,265.60473442077637,232.8946590423584,599,17,1168,18,599,29,1,2,1
gaokao2023en,bbeam1,step-profile-config2-bbeam1-gaokao2023en-exclusive0817,159,159,10,draft|draft_verify,121.97542190551758,132.7662467956543,0.0,628,23,615,10,0,0,1,1,0
gaokao2023en,bbeam1,step-profile-config2-bbeam1-gaokao2023en-exclusive0817,160,160,1,draft|draft_verify|target|backtracking_verify,255.15127182006836,63.87138366699219,457.7064514160156,105,57,232,2,105,73,1,2,1
gaokao2023en,bbeam1,step-profile-config2-bbeam1-gaokao2023en-exclusive0817,160,160,2,draft|draft_verify|target|backtracking_verify,582.9532146453857,247.07388877868652,1391.8452262878418,340,132,831,8,340,227,2,4,2
gaokao2023en,bbeam1,step-profile-config2-bbeam1-gaokao2023en-exclusive0817,160,160,3,draft|draft_verify|target|backtracking_verify|target_rescue_verify,3084.3052864074707,815.314769744873,3494.797945022583,1039,673,2913,24,1039,562,4,8,4
gaokao2023en,bbeam1,step-profile-config2-bbeam1-gaokao2023en-exclusive0817,160,160,4,draft|draft_verify|target|target_rescue_verify,1334.364652633667,773.6210823059082,2432.8978061676025,1178,284,2614,32,1178,358,4,8,4
gaokao2023en,bbeam1,step-profile-config2-bbeam1-gaokao2023en-exclusive0817,160,160,5,draft|draft_verify,711.2138271331787,133.13722610473633,0.0,464,153,571,5,0,0,1,1,0
gaokao2023en,bbeam1,step-profile-config2-bbeam1-gaokao2023en-exclusive0817,160,160,6,draft|draft_verify|target|target_rescue_verify,173.5217571258545,286.2575054168701,584.7499370574951,617,35,1271,12,617,90,1,2,1
gaokao2023en,bbeam1,step-profile-config2-bbeam1-gaokao2023en-exclusive0817,160,160,7,draft|draft_verify|target|target_rescue_verify,221.53115272521973,310.7471466064453,407.8559875488281,707,45,1439,14,707,64,1,2,1
gaokao2023en,bbeam1,step-profile-config2-bbeam1-gaokao2023en-exclusive0817,160,160,8,draft|draft_verify|target|backtracking_verify,116.46556854248047,313.2326602935791,211.50875091552734,771,24,1514,16,771,28,1,2,1
gaokao2023en,bbeam1,step-profile-config2-bbeam1-gaokao2023en-exclusive0817,160,160,9,draft|draft_verify|target|target_rescue_verify,65.91796875,470.0777530670166,93.86205673217773,1594,10,2290,27,795,5,2,3,1
gaokao2023en,bbeam1,step-profile-config2-bbeam1-gaokao2023en-exclusive0817,161,161,1,draft|draft_verify|target|backtracking_verify,332.02219009399414,69.37575340270996,258.94665718078613,84,74,173,2,84,39,1,2,1
gaokao2023en,bbeam1,step-profile-config2-bbeam1-gaokao2023en-exclusive0817,161,161,2,draft|draft_verify|target|target_rescue_verify|backtracking_verify,628.706693649292,199.68819618225098,1265.8469676971436,281,130,687,8,281,203,2,4,2
gaokao2023en,bbeam1,step-profile-config2-bbeam1-gaokao2023en-exclusive0817,161,161,3,draft|draft_verify|target|backtracking_verify|target_rescue_verify,1303.1730651855469,401.40795707702637,1538.740634918213,662,284,1385,15,443,246,3,5,2
gaokao2023en,bbeam1,step-profile-config2-bbeam1-gaokao2023en-exclusive0817,161,161,4,draft|draft_verify|target|target_rescue_verify|backtracking_verify,1403.5298824310303,864.8536205291748,2298.8598346710205,1333,294,2929,32,1333,353,4,8,4
gaokao2023en,bbeam1,step-profile-config2-bbeam1-gaokao2023en-exclusive0817,161,161,5,draft|draft_verify|target|target_rescue_verify|backtracking_verify,1974.8222827911377,827.0664215087891,3848.4668731689453,1188,416,3128,30,1188,612,3,6,3
gaokao2023en,bbeam1,step-profile-config2-bbeam1-gaokao2023en-exclusive0817,161,161,6,draft|draft_verify|target|target_rescue_verify,1652.9159545898438,998.2471466064453,1814.8529529571533,2402,355,4585,42,1863,273,4,7,3
gaokao2023en,bbeam1,step-profile-config2-bbeam1-gaokao2023en-exclusive0817,161,161,7,draft|draft_verify,10019.730806350708,561.486005783081,0.0,631,2049,2637,7,0,0,1,1,0
gaokao2023en,bbeam1,step-profile-config2-bbeam1-gaokao2023en-exclusive0817,162,162,1,draft|draft_verify,491.5597438812256,52.52695083618164,0.0,114,108,169,1,0,0,1,1,0
gaokao2023en,bbeam1,step-profile-config2-bbeam1-gaokao2023en-exclusive0817,162,162,2,draft|draft_verify,204.10609245300293,61.72466278076172,0.0,222,46,217,2,0,0,1,1,0
gaokao2023en,bbeam1,step-profile-config2-bbeam1-gaokao2023en-exclusive0817,162,162,3,draft|draft_verify,263.6566162109375,80.75094223022461,0.0,268,56,275,3,0,0,1,1,0
gaokao2023en,bbeam1,step-profile-config2-bbeam1-gaokao2023en-exclusive0817,162,162,4,draft|draft_verify,238.1889820098877,93.38903427124023,0.0,324,50,327,4,0,0,1,1,0
gaokao2023en,bbeam1,step-profile-config2-bbeam1-gaokao2023en-exclusive0817,162,162,5,draft|draft_verify,150.62737464904785,116.18375778198242,0.0,374,32,361,5,0,0,1,1,0
gaokao2023en,bbeam1,step-profile-config2-bbeam1-gaokao2023en-exclusive0817,162,162,6,draft|draft_verify,301.4662265777588,126.78837776184082,0.0,406,64,427,6,0,0,1,1,0
gaokao2023en,bbeam1,step-profile-config2-bbeam1-gaokao2023en-exclusive0817,162,162,7,draft|draft_verify,437.18743324279785,148.637056350708,0.0,470,94,523,7,0,0,1,1,0
gaokao2023en,bbeam1,step-profile-config2-bbeam1-gaokao2023en-exclusive0817,162,162,8,draft|draft_verify,299.4344234466553,131.65712356567383,0.0,564,65,590,8,0,0,1,1,0
gaokao2023en,bbeam1,step-profile-config2-bbeam1-gaokao2023en-exclusive0817,162,162,9,draft|draft_verify,207.06462860107422,134.40299034118652,0.0,629,43,635,9,0,0,1,1,0
gaokao2023en,bbeam1,step-profile-config2-bbeam1-gaokao2023en-exclusive0817,162,162,10,draft|draft_verify,206.90083503723145,164.63422775268555,0.0,672,42,679,10,0,0,1,1,0
gaokao2023en,bbeam1,step-profile-config2-bbeam1-gaokao2023en-exclusive0817,162,162,11,draft|draft_verify,247.77865409851074,163.15293312072754,0.0,714,52,733,11,0,0,1,1,0
gaokao2023en,bbeam1,step-profile-config2-bbeam1-gaokao2023en-exclusive0817,162,162,12,draft|draft_verify,453.3085823059082,175.3849983215332,0.0,766,91,826,12,0,0,1,1,0
gaokao2023en,bbeam1,step-profile-config2-bbeam1-gaokao2023en-exclusive0817,162,162,13,draft|draft_verify,384.20772552490234,206.1922550201416,0.0,857,70,898,13,0,0,1,1,0
gaokao2023en,bbeam1,step-profile-config2-bbeam1-gaokao2023en-exclusive0817,162,162,14,draft|draft_verify,425.81892013549805,202.60143280029297,0.0,927,70,970,14,0,0,1,1,0
gaokao2023en,bbeam1,step-profile-config2-bbeam1-gaokao2023en-exclusive0817,162,162,15,draft|draft_verify,353.31249237060547,231.38856887817383,0.0,997,70,1042,15,0,0,1,1,0
gaokao2023en,bbeam1,step-profile-config2-bbeam1-gaokao2023en-exclusive0817,162,162,16,draft|draft_verify,334.09976959228516,243.95084381103516,0.0,1067,70,1114,16,0,0,1,1,0
gaokao2023en,bbeam1,step-profile-config2-bbeam1-gaokao2023en-exclusive0817,162,162,17,draft|draft_verify,382.2364807128906,257.8926086425781,0.0,1137,70,1186,17,0,0,1,1,0
gaokao2023en,bbeam1,step-profile-config2-bbeam1-gaokao2023en-exclusive0817,162,162,18,draft|draft_verify,326.7223834991455,261.32750511169434,0.0,1207,70,1258,18,0,0,1,1,0
gaokao2023en,bbeam1,step-profile-config2-bbeam1-gaokao2023en-exclusive0817,162,162,19,draft|draft_verify,335.77895164489746,288.8038158416748,0.0,1277,70,1330,19,0,0,1,1,0
gaokao2023en,bbeam1,step-profile-config2-bbeam1-gaokao2023en-exclusive0817,162,162,20,draft|draft_verify,325.63328742980957,284.8830223083496,0.0,1347,70,1402,20,0,0,1,1,0
gaokao2023en,bbeam1,step-profile-config2-bbeam1-gaokao2023en-exclusive0817,162,162,21,draft|draft_verify,365.68760871887207,315.6716823577881,0.0,1417,70,1474,21,0,0,1,1,0
gaokao2023en,bbeam1,step-profile-config2-bbeam1-gaokao2023en-exclusive0817,162,162,22,draft|draft_verify,395.3874111175537,332.61895179748535,0.0,1487,70,1546,22,0,0,1,1,0
gaokao2023en,bbeam1,step-profile-config2-bbeam1-gaokao2023en-exclusive0817,162,162,23,draft|draft_verify,447.2355842590332,338.0110263824463,0.0,1557,70,1618,23,0,0,1,1,0
gaokao2023en,bbeam1,step-profile-config2-bbeam1-gaokao2023en-exclusive0817,162,162,24,draft|draft_verify,333.0731391906738,355.18789291381836,0.0,1627,70,1690,24,0,0,1,1,0
gaokao2023en,bbeam1,step-profile-config2-bbeam1-gaokao2023en-exclusive0817,162,162,25,draft|draft_verify,336.61532402038574,373.6999034881592,0.0,1697,70,1762,25,0,0,1,1,0
gaokao2023en,bbeam1,step-profile-config2-bbeam1-gaokao2023en-exclusive0817,162,162,26,draft|draft_verify,361.8009090423584,392.06695556640625,0.0,1767,70,1834,26,0,0,1,1,0
gaokao2023en,bbeam1,step-profile-config2-bbeam1-gaokao2023en-exclusive0817,162,162,27,draft|draft_verify,358.87861251831055,397.4027633666992,0.0,1837,70,1906,27,0,0,1,1,0
gaokao2023en,bbeam1,step-profile-config2-bbeam1-gaokao2023en-exclusive0817,162,162,28,draft|draft_verify,343.62149238586426,413.01870346069336,0.0,1907,70,1978,28,0,0,1,1,0
gaokao2023en,bbeam1,step-profile-config2-bbeam1-gaokao2023en-exclusive0817,162,162,29,draft|draft_verify,335.61182022094727,437.9689693450928,0.0,1977,70,2050,29,0,0,1,1,0
gaokao2023en,bbeam1,step-profile-config2-bbeam1-gaokao2023en-exclusive0817,162,162,30,draft|draft_verify,354.1116714477539,430.52220344543457,0.0,2047,70,2122,30,0,0,1,1,0
gaokao2023en,bbeam1,step-profile-config2-bbeam1-gaokao2023en-exclusive0817,163,163,1,draft|draft_verify|target|backtracking_verify,447.63970375061035,116.01686477661133,601.3765335083008,132,96,349,2,132,97,1,2,1
gaokao2023en,bbeam1,step-profile-config2-bbeam1-gaokao2023en-exclusive0817,163,163,2,draft|draft_verify|target|target_rescue_verify,1084.8948955535889,357.374906539917,1046.6492176055908,457,234,1089,8,457,149,2,4,2
gaokao2023en,bbeam1,step-profile-config2-bbeam1-gaokao2023en-exclusive0817,163,163,3,draft|draft_verify|target|target_rescue_verify,544.6701049804688,209.56182479858398,588.0875587463379,279,115,669,6,279,96,1,2,1
gaokao2023en,bbeam1,step-profile-config2-bbeam1-gaokao2023en-exclusive0817,163,163,4,draft|draft_verify|target|target_rescue_verify,716.4435386657715,273.2408046722412,700.1125812530518,375,158,923,8,375,112,1,2,1
gaokao2023en,bbeam1,step-profile-config2-bbeam1-gaokao2023en-exclusive0817,163,163,5,draft|draft_verify,95.19457817077637,129.30011749267578,0.0,487,18,459,5,0,0,1,1,0
gaokao2023en,bbeam1,step-profile-config2-bbeam1-gaokao2023en-exclusive0817,164,164,1,draft|draft_verify|target|backtracking_verify,393.5084342956543,83.49132537841797,200.05393028259277,115,87,232,2,115,23,1,2,1
gaokao2023en,bbeam1,step-profile-config2-bbeam1-gaokao2023en-exclusive0817,164,164,2,draft|draft_verify|target|target_rescue_verify|backtracking_verify,997.7221488952637,282.5312614440918,1304.4133186340332,340,220,896,8,340,204,2,4,2
gaokao2023en,bbeam1,step-profile-config2-bbeam1-gaokao2023en-exclusive0817,164,164,3,draft|draft_verify|target|target_rescue_verify,5148.836612701416,598.273754119873,1437.816858291626,545,1095,2201,12,545,216,2,4,2
gaokao2023en,bbeam1,step-profile-config2-bbeam1-gaokao2023en-exclusive0817,164,164,4,draft|draft_verify|target|target_rescue_verify,810.1580142974854,282.7472686767578,831.7000865936279,318,131,798,8,318,127,1,2,1
gaokao2023en,bbeam1,step-profile-config2-bbeam1-gaokao2023en-exclusive0817,164,164,5,draft|draft_verify,697.437047958374,132.9519748687744,0.0,445,154,553,5,0,0,1,1,0
gaokao2023en,bbeam1,step-profile-config2-bbeam1-gaokao2023en-exclusive0817,164,164,6,draft|draft_verify,642.1787738800049,165.92144966125488,0.0,599,138,693,6,0,0,1,1,0
gaokao2023en,bbeam1,step-profile-config2-bbeam1-gaokao2023en-exclusive0817,164,164,7,draft|draft_verify|target|target_rescue_verify,9392.428398132324,749.0010261535645,1195.997714996338,737,2049,3625,14,737,187,1,2,1
gaokao2023en,bbeam1,step-profile-config2-bbeam1-gaokao2023en-exclusive0817,164,164,8,draft|draft_verify,86.76552772521973,201.58910751342773,0.0,924,15,899,8,0,0,1,1,0
gaokao2023en,bbeam1,step-profile-config2-bbeam1-gaokao2023en-exclusive0817,165,165,1,draft|draft_verify|target|target_rescue_verify,9831.609964370728,480.14330863952637,184.51309204101562,106,2049,2180,2,106,26,1,2,1
gaokao2023en,bbeam1,step-profile-config2-bbeam1-gaokao2023en-exclusive0817,165,165,2,draft|draft_verify,181.68020248413086,36.47589683532715,0.0,132,40,121,2,0,0,1,1,0
gaokao2023en,bbeam1,step-profile-config2-bbeam1-gaokao2023en-exclusive0817,165,165,3,draft|draft_verify,67.40236282348633,47.10268974304199,0.0,172,13,136,3,0,0,1,1,0
gaokao2023en,bbeam1,step-profile-config2-bbeam1-gaokao2023en-exclusive0817,165,165,4,draft|draft_verify,55.79662322998047,51.28073692321777,0.0,185,12,150,4,0,0,1,1,0
gaokao2023en,bbeam1,step-profile-config2-bbeam1-gaokao2023en-exclusive0817,165,165,5,draft|draft_verify,78.60732078552246,51.520347595214844,0.0,197,17,169,5,0,0,1,1,0
gaokao2023en,bbeam1,step-profile-config2-bbeam1-gaokao2023en-exclusive0817,165,165,6,draft|draft_verify,363.72852325439453,60.955047607421875,0.0,214,79,250,6,0,0,1,1,0
gaokao2023en,bbeam1,step-profile-config2-bbeam1-gaokao2023en-exclusive0817,165,165,7,draft|draft_verify,143.99361610412598,77.92925834655762,0.0,293,30,282,7,0,0,1,1,0
gaokao2023en,bbeam1,step-profile-config2-bbeam1-gaokao2023en-exclusive0817,165,165,8,draft|draft_verify,147.597074508667,77.91781425476074,0.0,323,31,315,8,0,0,1,1,0
gaokao2023en,bbeam1,step-profile-config2-bbeam1-gaokao2023en-exclusive0817,165,165,9,draft|draft_verify,153.06830406188965,92.84043312072754,0.0,354,32,349,9,0,0,1,1,0
gaokao2023en,bbeam1,step-profile-config2-bbeam1-gaokao2023en-exclusive0817,165,165,10,draft|draft_verify,57.40642547607422,93.46580505371094,0.0,386,12,363,10,0,0,1,1,0
gaokao2023en,bbeam1,step-profile-config2-bbeam1-gaokao2023en-exclusive0817,165,165,11,draft|draft_verify,76.06792449951172,93.34897994995117,0.0,398,16,381,11,0,0,1,1,0
gaokao2023en,bbeam1,step-profile-config2-bbeam1-gaokao2023en-exclusive0817,165,165,12,draft|draft_verify,363.19732666015625,127.53033638000488,0.0,414,79,462,12,0,0,1,1,0
gaokao2023en,bbeam1,step-profile-config2-bbeam1-gaokao2023en-exclusive0817,165,165,13,draft|draft_verify,142.83275604248047,144.76537704467773,0.0,493,30,494,13,0,0,1,1,0
gaokao2023en,bbeam1,step-profile-config2-bbeam1-gaokao2023en-exclusive0817,165,165,14,draft|draft_verify,171.87738418579102,128.10683250427246,0.0,523,35,531,14,0,0,1,1,0
gaokao2023en,bbeam1,step-profile-config2-bbeam1-gaokao2023en-exclusive0817,165,165,15,draft|draft_verify|target|target_rescue_verify,198.9448070526123,263.5829448699951,98.8767147064209,558,43,1114,30,558,5,1,2,1
gaokao2023en,bbeam1,step-profile-config2-bbeam1-gaokao2023en-exclusive0817,165,165,16,draft|draft_verify|target|target_rescue_verify,340.14391899108887,285.48622131347656,628.3187866210938,563,72,1253,32,563,101,1,2,1
gaokao2023en,bbeam1,step-profile-config2-bbeam1-gaokao2023en-exclusive0817,165,165,17,draft|draft_verify,28.563499450683594,156.1570167541504,0.0,664,4,647,17,0,0,1,1,0
gaokao2023en,bbeam1,step-profile-config2-bbeam1-gaokao2023en-exclusive0817,165,165,18,draft|draft_verify,645.6048488616943,168.25604438781738,0.0,668,143,792,18,0,0,1,1,0
gaokao2023en,bbeam1,step-profile-config2-bbeam1-gaokao2023en-exclusive0817,165,165,19,draft|draft_verify,22.446155548095703,176.41520500183105,0.0,811,4,798,19,0,0,1,1,0
gaokao2023en,bbeam1,step-profile-config2-bbeam1-gaokao2023en-exclusive0817,165,165,20,draft|draft_verify|target|backtracking_verify,339.28680419921875,389.9064064025879,746.3185787200928,815,74,1784,40,815,110,1,2,1
gaokao2023en,bbeam1,step-profile-config2-bbeam1-gaokao2023en-exclusive0817,165,165,21,draft|draft_verify|target|target_rescue_verify,302.5174140930176,619.3938255310059,255.75566291809082,1814,62,2756,63,889,30,2,3,1
gaokao2023en,bbeam1,step-profile-config2-bbeam1-gaokao2023en-exclusive0817,165,165,22,draft|draft_verify|target|target_rescue_verify,447.85046577453613,607.9027652740479,194.98276710510254,1851,89,2846,66,919,20,2,3,1
gaokao2023en,bbeam1,step-profile-config2-bbeam1-gaokao2023en-exclusive0817,165,165,23,draft|draft_verify,40.195465087890625,205.78503608703613,0.0,1006,7,1004,23,0,0,1,1,0
gaokao2023en,bbeam1,step-profile-config2-bbeam1-gaokao2023en-exclusive0817,165,165,24,draft|draft_verify,444.46277618408203,228.224515914917,0.0,1013,74,1080,24,0,0,1,1,0
gaokao2023en,bbeam1,step-profile-config2-bbeam1-gaokao2023en-exclusive0817,165,165,25,draft|draft_verify,37.55521774291992,229.97617721557617,0.0,1087,7,1089,25,0,0,1,1,0
gaokao2023en,bbeam1,step-profile-config2-bbeam1-gaokao2023en-exclusive0817,165,165,26,draft|draft_verify,347.9652404785156,256.96778297424316,0.0,1094,74,1165,26,0,0,1,1,0
gaokao2023en,bbeam1,step-profile-config2-bbeam1-gaokao2023en-exclusive0817,165,165,27,draft|draft_verify,42.92917251586914,257.47156143188477,0.0,1168,7,1174,27,0,0,1,1,0
gaokao2023en,bbeam1,step-profile-config2-bbeam1-gaokao2023en-exclusive0817,165,165,28,draft|draft_verify,363.6019229888916,262.82525062561035,0.0,1175,74,1250,28,0,0,1,1,0
gaokao2023en,bbeam1,step-profile-config2-bbeam1-gaokao2023en-exclusive0817,165,165,29,draft|draft_verify,49.748897552490234,268.27073097229004,0.0,1249,7,1259,29,0,0,1,1,0
gaokao2023en,bbeam1,step-profile-config2-bbeam1-gaokao2023en-exclusive0817,165,165,30,draft|draft_verify,336.5588188171387,278.7802219390869,0.0,1256,74,1335,30,0,0,1,1,0
gaokao2023en,bbeam1,step-profile-config2-bbeam1-gaokao2023en-exclusive0817,165,165,31,draft|draft_verify,39.67452049255371,275.8522033691406,0.0,1330,7,1344,31,0,0,1,1,0
gaokao2023en,bbeam1,step-profile-config2-bbeam1-gaokao2023en-exclusive0817,165,165,32,draft|draft_verify,349.2898941040039,308.4828853607178,0.0,1337,74,1420,32,0,0,1,1,0
gaokao2023en,bbeam1,step-profile-config2-bbeam1-gaokao2023en-exclusive0817,165,165,33,draft|draft_verify,38.90800476074219,315.57703018188477,0.0,1411,7,1429,33,0,0,1,1,0
gaokao2023en,bbeam1,step-profile-config2-bbeam1-gaokao2023en-exclusive0817,165,165,34,draft|draft_verify,429.9197196960449,317.2013759613037,0.0,1418,74,1505,34,0,0,1,1,0
gaokao2023en,bbeam1,step-profile-config2-bbeam1-gaokao2023en-exclusive0817,165,165,35,draft|draft_verify,38.336992263793945,315.13261795043945,0.0,1492,7,1514,35,0,0,1,1,0
gaokao2023en,bbeam1,step-profile-config2-bbeam1-gaokao2023en-exclusive0817,165,165,36,draft|draft_verify,365.68188667297363,333.4791660308838,0.0,1499,74,1590,36,0,0,1,1,0
gaokao2023en,bbeam1,step-profile-config2-bbeam1-gaokao2023en-exclusive0817,165,165,37,draft|draft_verify,40.93050956726074,334.8696231842041,0.0,1573,7,1599,37,0,0,1,1,0
gaokao2023en,bbeam1,step-profile-config2-bbeam1-gaokao2023en-exclusive0817,165,165,38,draft|draft_verify,456.1495780944824,357.6023578643799,0.0,1580,74,1675,38,0,0,1,1,0
gaokao2023en,bbeam1,step-profile-config2-bbeam1-gaokao2023en-exclusive0817,165,165,39,draft|draft_verify,42.44375228881836,352.4909019470215,0.0,1654,7,1684,39,0,0,1,1,0
gaokao2023en,bbeam1,step-profile-config2-bbeam1-gaokao2023en-exclusive0817,165,165,40,draft|draft_verify,336.5771770477295,355.6516170501709,0.0,1661,74,1760,40,0,0,1,1,0
gaokao2023en,bbeam1,step-profile-config2-bbeam1-gaokao2023en-exclusive0817,165,165,41,draft|draft_verify,40.50421714782715,363.95859718322754,0.0,1735,7,1769,41,0,0,1,1,0
gaokao2023en,bbeam1,step-profile-config2-bbeam1-gaokao2023en-exclusive0817,165,165,42,draft|draft_verify,420.6407070159912,396.1505889892578,0.0,1742,74,1845,42,0,0,1,1,0
gaokao2023en,bbeam1,step-profile-config2-bbeam1-gaokao2023en-exclusive0817,165,165,43,draft|draft_verify,48.107147216796875,392.0307159423828,0.0,1816,7,1854,43,0,0,1,1,0
gaokao2023en,bbeam1,step-profile-config2-bbeam1-gaokao2023en-exclusive0817,165,165,44,draft|draft_verify,498.55709075927734,413.7446880340576,0.0,1823,74,1930,44,0,0,1,1,0
gaokao2023en,bbeam1,step-profile-config2-bbeam1-gaokao2023en-exclusive0817,165,165,45,draft|draft_verify,52.869558334350586,406.5840244293213,0.0,1897,7,1939,45,0,0,1,1,0
gaokao2023en,bbeam1,step-profile-config2-bbeam1-gaokao2023en-exclusive0817,165,165,46,draft|draft_verify,360.576868057251,413.59543800354004,0.0,1904,74,2015,46,0,0,1,1,0
gaokao2023en,bbeam1,step-profile-config2-bbeam1-gaokao2023en-exclusive0817,165,165,47,draft|draft_verify,46.40650749206543,413.8815402984619,0.0,1978,7,2024,47,0,0,1,1,0
gaokao2023en,bbeam1,step-profile-config2-bbeam1-gaokao2023en-exclusive0817,165,165,48,draft|draft_verify,333.266019821167,437.09373474121094,0.0,1985,74,2100,48,0,0,1,1,0
gaokao2023en,bbeam1,step-profile-config2-bbeam1-gaokao2023en-exclusive0817,166,166,1,draft|draft_verify,135.65492630004883,57.93309211730957,0.0,197,29,172,1,0,0,1,1,0
gaokao2023en,bbeam1,step-profile-config2-bbeam1-gaokao2023en-exclusive0817,166,166,2,draft|draft_verify,263.0946636199951,62.851667404174805,0.0,226,57,231,2,0,0,1,1,0
gaokao2023en,bbeam1,step-profile-config2-bbeam1-gaokao2023en-exclusive0817,166,166,3,draft|draft_verify,566.9083595275879,95.71099281311035,0.0,283,98,331,3,0,0,1,1,0
gaokao2023en,bbeam1,step-profile-config2-bbeam1-gaokao2023en-exclusive0817,166,166,4,draft|draft_verify,231.59098625183105,95.5514907836914,0.0,381,41,374,4,0,0,1,1,0
gaokao2023en,bbeam1,step-profile-config2-bbeam1-gaokao2023en-exclusive0817,166,166,5,draft|draft_verify,541.8698787689209,129.5626163482666,0.0,422,85,461,5,0,0,1,1,0
gaokao2023en,bbeam1,step-profile-config2-bbeam1-gaokao2023en-exclusive0817,166,166,6,draft|draft_verify|target|backtracking_verify,171.22697830200195,299.5409965515137,194.69952583312988,507,26,974,12,507,22,1,2,1
gaokao2023en,bbeam1,step-profile-config2-bbeam1-gaokao2023en-exclusive0817,166,166,7,draft|draft_verify|target|backtracking_verify|target_rescue_verify,612.2496128082275,545.8672046661377,1601.7701625823975,1062,97,2271,28,1062,218,2,4,2
gaokao2023en,bbeam1,step-profile-config2-bbeam1-gaokao2023en-exclusive0817,166,166,8,draft|draft_verify|target|target_rescue_verify,552.077054977417,912.628173828125,2467.2582149505615,1826,98,3867,48,1826,357,3,6,3
gaokao2023en,bbeam1,step-profile-config2-bbeam1-gaokao2023en-exclusive0817,166,166,9,draft|draft_verify|target|target_rescue_verify,1102.900505065918,523.6878395080566,238.17873001098633,1481,184,2321,27,741,29,2,3,1
gaokao2023en,bbeam1,step-profile-config2-bbeam1-gaokao2023en-exclusive0817,166,166,10,draft|draft_verify,714.4975662231445,212.41426467895508,0.0,853,113,930,10,0,0,1,1,0
gaokao2023en,bbeam1,step-profile-config2-bbeam1-gaokao2023en-exclusive0817,166,166,11,draft|draft_verify,271.498441696167,207.38935470581055,0.0,966,41,973,11,0,0,1,1,0
gaokao2023en,bbeam1,step-profile-config2-bbeam1-gaokao2023en-exclusive0817,166,166,12,draft|draft_verify,257.84945487976074,221.04382514953613,0.0,1007,41,1016,12,0,0,1,1,0
gaokao2023en,bbeam1,step-profile-config2-bbeam1-gaokao2023en-exclusive0817,166,166,13,draft|draft_verify,269.2580223083496,231.3706874847412,0.0,1048,41,1059,13,0,0,1,1,0
gaokao2023en,bbeam1,step-profile-config2-bbeam1-gaokao2023en-exclusive0817,166,166,14,draft|draft_verify,262.6957893371582,239.83287811279297,0.0,1089,41,1102,14,0,0,1,1,0
gaokao2023en,bbeam1,step-profile-config2-bbeam1-gaokao2023en-exclusive0817,166,166,15,draft|draft_verify,205.7669162750244,237.40816116333008,0.0,1130,41,1145,15,0,0,1,1,0
gaokao2023en,bbeam1,step-profile-config2-bbeam1-gaokao2023en-exclusive0817,166,166,16,draft|draft_verify,267.261266708374,260.61344146728516,0.0,1171,41,1188,16,0,0,1,1,0
gaokao2023en,bbeam1,step-profile-config2-bbeam1-gaokao2023en-exclusive0817,166,166,17,draft|draft_verify,255.6157112121582,260.70690155029297,0.0,1212,41,1231,17,0,0,1,1,0
gaokao2023en,bbeam1,step-profile-config2-bbeam1-gaokao2023en-exclusive0817,166,166,18,draft|draft_verify,272.14956283569336,263.7767791748047,0.0,1253,41,1274,18,0,0,1,1,0
gaokao2023en,bbeam1,step-profile-config2-bbeam1-gaokao2023en-exclusive0817,166,166,19,draft|draft_verify,268.2230472564697,278.853178024292,0.0,1294,41,1317,19,0,0,1,1,0
gaokao2023en,bbeam1,step-profile-config2-bbeam1-gaokao2023en-exclusive0817,166,166,20,draft|draft_verify,258.50486755371094,291.5055751800537,0.0,1335,41,1360,20,0,0,1,1,0
gaokao2023en,bbeam1,step-profile-config2-bbeam1-gaokao2023en-exclusive0817,166,166,21,draft|draft_verify,201.3697624206543,282.63092041015625,0.0,1376,41,1403,21,0,0,1,1,0
gaokao2023en,bbeam1,step-profile-config2-bbeam1-gaokao2023en-exclusive0817,166,166,22,draft|draft_verify,244.06743049621582,320.2025890350342,0.0,1417,41,1446,22,0,0,1,1,0
gaokao2023en,bbeam1,step-profile-config2-bbeam1-gaokao2023en-exclusive0817,166,166,23,draft|draft_verify,211.48967742919922,316.9131278991699,0.0,1458,41,1489,23,0,0,1,1,0
gaokao2023en,bbeam1,step-profile-config2-bbeam1-gaokao2023en-exclusive0817,166,166,24,draft|draft_verify,212.48912811279297,320.73473930358887,0.0,1499,41,1532,24,0,0,1,1,0
gaokao2023en,bbeam1,step-profile-config2-bbeam1-gaokao2023en-exclusive0817,166,166,25,draft|draft_verify,217.71502494812012,342.97728538513184,0.0,1540,41,1575,25,0,0,1,1,0
gaokao2023en,bbeam1,step-profile-config2-bbeam1-gaokao2023en-exclusive0817,166,166,26,draft|draft_verify,203.07302474975586,339.4732475280762,0.0,1581,41,1618,26,0,0,1,1,0
gaokao2023en,bbeam1,step-profile-config2-bbeam1-gaokao2023en-exclusive0817,166,166,27,draft|draft_verify,258.69035720825195,336.8515968322754,0.0,1622,41,1661,27,0,0,1,1,0
gaokao2023en,bbeam1,step-profile-config2-bbeam1-gaokao2023en-exclusive0817,166,166,28,draft|draft_verify,205.61456680297852,359.10820960998535,0.0,1663,41,1704,28,0,0,1,1,0
gaokao2023en,bbeam1,step-profile-config2-bbeam1-gaokao2023en-exclusive0817,166,166,29,draft|draft_verify,198.7321376800537,377.49338150024414,0.0,1704,41,1747,29,0,0,1,1,0
gaokao2023en,bbeam1,step-profile-config2-bbeam1-gaokao2023en-exclusive0817,166,166,30,draft|draft_verify,217.66424179077148,369.6455955505371,0.0,1745,41,1790,30,0,0,1,1,0
gaokao2023en,bbeam1,step-profile-config2-bbeam1-gaokao2023en-exclusive0817,166,166,31,draft|draft_verify,201.8575668334961,395.3242301940918,0.0,1786,41,1833,31,0,0,1,1,0
gaokao2023en,bbeam1,step-profile-config2-bbeam1-gaokao2023en-exclusive0817,166,166,32,draft|draft_verify,204.95080947875977,415.04573822021484,0.0,1827,41,1876,32,0,0,1,1,0
gaokao2023en,bbeam1,step-profile-config2-bbeam1-gaokao2023en-exclusive0817,166,166,33,draft|draft_verify,331.8955898284912,406.9328308105469,0.0,1868,41,1919,33,0,0,1,1,0
gaokao2023en,bbeam1,step-profile-config2-bbeam1-gaokao2023en-exclusive0817,166,166,34,draft|draft_verify,215.867280960083,417.42420196533203,0.0,1909,41,1962,34,0,0,1,1,0
gaokao2023en,bbeam1,step-profile-config2-bbeam1-gaokao2023en-exclusive0817,166,166,35,draft|draft_verify,277.8787612915039,419.2326068878174,0.0,1950,41,2005,35,0,0,1,1,0
gaokao2023en,bbeam1,step-profile-config2-bbeam1-gaokao2023en-exclusive0817,166,166,36,draft|draft_verify,220.42369842529297,409.81316566467285,0.0,1991,41,2048,36,0,0,1,1,0
gaokao2023en,bbeam1,step-profile-config2-bbeam1-gaokao2023en-exclusive0817,166,166,37,draft|draft_verify,194.18668746948242,444.150447845459,0.0,2032,41,2091,37,0,0,1,1,0
gaokao2023en,bbeam1,step-profile-config2-bbeam1-gaokao2023en-exclusive0817,167,167,1,draft|draft_verify|target|target_rescue_verify,517.6393985748291,114.53580856323242,424.48997497558594,141,100,330,2,141,54,1,2,1
gaokao2023en,bbeam1,step-profile-config2-bbeam1-gaokao2023en-exclusive0817,167,167,2,draft|draft_verify|target|target_rescue_verify,667.2210693359375,155.8988094329834,415.3130054473877,195,137,491,4,195,66,1,2,1
gaokao2023en,bbeam1,step-profile-config2-bbeam1-gaokao2023en-exclusive0817,167,167,3,draft|draft_verify|target|target_rescue_verify,444.122314453125,196.4409351348877,994.5006370544434,261,76,625,6,261,125,1,2,1
gaokao2023en,bbeam1,step-profile-config2-bbeam1-gaokao2023en-exclusive0817,167,167,4,draft|draft_verify,565.0877952575684,128.1261444091797,0.0,386,88,427,4,0,0,1,1,0
gaokao2023en,bbeam1,step-profile-config2-bbeam1-gaokao2023en-exclusive0817,167,167,5,draft|draft_verify,457.338809967041,138.52262496948242,0.0,474,73,502,5,0,0,1,1,0
gaokao2023en,bbeam1,step-profile-config2-bbeam1-gaokao2023en-exclusive0817,167,167,6,draft|draft_verify|target|backtracking_verify,306.51307106018066,281.3887596130371,543.8530445098877,547,47,1140,12,547,85,1,2,1
gaokao2023en,bbeam1,step-profile-config2-bbeam1-gaokao2023en-exclusive0817,167,167,7,draft|draft_verify|target|target_rescue_verify,362.7474308013916,265.2153968811035,187.67571449279785,594,64,1189,14,594,19,1,2,1
gaokao2023en,bbeam1,step-profile-config2-bbeam1-gaokao2023en-exclusive0817,167,167,8,draft|draft_verify|target|backtracking_verify,84.75756645202637,270.4005241394043,159.00754928588867,613,17,1182,16,613,17,1,2,1
gaokao2023en,bbeam1,step-profile-config2-bbeam1-gaokao2023en-exclusive0817,167,167,9,draft|draft_verify|target|target_rescue_verify,248.02231788635254,534.1386795043945,377.99692153930664,1260,50,2472,36,1260,50,2,4,2
gaokao2023en,bbeam1,step-profile-config2-bbeam1-gaokao2023en-exclusive0817,167,167,10,draft|draft_verify|target|backtracking_verify,17.54307746887207,272.2361087799072,192.76833534240723,655,2,1257,20,655,15,1,2,1
gaokao2023en,bbeam1,step-profile-config2-bbeam1-gaokao2023en-exclusive0817,167,167,11,draft|draft_verify|target|backtracking_verify,348.92773628234863,474.839448928833,211.78650856018066,1327,57,1962,33,657,20,2,3,1
gaokao2023en,bbeam1,step-profile-config2-bbeam1-gaokao2023en-exclusive0817,167,167,12,draft|draft_verify|target|target_rescue_verify,586.108922958374,824.1708278656006,1074.8729705810547,2061,99,3503,60,1371,127,3,5,2
gaokao2023en,bbeam1,step-profile-config2-bbeam1-gaokao2023en-exclusive0817,167,167,13,draft|draft_verify,75.25157928466797,162.489652633667,0.0,735,14,720,13,0,0,1,1,0
gaokao2023en,bbeam1,step-profile-config2-bbeam1-gaokao2023en-exclusive0817,168,168,1,draft|draft_verify|target|backtracking_verify,426.1190891265869,110.72063446044922,678.5802841186523,131,99,344,2,131,91,1,2,1
gaokao2023en,bbeam1,step-profile-config2-bbeam1-gaokao2023en-exclusive0817,168,168,2,draft|draft_verify|target|target_rescue_verify|backtracking_verify,759.6938610076904,306.0891628265381,910.8116626739502,452,152,968,8,452,121,2,4,2
gaokao2023en,bbeam1,step-profile-config2-bbeam1-gaokao2023en-exclusive0817,168,168,3,draft|draft_verify|target|target_rescue_verify|backtracking_verify,735.1391315460205,364.22252655029297,1689.9080276489258,537,122,1239,12,537,245,2,4,2
gaokao2023en,bbeam1,step-profile-config2-bbeam1-gaokao2023en-exclusive0817,168,168,4,draft|draft_verify|target|target_rescue_verify,891.3922309875488,418.68066787719727,1233.0718040466309,650,157,1415,16,650,154,2,4,2
gaokao2023en,bbeam1,step-profile-config2-bbeam1-gaokao2023en-exclusive0817,168,168,5,draft|draft_verify|target|target_rescue_verify,514.8756504058838,276.874303817749,935.4074001312256,429,86,965,10,429,115,1,2,1
gaokao2023en,bbeam1,step-profile-config2-bbeam1-gaokao2023en-exclusive0817,168,168,6,draft|draft_verify|target|target_rescue_verify,321.4390277862549,259.30166244506836,361.76109313964844,544,59,1112,12,544,55,1,2,1
gaokao2023en,bbeam1,step-profile-config2-bbeam1-gaokao2023en-exclusive0817,168,168,7,draft|draft_verify,94.53511238098145,128.56316566467285,0.0,599,18,574,7,0,0,1,1,0
gaokao2023en,bbeam1,step-profile-config2-bbeam1-gaokao2023en-exclusive0817,169,169,1,draft|draft_verify,170.88866233825684,33.95414352416992,0.0,127,36,110,1,0,0,1,1,0
gaokao2023en,bbeam1,step-profile-config2-bbeam1-gaokao2023en-exclusive0817,169,169,2,draft|draft_verify,288.04516792297363,60.46247482299805,0.0,163,64,176,2,0,0,1,1,0
gaokao2023en,bbeam1,step-profile-config2-bbeam1-gaokao2023en-exclusive0817,169,169,3,draft|draft_verify,388.81707191467285,73.45199584960938,0.0,227,71,249,3,0,0,1,1,0
gaokao2023en,bbeam1,step-profile-config2-bbeam1-gaokao2023en-exclusive0817,169,169,4,draft|draft_verify|target|target_rescue_verify,1211.5540504455566,236.88220977783203,626.7788410186768,298,179,757,8,298,76,1,2,1
gaokao2023en,bbeam1,step-profile-config2-bbeam1-gaokao2023en-exclusive0817,169,169,5,draft|draft_verify,400.4960060119629,126.14035606384277,0.0,374,62,391,5,0,0,1,1,0
gaokao2023en,bbeam1,step-profile-config2-bbeam1-gaokao2023en-exclusive0817,169,169,6,draft|draft_verify,306.3497543334961,127.10189819335938,0.0,436,46,439,6,0,0,1,1,0
gaokao2023en,bbeam1,step-profile-config2-bbeam1-gaokao2023en-exclusive0817,169,169,7,draft|draft_verify,97.86772727966309,127.25019454956055,0.0,482,16,457,7,0,0,1,1,0
gaokao2023en,bbeam1,step-profile-config2-bbeam1-gaokao2023en-exclusive0817,170,170,1,draft|draft_verify,174.47161674499512,34.424781799316406,0.0,94,38,78,1,0,0,1,1,0
gaokao2023en,bbeam1,step-profile-config2-bbeam1-gaokao2023en-exclusive0817,170,170,2,draft|draft_verify,96.60148620605469,32.33456611633301,0.0,132,21,101,2,0,0,1,1,0
gaokao2023en,bbeam1,step-profile-config2-bbeam1-gaokao2023en-exclusive0817,170,170,3,draft|draft_verify,246.85382843017578,52.23965644836426,0.0,153,55,158,3,0,0,1,1,0
gaokao2023en,bbeam1,step-profile-config2-bbeam1-gaokao2023en-exclusive0817,170,170,4,draft|draft_verify,42.786598205566406,52.233219146728516,0.0,208,9,169,4,0,0,1,1,0
gaokao2023en,bbeam1,step-profile-config2-bbeam1-gaokao2023en-exclusive0817,170,170,5,draft|draft_verify,233.89887809753418,61.05184555053711,0.0,217,51,222,5,0,0,1,1,0
gaokao2023en,bbeam1,step-profile-config2-bbeam1-gaokao2023en-exclusive0817,170,170,6,draft|draft_verify,58.31718444824219,61.80167198181152,0.0,268,12,236,6,0,0,1,1,0
gaokao2023en,bbeam1,step-profile-config2-bbeam1-gaokao2023en-exclusive0817,170,170,7,draft|draft_verify,249.0236759185791,78.887939453125,0.0,280,53,291,7,0,0,1,1,0
gaokao2023en,bbeam1,step-profile-config2-bbeam1-gaokao2023en-exclusive0817,170,170,8,draft|draft_verify,210.2525234222412,96.3282585144043,0.0,333,44,337,8,0,0,1,1,0
gaokao2023en,bbeam1,step-profile-config2-bbeam1-gaokao2023en-exclusive0817,170,170,9,draft|draft_verify,111.8631362915039,94.11096572875977,0.0,377,23,362,9,0,0,1,1,0
gaokao2023en,bbeam1,step-profile-config2-bbeam1-gaokao2023en-exclusive0817,170,170,10,draft|draft_verify,362.9477024078369,128.44061851501465,0.0,400,77,441,10,0,0,1,1,0
gaokao2023en,bbeam1,step-profile-config2-bbeam1-gaokao2023en-exclusive0817,170,170,11,draft|draft_verify,126.69563293457031,128.1290054321289,0.0,477,22,465,11,0,0,1,1,0
gaokao2023en,bbeam1,step-profile-config2-bbeam1-gaokao2023en-exclusive0817,171,171,1,draft|draft_verify,474.9009609222412,32.262325286865234,0.0,73,108,127,1,0,0,1,1,0
gaokao2023en,bbeam1,step-profile-config2-bbeam1-gaokao2023en-exclusive0817,171,171,2,draft|draft_verify,87.61358261108398,52.073001861572266,0.0,181,19,148,2,0,0,1,1,0
gaokao2023en,bbeam1,step-profile-config2-bbeam1-gaokao2023en-exclusive0817,171,171,3,draft|draft_verify,76.38144493103027,51.99456214904785,0.0,200,17,167,3,0,0,1,1,0
gaokao2023en,bbeam1,step-profile-config2-bbeam1-gaokao2023en-exclusive0817,171,171,4,draft|draft_verify,135.9233856201172,61.61904335021973,0.0,217,30,199,4,0,0,1,1,0
gaokao2023en,bbeam1,step-profile-config2-bbeam1-gaokao2023en-exclusive0817,171,171,5,draft|draft_verify,85.50763130187988,61.609506607055664,0.0,247,17,218,5,0,0,1,1,0
gaokao2023en,bbeam1,step-profile-config2-bbeam1-gaokao2023en-exclusive0817,172,172,1,draft|draft_verify,192.27933883666992,35.68601608276367,0.0,94,25,65,1,0,0,1,1,0
gaokao2023en,bbeam1,step-profile-config2-bbeam1-gaokao2023en-exclusive0817,172,172,2,draft|draft_verify,93.03975105285645,35.537004470825195,0.0,119,11,78,2,0,0,1,1,0
gaokao2023en,bbeam1,step-profile-config2-bbeam1-gaokao2023en-exclusive0817,172,172,3,draft|draft_verify,212.3126983642578,30.689239501953125,0.0,130,32,112,3,0,0,1,1,0
gaokao2023en,bbeam1,step-profile-config2-bbeam1-gaokao2023en-exclusive0817,172,172,4,draft|draft_verify,122.76744842529297,47.71852493286133,0.0,162,17,131,4,0,0,1,1,0
gaokao2023en,bbeam1,step-profile-config2-bbeam1-gaokao2023en-exclusive0817,172,172,5,draft|draft_verify,136.14892959594727,51.023244857788086,0.0,179,19,152,5,0,0,1,1,0
gaokao2023en,bbeam1,step-profile-config2-bbeam1-gaokao2023en-exclusive0817,172,172,6,draft|draft_verify,84.55967903137207,53.07745933532715,0.0,198,18,172,6,0,0,1,1,0
gaokao2023en,bbeam1,step-profile-config2-bbeam1-gaokao2023en-exclusive0817,172,172,7,draft|draft_verify,141.2818431854248,59.34596061706543,0.0,216,17,191,7,0,0,1,1,0
gaokao2023en,bbeam1,step-profile-config2-bbeam1-gaokao2023en-exclusive0817,172,172,8,draft|draft_verify,145.48206329345703,61.896562576293945,0.0,233,16,209,8,0,0,1,1,0
gaokao2023en,bbeam1,step-profile-config2-bbeam1-gaokao2023en-exclusive0817,172,172,9,draft|draft_verify,111.8628978729248,67.66319274902344,0.0,249,16,227,9,0,0,1,1,0
gaokao2023en,bbeam1,step-profile-config2-bbeam1-gaokao2023en-exclusive0817,172,172,10,draft|draft_verify,97.33891487121582,68.52912902832031,0.0,265,17,246,10,0,0,1,1,0
gaokao2023en,bbeam1,step-profile-config2-bbeam1-gaokao2023en-exclusive0817,172,172,11,draft|draft_verify,171.51832580566406,89.2648696899414,0.0,282,23,271,11,0,0,1,1,0
gaokao2023en,bbeam1,step-profile-config2-bbeam1-gaokao2023en-exclusive0817,172,172,12,draft|draft_verify,147.47071266174316,89.72978591918945,0.0,305,20,293,12,0,0,1,1,0
gaokao2023en,bbeam1,step-profile-config2-bbeam1-gaokao2023en-exclusive0817,173,173,1,draft|draft_verify,186.6588592529297,37.146806716918945,0.0,109,29,84,1,0,0,1,1,0
gaokao2023en,bbeam1,step-profile-config2-bbeam1-gaokao2023en-exclusive0817,173,173,2,draft|draft_verify,212.85271644592285,35.405635833740234,0.0,138,38,124,2,0,0,1,1,0
gaokao2023en,bbeam1,step-profile-config2-bbeam1-gaokao2023en-exclusive0817,173,173,3,draft|draft_verify,69.31209564208984,57.47556686401367,0.0,176,11,137,3,0,0,1,1,0
gaokao2023en,bbeam1,step-profile-config2-bbeam1-gaokao2023en-exclusive0817,173,173,4,draft|draft_verify|target|target_rescue_verify,74.68819618225098,118.0257797241211,472.23734855651855,187,11,339,8,187,50,1,2,1
gaokao2023en,bbeam1,step-profile-config2-bbeam1-gaokao2023en-exclusive0817,173,173,5,draft|draft_verify,457.52739906311035,66.84541702270508,0.0,237,61,252,5,0,0,1,1,0
gaokao2023en,bbeam1,step-profile-config2-bbeam1-gaokao2023en-exclusive0817,173,173,6,draft|draft_verify,290.147066116333,86.9150161743164,0.0,298,38,292,6,0,0,1,1,0
gaokao2023en,bbeam1,step-profile-config2-bbeam1-gaokao2023en-exclusive0817,173,173,7,draft|draft_verify|target|target_rescue_verify,186.52749061584473,171.97895050048828,170.11356353759766,336,26,632,14,336,18,1,2,1
gaokao2023en,bbeam1,step-profile-config2-bbeam1-gaokao2023en-exclusive0817,173,173,8,draft|draft_verify,384.67884063720703,107.31315612792969,0.0,354,59,373,8,0,0,1,1,0
gaokao2023en,bbeam1,step-profile-config2-bbeam1-gaokao2023en-exclusive0817,174,174,1,draft|draft_verify,304.5084476470947,55.00006675720215,0.0,187,48,181,1,0,0,1,1,0
gaokao2023en,bbeam1,step-profile-config2-bbeam1-gaokao2023en-exclusive0817,174,174,2,draft|draft_verify,391.90053939819336,72.93915748596191,0.0,235,58,241,2,0,0,1,1,0
gaokao2023en,bbeam1,step-profile-config2-bbeam1-gaokao2023en-exclusive0817,174,174,3,draft|draft_verify,587.0809555053711,93.45650672912598,0.0,293,90,333,3,0,0,1,1,0
gaokao2023en,bbeam1,step-profile-config2-bbeam1-gaokao2023en-exclusive0817,174,174,4,draft|draft_verify,1222.1674919128418,133.48746299743652,0.0,383,199,534,4,0,0,1,1,0
gaokao2023en,bbeam1,step-profile-config2-bbeam1-gaokao2023en-exclusive0817,174,174,5,draft|draft_verify,272.21226692199707,132.5697898864746,0.0,582,44,580,5,0,0,1,1,0
gaokao2023en,bbeam1,step-profile-config2-bbeam1-gaokao2023en-exclusive0817,174,174,6,draft|draft_verify|target|target_rescue_verify,471.88448905944824,348.16479682922363,1985.3723049163818,626,79,1504,12,626,261,1,2,1
gaokao2023en,bbeam1,step-profile-config2-bbeam1-gaokao2023en-exclusive0817,174,174,7,draft|draft_verify,92.09537506103516,179.82172966003418,0.0,887,15,860,7,0,0,1,1,0
gaokao2023en,bbeam1,step-profile-config2-bbeam1-gaokao2023en-exclusive0817,175,175,1,draft|draft_verify,275.6304740905762,30.595064163208008,0.0,94,51,91,1,0,0,1,1,0
gaokao2023en,bbeam1,step-profile-config2-bbeam1-gaokao2023en-exclusive0817,175,175,2,draft|draft_verify,617.0165538787842,60.645103454589844,0.0,145,106,199,2,0,0,1,1,0
gaokao2023en,bbeam1,step-profile-config2-bbeam1-gaokao2023en-exclusive0817,175,175,3,draft|draft_verify|target|target_rescue_verify,591.7320251464844,177.34169960021973,895.7831859588623,251,102,608,6,251,104,1,2,1
gaokao2023en,bbeam1,step-profile-config2-bbeam1-gaokao2023en-exclusive0817,175,175,4,draft|draft_verify,166.97955131530762,114.14766311645508,0.0,355,25,332,4,0,0,1,1,0
gaokao2023en,bbeam1,step-profile-config2-bbeam1-gaokao2023en-exclusive0817,176,176,1,draft|draft_verify,138.289213180542,23.966073989868164,0.0,76,27,49,1,0,0,1,1,0
gaokao2023en,bbeam1,step-profile-config2-bbeam1-gaokao2023en-exclusive0817,176,176,2,draft|draft_verify,306.73885345458984,33.9047908782959,0.0,103,61,112,2,0,0,1,1,0
gaokao2023en,bbeam1,step-profile-config2-bbeam1-gaokao2023en-exclusive0817,176,176,3,draft|draft_verify,341.3522243499756,65.86384773254395,0.0,164,84,198,3,0,0,1,1,0
gaokao2023en,bbeam1,step-profile-config2-bbeam1-gaokao2023en-exclusive0817,176,176,4,draft|draft_verify,329.60963249206543,87.24617958068848,0.0,248,70,270,4,0,0,1,1,0
gaokao2023en,bbeam1,step-profile-config2-bbeam1-gaokao2023en-exclusive0817,176,176,5,draft|draft_verify,209.18560028076172,100.69823265075684,0.0,318,51,323,5,0,0,1,1,0
gaokao2023en,bbeam1,step-profile-config2-bbeam1-gaokao2023en-exclusive0817,176,176,6,draft|draft_verify,139.52231407165527,100.8307933807373,0.0,369,30,355,6,0,0,1,1,0
gaokao2023en,bbeam1,step-profile-config2-bbeam1-gaokao2023en-exclusive0817,176,176,7,draft|draft_verify,90.73734283447266,98.23489189147949,0.0,399,16,373,7,0,0,1,1,0
gaokao2023en,bbeam1,step-profile-config2-bbeam1-gaokao2023en-exclusive0817,177,177,1,draft|draft_verify,157.52339363098145,33.25676918029785,0.0,90,30,66,1,0,0,1,1,0
gaokao2023en,bbeam1,step-profile-config2-bbeam1-gaokao2023en-exclusive0817,177,177,2,draft|draft_verify,273.71740341186523,48.33865165710449,0.0,120,63,131,2,0,0,1,1,0
gaokao2023en,bbeam1,step-profile-config2-bbeam1-gaokao2023en-exclusive0817,177,177,3,draft|draft_verify,707.3214054107666,78.3538818359375,0.0,183,161,294,3,0,0,1,1,0
gaokao2023en,bbeam1,step-profile-config2-bbeam1-gaokao2023en-exclusive0817,177,177,4,draft|draft_verify,389.8470401763916,140.4097080230713,0.0,344,96,392,4,0,0,1,1,0
gaokao2023en,bbeam1,step-profile-config2-bbeam1-gaokao2023en-exclusive0817,177,177,5,draft|draft_verify,98.71625900268555,125.08630752563477,0.0,440,20,414,5,0,0,1,1,0
gaokao2023en,bbeam1,step-profile-config2-bbeam1-gaokao2023en-exclusive0817,178,178,1,draft|draft_verify,324.9504566192627,56.426048278808594,0.0,147,73,166,1,0,0,1,1,0
gaokao2023en,bbeam1,step-profile-config2-bbeam1-gaokao2023en-exclusive0817,178,178,2,draft|draft_verify,67.61980056762695,55.86361885070801,0.0,220,14,182,2,0,0,1,1,0
gaokao2023en,bbeam1,step-profile-config2-bbeam1-gaokao2023en-exclusive0817,178,178,3,draft|draft_verify,162.3067855834961,61.99836730957031,0.0,234,35,219,3,0,0,1,1,0
gaokao2023en,bbeam1,step-profile-config2-bbeam1-gaokao2023en-exclusive0817,178,178,4,draft|draft_verify,95.05248069763184,61.47456169128418,0.0,269,20,241,4,0,0,1,1,0
gaokao2023en,bbeam1,step-profile-config2-bbeam1-gaokao2023en-exclusive0817,178,178,5,draft|draft_verify,113.86656761169434,80.55686950683594,0.0,289,24,267,5,0,0,1,1,0
gaokao2023en,bbeam1,step-profile-config2-bbeam1-gaokao2023en-exclusive0817,178,178,6,draft|draft_verify,94.23112869262695,78.27234268188477,0.0,313,20,289,6,0,0,1,1,0
gaokao2023en,bbeam1,step-profile-config2-bbeam1-gaokao2023en-exclusive0817,178,178,7,draft|draft_verify,71.25473022460938,78.47809791564941,0.0,333,15,306,7,0,0,1,1,0
gaokao2023en,bbeam1,step-profile-config2-bbeam1-gaokao2023en-exclusive0817,178,178,8,draft|draft_verify,25415.504932403564,114.66765403747559,0.0,348,29,337,8,0,0,1,1,0
gaokao2023en,bbeam1,step-profile-config2-bbeam1-gaokao2023en-exclusive0817,179,179,1,draft|draft_verify,206.65597915649414,53.15709114074707,0.0,136,46,129,1,0,0,1,1,0
gaokao2023en,bbeam1,step-profile-config2-bbeam1-gaokao2023en-exclusive0817,179,179,2,draft|draft_verify,402.49085426330566,67.94595718383789,0.0,182,94,225,2,0,0,1,1,0
gaokao2023en,bbeam1,step-profile-config2-bbeam1-gaokao2023en-exclusive0817,179,179,3,draft|draft_verify,151.78942680358887,87.72158622741699,0.0,276,36,263,3,0,0,1,1,0
gaokao2023en,bbeam1,step-profile-config2-bbeam1-gaokao2023en-exclusive0817,179,179,4,draft|draft_verify,192.51441955566406,82.85641670227051,0.0,312,46,311,4,0,0,1,1,0
gaokao2023en,bbeam1,step-profile-config2-bbeam1-gaokao2023en-exclusive0817,179,179,5,draft|draft_verify,136.66391372680664,99.17926788330078,0.0,358,30,343,5,0,0,1,1,0
gaokao2023en,bbeam1,step-profile-config2-bbeam1-gaokao2023en-exclusive0817,179,179,6,draft|draft_verify,303.15518379211426,126.27816200256348,0.0,388,55,400,6,0,0,1,1,0
gaokao2023en,bbeam1,step-profile-config2-bbeam1-gaokao2023en-exclusive0817,179,179,7,draft|draft_verify,166.88823699951172,126.37472152709961,0.0,443,37,439,7,0,0,1,1,0
gaokao2023en,bbeam1,step-profile-config2-bbeam1-gaokao2023en-exclusive0817,179,179,8,draft|draft_verify,88.51432800292969,127.50673294067383,0.0,480,22,463,8,0,0,1,1,0
gaokao2023en,bbeam1,step-profile-config2-bbeam1-gaokao2023en-exclusive0817,179,179,9,draft|draft_verify,128.9651393890381,143.64004135131836,0.0,502,27,492,9,0,0,1,1,0
gaokao2023en,bbeam1,step-profile-config2-bbeam1-gaokao2023en-exclusive0817,180,180,1,draft|draft_verify,519.0658569335938,127.75516510009766,0.0,439,83,468,1,0,0,1,1,0
gaokao2023en,bbeam1,step-profile-config2-bbeam1-gaokao2023en-exclusive0817,180,180,2,draft|draft_verify|target|target_rescue_verify,371.6003894805908,261.5928649902344,746.7963695526123,522,70,1117,4,522,107,1,2,1
gaokao2023en,bbeam1,step-profile-config2-bbeam1-gaokao2023en-exclusive0817,180,180,3,draft|draft_verify|target|backtracking_verify,1521.669864654541,355.30781745910645,423.5577583312988,629,269,1490,6,629,63,1,2,1
gaokao2023en,bbeam1,step-profile-config2-bbeam1-gaokao2023en-exclusive0817,180,180,4,draft|draft_verify|target|target_rescue_verify|backtracking_verify,3165.860176086426,1233.0913543701172,14534.33871269226,1590,541,5638,16,1590,2110,2,4,2
gaokao2023en,bbeam1,step-profile-config2-bbeam1-gaokao2023en-exclusive0817,180,180,5,draft|draft_verify|target|target_rescue_verify,2680.356979370117,1103.1880378723145,7801.528692245483,1920,425,5234,20,1920,1153,2,4,2
gaokao2023en,bbeam1,step-profile-config2-bbeam1-gaokao2023en-exclusive0817,180,180,6,draft|draft_verify|target|target_rescue_verify,133.94713401794434,471.4057445526123,334.46717262268066,1134,24,2243,12,1134,39,1,2,1
gaokao2023en,bbeam1,step-profile-config2-bbeam1-gaokao2023en-exclusive0817,180,180,7,draft|draft_verify,82.03482627868652,236.1471652984619,0.0,1173,12,1143,7,0,0,1,1,0
gaokao2023en,bbeam1,step-profile-config2-bbeam1-gaokao2023en-exclusive0817,181,181,1,draft|draft_verify,140.81645011901855,34.673452377319336,0.0,92,31,69,1,0,0,1,1,0
gaokao2023en,bbeam1,step-profile-config2-bbeam1-gaokao2023en-exclusive0817,181,181,2,draft|draft_verify,127.13980674743652,38.742780685424805,0.0,123,32,103,2,0,0,1,1,0
gaokao2023en,bbeam1,step-profile-config2-bbeam1-gaokao2023en-exclusive0817,181,181,3,draft|draft_verify,183.78853797912598,50.86064338684082,0.0,155,40,145,3,0,0,1,1,0
gaokao2023en,bbeam1,step-profile-config2-bbeam1-gaokao2023en-exclusive0817,181,181,4,draft|draft_verify,109.70640182495117,51.23329162597656,0.0,195,24,171,4,0,0,1,1,0
gaokao2023en,bbeam1,step-profile-config2-bbeam1-gaokao2023en-exclusive0817,181,181,5,draft|draft_verify,40.48752784729004,54.40378189086914,0.0,219,8,181,5,0,0,1,1,0
gaokao2023en,bbeam1,step-profile-config2-bbeam1-gaokao2023en-exclusive0817,181,181,6,draft|draft_verify,483.3519458770752,82.16595649719238,0.0,227,104,287,6,0,0,1,1,0
gaokao2023en,bbeam1,step-profile-config2-bbeam1-gaokao2023en-exclusive0817,181,181,7,draft|draft_verify|target|target_rescue_verify,725.4557609558105,257.6766014099121,958.5182666778564,331,156,838,14,331,104,1,2,1
gaokao2023en,bbeam1,step-profile-config2-bbeam1-gaokao2023en-exclusive0817,181,181,8,draft|draft_verify,261.77215576171875,143.63884925842285,0.0,435,41,436,8,0,0,1,1,0
gaokao2023en,bbeam1,step-profile-config2-bbeam1-gaokao2023en-exclusive0817,181,181,9,draft|draft_verify|target|target_rescue_verify,410.36200523376465,284.82842445373535,406.9061279296875,476,68,998,18,476,54,1,2,1
gaokao2023en,bbeam1,step-profile-config2-bbeam1-gaokao2023en-exclusive0817,181,181,10,draft|draft_verify|target|target_rescue_verify,337.03112602233887,271.1327075958252,378.6928653717041,530,65,1100,20,530,47,1,2,1
gaokao2023en,bbeam1,step-profile-config2-bbeam1-gaokao2023en-exclusive0817,182,182,1,draft|draft_verify,159.77740287780762,30.918359756469727,0.0,103,32,81,1,0,0,1,1,0
gaokao2023en,bbeam1,step-profile-config2-bbeam1-gaokao2023en-exclusive0817,182,182,2,draft|draft_verify,258.95071029663086,32.19723701477051,0.0,135,43,126,2,0,0,1,1,0
gaokao2023en,bbeam1,step-profile-config2-bbeam1-gaokao2023en-exclusive0817,182,182,3,draft|draft_verify,287.91046142578125,61.10191345214844,0.0,178,58,186,3,0,0,1,1,0
gaokao2023en,bbeam1,step-profile-config2-bbeam1-gaokao2023en-exclusive0817,182,182,4,draft|draft_verify,333.90212059020996,64.03851509094238,0.0,236,57,245,4,0,0,1,1,0
gaokao2023en,bbeam1,step-profile-config2-bbeam1-gaokao2023en-exclusive0817,182,182,5,draft|draft_verify,113.13271522521973,84.15484428405762,0.0,293,15,262,5,0,0,1,1,0
gaokao2023en,bbeam1,step-profile-config2-bbeam1-gaokao2023en-exclusive0817,183,183,1,draft|draft_verify,228.9128303527832,22.793054580688477,0.0,80,34,60,1,0,0,1,1,0
gaokao2023en,bbeam1,step-profile-config2-bbeam1-gaokao2023en-exclusive0817,183,183,2,draft|draft_verify,425.49920082092285,58.501243591308594,0.0,114,80,142,2,0,0,1,1,0
gaokao2023en,bbeam1,step-profile-config2-bbeam1-gaokao2023en-exclusive0817,183,183,3,draft|draft_verify|target|target_rescue_verify,555.3321838378906,142.47417449951172,800.9450435638428,194,99,489,6,194,102,1,2,1
gaokao2023en,bbeam1,step-profile-config2-bbeam1-gaokao2023en-exclusive0817,183,183,4,draft|draft_verify,450.8640766143799,92.5300121307373,0.0,296,71,319,4,0,0,1,1,0
gaokao2023en,bbeam1,step-profile-config2-bbeam1-gaokao2023en-exclusive0817,183,183,5,draft|draft_verify,145.2314853668213,108.09588432312012,0.0,367,22,343,5,0,0,1,1,0
gaokao2023en,bbeam1,step-profile-config2-bbeam1-gaokao2023en-exclusive0817,184,184,1,draft|draft_verify,133.33630561828613,34.84058380126953,0.0,104,29,79,1,0,0,1,1,0
gaokao2023en,bbeam1,step-profile-config2-bbeam1-gaokao2023en-exclusive0817,184,184,2,draft|draft_verify,481.658935546875,67.66533851623535,0.0,133,113,194,2,0,0,1,1,0
gaokao2023en,bbeam1,step-profile-config2-bbeam1-gaokao2023en-exclusive0817,184,184,3,draft|draft_verify,205.86609840393066,68.09020042419434,0.0,246,44,240,3,0,0,1,1,0
gaokao2023en,bbeam1,step-profile-config2-bbeam1-gaokao2023en-exclusive0817,184,184,4,draft|draft_verify,1566.1306381225586,142.37666130065918,0.0,290,273,515,4,0,0,1,1,0
gaokao2023en,bbeam1,step-profile-config2-bbeam1-gaokao2023en-exclusive0817,184,184,5,draft|draft_verify,134.5202922821045,131.2546730041504,0.0,563,17,534,5,0,0,1,1,0
gaokao2023en,bbeam1,step-profile-config2-bbeam1-gaokao2023en-exclusive0817,185,185,1,draft|draft_verify,74.20468330383301,31.154155731201172,0.0,119,19,84,1,0,0,1,1,0
gaokao2023en,bbeam1,step-profile-config2-bbeam1-gaokao2023en-exclusive0817,185,185,2,draft|draft_verify,198.74024391174316,49.59607124328613,0.0,138,46,131,2,0,0,1,1,0
gaokao2023en,bbeam1,step-profile-config2-bbeam1-gaokao2023en-exclusive0817,185,185,3,draft|draft_verify,65.38271903991699,54.66294288635254,0.0,184,14,147,3,0,0,1,1,0
gaokao2023en,bbeam1,step-profile-config2-bbeam1-gaokao2023en-exclusive0817,185,185,4,draft|draft_verify,194.5345401763916,57.7390193939209,0.0,198,42,191,4,0,0,1,1,0
gaokao2023en,bbeam1,step-profile-config2-bbeam1-gaokao2023en-exclusive0817,185,185,5,draft|draft_verify,34.78598594665527,60.50896644592285,0.0,240,5,198,5,0,0,1,1,0
gaokao2023en,bbeam1,step-profile-config2-bbeam1-gaokao2023en-exclusive0817,185,185,6,draft|draft_verify,94.05994415283203,61.02585792541504,0.0,245,20,220,6,0,0,1,1,0
gaokao2023en,bbeam1,step-profile-config2-bbeam1-gaokao2023en-exclusive0817,185,185,7,draft|draft_verify,165.81106185913086,62.33620643615723,0.0,265,30,252,7,0,0,1,1,0
gaokao2023en,bbeam1,step-profile-config2-bbeam1-gaokao2023en-exclusive0817,185,185,8,draft|draft_verify,442.9018497467041,92.92435646057129,0.0,295,70,324,8,0,0,1,1,0
gaokao2023en,bbeam1,step-profile-config2-bbeam1-gaokao2023en-exclusive0817,185,185,9,draft|draft_verify,62.84284591674805,93.05787086486816,0.0,365,9,335,9,0,0,1,1,0
gaokao2023en,bbeam1,step-profile-config2-bbeam1-gaokao2023en-exclusive0817,185,185,10,draft|draft_verify,120.34368515014648,92.4379825592041,0.0,374,19,356,10,0,0,1,1,0
gaokao2023en,bbeam1,step-profile-config2-bbeam1-gaokao2023en-exclusive0817,185,185,11,draft|draft_verify,43.058156967163086,92.34952926635742,0.0,393,9,367,11,0,0,1,1,0
gaokao2023en,bbeam1,step-profile-config2-bbeam1-gaokao2023en-exclusive0817,185,185,12,draft|draft_verify,183.0298900604248,132.53068923950195,0.0,402,35,404,12,0,0,1,1,0
gaokao2023en,bbeam1,step-profile-config2-bbeam1-gaokao2023en-exclusive0817,185,185,13,draft|draft_verify,177.7794361114502,146.60954475402832,0.0,437,36,442,13,0,0,1,1,0
gaokao2023en,bbeam1,step-profile-config2-bbeam1-gaokao2023en-exclusive0817,185,185,14,draft|draft_verify|target|target_rescue_verify,557.0573806762695,257.8458786010742,294.4777011871338,473,95,1016,28,473,33,1,2,1
gaokao2023en,bbeam1,step-profile-config2-bbeam1-gaokao2023en-exclusive0817,185,185,15,draft|draft_verify,390.21921157836914,133.54802131652832,0.0,506,59,538,15,0,0,1,1,0
gaokao2023en,bbeam1,step-profile-config2-bbeam1-gaokao2023en-exclusive0817,185,185,16,draft|draft_verify,645.592451095581,133.6979866027832,0.0,565,96,636,16,0,0,1,1,0
gaokao2023en,bbeam1,step-profile-config2-bbeam1-gaokao2023en-exclusive0817,185,185,17,draft|draft_verify,39.98255729675293,152.72068977355957,0.0,661,6,644,17,0,0,1,1,0
gaokao2023en,bbeam1,step-profile-config2-bbeam1-gaokao2023en-exclusive0817,185,185,18,draft|draft_verify,230.69119453430176,160.37845611572266,0.0,667,46,692,18,0,0,1,1,0
gaokao2023en,bbeam1,step-profile-config2-bbeam1-gaokao2023en-exclusive0817,185,185,19,draft|draft_verify,148.0855941772461,155.5325984954834,0.0,713,24,718,19,0,0,1,1,0
gaokao2023en,bbeam1,step-profile-config2-bbeam1-gaokao2023en-exclusive0817,186,186,1,draft|draft_verify,226.3326644897461,35.78758239746094,0.0,80,41,67,1,0,0,1,1,0
gaokao2023en,bbeam1,step-profile-config2-bbeam1-gaokao2023en-exclusive0817,186,186,2,draft|draft_verify,137.18652725219727,33.124685287475586,0.0,121,31,100,2,0,0,1,1,0
gaokao2023en,bbeam1,step-profile-config2-bbeam1-gaokao2023en-exclusive0817,186,186,3,draft|draft_verify,350.08955001831055,56.90598487854004,0.0,152,54,156,3,0,0,1,1,0
gaokao2023en,bbeam1,step-profile-config2-bbeam1-gaokao2023en-exclusive0817,186,186,4,draft|draft_verify,323.9121437072754,65.86933135986328,0.0,206,56,214,4,0,0,1,1,0
gaokao2023en,bbeam1,step-profile-config2-bbeam1-gaokao2023en-exclusive0817,186,186,5,draft|draft_verify,391.4525508880615,88.1199836730957,0.0,262,52,268,5,0,0,1,1,0
gaokao2023en,bbeam1,step-profile-config2-bbeam1-gaokao2023en-exclusive0817,186,186,6,draft|draft_verify,145.1253890991211,91.87746047973633,0.0,314,19,289,6,0,0,1,1,0
gaokao2023en,bbeam1,step-profile-config2-bbeam1-gaokao2023en-exclusive0817,187,187,1,draft|draft_verify,225.968599319458,40.58432579040527,0.0,106,38,90,1,0,0,1,1,0
gaokao2023en,bbeam1,step-profile-config2-bbeam1-gaokao2023en-exclusive0817,187,187,2,draft|draft_verify,218.24359893798828,52.80923843383789,0.0,144,39,131,2,0,0,1,1,0
gaokao2023en,bbeam1,step-profile-config2-bbeam1-gaokao2023en-exclusive0817,187,187,3,draft|draft_verify,153.16176414489746,57.999372482299805,0.0,183,36,169,3,0,0,1,1,0
gaokao2023en,bbeam1,step-profile-config2-bbeam1-gaokao2023en-exclusive0817,187,187,4,draft|draft_verify,257.68113136291504,69.02718544006348,0.0,219,62,233,4,0,0,1,1,0
gaokao2023en,bbeam1,step-profile-config2-bbeam1-gaokao2023en-exclusive0817,187,187,5,draft|draft_verify,152.41599082946777,86.6856575012207,0.0,281,32,267,5,0,0,1,1,0
gaokao2023en,bbeam1,step-profile-config2-bbeam1-gaokao2023en-exclusive0817,187,187,6,draft|draft_verify,102.7061939239502,82.38863945007324,0.0,313,22,291,6,0,0,1,1,0
gaokao2023en,bbeam1,step-profile-config2-bbeam1-gaokao2023en-exclusive0817,188,188,1,draft|draft_verify,206.5119743347168,83.66727828979492,0.0,336,38,320,1,0,0,1,1,0
gaokao2023en,bbeam1,step-profile-config2-bbeam1-gaokao2023en-exclusive0817,188,188,2,draft|draft_verify,388.73767852783203,104.57253456115723,0.0,374,62,384,2,0,0,1,1,0
gaokao2023en,bbeam1,step-profile-config2-bbeam1-gaokao2023en-exclusive0817,188,188,3,draft|draft_verify,349.2915630340576,129.94790077209473,0.0,436,61,447,3,0,0,1,1,0
gaokao2023en,bbeam1,step-profile-config2-bbeam1-gaokao2023en-exclusive0817,188,188,4,draft|draft_verify|target|target_rescue_verify,438.35997581481934,275.6388187408447,477.49996185302734,497,66,1025,8,497,61,1,2,1
gaokao2023en,bbeam1,step-profile-config2-bbeam1-gaokao2023en-exclusive0817,188,188,5,draft|draft_verify|target|target_rescue_verify,302.323579788208,262.1428966522217,446.72465324401855,558,62,1147,10,558,61,1,2,1
gaokao2023en,bbeam1,step-profile-config2-bbeam1-gaokao2023en-exclusive0817,188,188,6,draft|draft_verify|target|target_rescue_verify,141.5719985961914,270.0197696685791,290.59863090515137,619,28,1210,12,619,32,1,2,1
gaokao2023en,bbeam1,step-profile-config2-bbeam1-gaokao2023en-exclusive0817,189,189,1,draft|draft_verify,178.61366271972656,39.469242095947266,0.0,96,28,70,1,0,0,1,1,0
gaokao2023en,bbeam1,step-profile-config2-bbeam1-gaokao2023en-exclusive0817,189,189,2,draft|draft_verify,282.3770046234131,41.1224365234375,0.0,124,46,118,2,0,0,1,1,0
gaokao2023en,bbeam1,step-profile-config2-bbeam1-gaokao2023en-exclusive0817,189,189,3,draft|draft_verify,235.17370223999023,51.76687240600586,0.0,170,35,155,3,0,0,1,1,0
gaokao2023en,bbeam1,step-profile-config2-bbeam1-gaokao2023en-exclusive0817,189,189,4,draft|draft_verify,305.29069900512695,61.85555458068848,0.0,205,52,209,4,0,0,1,1,0
gaokao2023en,bbeam1,step-profile-config2-bbeam1-gaokao2023en-exclusive0817,189,189,5,draft|draft_verify,63.211679458618164,62.201499938964844,0.0,257,9,220,5,0,0,1,1,0
gaokao2023en,bbeam1,step-profile-config2-bbeam1-gaokao2023en-exclusive0817,189,189,6,draft|draft_verify,243.88933181762695,80.73544502258301,0.0,266,46,268,6,0,0,1,1,0
gaokao2023en,bbeam1,step-profile-config2-bbeam1-gaokao2023en-exclusive0817,189,189,7,draft|draft_verify,58.27927589416504,78.83524894714355,0.0,312,8,278,7,0,0,1,1,0
gaokao2023en,bbeam1,step-profile-config2-bbeam1-gaokao2023en-exclusive0817,189,189,8,draft|draft_verify,507.565975189209,101.12404823303223,0.0,320,79,359,8,0,0,1,1,0
gaokao2023en,bbeam1,step-profile-config2-bbeam1-gaokao2023en-exclusive0817,189,189,9,draft|draft_verify,180.9074878692627,128.32188606262207,0.0,399,28,389,9,0,0,1,1,0
gaokao2023en,bbeam1,step-profile-config2-bbeam1-gaokao2023en-exclusive0817,190,190,1,draft|draft_verify,376.4636516571045,62.09421157836914,0.0,174,59,180,1,0,0,1,1,0
gaokao2023en,bbeam1,step-profile-config2-bbeam1-gaokao2023en-exclusive0817,190,190,2,draft|draft_verify|target|target_rescue_verify,594.1579341888428,152.13465690612793,294.8908805847168,233,96,488,4,233,28,1,2,1
gaokao2023en,bbeam1,step-profile-config2-bbeam1-gaokao2023en-exclusive0817,190,190,3,draft|draft_verify,187.33668327331543,69.4127082824707,0.0,261,28,240,3,0,0,1,1,0
gaokao2023en,bbeam1,step-profile-config2-bbeam1-gaokao2023en-exclusive0817,190,190,4,draft|draft_verify|target|target_rescue_verify,315.9482479095459,179.96931076049805,427.20723152160645,289,47,580,8,289,49,1,2,1
gaokao2023en,bbeam1,step-profile-config2-bbeam1-gaokao2023en-exclusive0817,190,190,5,draft|draft_verify,240.86785316467285,105.10540008544922,0.0,338,36,329,5,0,0,1,1,0
gaokao2023en,bbeam1,step-profile-config2-bbeam1-gaokao2023en-exclusive0817,190,190,6,draft|draft_verify,196.63047790527344,108.14714431762695,0.0,374,32,363,6,0,0,1,1,0
gaokao2023en,bbeam1,step-profile-config2-bbeam1-gaokao2023en-exclusive0817,190,190,7,draft|draft_verify|target|target_rescue_verify,253.71098518371582,255.28788566589355,230.4985523223877,406,49,810,14,406,31,1,2,1
gaokao2023en,bbeam1,step-profile-config2-bbeam1-gaokao2023en-exclusive0817,190,190,8,draft|draft_verify,136.15679740905762,129.40645217895508,0.0,437,23,421,8,0,0,1,1,0
gaokao2023en,bbeam1,step-profile-config2-bbeam1-gaokao2023en-exclusive0817,190,190,9,draft|draft_verify,82.16547966003418,131.25896453857422,0.0,460,14,437,9,0,0,1,1,0
gaokao2023en,bbeam1,step-profile-config2-bbeam1-gaokao2023en-exclusive0817,191,191,1,draft|draft_verify,66.72501564025879,49.04007911682129,0.0,171,14,131,1,0,0,1,1,0
gaokao2023en,bbeam1,step-profile-config2-bbeam1-gaokao2023en-exclusive0817,191,191,2,draft|draft_verify,80.92117309570312,55.457353591918945,0.0,185,19,152,2,0,0,1,1,0
gaokao2023en,bbeam1,step-profile-config2-bbeam1-gaokao2023en-exclusive0817,191,191,3,draft|draft_verify,272.1419334411621,62.70861625671387,0.0,204,51,205,3,0,0,1,1,0
gaokao2023en,bbeam1,step-profile-config2-bbeam1-gaokao2023en-exclusive0817,191,191,4,draft|draft_verify,134.22369956970215,65.6135082244873,0.0,255,22,229,4,0,0,1,1,0
gaokao2023en,bbeam1,step-profile-config2-bbeam1-gaokao2023en-exclusive0817,191,191,5,draft|draft_verify,119.52352523803711,60.91761589050293,0.0,277,16,247,5,0,0,1,1,0
gaokao2023en,bbeam1,step-profile-config2-bbeam1-gaokao2023en-exclusive0817,191,191,6,draft|draft_verify,86.51113510131836,76.99275016784668,0.0,293,18,267,6,0,0,1,1,0
gaokao2023en,bbeam1,step-profile-config2-bbeam1-gaokao2023en-exclusive0817,191,191,7,draft|draft_verify,39.15238380432129,79.88524436950684,0.0,311,5,274,7,0,0,1,1,0
gaokao2023en,bbeam1,step-profile-config2-bbeam1-gaokao2023en-exclusive0817,191,191,8,draft|draft_verify,98.19507598876953,83.62579345703125,0.0,316,18,294,8,0,0,1,1,0
gaokao2023en,bbeam1,step-profile-config2-bbeam1-gaokao2023en-exclusive0817,191,191,9,draft|draft_verify,151.86429023742676,82.41677284240723,0.0,334,22,318,9,0,0,1,1,0
gaokao2023en,bbeam1,step-profile-config2-bbeam1-gaokao2023en-exclusive0817,191,191,10,draft|draft_verify,203.6290168762207,96.68827056884766,0.0,356,31,351,10,0,0,1,1,0
gaokao2023en,bbeam1,step-profile-config2-bbeam1-gaokao2023en-exclusive0817,191,191,11,draft|draft_verify,121.04010581970215,95.11423110961914,0.0,387,18,371,11,0,0,1,1,0
gaokao2023en,bbeam1,step-profile-config2-bbeam1-gaokao2023en-exclusive0817,191,191,12,draft|draft_verify,161.3302230834961,129.7295093536377,0.0,405,26,399,12,0,0,1,1,0
gaokao2023en,bbeam1,step-profile-config2-bbeam1-gaokao2023en-exclusive0817,191,191,13,draft|draft_verify,76.99298858642578,129.60338592529297,0.0,431,15,416,13,0,0,1,1,0
gaokao2023en,bbeam1,step-profile-config2-bbeam1-gaokao2023en-exclusive0817,191,191,14,draft|draft_verify,71.53487205505371,134.0792179107666,0.0,446,8,426,14,0,0,1,1,0
gaokao2023en,bbeam1,step-profile-config2-bbeam1-gaokao2023en-exclusive0817,192,192,1,draft|draft_verify,151.79848670959473,52.3223876953125,0.0,173,25,145,1,0,0,1,1,0
gaokao2023en,bbeam1,step-profile-config2-bbeam1-gaokao2023en-exclusive0817,192,192,2,draft|draft_verify,559.8571300506592,70.7700252532959,0.0,198,89,236,2,0,0,1,1,0
gaokao2023en,bbeam1,step-profile-config2-bbeam1-gaokao2023en-exclusive0817,192,192,3,draft|draft_verify,88.62066268920898,62.92128562927246,0.0,287,16,254,3,0,0,1,1,0
gaokao2023en,bbeam1,step-profile-config2-bbeam1-gaokao2023en-exclusive0817,192,192,4,draft|draft_verify,141.39485359191895,79.16092872619629,0.0,303,20,276,4,0,0,1,1,0
gaokao2023en,bbeam1,step-profile-config2-bbeam1-gaokao2023en-exclusive0817,192,192,5,draft|draft_verify,34.74092483520508,84.19561386108398,0.0,323,6,284,5,0,0,1,1,0
gaokao2023en,bbeam1,step-profile-config2-bbeam1-gaokao2023en-exclusive0817,192,192,6,draft|draft_verify,136.4748477935791,85.65139770507812,0.0,329,22,308,6,0,0,1,1,0
gaokao2023en,bbeam1,step-profile-config2-bbeam1-gaokao2023en-exclusive0817,192,192,7,draft|draft_verify,48.86746406555176,80.30867576599121,0.0,351,7,317,7,0,0,1,1,0
gaokao2023en,bbeam1,step-profile-config2-bbeam1-gaokao2023en-exclusive0817,192,192,8,draft|draft_verify,42.36745834350586,95.36075592041016,0.0,358,5,324,8,0,0,1,1,0
gaokao2023en,bbeam1,step-profile-config2-bbeam1-gaokao2023en-exclusive0817,193,193,1,draft|draft_verify,204.68497276306152,33.788204193115234,0.0,133,35,114,1,0,0,1,1,0
gaokao2023en,bbeam1,step-profile-config2-bbeam1-gaokao2023en-exclusive0817,193,193,2,draft|draft_verify,120.12290954589844,60.5924129486084,0.0,168,24,140,2,0,0,1,1,0
gaokao2023en,bbeam1,step-profile-config2-bbeam1-gaokao2023en-exclusive0817,193,193,3,draft|draft_verify,258.78119468688965,62.2406005859375,0.0,192,55,197,3,0,0,1,1,0
gaokao2023en,bbeam1,step-profile-config2-bbeam1-gaokao2023en-exclusive0817,193,193,4,draft|draft_verify,219.16723251342773,61.36131286621094,0.0,247,42,241,4,0,0,1,1,0
gaokao2023en,bbeam1,step-profile-config2-bbeam1-gaokao2023en-exclusive0817,193,193,5,draft|draft_verify,195.2357292175293,81.19416236877441,0.0,289,35,278,5,0,0,1,1,0
gaokao2023en,bbeam1,step-profile-config2-bbeam1-gaokao2023en-exclusive0817,193,193,6,draft|draft_verify,88.73414993286133,82.13520050048828,0.0,324,14,294,6,0,0,1,1,0
gaokao2023en,bbeam1,step-profile-config2-bbeam1-gaokao2023en-exclusive0817,194,194,1,draft|draft_verify,238.3289337158203,70.08194923400879,0.0,253,47,246,1,0,0,1,1,0
gaokao2023en,bbeam1,step-profile-config2-bbeam1-gaokao2023en-exclusive0817,194,194,2,draft|draft_verify,544.4207191467285,105.00669479370117,0.0,300,73,321,2,0,0,1,1,0
gaokao2023en,bbeam1,step-profile-config2-bbeam1-gaokao2023en-exclusive0817,194,194,3,draft|draft_verify,382.95578956604004,98.30832481384277,0.0,373,55,378,3,0,0,1,1,0
gaokao2023en,bbeam1,step-profile-config2-bbeam1-gaokao2023en-exclusive0817,194,194,4,draft|draft_verify|target|target_rescue_verify,469.07901763916016,276.1261463165283,1895.1606750488281,428,71,1074,8,428,243,1,2,1
gaokao2023en,bbeam1,step-profile-config2-bbeam1-gaokao2023en-exclusive0817,194,194,5,draft|draft_verify|target|target_rescue_verify,230.11541366577148,314.60022926330566,383.07809829711914,671,44,1349,10,671,55,1,2,1
gaokao2023en,bbeam1,step-profile-config2-bbeam1-gaokao2023en-exclusive0817,194,194,6,draft|draft_verify,117.32625961303711,156.1586856842041,0.0,726,13,695,6,0,0,1,1,0
gaokao2023en,bbeam1,step-profile-config2-bbeam1-gaokao2023en-exclusive0817,195,195,1,draft|draft_verify,216.06040000915527,58.55226516723633,0.0,163,36,145,1,0,0,1,1,0
gaokao2023en,bbeam1,step-profile-config2-bbeam1-gaokao2023en-exclusive0817,195,195,2,draft|draft_verify,271.2240219116211,65.93585014343262,0.0,199,46,193,2,0,0,1,1,0
gaokao2023en,bbeam1,step-profile-config2-bbeam1-gaokao2023en-exclusive0817,195,195,3,draft|draft_verify,166.83697700500488,62.986135482788086,0.0,245,31,226,3,0,0,1,1,0
gaokao2023en,bbeam1,step-profile-config2-bbeam1-gaokao2023en-exclusive0817,195,195,4,draft|draft_verify,29034.92569923401,134.66763496398926,0.0,276,13,241,4,0,0,1,1,0
gaokao2023en,bbeam1,step-profile-config2-bbeam1-gaokao2023en-exclusive0817,195,195,5,draft|draft_verify,60.75286865234375,69.43988800048828,0.0,289,9,252,5,0,0,1,1,0
gaokao2023en,bbeam1,step-profile-config2-bbeam1-gaokao2023en-exclusive0817,195,195,6,draft|draft_verify,104.55632209777832,76.69568061828613,0.0,298,16,270,6,0,0,1,1,0
gaokao2023en,bbeam1,step-profile-config2-bbeam1-gaokao2023en-exclusive0817,195,195,7,draft|draft_verify,144.04702186584473,78.44042778015137,0.0,314,20,292,7,0,0,1,1,0
gaokao2023en,bbeam1,step-profile-config2-bbeam1-gaokao2023en-exclusive0817,195,195,8,draft|draft_verify,129.46534156799316,80.50823211669922,0.0,334,19,313,8,0,0,1,1,0
gaokao2023en,bbeam1,step-profile-config2-bbeam1-gaokao2023en-exclusive0817,195,195,9,draft|draft_verify,53.414344787597656,94.11334991455078,0.0,353,6,321,9,0,0,1,1,0
gaokao2023en,bbeam1,step-profile-config2-bbeam1-gaokao2023en-exclusive0817,195,195,10,draft|draft_verify,47.408342361450195,94.09570693969727,0.0,359,9,332,10,0,0,1,1,0
gaokao2023en,bbeam1,step-profile-config2-bbeam1-gaokao2023en-exclusive0817,195,195,11,draft|draft_verify,184.92913246154785,94.53582763671875,0.0,368,35,369,11,0,0,1,1,0
gaokao2023en,bbeam1,step-profile-config2-bbeam1-gaokao2023en-exclusive0817,196,196,1,draft|draft_verify,224.0147590637207,60.83798408508301,0.0,202,47,195,1,0,0,1,1,0
gaokao2023en,bbeam1,step-profile-config2-bbeam1-gaokao2023en-exclusive0817,196,196,2,draft|draft_verify,115.08536338806152,60.36686897277832,0.0,249,25,222,2,0,0,1,1,0
gaokao2023en,bbeam1,step-profile-config2-bbeam1-gaokao2023en-exclusive0817,196,196,3,draft|draft_verify,208.24742317199707,77.28457450866699,0.0,274,42,266,3,0,0,1,1,0
gaokao2023en,bbeam1,step-profile-config2-bbeam1-gaokao2023en-exclusive0817,196,196,4,draft|draft_verify,189.85223770141602,77.87680625915527,0.0,316,37,305,4,0,0,1,1,0
gaokao2023en,bbeam1,step-profile-config2-bbeam1-gaokao2023en-exclusive0817,196,196,5,draft|draft_verify|target|target_rescue_verify,306.06889724731445,191.14208221435547,495.93400955200195,353,56,740,10,353,70,1,2,1
gaokao2023en,bbeam1,step-profile-config2-bbeam1-gaokao2023en-exclusive0817,196,196,6,draft|draft_verify|target|target_rescue_verify,173.0644702911377,253.4959316253662,287.9672050476074,423,30,822,12,423,34,1,2,1
gaokao2023en,bbeam1,step-profile-config2-bbeam1-gaokao2023en-exclusive0817,196,196,7,draft|draft_verify|target|backtracking_verify,301.4943599700928,256.03437423706055,382.0502758026123,457,46,932,14,457,56,1,2,1
gaokao2023en,bbeam1,step-profile-config2-bbeam1-gaokao2023en-exclusive0817,196,196,8,draft|draft_verify|target|backtracking_verify,610.7578277587891,395.2302932739258,484.205961227417,1016,104,1568,24,503,65,2,3,1
gaokao2023en,bbeam1,step-profile-config2-bbeam1-gaokao2023en-exclusive0817,196,196,9,draft|draft_verify|target|target_rescue_verify|backtracking_verify,881.5960884094238,668.0324077606201,939.0134811401367,1688,150,2904,45,1142,114,3,5,2
gaokao2023en,bbeam1,step-profile-config2-bbeam1-gaokao2023en-exclusive0817,196,196,10,draft|draft_verify|target|target_rescue_verify,286.58246994018555,530.036211013794,761.6465091705322,1224,56,2469,40,1224,109,2,4,2
gaokao2023en,bbeam1,step-profile-config2-bbeam1-gaokao2023en-exclusive0817,196,196,11,draft|draft_verify|target|target_rescue_verify,340.2252197265625,627.1474361419678,582.0624828338623,1333,53,2644,44,1333,61,2,4,2
gaokao2023en,bbeam1,step-profile-config2-bbeam1-gaokao2023en-exclusive0817,196,196,12,draft|draft_verify,147.08805084228516,153.31315994262695,0.0,706,19,693,12,0,0,1,1,0
gaokao2023en,bbeam1,step-profile-config2-bbeam1-gaokao2023en-exclusive0817,196,196,13,draft|draft_verify,847.6052284240723,174.32332038879395,0.0,725,119,814,13,0,0,1,1,0
gaokao2023en,bbeam1,step-profile-config2-bbeam1-gaokao2023en-exclusive0817,196,196,14,draft|draft_verify,576.4412879943848,200.01602172851562,0.0,844,119,935,14,0,0,1,1,0
gaokao2023en,bbeam1,step-profile-config2-bbeam1-gaokao2023en-exclusive0817,196,196,15,draft|draft_verify,609.229326248169,222.3947048187256,0.0,963,119,1056,15,0,0,1,1,0
gaokao2023en,bbeam1,step-profile-config2-bbeam1-gaokao2023en-exclusive0817,196,196,16,draft|draft_verify|target|backtracking_verify,585.646390914917,513.9105319976807,804.6844005584717,1082,119,2354,32,1082,119,1,2,1
gaokao2023en,bbeam1,step-profile-config2-bbeam1-gaokao2023en-exclusive0817,196,196,17,draft|draft_verify|target|backtracking_verify,546.3840961456299,757.8554153442383,235.3341579437256,2402,106,3677,51,1201,34,2,3,1
gaokao2023en,bbeam1,step-profile-config2-bbeam1-gaokao2023en-exclusive0817,196,196,18,draft|draft_verify|target|target_rescue_verify,282.7885150909424,1549.3042469024658,583.5182666778564,3743,46,7482,108,3743,70,3,6,3
gaokao2023en,bbeam1,step-profile-config2-bbeam1-gaokao2023en-exclusive0817,196,196,19,draft|draft_verify|target|target_rescue_verify,132.51328468322754,1039.3154621124268,254.14180755615234,2566,24,5108,76,2566,24,2,4,2
gaokao2023en,bbeam1,step-profile-config2-bbeam1-gaokao2023en-exclusive0817,197,197,1,draft|draft_verify,210.2503776550293,49.800872802734375,0.0,152,32,130,1,0,0,1,1,0
gaokao2023en,bbeam1,step-profile-config2-bbeam1-gaokao2023en-exclusive0817,197,197,2,draft|draft_verify,229.59661483764648,56.11586570739746,0.0,184,43,175,2,0,0,1,1,0
gaokao2023en,bbeam1,step-profile-config2-bbeam1-gaokao2023en-exclusive0817,197,197,3,draft|draft_verify,511.737585067749,79.14113998413086,0.0,227,92,269,3,0,0,1,1,0
gaokao2023en,bbeam1,step-profile-config2-bbeam1-gaokao2023en-exclusive0817,197,197,4,draft|draft_verify,366.6834831237793,107.9106330871582,0.0,319,64,335,4,0,0,1,1,0
gaokao2023en,bbeam1,step-profile-config2-bbeam1-gaokao2023en-exclusive0817,197,197,5,draft|draft_verify,491.44434928894043,142.9123878479004,0.0,383,104,441,5,0,0,1,1,0
gaokao2023en,bbeam1,step-profile-config2-bbeam1-gaokao2023en-exclusive0817,197,197,6,draft|draft_verify,281.65197372436523,149.55401420593262,0.0,487,49,492,6,0,0,1,1,0
gaokao2023en,bbeam1,step-profile-config2-bbeam1-gaokao2023en-exclusive0817,198,198,1,draft|draft_verify,196.05708122253418,35.060882568359375,0.0,89,42,77,1,0,0,1,1,0
gaokao2023en,bbeam1,step-profile-config2-bbeam1-gaokao2023en-exclusive0817,198,198,2,draft|draft_verify,198.25053215026855,31.154155731201172,0.0,131,47,126,2,0,0,1,1,0
gaokao2023en,bbeam1,step-profile-config2-bbeam1-gaokao2023en-exclusive0817,198,198,3,draft|draft_verify,233.2632541656494,51.690101623535156,0.0,178,53,181,3,0,0,1,1,0
gaokao2023en,bbeam1,step-profile-config2-bbeam1-gaokao2023en-exclusive0817,198,198,4,draft|draft_verify,479.083776473999,78.33647727966309,0.0,231,96,279,4,0,0,1,1,0
gaokao2023en,bbeam1,step-profile-config2-bbeam1-gaokao2023en-exclusive0817,198,198,5,draft|draft_verify,137.14051246643066,77.9111385345459,0.0,327,29,310,5,0,0,1,1,0
gaokao2023en,bbeam1,step-profile-config2-bbeam1-gaokao2023en-exclusive0817,198,198,6,draft|draft_verify,95.98183631896973,98.86479377746582,0.0,356,19,331,6,0,0,1,1,0
gaokao2023en,bbeam1,step-profile-config2-bbeam1-gaokao2023en-exclusive0817,199,199,1,draft|draft_verify,195.15323638916016,31.79025650024414,0.0,119,46,112,1,0,0,1,1,0
gaokao2023en,bbeam1,step-profile-config2-bbeam1-gaokao2023en-exclusive0817,199,199,2,draft|draft_verify,175.24957656860352,50.96578598022461,0.0,165,39,153,2,0,0,1,1,0
gaokao2023en,bbeam1,step-profile-config2-bbeam1-gaokao2023en-exclusive0817,199,199,3,draft|draft_verify,297.14274406433105,61.362266540527344,0.0,204,66,221,3,0,0,1,1,0
gaokao2023en,bbeam1,step-profile-config2-bbeam1-gaokao2023en-exclusive0817,199,199,4,draft|draft_verify,309.01622772216797,78.13096046447754,0.0,270,66,289,4,0,0,1,1,0
gaokao2023en,bbeam1,step-profile-config2-bbeam1-gaokao2023en-exclusive0817,199,199,5,draft|draft_verify,125.3807544708252,78.53460311889648,0.0,336,25,316,5,0,0,1,1,0
gaokao2023en,bbeam1,step-profile-config2-bbeam1-gaokao2023en-exclusive0817,199,199,6,draft|draft_verify,307.93094635009766,104.70271110534668,0.0,361,66,384,6,0,0,1,1,0
gaokao2023en,bbeam1,step-profile-config2-bbeam1-gaokao2023en-exclusive0817,199,199,7,draft|draft_verify,209.0616226196289,142.23909378051758,0.0,427,45,431,7,0,0,1,1,0
gaokao2023en,bbeam1,step-profile-config2-bbeam1-gaokao2023en-exclusive0817,199,199,8,draft|draft_verify,66.3912296295166,29363.150358200073,0.0,472,13,446,8,0,0,1,1,0
gaokao2023en,bbeam1,step-profile-config2-bbeam1-gaokao2023en-exclusive0817,200,200,1,draft|draft_verify,359.73644256591797,61.5544319152832,0.0,129,82,157,1,0,0,1,1,0
gaokao2023en,bbeam1,step-profile-config2-bbeam1-gaokao2023en-exclusive0817,200,200,2,draft|draft_verify,42.27280616760254,57.727813720703125,0.0,211,9,168,2,0,0,1,1,0
gaokao2023en,bbeam1,step-profile-config2-bbeam1-gaokao2023en-exclusive0817,200,200,3,draft|draft_verify|target|target_rescue_verify,394.61469650268555,166.55635833740234,706.8471908569336,220,85,532,6,220,107,1,2,1
gaokao2023en,bbeam1,step-profile-config2-bbeam1-gaokao2023en-exclusive0817,200,200,4,draft|draft_verify,515.7310962677002,100.68917274475098,0.0,327,105,384,4,0,0,1,1,0
gaokao2023en,bbeam1,step-profile-config2-bbeam1-gaokao2023en-exclusive0817,200,200,5,draft|draft_verify,555.0358295440674,143.92805099487305,0.0,432,109,495,5,0,0,1,1,0
gaokao2023en,bbeam1,step-profile-config2-bbeam1-gaokao2023en-exclusive0817,200,200,6,draft|draft_verify,536.2045764923096,132.46560096740723,0.0,541,110,607,6,0,0,1,1,0
gaokao2023en,bbeam1,step-profile-config2-bbeam1-gaokao2023en-exclusive0817,200,200,7,draft|draft_verify,87.59331703186035,131.84785842895508,0.0,651,18,627,7,0,0,1,1,0
gaokao2023en,bbeam1,step-profile-config2-bbeam1-gaokao2023en-exclusive0817,201,201,1,draft|draft_verify,161.03005409240723,52.08396911621094,0.0,172,36,154,1,0,0,1,1,0
gaokao2023en,bbeam1,step-profile-config2-bbeam1-gaokao2023en-exclusive0817,201,201,2,draft|draft_verify,180.2363395690918,61.92779541015625,0.0,208,41,197,2,0,0,1,1,0
gaokao2023en,bbeam1,step-profile-config2-bbeam1-gaokao2023en-exclusive0817,201,201,3,draft|draft_verify|target|target_rescue_verify,286.5948677062988,139.6803855895996,378.57556343078613,249,62,517,6,249,57,1,2,1
gaokao2023en,bbeam1,step-profile-config2-bbeam1-gaokao2023en-exclusive0817,201,201,4,draft|draft_verify|target|target_rescue_verify,265.16079902648926,170.61543464660645,411.24820709228516,306,57,634,8,306,61,1,2,1
gaokao2023en,bbeam1,step-profile-config2-bbeam1-gaokao2023en-exclusive0817,201,201,5,draft|draft_verify,304.71181869506836,100.6934642791748,0.0,367,61,382,5,0,0,1,1,0
gaokao2023en,bbeam1,step-profile-config2-bbeam1-gaokao2023en-exclusive0817,201,201,6,draft|draft_verify|target|target_rescue_verify,210.4489803314209,258.7742805480957,541.0366058349609,428,49,904,12,428,87,1,2,1
gaokao2023en,bbeam1,step-profile-config2-bbeam1-gaokao2023en-exclusive0817,201,201,7,draft|draft_verify|target|backtracking_verify,67.77119636535645,272.48692512512207,320.1332092285156,515,13,1006,14,515,47,1,2,1
gaokao2023en,bbeam1,step-profile-config2-bbeam1-gaokao2023en-exclusive0817,201,201,8,draft|draft_verify|target|target_rescue_verify,106.9338321685791,540.9245491027832,189.63885307312012,1090,18,2053,32,1090,15,2,4,2
gaokao2023en,bbeam1,step-profile-config2-bbeam1-gaokao2023en-exclusive0817,202,202,1,draft|draft_verify,251.4183521270752,31.206607818603516,0.0,123,55,124,1,0,0,1,1,0
gaokao2023en,bbeam1,step-profile-config2-bbeam1-gaokao2023en-exclusive0817,202,202,2,draft|draft_verify,353.7333011627197,60.38498878479004,0.0,178,79,205,2,0,0,1,1,0
gaokao2023en,bbeam1,step-profile-config2-bbeam1-gaokao2023en-exclusive0817,202,202,3,draft|draft_verify,108.95514488220215,60.44793128967285,0.0,257,23,230,3,0,0,1,1,0
gaokao2023en,bbeam1,step-profile-config2-bbeam1-gaokao2023en-exclusive0817,202,202,4,draft|draft_verify|target|target_rescue_verify,117.66886711120605,155.99846839904785,287.22119331359863,280,25,520,8,280,31,1,2,1
gaokao2023en,bbeam1,step-profile-config2-bbeam1-gaokao2023en-exclusive0817,202,202,5,draft|draft_verify,109.10344123840332,76.47538185119629,0.0,311,23,288,5,0,0,1,1,0
gaokao2023en,bbeam1,step-profile-config2-bbeam1-gaokao2023en-exclusive0817,202,202,6,draft|draft_verify,135.6649398803711,76.93910598754883,0.0,334,28,318,6,0,0,1,1,0
gaokao2023en,bbeam1,step-profile-config2-bbeam1-gaokao2023en-exclusive0817,203,203,1,draft|draft_verify,480.31139373779297,51.4681339263916,0.0,116,108,170,1,0,0,1,1,0
gaokao2023en,bbeam1,step-profile-config2-bbeam1-gaokao2023en-exclusive0817,203,203,2,draft|draft_verify,277.0240306854248,59.45444107055664,0.0,224,61,233,2,0,0,1,1,0
gaokao2023en,bbeam1,step-profile-config2-bbeam1-gaokao2023en-exclusive0817,203,203,3,draft|draft_verify|target|target_rescue_verify,810.8623027801514,268.0332660675049,1082.2458267211914,285,196,845,6,285,179,1,2,1
gaokao2023en,bbeam1,step-profile-config2-bbeam1-gaokao2023en-exclusive0817,203,203,4,draft|draft_verify,167.52958297729492,126.0981559753418,0.0,464,39,455,4,0,0,1,1,0
gaokao2023en,bbeam1,step-profile-config2-bbeam1-gaokao2023en-exclusive0817,203,203,5,draft|draft_verify|target|backtracking_verify,939.9192333221436,289.7963523864746,809.2105388641357,503,223,1268,10,503,131,1,2,1
gaokao2023en,bbeam1,step-profile-config2-bbeam1-gaokao2023en-exclusive0817,203,203,6,draft|draft_verify|target|target_rescue_verify,518.9597606658936,460.6947898864746,349.7648239135742,1360,113,2117,18,726,50,2,3,1
gaokao2023en,bbeam1,step-profile-config2-bbeam1-gaokao2023en-exclusive0817,203,203,7,draft|draft_verify|target|target_rescue_verify,119.39311027526855,309.5967769622803,362.55383491516113,722,25,1436,14,722,51,1,2,1
gaokao2023en,bbeam1,step-profile-config2-bbeam1-gaokao2023en-exclusive0817,203,203,8,draft|draft_verify,121.4284896850586,154.18577194213867,0.0,773,24,757,8,0,0,1,1,0
gaokao2023en,bbeam1,step-profile-config2-bbeam1-gaokao2023en-exclusive0817,204,204,1,draft|draft_verify,148.9253044128418,50.4612922668457,0.0,177,36,160,1,0,0,1,1,0
gaokao2023en,bbeam1,step-profile-config2-bbeam1-gaokao2023en-exclusive0817,204,204,2,draft|draft_verify,212.3115062713623,59.83543395996094,0.0,213,54,216,2,0,0,1,1,0
gaokao2023en,bbeam1,step-profile-config2-bbeam1-gaokao2023en-exclusive0817,204,204,3,draft|draft_verify,434.3078136444092,78.17697525024414,0.0,267,98,316,3,0,0,1,1,0
gaokao2023en,bbeam1,step-profile-config2-bbeam1-gaokao2023en-exclusive0817,204,204,4,draft|draft_verify|target|target_rescue_verify,611.0818386077881,266.60966873168945,657.658576965332,365,131,854,8,365,87,1,2,1
gaokao2023en,bbeam1,step-profile-config2-bbeam1-gaokao2023en-exclusive0817,204,204,5,draft|draft_verify,646.6190814971924,128.8139820098877,0.0,452,141,548,5,0,0,1,1,0
gaokao2023en,bbeam1,step-profile-config2-bbeam1-gaokao2023en-exclusive0817,204,204,6,draft|draft_verify|target|target_rescue_verify,205.2617073059082,281.11910820007324,797.0433235168457,593,38,1250,12,593,112,1,2,1
gaokao2023en,bbeam1,step-profile-config2-bbeam1-gaokao2023en-exclusive0817,204,204,7,draft|draft_verify,68.86816024780273,151.41987800598145,0.0,705,14,678,7,0,0,1,1,0
gaokao2023en,bbeam1,step-profile-config2-bbeam1-gaokao2023en-exclusive0817,204,204,8,draft|draft_verify,69.22554969787598,151.9489288330078,0.0,719,13,693,8,0,0,1,1,0
gaokao2023en,bbeam1,step-profile-config2-bbeam1-gaokao2023en-exclusive0817,205,205,1,draft|draft_verify,218.63365173339844,59.88788604736328,0.0,255,46,247,1,0,0,1,1,0
gaokao2023en,bbeam1,step-profile-config2-bbeam1-gaokao2023en-exclusive0817,205,205,2,draft|draft_verify|target|target_rescue_verify,211.99822425842285,152.43220329284668,186.8269443511963,301,45,566,4,301,23,1,2,1
gaokao2023en,bbeam1,step-profile-config2-bbeam1-gaokao2023en-exclusive0817,205,205,3,draft|draft_verify,193.0999755859375,77.59237289428711,0.0,324,42,316,3,0,0,1,1,0
gaokao2023en,bbeam1,step-profile-config2-bbeam1-gaokao2023en-exclusive0817,205,205,4,draft|draft_verify,134.19747352600098,91.19224548339844,0.0,366,32,350,4,0,0,1,1,0
gaokao2023en,bbeam1,step-profile-config2-bbeam1-gaokao2023en-exclusive0817,205,205,5,draft|draft_verify,26.163578033447266,91.59398078918457,0.0,398,6,358,5,0,0,1,1,0
gaokao2023en,bbeam1,step-profile-config2-bbeam1-gaokao2023en-exclusive0817,205,205,6,draft|draft_verify,302.1116256713867,124.79138374328613,0.0,404,65,425,6,0,0,1,1,0
gaokao2023en,bbeam1,step-profile-config2-bbeam1-gaokao2023en-exclusive0817,205,205,7,draft|draft_verify,422.4226474761963,127.19273567199707,0.0,469,91,518,7,0,0,1,1,0
gaokao2023en,bbeam1,step-profile-config2-bbeam1-gaokao2023en-exclusive0817,205,205,8,draft|draft_verify,467.0429229736328,132.6916217803955,0.0,560,100,620,8,0,0,1,1,0
gaokao2023en,bbeam1,step-profile-config2-bbeam1-gaokao2023en-exclusive0817,205,205,9,draft|draft_verify,496.157169342041,154.72102165222168,0.0,660,100,722,9,0,0,1,1,0
gaokao2023en,bbeam1,step-profile-config2-bbeam1-gaokao2023en-exclusive0817,205,205,10,draft|draft_verify|target|backtracking_verify,93.77074241638184,309.10706520080566,291.97120666503906,760,22,1508,20,760,38,1,2,1
gaokao2023en,bbeam1,step-profile-config2-bbeam1-gaokao2023en-exclusive0817,205,205,11,draft|draft_verify|target|target_rescue_verify,83.63533020019531,490.894079208374,97.67389297485352,1580,16,2280,33,782,5,2,3,1
gaokao2023en,bbeam1,step-profile-config2-bbeam1-gaokao2023en-exclusive0817,206,206,1,draft|draft_verify,342.3154354095459,60.38308143615723,0.0,187,76,209,1,0,0,1,1,0
gaokao2023en,bbeam1,step-profile-config2-bbeam1-gaokao2023en-exclusive0817,206,206,2,draft|draft_verify,491.78290367126465,77.72040367126465,0.0,263,105,316,2,0,0,1,1,0
gaokao2023en,bbeam1,step-profile-config2-bbeam1-gaokao2023en-exclusive0817,206,206,3,draft|draft_verify,191.68853759765625,92.13685989379883,0.0,368,41,359,3,0,0,1,1,0
gaokao2023en,bbeam1,step-profile-config2-bbeam1-gaokao2023en-exclusive0817,206,206,4,draft|draft_verify|target|target_rescue_verify,80.38330078125,185.43195724487305,149.2323875427246,409,16,752,8,409,14,1,2,1
gaokao2023en,bbeam1,step-profile-config2-bbeam1-gaokao2023en-exclusive0817,207,207,1,draft|draft_verify|target|backtracking_verify,229.22182083129883,103.23643684387207,260.3003978729248,166,50,312,2,166,38,1,2,1
gaokao2023en,bbeam1,step-profile-config2-bbeam1-gaokao2023en-exclusive0817,207,207,2,draft|draft_verify|target|backtracking_verify,513.533353805542,180.63092231750488,380.6931972503662,420,113,653,6,216,60,2,3,1
gaokao2023en,bbeam1,step-profile-config2-bbeam1-gaokao2023en-exclusive0817,207,207,3,draft|draft_verify|target|target_rescue_verify,1053.1368255615234,467.8483009338379,1175.278663635254,809,223,1720,18,809,179,3,6,3
gaokao2023en,bbeam1,step-profile-config2-bbeam1-gaokao2023en-exclusive0817,207,207,4,draft|draft_verify|target|target_rescue_verify,1099.9391078948975,536.5414619445801,813.6322498321533,988,239,1783,20,670,126,3,5,2
gaokao2023en,bbeam1,step-profile-config2-bbeam1-gaokao2023en-exclusive0817,207,207,5,draft|draft_verify|target|target_rescue_verify|backtracking_verify,527.2021293640137,24607.369661331177,607.384443283081,755,112,1528,20,755,90,2,4,2
gaokao2023en,bbeam1,step-profile-config2-bbeam1-gaokao2023en-exclusive0817,207,207,6,draft|draft_verify|target|target_rescue_verify,564.5313262939453,605.1044464111328,811.6731643676758,853,112,1755,24,853,113,2,4,2
gaokao2023en,bbeam1,step-profile-config2-bbeam1-gaokao2023en-exclusive0817,207,207,7,draft|draft_verify|target|target_rescue_verify,118.00527572631836,264.56284523010254,503.12018394470215,523,28,1071,14,523,81,1,2,1
gaokao2023en,bbeam1,step-profile-config2-bbeam1-gaokao2023en-exclusive0817,207,207,8,draft|draft_verify,176.50294303894043,132.34448432922363,0.0,604,37,601,8,0,0,1,1,0
gaokao2023en,bbeam1,step-profile-config2-bbeam1-gaokao2023en-exclusive0817,207,207,9,draft|draft_verify|target|target_rescue_verify,106.26697540283203,262.8800868988037,128.0815601348877,641,21,1241,18,641,14,1,2,1
gaokao2023en,bbeam1,step-profile-config2-bbeam1-gaokao2023en-exclusive0817,208,208,1,draft|draft_verify,183.31360816955566,30.825376510620117,0.0,119,40,105,1,0,0,1,1,0
gaokao2023en,bbeam1,step-profile-config2-bbeam1-gaokao2023en-exclusive0817,208,208,2,draft|draft_verify,257.2453022003174,51.38373374938965,0.0,159,58,165,2,0,0,1,1,0
gaokao2023en,bbeam1,step-profile-config2-bbeam1-gaokao2023en-exclusive0817,208,208,3,draft|draft_verify,205.45721054077148,60.331106185913086,0.0,217,46,213,3,0,0,1,1,0
gaokao2023en,bbeam1,step-profile-config2-bbeam1-gaokao2023en-exclusive0817,208,208,4,draft|draft_verify,325.4218101501465,76.73048973083496,0.0,263,70,285,4,0,0,1,1,0
gaokao2023en,bbeam1,step-profile-config2-bbeam1-gaokao2023en-exclusive0817,208,208,5,draft|draft_verify,210.49237251281738,92.36001968383789,0.0,333,45,332,5,0,0,1,1,0
gaokao2023en,bbeam1,step-profile-config2-bbeam1-gaokao2023en-exclusive0817,208,208,6,draft|draft_verify,104.57372665405273,93.2929515838623,0.0,378,21,355,6,0,0,1,1,0
gaokao2023en,bbeam1,step-profile-config2-bbeam1-gaokao2023en-exclusive0817,209,209,1,draft|draft_verify,34.19756889343262,21.850109100341797,0.0,104,7,57,1,0,0,1,1,0
gaokao2023en,bbeam1,step-profile-config2-bbeam1-gaokao2023en-exclusive0817,209,209,2,draft|draft_verify,160.7656478881836,29.331445693969727,0.0,111,36,95,2,0,0,1,1,0
gaokao2023en,bbeam1,step-profile-config2-bbeam1-gaokao2023en-exclusive0817,209,209,3,draft|draft_verify,112.41292953491211,29.953479766845703,0.0,147,25,122,3,0,0,1,1,0
gaokao2023en,bbeam1,step-profile-config2-bbeam1-gaokao2023en-exclusive0817,209,209,4,draft|draft_verify,45.50290107727051,45.82810401916504,0.0,172,10,134,4,0,0,1,1,0
gaokao2023en,bbeam1,step-profile-config2-bbeam1-gaokao2023en-exclusive0817,209,209,5,draft|draft_verify,133.35824012756348,50.084829330444336,0.0,182,30,166,5,0,0,1,1,0
gaokao2023en,bbeam1,step-profile-config2-bbeam1-gaokao2023en-exclusive0817,209,209,6,draft|draft_verify,49.559593200683594,50.17495155334473,0.0,212,11,179,6,0,0,1,1,0
gaokao2023en,bbeam1,step-profile-config2-bbeam1-gaokao2023en-exclusive0817,209,209,7,draft|draft_verify,102.71477699279785,59.076786041259766,0.0,223,23,204,7,0,0,1,1,0
gaokao2023en,bbeam1,step-profile-config2-bbeam1-gaokao2023en-exclusive0817,209,209,8,draft|draft_verify,19.209623336791992,59.37981605529785,0.0,246,4,210,8,0,0,1,1,0
gaokao2023en,bbeam1,step-profile-config2-bbeam1-gaokao2023en-exclusive0817,209,209,9,draft|draft_verify,50.7349967956543,59.21626091003418,0.0,250,11,223,9,0,0,1,1,0
gaokao2023en,bbeam1,step-profile-config2-bbeam1-gaokao2023en-exclusive0817,209,209,10,draft|draft_verify,62.7284049987793,59.67593193054199,0.0,261,15,240,10,0,0,1,1,0
gaokao2023en,bbeam1,step-profile-config2-bbeam1-gaokao2023en-exclusive0817,209,209,11,draft|draft_verify,84.44976806640625,76.38955116271973,0.0,276,18,260,11,0,0,1,1,0
gaokao2023en,bbeam1,step-profile-config2-bbeam1-gaokao2023en-exclusive0817,209,209,12,draft|draft_verify,51.57113075256348,76.0033130645752,0.0,294,11,273,12,0,0,1,1,0
gaokao2023en,bbeam1,step-profile-config2-bbeam1-gaokao2023en-exclusive0817,209,209,13,draft|draft_verify,72.1745491027832,76.94578170776367,0.0,305,11,286,13,0,0,1,1,0
gaokao2023en,bbeam1,step-profile-config2-bbeam1-gaokao2023en-exclusive0817,210,210,1,draft|draft_verify,122.1611499786377,21.929502487182617,0.0,79,31,56,1,0,0,1,1,0
gaokao2023en,bbeam1,step-profile-config2-bbeam1-gaokao2023en-exclusive0817,210,210,2,draft|draft_verify,523.461103439331,52.96158790588379,0.0,110,101,159,2,0,0,1,1,0
gaokao2023en,bbeam1,step-profile-config2-bbeam1-gaokao2023en-exclusive0817,210,210,3,draft|draft_verify,348.4792709350586,60.93025207519531,0.0,211,75,236,3,0,0,1,1,0
gaokao2023en,bbeam1,step-profile-config2-bbeam1-gaokao2023en-exclusive0817,210,210,4,draft|draft_verify,254.71735000610352,83.47153663635254,0.0,286,54,292,4,0,0,1,1,0
gaokao2023en,bbeam1,step-profile-config2-bbeam1-gaokao2023en-exclusive0817,210,210,5,draft|draft_verify,255.0959587097168,103.49273681640625,0.0,340,55,349,5,0,0,1,1,0
gaokao2023en,bbeam1,step-profile-config2-bbeam1-gaokao2023en-exclusive0817,210,210,6,draft|draft_verify|target|target_rescue_verify,83.45365524291992,227.15258598327637,419.3277359008789,395,17,781,12,395,62,1,2,1
gaokao2023en,bbeam1,step-profile-config2-bbeam1-gaokao2023en-exclusive0817,210,210,7,draft|draft_verify,84.71059799194336,125.29802322387695,0.0,457,17,432,7,0,0,1,1,0
gaokao2023en,bbeam1,step-profile-config2-bbeam1-gaokao2023en-exclusive0817,211,211,1,draft|draft_verify,210.5112075805664,30.816316604614258,0.0,84,47,77,1,0,0,1,1,0
gaokao2023en,bbeam1,step-profile-config2-bbeam1-gaokao2023en-exclusive0817,211,211,2,draft|draft_verify,235.25094985961914,46.07892036437988,0.0,131,53,132,2,0,0,1,1,0
gaokao2023en,bbeam1,step-profile-config2-bbeam1-gaokao2023en-exclusive0817,211,211,3,draft|draft_verify,628.4105777740479,77.79979705810547,0.0,184,139,273,3,0,0,1,1,0
gaokao2023en,bbeam1,step-profile-config2-bbeam1-gaokao2023en-exclusive0817,211,211,4,draft|draft_verify,412.89544105529785,104.09975051879883,0.0,323,89,364,4,0,0,1,1,0
gaokao2023en,bbeam1,step-profile-config2-bbeam1-gaokao2023en-exclusive0817,211,211,5,draft|draft_verify,113.7540340423584,125.23174285888672,0.0,412,23,389,5,0,0,1,1,0
gaokao2023en,bbeam1,step-profile-config2-bbeam1-gaokao2023en-exclusive0817,212,212,1,draft|draft_verify|target|backtracking_verify,153.01012992858887,155.6723117828369,260.64372062683105,301,32,565,2,301,39,1,2,1
gaokao2023en,bbeam1,step-profile-config2-bbeam1-gaokao2023en-exclusive0817,212,212,2,draft|draft_verify|target|target_rescue_verify|backtracking_verify,394.6497440338135,341.42589569091797,621.0887432098389,673,84,1311,8,673,89,2,4,2
gaokao2023en,bbeam1,step-profile-config2-bbeam1-gaokao2023en-exclusive0817,212,212,3,draft|draft_verify|target|backtracking_verify,352.82301902770996,372.7569580078125,776.9863605499268,724,76,1446,12,724,122,2,4,2
gaokao2023en,bbeam1,step-profile-config2-bbeam1-gaokao2023en-exclusive0817,212,212,4,draft|draft_verify|target|target_rescue_verify,784.6155166625977,32981.96840286255,1370.1543807983398,1646,178,3292,32,1646,209,4,8,4
gaokao2023en,bbeam1,step-profile-config2-bbeam1-gaokao2023en-exclusive0817,212,212,5,draft|draft_verify|target|target_rescue_verify,1633.0795288085938,880.2456855773926,1527.6236534118652,1372,368,3068,30,1372,236,3,6,3
gaokao2023en,bbeam1,step-profile-config2-bbeam1-gaokao2023en-exclusive0817,212,212,6,draft|draft_verify|target|backtracking_verify,186.4016056060791,257.74431228637695,135.18118858337402,571,39,1107,12,571,16,1,2,1
gaokao2023en,bbeam1,step-profile-config2-bbeam1-gaokao2023en-exclusive0817,212,212,7,draft|draft_verify|target|target_rescue_verify,9752.080917358398,822.5085735321045,231.70852661132812,1197,2175,3886,21,610,33,2,3,1
gaokao2023en,bbeam1,step-profile-config2-bbeam1-gaokao2023en-exclusive0817,213,213,1,draft|draft_verify|target|backtracking_verify,157.65023231506348,62.200307846069336,230.604887008667,143,35,247,2,143,34,1,2,1
gaokao2023en,bbeam1,step-profile-config2-bbeam1-gaokao2023en-exclusive0817,213,213,2,draft|draft_verify|target|target_rescue_verify|backtracking_verify,434.44371223449707,225.36444664001465,1386.932134628296,355,98,828,8,355,228,2,4,2
gaokao2023en,bbeam1,step-profile-config2-bbeam1-gaokao2023en-exclusive0817,213,213,3,draft|draft_verify|target|backtracking_verify,953.8474082946777,450.2856731414795,1206.4542770385742,801,221,1709,18,801,186,3,6,3
gaokao2023en,bbeam1,step-profile-config2-bbeam1-gaokao2023en-exclusive0817,213,213,4,draft|draft_verify|target|target_rescue_verify,1423.8345623016357,1154.5641422271729,5857.641935348511,1725,317,4280,40,1725,993,5,10,5
gaokao2023en,bbeam1,step-profile-config2-bbeam1-gaokao2023en-exclusive0817,213,213,5,draft|draft_verify|target|target_rescue_verify,8806.818723678589,930.5763244628906,1546.682357788086,952,2095,4068,20,952,254,2,4,2
gaokao2023en,bbeam1,step-profile-config2-bbeam1-gaokao2023en-exclusive0817,213,213,6,draft|draft_verify,406.1474800109863,154.64305877685547,0.0,704,83,743,6,0,0,1,1,0
gaokao2023en,bbeam1,step-profile-config2-bbeam1-gaokao2023en-exclusive0817,213,213,7,draft|draft_verify,143.39876174926758,172.95002937316895,0.0,787,36,781,7,0,0,1,1,0
gaokao2023en,bbeam1,step-profile-config2-bbeam1-gaokao2023en-exclusive0817,214,214,1,draft|draft_verify,305.7870864868164,29.29520606994629,0.0,71,68,85,1,0,0,1,1,0
gaokao2023en,bbeam1,step-profile-config2-bbeam1-gaokao2023en-exclusive0817,214,214,2,draft|draft_verify,104.38728332519531,30.738115310668945,0.0,139,24,111,2,0,0,1,1,0
gaokao2023en,bbeam1,step-profile-config2-bbeam1-gaokao2023en-exclusive0817,214,214,3,draft|draft_verify,41.28694534301758,30.570030212402344,0.0,163,9,122,3,0,0,1,1,0
gaokao2023en,bbeam1,step-profile-config2-bbeam1-gaokao2023en-exclusive0817,214,214,4,draft|draft_verify,185.89234352111816,50.86493492126465,0.0,172,42,166,4,0,0,1,1,0
gaokao2023en,bbeam1,step-profile-config2-bbeam1-gaokao2023en-exclusive0817,214,214,5,draft|draft_verify,186.62476539611816,60.00995635986328,0.0,214,42,210,5,0,0,1,1,0
gaokao2023en,bbeam1,step-profile-config2-bbeam1-gaokao2023en-exclusive0817,214,214,6,draft|draft_verify,165.56954383850098,60.98461151123047,0.0,256,35,247,6,0,0,1,1,0
gaokao2023en,bbeam1,step-profile-config2-bbeam1-gaokao2023en-exclusive0817,214,214,7,draft|draft_verify|target|target_rescue_verify,123.8863468170166,165.4222011566162,259.92655754089355,291,25,559,14,291,36,1,2,1
gaokao2023en,bbeam1,step-profile-config2-bbeam1-gaokao2023en-exclusive0817,214,214,8,draft|draft_verify,138.93985748291016,84.57303047180176,0.0,327,28,315,8,0,0,1,1,0
gaokao2023en,bbeam1,step-profile-config2-bbeam1-gaokao2023en-exclusive0817,215,215,1,draft|draft_verify,205.733060836792,32.84001350402832,0.0,98,49,93,1,0,0,1,1,0
gaokao2023en,bbeam1,step-profile-config2-bbeam1-gaokao2023en-exclusive0817,215,215,2,draft|draft_verify,92.3621654510498,33.63919258117676,0.0,147,22,117,2,0,0,1,1,0
gaokao2023en,bbeam1,step-profile-config2-bbeam1-gaokao2023en-exclusive0817,215,215,3,draft|draft_verify,250.38480758666992,55.55391311645508,0.0,169,61,180,3,0,0,1,1,0
gaokao2023en,bbeam1,step-profile-config2-bbeam1-gaokao2023en-exclusive0817,215,215,4,draft|draft_verify,45.159101486206055,63.27390670776367,0.0,230,9,191,4,0,0,1,1,0
gaokao2023en,bbeam1,step-profile-config2-bbeam1-gaokao2023en-exclusive0817,215,215,5,draft|draft_verify,277.21405029296875,66.38431549072266,0.0,239,60,253,5,0,0,1,1,0
gaokao2023en,bbeam1,step-profile-config2-bbeam1-gaokao2023en-exclusive0817,215,215,6,draft|draft_verify,62.67523765563965,83.98604393005371,0.0,299,11,266,6,0,0,1,1,0
gaokao2023en,bbeam1,step-profile-config2-bbeam1-gaokao2023en-exclusive0817,215,215,7,draft|draft_verify,227.21433639526367,78.08828353881836,0.0,310,49,317,7,0,0,1,1,0
gaokao2023en,bbeam1,step-profile-config2-bbeam1-gaokao2023en-exclusive0817,215,215,8,draft|draft_verify,105.55911064147949,92.60916709899902,0.0,359,24,343,8,0,0,1,1,0
gaokao2023en,bbeam1,step-profile-config2-bbeam1-gaokao2023en-exclusive0817,215,215,9,draft|draft_verify,261.1241340637207,124.99237060546875,0.0,383,62,407,9,0,0,1,1,0
gaokao2023en,bbeam1,step-profile-config2-bbeam1-gaokao2023en-exclusive0817,215,215,10,draft|draft_verify,53.66921424865723,125.02384185791016,0.0,445,12,421,10,0,0,1,1,0
gaokao2023en,bbeam1,step-profile-config2-bbeam1-gaokao2023en-exclusive0817,215,215,11,draft|draft_verify,111.96708679199219,125.29516220092773,0.0,457,25,448,11,0,0,1,1,0
gaokao2023en,bbeam1,step-profile-config2-bbeam1-gaokao2023en-exclusive0817,216,216,1,draft|draft_verify,259.1373920440674,30.738115310668945,0.0,95,66,107,1,0,0,1,1,0
gaokao2023en,bbeam1,step-profile-config2-bbeam1-gaokao2023en-exclusive0817,216,216,2,draft|draft_verify,86.16805076599121,46.68712615966797,0.0,161,22,130,2,0,0,1,1,0
gaokao2023en,bbeam1,step-profile-config2-bbeam1-gaokao2023en-exclusive0817,216,216,3,draft|draft_verify,136.48509979248047,51.216840744018555,0.0,183,30,162,3,0,0,1,1,0
gaokao2023en,bbeam1,step-profile-config2-bbeam1-gaokao2023en-exclusive0817,216,216,4,draft|draft_verify,214.31756019592285,60.70971488952637,0.0,213,46,210,4,0,0,1,1,0
gaokao2023en,bbeam1,step-profile-config2-bbeam1-gaokao2023en-exclusive0817,216,216,5,draft|draft_verify,216.55559539794922,78.38678359985352,0.0,259,50,262,5,0,0,1,1,0
gaokao2023en,bbeam1,step-profile-config2-bbeam1-gaokao2023en-exclusive0817,216,216,6,draft|draft_verify,241.94931983947754,80.10745048522949,0.0,309,52,316,6,0,0,1,1,0
gaokao2023en,bbeam1,step-profile-config2-bbeam1-gaokao2023en-exclusive0817,216,216,7,draft|draft_verify|target|target_rescue_verify,254.1670799255371,206.27236366271973,378.9942264556885,361,52,742,14,361,54,1,2,1
gaokao2023en,bbeam1,step-profile-config2-bbeam1-gaokao2023en-exclusive0817,216,216,8,draft|draft_verify|target|target_rescue_verify,114.24064636230469,250.91814994812012,331.02965354919434,415,23,808,16,415,37,1,2,1
gaokao2023en,bbeam1,step-profile-config2-bbeam1-gaokao2023en-exclusive0817,216,216,9,draft|draft_verify,121.98233604431152,125.22125244140625,0.0,452,24,436,9,0,0,1,1,0
gaokao2023en,bbeam1,step-profile-config2-bbeam1-gaokao2023en-exclusive0817,216,216,10,draft|draft_verify,147.51338958740234,126.31058692932129,0.0,476,31,469,10,0,0,1,1,0
gaokao2023en,bbeam1,step-profile-config2-bbeam1-gaokao2023en-exclusive0817,216,216,11,draft|draft_verify,242.16485023498535,127.77423858642578,0.0,507,50,521,11,0,0,1,1,0
gaokao2023en,bbeam1,step-profile-config2-bbeam1-gaokao2023en-exclusive0817,216,216,12,draft|draft_verify,234.99155044555664,131.09159469604492,0.0,557,50,573,12,0,0,1,1,0
gaokao2023en,bbeam1,step-profile-config2-bbeam1-gaokao2023en-exclusive0817,216,216,13,draft|draft_verify,290.5120849609375,134.01031494140625,0.0,607,56,631,13,0,0,1,1,0
gaokao2023en,bbeam1,step-profile-config2-bbeam1-gaokao2023en-exclusive0817,216,216,14,draft|draft_verify|target|target_rescue_verify,286.745548248291,307.9805374145508,451.8017768859863,663,58,1388,28,663,64,1,2,1
gaokao2023en,bbeam1,step-profile-config2-bbeam1-gaokao2023en-exclusive0817,216,216,15,draft|draft_verify,191.32661819458008,157.32407569885254,0.0,727,41,740,15,0,0,1,1,0
gaokao2023en,bbeam1,step-profile-config2-bbeam1-gaokao2023en-exclusive0817,216,216,16,draft|draft_verify|target|backtracking_verify,66.97702407836914,313.17687034606934,142.2429084777832,768,13,1508,32,768,13,1,2,1
gaokao2023en,bbeam1,step-profile-config2-bbeam1-gaokao2023en-exclusive0817,216,216,17,draft|draft_verify|target|backtracking_verify,664.9177074432373,722.3937511444092,736.5100383758545,1562,136,3270,68,1562,110,2,4,2
gaokao2023en,bbeam1,step-profile-config2-bbeam1-gaokao2023en-exclusive0817,216,216,18,draft|draft_verify|target|backtracking_verify|target_rescue_verify,890.1717662811279,8581.303834915161,426.4063835144043,3370,160,6750,144,3370,40,4,8,4
gaokao2023en,bbeam1,step-profile-config2-bbeam1-gaokao2023en-exclusive0817,216,216,19,draft|draft_verify|target|target_rescue_verify,1627.2523403167725,2190.1543140411377,2300.347089767456,5128,304,10632,228,5128,336,6,12,6
gaokao2023en,bbeam1,step-profile-config2-bbeam1-gaokao2023en-exclusive0817,216,216,20,draft|draft_verify|target|target_rescue_verify,95.92080116271973,381.3629150390625,113.56997489929199,902,19,1794,40,902,11,1,2,1
gaokao2023en,bbeam1,step-profile-config2-bbeam1-gaokao2023en-exclusive0817,216,216,21,draft|draft_verify,264.1284465789795,201.23958587646484,0.0,913,60,955,21,0,0,1,1,0
gaokao2023en,bbeam1,step-profile-config2-bbeam1-gaokao2023en-exclusive0817,217,217,1,draft|draft_verify|target|target_rescue_verify,312.50500679016113,100.5549430847168,387.401819229126,135,76,299,2,135,61,1,2,1
gaokao2023en,bbeam1,step-profile-config2-bbeam1-gaokao2023en-exclusive0817,217,217,2,draft|draft_verify|target|target_rescue_verify,446.41971588134766,128.60369682312012,512.0360851287842,196,102,474,4,196,84,1,2,1
gaokao2023en,bbeam1,step-profile-config2-bbeam1-gaokao2023en-exclusive0817,217,217,3,draft|draft_verify,374.575138092041,87.59641647338867,0.0,280,89,319,3,0,0,1,1,0
gaokao2023en,bbeam1,step-profile-config2-bbeam1-gaokao2023en-exclusive0817,217,217,4,draft|draft_verify,435.6100559234619,136.85297966003418,0.0,369,90,411,4,0,0,1,1,0
gaokao2023en,bbeam1,step-profile-config2-bbeam1-gaokao2023en-exclusive0817,217,217,5,draft|draft_verify,426.9216060638428,136.8541717529297,0.0,459,97,510,5,0,0,1,1,0
gaokao2023en,bbeam1,step-profile-config2-bbeam1-gaokao2023en-exclusive0817,218,218,1,draft|draft_verify,82.73077011108398,30.302762985229492,0.0,114,18,78,1,0,0,1,1,0
gaokao2023en,bbeam1,step-profile-config2-bbeam1-gaokao2023en-exclusive0817,218,218,2,draft|draft_verify,73.1043815612793,30.008554458618164,0.0,132,18,97,2,0,0,1,1,0
gaokao2023en,bbeam1,step-profile-config2-bbeam1-gaokao2023en-exclusive0817,218,218,3,draft|draft_verify,301.9366264343262,51.2394905090332,0.0,150,79,178,3,0,0,1,1,0
gaokao2023en,bbeam1,step-profile-config2-bbeam1-gaokao2023en-exclusive0817,218,218,4,draft|draft_verify,106.82511329650879,60.12320518493652,0.0,229,26,206,4,0,0,1,1,0
gaokao2023en,bbeam1,step-profile-config2-bbeam1-gaokao2023en-exclusive0817,218,218,5,draft|draft_verify,91.69173240661621,59.85522270202637,0.0,255,18,225,5,0,0,1,1,0
gaokao2023en,bbeam1,step-profile-config2-bbeam1-gaokao2023en-exclusive0817,218,218,6,draft|draft_verify,379.6095848083496,78.25756072998047,0.0,273,79,306,6,0,0,1,1,0
gaokao2023en,bbeam1,step-profile-config2-bbeam1-gaokao2023en-exclusive0817,218,218,7,draft|draft_verify,122.93243408203125,92.69833564758301,0.0,352,26,334,7,0,0,1,1,0
gaokao2023en,bbeam1,step-profile-config2-bbeam1-gaokao2023en-exclusive0817,218,218,8,draft|draft_verify,85.71195602416992,92.3922061920166,0.0,378,20,355,8,0,0,1,1,0
gaokao2023en,bbeam1,step-profile-config2-bbeam1-gaokao2023en-exclusive0817,218,218,9,draft|draft_verify,188.44962120056152,124.34577941894531,0.0,398,45,402,9,0,0,1,1,0
gaokao2023en,bbeam1,step-profile-config2-bbeam1-gaokao2023en-exclusive0817,218,218,10,draft|draft_verify|target|target_rescue_verify,123.19159507751465,253.59416007995605,334.96928215026855,443,28,882,20,443,46,1,2,1
gaokao2023en,bbeam1,step-profile-config2-bbeam1-gaokao2023en-exclusive0817,218,218,11,draft|draft_verify,82.67045021057129,127.07090377807617,0.0,489,17,468,11,0,0,1,1,0
gaokao2023en,bbeam1,step-profile-config2-bbeam1-gaokao2023en-exclusive0817,218,218,12,draft|draft_verify,198.49395751953125,136.5678310394287,0.0,506,42,512,12,0,0,1,1,0
gaokao2023en,bbeam1,step-profile-config2-bbeam1-gaokao2023en-exclusive0817,218,218,13,draft|draft_verify|target|target_rescue_verify,106.53162002563477,257.6122283935547,267.9026126861572,548,25,1090,26,548,37,1,2,1
gaokao2023en,bbeam1,step-profile-config2-bbeam1-gaokao2023en-exclusive0817,218,218,14,draft|draft_verify,68.13955307006836,128.15093994140625,0.0,585,14,567,14,0,0,1,1,0
gaokao2023en,bbeam1,step-profile-config2-bbeam1-gaokao2023en-exclusive0817,219,219,1,draft|draft_verify,254.31370735168457,51.145076751708984,0.0,136,61,143,1,0,0,1,1,0
gaokao2023en,bbeam1,step-profile-config2-bbeam1-gaokao2023en-exclusive0817,219,219,2,draft|draft_verify,258.4190368652344,60.47987937927246,0.0,197,61,206,2,0,0,1,1,0
gaokao2023en,bbeam1,step-profile-config2-bbeam1-gaokao2023en-exclusive0817,219,219,3,draft|draft_verify,88.93203735351562,60.591697692871094,0.0,258,22,230,3,0,0,1,1,0
gaokao2023en,bbeam1,step-profile-config2-bbeam1-gaokao2023en-exclusive0817,219,219,4,draft|draft_verify,72.36957550048828,61.45167350769043,0.0,280,18,250,4,0,0,1,1,0
gaokao2023en,bbeam1,step-profile-config2-bbeam1-gaokao2023en-exclusive0817,219,219,5,draft|draft_verify,128.36599349975586,77.95286178588867,0.0,298,27,279,5,0,0,1,1,0
gaokao2023en,bbeam1,step-profile-config2-bbeam1-gaokao2023en-exclusive0817,219,219,6,draft|draft_verify,274.5225429534912,93.3380126953125,0.0,325,59,340,6,0,0,1,1,0
gaokao2023en,bbeam1,step-profile-config2-bbeam1-gaokao2023en-exclusive0817,219,219,7,draft|draft_verify|target|target_rescue_verify,209.38730239868164,227.0359992980957,204.36954498291016,384,45,754,14,384,25,1,2,1
gaokao2023en,bbeam1,step-profile-config2-bbeam1-gaokao2023en-exclusive0817,219,219,8,draft|draft_verify,452.03137397766113,127.34580039978027,0.0,409,94,463,8,0,0,1,1,0
gaokao2023en,bbeam1,step-profile-config2-bbeam1-gaokao2023en-exclusive0817,219,219,9,draft|draft_verify,363.513708114624,131.42871856689453,0.0,503,79,544,9,0,0,1,1,0
gaokao2023en,bbeam1,step-profile-config2-bbeam1-gaokao2023en-exclusive0817,219,219,10,draft|draft_verify,361.9375228881836,132.54141807556152,0.0,582,79,625,10,0,0,1,1,0
gaokao2023en,bbeam1,step-profile-config2-bbeam1-gaokao2023en-exclusive0817,219,219,11,draft|draft_verify,386.4753246307373,161.13567352294922,0.0,661,85,712,11,0,0,1,1,0
gaokao2023en,bbeam1,step-profile-config2-bbeam1-gaokao2023en-exclusive0817,219,219,12,draft|draft_verify,95.81136703491211,155.64298629760742,0.0,746,20,734,12,0,0,1,1,0
gaokao2023en,bbeam1,step-profile-config2-bbeam1-gaokao2023en-exclusive0817,219,219,13,draft|draft_verify,54.40211296081543,160.8433723449707,0.0,766,10,746,13,0,0,1,1,0
gaokao2023en,bbeam1,step-profile-config2-bbeam1-gaokao2023en-exclusive0817,220,220,1,draft|draft_verify,170.33696174621582,30.18951416015625,0.0,109,37,93,1,0,0,1,1,0
gaokao2023en,bbeam1,step-profile-config2-bbeam1-gaokao2023en-exclusive0817,220,220,2,draft|draft_verify,233.31308364868164,52.26421356201172,0.0,146,52,147,2,0,0,1,1,0
gaokao2023en,bbeam1,step-profile-config2-bbeam1-gaokao2023en-exclusive0817,220,220,3,draft|draft_verify,424.06487464904785,61.318397521972656,0.0,198,99,248,3,0,0,1,1,0
gaokao2023en,bbeam1,step-profile-config2-bbeam1-gaokao2023en-exclusive0817,220,220,4,draft|draft_verify,292.1640872955322,78.59277725219727,0.0,297,63,313,4,0,0,1,1,0
gaokao2023en,bbeam1,step-profile-config2-bbeam1-gaokao2023en-exclusive0817,220,220,5,draft|draft_verify,439.0368461608887,142.5154209136963,0.0,360,95,410,5,0,0,1,1,0
gaokao2023en,bbeam1,step-profile-config2-bbeam1-gaokao2023en-exclusive0817,220,220,6,draft|draft_verify|target|backtracking_verify,312.2279644012451,264.83869552612305,545.706033706665,455,68,981,12,455,89,1,2,1
gaokao2023en,bbeam1,step-profile-config2-bbeam1-gaokao2023en-exclusive0817,220,220,7,draft|draft_verify|target|target_rescue_verify,183.52031707763672,259.1216564178467,441.75076484680176,523,39,1067,14,523,64,1,2,1
gaokao2023en,bbeam1,step-profile-config2-bbeam1-gaokao2023en-exclusive0817,220,220,8,draft|draft_verify|target|target_rescue_verify,147.74632453918457,261.54160499572754,235.6550693511963,587,31,1161,16,587,34,1,2,1
gaokao2023en,bbeam1,step-profile-config2-bbeam1-gaokao2023en-exclusive0817,220,220,9,draft|draft_verify|target|target_rescue_verify,60.172080993652344,264.911413192749,115.38362503051758,621,11,1190,18,621,11,1,2,1
gaokao2023en,bbeam1,step-profile-config2-bbeam1-gaokao2023en-exclusive0817,221,221,1,draft|draft_verify,395.27297019958496,54.10480499267578,0.0,136,87,169,1,0,0,1,1,0
gaokao2023en,bbeam1,step-profile-config2-bbeam1-gaokao2023en-exclusive0817,221,221,2,draft|draft_verify,339.01500701904297,60.518741607666016,0.0,223,72,243,2,0,0,1,1,0
gaokao2023en,bbeam1,step-profile-config2-bbeam1-gaokao2023en-exclusive0817,221,221,3,draft|draft_verify|target|target_rescue_verify,2081.7511081695557,243.86334419250488,479.5265197753906,295,485,1047,6,295,72,1,2,1
gaokao2023en,bbeam1,step-profile-config2-bbeam1-gaokao2023en-exclusive0817,221,221,4,draft|draft_verify,361.9065284729004,26742.28072166443,0.0,367,76,395,4,0,0,1,1,0
gaokao2023en,bbeam1,step-profile-config2-bbeam1-gaokao2023en-exclusive0817,221,221,5,draft|draft_verify,157.35483169555664,202.71754264831543,0.0,443,24,421,5,0,0,1,1,0
gaokao2023en,bbeam1,step-profile-config2-bbeam1-gaokao2023en-exclusive0817,222,222,1,draft|draft_verify,199.63455200195312,31.311988830566406,0.0,136,44,126,1,0,0,1,1,0
gaokao2023en,bbeam1,step-profile-config2-bbeam1-gaokao2023en-exclusive0817,222,222,2,draft|draft_verify,248.33321571350098,51.75280570983887,0.0,180,55,183,2,0,0,1,1,0
gaokao2023en,bbeam1,step-profile-config2-bbeam1-gaokao2023en-exclusive0817,222,222,3,draft|draft_verify,37.66226768493652,59.62395668029785,0.0,235,8,193,3,0,0,1,1,0
gaokao2023en,bbeam1,step-profile-config2-bbeam1-gaokao2023en-exclusive0817,222,222,4,draft|draft_verify,913.3994579315186,125.76603889465332,0.0,243,193,388,4,0,0,1,1,0
gaokao2023en,bbeam1,step-profile-config2-bbeam1-gaokao2023en-exclusive0817,222,222,5,draft|draft_verify,845.4194068908691,147.26781845092773,0.0,436,187,577,5,0,0,1,1,0
gaokao2023en,bbeam1,step-profile-config2-bbeam1-gaokao2023en-exclusive0817,222,222,6,draft|draft_verify|target|target_rescue_verify,796.8189716339111,333.6811065673828,1292.4554347991943,623,172,1541,12,623,211,1,2,1
gaokao2023en,bbeam1,step-profile-config2-bbeam1-gaokao2023en-exclusive0817,222,222,7,draft|draft_verify,983.6890697479248,204.1006088256836,0.0,834,211,1003,7,0,0,1,1,0
gaokao2023en,bbeam1,step-profile-config2-bbeam1-gaokao2023en-exclusive0817,222,222,8,draft|draft_verify,61.45930290222168,212.79072761535645,0.0,1045,11,1016,8,0,0,1,1,0
gaokao2023en,bbeam1,step-profile-config2-bbeam1-gaokao2023en-exclusive0817,223,223,1,draft|draft_verify,399.242639541626,51.20229721069336,0.0,103,90,140,1,0,0,1,1,0
gaokao2023en,bbeam1,step-profile-config2-bbeam1-gaokao2023en-exclusive0817,223,223,2,draft|draft_verify,136.05904579162598,53.6038875579834,0.0,193,29,171,2,0,0,1,1,0
gaokao2023en,bbeam1,step-profile-config2-bbeam1-gaokao2023en-exclusive0817,223,223,3,draft|draft_verify,576.641321182251,77.42547988891602,0.0,222,130,303,3,0,0,1,1,0
gaokao2023en,bbeam1,step-profile-config2-bbeam1-gaokao2023en-exclusive0817,223,223,4,draft|draft_verify,585.6122970581055,142.08579063415527,0.0,352,132,437,4,0,0,1,1,0
gaokao2023en,bbeam1,step-profile-config2-bbeam1-gaokao2023en-exclusive0817,223,223,5,draft|draft_verify,298.53343963623047,154.85668182373047,0.0,484,65,504,5,0,0,1,1,0
gaokao2023en,bbeam1,step-profile-config2-bbeam1-gaokao2023en-exclusive0817,223,223,6,draft|draft_verify,414.9601459503174,132.16114044189453,0.0,549,75,581,6,0,0,1,1,0
gaokao2023en,bbeam1,step-profile-config2-bbeam1-gaokao2023en-exclusive0817,223,223,7,draft|draft_verify,288.13695907592773,151.2315273284912,0.0,624,60,643,7,0,0,1,1,0
gaokao2023en,bbeam1,step-profile-config2-bbeam1-gaokao2023en-exclusive0817,223,223,8,draft|draft_verify,97.4128246307373,152.2078514099121,0.0,684,18,663,8,0,0,1,1,0
gaokao2023en,bbeam1,step-profile-config2-bbeam1-gaokao2023en-exclusive0817,224,224,1,draft|draft_verify,157.70268440246582,30.881166458129883,0.0,100,34,80,1,0,0,1,1,0
gaokao2023en,bbeam1,step-profile-config2-bbeam1-gaokao2023en-exclusive0817,224,224,2,draft|draft_verify,79.3752670288086,29.324054718017578,0.0,134,17,99,2,0,0,1,1,0
gaokao2023en,bbeam1,step-profile-config2-bbeam1-gaokao2023en-exclusive0817,224,224,3,draft|draft_verify,74.47123527526855,29.861927032470703,0.0,151,16,117,3,0,0,1,1,0
gaokao2023en,bbeam1,step-profile-config2-bbeam1-gaokao2023en-exclusive0817,224,224,4,draft|draft_verify,72.41058349609375,45.59469223022461,0.0,167,16,135,4,0,0,1,1,0
gaokao2023en,bbeam1,step-profile-config2-bbeam1-gaokao2023en-exclusive0817,224,224,5,draft|draft_verify,22.629737854003906,49.66282844543457,0.0,183,5,142,5,0,0,1,1,0
gaokao2023en,bbeam1,step-profile-config2-bbeam1-gaokao2023en-exclusive0817,224,224,6,draft|draft_verify,88.15836906433105,51.64313316345215,0.0,188,18,162,6,0,0,1,1,0
gaokao2023en,bbeam1,step-profile-config2-bbeam1-gaokao2023en-exclusive0817,224,224,7,draft|draft_verify|target|target_rescue_verify,83.79077911376953,114.84789848327637,502.95162200927734,206,18,415,14,206,69,1,2,1
gaokao2023en,bbeam1,step-profile-config2-bbeam1-gaokao2023en-exclusive0817,224,224,8,draft|draft_verify|target|backtracking_verify,81.89201354980469,145.91646194458008,213.3316993713379,275,17,517,16,275,30,1,2,1
gaokao2023en,bbeam1,step-profile-config2-bbeam1-gaokao2023en-exclusive0817,224,224,9,draft|draft_verify|target|backtracking_verify,94.72155570983887,238.3716106414795,125.07772445678711,597,19,807,27,292,13,2,3,1
gaokao2023en,bbeam1,step-profile-config2-bbeam1-gaokao2023en-exclusive0817,224,224,10,draft|draft_verify|target|target_rescue_verify,608.9348793029785,414.6897792816162,526.6342163085938,921,127,1544,50,610,66,3,5,2
gaokao2023en,bbeam1,step-profile-config2-bbeam1-gaokao2023en-exclusive0817,224,224,11,draft|draft_verify,39.792776107788086,94.97857093811035,0.0,398,8,372,11,0,0,1,1,0
gaokao2023en,bbeam1,step-profile-config2-bbeam1-gaokao2023en-exclusive0817,224,224,12,draft|draft_verify,585.883617401123,137.0563507080078,0.0,406,126,500,12,0,0,1,1,0
gaokao2023en,bbeam1,step-profile-config2-bbeam1-gaokao2023en-exclusive0817,224,224,13,draft|draft_verify,25.907039642333984,136.8570327758789,0.0,532,5,507,13,0,0,1,1,0
gaokao2023en,bbeam1,step-profile-config2-bbeam1-gaokao2023en-exclusive0817,224,224,14,draft|draft_verify,468.51372718811035,130.1279067993164,0.0,537,99,608,14,0,0,1,1,0
gaokao2023en,bbeam1,step-profile-config2-bbeam1-gaokao2023en-exclusive0817,224,224,15,draft|draft_verify,102.00953483581543,133.1014633178711,0.0,636,21,631,15,0,0,1,1,0
gaokao2023en,bbeam1,step-profile-config2-bbeam1-gaokao2023en-exclusive0817,224,224,16,draft|draft_verify,83.6174488067627,152.52208709716797,0.0,657,17,650,16,0,0,1,1,0
gaokao2023en,bbeam1,step-profile-config2-bbeam1-gaokao2023en-exclusive0817,224,224,17,draft|draft_verify,53.91526222229004,152.01687812805176,0.0,674,11,663,17,0,0,1,1,0
gaokao2023en,bbeam1,step-profile-config2-bbeam1-gaokao2023en-exclusive0817,224,224,18,draft|draft_verify|target|target_rescue_verify,47.46675491333008,305.94563484191895,137.44020462036133,685,10,1351,36,685,11,1,2,1
gaokao2023en,bbeam1,step-profile-config2-bbeam1-gaokao2023en-exclusive0817,225,225,1,draft|draft_verify,174.93247985839844,30.878782272338867,0.0,138,42,126,1,0,0,1,1,0
gaokao2023en,bbeam1,step-profile-config2-bbeam1-gaokao2023en-exclusive0817,225,225,2,draft|draft_verify,145.26915550231934,50.99964141845703,0.0,180,35,163,2,0,0,1,1,0
gaokao2023en,bbeam1,step-profile-config2-bbeam1-gaokao2023en-exclusive0817,225,225,3,draft|draft_verify,244.79985237121582,60.56571006774902,0.0,215,56,221,3,0,0,1,1,0
gaokao2023en,bbeam1,step-profile-config2-bbeam1-gaokao2023en-exclusive0817,225,225,4,draft|draft_verify|target|target_rescue_verify,125.7929801940918,141.0806179046631,411.06557846069336,271,29,537,8,271,62,1,2,1
gaokao2023en,bbeam1,step-profile-config2-bbeam1-gaokao2023en-exclusive0817,225,225,5,draft|draft_verify,55.623769760131836,78.27949523925781,0.0,333,11,298,5,0,0,1,1,0
gaokao2023en,bbeam1,step-profile-config2-bbeam1-gaokao2023en-exclusive0817,225,225,6,draft|draft_verify,169.7235107421875,93.54305267333984,0.0,344,38,338,6,0,0,1,1,0
gaokao2023en,bbeam1,step-profile-config2-bbeam1-gaokao2023en-exclusive0817,225,225,7,draft|draft_verify|target|backtracking_verify,58.57348442077637,185.88876724243164,107.06472396850586,382,12,703,14,382,11,1,2,1
gaokao2023en,bbeam1,step-profile-config2-bbeam1-gaokao2023en-exclusive0817,225,225,8,draft|draft_verify|target|target_rescue_verify,283.22339057922363,467.2055244445801,541.102409362793,787,60,1553,32,787,79,2,4,2
gaokao2023en,bbeam1,step-profile-config2-bbeam1-gaokao2023en-exclusive0817,225,225,9,draft|draft_verify,81.9711685180664,124.36819076538086,0.0,431,17,410,9,0,0,1,1,0
gaokao2023en,bbeam1,step-profile-config2-bbeam1-gaokao2023en-exclusive0817,225,225,10,draft|draft_verify,150.5744457244873,126.65176391601562,0.0,448,32,444,10,0,0,1,1,0
gaokao2023en,bbeam1,step-profile-config2-bbeam1-gaokao2023en-exclusive0817,225,225,11,draft|draft_verify,71.33674621582031,126.70493125915527,0.0,480,15,461,11,0,0,1,1,0
gaokao2023en,bbeam1,step-profile-config2-bbeam1-gaokao2023en-exclusive0817,225,225,12,draft|draft_verify,157.53579139709473,144.01721954345703,0.0,495,32,495,12,0,0,1,1,0
gaokao2023en,bbeam1,step-profile-config2-bbeam1-gaokao2023en-exclusive0817,226,226,1,draft|draft_verify,154.62374687194824,29.30927276611328,0.0,105,34,85,1,0,0,1,1,0
gaokao2023en,bbeam1,step-profile-config2-bbeam1-gaokao2023en-exclusive0817,226,226,2,draft|draft_verify,121.33598327636719,30.378103256225586,0.0,139,27,114,2,0,0,1,1,0
gaokao2023en,bbeam1,step-profile-config2-bbeam1-gaokao2023en-exclusive0817,226,226,3,draft|draft_verify,187.7288818359375,50.173044204711914,0.0,166,42,158,3,0,0,1,1,0
gaokao2023en,bbeam1,step-profile-config2-bbeam1-gaokao2023en-exclusive0817,226,226,4,draft|draft_verify,465.25096893310547,79.20002937316895,0.0,208,102,262,4,0,0,1,1,0
gaokao2023en,bbeam1,step-profile-config2-bbeam1-gaokao2023en-exclusive0817,226,226,5,draft|draft_verify,296.05865478515625,93.37878227233887,0.0,310,64,328,5,0,0,1,1,0
gaokao2023en,bbeam1,step-profile-config2-bbeam1-gaokao2023en-exclusive0817,226,226,6,draft|draft_verify,212.310791015625,93.96862983703613,0.0,374,44,374,6,0,0,1,1,0
gaokao2023en,bbeam1,step-profile-config2-bbeam1-gaokao2023en-exclusive0817,227,227,1,draft|draft_verify,148.18620681762695,21.230697631835938,0.0,74,33,53,1,0,0,1,1,0
gaokao2023en,bbeam1,step-profile-config2-bbeam1-gaokao2023en-exclusive0817,227,227,2,draft|draft_verify,270.6291675567627,30.740976333618164,0.0,107,61,116,2,0,0,1,1,0
gaokao2023en,bbeam1,step-profile-config2-bbeam1-gaokao2023en-exclusive0817,227,227,3,draft|draft_verify,315.8760070800781,57.96456336975098,0.0,168,71,189,3,0,0,1,1,0
gaokao2023en,bbeam1,step-profile-config2-bbeam1-gaokao2023en-exclusive0817,227,227,4,draft|draft_verify,174.46184158325195,60.272216796875,0.0,239,35,226,4,0,0,1,1,0
gaokao2023en,bbeam1,step-profile-config2-bbeam1-gaokao2023en-exclusive0817,227,227,5,draft|draft_verify,186.89513206481934,77.12888717651367,0.0,274,40,268,5,0,0,1,1,0
gaokao2023en,bbeam1,step-profile-config2-bbeam1-gaokao2023en-exclusive0817,228,228,1,draft|draft_verify,149.32918548583984,22.52936363220215,0.0,82,32,60,1,0,0,1,1,0
gaokao2023en,bbeam1,step-profile-config2-bbeam1-gaokao2023en-exclusive0817,228,228,2,draft|draft_verify,360.27979850769043,57.37471580505371,0.0,114,91,153,2,0,0,1,1,0
gaokao2023en,bbeam1,step-profile-config2-bbeam1-gaokao2023en-exclusive0817,228,228,3,draft|draft_verify,405.41839599609375,69.45085525512695,0.0,205,90,245,3,0,0,1,1,0
gaokao2023en,bbeam1,step-profile-config2-bbeam1-gaokao2023en-exclusive0817,228,228,4,draft|draft_verify,32168.609857559204,164.13068771362305,0.0,295,55,302,4,0,0,1,1,0
gaokao2023en,bbeam1,step-profile-config2-bbeam1-gaokao2023en-exclusive0817,228,228,5,draft|draft_verify,904.5567512512207,149.60050582885742,0.0,350,197,501,5,0,0,1,1,0
gaokao2023en,bbeam1,step-profile-config2-bbeam1-gaokao2023en-exclusive0817,228,228,6,draft|draft_verify,335.56342124938965,132.23505020141602,0.0,547,84,587,6,0,0,1,1,0
gaokao2023en,bbeam1,step-profile-config2-bbeam1-gaokao2023en-exclusive0817,228,228,7,draft|draft_verify,173.35247993469238,133.09025764465332,0.0,631,37,626,7,0,0,1,1,0
gaokao2023en,bbeam1,step-profile-config2-bbeam1-gaokao2023en-exclusive0817,229,229,1,draft|draft_verify,108.5963249206543,31.453609466552734,0.0,93,26,65,1,0,0,1,1,0
gaokao2023en,bbeam1,step-profile-config2-bbeam1-gaokao2023en-exclusive0817,229,229,2,draft|draft_verify,63.64560127258301,31.23760223388672,0.0,119,13,80,2,0,0,1,1,0
gaokao2023en,bbeam1,step-profile-config2-bbeam1-gaokao2023en-exclusive0817,229,229,3,draft|draft_verify,317.88110733032227,51.57613754272461,0.0,132,63,145,3,0,0,1,1,0
gaokao2023en,bbeam1,step-profile-config2-bbeam1-gaokao2023en-exclusive0817,229,229,4,draft|draft_verify,540.6899452209473,63.87186050415039,0.0,195,87,234,4,0,0,1,1,0
gaokao2023en,bbeam1,step-profile-config2-bbeam1-gaokao2023en-exclusive0817,229,229,5,draft|draft_verify,97.30243682861328,62.92390823364258,0.0,282,14,250,5,0,0,1,1,0
gaokao2023en,bbeam1,step-profile-config2-bbeam1-gaokao2023en-exclusive0817,229,229,6,draft|draft_verify|target|target_rescue_verify,576.0416984558105,183.7599277496338,458.87136459350586,296,114,683,12,296,65,1,2,1
gaokao2023en,bbeam1,step-profile-config2-bbeam1-gaokao2023en-exclusive0817,229,229,7,draft|draft_verify,230.76891899108887,94.23112869262695,0.0,361,49,368,7,0,0,1,1,0
gaokao2023en,bbeam1,step-profile-config2-bbeam1-gaokao2023en-exclusive0817,229,229,8,draft|draft_verify,93.20616722106934,126.58333778381348,0.0,410,18,388,8,0,0,1,1,0
gaokao2023en,bbeam1,step-profile-config2-bbeam1-gaokao2023en-exclusive0817,230,230,1,draft|draft_verify,239.34292793273926,34.30294990539551,0.0,108,55,109,1,0,0,1,1,0
gaokao2023en,bbeam1,step-profile-config2-bbeam1-gaokao2023en-exclusive0817,230,230,2,draft|draft_verify,363.9047145843506,59.54742431640625,0.0,163,80,191,2,0,0,1,1,0
gaokao2023en,bbeam1,step-profile-config2-bbeam1-gaokao2023en-exclusive0817,230,230,3,draft|draft_verify,117.3250675201416,61.710357666015625,0.0,243,27,220,3,0,0,1,1,0
gaokao2023en,bbeam1,step-profile-config2-bbeam1-gaokao2023en-exclusive0817,230,230,4,draft|draft_verify,157.59921073913574,62.416791915893555,0.0,270,33,255,4,0,0,1,1,0
gaokao2023en,bbeam1,step-profile-config2-bbeam1-gaokao2023en-exclusive0817,230,230,5,draft|draft_verify,114.33601379394531,78.85503768920898,0.0,303,24,281,5,0,0,1,1,0
gaokao2023en,bbeam1,step-profile-config2-bbeam1-gaokao2023en-exclusive0817,230,230,6,draft|draft_verify,305.5086135864258,103.76191139221191,0.0,327,66,349,6,0,0,1,1,0
gaokao2023en,bbeam1,step-profile-config2-bbeam1-gaokao2023en-exclusive0817,230,230,7,draft|draft_verify,79.56457138061523,104.88009452819824,0.0,393,16,367,7,0,0,1,1,0
gaokao2023en,bbeam1,step-profile-config2-bbeam1-gaokao2023en-exclusive0817,230,230,8,draft|draft_verify,137.21346855163574,127.7315616607666,0.0,409,29,398,8,0,0,1,1,0
gaokao2023en,bbeam1,step-profile-config2-bbeam1-gaokao2023en-exclusive0817,230,230,9,draft|draft_verify,84.19489860534668,125.94103813171387,0.0,438,16,416,9,0,0,1,1,0
gaokao2023en,bbeam1,step-profile-config2-bbeam1-gaokao2023en-exclusive0817,230,230,10,draft|draft_verify,62.16621398925781,127.03561782836914,0.0,454,13,431,10,0,0,1,1,0
gaokao2023en,bbeam1,step-profile-config2-bbeam1-gaokao2023en-exclusive0817,230,230,11,draft|draft_verify,90.22688865661621,132.72571563720703,0.0,467,18,451,11,0,0,1,1,0
gaokao2023en,bbeam1,step-profile-config2-bbeam1-gaokao2023en-exclusive0817,231,231,1,draft|draft_verify,74.05829429626465,21.67367935180664,0.0,94,16,56,1,0,0,1,1,0
gaokao2023en,bbeam1,step-profile-config2-bbeam1-gaokao2023en-exclusive0817,231,231,2,draft|draft_verify|target|backtracking_verify,604.8431396484375,93.85013580322266,351.8853187561035,110,137,308,4,110,55,1,2,1
gaokao2023en,bbeam1,step-profile-config2-bbeam1-gaokao2023en-exclusive0817,231,231,3,draft|draft_verify|target|target_rescue_verify,1284.1756343841553,327.3959159851074,1440.018892288208,412,271,1130,12,412,235,2,4,2
gaokao2023en,bbeam1,step-profile-config2-bbeam1-gaokao2023en-exclusive0817,231,231,4,draft|draft_verify,181.2882423400879,68.03178787231445,0.0,261,36,249,4,0,0,1,1,0
gaokao2023en,bbeam1,step-profile-config2-bbeam1-gaokao2023en-exclusive0817,231,231,5,draft|draft_verify,316.58935546875,89.15090560913086,0.0,297,64,315,5,0,0,1,1,0
gaokao2023en,bbeam1,step-profile-config2-bbeam1-gaokao2023en-exclusive0817,231,231,6,draft|draft_verify|target|target_rescue_verify,473.1588363647461,236.14954948425293,418.89357566833496,361,95,795,12,361,66,1,2,1
gaokao2023en,bbeam1,step-profile-config2-bbeam1-gaokao2023en-exclusive0817,231,231,7,draft|draft_verify,120.44978141784668,126.81388854980469,0.0,427,23,408,7,0,0,1,1,0
gaokao2023en,bbeam1,step-profile-config2-bbeam1-gaokao2023en-exclusive0817,232,232,1,draft|draft_verify,203.97639274597168,31.46505355834961,0.0,110,45,101,1,0,0,1,1,0
gaokao2023en,bbeam1,step-profile-config2-bbeam1-gaokao2023en-exclusive0817,232,232,2,draft|draft_verify,29.320240020751953,31.081438064575195,0.0,155,5,108,2,0,0,1,1,0
gaokao2023en,bbeam1,step-profile-config2-bbeam1-gaokao2023en-exclusive0817,232,232,3,draft|draft_verify,357.0139408111572,61.20777130126953,0.0,160,75,185,3,0,0,1,1,0
gaokao2023en,bbeam1,step-profile-config2-bbeam1-gaokao2023en-exclusive0817,232,232,4,draft|draft_verify,153.98478507995605,68.64547729492188,0.0,235,30,217,4,0,0,1,1,0
gaokao2023en,bbeam1,step-profile-config2-bbeam1-gaokao2023en-exclusive0817,233,233,1,draft|draft_verify,153.42211723327637,35.109758377075195,0.0,85,39,70,1,0,0,1,1,0
gaokao2023en,bbeam1,step-profile-config2-bbeam1-gaokao2023en-exclusive0817,233,233,2,draft|draft_verify,235.24069786071777,34.79456901550293,0.0,124,56,128,2,0,0,1,1,0
gaokao2023en,bbeam1,step-profile-config2-bbeam1-gaokao2023en-exclusive0817,233,233,3,draft|draft_verify,217.1804904937744,57.106971740722656,0.0,180,52,182,3,0,0,1,1,0
gaokao2023en,bbeam1,step-profile-config2-bbeam1-gaokao2023en-exclusive0817,233,233,4,draft|draft_verify,184.94200706481934,66.89929962158203,0.0,232,46,230,4,0,0,1,1,0
gaokao2023en,bbeam1,step-profile-config2-bbeam1-gaokao2023en-exclusive0817,233,233,5,draft|draft_verify,149.90878105163574,88.33122253417969,0.0,278,32,264,5,0,0,1,1,0
gaokao2023en,bbeam1,step-profile-config2-bbeam1-gaokao2023en-exclusive0817,233,233,6,draft|draft_verify,119.60458755493164,82.11183547973633,0.0,310,27,293,6,0,0,1,1,0
gaokao2023en,bbeam1,step-profile-config2-bbeam1-gaokao2023en-exclusive0817,234,234,1,draft|draft_verify,147.75896072387695,26.135921478271484,0.0,83,29,58,1,0,0,1,1,0
gaokao2023en,bbeam1,step-profile-config2-bbeam1-gaokao2023en-exclusive0817,234,234,2,draft|draft_verify,209.30218696594238,33.54072570800781,0.0,112,48,108,2,0,0,1,1,0
gaokao2023en,bbeam1,step-profile-config2-bbeam1-gaokao2023en-exclusive0817,234,234,3,draft|draft_verify|target|target_rescue_verify,450.6971836090088,135.54072380065918,665.2638912200928,160,106,429,6,160,103,1,2,1
gaokao2023en,bbeam1,step-profile-config2-bbeam1-gaokao2023en-exclusive0817,234,234,4,draft|draft_verify,145.9817886352539,73.99320602416992,0.0,263,28,243,4,0,0,1,1,0
gaokao2023en,bbeam1,step-profile-config2-bbeam1-gaokao2023en-exclusive0817,234,234,5,draft|draft_verify,191.9093132019043,87.84961700439453,0.0,291,41,285,5,0,0,1,1,0
gaokao2023en,bbeam1,step-profile-config2-bbeam1-gaokao2023en-exclusive0817,234,234,6,draft|draft_verify,259.59229469299316,104.21442985534668,0.0,332,54,341,6,0,0,1,1,0
gaokao2023en,bbeam1,step-profile-config2-bbeam1-gaokao2023en-exclusive0817,234,234,7,draft|draft_verify,527.4126529693604,127.80189514160156,0.0,386,132,475,7,0,0,1,1,0
gaokao2023en,bbeam1,step-profile-config2-bbeam1-gaokao2023en-exclusive0817,234,234,8,draft|draft_verify|target|backtracking_verify,254.06146049499512,275.1805782318115,190.08612632751465,518,62,1039,16,518,23,1,2,1
gaokao2023en,bbeam1,step-profile-config2-bbeam1-gaokao2023en-exclusive0817,234,234,9,draft|draft_verify|target|target_rescue_verify,97.02277183532715,256.71958923339844,235.9786033630371,580,21,1132,18,580,29,1,2,1
gaokao2023en,bbeam1,step-profile-config2-bbeam1-gaokao2023en-exclusive0817,234,234,10,draft|draft_verify,96.7552661895752,137.8343105316162,0.0,609,18,590,10,0,0,1,1,0
gaokao2023en,bbeam1,step-profile-config2-bbeam1-gaokao2023en-exclusive0817,235,235,1,draft|draft_verify,120.71776390075684,31.146764755249023,0.0,106,27,79,1,0,0,1,1,0
gaokao2023en,bbeam1,step-profile-config2-bbeam1-gaokao2023en-exclusive0817,235,235,2,draft|draft_verify,200.77037811279297,33.995866775512695,0.0,133,44,124,2,0,0,1,1,0
gaokao2023en,bbeam1,step-profile-config2-bbeam1-gaokao2023en-exclusive0817,235,235,3,draft|draft_verify,313.69709968566895,61.15317344665527,0.0,177,70,196,3,0,0,1,1,0
gaokao2023en,bbeam1,step-profile-config2-bbeam1-gaokao2023en-exclusive0817,235,235,4,draft|draft_verify,219.59972381591797,61.875343322753906,0.0,247,47,245,4,0,0,1,1,0
gaokao2023en,bbeam1,step-profile-config2-bbeam1-gaokao2023en-exclusive0817,235,235,5,draft|draft_verify,147.59540557861328,79.7731876373291,0.0,294,31,278,5,0,0,1,1,0
gaokao2023en,bbeam1,step-profile-config2-bbeam1-gaokao2023en-exclusive0817,235,235,6,draft|draft_verify,133.28933715820312,77.98480987548828,0.0,325,26,306,6,0,0,1,1,0
gaokao2023en,bbeam1,step-profile-config2-bbeam1-gaokao2023en-exclusive0817,236,236,1,draft|draft_verify|target|target_rescue_verify,339.28751945495605,79.0553092956543,411.8609428405762,106,74,240,2,106,62,1,2,1
gaokao2023en,bbeam1,step-profile-config2-bbeam1-gaokao2023en-exclusive0817,236,236,2,draft|draft_verify,264.589786529541,65.95516204833984,0.0,168,55,171,2,0,0,1,1,0
gaokao2023en,bbeam1,step-profile-config2-bbeam1-gaokao2023en-exclusive0817,236,236,3,draft|draft_verify,184.74817276000977,70.08075714111328,0.0,223,40,213,3,0,0,1,1,0
gaokao2023en,bbeam1,step-profile-config2-bbeam1-gaokao2023en-exclusive0817,236,236,4,draft|draft_verify,169.74472999572754,72.4477767944336,0.0,263,34,249,4,0,0,1,1,0
gaokao2023en,bbeam1,step-profile-config2-bbeam1-gaokao2023en-exclusive0817,236,236,5,draft|draft_verify,229.4323444366455,87.80527114868164,0.0,297,47,298,5,0,0,1,1,0
gaokao2023en,bbeam1,step-profile-config2-bbeam1-gaokao2023en-exclusive0817,236,236,6,draft|draft_verify,198.75502586364746,104.37536239624023,0.0,344,36,336,6,0,0,1,1,0
gaokao2023en,bbeam1,step-profile-config2-bbeam1-gaokao2023en-exclusive0817,236,236,7,draft|draft_verify,112.80488967895508,96.28009796142578,0.0,380,22,360,7,0,0,1,1,0
gaokao2023en,bbeam1,step-profile-config2-bbeam1-gaokao2023en-exclusive0817,237,237,1,draft|draft_verify,217.92101860046387,51.904916763305664,0.0,164,49,159,1,0,0,1,1,0
gaokao2023en,bbeam1,step-profile-config2-bbeam1-gaokao2023en-exclusive0817,237,237,2,draft|draft_verify|target|backtracking_verify,309.490442276001,123.59762191772461,439.36896324157715,213,69,460,4,213,69,1,2,1
gaokao2023en,bbeam1,step-profile-config2-bbeam1-gaokao2023en-exclusive0817,237,237,3,draft|draft_verify|target|target_rescue_verify,1498.8548755645752,396.54016494750977,1029.4525623321533,564,310,1396,12,564,158,2,4,2
gaokao2023en,bbeam1,step-profile-config2-bbeam1-gaokao2023en-exclusive0817,237,237,4,draft|draft_verify|target|target_rescue_verify,703.681468963623,467.5285816192627,885.037899017334,722,139,1531,16,722,140,2,4,2
gaokao2023en,bbeam1,step-profile-config2-bbeam1-gaokao2023en-exclusive0817,237,237,5,draft|draft_verify,535.456657409668,146.82626724243164,0.0,458,83,495,5,0,0,1,1,0
gaokao2023en,bbeam1,step-profile-config2-bbeam1-gaokao2023en-exclusive0817,237,237,6,draft|draft_verify,25645.13897895813,174.10683631896973,0.0,541,106,603,6,0,0,1,1,0
gaokao2023en,bbeam1,step-profile-config2-bbeam1-gaokao2023en-exclusive0817,237,237,7,draft|draft_verify,355.9539318084717,155.14516830444336,0.0,647,57,662,7,0,0,1,1,0
gaokao2023en,bbeam1,step-profile-config2-bbeam1-gaokao2023en-exclusive0817,237,237,8,draft|draft_verify,124.62925910949707,154.41203117370605,0.0,704,25,689,8,0,0,1,1,0
gaokao2023en,bbeam1,step-profile-config2-bbeam1-gaokao2023en-exclusive0817,238,238,1,draft|draft_verify,154.06560897827148,29.749393463134766,0.0,104,34,85,1,0,0,1,1,0
gaokao2023en,bbeam1,step-profile-config2-bbeam1-gaokao2023en-exclusive0817,238,238,2,draft|draft_verify,143.2805061340332,36.63921356201172,0.0,138,26,113,2,0,0,1,1,0
gaokao2023en,bbeam1,step-profile-config2-bbeam1-gaokao2023en-exclusive0817,238,238,3,draft|draft_verify,165.66753387451172,52.093505859375,0.0,164,34,149,3,0,0,1,1,0
gaokao2023en,bbeam1,step-profile-config2-bbeam1-gaokao2023en-exclusive0817,238,238,4,draft|draft_verify,183.81190299987793,62.32452392578125,0.0,198,40,191,4,0,0,1,1,0
gaokao2023en,bbeam1,step-profile-config2-bbeam1-gaokao2023en-exclusive0817,238,238,5,draft|draft_verify,81.89892768859863,65.19341468811035,0.0,238,17,210,5,0,0,1,1,0
gaokao2023en,bbeam1,step-profile-config2-bbeam1-gaokao2023en-exclusive0817,238,238,6,draft|draft_verify,194.39053535461426,69.7176456451416,0.0,255,40,251,6,0,0,1,1,0
gaokao2023en,bbeam1,step-profile-config2-bbeam1-gaokao2023en-exclusive0817,238,238,7,draft|draft_verify,57.97410011291504,82.25607872009277,0.0,295,11,264,7,0,0,1,1,0
gaokao2023en,bbeam1,step-profile-config2-bbeam1-gaokao2023en-exclusive0817,239,239,1,draft|draft_verify,99.91240501403809,58.21537971496582,0.0,193,22,161,1,0,0,1,1,0
gaokao2023en,bbeam1,step-profile-config2-bbeam1-gaokao2023en-exclusive0817,239,239,2,draft|draft_verify,193.99476051330566,72.8919506072998,0.0,215,44,206,2,0,0,1,1,0
gaokao2023en,bbeam1,step-profile-config2-bbeam1-gaokao2023en-exclusive0817,239,239,3,draft|draft_verify,172.67322540283203,68.43757629394531,0.0,259,37,245,3,0,0,1,1,0
gaokao2023en,bbeam1,step-profile-config2-bbeam1-gaokao2023en-exclusive0817,239,239,4,draft|draft_verify|target|target_rescue_verify,666.475772857666,227.36859321594238,426.6383647918701,296,145,693,8,296,54,1,2,1
gaokao2023en,bbeam1,step-profile-config2-bbeam1-gaokao2023en-exclusive0817,239,239,5,draft|draft_verify,218.6439037322998,96.28772735595703,0.0,350,47,350,5,0,0,1,1,0
gaokao2023en,bbeam1,step-profile-config2-bbeam1-gaokao2023en-exclusive0817,239,239,6,draft|draft_verify,106.68420791625977,97.50032424926758,0.0,397,16,368,6,0,0,1,1,0
gaokao2023en,bbeam1,step-profile-config2-bbeam1-gaokao2023en-exclusive0817,239,239,7,draft|draft_verify|target|target_rescue_verify,268.85008811950684,258.76736640930176,318.41325759887695,413,54,840,14,413,46,1,2,1
gaokao2023en,bbeam1,step-profile-config2-bbeam1-gaokao2023en-exclusive0817,239,239,8,draft|draft_verify,174.05390739440918,127.46191024780273,0.0,459,36,454,8,0,0,1,1,0
gaokao2023en,bbeam1,step-profile-config2-bbeam1-gaokao2023en-exclusive0817,239,239,9,draft|draft_verify,233.25538635253906,138.1850242614746,0.0,495,55,511,9,0,0,1,1,0
gaokao2023en,bbeam1,step-profile-config2-bbeam1-gaokao2023en-exclusive0817,239,239,10,draft|draft_verify|target|target_rescue_verify,291.51296615600586,264.739990234375,343.198299407959,550,60,1133,20,550,47,1,2,1
gaokao2023en,bbeam1,step-profile-config2-bbeam1-gaokao2023en-exclusive0817,239,239,11,draft|draft_verify,250.00333786010742,152.6930332183838,0.0,597,49,611,11,0,0,1,1,0
gaokao2023en,bbeam1,step-profile-config2-bbeam1-gaokao2023en-exclusive0817,239,239,12,draft|draft_verify,325.9143829345703,171.7979907989502,0.0,646,62,675,12,0,0,1,1,0
gaokao2023en,bbeam1,step-profile-config2-bbeam1-gaokao2023en-exclusive0817,239,239,13,draft|draft_verify,242.4921989440918,157.92107582092285,0.0,708,50,727,13,0,0,1,1,0
gaokao2023en,bbeam1,step-profile-config2-bbeam1-gaokao2023en-exclusive0817,239,239,14,draft|draft_verify|target|backtracking_verify,491.79840087890625,356.6598892211914,684.100866317749,758,101,1663,28,758,104,1,2,1
gaokao2023en,bbeam1,step-profile-config2-bbeam1-gaokao2023en-exclusive0817,239,239,15,draft|draft_verify|target|target_rescue_verify,786.90505027771,776.3814926147461,976.0091304779053,1721,161,3634,60,1721,139,2,4,2
gaokao2023en,bbeam1,step-profile-config2-bbeam1-gaokao2023en-exclusive0817,239,239,16,draft|draft_verify,378.1585693359375,224.5621681213379,0.0,946,79,1000,16,0,0,1,1,0
gaokao2023en,bbeam1,step-profile-config2-bbeam1-gaokao2023en-exclusive0817,239,239,17,draft|draft_verify,360.156774520874,234.89093780517578,0.0,1025,79,1081,17,0,0,1,1,0
gaokao2023en,bbeam1,step-profile-config2-bbeam1-gaokao2023en-exclusive0817,239,239,18,draft|draft_verify,393.79024505615234,261.4932060241699,0.0,1104,79,1162,18,0,0,1,1,0
gaokao2023en,bbeam1,step-profile-config2-bbeam1-gaokao2023en-exclusive0817,239,239,19,draft|draft_verify,410.20894050598145,260.1161003112793,0.0,1183,79,1243,19,0,0,1,1,0
gaokao2023en,bbeam1,step-profile-config2-bbeam1-gaokao2023en-exclusive0817,239,239,20,draft|draft_verify,387.46070861816406,282.5944423675537,0.0,1262,79,1324,20,0,0,1,1,0
gaokao2023en,bbeam1,step-profile-config2-bbeam1-gaokao2023en-exclusive0817,239,239,21,draft|draft_verify,379.8990249633789,281.93211555480957,0.0,1341,79,1405,21,0,0,1,1,0
gaokao2023en,bbeam1,step-profile-config2-bbeam1-gaokao2023en-exclusive0817,239,239,22,draft|draft_verify,398.0069160461426,315.92655181884766,0.0,1420,79,1486,22,0,0,1,1,0
gaokao2023en,bbeam1,step-profile-config2-bbeam1-gaokao2023en-exclusive0817,239,239,23,draft|draft_verify,378.76129150390625,339.71595764160156,0.0,1499,79,1567,23,0,0,1,1,0
gaokao2023en,bbeam1,step-profile-config2-bbeam1-gaokao2023en-exclusive0817,239,239,24,draft|draft_verify,367.0523166656494,336.8704319000244,0.0,1578,79,1648,24,0,0,1,1,0
gaokao2023en,bbeam1,step-profile-config2-bbeam1-gaokao2023en-exclusive0817,239,239,25,draft|draft_verify,405.29537200927734,367.1538829803467,0.0,1657,79,1729,25,0,0,1,1,0
gaokao2023en,bbeam1,step-profile-config2-bbeam1-gaokao2023en-exclusive0817,239,239,26,draft|draft_verify,430.647611618042,397.68433570861816,0.0,1736,79,1810,26,0,0,1,1,0
gaokao2023en,bbeam1,step-profile-config2-bbeam1-gaokao2023en-exclusive0817,239,239,27,draft|draft_verify,325.822114944458,396.99554443359375,0.0,1815,79,1891,27,0,0,1,1,0
gaokao2023en,bbeam1,step-profile-config2-bbeam1-gaokao2023en-exclusive0817,239,239,28,draft|draft_verify,384.0205669403076,405.0633907318115,0.0,1894,79,1972,28,0,0,1,1,0
gaokao2023en,bbeam1,step-profile-config2-bbeam1-gaokao2023en-exclusive0817,239,239,29,draft|draft_verify,390.15889167785645,433.11214447021484,0.0,1973,79,2053,29,0,0,1,1,0
gaokao2023en,bbeam1,step-profile-config2-bbeam1-gaokao2023en-exclusive0817,240,240,1,draft|draft_verify,205.60169219970703,78.57823371887207,0.0,328,42,316,1,0,0,1,1,0
gaokao2023en,bbeam1,step-profile-config2-bbeam1-gaokao2023en-exclusive0817,240,240,2,draft|draft_verify,553.9376735687256,127.03442573547363,0.0,370,132,449,2,0,0,1,1,0
gaokao2023en,bbeam1,step-profile-config2-bbeam1-gaokao2023en-exclusive0817,240,240,3,draft|draft_verify|target|target_rescue_verify,201.77483558654785,288.7578010559082,362.8056049346924,502,40,986,6,502,44,1,2,1
gaokao2023en,bbeam1,step-profile-config2-bbeam1-gaokao2023en-exclusive0817,240,240,4,draft|draft_verify|target|target_rescue_verify,488.116979598999,260.84136962890625,460.8914852142334,546,99,1166,8,546,73,1,2,1
gaokao2023en,bbeam1,step-profile-config2-bbeam1-gaokao2023en-exclusive0817,240,240,5,draft|draft_verify,207.96871185302734,135.04910469055176,0.0,619,44,616,5,0,0,1,1,0
gaokao2023en,bbeam1,step-profile-config2-bbeam1-gaokao2023en-exclusive0817,240,240,6,draft|draft_verify,153.17082405090332,152.70113945007324,0.0,663,27,645,6,0,0,1,1,0
gaokao2023en,bbeam1,step-profile-config2-bbeam1-gaokao2023en-exclusive0817,241,241,1,draft|draft_verify,402.738094329834,54.35633659362793,0.0,108,79,134,1,0,0,1,1,0
gaokao2023en,bbeam1,step-profile-config2-bbeam1-gaokao2023en-exclusive0817,241,241,2,draft|draft_verify|target|backtracking_verify,33.013105392456055,117.11931228637695,235.47601699829102,187,6,305,4,187,28,1,2,1
gaokao2023en,bbeam1,step-profile-config2-bbeam1-gaokao2023en-exclusive0817,241,241,3,draft|draft_verify|target|target_rescue_verify|backtracking_verify,489.21799659729004,262.59803771972656,1028.5413265228271,408,95,866,12,408,153,2,4,2
gaokao2023en,bbeam1,step-profile-config2-bbeam1-gaokao2023en-exclusive0817,241,241,4,draft|draft_verify|target|target_rescue_verify,572.7090835571289,633.5766315460205,12219.196081161499,499,108,2746,12,235,2048,2,3,1
gaokao2023en,bbeam1,step-profile-config2-bbeam1-gaokao2023en-exclusive0817,241,241,5,draft|draft_verify,679.8622608184814,125.13041496276855,0.0,270,164,388,5,0,0,1,1,0
gaokao2023en,bbeam1,step-profile-config2-bbeam1-gaokao2023en-exclusive0817,241,241,6,draft|draft_verify,514.3373012542725,146.37279510498047,0.0,434,99,489,6,0,0,1,1,0
gaokao2023en,bbeam1,step-profile-config2-bbeam1-gaokao2023en-exclusive0817,241,241,7,draft|draft_verify,99.48849678039551,144.60444450378418,0.0,533,16,507,7,0,0,1,1,0
gaokao2023en,bbeam1,step-profile-config2-bbeam1-gaokao2023en-exclusive0817,242,242,1,draft|draft_verify,192.0769214630127,54.7947883605957,0.0,194,35,176,1,0,0,1,1,0
gaokao2023en,bbeam1,step-profile-config2-bbeam1-gaokao2023en-exclusive0817,242,242,2,draft|draft_verify|target|target_rescue_verify,1003.7386417388916,12282.191276550293,374.54676628112793,229,191,602,4,229,55,1,2,1
gaokao2023en,bbeam1,step-profile-config2-bbeam1-gaokao2023en-exclusive0817,242,242,3,draft|draft_verify,234.44890975952148,86.71998977661133,0.0,284,50,285,3,0,0,1,1,0
gaokao2023en,bbeam1,step-profile-config2-bbeam1-gaokao2023en-exclusive0817,242,242,4,draft|draft_verify,289.87669944763184,100.14843940734863,0.0,334,60,347,4,0,0,1,1,0
gaokao2023en,bbeam1,step-profile-config2-bbeam1-gaokao2023en-exclusive0817,242,242,5,draft|draft_verify,360.63289642333984,127.45285034179688,0.0,394,78,427,5,0,0,1,1,0
gaokao2023en,bbeam1,step-profile-config2-bbeam1-gaokao2023en-exclusive0817,242,242,6,draft|draft_verify|target|backtracking_verify,371.0198402404785,284.7750186920166,383.18800926208496,472,74,989,12,472,57,1,2,1
gaokao2023en,bbeam1,step-profile-config2-bbeam1-gaokao2023en-exclusive0817,242,242,7,draft|draft_verify|target|target_rescue_verify,1192.9428577423096,418.46299171447754,596.2133407592773,1075,272,1863,21,546,93,2,3,1
gaokao2023en,bbeam1,step-profile-config2-bbeam1-gaokao2023en-exclusive0817,242,242,8,draft|draft_verify,432.79194831848145,133.99672508239746,0.0,583,95,639,8,0,0,1,1,0
gaokao2023en,bbeam1,step-profile-config2-bbeam1-gaokao2023en-exclusive0817,242,242,9,draft|draft_verify|target|target_rescue_verify,649.4541168212891,351.6049385070801,823.662281036377,678,149,1565,18,678,134,1,2,1
gaokao2023en,bbeam1,step-profile-config2-bbeam1-gaokao2023en-exclusive0817,242,242,10,draft|draft_verify,246.32596969604492,179.6278953552246,0.0,812,53,830,10,0,0,1,1,0
gaokao2023en,bbeam1,step-profile-config2-bbeam1-gaokao2023en-exclusive0817,242,242,11,draft|draft_verify|target|backtracking_verify,373.1415271759033,374.5157718658447,206.19535446166992,865,80,1770,22,865,26,1,2,1
gaokao2023en,bbeam1,step-profile-config2-bbeam1-gaokao2023en-exclusive0817,242,242,12,draft|draft_verify|target|target_rescue_verify,491.87707901000977,424.41368103027344,367.83337593078613,945,107,1989,24,945,54,1,2,1
gaokao2023en,bbeam1,step-profile-config2-bbeam1-gaokao2023en-exclusive0817,243,243,1,draft|draft_verify,119.79484558105469,32.3333740234375,0.0,118,20,84,1,0,0,1,1,0
gaokao2023en,bbeam1,step-profile-config2-bbeam1-gaokao2023en-exclusive0817,243,243,2,draft|draft_verify,165.98844528198242,32.12928771972656,0.0,138,36,122,2,0,0,1,1,0
gaokao2023en,bbeam1,step-profile-config2-bbeam1-gaokao2023en-exclusive0817,243,243,3,draft|draft_verify,78.64069938659668,51.662445068359375,0.0,174,17,141,3,0,0,1,1,0
gaokao2023en,bbeam1,step-profile-config2-bbeam1-gaokao2023en-exclusive0817,243,243,4,draft|draft_verify,191.02168083190918,59.4329833984375,0.0,191,43,186,4,0,0,1,1,0
gaokao2023en,bbeam1,step-profile-config2-bbeam1-gaokao2023en-exclusive0817,243,243,5,draft|draft_verify,100.71563720703125,61.74874305725098,0.0,234,21,209,5,0,0,1,1,0
gaokao2023en,bbeam1,step-profile-config2-bbeam1-gaokao2023en-exclusive0817,244,244,1,draft|draft_verify,114.12882804870605,47.29461669921875,0.0,161,25,132,1,0,0,1,1,0
gaokao2023en,bbeam1,step-profile-config2-bbeam1-gaokao2023en-exclusive0817,244,244,2,draft|draft_verify,137.1164321899414,58.937788009643555,0.0,186,31,165,2,0,0,1,1,0
gaokao2023en,bbeam1,step-profile-config2-bbeam1-gaokao2023en-exclusive0817,244,244,3,draft|draft_verify|target|target_rescue_verify,107.17463493347168,137.176513671875,255.45001029968262,217,23,391,6,217,35,1,2,1
gaokao2023en,bbeam1,step-profile-config2-bbeam1-gaokao2023en-exclusive0817,244,244,4,draft|draft_verify,103.33967208862305,73.34756851196289,0.0,252,16,220,4,0,0,1,1,0
gaokao2023en,bbeam1,step-profile-config2-bbeam1-gaokao2023en-exclusive0817,244,244,5,draft|draft_verify,165.34161567687988,68.80378723144531,0.0,268,31,253,5,0,0,1,1,0
gaokao2023en,bbeam1,step-profile-config2-bbeam1-gaokao2023en-exclusive0817,244,244,6,draft|draft_verify,37.12201118469238,88.30976486206055,0.0,299,7,262,6,0,0,1,1,0
gaokao2023en,bbeam1,step-profile-config2-bbeam1-gaokao2023en-exclusive0817,244,244,7,draft|draft_verify,106.04238510131836,78.09877395629883,0.0,306,24,288,7,0,0,1,1,0
gaokao2023en,bbeam1,step-profile-config2-bbeam1-gaokao2023en-exclusive0817,244,244,8,draft|draft_verify,92.6976203918457,79.48946952819824,0.0,330,17,307,8,0,0,1,1,0
gaokao2023en,bbeam1,step-profile-config2-bbeam1-gaokao2023en-exclusive0817,244,244,9,draft|draft_verify,124.10855293273926,97.79548645019531,0.0,347,23,332,9,0,0,1,1,0
gaokao2023en,bbeam1,step-profile-config2-bbeam1-gaokao2023en-exclusive0817,245,245,1,draft|draft_verify,161.17024421691895,35.01701354980469,0.0,121,36,104,1,0,0,1,1,0
gaokao2023en,bbeam1,step-profile-config2-bbeam1-gaokao2023en-exclusive0817,245,245,2,draft|draft_verify|target|target_rescue_verify,238.21020126342773,103.38664054870605,244.1105842590332,157,54,299,4,157,33,1,2,1
gaokao2023en,bbeam1,step-profile-config2-bbeam1-gaokao2023en-exclusive0817,245,245,3,draft|draft_verify,164.16192054748535,51.85127258300781,0.0,190,37,178,3,0,0,1,1,0
gaokao2023en,bbeam1,step-profile-config2-bbeam1-gaokao2023en-exclusive0817,245,245,4,draft|draft_verify,861.2256050109863,104.36868667602539,0.0,227,186,366,4,0,0,1,1,0
gaokao2023en,bbeam1,step-profile-config2-bbeam1-gaokao2023en-exclusive0817,245,245,5,draft|draft_verify,51.01370811462402,104.77447509765625,0.0,413,11,379,5,0,0,1,1,0
gaokao2023en,bbeam1,step-profile-config2-bbeam1-gaokao2023en-exclusive0817,245,245,6,draft|draft_verify,29.349803924560547,127.08544731140137,0.0,424,5,386,6,0,0,1,1,0
gaokao2023en,bbeam1,step-profile-config2-bbeam1-gaokao2023en-exclusive0817,246,246,1,draft|draft_verify,293.8404083251953,51.35345458984375,0.0,143,75,164,1,0,0,1,1,0
gaokao2023en,bbeam1,step-profile-config2-bbeam1-gaokao2023en-exclusive0817,246,246,2,draft|draft_verify,48.140764236450195,53.66325378417969,0.0,218,10,176,2,0,0,1,1,0
gaokao2023en,bbeam1,step-profile-config2-bbeam1-gaokao2023en-exclusive0817,246,246,3,draft|draft_verify,510.8346939086914,97.03540802001953,0.0,228,111,289,3,0,0,1,1,0
gaokao2023en,bbeam1,step-profile-config2-bbeam1-gaokao2023en-exclusive0817,246,246,4,draft|draft_verify,589.5051956176758,145.19810676574707,0.0,339,114,405,4,0,0,1,1,0
gaokao2023en,bbeam1,step-profile-config2-bbeam1-gaokao2023en-exclusive0817,246,246,5,draft|draft_verify,478.1777858734131,128.38506698608398,0.0,453,114,521,5,0,0,1,1,0
gaokao2023en,bbeam1,step-profile-config2-bbeam1-gaokao2023en-exclusive0817,246,246,6,draft|draft_verify,519.8783874511719,134.7060203552246,0.0,567,112,635,6,0,0,1,1,0
gaokao2023en,bbeam1,step-profile-config2-bbeam1-gaokao2023en-exclusive0817,246,246,7,draft|draft_verify,102.42486000061035,154.62636947631836,0.0,679,20,657,7,0,0,1,1,0
gaokao2023en,bbeam1,step-profile-config2-bbeam1-gaokao2023en-exclusive0817,247,247,1,draft|draft_verify,73.9600658416748,29.55341339111328,0.0,120,16,82,1,0,0,1,1,0
gaokao2023en,bbeam1,step-profile-config2-bbeam1-gaokao2023en-exclusive0817,247,247,2,draft|draft_verify,201.33495330810547,46.994924545288086,0.0,136,45,129,2,0,0,1,1,0
gaokao2023en,bbeam1,step-profile-config2-bbeam1-gaokao2023en-exclusive0817,247,247,3,draft|draft_verify,59.48185920715332,50.36520957946777,0.0,181,13,144,3,0,0,1,1,0
gaokao2023en,bbeam1,step-profile-config2-bbeam1-gaokao2023en-exclusive0817,247,247,4,draft|draft_verify,144.97852325439453,55.88579177856445,0.0,194,32,178,4,0,0,1,1,0
gaokao2023en,bbeam1,step-profile-config2-bbeam1-gaokao2023en-exclusive0817,247,247,5,draft|draft_verify,244.63820457458496,62.332868576049805,0.0,226,52,232,5,0,0,1,1,0
gaokao2023en,bbeam1,step-profile-config2-bbeam1-gaokao2023en-exclusive0817,247,247,6,draft|draft_verify,103.52730751037598,61.112403869628906,0.0,278,22,256,6,0,0,1,1,0
gaokao2023en,bbeam1,step-profile-config2-bbeam1-gaokao2023en-exclusive0817,247,247,7,draft|draft_verify,212.2173309326172,80.97124099731445,0.0,300,46,304,7,0,0,1,1,0
gaokao2023en,bbeam1,step-profile-config2-bbeam1-gaokao2023en-exclusive0817,247,247,8,draft|draft_verify,199.97429847717285,97.95808792114258,0.0,346,39,345,8,0,0,1,1,0
gaokao2023en,bbeam1,step-profile-config2-bbeam1-gaokao2023en-exclusive0817,247,247,9,draft|draft_verify,290.18688201904297,126.65700912475586,0.0,385,53,400,9,0,0,1,1,0
gaokao2023en,bbeam1,step-profile-config2-bbeam1-gaokao2023en-exclusive0817,247,247,10,draft|draft_verify,103.8661003112793,135.1335048675537,0.0,438,22,424,10,0,0,1,1,0
gaokao2023en,bbeam1,step-profile-config2-bbeam1-gaokao2023en-exclusive0817,247,247,11,draft|draft_verify,182.20138549804688,128.04436683654785,0.0,460,41,467,11,0,0,1,1,0
gaokao2023en,bbeam1,step-profile-config2-bbeam1-gaokao2023en-exclusive0817,247,247,12,draft|draft_verify,338.7939929962158,128.3125877380371,0.0,501,70,539,12,0,0,1,1,0
gaokao2023en,bbeam1,step-profile-config2-bbeam1-gaokao2023en-exclusive0817,247,247,13,draft|draft_verify,361.419677734375,135.50758361816406,0.0,571,73,614,13,0,0,1,1,0
gaokao2023en,bbeam1,step-profile-config2-bbeam1-gaokao2023en-exclusive0817,247,247,14,draft|draft_verify,106.84013366699219,134.23609733581543,0.0,644,18,634,14,0,0,1,1,0
gaokao2023en,bbeam1,step-profile-config2-bbeam1-gaokao2023en-exclusive0817,248,248,1,draft|draft_verify,205.51276206970215,62.783241271972656,0.0,224,37,207,1,0,0,1,1,0
gaokao2023en,bbeam1,step-profile-config2-bbeam1-gaokao2023en-exclusive0817,248,248,2,draft|draft_verify,275.0964164733887,64.62240219116211,0.0,261,46,255,2,0,0,1,1,0
gaokao2023en,bbeam1,step-profile-config2-bbeam1-gaokao2023en-exclusive0817,248,248,3,draft|draft_verify,369.28820610046387,93.40023994445801,0.0,307,80,337,3,0,0,1,1,0
gaokao2023en,bbeam1,step-profile-config2-bbeam1-gaokao2023en-exclusive0817,248,248,4,draft|draft_verify,71.79093360900879,93.66607666015625,0.0,387,16,355,4,0,0,1,1,0
gaokao2023en,bbeam1,step-profile-config2-bbeam1-gaokao2023en-exclusive0817,248,248,5,draft|draft_verify,83.91857147216797,93.63651275634766,0.0,403,17,374,5,0,0,1,1,0
gaokao2023en,bbeam1,step-profile-config2-bbeam1-gaokao2023en-exclusive0817,248,248,6,draft|draft_verify,139.64390754699707,126.07026100158691,0.0,420,29,405,6,0,0,1,1,0
gaokao2023en,bbeam1,step-profile-config2-bbeam1-gaokao2023en-exclusive0817,248,248,7,draft|draft_verify,135.6332302093506,125.66184997558594,0.0,449,31,438,7,0,0,1,1,0
gaokao2023en,bbeam1,step-profile-config2-bbeam1-gaokao2023en-exclusive0817,248,248,8,draft|draft_verify,32.68694877624512,125.66947937011719,0.0,480,7,447,8,0,0,1,1,0
gaokao2023en,bbeam1,step-profile-config2-bbeam1-gaokao2023en-exclusive0817,249,249,1,draft|draft_verify,33589.40505981445,72.64971733093262,0.0,136,62,145,1,0,0,1,1,0
gaokao2023en,bbeam1,step-profile-config2-bbeam1-gaokao2023en-exclusive0817,249,249,2,draft|draft_verify,63.81845474243164,58.296918869018555,0.0,198,14,161,2,0,0,1,1,0
gaokao2023en,bbeam1,step-profile-config2-bbeam1-gaokao2023en-exclusive0817,249,249,3,draft|draft_verify,95.91889381408691,58.10737609863281,0.0,212,22,184,3,0,0,1,1,0
gaokao2023en,bbeam1,step-profile-config2-bbeam1-gaokao2023en-exclusive0817,249,249,4,draft|draft_verify,97.13506698608398,67.56734848022461,0.0,234,21,207,4,0,0,1,1,0
gaokao2023en,bbeam1,step-profile-config2-bbeam1-gaokao2023en-exclusive0817,249,249,5,draft|draft_verify,40.940284729003906,65.16861915588379,0.0,255,7,215,5,0,0,1,1,0
gaokao2023en,bbeam1,step-profile-config2-bbeam1-gaokao2023en-exclusive0817,249,249,6,draft|draft_verify,174.31950569152832,61.33127212524414,0.0,262,31,247,6,0,0,1,1,0
gaokao2023en,bbeam1,step-profile-config2-bbeam1-gaokao2023en-exclusive0817,249,249,7,draft|draft_verify|target|backtracking_verify,275.1810550689697,173.65217208862305,468.5993194580078,293,62,637,14,293,77,1,2,1
gaokao2023en,bbeam1,step-profile-config2-bbeam1-gaokao2023en-exclusive0817,249,249,8,draft|draft_verify|target|target_rescue_verify,932.1959018707275,334.4149589538574,393.81885528564453,725,164,1168,24,355,50,2,3,1
gaokao2023en,bbeam1,step-profile-config2-bbeam1-gaokao2023en-exclusive0817,249,249,9,draft|draft_verify|target|target_rescue_verify|backtracking_verify,766.6816711425781,548.0804443359375,893.2771682739258,871,132,1851,36,871,139,2,4,2
gaokao2023en,bbeam1,step-profile-config2-bbeam1-gaokao2023en-exclusive0817,249,249,10,draft|draft_verify|target|backtracking_verify,457.28492736816406,394.5620059967041,427.7987480163574,1050,91,1606,30,525,57,2,3,1
gaokao2023en,bbeam1,step-profile-config2-bbeam1-gaokao2023en-exclusive0817,249,249,11,draft|draft_verify|target|target_rescue_verify|backtracking_verify,174.47710037231445,654.2551517486572,429.05521392822266,1723,31,2761,55,1147,48,3,5,2
gaokao2023en,bbeam1,step-profile-config2-bbeam1-gaokao2023en-exclusive0817,249,249,12,draft|draft_verify|target|target_rescue_verify|backtracking_verify,298.42257499694824,788.5308265686035,817.847490310669,1749,65,3467,72,1749,120,3,6,3
gaokao2023en,bbeam1,step-profile-config2-bbeam1-gaokao2023en-exclusive0817,249,249,13,draft|draft_verify|target|target_rescue_verify,138.41557502746582,795.0589656829834,290.722131729126,1854,27,3555,78,1854,26,3,6,3
gaokao2023en,bbeam1,step-profile-config2-bbeam1-gaokao2023en-exclusive0817,249,249,14,draft|draft_verify|target|target_rescue_verify,210.41393280029297,266.13521575927734,305.6011199951172,614,44,1251,28,614,45,1,2,1
gaokao2023en,bbeam1,step-profile-config2-bbeam1-gaokao2023en-exclusive0817,250,250,1,draft|draft_verify,440.37675857543945,60.880422592163086,0.0,213,96,256,1,0,0,1,1,0
gaokao2023en,bbeam1,step-profile-config2-bbeam1-gaokao2023en-exclusive0817,250,250,2,draft|draft_verify,281.984806060791,79.21433448791504,0.0,309,61,319,2,0,0,1,1,0
gaokao2023en,bbeam1,step-profile-config2-bbeam1-gaokao2023en-exclusive0817,250,250,3,draft|draft_verify,92.85950660705566,104.35819625854492,0.0,370,19,340,3,0,0,1,1,0
gaokao2023en,bbeam1,step-profile-config2-bbeam1-gaokao2023en-exclusive0817,250,250,4,draft|draft_verify,35.88414192199707,98.57726097106934,0.0,389,7,349,4,0,0,1,1,0
gaokao2023en,bbeam1,step-profile-config2-bbeam1-gaokao2023en-exclusive0817,250,250,5,draft|draft_verify,41.79191589355469,96.00281715393066,0.0,396,5,356,5,0,0,1,1,0
gaokao2023en,bbeam1,step-profile-config2-bbeam1-gaokao2023en-exclusive0817,251,251,1,draft|draft_verify,125.42152404785156,55.1905632019043,0.0,168,27,142,1,0,0,1,1,0
gaokao2023en,bbeam1,step-profile-config2-bbeam1-gaokao2023en-exclusive0817,251,251,2,draft|draft_verify,116.82009696960449,52.143096923828125,0.0,195,25,169,2,0,0,1,1,0
gaokao2023en,bbeam1,step-profile-config2-bbeam1-gaokao2023en-exclusive0817,251,251,3,draft|draft_verify|target|target_rescue_verify,379.52733039855957,134.1073513031006,366.3170337677002,220,82,473,6,220,49,1,2,1
gaokao2023en,bbeam1,step-profile-config2-bbeam1-gaokao2023en-exclusive0817,251,251,4,draft|draft_verify,304.5327663421631,85.70528030395508,0.0,269,65,287,4,0,0,1,1,0
gaokao2023en,bbeam1,step-profile-config2-bbeam1-gaokao2023en-exclusive0817,251,251,5,draft|draft_verify,246.9494342803955,103.73163223266602,0.0,334,54,343,5,0,0,1,1,0
gaokao2023en,bbeam1,step-profile-config2-bbeam1-gaokao2023en-exclusive0817,251,251,6,draft|draft_verify|target|target_rescue_verify,314.3181800842285,280.1392078399658,381.3824653625488,388,68,813,12,388,55,1,2,1
gaokao2023en,bbeam1,step-profile-config2-bbeam1-gaokao2023en-exclusive0817,251,251,7,draft|draft_verify,206.37059211730957,138.46588134765625,0.0,443,41,443,7,0,0,1,1,0
gaokao2023en,bbeam1,step-profile-config2-bbeam1-gaokao2023en-exclusive0817,251,251,8,draft|draft_verify,74.86653327941895,134.64856147766113,0.0,484,13,458,8,0,0,1,1,0
gaokao2023en,bbeam1,step-profile-config2-bbeam1-gaokao2023en-exclusive0817,252,252,1,draft|draft_verify,190.1416778564453,59.48328971862793,0.0,197,42,186,1,0,0,1,1,0
gaokao2023en,bbeam1,step-profile-config2-bbeam1-gaokao2023en-exclusive0817,252,252,2,draft|draft_verify,112.7479076385498,61.50627136230469,0.0,239,25,213,2,0,0,1,1,0
gaokao2023en,bbeam1,step-profile-config2-bbeam1-gaokao2023en-exclusive0817,252,252,3,draft|draft_verify|target|target_rescue_verify,709.1984748840332,172.7151870727539,342.2281742095947,264,148,627,6,264,50,1,2,1
gaokao2023en,bbeam1,step-profile-config2-bbeam1-gaokao2023en-exclusive0817,252,252,4,draft|draft_verify,648.5929489135742,132.521390914917,0.0,314,130,397,4,0,0,1,1,0
gaokao2023en,bbeam1,step-profile-config2-bbeam1-gaokao2023en-exclusive0817,252,252,5,draft|draft_verify,168.7941551208496,127.38513946533203,0.0,444,36,435,5,0,0,1,1,0
gaokao2023en,bbeam1,step-profile-config2-bbeam1-gaokao2023en-exclusive0817,252,252,6,draft|draft_verify|target|target_rescue_verify,586.3480567932129,263.3967399597168,1344.0921306610107,480,136,1182,12,480,172,1,2,1
gaokao2023en,bbeam1,step-profile-config2-bbeam1-gaokao2023en-exclusive0817,252,252,7,draft|draft_verify,197.24011421203613,153.7916660308838,0.0,652,36,647,7,0,0,1,1,0
gaokao2023en,bbeam1,step-profile-config2-bbeam1-gaokao2023en-exclusive0817,252,252,8,draft|draft_verify,41.00227355957031,159.90376472473145,0.0,688,7,656,8,0,0,1,1,0
gaokao2023en,bbeam1,step-profile-config2-bbeam1-gaokao2023en-exclusive0817,253,253,1,draft|draft_verify,375.14185905456543,60.256004333496094,0.0,165,84,196,1,0,0,1,1,0
gaokao2023en,bbeam1,step-profile-config2-bbeam1-gaokao2023en-exclusive0817,253,253,2,draft|draft_verify,180.4523468017578,59.93318557739258,0.0,249,39,237,2,0,0,1,1,0
gaokao2023en,bbeam1,step-profile-config2-bbeam1-gaokao2023en-exclusive0817,253,253,3,draft|draft_verify,260.01882553100586,78.26709747314453,0.0,288,56,295,3,0,0,1,1,0
gaokao2023en,bbeam1,step-profile-config2-bbeam1-gaokao2023en-exclusive0817,253,253,4,draft|draft_verify,505.0969123840332,135.77842712402344,0.0,344,109,406,4,0,0,1,1,0
gaokao2023en,bbeam1,step-profile-config2-bbeam1-gaokao2023en-exclusive0817,253,253,5,draft|draft_verify|target|target_rescue_verify,466.400146484375,266.9236660003662,671.6852188110352,453,100,1021,10,453,105,1,2,1
gaokao2023en,bbeam1,step-profile-config2-bbeam1-gaokao2023en-exclusive0817,253,253,6,draft|draft_verify|target|target_rescue_verify,1783.172369003296,336.48204803466797,744.4117069244385,558,384,1534,12,558,120,1,2,1
gaokao2023en,bbeam1,step-profile-config2-bbeam1-gaokao2023en-exclusive0817,253,253,7,draft|draft_verify,650.371789932251,159.60931777954102,0.0,678,123,760,7,0,0,1,1,0
gaokao2023en,bbeam1,step-profile-config2-bbeam1-gaokao2023en-exclusive0817,253,253,8,draft|draft_verify,72.60274887084961,176.15008354187012,0.0,801,13,775,8,0,0,1,1,0
gaokao2023en,bbeam1,step-profile-config2-bbeam1-gaokao2023en-exclusive0817,254,254,1,draft|draft_verify,181.58793449401855,31.522035598754883,0.0,132,40,119,1,0,0,1,1,0
gaokao2023en,bbeam1,step-profile-config2-bbeam1-gaokao2023en-exclusive0817,254,254,2,draft|draft_verify,71.80428504943848,52.631378173828125,0.0,172,16,137,2,0,0,1,1,0
gaokao2023en,bbeam1,step-profile-config2-bbeam1-gaokao2023en-exclusive0817,254,254,3,draft|draft_verify,80.63578605651855,51.54061317443848,0.0,188,19,158,3,0,0,1,1,0
gaokao2023en,bbeam1,step-profile-config2-bbeam1-gaokao2023en-exclusive0817,254,254,4,draft|draft_verify,88.32883834838867,52.31475830078125,0.0,207,19,179,4,0,0,1,1,0
gaokao2023en,bbeam1,step-profile-config2-bbeam1-gaokao2023en-exclusive0817,254,254,5,draft|draft_verify,113.07764053344727,60.797691345214844,0.0,226,25,206,5,0,0,1,1,0
gaokao2023en,bbeam1,step-profile-config2-bbeam1-gaokao2023en-exclusive0817,254,254,6,draft|draft_verify,90.38329124450684,60.6687068939209,0.0,251,19,227,6,0,0,1,1,0
gaokao2023en,bbeam1,step-profile-config2-bbeam1-gaokao2023en-exclusive0817,254,254,7,draft|draft_verify,23.928403854370117,60.024261474609375,0.0,270,5,234,7,0,0,1,1,0
gaokao2023en,bbeam1,step-profile-config2-bbeam1-gaokao2023en-exclusive0817,254,254,8,draft|draft_verify,73.5018253326416,27545.934677124023,0.0,275,15,251,8,0,0,1,1,0
gaokao2023en,bbeam1,step-profile-config2-bbeam1-gaokao2023en-exclusive0817,254,254,9,draft|draft_verify,126.10888481140137,113.7394905090332,0.0,290,19,272,9,0,0,1,1,0
gaokao2023en,bbeam1,step-profile-config2-bbeam1-gaokao2023en-exclusive0817,254,254,10,draft|draft_verify,72.65233993530273,84.90562438964844,0.0,309,15,289,10,0,0,1,1,0
gaokao2023en,bbeam1,step-profile-config2-bbeam1-gaokao2023en-exclusive0817,254,254,11,draft|draft_verify,25.872468948364258,77.6822566986084,0.0,324,5,296,11,0,0,1,1,0
gaokao2023en,bbeam1,step-profile-config2-bbeam1-gaokao2023en-exclusive0817,254,254,12,draft|draft_verify,51.328420639038086,77.51250267028809,0.0,329,10,308,12,0,0,1,1,0
gaokao2023en,bbeam1,step-profile-config2-bbeam1-gaokao2023en-exclusive0817,254,254,13,draft|draft_verify,88.16337585449219,92.82350540161133,0.0,339,16,326,13,0,0,1,1,0
gaokao2023en,bbeam1,step-profile-config2-bbeam1-gaokao2023en-exclusive0817,254,254,14,draft|draft_verify|target|backtracking_verify,83.56475830078125,187.96539306640625,99.90167617797852,355,17,682,28,355,9,1,2,1
gaokao2023en,bbeam1,step-profile-config2-bbeam1-gaokao2023en-exclusive0817,254,254,15,draft|draft_verify|target|backtracking_verify,826.671838760376,347.123384475708,148.47970008850098,736,174,1222,45,372,15,2,3,1
gaokao2023en,bbeam1,step-profile-config2-bbeam1-gaokao2023en-exclusive0817,254,254,16,draft|draft_verify|target|target_rescue_verify|backtracking_verify,256.63161277770996,698.7740993499756,571.1450576782227,1297,53,2572,96,1297,63,3,6,3
gaokao2023en,bbeam1,step-profile-config2-bbeam1-gaokao2023en-exclusive0817,254,254,17,draft|draft_verify|target|target_rescue_verify|backtracking_verify,1158.1861972808838,933.0606460571289,1375.0927448272705,1742,250,3337,119,1276,216,4,7,3
gaokao2023en,bbeam1,step-profile-config2-bbeam1-gaokao2023en-exclusive0817,254,254,18,draft|draft_verify|target|target_rescue_verify,983.2940101623535,782.7250957489014,1124.0384578704834,1598,207,3454,108,1598,165,3,6,3
gaokao2023en,bbeam1,step-profile-config2-bbeam1-gaokao2023en-exclusive0817,254,254,19,draft|draft_verify,61.920166015625,133.18443298339844,0.0,585,10,578,19,0,0,1,1,0
gaokao2023en,bbeam1,step-profile-config2-bbeam1-gaokao2023en-exclusive0817,255,255,1,draft|draft_verify,63.57216835021973,26.998281478881836,0.0,94,13,53,1,0,0,1,1,0
gaokao2023en,bbeam1,step-profile-config2-bbeam1-gaokao2023en-exclusive0817,255,255,2,draft|draft_verify,103.44386100769043,43.598175048828125,0.0,107,22,77,2,0,0,1,1,0
gaokao2023en,bbeam1,step-profile-config2-bbeam1-gaokao2023en-exclusive0817,255,255,3,draft|draft_verify,99.6999740600586,31.327486038208008,0.0,129,21,99,3,0,0,1,1,0
gaokao2023en,bbeam1,step-profile-config2-bbeam1-gaokao2023en-exclusive0817,255,255,4,draft|draft_verify,43.66898536682129,30.457258224487305,0.0,150,9,110,4,0,0,1,1,0
gaokao2023en,bbeam1,step-profile-config2-bbeam1-gaokao2023en-exclusive0817,255,255,5,draft|draft_verify,199.1100311279297,51.163434982299805,0.0,159,44,156,5,0,0,1,1,0
gaokao2023en,bbeam1,step-profile-config2-bbeam1-gaokao2023en-exclusive0817,255,255,6,draft|draft_verify,89.14017677307129,51.17654800415039,0.0,203,18,176,6,0,0,1,1,0
gaokao2023en,bbeam1,step-profile-config2-bbeam1-gaokao2023en-exclusive0817,256,256,1,draft|draft_verify,280.02452850341797,31.856060028076172,0.0,116,64,126,1,0,0,1,1,0
gaokao2023en,bbeam1,step-profile-config2-bbeam1-gaokao2023en-exclusive0817,256,256,2,draft|draft_verify|target|backtracking_verify,157.5024127960205,116.67585372924805,208.08792114257812,180,37,321,4,180,28,1,2,1
gaokao2023en,bbeam1,step-profile-config2-bbeam1-gaokao2023en-exclusive0817,256,256,3,draft|draft_verify|target|target_rescue_verify,226.85885429382324,199.73158836364746,168.2116985321045,425,54,565,9,217,19,2,3,1
gaokao2023en,bbeam1,step-profile-config2-bbeam1-gaokao2023en-exclusive0817,256,256,4,draft|draft_verify|target|target_rescue_verify,258.92138481140137,157.029390335083,474.9917984008789,236,58,509,8,236,75,1,2,1
gaokao2023en,bbeam1,step-profile-config2-bbeam1-gaokao2023en-exclusive0817,256,256,5,draft|draft_verify,455.707311630249,104.44450378417969,0.0,311,104,369,5,0,0,1,1,0
gaokao2023en,bbeam1,step-profile-config2-bbeam1-gaokao2023en-exclusive0817,256,256,6,draft|draft_verify,307.19947814941406,146.96860313415527,0.0,415,64,435,6,0,0,1,1,0
gaokao2023en,bbeam1,step-profile-config2-bbeam1-gaokao2023en-exclusive0817,256,256,7,draft|draft_verify|target|target_rescue_verify,583.2364559173584,259.3362331390381,182.23905563354492,479,122,1018,14,479,22,1,2,1
gaokao2023en,bbeam1,step-profile-config2-bbeam1-gaokao2023en-exclusive0817,256,256,8,draft|draft_verify,247.4365234375,128.32236289978027,0.0,501,56,517,8,0,0,1,1,0
gaokao2023en,bbeam1,step-profile-config2-bbeam1-gaokao2023en-exclusive0817,256,256,9,draft|draft_verify,309.8714351654053,132.54117965698242,0.0,557,68,587,9,0,0,1,1,0
gaokao2023en,bbeam1,step-profile-config2-bbeam1-gaokao2023en-exclusive0817,256,256,10,draft|draft_verify,193.76730918884277,132.94291496276855,0.0,625,42,631,10,0,0,1,1,0
gaokao2023en,bbeam1,step-profile-config2-bbeam1-gaokao2023en-exclusive0817,256,256,11,draft|draft_verify,433.84313583374023,156.46958351135254,0.0,667,93,726,11,0,0,1,1,0
gaokao2023en,bbeam1,step-profile-config2-bbeam1-gaokao2023en-exclusive0817,256,256,12,draft|draft_verify,429.0194511413574,183.08043479919434,0.0,760,93,821,12,0,0,1,1,0
gaokao2023en,bbeam1,step-profile-config2-bbeam1-gaokao2023en-exclusive0817,256,256,13,draft|draft_verify,430.49097061157227,202.08477973937988,0.0,853,93,916,13,0,0,1,1,0
gaokao2023en,bbeam1,step-profile-config2-bbeam1-gaokao2023en-exclusive0817,256,256,14,draft|draft_verify,452.0535469055176,210.30783653259277,0.0,946,95,1013,14,0,0,1,1,0
gaokao2023en,bbeam1,step-profile-config2-bbeam1-gaokao2023en-exclusive0817,256,256,15,draft|draft_verify,550.971508026123,240.92340469360352,0.0,1041,116,1131,15,0,0,1,1,0
gaokao2023en,bbeam1,step-profile-config2-bbeam1-gaokao2023en-exclusive0817,256,256,16,draft|draft_verify,610.4846000671387,265.6588554382324,0.0,1157,118,1251,16,0,0,1,1,0
gaokao2023en,bbeam1,step-profile-config2-bbeam1-gaokao2023en-exclusive0817,256,256,17,draft|draft_verify,583.8515758514404,281.85582160949707,0.0,1275,119,1372,17,0,0,1,1,0
gaokao2023en,bbeam1,step-profile-config2-bbeam1-gaokao2023en-exclusive0817,256,256,18,draft|draft_verify,513.9715671539307,320.5540180206299,0.0,1394,115,1489,18,0,0,1,1,0
gaokao2023en,bbeam1,step-profile-config2-bbeam1-gaokao2023en-exclusive0817,256,256,19,draft|draft_verify,89.18476104736328,323.61578941345215,0.0,1509,17,1508,19,0,0,1,1,0
gaokao2023en,bbeam1,step-profile-config2-bbeam1-gaokao2023en-exclusive0817,257,257,1,draft|draft_verify,242.50221252441406,29.710769653320312,0.0,94,54,94,1,0,0,1,1,0
gaokao2023en,bbeam1,step-profile-config2-bbeam1-gaokao2023en-exclusive0817,257,257,2,draft|draft_verify,141.45159721374512,31.215429306030273,0.0,148,32,128,2,0,0,1,1,0
gaokao2023en,bbeam1,step-profile-config2-bbeam1-gaokao2023en-exclusive0817,257,257,3,draft|draft_verify,276.536226272583,59.63730812072754,0.0,180,62,192,3,0,0,1,1,0
gaokao2023en,bbeam1,step-profile-config2-bbeam1-gaokao2023en-exclusive0817,257,257,4,draft|draft_verify,180.29379844665527,61.23805046081543,0.0,242,39,233,4,0,0,1,1,0
gaokao2023en,bbeam1,step-profile-config2-bbeam1-gaokao2023en-exclusive0817,257,257,5,draft|draft_verify,153.67579460144043,77.76093482971191,0.0,281,33,268,5,0,0,1,1,0
gaokao2023en,bbeam1,step-profile-config2-bbeam1-gaokao2023en-exclusive0817,257,257,6,draft|draft_verify,448.4062194824219,104.54273223876953,0.0,314,93,363,6,0,0,1,1,0
gaokao2023en,bbeam1,step-profile-config2-bbeam1-gaokao2023en-exclusive0817,257,257,7,draft|draft_verify,114.61067199707031,135.3163719177246,0.0,407,22,387,7,0,0,1,1,0
gaokao2023en,bbeam1,step-profile-config2-bbeam1-gaokao2023en-exclusive0817,258,258,1,draft|draft_verify,98.67286682128906,53.67851257324219,0.0,170,23,139,1,0,0,1,1,0
gaokao2023en,bbeam1,step-profile-config2-bbeam1-gaokao2023en-exclusive0817,258,258,2,draft|draft_verify|target|target_rescue_verify,301.46050453186035,139.1005516052246,731.8859100341797,193,65,463,4,193,116,1,2,1
gaokao2023en,bbeam1,step-profile-config2-bbeam1-gaokao2023en-exclusive0817,258,258,3,draft|draft_verify,133.06021690368652,82.11541175842285,0.0,309,30,289,3,0,0,1,1,0
gaokao2023en,bbeam1,step-profile-config2-bbeam1-gaokao2023en-exclusive0817,258,258,4,draft|draft_verify,132.16686248779297,103.47223281860352,0.0,339,30,321,4,0,0,1,1,0
gaokao2023en,bbeam1,step-profile-config2-bbeam1-gaokao2023en-exclusive0817,258,258,5,draft|draft_verify,331.0260772705078,131.84642791748047,0.0,369,67,390,5,0,0,1,1,0
gaokao2023en,bbeam1,step-profile-config2-bbeam1-gaokao2023en-exclusive0817,258,258,6,draft|draft_verify,135.36405563354492,125.62251091003418,0.0,436,29,421,6,0,0,1,1,0
gaokao2023en,bbeam1,step-profile-config2-bbeam1-gaokao2023en-exclusive0817,258,258,7,draft|draft_verify,145.34425735473633,127.34746932983398,0.0,465,30,453,7,0,0,1,1,0
gaokao2023en,bbeam1,step-profile-config2-bbeam1-gaokao2023en-exclusive0817,258,258,8,draft|draft_verify,526.7593860626221,128.52072715759277,0.0,495,111,566,8,0,0,1,1,0
gaokao2023en,bbeam1,step-profile-config2-bbeam1-gaokao2023en-exclusive0817,258,258,9,draft|draft_verify,501.53279304504395,155.2906036376953,0.0,606,108,676,9,0,0,1,1,0
gaokao2023en,bbeam1,step-profile-config2-bbeam1-gaokao2023en-exclusive0817,258,258,10,draft|draft_verify|target|target_rescue_verify,506.7934989929199,357.70726203918457,706.8588733673096,714,99,1566,20,714,111,1,2,1
gaokao2023en,bbeam1,step-profile-config2-bbeam1-gaokao2023en-exclusive0817,258,258,11,draft|draft_verify|target|target_rescue_verify,671.7414855957031,388.08417320251465,570.8200931549072,825,130,1800,22,825,88,1,2,1
gaokao2023en,bbeam1,step-profile-config2-bbeam1-gaokao2023en-exclusive0817,258,258,12,draft|draft_verify,151.73625946044922,201.0657787322998,0.0,913,27,908,12,0,0,1,1,0
gaokao2023en,bbeam1,step-profile-config2-bbeam1-gaokao2023en-exclusive0817,259,259,1,draft|draft_verify,132.22408294677734,50.64749717712402,0.0,163,29,138,1,0,0,1,1,0
gaokao2023en,bbeam1,step-profile-config2-bbeam1-gaokao2023en-exclusive0817,259,259,2,draft|draft_verify,435.23597717285156,61.65671348571777,0.0,192,100,240,2,0,0,1,1,0
gaokao2023en,bbeam1,step-profile-config2-bbeam1-gaokao2023en-exclusive0817,259,259,3,draft|draft_verify,217.9572582244873,78.68576049804688,0.0,292,45,287,3,0,0,1,1,0
gaokao2023en,bbeam1,step-profile-config2-bbeam1-gaokao2023en-exclusive0817,259,259,4,draft|draft_verify|target|target_rescue_verify,260.6830596923828,199.6302604675293,405.4453372955322,337,55,687,8,337,54,1,2,1
gaokao2023en,bbeam1,step-profile-config2-bbeam1-gaokao2023en-exclusive0817,259,259,5,draft|draft_verify,185.5454444885254,95.59321403503418,0.0,391,39,384,5,0,0,1,1,0
gaokao2023en,bbeam1,step-profile-config2-bbeam1-gaokao2023en-exclusive0817,259,259,6,draft|draft_verify,163.28167915344238,134.75370407104492,0.0,430,33,419,6,0,0,1,1,0
gaokao2023en,bbeam1,step-profile-config2-bbeam1-gaokao2023en-exclusive0817,259,259,7,draft|draft_verify,140.1972770690918,133.25071334838867,0.0,463,31,452,7,0,0,1,1,0
gaokao2023en,bbeam1,step-profile-config2-bbeam1-gaokao2023en-exclusive0817,259,259,8,draft|draft_verify,246.42205238342285,137.62474060058594,0.0,494,51,505,8,0,0,1,1,0
gaokao2023en,bbeam1,step-profile-config2-bbeam1-gaokao2023en-exclusive0817,259,259,9,draft|draft_verify,114.8843765258789,134.0951919555664,0.0,545,26,533,9,0,0,1,1,0
gaokao2023en,bbeam1,step-profile-config2-bbeam1-gaokao2023en-exclusive0817,259,259,10,draft|draft_verify,120.70775032043457,128.59463691711426,0.0,571,24,559,10,0,0,1,1,0
gaokao2023en,bbeam1,step-profile-config2-bbeam1-gaokao2023en-exclusive0817,259,259,11,draft|draft_verify,164.2303466796875,141.770601272583,0.0,595,35,596,11,0,0,1,1,0
gaokao2023en,bbeam1,step-profile-config2-bbeam1-gaokao2023en-exclusive0817,260,260,1,draft|draft_verify,163.85388374328613,31.347990036010742,0.0,141,36,123,1,0,0,1,1,0
gaokao2023en,bbeam1,step-profile-config2-bbeam1-gaokao2023en-exclusive0817,260,260,2,draft|draft_verify,152.67395973205566,54.41021919250488,0.0,177,33,158,2,0,0,1,1,0
gaokao2023en,bbeam1,step-profile-config2-bbeam1-gaokao2023en-exclusive0817,260,260,3,draft|draft_verify,129.9288272857666,59.560298919677734,0.0,210,29,189,3,0,0,1,1,0
gaokao2023en,bbeam1,step-profile-config2-bbeam1-gaokao2023en-exclusive0817,260,260,4,draft|draft_verify,20518.533945083618,144.64139938354492,0.0,239,32,223,4,0,0,1,1,0
gaokao2023en,bbeam1,step-profile-config2-bbeam1-gaokao2023en-exclusive0817,260,260,5,draft|draft_verify,120.33605575561523,68.08018684387207,0.0,271,19,244,5,0,0,1,1,0
gaokao2023en,bbeam1,step-profile-config2-bbeam1-gaokao2023en-exclusive0817,260,260,6,draft|draft_verify,163.4819507598877,87.36419677734375,0.0,290,34,280,6,0,0,1,1,0
gaokao2023en,bbeam1,step-profile-config2-bbeam1-gaokao2023en-exclusive0817,260,260,7,draft|draft_verify,87.79621124267578,86.20572090148926,0.0,324,18,300,7,0,0,1,1,0
gaokao2023en,bbeam1,step-profile-config2-bbeam1-gaokao2023en-exclusive0817,260,260,8,draft|draft_verify|target|target_rescue_verify,102.28180885314941,171.68426513671875,174.30782318115234,342,21,641,16,342,16,1,2,1
gaokao2023en,bbeam1,step-profile-config2-bbeam1-gaokao2023en-exclusive0817,260,260,9,draft|draft_verify,82.14402198791504,92.64755249023438,0.0,358,17,337,9,0,0,1,1,0
gaokao2023en,bbeam1,step-profile-config2-bbeam1-gaokao2023en-exclusive0817,260,260,10,draft|draft_verify,49.30377006530762,92.76676177978516,0.0,375,10,349,10,0,0,1,1,0
gaokao2023en,bbeam1,step-profile-config2-bbeam1-gaokao2023en-exclusive0817,260,260,11,draft|draft_verify,152.36401557922363,125.77581405639648,0.0,385,34,385,11,0,0,1,1,0
gaokao2023en,bbeam1,step-profile-config2-bbeam1-gaokao2023en-exclusive0817,261,261,1,draft|draft_verify,419.3694591522217,51.51176452636719,0.0,118,97,161,1,0,0,1,1,0
gaokao2023en,bbeam1,step-profile-config2-bbeam1-gaokao2023en-exclusive0817,261,261,2,draft|draft_verify,83.98604393005371,51.66959762573242,0.0,215,19,182,2,0,0,1,1,0
gaokao2023en,bbeam1,step-profile-config2-bbeam1-gaokao2023en-exclusive0817,261,261,3,draft|draft_verify,514.0907764434814,79.13613319396973,0.0,234,112,296,3,0,0,1,1,0
gaokao2023en,bbeam1,step-profile-config2-bbeam1-gaokao2023en-exclusive0817,261,261,4,draft|draft_verify,529.2115211486816,141.5688991546631,0.0,346,114,412,4,0,0,1,1,0
gaokao2023en,bbeam1,step-profile-config2-bbeam1-gaokao2023en-exclusive0817,261,261,5,draft|draft_verify,517.3261165618896,130.02514839172363,0.0,460,109,523,5,0,0,1,1,0
gaokao2023en,bbeam1,step-profile-config2-bbeam1-gaokao2023en-exclusive0817,261,261,6,draft|draft_verify,642.4741744995117,154.8025608062744,0.0,569,134,659,6,0,0,1,1,0
gaokao2023en,bbeam1,step-profile-config2-bbeam1-gaokao2023en-exclusive0817,261,261,7,draft|draft_verify,91.80879592895508,154.3278694152832,0.0,703,18,679,7,0,0,1,1,0
gaokao2023en,bbeam1,step-profile-config2-bbeam1-gaokao2023en-exclusive0817,262,262,1,draft|draft_verify,213.45138549804688,22.59540557861328,0.0,68,47,61,1,0,0,1,1,0
gaokao2023en,bbeam1,step-profile-config2-bbeam1-gaokao2023en-exclusive0817,262,262,2,draft|draft_verify,53.01475524902344,35.6597900390625,0.0,115,14,77,2,0,0,1,1,0
gaokao2023en,bbeam1,step-profile-config2-bbeam1-gaokao2023en-exclusive0817,262,262,3,draft|draft_verify,251.36613845825195,51.88608169555664,0.0,129,59,138,3,0,0,1,1,0
gaokao2023en,bbeam1,step-profile-config2-bbeam1-gaokao2023en-exclusive0817,262,262,4,draft|draft_verify,79.25057411193848,52.576303482055664,0.0,188,15,155,4,0,0,1,1,0
gaokao2023en,bbeam1,step-profile-config2-bbeam1-gaokao2023en-exclusive0817,263,263,1,draft|draft_verify,257.0631504058838,61.06424331665039,0.0,240,47,233,1,0,0,1,1,0
gaokao2023en,bbeam1,step-profile-config2-bbeam1-gaokao2023en-exclusive0817,263,263,2,draft|draft_verify,121.8571662902832,78.69434356689453,0.0,287,27,261,2,0,0,1,1,0
gaokao2023en,bbeam1,step-profile-config2-bbeam1-gaokao2023en-exclusive0817,263,263,3,draft|draft_verify,84.2139720916748,78.52792739868164,0.0,314,20,283,3,0,0,1,1,0
gaokao2023en,bbeam1,step-profile-config2-bbeam1-gaokao2023en-exclusive0817,263,263,4,draft|draft_verify,152.88257598876953,79.20575141906738,0.0,334,26,311,4,0,0,1,1,0
gaokao2023en,bbeam1,step-profile-config2-bbeam1-gaokao2023en-exclusive0817,264,264,1,draft|draft_verify,110.47172546386719,59.146881103515625,0.0,191,27,165,1,0,0,1,1,0
gaokao2023en,bbeam1,step-profile-config2-bbeam1-gaokao2023en-exclusive0817,264,264,2,draft|draft_verify,202.7294635772705,68.13716888427734,0.0,218,47,214,2,0,0,1,1,0
gaokao2023en,bbeam1,step-profile-config2-bbeam1-gaokao2023en-exclusive0817,264,264,3,draft|draft_verify,242.44117736816406,87.53395080566406,0.0,265,52,268,3,0,0,1,1,0
gaokao2023en,bbeam1,step-profile-config2-bbeam1-gaokao2023en-exclusive0817,264,264,4,draft|draft_verify,383.9287757873535,104.3386459350586,0.0,317,81,351,4,0,0,1,1,0
gaokao2023en,bbeam1,step-profile-config2-bbeam1-gaokao2023en-exclusive0817,264,264,5,draft|draft_verify,170.80450057983398,99.33948516845703,0.0,398,30,383,5,0,0,1,1,0
gaokao2023en,bbeam1,step-profile-config2-bbeam1-gaokao2023en-exclusive0817,264,264,6,draft|draft_verify,169.7688102722168,127.62808799743652,0.0,428,32,417,6,0,0,1,1,0
gaokao2023en,bbeam1,step-profile-config2-bbeam1-gaokao2023en-exclusive0817,264,264,7,draft|draft_verify,239.95494842529297,128.0198097229004,0.0,460,58,477,7,0,0,1,1,0
gaokao2023en,bbeam1,step-profile-config2-bbeam1-gaokao2023en-exclusive0817,264,264,8,draft|draft_verify,273.6225128173828,131.1817169189453,0.0,518,52,531,8,0,0,1,1,0
gaokao2023en,bbeam1,step-profile-config2-bbeam1-gaokao2023en-exclusive0817,264,264,9,draft|draft_verify,193.54939460754395,130.19180297851562,0.0,570,43,576,9,0,0,1,1,0
gaokao2023en,bbeam1,step-profile-config2-bbeam1-gaokao2023en-exclusive0817,264,264,10,draft|draft_verify|target|target_rescue_verify,89.5240306854248,267.3673629760742,139.24860954284668,613,16,1182,20,613,10,1,2,1
gaokao2023en,bbeam1,step-profile-config2-bbeam1-gaokao2023en-exclusive0817,265,265,1,draft|draft_verify,234.02142524719238,52.4601936340332,0.0,171,48,165,1,0,0,1,1,0
gaokao2023en,bbeam1,step-profile-config2-bbeam1-gaokao2023en-exclusive0817,265,265,2,draft|draft_verify|target|target_rescue_verify,318.922758102417,123.54183197021484,378.8776397705078,219,73,465,4,219,58,1,2,1
gaokao2023en,bbeam1,step-profile-config2-bbeam1-gaokao2023en-exclusive0817,265,265,3,draft|draft_verify,183.4087371826172,77.41785049438477,0.0,277,39,266,3,0,0,1,1,0
gaokao2023en,bbeam1,step-profile-config2-bbeam1-gaokao2023en-exclusive0817,265,265,4,draft|draft_verify,1140.0175094604492,137.50576972961426,0.0,316,248,516,4,0,0,1,1,0
gaokao2023en,bbeam1,step-profile-config2-bbeam1-gaokao2023en-exclusive0817,265,265,5,draft|draft_verify,66.75267219543457,128.7252902984619,0.0,564,14,532,5,0,0,1,1,0
gaokao2023en,bbeam1,step-profile-config2-bbeam1-gaokao2023en-exclusive0817,265,265,6,draft|draft_verify,25.27022361755371,130.07426261901855,0.0,578,5,539,6,0,0,1,1,0
gaokao2023en,bbeam1,step-profile-config2-bbeam1-gaokao2023en-exclusive0817,266,266,1,draft|draft_verify,247.11346626281738,30.261993408203125,0.0,83,53,82,1,0,0,1,1,0
gaokao2023en,bbeam1,step-profile-config2-bbeam1-gaokao2023en-exclusive0817,266,266,2,draft|draft_verify,171.66519165039062,31.575441360473633,0.0,136,41,125,2,0,0,1,1,0
gaokao2023en,bbeam1,step-profile-config2-bbeam1-gaokao2023en-exclusive0817,266,266,3,draft|draft_verify,98.74176979064941,50.74453353881836,0.0,177,26,153,3,0,0,1,1,0
gaokao2023en,bbeam1,step-profile-config2-bbeam1-gaokao2023en-exclusive0817,266,266,4,draft|draft_verify,151.8077850341797,59.181928634643555,0.0,203,37,192,4,0,0,1,1,0
gaokao2023en,bbeam1,step-profile-config2-bbeam1-gaokao2023en-exclusive0817,266,266,5,draft|draft_verify,85.9673023223877,60.14728546142578,0.0,240,21,215,5,0,0,1,1,0
gaokao2023en,bbeam1,step-profile-config2-bbeam1-gaokao2023en-exclusive0817,267,267,1,draft|draft_verify,68.86100769042969,31.035661697387695,0.0,157,16,119,1,0,0,1,1,0
gaokao2023en,bbeam1,step-profile-config2-bbeam1-gaokao2023en-exclusive0817,267,267,2,draft|draft_verify,109.31158065795898,52.39701271057129,0.0,173,26,147,2,0,0,1,1,0
gaokao2023en,bbeam1,step-profile-config2-bbeam1-gaokao2023en-exclusive0817,267,267,3,draft|draft_verify,259.8917484283447,68.71604919433594,0.0,199,62,211,3,0,0,1,1,0
gaokao2023en,bbeam1,step-profile-config2-bbeam1-gaokao2023en-exclusive0817,267,267,4,draft|draft_verify,176.15056037902832,88.48357200622559,0.0,261,44,257,4,0,0,1,1,0
gaokao2023en,bbeam1,step-profile-config2-bbeam1-gaokao2023en-exclusive0817,267,267,5,draft|draft_verify,119.58909034729004,82.41415023803711,0.0,305,26,285,5,0,0,1,1,0
gaokao2023en,bbeam1,step-profile-config2-bbeam1-gaokao2023en-exclusive0817,267,267,6,draft|draft_verify,89.36929702758789,81.61568641662598,0.0,331,19,306,6,0,0,1,1,0
gaokao2023en,bbeam1,step-profile-config2-bbeam1-gaokao2023en-exclusive0817,267,267,7,draft|draft_verify,121.57320976257324,94.40016746520996,0.0,350,26,334,7,0,0,1,1,0
gaokao2023en,bbeam1,step-profile-config2-bbeam1-gaokao2023en-exclusive0817,267,267,8,draft|draft_verify,85.5262279510498,93.59955787658691,0.0,376,18,354,8,0,0,1,1,0
gaokao2023en,bbeam1,step-profile-config2-bbeam1-gaokao2023en-exclusive0817,267,267,9,draft|draft_verify,136.3532543182373,125.23961067199707,0.0,394,29,385,9,0,0,1,1,0
gaokao2023en,bbeam1,step-profile-config2-bbeam1-gaokao2023en-exclusive0817,267,267,10,draft|draft_verify,52.59847640991211,124.80044364929199,0.0,423,11,398,10,0,0,1,1,0
gaokao2023en,bbeam1,step-profile-config2-bbeam1-gaokao2023en-exclusive0817,267,267,11,draft|draft_verify,172.52278327941895,127.26879119873047,0.0,434,37,437,11,0,0,1,1,0
gaokao2023en,bbeam1,step-profile-config2-bbeam1-gaokao2023en-exclusive0817,267,267,12,draft|draft_verify|target|backtracking_verify,20.600557327270508,254.33635711669922,86.84706687927246,471,4,887,24,471,5,1,2,1
gaokao2023en,bbeam1,step-profile-config2-bbeam1-gaokao2023en-exclusive0817,267,267,13,draft|draft_verify|target|target_rescue_verify,235.14199256896973,511.7201805114746,417.70386695861816,951,48,1878,52,951,48,2,4,2
gaokao2023en,bbeam1,step-profile-config2-bbeam1-gaokao2023en-exclusive0817,267,267,14,draft|draft_verify,26.625394821166992,142.84324645996094,0.0,505,5,482,14,0,0,1,1,0
gaokao2023en,bbeam1,step-profile-config2-bbeam1-gaokao2023en-exclusive0817,267,267,15,draft|draft_verify,120.16439437866211,136.80696487426758,0.0,510,28,512,15,0,0,1,1,0
gaokao2023en,bbeam1,step-profile-config2-bbeam1-gaokao2023en-exclusive0817,267,267,16,draft|draft_verify,176.93424224853516,128.33523750305176,0.0,538,42,556,16,0,0,1,1,0
gaokao2023en,bbeam1,step-profile-config2-bbeam1-gaokao2023en-exclusive0817,267,267,17,draft|draft_verify,42.2511100769043,127.99811363220215,0.0,580,10,568,17,0,0,1,1,0
gaokao2023en,bbeam1,step-profile-config2-bbeam1-gaokao2023en-exclusive0817,267,267,18,draft|draft_verify,389.07599449157715,152.09579467773438,0.0,590,93,663,18,0,0,1,1,0
gaokao2023en,bbeam1,step-profile-config2-bbeam1-gaokao2023en-exclusive0817,267,267,19,draft|draft_verify,45.14932632446289,152.07290649414062,0.0,683,10,675,19,0,0,1,1,0
gaokao2023en,bbeam1,step-profile-config2-bbeam1-gaokao2023en-exclusive0817,267,267,20,draft|draft_verify,380.2168369293213,173.431396484375,0.0,693,93,770,20,0,0,1,1,0
gaokao2023en,bbeam1,step-profile-config2-bbeam1-gaokao2023en-exclusive0817,267,267,21,draft|draft_verify,149.3687629699707,37162.64271736145,0.0,786,36,808,21,0,0,1,1,0
gaokao2023en,bbeam1,step-profile-config2-bbeam1-gaokao2023en-exclusive0817,267,267,22,draft|draft_verify|target|backtracking_verify,453.9942741394043,479.40778732299805,580.4276466369629,822,93,1806,44,822,93,1,2,1
gaokao2023en,bbeam1,step-profile-config2-bbeam1-gaokao2023en-exclusive0817,267,267,23,draft|draft_verify|target|backtracking_verify,102.83923149108887,602.0989418029785,148.34117889404297,1830,20,2754,69,915,19,2,3,1
gaokao2023en,bbeam1,step-profile-config2-bbeam1-gaokao2023en-exclusive0817,267,267,24,draft|draft_verify|target|backtracking_verify|target_rescue_verify,286.59534454345703,1005.0418376922607,409.3639850616455,2784,59,4719,120,1859,57,3,5,2
gaokao2023en,bbeam1,step-profile-config2-bbeam1-gaokao2023en-exclusive0817,267,267,25,draft|draft_verify|target|target_rescue_verify|backtracking_verify,420.5336570739746,1613.6116981506348,757.5993537902832,3790,87,7708,200,3790,89,4,8,4
gaokao2023en,bbeam1,step-profile-config2-bbeam1-gaokao2023en-exclusive0817,267,267,26,draft|draft_verify|target|target_rescue_verify,352.1702289581299,1420.6297397613525,449.76043701171875,3925,70,6986,182,2964,55,4,7,3
gaokao2023en,bbeam1,step-profile-config2-bbeam1-gaokao2023en-exclusive0817,268,268,1,draft|draft_verify,130.7821273803711,31.029939651489258,0.0,94,29,69,1,0,0,1,1,0
gaokao2023en,bbeam1,step-profile-config2-bbeam1-gaokao2023en-exclusive0817,268,268,2,draft|draft_verify,265.4116153717041,47.24407196044922,0.0,123,60,131,2,0,0,1,1,0
gaokao2023en,bbeam1,step-profile-config2-bbeam1-gaokao2023en-exclusive0817,268,268,3,draft|draft_verify,270.552396774292,60.655832290649414,0.0,183,60,193,3,0,0,1,1,0
gaokao2023en,bbeam1,step-profile-config2-bbeam1-gaokao2023en-exclusive0817,268,268,4,draft|draft_verify,237.36190795898438,61.91682815551758,0.0,243,52,247,4,0,0,1,1,0
gaokao2023en,bbeam1,step-profile-config2-bbeam1-gaokao2023en-exclusive0817,268,268,5,draft|draft_verify,407.9411029815674,95.72267532348633,0.0,295,87,336,5,0,0,1,1,0
gaokao2023en,bbeam1,step-profile-config2-bbeam1-gaokao2023en-exclusive0817,268,268,6,draft|draft_verify,119.06242370605469,102.68878936767578,0.0,382,27,365,6,0,0,1,1,0
gaokao2023en,bbeam1,step-profile-config2-bbeam1-gaokao2023en-exclusive0817,269,269,1,draft|draft_verify,200.49786567687988,34.0113639831543,0.0,97,50,93,1,0,0,1,1,0
gaokao2023en,bbeam1,step-profile-config2-bbeam1-gaokao2023en-exclusive0817,269,269,2,draft|draft_verify,225.99124908447266,56.88762664794922,0.0,147,57,152,2,0,0,1,1,0
gaokao2023en,bbeam1,step-profile-config2-bbeam1-gaokao2023en-exclusive0817,269,269,3,draft|draft_verify,501.67059898376465,86.28153800964355,0.0,204,112,266,3,0,0,1,1,0
gaokao2023en,bbeam1,step-profile-config2-bbeam1-gaokao2023en-exclusive0817,270,270,1,draft|draft_verify,313.77506256103516,34.9276065826416,0.0,103,71,120,1,0,0,1,1,0
gaokao2023en,bbeam1,step-profile-config2-bbeam1-gaokao2023en-exclusive0817,270,270,2,draft|draft_verify,103.24311256408691,56.31566047668457,0.0,174,25,147,2,0,0,1,1,0
gaokao2023en,bbeam1,step-profile-config2-bbeam1-gaokao2023en-exclusive0817,270,270,3,draft|draft_verify,42.39177703857422,56.757211685180664,0.0,199,11,160,3,0,0,1,1,0
gaokao2023en,bbeam1,step-profile-config2-bbeam1-gaokao2023en-exclusive0817,270,270,4,draft|draft_verify,88.22798728942871,57.298898696899414,0.0,210,21,183,4,0,0,1,1,0
gaokao2023en,bbeam1,step-profile-config2-bbeam1-gaokao2023en-exclusive0817,270,270,5,draft|draft_verify,95.47805786132812,67.41595268249512,0.0,231,23,208,5,0,0,1,1,0
gaokao2023en,bbeam1,step-profile-config2-bbeam1-gaokao2023en-exclusive0817,270,270,6,draft|draft_verify,105.67831993103027,62.16931343078613,0.0,254,22,232,6,0,0,1,1,0
gaokao2023en,bbeam1,step-profile-config2-bbeam1-gaokao2023en-exclusive0817,270,270,7,draft|draft_verify,49.283742904663086,61.96856498718262,0.0,276,9,243,7,0,0,1,1,0
gaokao2023en,bbeam1,step-profile-config2-bbeam1-gaokao2023en-exclusive0817,270,270,8,draft|draft_verify,76.56359672546387,78.7210464477539,0.0,285,18,263,8,0,0,1,1,0
gaokao2023en,bbeam1,step-profile-config2-bbeam1-gaokao2023en-exclusive0817,270,270,9,draft|draft_verify,95.6885814666748,78.50122451782227,0.0,303,19,284,9,0,0,1,1,0
gaokao2023en,bbeam1,step-profile-config2-bbeam1-gaokao2023en-exclusive0817,271,271,1,draft|draft_verify,231.20546340942383,34.38997268676758,0.0,123,51,120,1,0,0,1,1,0
gaokao2023en,bbeam1,step-profile-config2-bbeam1-gaokao2023en-exclusive0817,271,271,2,draft|draft_verify,36.93509101867676,48.55656623840332,0.0,174,8,130,2,0,0,1,1,0
gaokao2023en,bbeam1,step-profile-config2-bbeam1-gaokao2023en-exclusive0817,271,271,3,draft|draft_verify,250.11944770812988,58.06922912597656,0.0,182,57,189,3,0,0,1,1,0
gaokao2023en,bbeam1,step-profile-config2-bbeam1-gaokao2023en-exclusive0817,271,271,4,draft|draft_verify,95.703125,59.94606018066406,0.0,239,22,213,4,0,0,1,1,0
gaokao2023en,bbeam1,step-profile-config2-bbeam1-gaokao2023en-exclusive0817,271,271,5,draft|draft_verify,85.06655693054199,60.753822326660156,0.0,261,18,233,5,0,0,1,1,0
gaokao2023en,bbeam1,step-profile-config2-bbeam1-gaokao2023en-exclusive0817,271,271,6,draft|draft_verify,117.71512031555176,78.67002487182617,0.0,279,25,260,6,0,0,1,1,0
gaokao2023en,bbeam1,step-profile-config2-bbeam1-gaokao2023en-exclusive0817,271,271,7,draft|draft_verify,29.328346252441406,76.44295692443848,0.0,304,6,268,7,0,0,1,1,0
gaokao2023en,bbeam1,step-profile-config2-bbeam1-gaokao2023en-exclusive0817,271,271,8,draft|draft_verify,172.77789115905762,77.79216766357422,0.0,310,37,307,8,0,0,1,1,0
gaokao2023en,bbeam1,step-profile-config2-bbeam1-gaokao2023en-exclusive0817,271,271,9,draft|draft_verify,93.96028518676758,92.04244613647461,0.0,347,20,329,9,0,0,1,1,0
gaokao2023en,bbeam1,step-profile-config2-bbeam1-gaokao2023en-exclusive0817,271,271,10,draft|draft_verify,117.09380149841309,91.88175201416016,0.0,367,25,356,10,0,0,1,1,0
gaokao2023en,bbeam1,step-profile-config2-bbeam1-gaokao2023en-exclusive0817,271,271,11,draft|draft_verify,102.87857055664062,93.13511848449707,0.0,392,22,380,11,0,0,1,1,0
gaokao2023en,bbeam1,step-profile-config2-bbeam1-gaokao2023en-exclusive0817,271,271,12,draft|draft_verify,66.02191925048828,125.2291202545166,0.0,414,14,396,12,0,0,1,1,0
gaokao2023en,bbeam1,step-profile-config2-bbeam1-gaokao2023en-exclusive0817,271,271,13,draft|draft_verify,79.47921752929688,132.110595703125,0.0,428,16,414,13,0,0,1,1,0
gaokao2023en,bbeam1,step-profile-config2-bbeam1-gaokao2023en-exclusive0817,272,272,1,draft|draft_verify,272.9954719543457,31.01801872253418,0.0,100,58,104,1,0,0,1,1,0
gaokao2023en,bbeam1,step-profile-config2-bbeam1-gaokao2023en-exclusive0817,272,272,2,draft|draft_verify,299.47829246520996,51.73540115356445,0.0,158,67,173,2,0,0,1,1,0
gaokao2023en,bbeam1,step-profile-config2-bbeam1-gaokao2023en-exclusive0817,272,272,3,draft|draft_verify,164.21270370483398,60.95743179321289,0.0,225,37,212,3,0,0,1,1,0
gaokao2023en,bbeam1,step-profile-config2-bbeam1-gaokao2023en-exclusive0817,272,272,4,draft|draft_verify|target|target_rescue_verify,150.7725715637207,122.50280380249023,241.43075942993164,262,37,497,8,262,32,1,2,1
gaokao2023en,bbeam1,step-profile-config2-bbeam1-gaokao2023en-exclusive0817,272,272,5,draft|draft_verify,157.2732925415039,85.83998680114746,0.0,294,34,282,5,0,0,1,1,0
gaokao2023en,bbeam1,step-profile-config2-bbeam1-gaokao2023en-exclusive0817,272,272,6,draft|draft_verify,184.2672824859619,104.56538200378418,0.0,328,38,322,6,0,0,1,1,0
gaokao2023en,bbeam1,step-profile-config2-bbeam1-gaokao2023en-exclusive0817,272,272,7,draft|draft_verify,315.98901748657227,126.3589859008789,0.0,366,72,396,7,0,0,1,1,0
gaokao2023en,bbeam1,step-profile-config2-bbeam1-gaokao2023en-exclusive0817,272,272,8,draft|draft_verify,207.89384841918945,126.92093849182129,0.0,438,44,442,8,0,0,1,1,0
gaokao2023en,bbeam1,step-profile-config2-bbeam1-gaokao2023en-exclusive0817,272,272,9,draft|draft_verify|target|target_rescue_verify,136.21163368225098,257.9066753387451,505.7857036590576,482,28,994,18,482,78,1,2,1
gaokao2023en,bbeam1,step-profile-config2-bbeam1-gaokao2023en-exclusive0817,272,272,10,draft|draft_verify,505.05805015563965,133.6658000946045,0.0,560,113,637,10,0,0,1,1,0
gaokao2023en,bbeam1,step-profile-config2-bbeam1-gaokao2023en-exclusive0817,272,272,11,draft|draft_verify,113.67630958557129,152.32610702514648,0.0,673,22,661,11,0,0,1,1,0
gaokao2023en,bbeam1,step-profile-config2-bbeam1-gaokao2023en-exclusive0817,273,273,1,draft|draft_verify,117.4931526184082,30.379056930541992,0.0,105,26,77,1,0,0,1,1,0
gaokao2023en,bbeam1,step-profile-config2-bbeam1-gaokao2023en-exclusive0817,273,273,2,draft|draft_verify,80.09743690490723,29.56390380859375,0.0,131,18,97,2,0,0,1,1,0
gaokao2023en,bbeam1,step-profile-config2-bbeam1-gaokao2023en-exclusive0817,273,273,3,draft|draft_verify|target|target_rescue_verify,285.60638427734375,83.33110809326172,181.55169486999512,149,65,286,6,149,23,1,2,1
gaokao2023en,bbeam1,step-profile-config2-bbeam1-gaokao2023en-exclusive0817,273,273,4,draft|draft_verify,36928.30276489258,98.62375259399414,0.0,172,45,169,4,0,0,1,1,0
gaokao2023en,bbeam1,step-profile-config2-bbeam1-gaokao2023en-exclusive0817,273,273,5,draft|draft_verify,87.56303787231445,66.24102592468262,0.0,217,20,191,5,0,0,1,1,0
gaokao2023en,bbeam1,step-profile-config2-bbeam1-gaokao2023en-exclusive0817,273,273,6,draft|draft_verify,92.32258796691895,68.19868087768555,0.0,237,21,214,6,0,0,1,1,0
gaokao2023en,bbeam1,step-profile-config2-bbeam1-gaokao2023en-exclusive0817,273,273,7,draft|draft_verify,88.4857177734375,68.33338737487793,0.0,258,22,238,7,0,0,1,1,0
gaokao2023en,bbeam1,step-profile-config2-bbeam1-gaokao2023en-exclusive0817,273,273,8,draft|draft_verify,45.78971862792969,68.01867485046387,0.0,280,11,251,8,0,0,1,1,0
gaokao2023en,bbeam1,step-profile-config2-bbeam1-gaokao2023en-exclusive0817,273,273,9,draft|draft_verify,48.28453063964844,78.99975776672363,0.0,291,10,263,9,0,0,1,1,0
gaokao2023en,bbeam1,step-profile-config2-bbeam1-gaokao2023en-exclusive0817,273,273,10,draft|draft_verify,50.89139938354492,77.48699188232422,0.0,301,11,276,10,0,0,1,1,0
gaokao2023en,bbeam1,step-profile-config2-bbeam1-gaokao2023en-exclusive0817,273,273,11,draft|draft_verify,64.97001647949219,78.35102081298828,0.0,312,15,293,11,0,0,1,1,0
gaokao2023en,bbeam1,step-profile-config2-bbeam1-gaokao2023en-exclusive0817,273,273,12,draft|draft_verify,71.7611312866211,78.02224159240723,0.0,327,14,309,12,0,0,1,1,0
gaokao2023en,bbeam1,step-profile-config2-bbeam1-gaokao2023en-exclusive0817,273,273,13,draft|draft_verify,95.62993049621582,92.31686592102051,0.0,341,20,331,13,0,0,1,1,0
gaokao2023en,bbeam1,step-profile-config2-bbeam1-gaokao2023en-exclusive0817,273,273,14,draft|draft_verify,43.949127197265625,92.6668643951416,0.0,361,9,342,14,0,0,1,1,0
gaokao2023en,bbeam1,step-profile-config2-bbeam1-gaokao2023en-exclusive0817,273,273,15,draft|draft_verify,82.84687995910645,94.1166877746582,0.0,370,17,361,15,0,0,1,1,0
gaokao2023en,bbeam1,step-profile-config2-bbeam1-gaokao2023en-exclusive0817,273,273,16,draft|draft_verify,53.85422706604004,94.26116943359375,0.0,387,11,374,16,0,0,1,1,0
gaokao2023en,bbeam1,step-profile-config2-bbeam1-gaokao2023en-exclusive0817,273,273,17,draft|draft_verify,49.42727088928223,127.64811515808105,0.0,398,9,385,17,0,0,1,1,0
gaokao2023en,bbeam1,step-profile-config2-bbeam1-gaokao2023en-exclusive0817,274,274,1,draft|draft_verify,118.80803108215332,31.16750717163086,0.0,134,25,105,1,0,0,1,1,0
gaokao2023en,bbeam1,step-profile-config2-bbeam1-gaokao2023en-exclusive0817,274,274,2,draft|draft_verify,174.21603202819824,50.71377754211426,0.0,159,39,146,2,0,0,1,1,0
gaokao2023en,bbeam1,step-profile-config2-bbeam1-gaokao2023en-exclusive0817,274,274,3,draft|draft_verify|target|target_rescue_verify,722.022294998169,129.3199062347412,216.84980392456055,198,155,478,6,198,28,1,2,1
gaokao2023en,bbeam1,step-profile-config2-bbeam1-gaokao2023en-exclusive0817,274,274,4,draft|draft_verify|target|target_rescue_verify,554.9213886260986,156.45885467529297,414.8106575012207,226,121,540,8,226,65,1,2,1
gaokao2023en,bbeam1,step-profile-config2-bbeam1-gaokao2023en-exclusive0817,274,274,5,draft|draft_verify,31.863927841186523,67.00706481933594,0.0,291,6,250,5,0,0,1,1,0
gaokao2023en,bbeam1,step-profile-config2-bbeam1-gaokao2023en-exclusive0817,274,274,6,draft|draft_verify,151.106595993042,77.51655578613281,0.0,297,32,284,6,0,0,1,1,0
gaokao2023en,bbeam1,step-profile-config2-bbeam1-gaokao2023en-exclusive0817,274,274,7,draft|draft_verify,200.4258632659912,93.42837333679199,0.0,329,49,335,7,0,0,1,1,0
gaokao2023en,bbeam1,step-profile-config2-bbeam1-gaokao2023en-exclusive0817,274,274,8,draft|draft_verify,198.43816757202148,95.98660469055176,0.0,378,41,378,8,0,0,1,1,0
gaokao2023en,bbeam1,step-profile-config2-bbeam1-gaokao2023en-exclusive0817,274,274,9,draft|draft_verify,144.98162269592285,131.84309005737305,0.0,419,32,412,9,0,0,1,1,0
gaokao2023en,bbeam1,step-profile-config2-bbeam1-gaokao2023en-exclusive0817,275,275,1,draft|draft_verify,120.70250511169434,31.679153442382812,0.0,100,26,72,1,0,0,1,1,0
gaokao2023en,bbeam1,step-profile-config2-bbeam1-gaokao2023en-exclusive0817,275,275,2,draft|draft_verify,166.3069725036621,30.61819076538086,0.0,126,38,112,2,0,0,1,1,0
gaokao2023en,bbeam1,step-profile-config2-bbeam1-gaokao2023en-exclusive0817,275,275,3,draft|draft_verify|target|target_rescue_verify,261.96813583374023,103.36065292358398,326.9317150115967,164,61,337,6,164,48,1,2,1
gaokao2023en,bbeam1,step-profile-config2-bbeam1-gaokao2023en-exclusive0817,275,275,4,draft|draft_verify,246.2756633758545,60.45031547546387,0.0,212,55,219,4,0,0,1,1,0
gaokao2023en,bbeam1,step-profile-config2-bbeam1-gaokao2023en-exclusive0817,275,275,5,draft|draft_verify,243.7751293182373,87.35346794128418,0.0,267,50,271,5,0,0,1,1,0
gaokao2023en,bbeam1,step-profile-config2-bbeam1-gaokao2023en-exclusive0817,275,275,6,draft|draft_verify,310.375452041626,101.3936996459961,0.0,317,62,335,6,0,0,1,1,0
gaokao2023en,bbeam1,step-profile-config2-bbeam1-gaokao2023en-exclusive0817,275,275,7,draft|draft_verify,176.46455764770508,95.69454193115234,0.0,379,36,373,7,0,0,1,1,0
gaokao2023en,bbeam1,step-profile-config2-bbeam1-gaokao2023en-exclusive0817,275,275,8,draft|draft_verify,312.558650970459,126.78384780883789,0.0,415,65,440,8,0,0,1,1,0
gaokao2023en,bbeam1,step-profile-config2-bbeam1-gaokao2023en-exclusive0817,275,275,9,draft|draft_verify,158.25653076171875,128.20720672607422,0.0,480,32,474,9,0,0,1,1,0
gaokao2023en,bbeam1,step-profile-config2-bbeam1-gaokao2023en-exclusive0817,276,276,1,draft|draft_verify,224.4558334350586,47.41501808166504,0.0,136,51,133,1,0,0,1,1,0
gaokao2023en,bbeam1,step-profile-config2-bbeam1-gaokao2023en-exclusive0817,276,276,2,draft|draft_verify,41.6874885559082,51.17917060852051,0.0,187,9,144,2,0,0,1,1,0
gaokao2023en,bbeam1,step-profile-config2-bbeam1-gaokao2023en-exclusive0817,276,276,3,draft|draft_verify,289.959192276001,60.91666221618652,0.0,196,65,211,3,0,0,1,1,0
gaokao2023en,bbeam1,step-profile-config2-bbeam1-gaokao2023en-exclusive0817,276,276,4,draft|draft_verify,161.17405891418457,65.6137466430664,0.0,261,34,247,4,0,0,1,1,0
gaokao2023en,bbeam1,step-profile-config2-bbeam1-gaokao2023en-exclusive0817,276,276,5,draft|draft_verify|target|target_rescue_verify,175.69613456726074,156.2035083770752,348.9398956298828,295,37,584,10,295,49,1,2,1
gaokao2023en,bbeam1,step-profile-config2-bbeam1-gaokao2023en-exclusive0817,276,276,6,draft|draft_verify,349.63369369506836,94.39301490783691,0.0,344,73,373,6,0,0,1,1,0
gaokao2023en,bbeam1,step-profile-config2-bbeam1-gaokao2023en-exclusive0817,276,276,7,draft|draft_verify,97.76139259338379,126.30414962768555,0.0,417,20,395,7,0,0,1,1,0
gaokao2023en,bbeam1,step-profile-config2-bbeam1-gaokao2023en-exclusive0817,277,277,1,draft|draft_verify,474.0023612976074,53.43294143676758,0.0,119,107,172,1,0,0,1,1,0
gaokao2023en,bbeam1,step-profile-config2-bbeam1-gaokao2023en-exclusive0817,277,277,2,draft|draft_verify,242.0029640197754,61.39683723449707,0.0,226,55,229,2,0,0,1,1,0
gaokao2023en,bbeam1,step-profile-config2-bbeam1-gaokao2023en-exclusive0817,277,277,3,draft|draft_verify,458.20116996765137,92.77868270874023,0.0,281,95,326,3,0,0,1,1,0
gaokao2023en,bbeam1,step-profile-config2-bbeam1-gaokao2023en-exclusive0817,277,277,4,draft|draft_verify,89.63704109191895,93.7047004699707,0.0,376,20,348,4,0,0,1,1,0
gaokao2023en,bbeam1,step-profile-config2-bbeam1-gaokao2023en-exclusive0817,278,278,1,draft|draft_verify,83.08744430541992,52.35576629638672,0.0,212,18,177,1,0,0,1,1,0
gaokao2023en,bbeam1,step-profile-config2-bbeam1-gaokao2023en-exclusive0817,278,278,2,draft|draft_verify,68.74871253967285,61.05232238769531,0.0,230,15,194,2,0,0,1,1,0
gaokao2023en,bbeam1,step-profile-config2-bbeam1-gaokao2023en-exclusive0817,278,278,3,draft|draft_verify,265.28000831604004,61.771392822265625,0.0,245,58,254,3,0,0,1,1,0
gaokao2023en,bbeam1,step-profile-config2-bbeam1-gaokao2023en-exclusive0817,278,278,4,draft|draft_verify,85.23726463317871,76.94458961486816,0.0,303,18,274,4,0,0,1,1,0
gaokao2023en,bbeam1,step-profile-config2-bbeam1-gaokao2023en-exclusive0817,278,278,5,draft|draft_verify,314.3942356109619,93.80912780761719,0.0,321,69,345,5,0,0,1,1,0
gaokao2023en,bbeam1,step-profile-config2-bbeam1-gaokao2023en-exclusive0817,278,278,6,draft|draft_verify,133.77022743225098,94.15793418884277,0.0,390,29,376,6,0,0,1,1,0
gaokao2023en,bbeam1,step-profile-config2-bbeam1-gaokao2023en-exclusive0817,278,278,7,draft|draft_verify,72.89862632751465,125.23341178894043,0.0,419,15,393,7,0,0,1,1,0
gaokao2023en,bbeam1,step-profile-config2-bbeam1-gaokao2023en-exclusive0817,278,278,8,draft|draft_verify,124.51624870300293,127.47025489807129,0.0,434,26,421,8,0,0,1,1,0
gaokao2023en,bbeam1,step-profile-config2-bbeam1-gaokao2023en-exclusive0817,278,278,9,draft|draft_verify,54.036617279052734,126.48415565490723,0.0,460,11,434,9,0,0,1,1,0
gaokao2023en,bbeam1,step-profile-config2-bbeam1-gaokao2023en-exclusive0817,278,278,10,draft|draft_verify,53.87091636657715,127.80094146728516,0.0,471,11,447,10,0,0,1,1,0
gaokao2023en,bbeam1,step-profile-config2-bbeam1-gaokao2023en-exclusive0817,278,278,11,draft|draft_verify|target|backtracking_verify,81.97975158691406,255.40709495544434,190.8881664276123,482,17,940,22,482,25,1,2,1
gaokao2023en,bbeam1,step-profile-config2-bbeam1-gaokao2023en-exclusive0817,278,278,12,draft|draft_verify|target|target_rescue_verify,412.10317611694336,399.29747581481934,148.23246002197266,1006,86,1512,36,499,14,2,3,1
gaokao2023en,bbeam1,step-profile-config2-bbeam1-gaokao2023en-exclusive0817,278,278,13,draft|draft_verify,25.39968490600586,128.16810607910156,0.0,585,5,561,13,0,0,1,1,0
gaokao2023en,bbeam1,step-profile-config2-bbeam1-gaokao2023en-exclusive0817,278,278,14,draft|draft_verify|target|target_rescue_verify,738.9664649963379,293.3645248413086,221.30227088928223,590,157,1313,28,590,30,1,2,1
gaokao2023en,bbeam1,step-profile-config2-bbeam1-gaokao2023en-exclusive0817,278,278,15,draft|draft_verify,149.11174774169922,132.8434944152832,0.0,620,31,626,15,0,0,1,1,0
gaokao2023en,bbeam1,step-profile-config2-bbeam1-gaokao2023en-exclusive0817,278,278,16,draft|draft_verify,146.74758911132812,152.8944969177246,0.0,651,31,659,16,0,0,1,1,0
gaokao2023en,bbeam1,step-profile-config2-bbeam1-gaokao2023en-exclusive0817,278,278,17,draft|draft_verify|target|backtracking_verify,178.50446701049805,309.56244468688965,237.75053024291992,682,38,1393,34,682,33,1,2,1
gaokao2023en,bbeam1,step-profile-config2-bbeam1-gaokao2023en-exclusive0817,278,278,18,draft|draft_verify|target|backtracking_verify,257.7211856842041,468.597412109375,232.51843452453613,1435,54,2184,54,720,32,2,3,1
gaokao2023en,bbeam1,step-profile-config2-bbeam1-gaokao2023en-exclusive0817,278,278,19,draft|draft_verify|target|target_rescue_verify|backtracking_verify,713.526725769043,1054.4750690460205,1637.061595916748,2241,152,4790,114,2241,258,3,6,3
gaokao2023en,bbeam1,step-profile-config2-bbeam1-gaokao2023en-exclusive0817,278,278,20,draft|draft_verify|target|target_rescue_verify,41.06020927429199,319.8535442352295,114.89701271057129,747,7,1483,40,747,12,1,2,1
gaokao2023en,bbeam1,step-profile-config2-bbeam1-gaokao2023en-exclusive0817,278,278,21,draft|draft_verify,31.408071517944336,159.21521186828613,0.0,759,6,752,21,0,0,1,1,0
gaokao2023en,bbeam1,step-profile-config2-bbeam1-gaokao2023en-exclusive0817,278,278,22,draft|draft_verify,29.955625534057617,156.5079689025879,0.0,765,5,759,22,0,0,1,1,0
gaokao2023en,bbeam1,step-profile-config2-bbeam1-gaokao2023en-exclusive0817,279,279,1,draft|draft_verify,99.1065502166748,33297.30796813965,0.0,120,24,90,1,0,0,1,1,0
gaokao2023en,bbeam1,step-profile-config2-bbeam1-gaokao2023en-exclusive0817,279,279,2,draft|draft_verify,311.54322624206543,136.44027709960938,0.0,144,47,139,2,0,0,1,1,0
gaokao2023en,bbeam1,step-profile-config2-bbeam1-gaokao2023en-exclusive0817,279,279,3,draft|draft_verify,260.8373165130615,68.20225715637207,0.0,191,59,200,3,0,0,1,1,0
gaokao2023en,bbeam1,step-profile-config2-bbeam1-gaokao2023en-exclusive0817,279,279,4,draft|draft_verify,323.02093505859375,87.39733695983887,0.0,250,71,273,4,0,0,1,1,0
gaokao2023en,bbeam1,step-profile-config2-bbeam1-gaokao2023en-exclusive0817,279,279,5,draft|draft_verify,416.34654998779297,106.22620582580566,0.0,321,91,366,5,0,0,1,1,0
gaokao2023en,bbeam1,step-profile-config2-bbeam1-gaokao2023en-exclusive0817,279,279,6,draft|draft_verify,224.87783432006836,143.35393905639648,0.0,412,46,414,6,0,0,1,1,0
gaokao2023en,bbeam1,step-profile-config2-bbeam1-gaokao2023en-exclusive0817,279,279,7,draft|draft_verify,111.62996292114258,126.28316879272461,0.0,458,22,438,7,0,0,1,1,0
gaokao2023en,bbeam1,step-profile-config2-bbeam1-gaokao2023en-exclusive0817,280,280,1,draft|draft_verify,90.16275405883789,29.15811538696289,0.0,118,20,84,1,0,0,1,1,0
gaokao2023en,bbeam1,step-profile-config2-bbeam1-gaokao2023en-exclusive0817,280,280,2,draft|draft_verify,214.51735496520996,46.514272689819336,0.0,138,49,135,2,0,0,1,1,0
gaokao2023en,bbeam1,step-profile-config2-bbeam1-gaokao2023en-exclusive0817,280,280,3,draft|draft_verify,75.67143440246582,49.83949661254883,0.0,187,17,154,3,0,0,1,1,0
gaokao2023en,bbeam1,step-profile-config2-bbeam1-gaokao2023en-exclusive0817,280,280,4,draft|draft_verify,208.36591720581055,60.13655662536621,0.0,204,46,202,4,0,0,1,1,0
gaokao2023en,bbeam1,step-profile-config2-bbeam1-gaokao2023en-exclusive0817,280,280,5,draft|draft_verify|target|target_rescue_verify,360.7473373413086,148.23150634765625,346.52209281921387,250,74,529,10,250,47,1,2,1
gaokao2023en,bbeam1,step-profile-config2-bbeam1-gaokao2023en-exclusive0817,280,280,6,draft|draft_verify,305.4940700531006,88.01388740539551,0.0,297,65,318,6,0,0,1,1,0
gaokao2023en,bbeam1,step-profile-config2-bbeam1-gaokao2023en-exclusive0817,280,280,7,draft|draft_verify,241.6858673095703,103.92260551452637,0.0,362,51,371,7,0,0,1,1,0
gaokao2023en,bbeam1,step-profile-config2-bbeam1-gaokao2023en-exclusive0817,280,280,8,draft|draft_verify,134.56201553344727,125.4417896270752,0.0,413,27,400,8,0,0,1,1,0
gaokao2023en,bbeam1,step-profile-config2-bbeam1-gaokao2023en-exclusive0817,281,281,1,draft|draft_verify,137.85600662231445,30.709028244018555,0.0,97,30,73,1,0,0,1,1,0
gaokao2023en,bbeam1,step-profile-config2-bbeam1-gaokao2023en-exclusive0817,281,281,2,draft|draft_verify,794.9273586273193,69.92101669311523,0.0,127,173,248,2,0,0,1,1,0
gaokao2023en,bbeam1,step-profile-config2-bbeam1-gaokao2023en-exclusive0817,281,281,3,draft|draft_verify,378.9393901824951,92.14401245117188,0.0,300,70,320,3,0,0,1,1,0
gaokao2023en,bbeam1,step-profile-config2-bbeam1-gaokao2023en-exclusive0817,281,281,4,draft|draft_verify,388.7605667114258,141.5882110595703,0.0,370,90,412,4,0,0,1,1,0
gaokao2023en,bbeam1,step-profile-config2-bbeam1-gaokao2023en-exclusive0817,281,281,5,draft|draft_verify,89.31350708007812,127.22492218017578,0.0,460,16,430,5,0,0,1,1,0
gaokao2023en,bbeam1,step-profile-config2-bbeam1-gaokao2023en-exclusive0817,282,282,1,draft|draft_verify,145.20025253295898,61.36274337768555,0.0,278,30,254,1,0,0,1,1,0
gaokao2023en,bbeam1,step-profile-config2-bbeam1-gaokao2023en-exclusive0817,282,282,2,draft|draft_verify|target|target_rescue_verify,481.28366470336914,175.75860023498535,219.67196464538574,308,99,635,4,308,26,1,2,1
gaokao2023en,bbeam1,step-profile-config2-bbeam1-gaokao2023en-exclusive0817,282,282,3,draft|draft_verify,125.17595291137695,78.52864265441895,0.0,334,26,308,3,0,0,1,1,0
gaokao2023en,bbeam1,step-profile-config2-bbeam1-gaokao2023en-exclusive0817,282,282,4,draft|draft_verify,132.00974464416504,97.32532501220703,0.0,360,26,335,4,0,0,1,1,0
gaokao2023en,bbeam1,step-profile-config2-bbeam1-gaokao2023en-exclusive0817,282,282,5,draft|draft_verify,73.43459129333496,93.13130378723145,0.0,386,12,349,5,0,0,1,1,0
gaokao2023en,bbeam1,step-profile-config2-bbeam1-gaokao2023en-exclusive0817,282,282,6,draft|draft_verify,236.1452579498291,126.09148025512695,0.0,398,53,404,6,0,0,1,1,0
gaokao2023en,bbeam1,step-profile-config2-bbeam1-gaokao2023en-exclusive0817,282,282,7,draft|draft_verify,234.11846160888672,127.9146671295166,0.0,451,54,460,7,0,0,1,1,0
gaokao2023en,bbeam1,step-profile-config2-bbeam1-gaokao2023en-exclusive0817,282,282,8,draft|draft_verify,231.2619686126709,130.80143928527832,0.0,505,54,516,8,0,0,1,1,0
gaokao2023en,bbeam1,step-profile-config2-bbeam1-gaokao2023en-exclusive0817,282,282,9,draft|draft_verify,87.18013763427734,129.319429397583,0.0,559,17,535,9,0,0,1,1,0
gaokao2023en,bbeam1,step-profile-config2-bbeam1-gaokao2023en-exclusive0817,282,282,10,draft|draft_verify,232.36918449401855,132.0946216583252,0.0,576,49,586,10,0,0,1,1,0
gaokao2023en,bbeam1,step-profile-config2-bbeam1-gaokao2023en-exclusive0817,282,282,11,draft|draft_verify,104.91824150085449,133.3761215209961,0.0,625,22,610,11,0,0,1,1,0
gaokao2023en,bbeam1,step-profile-config2-bbeam1-gaokao2023en-exclusive0817,283,283,1,draft|draft_verify|target|backtracking_verify,207.75866508483887,115.84329605102539,339.71285820007324,191,45,373,2,191,52,1,2,1
gaokao2023en,bbeam1,step-profile-config2-bbeam1-gaokao2023en-exclusive0817,283,283,2,draft|draft_verify|target|target_rescue_verify,379.7132968902588,139.36471939086914,339.7231101989746,236,81,501,4,236,50,1,2,1
gaokao2023en,bbeam1,step-profile-config2-bbeam1-gaokao2023en-exclusive0817,283,283,3,draft|draft_verify|target|target_rescue_verify,267.25029945373535,165.45724868774414,472.69678115844727,286,57,604,6,286,73,1,2,1
gaokao2023en,bbeam1,step-profile-config2-bbeam1-gaokao2023en-exclusive0817,283,283,4,draft|draft_verify,201.88593864440918,100.26812553405762,0.0,359,43,355,4,0,0,1,1,0
gaokao2023en,bbeam1,step-profile-config2-bbeam1-gaokao2023en-exclusive0817,283,283,5,draft|draft_verify,272.1753120422363,138.19050788879395,0.0,402,59,416,5,0,0,1,1,0
gaokao2023en,bbeam1,step-profile-config2-bbeam1-gaokao2023en-exclusive0817,283,283,6,draft|draft_verify,144.53577995300293,127.06613540649414,0.0,461,30,448,6,0,0,1,1,0
gaokao2023en,bbeam1,step-profile-config2-bbeam1-gaokao2023en-exclusive0817,284,284,1,draft|draft_verify|target|backtracking_verify,94.04444694519043,44.68131065368652,175.72355270385742,91,21,118,2,91,23,1,2,1
gaokao2023en,bbeam1,step-profile-config2-bbeam1-gaokao2023en-exclusive0817,284,284,2,draft|draft_verify|target|backtracking_verify|target_rescue_verify,540.5499935150146,134.53435897827148,481.86278343200684,226,99,415,8,226,72,2,4,2
gaokao2023en,bbeam1,step-profile-config2-bbeam1-gaokao2023en-exclusive0817,284,284,3,draft|draft_verify|target|target_rescue_verify,607.6228618621826,255.23686408996582,758.9013576507568,454,128,766,15,318,116,3,5,2
gaokao2023en,bbeam1,step-profile-config2-bbeam1-gaokao2023en-exclusive0817,284,284,4,draft|draft_verify,333.13989639282227,65.93775749206543,0.0,163,76,191,4,0,0,1,1,0
gaokao2023en,bbeam1,step-profile-config2-bbeam1-gaokao2023en-exclusive0817,284,284,5,draft|draft_verify|target|target_rescue_verify,335.7415199279785,153.18036079406738,369.7853088378906,239,74,517,10,239,57,1,2,1
gaokao2023en,bbeam1,step-profile-config2-bbeam1-gaokao2023en-exclusive0817,285,285,1,draft|draft_verify|target|backtracking_verify,359.377384185791,113.88206481933594,463.7417793273926,140,80,326,2,140,74,1,2,1
gaokao2023en,bbeam1,step-profile-config2-bbeam1-gaokao2023en-exclusive0817,285,285,2,draft|draft_verify|target|target_rescue_verify,925.4262447357178,309.7994327545166,1051.8097877502441,434,201,1027,8,434,166,2,4,2
gaokao2023en,bbeam1,step-profile-config2-bbeam1-gaokao2023en-exclusive0817,285,285,3,draft|draft_verify|target|target_rescue_verify,442.7785873413086,182.30676651000977,380.3892135620117,300,100,659,6,300,59,1,2,1
gaokao2023en,bbeam1,step-profile-config2-bbeam1-gaokao2023en-exclusive0817,285,285,4,draft|draft_verify|target|target_rescue_verify,266.481876373291,232.12003707885742,734.9810600280762,359,61,801,8,359,118,1,2,1
gaokao2023en,bbeam1,step-profile-config2-bbeam1-gaokao2023en-exclusive0817,285,285,5,draft|draft_verify,153.69391441345215,128.76176834106445,0.0,477,33,464,5,0,0,1,1,0
gaokao2023en,bbeam1,step-profile-config2-bbeam1-gaokao2023en-exclusive0817,285,285,6,draft|draft_verify,127.89344787597656,145.5700397491455,0.0,510,24,490,6,0,0,1,1,0
gaokao2023en,bbeam1,step-profile-config2-bbeam1-gaokao2023en-exclusive0817,286,286,1,draft|draft_verify,213.7758731842041,31.99934959411621,0.0,112,46,104,1,0,0,1,1,0
gaokao2023en,bbeam1,step-profile-config2-bbeam1-gaokao2023en-exclusive0817,286,286,2,draft|draft_verify|target|backtracking_verify,755.4507255554199,135.84017753601074,427.020788192749,158,165,443,4,158,66,1,2,1
gaokao2023en,bbeam1,step-profile-config2-bbeam1-gaokao2023en-exclusive0817,286,286,3,draft|draft_verify|target|target_rescue_verify,1239.4979000091553,345.16072273254395,1886.2559795379639,547,279,1316,9,323,317,2,3,1
gaokao2023en,bbeam1,step-profile-config2-bbeam1-gaokao2023en-exclusive0817,286,286,4,draft|draft_verify,33.34522247314453,66.47586822509766,0.0,238,6,196,4,0,0,1,1,0
gaokao2023en,bbeam1,step-profile-config2-bbeam1-gaokao2023en-exclusive0817,286,286,5,draft|draft_verify,55.7403564453125,62.577247619628906,0.0,244,12,210,5,0,0,1,1,0
gaokao2023en,bbeam1,step-profile-config2-bbeam1-gaokao2023en-exclusive0817,286,286,6,draft|draft_verify,48.093557357788086,61.4171028137207,0.0,256,11,223,6,0,0,1,1,0
gaokao2023en,bbeam1,step-profile-config2-bbeam1-gaokao2023en-exclusive0817,286,286,7,draft|draft_verify,59.69691276550293,61.37418746948242,0.0,267,14,239,7,0,0,1,1,0
gaokao2023en,bbeam1,step-profile-config2-bbeam1-gaokao2023en-exclusive0817,286,286,8,draft|draft_verify,45.39823532104492,64.83578681945801,0.0,281,10,251,8,0,0,1,1,0
gaokao2023en,bbeam1,step-profile-config2-bbeam1-gaokao2023en-exclusive0817,286,286,9,draft|draft_verify,64.19539451599121,79.2086124420166,0.0,291,13,266,9,0,0,1,1,0
gaokao2023en,bbeam1,step-profile-config2-bbeam1-gaokao2023en-exclusive0817,286,286,10,draft|draft_verify,280.60007095336914,95.30949592590332,0.0,304,59,327,10,0,0,1,1,0
gaokao2023en,bbeam1,step-profile-config2-bbeam1-gaokao2023en-exclusive0817,286,286,11,draft|draft_verify,128.25512886047363,94.17843818664551,0.0,363,27,356,11,0,0,1,1,0
gaokao2023en,bbeam1,step-profile-config2-bbeam1-gaokao2023en-exclusive0817,286,286,12,draft|draft_verify,43.976783752441406,94.51961517333984,0.0,390,9,367,12,0,0,1,1,0
gaokao2023en,bbeam1,step-profile-config2-bbeam1-gaokao2023en-exclusive0817,286,286,13,draft|draft_verify,148.53644371032715,127.70485877990723,0.0,399,31,400,13,0,0,1,1,0
gaokao2023en,bbeam1,step-profile-config2-bbeam1-gaokao2023en-exclusive0817,286,286,14,draft|draft_verify,115.46754837036133,128.3094882965088,0.0,430,24,426,14,0,0,1,1,0
gaokao2023en,bbeam1,step-profile-config2-bbeam1-gaokao2023en-exclusive0817,286,286,15,draft|draft_verify,201.74551010131836,129.25481796264648,0.0,454,44,472,15,0,0,1,1,0
gaokao2023en,bbeam1,step-profile-config2-bbeam1-gaokao2023en-exclusive0817,286,286,16,draft|draft_verify,147.9475498199463,138.4570598602295,0.0,498,31,505,16,0,0,1,1,0
gaokao2023en,bbeam1,step-profile-config2-bbeam1-gaokao2023en-exclusive0817,286,286,17,draft|draft_verify,240.92888832092285,135.69402694702148,0.0,529,39,546,17,0,0,1,1,0
gaokao2023en,bbeam1,step-profile-config2-bbeam1-gaokao2023en-exclusive0817,286,286,18,draft|draft_verify|target|target_rescue_verify,320.57785987854004,267.35544204711914,386.84821128845215,568,67,1218,36,568,55,1,2,1
gaokao2023en,bbeam1,step-profile-config2-bbeam1-gaokao2023en-exclusive0817,286,286,19,draft|draft_verify,247.33233451843262,153.2609462738037,0.0,623,52,657,19,0,0,1,1,0
gaokao2023en,bbeam1,step-profile-config2-bbeam1-gaokao2023en-exclusive0817,286,286,20,draft|draft_verify,36.6215705871582,155.09653091430664,0.0,675,7,666,20,0,0,1,1,0
gaokao2023en,bbeam1,step-profile-config2-bbeam1-gaokao2023en-exclusive0817,286,286,21,draft|draft_verify,23604.251384735107,207.83305168151855,0.0,682,19,687,21,0,0,1,1,0
gaokao2023en,bbeam1,step-profile-config2-bbeam1-gaokao2023en-exclusive0817,287,287,1,draft|draft_verify,299.5467185974121,31.648874282836914,0.0,89,67,102,1,0,0,1,1,0
gaokao2023en,bbeam1,step-profile-config2-bbeam1-gaokao2023en-exclusive0817,287,287,2,draft|draft_verify,89.85662460327148,31.918048858642578,0.0,156,20,124,2,0,0,1,1,0
gaokao2023en,bbeam1,step-profile-config2-bbeam1-gaokao2023en-exclusive0817,287,287,3,draft|draft_verify|target|target_rescue_verify,250.09965896606445,111.51432991027832,411.9703769683838,176,55,368,6,176,61,1,2,1
gaokao2023en,bbeam1,step-profile-config2-bbeam1-gaokao2023en-exclusive0817,287,287,4,draft|draft_verify,191.50757789611816,61.63763999938965,0.0,237,43,232,4,0,0,1,1,0
gaokao2023en,bbeam1,step-profile-config2-bbeam1-gaokao2023en-exclusive0817,287,287,5,draft|draft_verify,266.7405605316162,87.95928955078125,0.0,280,63,297,5,0,0,1,1,0
gaokao2023en,bbeam1,step-profile-config2-bbeam1-gaokao2023en-exclusive0817,287,287,6,draft|draft_verify,125.60105323791504,87.70942687988281,0.0,343,21,320,6,0,0,1,1,0
gaokao2023en,bbeam1,step-profile-config2-bbeam1-gaokao2023en-exclusive0817,288,288,1,draft|draft_verify,175.51898956298828,56.31399154663086,0.0,186,42,175,1,0,0,1,1,0
gaokao2023en,bbeam1,step-profile-config2-bbeam1-gaokao2023en-exclusive0817,288,288,2,draft|draft_verify,37.78648376464844,63.45415115356445,0.0,228,8,185,2,0,0,1,1,0
gaokao2023en,bbeam1,step-profile-config2-bbeam1-gaokao2023en-exclusive0817,288,288,3,draft|draft_verify,131.17599487304688,66.44606590270996,0.0,236,31,218,3,0,0,1,1,0
gaokao2023en,bbeam1,step-profile-config2-bbeam1-gaokao2023en-exclusive0817,288,288,4,draft|draft_verify,250.22029876708984,83.29248428344727,0.0,267,59,279,4,0,0,1,1,0
gaokao2023en,bbeam1,step-profile-config2-bbeam1-gaokao2023en-exclusive0817,288,288,5,draft|draft_verify,76.10535621643066,83.4200382232666,0.0,326,17,298,5,0,0,1,1,0
gaokao2023en,bbeam1,step-profile-config2-bbeam1-gaokao2023en-exclusive0817,288,288,6,draft|draft_verify,189.3770694732666,90.29650688171387,0.0,343,44,344,6,0,0,1,1,0
gaokao2023en,bbeam1,step-profile-config2-bbeam1-gaokao2023en-exclusive0817,288,288,7,draft|draft_verify,190.14525413513184,125.03933906555176,0.0,387,44,390,7,0,0,1,1,0
gaokao2023en,bbeam1,step-profile-config2-bbeam1-gaokao2023en-exclusive0817,288,288,8,draft|draft_verify,201.0643482208252,126.59907341003418,0.0,431,49,441,8,0,0,1,1,0
gaokao2023en,bbeam1,step-profile-config2-bbeam1-gaokao2023en-exclusive0817,288,288,9,draft|draft_verify,46.01573944091797,126.7549991607666,0.0,480,10,453,9,0,0,1,1,0
gaokao2023en,bbeam1,step-profile-config2-bbeam1-gaokao2023en-exclusive0817,288,288,10,draft|draft_verify,231.71210289001465,137.33315467834473,0.0,490,56,511,10,0,0,1,1,0
gaokao2023en,bbeam1,step-profile-config2-bbeam1-gaokao2023en-exclusive0817,288,288,11,draft|draft_verify,38.47360610961914,127.70342826843262,0.0,546,9,522,11,0,0,1,1,0
gaokao2023en,bbeam1,step-profile-config2-bbeam1-gaokao2023en-exclusive0817,288,288,12,draft|draft_verify,174.13687705993652,128.2179355621338,0.0,555,38,562,12,0,0,1,1,0
gaokao2023en,bbeam1,step-profile-config2-bbeam1-gaokao2023en-exclusive0817,288,288,13,draft|draft_verify,27.51302719116211,127.9752254486084,0.0,593,5,569,13,0,0,1,1,0
gaokao2023en,bbeam1,step-profile-config2-bbeam1-gaokao2023en-exclusive0817,288,288,14,draft|draft_verify|target|target_rescue_verify,220.92771530151367,267.7419185638428,395.42508125305176,598,46,1243,28,598,55,1,2,1
gaokao2023en,bbeam1,step-profile-config2-bbeam1-gaokao2023en-exclusive0817,288,288,15,draft|draft_verify,34.34467315673828,134.10210609436035,0.0,653,7,635,15,0,0,1,1,0
gaokao2023en,bbeam1,step-profile-config2-bbeam1-gaokao2023en-exclusive0817,288,288,16,draft|draft_verify,96.43435478210449,159.84249114990234,0.0,660,19,656,16,0,0,1,1,0
gaokao2023en,bbeam1,step-profile-config2-bbeam1-gaokao2023en-exclusive0817,288,288,17,draft|draft_verify,50.37808418273926,153.50961685180664,0.0,679,11,669,17,0,0,1,1,0
gaokao2023en,bbeam1,step-profile-config2-bbeam1-gaokao2023en-exclusive0817,288,288,18,draft|draft_verify|target|target_rescue_verify,138.4284496307373,309.77749824523926,155.37166595458984,690,29,1390,36,690,19,1,2,1
gaokao2023en,bbeam1,step-profile-config2-bbeam1-gaokao2023en-exclusive0817,288,288,19,draft|draft_verify,31.211376190185547,155.4551124572754,0.0,709,6,698,19,0,0,1,1,0
gaokao2023en,bbeam1,step-profile-config2-bbeam1-gaokao2023en-exclusive0817,288,288,20,draft|draft_verify|target|target_rescue_verify,117.29788780212402,312.3166561126709,176.93161964416504,715,25,1444,40,715,19,1,2,1
gaokao2023en,bbeam1,step-profile-config2-bbeam1-gaokao2023en-exclusive0817,288,288,21,draft|draft_verify,87.03851699829102,155.55500984191895,0.0,734,18,739,21,0,0,1,1,0
gaokao2023en,bbeam1,step-profile-config2-bbeam1-gaokao2023en-exclusive0817,288,288,22,draft|draft_verify,467.14305877685547,179.2163848876953,0.0,752,100,841,22,0,0,1,1,0
gaokao2023en,bbeam1,step-profile-config2-bbeam1-gaokao2023en-exclusive0817,288,288,23,draft|draft_verify|target|target_rescue_verify,50.969839096069336,357.4635982513428,226.26185417175293,852,10,1726,46,852,30,1,2,1
gaokao2023en,bbeam1,step-profile-config2-bbeam1-gaokao2023en-exclusive0817,288,288,24,draft|draft_verify|target|backtracking_verify,242.88654327392578,406.99052810668945,257.1685314178467,882,51,1837,48,882,36,1,2,1
gaokao2023en,bbeam1,step-profile-config2-bbeam1-gaokao2023en-exclusive0817,288,288,25,draft|draft_verify|target|target_rescue_verify,184.93294715881348,601.4759540557861,182.2059154510498,1851,44,2835,75,933,22,2,3,1
gaokao2023en,bbeam1,step-profile-config2-bbeam1-gaokao2023en-exclusive0817,288,288,26,draft|draft_verify|target|target_rescue_verify,64.67938423156738,408.05578231811523,77.51202583312988,954,15,1922,52,954,5,1,2,1
gaokao2023en,bbeam1,step-profile-config2-bbeam1-gaokao2023en-exclusive0817,289,289,1,draft|draft_verify,152.72212028503418,31.173229217529297,0.0,97,34,77,1,0,0,1,1,0
gaokao2023en,bbeam1,step-profile-config2-bbeam1-gaokao2023en-exclusive0817,289,289,2,draft|draft_verify,137.986421585083,31.747817993164062,0.0,131,31,110,2,0,0,1,1,0
gaokao2023en,bbeam1,step-profile-config2-bbeam1-gaokao2023en-exclusive0817,289,289,3,draft|draft_verify,122.09105491638184,51.25784873962402,0.0,162,27,139,3,0,0,1,1,0
gaokao2023en,bbeam1,step-profile-config2-bbeam1-gaokao2023en-exclusive0817,289,289,4,draft|draft_verify,224.3063449859619,58.61711502075195,0.0,189,50,191,4,0,0,1,1,0
gaokao2023en,bbeam1,step-profile-config2-bbeam1-gaokao2023en-exclusive0817,289,289,5,draft|draft_verify,279.59251403808594,61.934471130371094,0.0,239,61,254,5,0,0,1,1,0
gaokao2023en,bbeam1,step-profile-config2-bbeam1-gaokao2023en-exclusive0817,289,289,6,draft|draft_verify,158.60342979431152,78.9947509765625,0.0,300,34,290,6,0,0,1,1,0
gaokao2023en,bbeam1,step-profile-config2-bbeam1-gaokao2023en-exclusive0817,289,289,7,draft|draft_verify,157.81760215759277,96.57883644104004,0.0,334,32,324,7,0,0,1,1,0
gaokao2023en,bbeam1,step-profile-config2-bbeam1-gaokao2023en-exclusive0817,290,290,1,draft|draft_verify|target|backtracking_verify,311.16652488708496,66.30063056945801,327.3811340332031,95,69,202,2,95,51,1,2,1
gaokao2023en,bbeam1,step-profile-config2-bbeam1-gaokao2023en-exclusive0817,290,290,2,draft|draft_verify|target|backtracking_verify,1459.7275257110596,315.7811164855957,2085.9436988830566,310,329,1084,8,310,343,2,4,2
gaokao2023en,bbeam1,step-profile-config2-bbeam1-gaokao2023en-exclusive0817,290,290,3,draft|draft_verify|target|target_rescue_verify,2130.952835083008,958.7550163269043,3063.809871673584,1292,478,3165,24,1292,503,4,8,4
gaokao2023en,bbeam1,step-profile-config2-bbeam1-gaokao2023en-exclusive0817,290,290,4,draft|draft_verify|target|target_rescue_verify,738.0900382995605,521.9404697418213,1737.309217453003,790,156,1807,16,790,263,2,4,2
gaokao2023en,bbeam1,step-profile-config2-bbeam1-gaokao2023en-exclusive0817,290,290,5,draft|draft_verify,602.8013229370117,152.39715576171875,0.0,558,137,649,5,0,0,1,1,0
gaokao2023en,bbeam1,step-profile-config2-bbeam1-gaokao2023en-exclusive0817,290,290,6,draft|draft_verify,169.13747787475586,157.8235626220703,0.0,695,41,692,6,0,0,1,1,0
gaokao2023en,bbeam1,step-profile-config2-bbeam1-gaokao2023en-exclusive0817,291,291,1,draft|draft_verify,287.0829105377197,35.48383712768555,0.0,119,63,128,1,0,0,1,1,0
gaokao2023en,bbeam1,step-profile-config2-bbeam1-gaokao2023en-exclusive0817,291,291,2,draft|draft_verify,512.2792720794678,62.87550926208496,0.0,182,113,243,2,0,0,1,1,0
gaokao2023en,bbeam1,step-profile-config2-bbeam1-gaokao2023en-exclusive0817,291,291,3,draft|draft_verify,478.0855178833008,94.57111358642578,0.0,295,109,354,3,0,0,1,1,0
gaokao2023en,bbeam1,step-profile-config2-bbeam1-gaokao2023en-exclusive0817,291,291,4,draft|draft_verify,198.10771942138672,127.7315616607666,0.0,404,43,399,4,0,0,1,1,0
gaokao2023en,bbeam1,step-profile-config2-bbeam1-gaokao2023en-exclusive0817,291,291,5,draft|draft_verify,109.73119735717773,132.01522827148438,0.0,447,21,422,5,0,0,1,1,0
gaokao2023en,bbeam1,step-profile-config2-bbeam1-gaokao2023en-exclusive0817,292,292,1,draft|draft_verify,202.52656936645508,38.58590126037598,0.0,124,44,114,1,0,0,1,1,0
gaokao2023en,bbeam1,step-profile-config2-bbeam1-gaokao2023en-exclusive0817,292,292,2,draft|draft_verify,158.84900093078613,53.498268127441406,0.0,168,35,150,2,0,0,1,1,0
gaokao2023en,bbeam1,step-profile-config2-bbeam1-gaokao2023en-exclusive0817,292,292,3,draft|draft_verify|target|target_rescue_verify,989.8996353149414,147.8426456451416,158.6768627166748,203,215,536,6,203,17,1,2,1
gaokao2023en,bbeam1,step-profile-config2-bbeam1-gaokao2023en-exclusive0817,292,292,4,draft|draft_verify,161.65661811828613,63.21454048156738,0.0,220,35,206,4,0,0,1,1,0
gaokao2023en,bbeam1,step-profile-config2-bbeam1-gaokao2023en-exclusive0817,292,292,5,draft|draft_verify|target|target_rescue_verify,428.0667304992676,24584.969520568848,332.60655403137207,255,92,553,10,255,45,1,2,1
gaokao2023en,bbeam1,step-profile-config2-bbeam1-gaokao2023en-exclusive0817,292,292,6,draft|draft_verify|target|target_rescue_verify,163.85746002197266,253.69572639465332,422.14465141296387,300,30,598,12,300,58,1,2,1
gaokao2023en,bbeam1,step-profile-config2-bbeam1-gaokao2023en-exclusive0817,292,292,7,draft|draft_verify|target|target_rescue_verify,9302.262306213379,621.058464050293,201.31373405456543,358,2048,2705,14,358,27,1,2,1
gaokao2023en,bbeam1,step-profile-config2-bbeam1-gaokao2023en-exclusive0817,292,292,8,draft|draft_verify,169.33155059814453,93.7049388885498,0.0,385,34,378,8,0,0,1,1,0
gaokao2023en,bbeam1,step-profile-config2-bbeam1-gaokao2023en-exclusive0817,292,292,9,draft|draft_verify,109.79032516479492,125.58674812316895,0.0,419,25,405,9,0,0,1,1,0
gaokao2023en,bbeam1,step-profile-config2-bbeam1-gaokao2023en-exclusive0817,293,293,1,draft|draft_verify,213.4087085723877,31.780719757080078,0.0,116,50,113,1,0,0,1,1,0
gaokao2023en,bbeam1,step-profile-config2-bbeam1-gaokao2023en-exclusive0817,293,293,2,draft|draft_verify,112.2596263885498,50.94099044799805,0.0,166,24,139,2,0,0,1,1,0
gaokao2023en,bbeam1,step-profile-config2-bbeam1-gaokao2023en-exclusive0817,293,293,3,draft|draft_verify,152.8317928314209,62.592506408691406,0.0,190,32,173,3,0,0,1,1,0
gaokao2023en,bbeam1,step-profile-config2-bbeam1-gaokao2023en-exclusive0817,293,293,4,draft|draft_verify|target|target_rescue_verify,162.26530075073242,123.40402603149414,366.58477783203125,222,34,441,8,222,57,1,2,1
gaokao2023en,bbeam1,step-profile-config2-bbeam1-gaokao2023en-exclusive0817,293,293,5,draft|draft_verify,70.7240104675293,60.58907508850098,0.0,279,17,251,5,0,0,1,1,0
gaokao2023en,bbeam1,step-profile-config2-bbeam1-gaokao2023en-exclusive0817,293,293,6,draft|draft_verify,60.78505516052246,76.89642906188965,0.0,296,15,268,6,0,0,1,1,0
gaokao2023en,bbeam1,step-profile-config2-bbeam1-gaokao2023en-exclusive0817,293,293,7,draft|draft_verify,113.12627792358398,78.88674736022949,0.0,311,26,296,7,0,0,1,1,0
gaokao2023en,bbeam1,step-profile-config2-bbeam1-gaokao2023en-exclusive0817,294,294,1,draft|draft_verify,341.7212963104248,72.85594940185547,0.0,195,72,213,1,0,0,1,1,0
gaokao2023en,bbeam1,step-profile-config2-bbeam1-gaokao2023en-exclusive0817,294,294,2,draft|draft_verify,403.0191898345947,79.19573783874512,0.0,267,85,300,2,0,0,1,1,0
gaokao2023en,bbeam1,step-profile-config2-bbeam1-gaokao2023en-exclusive0817,294,294,3,draft|draft_verify|target|target_rescue_verify,2271.5466022491455,300.1565933227539,491.7631149291992,352,480,1155,6,352,71,1,2,1
gaokao2023en,bbeam1,step-profile-config2-bbeam1-gaokao2023en-exclusive0817,294,294,4,draft|draft_verify,309.30018424987793,127.73370742797852,0.0,423,62,437,4,0,0,1,1,0
gaokao2023en,bbeam1,step-profile-config2-bbeam1-gaokao2023en-exclusive0817,294,294,5,draft|draft_verify,407.21917152404785,128.62324714660645,0.0,485,91,530,5,0,0,1,1,0
gaokao2023en,bbeam1,step-profile-config2-bbeam1-gaokao2023en-exclusive0817,294,294,6,draft|draft_verify,357.2075366973877,134.02628898620605,0.0,576,78,610,6,0,0,1,1,0
gaokao2023en,bbeam1,step-profile-config2-bbeam1-gaokao2023en-exclusive0817,294,294,7,draft|draft_verify,426.5425205230713,154.7079086303711,0.0,654,83,695,7,0,0,1,1,0
gaokao2023en,bbeam1,step-profile-config2-bbeam1-gaokao2023en-exclusive0817,294,294,8,draft|draft_verify|target|target_rescue_verify,377.53820419311523,330.4579257965088,343.77241134643555,737,86,1528,16,737,48,1,2,1
gaokao2023en,bbeam1,step-profile-config2-bbeam1-gaokao2023en-exclusive0817,294,294,9,draft|draft_verify,162.72902488708496,175.60601234436035,0.0,785,32,779,9,0,0,1,1,0
gaokao2023en,bbeam1,step-profile-config2-bbeam1-gaokao2023en-exclusive0817,294,294,10,draft|draft_verify,164.81828689575195,179.79693412780762,0.0,817,32,813,10,0,0,1,1,0
gaokao2023en,bbeam1,step-profile-config2-bbeam1-gaokao2023en-exclusive0817,294,294,11,draft|draft_verify,136.16228103637695,177.95133590698242,0.0,849,32,847,11,0,0,1,1,0
gaokao2023en,bbeam1,step-profile-config2-bbeam1-gaokao2023en-exclusive0817,294,294,12,draft|draft_verify,149.8723030090332,179.74495887756348,0.0,881,32,881,12,0,0,1,1,0
gaokao2023en,bbeam1,step-profile-config2-bbeam1-gaokao2023en-exclusive0817,294,294,13,draft|draft_verify,155.3032398223877,208.2228660583496,0.0,913,32,915,13,0,0,1,1,0
gaokao2023en,bbeam1,step-profile-config2-bbeam1-gaokao2023en-exclusive0817,294,294,14,draft|draft_verify,152.80985832214355,204.65397834777832,0.0,945,32,949,14,0,0,1,1,0
gaokao2023en,bbeam1,step-profile-config2-bbeam1-gaokao2023en-exclusive0817,294,294,15,draft|draft_verify,169.11602020263672,204.29015159606934,0.0,977,32,983,15,0,0,1,1,0
gaokao2023en,bbeam1,step-profile-config2-bbeam1-gaokao2023en-exclusive0817,294,294,16,draft|draft_verify,166.8684482574463,210.0672721862793,0.0,1009,32,1017,16,0,0,1,1,0
gaokao2023en,bbeam1,step-profile-config2-bbeam1-gaokao2023en-exclusive0817,294,294,17,draft|draft_verify,153.0745029449463,230.28111457824707,0.0,1041,32,1051,17,0,0,1,1,0
gaokao2023en,bbeam1,step-profile-config2-bbeam1-gaokao2023en-exclusive0817,294,294,18,draft|draft_verify,156.0373306274414,231.76217079162598,0.0,1073,32,1085,18,0,0,1,1,0
gaokao2023en,bbeam1,step-profile-config2-bbeam1-gaokao2023en-exclusive0817,294,294,19,draft|draft_verify,143.3887481689453,233.5050106048584,0.0,1105,32,1119,19,0,0,1,1,0
gaokao2023en,bbeam1,step-profile-config2-bbeam1-gaokao2023en-exclusive0817,294,294,20,draft|draft_verify,144.1197395324707,258.46266746520996,0.0,1137,32,1153,20,0,0,1,1,0
gaokao2023en,bbeam1,step-profile-config2-bbeam1-gaokao2023en-exclusive0817,294,294,21,draft|draft_verify,155.3783416748047,260.67304611206055,0.0,1169,32,1187,21,0,0,1,1,0
gaokao2023en,bbeam1,step-profile-config2-bbeam1-gaokao2023en-exclusive0817,294,294,22,draft|draft_verify,155.8859348297119,261.7020606994629,0.0,1201,32,1221,22,0,0,1,1,0
gaokao2023en,bbeam1,step-profile-config2-bbeam1-gaokao2023en-exclusive0817,294,294,23,draft|draft_verify,155.82847595214844,260.3285312652588,0.0,1233,32,1255,23,0,0,1,1,0
gaokao2023en,bbeam1,step-profile-config2-bbeam1-gaokao2023en-exclusive0817,294,294,24,draft|draft_verify,157.5779914855957,271.46434783935547,0.0,1265,32,1289,24,0,0,1,1,0
gaokao2023en,bbeam1,step-profile-config2-bbeam1-gaokao2023en-exclusive0817,294,294,25,draft|draft_verify,154.3428897857666,277.9850959777832,0.0,1297,32,1323,25,0,0,1,1,0
gaokao2023en,bbeam1,step-profile-config2-bbeam1-gaokao2023en-exclusive0817,294,294,26,draft|draft_verify,153.11217308044434,279.21295166015625,0.0,1329,32,1357,26,0,0,1,1,0
gaokao2023en,bbeam1,step-profile-config2-bbeam1-gaokao2023en-exclusive0817,294,294,27,draft|draft_verify,153.0916690826416,278.84674072265625,0.0,1361,32,1391,27,0,0,1,1,0
gaokao2023en,bbeam1,step-profile-config2-bbeam1-gaokao2023en-exclusive0817,294,294,28,draft|draft_verify,154.50191497802734,308.73799324035645,0.0,1393,32,1425,28,0,0,1,1,0
gaokao2023en,bbeam1,step-profile-config2-bbeam1-gaokao2023en-exclusive0817,294,294,29,draft|draft_verify,157.6542854309082,314.19825553894043,0.0,1425,32,1459,29,0,0,1,1,0
gaokao2023en,bbeam1,step-profile-config2-bbeam1-gaokao2023en-exclusive0817,294,294,30,draft|draft_verify,156.84032440185547,313.6944770812988,0.0,1457,32,1493,30,0,0,1,1,0
gaokao2023en,bbeam1,step-profile-config2-bbeam1-gaokao2023en-exclusive0817,294,294,31,draft|draft_verify,160.01272201538086,315.7212734222412,0.0,1489,32,1527,31,0,0,1,1,0
gaokao2023en,bbeam1,step-profile-config2-bbeam1-gaokao2023en-exclusive0817,294,294,32,draft|draft_verify,155.5778980255127,331.5415382385254,0.0,1521,32,1561,32,0,0,1,1,0
gaokao2023en,bbeam1,step-profile-config2-bbeam1-gaokao2023en-exclusive0817,294,294,33,draft|draft_verify,158.74886512756348,331.707239151001,0.0,1553,32,1595,33,0,0,1,1,0
gaokao2023en,bbeam1,step-profile-config2-bbeam1-gaokao2023en-exclusive0817,294,294,34,draft|draft_verify,156.01086616516113,333.9211940765381,0.0,1585,32,1629,34,0,0,1,1,0
gaokao2023en,bbeam1,step-profile-config2-bbeam1-gaokao2023en-exclusive0817,294,294,35,draft|draft_verify,157.55701065063477,330.4624557495117,0.0,1617,32,1663,35,0,0,1,1,0
gaokao2023en,bbeam1,step-profile-config2-bbeam1-gaokao2023en-exclusive0817,294,294,36,draft|draft_verify,156.4314365386963,352.53190994262695,0.0,1649,32,1697,36,0,0,1,1,0
gaokao2023en,bbeam1,step-profile-config2-bbeam1-gaokao2023en-exclusive0817,294,294,37,draft|draft_verify,157.52577781677246,362.1647357940674,0.0,1681,32,1731,37,0,0,1,1,0
gaokao2023en,bbeam1,step-profile-config2-bbeam1-gaokao2023en-exclusive0817,294,294,38,draft|draft_verify,157.59539604187012,363.0812168121338,0.0,1713,32,1765,38,0,0,1,1,0
gaokao2023en,bbeam1,step-profile-config2-bbeam1-gaokao2023en-exclusive0817,294,294,39,draft|draft_verify,153.65910530090332,389.67299461364746,0.0,1745,32,1799,39,0,0,1,1,0
gaokao2023en,bbeam1,step-profile-config2-bbeam1-gaokao2023en-exclusive0817,294,294,40,draft|draft_verify,162.71305084228516,393.4214115142822,0.0,1777,32,1833,40,0,0,1,1,0
gaokao2023en,bbeam1,step-profile-config2-bbeam1-gaokao2023en-exclusive0817,294,294,41,draft|draft_verify,155.7142734527588,392.9898738861084,0.0,1809,32,1867,41,0,0,1,1,0
gaokao2023en,bbeam1,step-profile-config2-bbeam1-gaokao2023en-exclusive0817,294,294,42,draft|draft_verify,157.79876708984375,396.2702751159668,0.0,1841,32,1901,42,0,0,1,1,0
gaokao2023en,bbeam1,step-profile-config2-bbeam1-gaokao2023en-exclusive0817,294,294,43,draft|draft_verify,154.11019325256348,405.00473976135254,0.0,1873,32,1935,43,0,0,1,1,0
gaokao2023en,bbeam1,step-profile-config2-bbeam1-gaokao2023en-exclusive0817,294,294,44,draft|draft_verify,23119.685649871826,439.00394439697266,0.0,1905,32,1969,44,0,0,1,1,0
gaokao2023en,bbeam1,step-profile-config2-bbeam1-gaokao2023en-exclusive0817,294,294,45,draft|draft_verify,151.27205848693848,410.90941429138184,0.0,1937,32,2003,45,0,0,1,1,0
gaokao2023en,bbeam1,step-profile-config2-bbeam1-gaokao2023en-exclusive0817,294,294,46,draft|draft_verify,145.06220817565918,410.6030464172363,0.0,1969,32,2037,46,0,0,1,1,0
gaokao2023en,bbeam1,step-profile-config2-bbeam1-gaokao2023en-exclusive0817,294,294,47,draft|draft_verify,159.041166305542,443.7370300292969,0.0,2001,32,2071,47,0,0,1,1,0
gaokao2023en,bbeam1,step-profile-config2-bbeam1-gaokao2023en-exclusive0817,294,294,48,draft|draft_verify,159.6090793609619,425.25482177734375,0.0,2033,32,2105,48,0,0,1,1,0
gaokao2023en,bbeam1,step-profile-config2-bbeam1-gaokao2023en-exclusive0817,295,295,1,draft|draft_verify,155.8370590209961,31.404733657836914,0.0,127,35,108,1,0,0,1,1,0
gaokao2023en,bbeam1,step-profile-config2-bbeam1-gaokao2023en-exclusive0817,295,295,2,draft|draft_verify,193.47047805786133,50.894975662231445,0.0,162,44,154,2,0,0,1,1,0
gaokao2023en,bbeam1,step-profile-config2-bbeam1-gaokao2023en-exclusive0817,295,295,3,draft|draft_verify,274.28388595581055,60.94861030578613,0.0,206,62,218,3,0,0,1,1,0
gaokao2023en,bbeam1,step-profile-config2-bbeam1-gaokao2023en-exclusive0817,295,295,4,draft|draft_verify|target|target_rescue_verify,340.73448181152344,165.29035568237305,458.42647552490234,268,73,581,8,268,68,1,2,1
gaokao2023en,bbeam1,step-profile-config2-bbeam1-gaokao2023en-exclusive0817,295,295,5,draft|draft_verify,317.7173137664795,104.12049293518066,0.0,336,69,358,5,0,0,1,1,0
gaokao2023en,bbeam1,step-profile-config2-bbeam1-gaokao2023en-exclusive0817,295,295,6,draft|draft_verify,128.39245796203613,142.00139045715332,0.0,405,27,387,6,0,0,1,1,0
gaokao2023en,bbeam1,step-profile-config2-bbeam1-gaokao2023en-exclusive0817,295,295,7,draft|draft_verify,214.3728733062744,127.55513191223145,0.0,432,46,435,7,0,0,1,1,0
gaokao2023en,bbeam1,step-profile-config2-bbeam1-gaokao2023en-exclusive0817,295,295,8,draft|draft_verify|target|target_rescue_verify,170.17340660095215,257.274866104126,169.14844512939453,478,37,932,16,478,21,1,2,1
gaokao2023en,bbeam1,step-profile-config2-bbeam1-gaokao2023en-exclusive0817,295,295,9,draft|draft_verify,327.12459564208984,129.852294921875,0.0,499,70,530,9,0,0,1,1,0
gaokao2023en,bbeam1,step-profile-config2-bbeam1-gaokao2023en-exclusive0817,295,295,10,draft|draft_verify,139.93430137634277,129.20618057250977,0.0,569,29,561,10,0,0,1,1,0
gaokao2023en,bbeam1,step-profile-config2-bbeam1-gaokao2023en-exclusive0817,296,296,1,draft|draft_verify,184.6907138824463,30.991792678833008,0.0,114,42,102,1,0,0,1,1,0
gaokao2023en,bbeam1,step-profile-config2-bbeam1-gaokao2023en-exclusive0817,296,296,2,draft|draft_verify,279.16502952575684,51.99170112609863,0.0,156,64,168,2,0,0,1,1,0
gaokao2023en,bbeam1,step-profile-config2-bbeam1-gaokao2023en-exclusive0817,296,296,3,draft|draft_verify,488.4662628173828,78.99904251098633,0.0,220,109,279,3,0,0,1,1,0
gaokao2023en,bbeam1,step-profile-config2-bbeam1-gaokao2023en-exclusive0817,296,296,4,draft|draft_verify|target|backtracking_verify,443.387508392334,201.53427124023438,534.4903469085693,329,94,743,8,329,87,1,2,1
gaokao2023en,bbeam1,step-profile-config2-bbeam1-gaokao2023en-exclusive0817,296,296,5,draft|draft_verify|target|target_rescue_verify,254.03141975402832,384.7007751464844,285.08615493774414,839,54,1215,15,423,37,2,3,1
gaokao2023en,bbeam1,step-profile-config2-bbeam1-gaokao2023en-exclusive0817,297,297,1,draft|draft_verify|target|backtracking_verify,466.68052673339844,94.1014289855957,194.17643547058105,137,113,306,2,137,27,1,2,1
gaokao2023en,bbeam1,step-profile-config2-bbeam1-gaokao2023en-exclusive0817,297,297,2,draft|draft_verify|target|target_rescue_verify,504.60362434387207,172.3763942718506,310.9571933746338,414,111,663,6,250,44,2,3,1
gaokao2023en,bbeam1,step-profile-config2-bbeam1-gaokao2023en-exclusive0817,297,297,3,draft|draft_verify|target|target_rescue_verify,613.6670112609863,235.4743480682373,349.00426864624023,474,136,807,9,294,53,2,3,1
gaokao2023en,bbeam1,step-profile-config2-bbeam1-gaokao2023en-exclusive0817,297,297,4,draft|draft_verify|target|target_rescue_verify,512.6574039459229,179.91209030151367,285.5668067932129,272,112,603,8,272,43,1,2,1
gaokao2023en,bbeam1,step-profile-config2-bbeam1-gaokao2023en-exclusive0817,297,297,5,draft|draft_verify,183.26425552368164,80.72733879089355,0.0,315,39,308,5,0,0,1,1,0
gaokao2023en,bbeam1,step-profile-config2-bbeam1-gaokao2023en-exclusive0817,297,297,6,draft|draft_verify,185.06145477294922,94.83551979064941,0.0,354,40,350,6,0,0,1,1,0
gaokao2023en,bbeam1,step-profile-config2-bbeam1-gaokao2023en-exclusive0817,297,297,7,draft|draft_verify,181.9906234741211,126.79862976074219,0.0,394,39,391,7,0,0,1,1,0
gaokao2023en,bbeam1,step-profile-config2-bbeam1-gaokao2023en-exclusive0817,297,297,8,draft|draft_verify,215.39664268493652,127.83098220825195,0.0,433,40,433,8,0,0,1,1,0
gaokao2023en,bbeam1,step-profile-config2-bbeam1-gaokao2023en-exclusive0817,297,297,9,draft|draft_verify,180.6025505065918,129.67658042907715,0.0,473,39,474,9,0,0,1,1,0
gaokao2023en,bbeam1,step-profile-config2-bbeam1-gaokao2023en-exclusive0817,297,297,10,draft|draft_verify,228.58428955078125,132.08651542663574,0.0,512,40,516,10,0,0,1,1,0
gaokao2023en,bbeam1,step-profile-config2-bbeam1-gaokao2023en-exclusive0817,297,297,11,draft|draft_verify,186.6440773010254,129.4569969177246,0.0,552,39,557,11,0,0,1,1,0
gaokao2023en,bbeam1,step-profile-config2-bbeam1-gaokao2023en-exclusive0817,297,297,12,draft|draft_verify,185.7452392578125,133.162260055542,0.0,591,40,599,12,0,0,1,1,0
gaokao2023en,bbeam1,step-profile-config2-bbeam1-gaokao2023en-exclusive0817,297,297,13,draft|draft_verify,183.96711349487305,135.03766059875488,0.0,631,39,640,13,0,0,1,1,0
gaokao2023en,bbeam1,step-profile-config2-bbeam1-gaokao2023en-exclusive0817,297,297,14,draft|draft_verify,189.666748046875,154.23822402954102,0.0,670,40,682,14,0,0,1,1,0
gaokao2023en,bbeam1,step-profile-config2-bbeam1-gaokao2023en-exclusive0817,297,297,15,draft|draft_verify,184.85426902770996,156.22425079345703,0.0,710,39,723,15,0,0,1,1,0
gaokao2023en,bbeam1,step-profile-config2-bbeam1-gaokao2023en-exclusive0817,297,297,16,draft|draft_verify,222.54014015197754,154.5722484588623,0.0,749,40,765,16,0,0,1,1,0
gaokao2023en,bbeam1,step-profile-config2-bbeam1-gaokao2023en-exclusive0817,297,297,17,draft|draft_verify,249.14240837097168,176.95069313049316,0.0,789,39,806,17,0,0,1,1,0
gaokao2023en,bbeam1,step-profile-config2-bbeam1-gaokao2023en-exclusive0817,297,297,18,draft|draft_verify,240.8287525177002,183.91180038452148,0.0,828,40,848,18,0,0,1,1,0
gaokao2023en,bbeam1,step-profile-config2-bbeam1-gaokao2023en-exclusive0817,297,297,19,draft|draft_verify,188.66467475891113,178.85875701904297,0.0,868,39,889,19,0,0,1,1,0
gaokao2023en,bbeam1,step-profile-config2-bbeam1-gaokao2023en-exclusive0817,297,297,20,draft|draft_verify,181.80179595947266,201.19071006774902,0.0,907,40,931,20,0,0,1,1,0
gaokao2023en,bbeam1,step-profile-config2-bbeam1-gaokao2023en-exclusive0817,297,297,21,draft|draft_verify,180.1614761352539,202.68702507019043,0.0,947,39,972,21,0,0,1,1,0
gaokao2023en,bbeam1,step-profile-config2-bbeam1-gaokao2023en-exclusive0817,297,297,22,draft|draft_verify,189.78619575500488,204.15854454040527,0.0,986,40,1014,22,0,0,1,1,0
gaokao2023en,bbeam1,step-profile-config2-bbeam1-gaokao2023en-exclusive0817,297,297,23,draft|draft_verify,183.76660346984863,228.60455513000488,0.0,1026,39,1055,23,0,0,1,1,0
gaokao2023en,bbeam1,step-profile-config2-bbeam1-gaokao2023en-exclusive0817,297,297,24,draft|draft_verify,192.77119636535645,231.9180965423584,0.0,1065,40,1097,24,0,0,1,1,0
gaokao2023en,bbeam1,step-profile-config2-bbeam1-gaokao2023en-exclusive0817,297,297,25,draft|draft_verify,188.40742111206055,234.82918739318848,0.0,1105,39,1138,25,0,0,1,1,0
gaokao2023en,bbeam1,step-profile-config2-bbeam1-gaokao2023en-exclusive0817,297,297,26,draft|draft_verify,189.59879875183105,256.7296028137207,0.0,1144,40,1180,26,0,0,1,1,0
gaokao2023en,bbeam1,step-profile-config2-bbeam1-gaokao2023en-exclusive0817,297,297,27,draft|draft_verify,183.441162109375,262.4084949493408,0.0,1184,39,1221,27,0,0,1,1,0
gaokao2023en,bbeam1,step-profile-config2-bbeam1-gaokao2023en-exclusive0817,297,297,28,draft|draft_verify,189.9261474609375,258.2859992980957,0.0,1223,40,1263,28,0,0,1,1,0
gaokao2023en,bbeam1,step-profile-config2-bbeam1-gaokao2023en-exclusive0817,297,297,29,draft|draft_verify,187.64615058898926,281.6495895385742,0.0,1263,39,1304,29,0,0,1,1,0
gaokao2023en,bbeam1,step-profile-config2-bbeam1-gaokao2023en-exclusive0817,297,297,30,draft|draft_verify,187.78657913208008,280.764102935791,0.0,1302,40,1346,30,0,0,1,1,0
gaokao2023en,bbeam1,step-profile-config2-bbeam1-gaokao2023en-exclusive0817,297,297,31,draft|draft_verify,189.8958683013916,281.33392333984375,0.0,1342,39,1387,31,0,0,1,1,0
gaokao2023en,bbeam1,step-profile-config2-bbeam1-gaokao2023en-exclusive0817,297,297,32,draft|draft_verify,181.79988861083984,309.82375144958496,0.0,1381,40,1429,32,0,0,1,1,0
gaokao2023en,bbeam1,step-profile-config2-bbeam1-gaokao2023en-exclusive0817,297,297,33,draft|draft_verify,177.9036521911621,313.1988048553467,0.0,1421,39,1470,33,0,0,1,1,0
gaokao2023en,bbeam1,step-profile-config2-bbeam1-gaokao2023en-exclusive0817,297,297,34,draft|draft_verify,184.58938598632812,316.97916984558105,0.0,1460,40,1512,34,0,0,1,1,0
gaokao2023en,bbeam1,step-profile-config2-bbeam1-gaokao2023en-exclusive0817,297,297,35,draft|draft_verify,191.38193130493164,332.4713706970215,0.0,1500,39,1553,35,0,0,1,1,0
gaokao2023en,bbeam1,step-profile-config2-bbeam1-gaokao2023en-exclusive0817,297,297,36,draft|draft_verify,188.51351737976074,332.012414932251,0.0,1539,40,1595,36,0,0,1,1,0
gaokao2023en,bbeam1,step-profile-config2-bbeam1-gaokao2023en-exclusive0817,297,297,37,draft|draft_verify,192.04211235046387,334.15913581848145,0.0,1579,39,1636,37,0,0,1,1,0
gaokao2023en,bbeam1,step-profile-config2-bbeam1-gaokao2023en-exclusive0817,297,297,38,draft|draft_verify,195.0218677520752,358.4306240081787,0.0,1618,40,1678,38,0,0,1,1,0
gaokao2023en,bbeam1,step-profile-config2-bbeam1-gaokao2023en-exclusive0817,297,297,39,draft|draft_verify,193.4645175933838,356.20713233947754,0.0,1658,39,1719,39,0,0,1,1,0
gaokao2023en,bbeam1,step-profile-config2-bbeam1-gaokao2023en-exclusive0817,297,297,40,draft|draft_verify,195.34850120544434,364.23492431640625,0.0,1697,40,1761,40,0,0,1,1,0
gaokao2023en,bbeam1,step-profile-config2-bbeam1-gaokao2023en-exclusive0817,297,297,41,draft|draft_verify,192.7638053894043,399.03950691223145,0.0,1737,39,1802,41,0,0,1,1,0
gaokao2023en,bbeam1,step-profile-config2-bbeam1-gaokao2023en-exclusive0817,297,297,42,draft|draft_verify,29278.221368789673,429.7807216644287,0.0,1776,40,1844,42,0,0,1,1,0
gaokao2023en,bbeam1,step-profile-config2-bbeam1-gaokao2023en-exclusive0817,297,297,43,draft|draft_verify,188.76099586486816,398.0443477630615,0.0,1816,39,1885,43,0,0,1,1,0
gaokao2023en,bbeam1,step-profile-config2-bbeam1-gaokao2023en-exclusive0817,297,297,44,draft|draft_verify,180.67073822021484,405.64823150634766,0.0,1855,40,1927,44,0,0,1,1,0
gaokao2023en,bbeam1,step-profile-config2-bbeam1-gaokao2023en-exclusive0817,297,297,45,draft|draft_verify,189.53824043273926,411.97967529296875,0.0,1895,39,1968,45,0,0,1,1,0
gaokao2023en,bbeam1,step-profile-config2-bbeam1-gaokao2023en-exclusive0817,297,297,46,draft|draft_verify,193.90630722045898,413.4349822998047,0.0,1934,40,2010,46,0,0,1,1,0
gaokao2023en,bbeam1,step-profile-config2-bbeam1-gaokao2023en-exclusive0817,297,297,47,draft|draft_verify,194.79751586914062,438.9305114746094,0.0,1974,39,2051,47,0,0,1,1,0
gaokao2023en,bbeam1,step-profile-config2-bbeam1-gaokao2023en-exclusive0817,297,297,48,draft|draft_verify,196.57182693481445,437.04962730407715,0.0,2013,40,2093,48,0,0,1,1,0
gaokao2023en,bbeam1,step-profile-config2-bbeam1-gaokao2023en-exclusive0817,298,298,1,draft|draft_verify,124.29285049438477,21.744489669799805,0.0,74,27,47,1,0,0,1,1,0
gaokao2023en,bbeam1,step-profile-config2-bbeam1-gaokao2023en-exclusive0817,298,298,2,draft|draft_verify,517.1289443969727,50.91738700866699,0.0,101,115,164,2,0,0,1,1,0
gaokao2023en,bbeam1,step-profile-config2-bbeam1-gaokao2023en-exclusive0817,298,298,3,draft|draft_verify|target|backtracking_verify,569.4053173065186,172.00875282287598,1269.3593502044678,216,123,665,6,216,210,1,2,1
gaokao2023en,bbeam1,step-profile-config2-bbeam1-gaokao2023en-exclusive0817,298,298,4,draft|draft_verify|target|target_rescue_verify,2089.1926288604736,447.0808506011963,5774.049758911133,339,462,2008,8,339,964,1,2,1
gaokao2023en,bbeam1,step-profile-config2-bbeam1-gaokao2023en-exclusive0817,299,299,1,draft|draft_verify,348.926305770874,31.402111053466797,0.0,95,82,123,1,0,0,1,1,0
gaokao2023en,bbeam1,step-profile-config2-bbeam1-gaokao2023en-exclusive0817,299,299,2,draft|draft_verify,59.54790115356445,50.52685737609863,0.0,177,14,139,2,0,0,1,1,0
gaokao2023en,bbeam1,step-profile-config2-bbeam1-gaokao2023en-exclusive0817,299,299,3,draft|draft_verify,37.70589828491211,50.96030235290527,0.0,191,8,149,3,0,0,1,1,0
gaokao2023en,bbeam1,step-profile-config2-bbeam1-gaokao2023en-exclusive0817,299,299,4,draft|draft_verify,51.01203918457031,52.25729942321777,0.0,199,12,163,4,0,0,1,1,0
gaokao2023en,bbeam1,step-profile-config2-bbeam1-gaokao2023en-exclusive0817,299,299,5,draft|draft_verify|target|target_rescue_verify,268.9487934112549,128.00884246826172,482.3267459869385,211,63,467,10,211,74,1,2,1
gaokao2023en,bbeam1,step-profile-config2-bbeam1-gaokao2023en-exclusive0817,299,299,6,draft|draft_verify,74.53632354736328,61.812639236450195,0.0,285,14,255,6,0,0,1,1,0
gaokao2023en,bbeam1,step-profile-config2-bbeam1-gaokao2023en-exclusive0817,299,299,7,draft|draft_verify|target|backtracking_verify,39.12043571472168,171.56529426574707,95.6270694732666,299,8,530,14,299,8,1,2,1
gaokao2023en,bbeam1,step-profile-config2-bbeam1-gaokao2023en-exclusive0817,299,299,8,draft|draft_verify|target|backtracking_verify,144.5908546447754,235.0010871887207,167.97637939453125,614,22,842,24,307,19,2,3,1
gaokao2023en,bbeam1,step-profile-config2-bbeam1-gaokao2023en-exclusive0817,299,299,9,draft|draft_verify|target|backtracking_verify|target_rescue_verify,247.59221076965332,405.51185607910156,309.9243640899658,962,46,1496,45,644,34,3,5,2
gaokao2023en,bbeam1,step-profile-config2-bbeam1-gaokao2023en-exclusive0817,299,299,10,draft|draft_verify|target|backtracking_verify,134.02867317199707,398.1797695159912,194.91338729858398,990,24,1510,50,660,16,3,5,2
gaokao2023en,bbeam1,step-profile-config2-bbeam1-gaokao2023en-exclusive0817,299,299,11,draft|draft_verify|target|target_rescue_verify,546.3998317718506,970.0644016265869,910.2122783660889,1690,110,3260,110,1690,110,5,10,5
gaokao2023en,bbeam1,step-profile-config2-bbeam1-gaokao2023en-exclusive0817,300,300,1,draft|draft_verify|target|backtracking_verify,342.53621101379395,107.6502799987793,380.7554244995117,151,78,332,2,151,60,1,2,1
gaokao2023en,bbeam1,step-profile-config2-bbeam1-gaokao2023en-exclusive0817,300,300,2,draft|draft_verify|target|target_rescue_verify,457.0310115814209,280.3759574890137,1170.5524921417236,440,107,964,8,440,185,2,4,2
gaokao2023en,bbeam1,step-profile-config2-bbeam1-gaokao2023en-exclusive0817,300,300,3,draft|draft_verify|target|target_rescue_verify,377.2857189178467,193.53294372558594,613.257884979248,296,84,677,6,296,101,1,2,1
gaokao2023en,bbeam1,step-profile-config2-bbeam1-gaokao2023en-exclusive0817,300,300,4,draft|draft_verify|target|target_rescue_verify,418.7655448913574,252.4435520172119,357.58042335510254,397,100,847,8,397,49,1,2,1
gaokao2023en,bbeam1,step-profile-config2-bbeam1-gaokao2023en-exclusive0817,300,300,5,draft|draft_verify,76.64370536804199,124.76897239685059,0.0,446,17,417,5,0,0,1,1,0
gaokao2023en,bbeam1,step-profile-config2-bbeam1-gaokao2023en-exclusive0817,301,301,1,draft|draft_verify|target|backtracking_verify,217.07630157470703,59.76271629333496,310.5144500732422,96,45,177,2,96,48,1,2,1
gaokao2023en,bbeam1,step-profile-config2-bbeam1-gaokao2023en-exclusive0817,301,301,2,draft|draft_verify|target|backtracking_verify|target_rescue_verify,608.8757514953613,200.90532302856445,653.0411243438721,285,139,597,8,285,96,2,4,2
gaokao2023en,bbeam1,step-profile-config2-bbeam1-gaokao2023en-exclusive0817,301,301,3,draft|draft_verify|target|target_rescue_verify,890.4447555541992,1192.3015117645264,23994.391918182373,574,190,4988,15,379,4098,3,5,2
gaokao2023en,bbeam1,step-profile-config2-bbeam1-gaokao2023en-exclusive0817,301,301,4,draft|draft_verify,241.89448356628418,60.2564811706543,0.0,202,55,209,4,0,0,1,1,0
gaokao2023en,bbeam1,step-profile-config2-bbeam1-gaokao2023en-exclusive0817,301,301,5,draft|draft_verify,235.49461364746094,88.00554275512695,0.0,257,51,262,5,0,0,1,1,0
gaokao2023en,bbeam1,step-profile-config2-bbeam1-gaokao2023en-exclusive0817,301,301,6,draft|draft_verify|target|target_rescue_verify,388.319730758667,195.51801681518555,435.8370304107666,308,76,662,12,308,58,1,2,1
gaokao2023en,bbeam1,step-profile-config2-bbeam1-gaokao2023en-exclusive0817,301,301,7,draft|draft_verify,357.8474521636963,126.2362003326416,0.0,366,81,405,7,0,0,1,1,0
gaokao2023en,bbeam1,step-profile-config2-bbeam1-gaokao2023en-exclusive0817,301,301,8,draft|draft_verify,243.01791191101074,136.29841804504395,0.0,447,56,463,8,0,0,1,1,0
gaokao2023en,bbeam1,step-profile-config2-bbeam1-gaokao2023en-exclusive0817,301,301,9,draft|draft_verify,351.9251346588135,131.00767135620117,0.0,503,74,539,9,0,0,1,1,0
gaokao2023en,bbeam1,step-profile-config2-bbeam1-gaokao2023en-exclusive0817,301,301,10,draft|draft_verify,525.1154899597168,157.8381061553955,0.0,577,111,652,10,0,0,1,1,0
gaokao2023en,bbeam1,step-profile-config2-bbeam1-gaokao2023en-exclusive0817,301,301,11,draft|draft_verify,191.2214756011963,153.8410186767578,0.0,688,41,695,11,0,0,1,1,0
gaokao2023en,bbeam1,step-profile-config2-bbeam1-gaokao2023en-exclusive0817,301,301,12,draft|draft_verify,265.08307456970215,155.22336959838867,0.0,729,57,754,12,0,0,1,1,0
gaokao2023en,bbeam1,step-profile-config2-bbeam1-gaokao2023en-exclusive0817,301,301,13,draft|draft_verify|target|backtracking_verify,294.6145534515381,354.2523384094238,533.376932144165,786,64,1661,26,786,85,1,2,1
gaokao2023en,bbeam1,step-profile-config2-bbeam1-gaokao2023en-exclusive0817,301,301,14,draft|draft_verify|target|backtracking_verify,472.47886657714844,544.5518493652344,138.72528076171875,1721,100,2603,42,850,16,2,3,1
gaokao2023en,bbeam1,step-profile-config2-bbeam1-gaokao2023en-exclusive0817,301,301,15,draft|draft_verify|target|target_rescue_verify,714.6115303039551,995.3179359436035,821.7587471008301,2687,154,4589,75,1766,112,3,5,2
gaokao2023en,bbeam1,step-profile-config2-bbeam1-gaokao2023en-exclusive0817,301,301,16,draft|draft_verify,139.19639587402344,204.99753952026367,0.0,958,28,962,16,0,0,1,1,0
gaokao2023en,bbeam1,step-profile-config2-bbeam1-gaokao2023en-exclusive0817,302,302,1,draft|draft_verify|target|target_rescue_verify,401.23701095581055,110.8713150024414,323.44865798950195,156,92,344,2,156,48,1,2,1
gaokao2023en,bbeam1,step-profile-config2-bbeam1-gaokao2023en-exclusive0817,302,302,2,draft|draft_verify,340.40021896362305,60.7149600982666,0.0,204,76,228,2,0,0,1,1,0
gaokao2023en,bbeam1,step-profile-config2-bbeam1-gaokao2023en-exclusive0817,302,302,3,draft|draft_verify,111.17148399353027,61.26046180725098,0.0,280,24,254,3,0,0,1,1,0
gaokao2023en,bbeam1,step-profile-config2-bbeam1-gaokao2023en-exclusive0817,302,302,4,draft|draft_verify,116.54329299926758,77.56590843200684,0.0,304,25,281,4,0,0,1,1,0
gaokao2023en,bbeam1,step-profile-config2-bbeam1-gaokao2023en-exclusive0817,302,302,5,draft|draft_verify,214.19024467468262,96.81558609008789,0.0,329,45,328,5,0,0,1,1,0
gaokao2023en,bbeam1,step-profile-config2-bbeam1-gaokao2023en-exclusive0817,302,302,6,draft|draft_verify,175.0171184539795,92.9415225982666,0.0,374,40,370,6,0,0,1,1,0
gaokao2023en,bbeam1,step-profile-config2-bbeam1-gaokao2023en-exclusive0817,302,302,7,draft|draft_verify,213.47403526306152,124.17840957641602,0.0,414,47,419,7,0,0,1,1,0
gaokao2023en,bbeam1,step-profile-config2-bbeam1-gaokao2023en-exclusive0817,302,302,8,draft|draft_verify,25.208234786987305,124.73773956298828,0.0,461,6,427,8,0,0,1,1,0
gaokao2023en,bbeam1,step-profile-config2-bbeam1-gaokao2023en-exclusive0817,302,302,9,draft|draft_verify,115.12374877929688,126.42884254455566,0.0,467,24,453,9,0,0,1,1,0
gaokao2023en,bbeam1,step-profile-config2-bbeam1-gaokao2023en-exclusive0817,302,302,10,draft|draft_verify,151.1702537536621,144.20294761657715,0.0,491,35,490,10,0,0,1,1,0
gaokao2023en,bbeam1,step-profile-config2-bbeam1-gaokao2023en-exclusive0817,302,302,11,draft|draft_verify|target|target_rescue_verify,574.7113227844238,263.11516761779785,649.2679119110107,526,131,1220,22,526,105,1,2,1
gaokao2023en,bbeam1,step-profile-config2-bbeam1-gaokao2023en-exclusive0817,302,302,12,draft|draft_verify,146.4834213256836,132.4300765991211,0.0,631,29,628,12,0,0,1,1,0
gaokao2023en,bbeam1,step-profile-config2-bbeam1-gaokao2023en-exclusive0817,303,303,1,draft|draft_verify,192.40617752075195,30.5941104888916,0.0,124,42,112,1,0,0,1,1,0
gaokao2023en,bbeam1,step-profile-config2-bbeam1-gaokao2023en-exclusive0817,303,303,2,draft|draft_verify|target|backtracking_verify,400.9275436401367,119.03834342956543,496.0064888000488,166,89,397,4,166,80,1,2,1
gaokao2023en,bbeam1,step-profile-config2-bbeam1-gaokao2023en-exclusive0817,303,303,3,draft|draft_verify|target|target_rescue_verify,462.2528553009033,274.8241424560547,774.867057800293,501,99,1018,12,501,117,2,4,2
gaokao2023en,bbeam1,step-profile-config2-bbeam1-gaokao2023en-exclusive0817,303,303,4,draft|draft_verify|target|backtracking_verify,315.3119087219238,260.13827323913574,198.77243041992188,618,68,881,12,313,26,2,3,1
gaokao2023en,bbeam1,step-profile-config2-bbeam1-gaokao2023en-exclusive0817,303,303,5,draft|draft_verify|target|target_rescue_verify|backtracking_verify,949.0175247192383,579.4985294342041,1055.302381515503,1025,204,2131,30,1025,153,3,6,3
gaokao2023en,bbeam1,step-profile-config2-bbeam1-gaokao2023en-exclusive0817,303,303,6,draft|draft_verify|target|target_rescue_verify|backtracking_verify,1405.5650234222412,717.5047397613525,867.8197860717773,1180,303,2524,36,1180,125,3,6,3
gaokao2023en,bbeam1,step-profile-config2-bbeam1-gaokao2023en-exclusive0817,303,303,7,draft|draft_verify|target|target_rescue_verify|backtracking_verify,2249.5429515838623,804.6431541442871,1480.7686805725098,1286,493,3046,42,1286,233,3,6,3
gaokao2023en,bbeam1,step-profile-config2-bbeam1-gaokao2023en-exclusive0817,303,303,8,draft|draft_verify|target|target_rescue_verify,6658.663272857666,1617.671012878418,19176.18465423584,1517,1439,7530,48,1517,3298,3,6,3
gaokao2023en,bbeam1,step-profile-config2-bbeam1-gaokao2023en-exclusive0817,303,303,9,draft|draft_verify|target|target_rescue_verify,328.19437980651855,311.86556816101074,737.0302677154541,630,70,1374,18,630,120,1,2,1
gaokao2023en,bbeam1,step-profile-config2-bbeam1-gaokao2023en-exclusive0817,303,303,10,draft|draft_verify,119.82965469360352,154.86788749694824,0.0,750,25,739,10,0,0,1,1,0
gaokao2023en,bbeam1,step-profile-config2-bbeam1-gaokao2023en-exclusive0817,303,303,11,draft|draft_verify,170.6562042236328,166.0442352294922,0.0,775,35,776,11,0,0,1,1,0
gaokao2023en,bbeam1,step-profile-config2-bbeam1-gaokao2023en-exclusive0817,304,304,1,draft|draft_verify,94.95353698730469,30.867815017700195,0.0,108,21,75,1,0,0,1,1,0
gaokao2023en,bbeam1,step-profile-config2-bbeam1-gaokao2023en-exclusive0817,304,304,2,draft|draft_verify,287.6424789428711,46.44274711608887,0.0,129,57,134,2,0,0,1,1,0
gaokao2023en,bbeam1,step-profile-config2-bbeam1-gaokao2023en-exclusive0817,304,304,3,draft|draft_verify,217.91863441467285,58.34197998046875,0.0,186,50,186,3,0,0,1,1,0
gaokao2023en,bbeam1,step-profile-config2-bbeam1-gaokao2023en-exclusive0817,304,304,4,draft|draft_verify,226.64356231689453,60.20498275756836,0.0,236,51,239,4,0,0,1,1,0
gaokao2023en,bbeam1,step-profile-config2-bbeam1-gaokao2023en-exclusive0817,304,304,5,draft|draft_verify|target|backtracking_verify,297.8041172027588,155.30109405517578,394.8652744293213,287,61,601,10,287,58,1,2,1
gaokao2023en,bbeam1,step-profile-config2-bbeam1-gaokao2023en-exclusive0817,304,304,6,draft|draft_verify|target|target_rescue_verify,392.90595054626465,232.90395736694336,472.3837375640869,348,98,776,12,348,70,1,2,1
gaokao2023en,bbeam1,step-profile-config2-bbeam1-gaokao2023en-exclusive0817,304,304,7,draft|draft_verify,289.6552085876465,126.90401077270508,0.0,418,62,438,7,0,0,1,1,0
gaokao2023en,bbeam1,step-profile-config2-bbeam1-gaokao2023en-exclusive0817,304,304,8,draft|draft_verify,266.86954498291016,137.2077465057373,0.0,480,61,501,8,0,0,1,1,0
gaokao2023en,bbeam1,step-profile-config2-bbeam1-gaokao2023en-exclusive0817,304,304,9,draft|draft_verify,227.92506217956543,129.23407554626465,0.0,541,45,548,9,0,0,1,1,0
gaokao2023en,bbeam1,step-profile-config2-bbeam1-gaokao2023en-exclusive0817,304,304,10,draft|draft_verify,316.1046504974365,132.23600387573242,0.0,586,70,620,10,0,0,1,1,0
gaokao2023en,bbeam1,step-profile-config2-bbeam1-gaokao2023en-exclusive0817,304,304,11,draft|draft_verify,287.9219055175781,152.63700485229492,0.0,656,63,685,11,0,0,1,1,0
gaokao2023en,bbeam1,step-profile-config2-bbeam1-gaokao2023en-exclusive0817,304,304,12,draft|draft_verify,283.89978408813477,155.47490119934082,0.0,719,62,749,12,0,0,1,1,0
gaokao2023en,bbeam1,step-profile-config2-bbeam1-gaokao2023en-exclusive0817,304,304,13,draft|draft_verify,262.42828369140625,174.07584190368652,0.0,781,46,797,13,0,0,1,1,0
gaokao2023en,bbeam1,step-profile-config2-bbeam1-gaokao2023en-exclusive0817,304,304,14,draft|draft_verify,395.19214630126953,177.72150039672852,0.0,827,71,870,14,0,0,1,1,0
gaokao2023en,bbeam1,step-profile-config2-bbeam1-gaokao2023en-exclusive0817,304,304,15,draft|draft_verify,244.2605495452881,201.6608715057373,0.0,898,63,935,15,0,0,1,1,0
gaokao2023en,bbeam1,step-profile-config2-bbeam1-gaokao2023en-exclusive0817,304,304,16,draft|draft_verify,257.11965560913086,202.34441757202148,0.0,961,62,999,16,0,0,1,1,0
gaokao2023en,bbeam1,step-profile-config2-bbeam1-gaokao2023en-exclusive0817,304,304,17,draft|draft_verify,207.29804039001465,228.24954986572266,0.0,1023,46,1047,17,0,0,1,1,0
gaokao2023en,bbeam1,step-profile-config2-bbeam1-gaokao2023en-exclusive0817,304,304,18,draft|draft_verify,344.2234992980957,225.5532741546631,0.0,1069,71,1120,18,0,0,1,1,0
gaokao2023en,bbeam1,step-profile-config2-bbeam1-gaokao2023en-exclusive0817,304,304,19,draft|draft_verify,276.40557289123535,255.6300163269043,0.0,1140,63,1185,19,0,0,1,1,0
gaokao2023en,bbeam1,step-profile-config2-bbeam1-gaokao2023en-exclusive0817,304,304,20,draft|draft_verify,345.5336093902588,259.3390941619873,0.0,1203,62,1249,20,0,0,1,1,0
gaokao2023en,bbeam1,step-profile-config2-bbeam1-gaokao2023en-exclusive0817,304,304,21,draft|draft_verify,240.6625747680664,285.9833240509033,0.0,1265,46,1297,21,0,0,1,1,0
gaokao2023en,bbeam1,step-profile-config2-bbeam1-gaokao2023en-exclusive0817,304,304,22,draft|draft_verify,365.3135299682617,285.05587577819824,0.0,1311,71,1370,22,0,0,1,1,0
gaokao2023en,bbeam1,step-profile-config2-bbeam1-gaokao2023en-exclusive0817,304,304,23,draft|draft_verify,294.0549850463867,308.21824073791504,0.0,1382,63,1435,23,0,0,1,1,0
gaokao2023en,bbeam1,step-profile-config2-bbeam1-gaokao2023en-exclusive0817,304,304,24,draft|draft_verify,264.46080207824707,316.93196296691895,0.0,1445,62,1499,24,0,0,1,1,0
gaokao2023en,bbeam1,step-profile-config2-bbeam1-gaokao2023en-exclusive0817,304,304,25,draft|draft_verify,214.98537063598633,331.5083980560303,0.0,1507,46,1547,25,0,0,1,1,0
gaokao2023en,bbeam1,step-profile-config2-bbeam1-gaokao2023en-exclusive0817,304,304,26,draft|draft_verify,325.96826553344727,334.06615257263184,0.0,1553,71,1620,26,0,0,1,1,0
gaokao2023en,bbeam1,step-profile-config2-bbeam1-gaokao2023en-exclusive0817,304,304,27,draft|draft_verify,330.28411865234375,352.83446311950684,0.0,1624,63,1685,27,0,0,1,1,0
gaokao2023en,bbeam1,step-profile-config2-bbeam1-gaokao2023en-exclusive0817,304,304,28,draft|draft_verify,295.4118251800537,362.6284599304199,0.0,1687,62,1749,28,0,0,1,1,0
gaokao2023en,bbeam1,step-profile-config2-bbeam1-gaokao2023en-exclusive0817,304,304,29,draft|draft_verify,223.49238395690918,389.74690437316895,0.0,1749,46,1797,29,0,0,1,1,0
gaokao2023en,bbeam1,step-profile-config2-bbeam1-gaokao2023en-exclusive0817,304,304,30,draft|draft_verify,299.6087074279785,395.2348232269287,0.0,1795,71,1870,30,0,0,1,1,0
gaokao2023en,bbeam1,step-profile-config2-bbeam1-gaokao2023en-exclusive0817,304,304,31,draft|draft_verify,292.91558265686035,402.7373790740967,0.0,1866,63,1935,31,0,0,1,1,0
gaokao2023en,bbeam1,step-profile-config2-bbeam1-gaokao2023en-exclusive0817,304,304,32,draft|draft_verify,263.1981372833252,406.76259994506836,0.0,1929,62,1999,32,0,0,1,1,0
gaokao2023en,bbeam1,step-profile-config2-bbeam1-gaokao2023en-exclusive0817,304,304,33,draft|draft_verify,187.79325485229492,409.56854820251465,0.0,1991,46,2047,33,0,0,1,1,0
gaokao2023en,bbeam1,step-profile-config2-bbeam1-gaokao2023en-exclusive0817,304,304,34,draft|draft_verify,336.1246585845947,457.61847496032715,0.0,2037,71,2120,34,0,0,1,1,0
gaokao2023en,bbeam1,step-profile-config2-bbeam1-gaokao2023en-exclusive0817,305,305,1,draft|draft_verify|target|backtracking_verify,181.31375312805176,65.63258171081543,266.6020393371582,133,37,233,2,133,38,1,2,1
gaokao2023en,bbeam1,step-profile-config2-bbeam1-gaokao2023en-exclusive0817,305,305,2,draft|draft_verify|target|backtracking_verify,459.87606048583984,225.4481315612793,840.6209945678711,341,92,677,8,341,111,2,4,2
gaokao2023en,bbeam1,step-profile-config2-bbeam1-gaokao2023en-exclusive0817,305,305,3,draft|draft_verify|target|target_rescue_verify,2972.5544452667236,639.1391754150391,1764.7147178649902,885,644,2283,24,885,269,4,8,4
gaokao2023en,bbeam1,step-profile-config2-bbeam1-gaokao2023en-exclusive0817,305,305,4,draft|draft_verify|target|target_rescue_verify,1708.526372909546,529.3104648590088,1517.4460411071777,830,364,1973,24,830,237,3,6,3
gaokao2023en,bbeam1,step-profile-config2-bbeam1-gaokao2023en-exclusive0817,305,305,5,draft|draft_verify|target|target_rescue_verify,1009.8044872283936,535.8109474182129,1216.2261009216309,708,209,1637,20,708,196,2,4,2
gaokao2023en,bbeam1,step-profile-config2-bbeam1-gaokao2023en-exclusive0817,305,305,6,draft|draft_verify,163.94901275634766,142.78268814086914,0.0,472,33,461,6,0,0,1,1,0
gaokao2023en,bbeam1,step-profile-config2-bbeam1-gaokao2023en-exclusive0817,306,306,1,draft|draft_verify,115.06032943725586,29.92415428161621,0.0,124,26,96,1,0,0,1,1,0
gaokao2023en,bbeam1,step-profile-config2-bbeam1-gaokao2023en-exclusive0817,306,306,2,draft|draft_verify,454.20098304748535,59.86952781677246,0.0,150,113,211,2,0,0,1,1,0
gaokao2023en,bbeam1,step-profile-config2-bbeam1-gaokao2023en-exclusive0817,306,306,3,draft|draft_verify|target|backtracking_verify,342.5126075744629,139.00017738342285,288.4969711303711,263,81,550,6,263,43,1,2,1
gaokao2023en,bbeam1,step-profile-config2-bbeam1-gaokao2023en-exclusive0817,306,306,4,draft|draft_verify|target|target_rescue_verify,805.0317764282227,313.4629726409912,724.8671054840088,650,172,1136,12,344,114,2,3,1
gaokao2023en,bbeam1,step-profile-config2-bbeam1-gaokao2023en-exclusive0817,306,306,5,draft|draft_verify|target|backtracking_verify,370.56708335876465,270.62249183654785,872.0991611480713,397,84,931,10,397,145,1,2,1
gaokao2023en,bbeam1,step-profile-config2-bbeam1-gaokao2023en-exclusive0817,306,306,6,draft|draft_verify|target|target_rescue_verify|backtracking_verify,1494.4062232971191,524.5516300201416,1157.2082042694092,1023,312,2366,24,1023,184,2,4,2
gaokao2023en,bbeam1,step-profile-config2-bbeam1-gaokao2023en-exclusive0817,306,306,7,draft|draft_verify|target|backtracking_verify|target_rescue_verify,1591.0732746124268,860.4493141174316,7665.50874710083,1261,355,4024,28,1261,1315,2,4,2
gaokao2023en,bbeam1,step-profile-config2-bbeam1-gaokao2023en-exclusive0817,306,306,8,draft|draft_verify|target|backtracking_verify|target_rescue_verify,6228.783845901489,1738.473653793335,2182.751178741455,3380,1347,8220,48,3380,354,3,6,3
gaokao2023en,bbeam1,step-profile-config2-bbeam1-gaokao2023en-exclusive0817,306,306,9,draft|draft_verify|target|target_rescue_verify,4796.141624450684,1959.9506855010986,6058.028697967529,4581,1053,9085,63,2703,1014,4,7,3
gaokao2023en,bbeam1,step-profile-config2-bbeam1-gaokao2023en-exclusive0817,306,306,10,draft|draft_verify|target|target_rescue_verify,1186.708927154541,1621.8061447143555,1367.6133155822754,4658,249,7668,50,2729,212,3,5,2
gaokao2023en,bbeam1,step-profile-config2-bbeam1-gaokao2023en-exclusive0817,306,306,11,draft|draft_verify|target|target_rescue_verify,375.8416175842285,1259.406328201294,1134.951114654541,2941,78,6003,44,2941,179,2,4,2
gaokao2023en,bbeam1,step-profile-config2-bbeam1-gaokao2023en-exclusive0817,307,307,1,draft|draft_verify|target|target_rescue_verify,344.41280364990234,101.1052131652832,434.82327461242676,125,86,296,2,125,68,1,2,1
gaokao2023en,bbeam1,step-profile-config2-bbeam1-gaokao2023en-exclusive0817,307,307,2,draft|draft_verify|target|target_rescue_verify,409.2860221862793,129.75120544433594,553.6105632781982,193,92,451,4,193,77,1,2,1
gaokao2023en,bbeam1,step-profile-config2-bbeam1-gaokao2023en-exclusive0817,307,307,3,draft|draft_verify|target|target_rescue_verify,415.09509086608887,222.82648086547852,1214.080572128296,270,89,730,6,270,201,1,2,1
gaokao2023en,bbeam1,step-profile-config2-bbeam1-gaokao2023en-exclusive0817,307,307,4,draft|draft_verify,244.25578117370605,135.42819023132324,0.0,471,52,475,4,0,0,1,1,0
gaokao2023en,bbeam1,step-profile-config2-bbeam1-gaokao2023en-exclusive0817,307,307,5,draft|draft_verify,113.41714859008789,140.66290855407715,0.0,523,23,500,5,0,0,1,1,0
gaokao2023en,bbeam1,step-profile-config2-bbeam1-gaokao2023en-exclusive0817,308,308,1,draft|draft_verify,162.54568099975586,31.171560287475586,0.0,117,36,99,1,0,0,1,1,0
gaokao2023en,bbeam1,step-profile-config2-bbeam1-gaokao2023en-exclusive0817,308,308,2,draft|draft_verify,142.38429069519043,47.005414962768555,0.0,153,32,133,2,0,0,1,1,0
gaokao2023en,bbeam1,step-profile-config2-bbeam1-gaokao2023en-exclusive0817,308,308,3,draft|draft_verify|target|target_rescue_verify,925.107479095459,177.14595794677734,829.3190002441406,185,210,615,6,185,135,1,2,1
gaokao2023en,bbeam1,step-profile-config2-bbeam1-gaokao2023en-exclusive0817,308,308,4,draft|draft_verify,234.99274253845215,93.16015243530273,0.0,320,49,321,4,0,0,1,1,0
gaokao2023en,bbeam1,step-profile-config2-bbeam1-gaokao2023en-exclusive0817,308,308,5,draft|draft_verify,275.12645721435547,96.07982635498047,0.0,369,58,381,5,0,0,1,1,0
gaokao2023en,bbeam1,step-profile-config2-bbeam1-gaokao2023en-exclusive0817,308,308,6,draft|draft_verify,237.78057098388672,132.19690322875977,0.0,427,51,434,6,0,0,1,1,0
gaokao2023en,bbeam1,step-profile-config2-bbeam1-gaokao2023en-exclusive0817,308,308,7,draft|draft_verify,44.85344886779785,127.3036003112793,0.0,478,9,445,7,0,0,1,1,0
gaokao2023en,bbeam1,step-profile-config2-bbeam1-gaokao2023en-exclusive0817,308,308,8,draft|draft_verify,228.2121181488037,143.89562606811523,0.0,487,49,496,8,0,0,1,1,0
gaokao2023en,bbeam1,step-profile-config2-bbeam1-gaokao2023en-exclusive0817,308,308,9,draft|draft_verify,223.86860847473145,130.540132522583,0.0,536,49,547,9,0,0,1,1,0
gaokao2023en,bbeam1,step-profile-config2-bbeam1-gaokao2023en-exclusive0817,308,308,10,draft|draft_verify,265.76876640319824,132.80320167541504,0.0,585,57,606,10,0,0,1,1,0
gaokao2023en,bbeam1,step-profile-config2-bbeam1-gaokao2023en-exclusive0817,308,308,11,draft|draft_verify,240.25607109069824,152.94790267944336,0.0,642,51,659,11,0,0,1,1,0
gaokao2023en,bbeam1,step-profile-config2-bbeam1-gaokao2023en-exclusive0817,308,308,12,draft|draft_verify,307.481050491333,161.6063117980957,0.0,693,67,728,12,0,0,1,1,0
gaokao2023en,bbeam1,step-profile-config2-bbeam1-gaokao2023en-exclusive0817,308,308,13,draft|draft_verify|target|backtracking_verify,66.05076789855957,332.0789337158203,314.33820724487305,760,12,1518,26,760,46,1,2,1
gaokao2023en,bbeam1,step-profile-config2-bbeam1-gaokao2023en-exclusive0817,308,308,14,draft|draft_verify|target|target_rescue_verify,79.36930656433105,322.13330268859863,200.14715194702148,772,14,1518,28,772,16,1,2,1
gaokao2023en,bbeam1,step-profile-config2-bbeam1-gaokao2023en-exclusive0817,309,309,1,draft|draft_verify,93.13583374023438,37.00375556945801,0.0,110,20,76,1,0,0,1,1,0
gaokao2023en,bbeam1,step-profile-config2-bbeam1-gaokao2023en-exclusive0817,309,309,2,draft|draft_verify,198.65942001342773,31.607389450073242,0.0,130,39,117,2,0,0,1,1,0
gaokao2023en,bbeam1,step-profile-config2-bbeam1-gaokao2023en-exclusive0817,309,309,3,draft|draft_verify|target|target_rescue_verify,491.3525581359863,115.0057315826416,217.7283763885498,169,107,373,6,169,28,1,2,1
gaokao2023en,bbeam1,step-profile-config2-bbeam1-gaokao2023en-exclusive0817,309,309,4,draft|draft_verify|target|target_rescue_verify,276.89671516418457,129.39763069152832,324.37634468078613,197,61,407,8,197,48,1,2,1
gaokao2023en,bbeam1,step-profile-config2-bbeam1-gaokao2023en-exclusive0817,309,309,5,draft|draft_verify,303.80892753601074,91.85576438903809,0.0,245,65,264,5,0,0,1,1,0
gaokao2023en,bbeam1,step-profile-config2-bbeam1-gaokao2023en-exclusive0817,309,309,6,draft|draft_verify|target|target_rescue_verify,311.290979385376,181.26726150512695,302.07276344299316,310,63,639,12,310,44,1,2,1
gaokao2023en,bbeam1,step-profile-config2-bbeam1-gaokao2023en-exclusive0817,309,309,7,draft|draft_verify|target|target_rescue_verify,326.7335891723633,221.3270664215088,464.4951820373535,354,68,765,14,354,73,1,2,1
gaokao2023en,bbeam1,step-profile-config2-bbeam1-gaokao2023en-exclusive0817,309,309,8,draft|draft_verify|target|target_rescue_verify,397.7844715118408,254.19306755065918,383.17298889160156,427,86,918,16,427,58,1,2,1
gaokao2023en,bbeam1,step-profile-config2-bbeam1-gaokao2023en-exclusive0817,309,309,9,draft|draft_verify|target|backtracking_verify,449.17798042297363,257.3285102844238,705.1501274108887,485,95,1104,18,485,115,1,2,1
gaokao2023en,bbeam1,step-profile-config2-bbeam1-gaokao2023en-exclusive0817,309,309,10,draft|draft_verify|target|target_rescue_verify,444.0474510192871,264.01829719543457,606.5020561218262,580,70,1246,20,580,88,1,2,1
gaokao2023en,bbeam1,step-profile-config2-bbeam1-gaokao2023en-exclusive0817,309,309,11,draft|draft_verify,560.5728626251221,154.25682067871094,0.0,668,89,723,11,0,0,1,1,0
gaokao2023en,bbeam1,step-profile-config2-bbeam1-gaokao2023en-exclusive0817,309,309,12,draft|draft_verify,237.20550537109375,155.81226348876953,0.0,757,37,762,12,0,0,1,1,0
gaokao2023en,bbeam1,step-profile-config2-bbeam1-gaokao2023en-exclusive0817,309,309,13,draft|draft_verify,140.15531539916992,175.55665969848633,0.0,794,27,791,13,0,0,1,1,0
gaokao2023en,bbeam1,step-profile-config2-bbeam1-gaokao2023en-exclusive0817,310,310,1,draft|draft_verify,409.95264053344727,47.16038703918457,0.0,121,68,135,1,0,0,1,1,0
gaokao2023en,bbeam1,step-profile-config2-bbeam1-gaokao2023en-exclusive0817,310,310,2,draft|draft_verify|target|backtracking_verify,310.8530044555664,128.04722785949707,385.4174613952637,189,68,401,4,189,59,1,2,1
gaokao2023en,bbeam1,step-profile-config2-bbeam1-gaokao2023en-exclusive0817,310,310,3,draft|draft_verify|target|target_rescue_verify,722.6846218109131,252.39229202270508,523.66042137146,505,127,818,9,257,81,2,3,1
gaokao2023en,bbeam1,step-profile-config2-bbeam1-gaokao2023en-exclusive0817,310,310,4,draft|draft_verify|target|target_rescue_verify,1810.4135990142822,453.7172317504883,1587.3205661773682,650,389,1759,16,650,265,2,4,2
gaokao2023en,bbeam1,step-profile-config2-bbeam1-gaokao2023en-exclusive0817,310,310,5,draft|draft_verify|target|target_rescue_verify,231.4624786376953,185.3044033050537,173.10070991516113,353,48,683,10,353,23,1,2,1
gaokao2023en,bbeam1,step-profile-config2-bbeam1-gaokao2023en-exclusive0817,310,310,6,draft|draft_verify|target|target_rescue_verify,1261.077880859375,255.2471160888672,391.7219638824463,376,229,952,12,376,61,1,2,1
gaokao2023en,bbeam1,step-profile-config2-bbeam1-gaokao2023en-exclusive0817,310,310,7,draft|draft_verify|target|target_rescue_verify,339.24198150634766,254.38594818115234,466.6018486022949,437,72,935,14,437,75,1,2,1
gaokao2023en,bbeam1,step-profile-config2-bbeam1-gaokao2023en-exclusive0817,310,310,8,draft|draft_verify,334.7814083099365,132.05742835998535,0.0,512,71,542,8,0,0,1,1,0
gaokao2023en,bbeam1,step-profile-config2-bbeam1-gaokao2023en-exclusive0817,310,310,9,draft|draft_verify,345.7350730895996,133.70037078857422,0.0,583,63,607,9,0,0,1,1,0
gaokao2023en,bbeam1,step-profile-config2-bbeam1-gaokao2023en-exclusive0817,310,310,10,draft|draft_verify|target|target_rescue_verify,499.62806701660156,320.53256034851074,571.7148780822754,646,96,1390,20,646,76,1,2,1
gaokao2023en,bbeam1,step-profile-config2-bbeam1-gaokao2023en-exclusive0817,310,310,11,draft|draft_verify|target|backtracking_verify,135.41603088378906,316.35546684265137,200.9134292602539,722,28,1427,22,722,25,1,2,1
gaokao2023en,bbeam1,step-profile-config2-bbeam1-gaokao2023en-exclusive0817,310,310,12,draft|draft_verify|target|target_rescue_verify,966.2842750549316,838.0472660064697,4458.326578140259,1497,210,3811,48,1497,739,2,4,2
gaokao2023en,bbeam1,step-profile-config2-bbeam1-gaokao2023en-exclusive0817,310,310,13,draft|draft_verify,796.0522174835205,178.70044708251953,0.0,754,171,894,13,0,0,1,1,0
gaokao2023en,bbeam1,step-profile-config2-bbeam1-gaokao2023en-exclusive0817,310,310,14,draft|draft_verify,180.0217628479004,202.7137279510498,0.0,925,36,932,14,0,0,1,1,0
gaokao2023en,bbeam1,step-profile-config2-bbeam1-gaokao2023en-exclusive0817,310,310,15,draft|draft_verify|target|target_rescue_verify,2001.2521743774414,520.8284854888916,952.2709846496582,961,364,2371,30,961,139,1,2,1
gaokao2023en,bbeam1,step-profile-config2-bbeam1-gaokao2023en-exclusive0817,310,310,16,draft|draft_verify,133.73136520385742,231.24098777770996,0.0,1100,31,1106,16,0,0,1,1,0
gaokao2023en,bbeam1,step-profile-config2-bbeam1-gaokao2023en-exclusive0817,310,310,17,draft|draft_verify,22.168636322021484,226.17077827453613,0.0,1131,4,1112,17,0,0,1,1,0
gaokao2023en,bbeam1,step-profile-config2-bbeam1-gaokao2023en-exclusive0817,310,310,18,draft|draft_verify|target|target_rescue_verify,242.8581714630127,514.0295028686523,572.7005004882812,1135,54,2373,36,1135,91,1,2,1
gaokao2023en,bbeam1,step-profile-config2-bbeam1-gaokao2023en-exclusive0817,310,310,19,draft|draft_verify,427.39319801330566,277.61387825012207,0.0,1226,91,1298,19,0,0,1,1,0
gaokao2023en,bbeam1,step-profile-config2-bbeam1-gaokao2023en-exclusive0817,310,310,20,draft|draft_verify,415.2412414550781,283.77318382263184,0.0,1317,90,1390,20,0,0,1,1,0
gaokao2023en,bbeam1,step-profile-config2-bbeam1-gaokao2023en-exclusive0817,310,310,21,draft|draft_verify,654.2294025421143,316.725492477417,0.0,1407,121,1513,21,0,0,1,1,0
gaokao2023en,bbeam1,step-profile-config2-bbeam1-gaokao2023en-exclusive0817,310,310,22,draft|draft_verify,432.10864067077637,332.9639434814453,0.0,1528,90,1605,22,0,0,1,1,0
gaokao2023en,bbeam1,step-profile-config2-bbeam1-gaokao2023en-exclusive0817,310,310,23,draft|draft_verify,546.3225841522217,352.0393371582031,0.0,1618,121,1728,23,0,0,1,1,0
gaokao2023en,bbeam1,step-profile-config2-bbeam1-gaokao2023en-exclusive0817,310,310,24,draft|draft_verify,459.9730968475342,393.99099349975586,0.0,1739,89,1819,24,0,0,1,1,0
gaokao2023en,bbeam1,step-profile-config2-bbeam1-gaokao2023en-exclusive0817,310,310,25,draft|draft_verify,409.73782539367676,396.5885639190674,0.0,1828,89,1910,25,0,0,1,1,0
gaokao2023en,bbeam1,step-profile-config2-bbeam1-gaokao2023en-exclusive0817,310,310,26,draft|draft_verify,524.4905948638916,409.1074466705322,0.0,1917,120,2032,26,0,0,1,1,0
gaokao2023en,bbeam1,step-profile-config2-bbeam1-gaokao2023en-exclusive0817,310,310,27,draft|draft_verify,416.37635231018066,425.31275749206543,0.0,2037,89,2123,27,0,0,1,1,0
gaokao2023en,bbeam1,step-profile-config2-bbeam1-gaokao2023en-exclusive0817,311,311,1,draft|draft_verify,178.27153205871582,30.130386352539062,0.0,106,42,94,1,0,0,1,1,0
gaokao2023en,bbeam1,step-profile-config2-bbeam1-gaokao2023en-exclusive0817,311,311,2,draft|draft_verify|target|backtracking_verify,245.51653861999512,106.68230056762695,310.20164489746094,148,56,296,4,148,48,1,2,1
gaokao2023en,bbeam1,step-profile-config2-bbeam1-gaokao2023en-exclusive0817,311,311,3,draft|draft_verify|target|target_rescue_verify,513.667106628418,279.90150451660156,1350.6278991699219,400,116,938,12,400,222,2,4,2
gaokao2023en,bbeam1,step-profile-config2-bbeam1-gaokao2023en-exclusive0817,311,311,4,draft|draft_verify|target|backtracking_verify,263.8437747955322,178.42888832092285,629.2753219604492,303,54,666,8,303,102,1,2,1
gaokao2023en,bbeam1,step-profile-config2-bbeam1-gaokao2023en-exclusive0817,311,311,5,draft|draft_verify|target|target_rescue_verify,916.1956310272217,282.0405960083008,659.6724987030029,357,186,916,10,357,108,1,2,1
gaokao2023en,bbeam1,step-profile-config2-bbeam1-gaokao2023en-exclusive0817,311,311,6,draft|draft_verify|target|target_rescue_verify,435.23240089416504,272.7797031402588,501.3105869293213,465,92,1011,12,465,77,1,2,1
gaokao2023en,bbeam1,step-profile-config2-bbeam1-gaokao2023en-exclusive0817,311,311,7,draft|draft_verify|target|target_rescue_verify,543.4896945953369,264.44315910339355,637.0604038238525,542,116,1217,14,542,101,1,2,1
gaokao2023en,bbeam1,step-profile-config2-bbeam1-gaokao2023en-exclusive0817,311,311,8,draft|draft_verify|target|target_rescue_verify,1323.857307434082,346.127986907959,699.7053623199463,643,293,1611,16,643,112,1,2,1
gaokao2023en,bbeam1,step-profile-config2-bbeam1-gaokao2023en-exclusive0817,311,311,9,draft|draft_verify|target|backtracking_verify,360.17465591430664,333.46104621887207,391.97278022766113,755,75,1568,18,755,59,1,2,1
gaokao2023en,bbeam1,step-profile-config2-bbeam1-gaokao2023en-exclusive0817,311,311,10,draft|draft_verify|target|target_rescue_verify,1366.142749786377,604.1514873504639,686.4690780639648,1644,277,2754,30,830,111,2,3,1
gaokao2023en,bbeam1,step-profile-config2-bbeam1-gaokao2023en-exclusive0817,311,311,11,draft|draft_verify|target|target_rescue_verify,954.186201095581,638.5021209716797,380.6483745574951,1892,206,2994,33,941,57,2,3,1
gaokao2023en,bbeam1,step-profile-config2-bbeam1-gaokao2023en-exclusive0817,311,311,12,draft|draft_verify,124.23563003540039,232.42974281311035,0.0,1065,25,1058,12,0,0,1,1,0
gaokao2023en,bbeam1,step-profile-config2-bbeam1-gaokao2023en-exclusive0817,311,311,13,draft|draft_verify,136.51371002197266,231.4763069152832,0.0,1090,27,1087,13,0,0,1,1,0
gaokao2023en,bbeam1,step-profile-config2-bbeam1-gaokao2023en-exclusive0817,312,312,1,draft|draft_verify|target|target_rescue_verify,221.909761428833,71.60305976867676,444.99731063842773,113,48,235,2,113,69,1,2,1
gaokao2023en,bbeam1,step-profile-config2-bbeam1-gaokao2023en-exclusive0817,312,312,2,draft|draft_verify|target|target_rescue_verify,333.10890197753906,128.36909294128418,403.58567237854004,182,73,396,4,182,63,1,2,1
gaokao2023en,bbeam1,step-profile-config2-bbeam1-gaokao2023en-exclusive0817,312,312,3,draft|draft_verify|target|backtracking_verify,315.20724296569824,169.9850559234619,426.2993335723877,245,68,524,6,245,66,1,2,1
gaokao2023en,bbeam1,step-profile-config2-bbeam1-gaokao2023en-exclusive0817,312,312,4,draft|draft_verify|target|target_rescue_verify,836.7400169372559,466.95637702941895,2538.8219356536865,624,179,1657,16,624,422,2,4,2
gaokao2023en,bbeam1,step-profile-config2-bbeam1-gaokao2023en-exclusive0817,312,312,5,draft|draft_verify|target|target_rescue_verify,550.6505966186523,259.06872749328613,624.1793632507324,520,118,1165,10,520,99,1,2,1
gaokao2023en,bbeam1,step-profile-config2-bbeam1-gaokao2023en-exclusive0817,312,312,6,draft|draft_verify,100.51727294921875,135.14161109924316,0.0,619,18,593,6,0,0,1,1,0
gaokao2023en,bbeam1,step-profile-config2-bbeam1-gaokao2023en-exclusive0817,313,313,1,draft|draft_verify|target|backtracking_verify,285.7508659362793,112.67733573913574,208.2374095916748,184,64,353,2,184,29,1,2,1
gaokao2023en,bbeam1,step-profile-config2-bbeam1-gaokao2023en-exclusive0817,313,313,2,draft|draft_verify|target|target_rescue_verify,748.7187385559082,285.30287742614746,695.826530456543,461,171,987,8,461,103,2,4,2
gaokao2023en,bbeam1,step-profile-config2-bbeam1-gaokao2023en-exclusive0817,313,313,3,draft|draft_verify|target|backtracking_verify,304.9139976501465,231.91142082214355,116.60575866699219,564,64,812,9,325,10,2,3,1
gaokao2023en,bbeam1,step-profile-config2-bbeam1-gaokao2023en-exclusive0817,313,313,4,draft|draft_verify|target|target_rescue_verify,1380.8910846710205,565.9401416778564,1020.1842784881592,963,296,1866,20,692,157,3,5,2
gaokao2023en,bbeam1,step-profile-config2-bbeam1-gaokao2023en-exclusive0817,313,313,5,draft|draft_verify,176.76973342895508,89.90120887756348,0.0,296,36,284,5,0,0,1,1,0
gaokao2023en,bbeam1,step-profile-config2-bbeam1-gaokao2023en-exclusive0817,313,313,6,draft|draft_verify,123.37732315063477,84.82003211975098,0.0,332,25,310,6,0,0,1,1,0
gaokao2023en,bbeam1,step-profile-config2-bbeam1-gaokao2023en-exclusive0817,313,313,7,draft|draft_verify|target|target_rescue_verify,195.83868980407715,200.93536376953125,275.0728130340576,357,41,703,14,357,38,1,2,1
gaokao2023en,bbeam1,step-profile-config2-bbeam1-gaokao2023en-exclusive0817,313,313,8,draft|draft_verify,119.85445022583008,100.95977783203125,0.0,395,25,376,8,0,0,1,1,0
gaokao2023en,bbeam1,step-profile-config2-bbeam1-gaokao2023en-exclusive0817,313,313,9,draft|draft_verify,146.56901359558105,136.8997097015381,0.0,420,31,409,9,0,0,1,1,0
gaokao2023en,bbeam1,step-profile-config2-bbeam1-gaokao2023en-exclusive0817,313,313,10,draft|draft_verify,80.95049858093262,126.33800506591797,0.0,451,17,428,10,0,0,1,1,0
gaokao2023en,bbeam1,step-profile-config2-bbeam1-gaokao2023en-exclusive0817,313,313,11,draft|draft_verify|target|target_rescue_verify,510.6022357940674,276.2258052825928,386.4717483520508,468,107,1021,22,468,54,1,2,1
gaokao2023en,bbeam1,step-profile-config2-bbeam1-gaokao2023en-exclusive0817,313,313,12,draft|draft_verify,72.26061820983887,136.45601272583008,0.0,522,14,499,12,0,0,1,1,0
gaokao2023en,bbeam1,step-profile-config2-bbeam1-gaokao2023en-exclusive0817,313,313,13,draft|draft_verify,379.06694412231445,138.68451118469238,0.0,536,78,579,13,0,0,1,1,0
gaokao2023en,bbeam1,step-profile-config2-bbeam1-gaokao2023en-exclusive0817,313,313,14,draft|draft_verify,52.58679389953613,129.669189453125,0.0,614,12,592,14,0,0,1,1,0
gaokao2023en,bbeam1,step-profile-config2-bbeam1-gaokao2023en-exclusive0817,313,313,15,draft|draft_verify,172.52278327941895,131.44159317016602,0.0,626,38,632,15,0,0,1,1,0
gaokao2023en,bbeam1,step-profile-config2-bbeam1-gaokao2023en-exclusive0817,313,313,16,draft|draft_verify|target|target_rescue_verify,302.02364921569824,314.09287452697754,495.6700801849365,664,64,1390,32,664,58,1,2,1
gaokao2023en,bbeam1,step-profile-config2-bbeam1-gaokao2023en-exclusive0817,313,313,17,draft|draft_verify|target|target_rescue_verify,362.7758026123047,333.5614204406738,380.8772563934326,722,78,1524,34,722,58,1,2,1
gaokao2023en,bbeam1,step-profile-config2-bbeam1-gaokao2023en-exclusive0817,313,313,18,draft|draft_verify,273.1485366821289,175.92835426330566,0.0,780,58,812,18,0,0,1,1,0
gaokao2023en,bbeam1,step-profile-config2-bbeam1-gaokao2023en-exclusive0817,313,313,19,draft|draft_verify,280.8094024658203,187.29162216186523,0.0,838,58,872,19,0,0,1,1,0
gaokao2023en,bbeam1,step-profile-config2-bbeam1-gaokao2023en-exclusive0817,313,313,20,draft|draft_verify,142.08626747131348,200.83284378051758,0.0,896,29,903,20,0,0,1,1,0
gaokao2023en,bbeam1,step-profile-config2-bbeam1-gaokao2023en-exclusive0817,313,313,21,draft|draft_verify,72.26181030273438,204.1916847229004,0.0,925,14,918,21,0,0,1,1,0
gaokao2023en,bbeam1,step-profile-config2-bbeam1-gaokao2023en-exclusive0817,313,313,22,draft|draft_verify,384.9005699157715,206.3910961151123,0.0,939,78,998,22,0,0,1,1,0
gaokao2023en,bbeam1,step-profile-config2-bbeam1-gaokao2023en-exclusive0817,313,313,23,draft|draft_verify,41.94784164428711,204.6184539794922,0.0,1017,7,1007,23,0,0,1,1,0
gaokao2023en,bbeam1,step-profile-config2-bbeam1-gaokao2023en-exclusive0817,313,313,24,draft|draft_verify|target|target_rescue_verify,736.6032600402832,490.27299880981445,776.2706279754639,1024,169,2292,48,1024,105,1,2,1
gaokao2023en,bbeam1,step-profile-config2-bbeam1-gaokao2023en-exclusive0817,313,313,25,draft|draft_verify,64.90969657897949,243.28064918518066,0.0,1129,12,1128,25,0,0,1,1,0
gaokao2023en,bbeam1,step-profile-config2-bbeam1-gaokao2023en-exclusive0817,313,313,26,draft|draft_verify,60.81986427307129,235.01992225646973,0.0,1141,11,1141,26,0,0,1,1,0
gaokao2023en,bbeam1,step-profile-config2-bbeam1-gaokao2023en-exclusive0817,313,313,27,draft|draft_verify,325.49595832824707,261.6262435913086,0.0,1152,59,1202,27,0,0,1,1,0
gaokao2023en,bbeam1,step-profile-config2-bbeam1-gaokao2023en-exclusive0817,313,313,28,draft|draft_verify,168.6859130859375,260.81275939941406,0.0,1211,35,1239,28,0,0,1,1,0
gaokao2023en,bbeam1,step-profile-config2-bbeam1-gaokao2023en-exclusive0817,313,313,29,draft|draft_verify,261.6410255432129,280.54022789001465,0.0,1246,54,1295,29,0,0,1,1,0
gaokao2023en,bbeam1,step-profile-config2-bbeam1-gaokao2023en-exclusive0817,313,313,30,draft|draft_verify,247.6937770843506,360.08167266845703,0.0,1300,54,1351,30,0,0,1,1,0
gaokao2023en,bbeam1,step-profile-config2-bbeam1-gaokao2023en-exclusive0817,313,313,31,draft|draft_verify,255.5234432220459,284.70373153686523,0.0,1354,54,1407,31,0,0,1,1,0
gaokao2023en,bbeam1,step-profile-config2-bbeam1-gaokao2023en-exclusive0817,313,313,32,draft|draft_verify,198.23789596557617,314.685583114624,0.0,1408,42,1451,32,0,0,1,1,0
gaokao2023en,bbeam1,step-profile-config2-bbeam1-gaokao2023en-exclusive0817,313,313,33,draft|draft_verify,61.61642074584961,316.131591796875,0.0,1450,12,1464,33,0,0,1,1,0
gaokao2023en,bbeam1,step-profile-config2-bbeam1-gaokao2023en-exclusive0817,313,313,34,draft|draft_verify|target|target_rescue_verify,227.34379768371582,636.3017559051514,232.3009967803955,1462,49,3010,68,1462,29,1,2,1
gaokao2023en,bbeam1,step-profile-config2-bbeam1-gaokao2023en-exclusive0817,313,313,35,draft|draft_verify,90.7595157623291,319.1404342651367,0.0,1491,18,1515,35,0,0,1,1,0
gaokao2023en,bbeam1,step-profile-config2-bbeam1-gaokao2023en-exclusive0817,313,313,36,draft|draft_verify,109.05885696411133,335.4308605194092,0.0,1509,20,1537,36,0,0,1,1,0
gaokao2023en,bbeam1,step-profile-config2-bbeam1-gaokao2023en-exclusive0817,313,313,37,draft|draft_verify,92.38219261169434,335.12306213378906,0.0,1529,13,1552,37,0,0,1,1,0
gaokao2023en,bbeam1,step-profile-config2-bbeam1-gaokao2023en-exclusive0817,314,314,1,draft|draft_verify|target|target_rescue_verify,557.0077896118164,95.45731544494629,207.88240432739258,155,123,352,2,155,27,1,2,1
gaokao2023en,bbeam1,step-profile-config2-bbeam1-gaokao2023en-exclusive0817,314,314,2,draft|draft_verify|target|backtracking_verify,336.70878410339355,121.84953689575195,585.0021839141846,182,75,430,4,182,95,1,2,1
gaokao2023en,bbeam1,step-profile-config2-bbeam1-gaokao2023en-exclusive0817,314,314,3,draft|draft_verify|target|target_rescue_verify,10789.682865142822,918.2968139648438,3102.545976638794,534,2398,3781,12,534,516,2,4,2
gaokao2023en,bbeam1,step-profile-config2-bbeam1-gaokao2023en-exclusive0817,314,314,4,draft|draft_verify|target|target_rescue_verify,2581.552743911743,696.6161727905273,4161.9367599487305,1050,530,3144,16,1050,706,2,4,2
gaokao2023en,bbeam1,step-profile-config2-bbeam1-gaokao2023en-exclusive0817,314,314,5,draft|draft_verify|target|target_rescue_verify,105.73863983154297,353.33251953125,219.1791534423828,829,24,1614,10,829,24,1,2,1
gaokao2023en,bbeam1,step-profile-config2-bbeam1-gaokao2023en-exclusive0817,315,315,1,draft|draft_verify|target|target_rescue_verify,993.2234287261963,122.4508285522461,659.2650413513184,109,163,380,2,109,107,1,2,1
gaokao2023en,bbeam1,step-profile-config2-bbeam1-gaokao2023en-exclusive0817,315,315,2,draft|draft_verify|target|target_rescue_verify,667.3510074615479,235.71252822875977,1943.5467720031738,216,118,749,4,216,303,1,2,1
gaokao2023en,bbeam1,step-profile-config2-bbeam1-gaokao2023en-exclusive0817,315,315,3,draft|draft_verify|target|target_rescue_verify,634.4892978668213,650.1119136810303,12134.902477264404,519,144,3130,6,519,2049,1,2,1
gaokao2023en,bbeam1,step-profile-config2-bbeam1-gaokao2023en-exclusive0817,316,316,1,draft|draft_verify|target|backtracking_verify,237.70737648010254,123.14009666442871,479.5341491699219,212,52,444,2,212,76,1,2,1
gaokao2023en,bbeam1,step-profile-config2-bbeam1-gaokao2023en-exclusive0817,316,316,2,draft|draft_verify|target|backtracking_verify,613.8436794281006,326.7655372619629,859.5888614654541,552,135,1165,8,552,134,2,4,2
gaokao2023en,bbeam1,step-profile-config2-bbeam1-gaokao2023en-exclusive0817,316,316,3,draft|draft_verify|target|target_rescue_verify,1560.7919692993164,794.0025329589844,1879.3730735778809,1373,322,2659,21,1019,295,4,7,3
gaokao2023en,bbeam1,step-profile-config2-bbeam1-gaokao2023en-exclusive0817,316,316,4,draft|draft_verify|target|target_rescue_verify,1256.3340663909912,649.6479511260986,1288.0489826202393,1268,260,2315,20,828,199,3,5,2
gaokao2023en,bbeam1,step-profile-config2-bbeam1-gaokao2023en-exclusive0817,316,316,5,draft|draft_verify|target|backtracking_verify|target_rescue_verify,805.213212966919,525.9358882904053,1366.412878036499,979,174,2170,20,979,222,2,4,2
gaokao2023en,bbeam1,step-profile-config2-bbeam1-gaokao2023en-exclusive0817,316,316,6,draft|draft_verify|target|backtracking_verify|target_rescue_verify,1496.8478679656982,897.6490497589111,1870.377540588379,1747,327,3852,36,1747,295,3,6,3
gaokao2023en,bbeam1,step-profile-config2-bbeam1-gaokao2023en-exclusive0817,316,316,7,draft|draft_verify|target|target_rescue_verify,850.7275581359863,748.1083869934082,919.252872467041,1985,184,3381,35,1285,137,3,5,2
gaokao2023en,bbeam1,step-profile-config2-bbeam1-gaokao2023en-exclusive0817,316,316,8,draft|draft_verify,390.0115489959717,178.2090663909912,0.0,809,83,852,8,0,0,1,1,0
gaokao2023en,bbeam1,step-profile-config2-bbeam1-gaokao2023en-exclusive0817,316,316,9,draft|draft_verify,157.7460765838623,179.7032356262207,0.0,892,28,882,9,0,0,1,1,0
gaokao2023en,bbeam1,step-profile-config2-bbeam1-gaokao2023en-exclusive0817,316,316,10,draft|draft_verify,71.93732261657715,200.1049518585205,0.0,920,15,899,10,0,0,1,1,0
gaokao2023en,bbeam1,step-profile-config2-bbeam1-gaokao2023en-exclusive0817,317,317,1,draft|draft_verify|target|backtracking_verify,280.853271484375,83.26053619384766,266.74938201904297,132,57,253,2,132,40,1,2,1
gaokao2023en,bbeam1,step-profile-config2-bbeam1-gaokao2023en-exclusive0817,317,317,2,draft|draft_verify|target|target_rescue_verify|backtracking_verify,462.85295486450195,255.9504508972168,948.3644962310791,361,103,764,8,361,147,2,4,2
gaokao2023en,bbeam1,step-profile-config2-bbeam1-gaokao2023en-exclusive0817,317,317,3,draft|draft_verify|target|target_rescue_verify,909.5449447631836,341.2513732910156,1146.4002132415771,492,194,1162,12,492,184,2,4,2
gaokao2023en,bbeam1,step-profile-config2-bbeam1-gaokao2023en-exclusive0817,317,317,4,draft|draft_verify|target|target_rescue_verify,1064.4147396087646,279.2999744415283,1052.5329113006592,351,225,1000,8,351,169,1,2,1
gaokao2023en,bbeam1,step-profile-config2-bbeam1-gaokao2023en-exclusive0817,318,318,1,draft|draft_verify,79.41079139709473,39.19029235839844,0.0,137,15,98,1,0,0,1,1,0
gaokao2023en,bbeam1,step-profile-config2-bbeam1-gaokao2023en-exclusive0817,318,318,2,draft|draft_verify,215.18611907958984,50.85921287536621,0.0,152,47,147,2,0,0,1,1,0
gaokao2023en,bbeam1,step-profile-config2-bbeam1-gaokao2023en-exclusive0817,318,318,3,draft|draft_verify,450.85954666137695,61.36822700500488,0.0,199,102,251,3,0,0,1,1,0
gaokao2023en,bbeam1,step-profile-config2-bbeam1-gaokao2023en-exclusive0817,318,318,4,draft|draft_verify,163.10739517211914,77.08740234375,0.0,301,35,288,4,0,0,1,1,0
gaokao2023en,bbeam1,step-profile-config2-bbeam1-gaokao2023en-exclusive0817,318,318,5,draft|draft_verify,234.50922966003418,93.09530258178711,0.0,336,49,339,5,0,0,1,1,0
gaokao2023en,bbeam1,step-profile-config2-bbeam1-gaokao2023en-exclusive0817,318,318,6,draft|draft_verify,147.12858200073242,93.91951560974121,0.0,385,26,367,6,0,0,1,1,0
gaokao2023en,bbeam1,step-profile-config2-bbeam1-gaokao2023en-exclusive0817,319,319,1,draft|draft_verify,164.0770435333252,30.38763999938965,0.0,108,36,90,1,0,0,1,1,0
gaokao2023en,bbeam1,step-profile-config2-bbeam1-gaokao2023en-exclusive0817,319,319,2,draft|draft_verify,441.56837463378906,58.64691734313965,0.0,144,99,191,2,0,0,1,1,0
gaokao2023en,bbeam1,step-profile-config2-bbeam1-gaokao2023en-exclusive0817,319,319,3,draft|draft_verify,457.17811584472656,78.58657836914062,0.0,243,99,292,3,0,0,1,1,0
gaokao2023en,bbeam1,step-profile-config2-bbeam1-gaokao2023en-exclusive0817,319,319,4,draft|draft_verify,135.66303253173828,97.18799591064453,0.0,342,29,323,4,0,0,1,1,0
gaokao2023en,bbeam1,step-profile-config2-bbeam1-gaokao2023en-exclusive0817,319,319,5,draft|draft_verify,166.35680198669434,92.88382530212402,0.0,371,36,361,5,0,0,1,1,0
gaokao2023en,bbeam1,step-profile-config2-bbeam1-gaokao2023en-exclusive0817,319,319,6,draft|draft_verify,179.87394332885742,125.55408477783203,0.0,407,38,401,6,0,0,1,1,0
gaokao2023en,bbeam1,step-profile-config2-bbeam1-gaokao2023en-exclusive0817,319,319,7,draft|draft_verify|target|target_rescue_verify,372.39694595336914,255.2816867828369,500.78701972961426,445,63,945,14,445,76,1,2,1
gaokao2023en,bbeam1,step-profile-config2-bbeam1-gaokao2023en-exclusive0817,319,319,8,draft|draft_verify,163.71464729309082,128.2522678375244,0.0,521,33,514,8,0,0,1,1,0
gaokao2023en,bbeam1,step-profile-config2-bbeam1-gaokao2023en-exclusive0817,320,320,1,draft|draft_verify,99.72929954528809,30.660152435302734,0.0,102,22,70,1,0,0,1,1,0
gaokao2023en,bbeam1,step-profile-config2-bbeam1-gaokao2023en-exclusive0817,320,320,2,draft|draft_verify,367.8116798400879,51.59258842468262,0.0,124,85,157,2,0,0,1,1,0
gaokao2023en,bbeam1,step-profile-config2-bbeam1-gaokao2023en-exclusive0817,320,320,3,draft|draft_verify,592.0040607452393,78.77182960510254,0.0,209,129,288,3,0,0,1,1,0
gaokao2023en,bbeam1,step-profile-config2-bbeam1-gaokao2023en-exclusive0817,320,320,4,draft|draft_verify,501.34825706481934,142.16256141662598,0.0,338,102,392,4,0,0,1,1,0
gaokao2023en,bbeam1,step-profile-config2-bbeam1-gaokao2023en-exclusive0817,320,320,5,draft|draft_verify,127.79641151428223,126.63078308105469,0.0,440,26,420,5,0,0,1,1,0
gaokao2023en,bbeam1,step-profile-config2-bbeam1-gaokao2023en-exclusive0817,321,321,1,draft|draft_verify|target|target_rescue_verify,575.4969120025635,126.4183521270752,671.3476181030273,142,119,399,2,142,104,1,2,1
gaokao2023en,bbeam1,step-profile-config2-bbeam1-gaokao2023en-exclusive0817,321,321,2,draft|draft_verify,2622.9116916656494,166.53990745544434,0.0,246,537,731,2,0,0,1,1,0
gaokao2023en,bbeam1,step-profile-config2-bbeam1-gaokao2023en-exclusive0817,321,321,3,draft|draft_verify|target|target_rescue_verify,482.67197608947754,357.1493625640869,371.05822563171387,783,107,1625,6,783,52,1,2,1
gaokao2023en,bbeam1,step-profile-config2-bbeam1-gaokao2023en-exclusive0817,321,321,4,draft|draft_verify,83.83965492248535,175.11749267578125,0.0,835,16,803,4,0,0,1,1,0
gaokao2023en,bbeam1,step-profile-config2-bbeam1-gaokao2023en-exclusive0817,322,322,1,draft|draft_verify,211.90357208251953,30.30848503112793,0.0,100,47,93,1,0,0,1,1,0
gaokao2023en,bbeam1,step-profile-config2-bbeam1-gaokao2023en-exclusive0817,322,322,2,draft|draft_verify,1963.749647140503,139.48655128479004,0.0,147,428,523,2,0,0,1,1,0
gaokao2023en,bbeam1,step-profile-config2-bbeam1-gaokao2023en-exclusive0817,322,322,3,draft|draft_verify,2099.9252796173096,215.98315238952637,0.0,575,433,958,3,0,0,1,1,0
gaokao2023en,bbeam1,step-profile-config2-bbeam1-gaokao2023en-exclusive0817,322,322,4,draft|draft_verify,496.0596561431885,228.93261909484863,0.0,1008,107,1067,4,0,0,1,1,0
gaokao2023en,bbeam1,step-profile-config2-bbeam1-gaokao2023en-exclusive0817,323,323,1,draft|draft_verify|target|target_rescue_verify,476.0472774505615,86.44890785217285,422.09529876708984,115,106,292,2,115,64,1,2,1
gaokao2023en,bbeam1,step-profile-config2-bbeam1-gaokao2023en-exclusive0817,323,323,2,draft|draft_verify,126.36876106262207,51.286935806274414,0.0,179,21,148,2,0,0,1,1,0
gaokao2023en,bbeam1,step-profile-config2-bbeam1-gaokao2023en-exclusive0817,323,323,3,draft|draft_verify,168.11537742614746,62.84379959106445,0.0,200,38,188,3,0,0,1,1,0
gaokao2023en,bbeam1,step-profile-config2-bbeam1-gaokao2023en-exclusive0817,323,323,4,draft|draft_verify,204.7131061553955,69.02623176574707,0.0,238,44,234,4,0,0,1,1,0
gaokao2023en,bbeam1,step-profile-config2-bbeam1-gaokao2023en-exclusive0817,323,323,5,draft|draft_verify,313.5685920715332,88.15193176269531,0.0,282,61,297,5,0,0,1,1,0
gaokao2023en,bbeam1,step-profile-config2-bbeam1-gaokao2023en-exclusive0817,323,323,6,draft|draft_verify|target|target_rescue_verify,348.18387031555176,203.00984382629395,214.80846405029297,343,77,703,12,343,28,1,2,1
gaokao2023en,bbeam1,step-profile-config2-bbeam1-gaokao2023en-exclusive0817,323,323,7,draft|draft_verify,65.38581848144531,93.80173683166504,0.0,371,12,341,7,0,0,1,1,0
gaokao2023en,bbeam1,step-profile-config2-bbeam1-gaokao2023en-exclusive0817,324,324,1,draft|draft_verify,224.42889213562012,51.87821388244629,0.0,174,44,164,1,0,0,1,1,0
gaokao2023en,bbeam1,step-profile-config2-bbeam1-gaokao2023en-exclusive0817,324,324,2,draft|draft_verify,302.844762802124,65.57583808898926,0.0,218,65,231,2,0,0,1,1,0
gaokao2023en,bbeam1,step-profile-config2-bbeam1-gaokao2023en-exclusive0817,324,324,3,draft|draft_verify|target|target_rescue_verify,312.43252754211426,159.33704376220703,468.9304828643799,283,65,603,6,283,72,1,2,1
gaokao2023en,bbeam1,step-profile-config2-bbeam1-gaokao2023en-exclusive0817,324,324,4,draft|draft_verify|target|target_rescue_verify,340.72184562683105,213.49596977233887,456.32147789001465,355,74,758,8,355,70,1,2,1
gaokao2023en,bbeam1,step-profile-config2-bbeam1-gaokao2023en-exclusive0817,324,324,5,draft|draft_verify|target|target_rescue_verify,335.77919006347656,255.0644874572754,372.8630542755127,425,72,886,10,425,56,1,2,1
gaokao2023en,bbeam1,step-profile-config2-bbeam1-gaokao2023en-exclusive0817,324,324,6,draft|draft_verify|target|backtracking_verify,378.8442611694336,268.2785987854004,438.6863708496094,481,82,1024,12,481,68,1,2,1
gaokao2023en,bbeam1,step-profile-config2-bbeam1-gaokao2023en-exclusive0817,324,324,7,draft|draft_verify|target|target_rescue_verify,868.0450916290283,547.8947162628174,791.7013168334961,1112,191,2362,28,1112,115,2,4,2
gaokao2023en,bbeam1,step-profile-config2-bbeam1-gaokao2023en-exclusive0817,324,324,8,draft|draft_verify,466.7530059814453,154.33478355407715,0.0,633,100,693,8,0,0,1,1,0
gaokao2023en,bbeam1,step-profile-config2-bbeam1-gaokao2023en-exclusive0817,324,324,9,draft|draft_verify,544.3587303161621,176.88584327697754,0.0,733,116,811,9,0,0,1,1,0
gaokao2023en,bbeam1,step-profile-config2-bbeam1-gaokao2023en-exclusive0817,324,324,10,draft|draft_verify,641.273021697998,202.30674743652344,0.0,849,136,949,10,0,0,1,1,0
gaokao2023en,bbeam1,step-profile-config2-bbeam1-gaokao2023en-exclusive0817,324,324,11,draft|draft_verify,754.1155815124512,234.63749885559082,0.0,985,160,1111,11,0,0,1,1,0
gaokao2023en,bbeam1,step-profile-config2-bbeam1-gaokao2023en-exclusive0817,324,324,12,draft|draft_verify,842.9388999938965,278.7361145019531,0.0,1145,180,1293,12,0,0,1,1,0
gaokao2023en,bbeam1,step-profile-config2-bbeam1-gaokao2023en-exclusive0817,324,324,13,draft|draft_verify|target|target_rescue_verify,9400.001049041748,1051.2583255767822,1289.7565364837646,1325,2049,4830,26,1325,192,1,2,1
gaokao2023en,bbeam1,step-profile-config2-bbeam1-gaokao2023en-exclusive0817,324,324,14,draft|draft_verify,946.556568145752,352.24223136901855,0.0,1517,204,1693,14,0,0,1,1,0
gaokao2023en,bbeam1,step-profile-config2-bbeam1-gaokao2023en-exclusive0817,324,324,15,draft|draft_verify,984.3637943267822,395.8008289337158,0.0,1721,212,1907,15,0,0,1,1,0
gaokao2023en,bbeam1,step-profile-config2-bbeam1-gaokao2023en-exclusive0817,324,324,16,draft|draft_verify,1115.464448928833,426.6970157623291,0.0,1933,232,2141,16,0,0,1,1,0
gaokao2023en,bbeam1,step-profile-config2-bbeam1-gaokao2023en-exclusive0817,325,325,1,draft|draft_verify,421.5695858001709,52.28233337402344,0.0,114,93,153,1,0,0,1,1,0
gaokao2023en,bbeam1,step-profile-config2-bbeam1-gaokao2023en-exclusive0817,325,325,2,draft|draft_verify,108.26277732849121,51.98812484741211,0.0,207,23,178,2,0,0,1,1,0
gaokao2023en,bbeam1,step-profile-config2-bbeam1-gaokao2023en-exclusive0817,325,325,3,draft|draft_verify,80.89375495910645,60.82797050476074,0.0,230,13,193,3,0,0,1,1,0
gaokao2023en,bbeam1,step-profile-config2-bbeam1-gaokao2023en-exclusive0817,325,325,4,draft|draft_verify,89.91289138793945,66.97678565979004,0.0,243,19,214,4,0,0,1,1,0
gaokao2023en,bbeam1,step-profile-config2-bbeam1-gaokao2023en-exclusive0817,325,325,5,draft|draft_verify,122.15375900268555,67.98076629638672,0.0,262,25,241,5,0,0,1,1,0
gaokao2023en,bbeam1,step-profile-config2-bbeam1-gaokao2023en-exclusive0817,325,325,6,draft|draft_verify,97.49245643615723,80.22785186767578,0.0,287,19,262,6,0,0,1,1,0
gaokao2023en,bbeam1,step-profile-config2-bbeam1-gaokao2023en-exclusive0817,325,325,7,draft|draft_verify,495.12195587158203,95.36004066467285,0.0,306,97,361,7,0,0,1,1,0
gaokao2023en,bbeam1,step-profile-config2-bbeam1-gaokao2023en-exclusive0817,325,325,8,draft|draft_verify|target|target_rescue_verify,416.7318344116211,261.08813285827637,448.03643226623535,403,90,878,16,403,62,1,2,1
gaokao2023en,bbeam1,step-profile-config2-bbeam1-gaokao2023en-exclusive0817,325,325,9,draft|draft_verify|target|target_rescue_verify,426.9275665283203,283.2961082458496,431.2865734100342,465,75,991,18,465,62,1,2,1
gaokao2023en,bbeam1,step-profile-config2-bbeam1-gaokao2023en-exclusive0817,325,325,10,draft|draft_verify|target|backtracking_verify,177.5989532470703,273.21791648864746,215.67940711975098,527,37,1041,20,527,22,1,2,1
gaokao2023en,bbeam1,step-profile-config2-bbeam1-gaokao2023en-exclusive0817,325,325,11,draft|draft_verify|target|target_rescue_verify,1900.033712387085,500.75554847717285,1416.036605834961,1113,423,2230,33,564,232,2,3,1
gaokao2023en,bbeam1,step-profile-config2-bbeam1-gaokao2023en-exclusive0817,325,325,12,draft|draft_verify,182.95812606811523,132.9021453857422,0.0,566,35,569,12,0,0,1,1,0
gaokao2023en,bbeam1,step-profile-config2-bbeam1-gaokao2023en-exclusive0817,325,325,13,draft|draft_verify,214.75481986999512,133.21590423583984,0.0,601,43,614,13,0,0,1,1,0
gaokao2023en,bbeam1,step-profile-config2-bbeam1-gaokao2023en-exclusive0817,325,325,14,draft|draft_verify|target|backtracking_verify,97.05972671508789,324.4016170501709,1481.6629886627197,644,22,1494,28,644,240,1,2,1
gaokao2023en,bbeam1,step-profile-config2-bbeam1-gaokao2023en-exclusive0817,325,325,15,draft|draft_verify|target|target_rescue_verify,9644.29521560669,707.17453956604,706.5925598144531,666,2049,3439,30,666,111,1,2,1
gaokao2023en,bbeam1,step-profile-config2-bbeam1-gaokao2023en-exclusive0817,325,325,16,draft|draft_verify,362.4413013458252,177.87480354309082,0.0,777,66,819,16,0,0,1,1,0
gaokao2023en,bbeam1,step-profile-config2-bbeam1-gaokao2023en-exclusive0817,325,325,17,draft|draft_verify,342.35119819641113,181.03432655334473,0.0,843,68,889,17,0,0,1,1,0
gaokao2023en,bbeam1,step-profile-config2-bbeam1-gaokao2023en-exclusive0817,325,325,18,draft|draft_verify,734.5879077911377,209.89465713500977,0.0,911,121,1012,18,0,0,1,1,0
gaokao2023en,bbeam1,step-profile-config2-bbeam1-gaokao2023en-exclusive0817,325,325,19,draft|draft_verify,149.0952968597412,232.73921012878418,0.0,1032,32,1046,19,0,0,1,1,0
gaokao2023en,bbeam1,step-profile-config2-bbeam1-gaokao2023en-exclusive0817,325,325,20,draft|draft_verify,323.76861572265625,235.05401611328125,0.0,1064,67,1115,20,0,0,1,1,0
gaokao2023en,bbeam1,step-profile-config2-bbeam1-gaokao2023en-exclusive0817,325,325,21,draft|draft_verify,413.64097595214844,263.6697292327881,0.0,1131,89,1206,21,0,0,1,1,0
gaokao2023en,bbeam1,step-profile-config2-bbeam1-gaokao2023en-exclusive0817,325,325,22,draft|draft_verify,128.248929977417,263.16380500793457,0.0,1220,22,1230,22,0,0,1,1,0
gaokao2023en,bbeam1,step-profile-config2-bbeam1-gaokao2023en-exclusive0817,325,325,23,draft|draft_verify,87.22758293151855,263.5974884033203,0.0,1242,17,1249,23,0,0,1,1,0
gaokao2023en,bbeam1,step-profile-config2-bbeam1-gaokao2023en-exclusive0817,325,325,24,draft|draft_verify,168.98441314697266,277.91380882263184,0.0,1259,35,1286,24,0,0,1,1,0
gaokao2023en,bbeam1,step-profile-config2-bbeam1-gaokao2023en-exclusive0817,325,325,25,draft|draft_verify,208.71520042419434,279.6182632446289,0.0,1294,43,1331,25,0,0,1,1,0
gaokao2023en,bbeam1,step-profile-config2-bbeam1-gaokao2023en-exclusive0817,325,325,26,draft|draft_verify,122.01476097106934,279.2811393737793,0.0,1337,22,1355,26,0,0,1,1,0
gaokao2023en,bbeam1,step-profile-config2-bbeam1-gaokao2023en-exclusive0817,325,325,27,draft|draft_verify|target|target_rescue_verify,693.7541961669922,632.4172019958496,1056.9369792938232,1359,148,3022,54,1359,160,1,2,1
gaokao2023en,bbeam1,step-profile-config2-bbeam1-gaokao2023en-exclusive0817,325,325,28,draft|draft_verify,552.7656078338623,335.674524307251,0.0,1519,90,1609,28,0,0,1,1,0
gaokao2023en,bbeam1,step-profile-config2-bbeam1-gaokao2023en-exclusive0817,325,325,29,draft|draft_verify,331.9404125213623,353.05166244506836,0.0,1609,67,1678,29,0,0,1,1,0
gaokao2023en,bbeam1,step-profile-config2-bbeam1-gaokao2023en-exclusive0817,325,325,30,draft|draft_verify,421.7402935028076,367.31481552124023,0.0,1676,90,1770,30,0,0,1,1,0
gaokao2023en,bbeam1,step-profile-config2-bbeam1-gaokao2023en-exclusive0817,325,325,31,draft|draft_verify,170.1037883758545,391.6821479797363,0.0,1766,32,1804,31,0,0,1,1,0
gaokao2023en,bbeam1,step-profile-config2-bbeam1-gaokao2023en-exclusive0817,325,325,32,draft|draft_verify,338.41586112976074,396.20137214660645,0.0,1798,66,1872,32,0,0,1,1,0
gaokao2023en,bbeam1,step-profile-config2-bbeam1-gaokao2023en-exclusive0817,325,325,33,draft|draft_verify,435.1811408996582,408.3209037780762,0.0,1864,89,1963,33,0,0,1,1,0
gaokao2023en,bbeam1,step-profile-config2-bbeam1-gaokao2023en-exclusive0817,325,325,34,draft|draft_verify,115.2491569519043,410.09020805358887,0.0,1953,22,1987,34,0,0,1,1,0
gaokao2023en,bbeam1,step-profile-config2-bbeam1-gaokao2023en-exclusive0817,325,325,35,draft|draft_verify,87.1274471282959,412.35828399658203,0.0,1975,17,2006,35,0,0,1,1,0
gaokao2023en,bbeam1,step-profile-config2-bbeam1-gaokao2023en-exclusive0817,325,325,36,draft|draft_verify,173.40397834777832,408.5357189178467,0.0,1992,35,2043,36,0,0,1,1,0
gaokao2023en,bbeam1,step-profile-config2-bbeam1-gaokao2023en-exclusive0817,325,325,37,draft|draft_verify,211.11655235290527,428.2650947570801,0.0,2027,43,2088,37,0,0,1,1,0
gaokao2023en,bbeam1,step-profile-config2-bbeam1-gaokao2023en-exclusive0817,326,326,1,draft|draft_verify|target|backtracking_verify,409.4057083129883,104.0952205657959,547.4016666412354,131,93,334,2,131,87,1,2,1
gaokao2023en,bbeam1,step-profile-config2-bbeam1-gaokao2023en-exclusive0817,326,326,2,draft|draft_verify|target|target_rescue_verify,911.2584590911865,332.9801559448242,1630.598783493042,442,204,1149,8,442,269,2,4,2
gaokao2023en,bbeam1,step-profile-config2-bbeam1-gaokao2023en-exclusive0817,326,326,3,draft|draft_verify|target|target_rescue_verify,1566.7221546173096,541.1686897277832,2017.052173614502,711,336,1882,12,711,324,2,4,2
gaokao2023en,bbeam1,step-profile-config2-bbeam1-gaokao2023en-exclusive0817,326,326,4,draft|draft_verify,424.98040199279785,135.5898380279541,0.0,547,89,588,4,0,0,1,1,0
gaokao2023en,bbeam1,step-profile-config2-bbeam1-gaokao2023en-exclusive0817,326,326,5,draft|draft_verify,123.94952774047852,131.94894790649414,0.0,636,24,614,5,0,0,1,1,0
gaokao2023en,bbeam1,step-profile-config2-bbeam1-gaokao2023en-exclusive0817,327,327,1,draft|draft_verify|target|backtracking_verify,203.4590244293213,62.358856201171875,295.6967353820801,87,40,152,2,87,44,1,2,1
gaokao2023en,bbeam1,step-profile-config2-bbeam1-gaokao2023en-exclusive0817,327,327,2,draft|draft_verify|target|target_rescue_verify,1224.8563766479492,208.8797092437744,750.5788803100586,258,283,634,6,127,119,2,3,1
gaokao2023en,bbeam1,step-profile-config2-bbeam1-gaokao2023en-exclusive0817,327,327,3,draft|draft_verify|target|backtracking_verify|target_rescue_verify,1023.9739418029785,285.1536273956299,953.0043601989746,406,213,972,12,406,143,2,4,2
gaokao2023en,bbeam1,step-profile-config2-bbeam1-gaokao2023en-exclusive0817,327,327,4,draft|draft_verify|target|target_rescue_verify,1271.2137699127197,520.0111865997314,964.0657901763916,903,268,1790,20,705,149,3,5,2
gaokao2023en,bbeam1,step-profile-config2-bbeam1-gaokao2023en-exclusive0817,327,327,5,draft|draft_verify|target|target_rescue_verify,1141.5150165557861,529.5705795288086,1486.6688251495361,693,238,1679,20,693,235,2,4,2
gaokao2023en,bbeam1,step-profile-config2-bbeam1-gaokao2023en-exclusive0817,327,327,6,draft|draft_verify|target|backtracking_verify,593.8434600830078,258.5000991821289,846.4741706848145,445,127,1071,12,445,140,1,2,1
gaokao2023en,bbeam1,step-profile-config2-bbeam1-gaokao2023en-exclusive0817,327,327,7,draft|draft_verify|target|backtracking_verify|target_rescue_verify,1427.0477294921875,616.7409420013428,1712.2666835784912,1157,282,2701,28,1157,269,2,4,2
gaokao2023en,bbeam1,step-profile-config2-bbeam1-gaokao2023en-exclusive0817,327,327,8,draft|draft_verify|target|target_rescue_verify|backtracking_verify,1057.554006576538,955.1334381103516,1342.1087265014648,2126,225,4446,48,2126,203,3,6,3
gaokao2023en,bbeam1,step-profile-config2-bbeam1-gaokao2023en-exclusive0817,327,327,9,draft|draft_verify|target|target_rescue_verify,1340.5334949493408,762.0491981506348,743.9560890197754,1626,262,3475,36,1626,111,2,4,2
gaokao2023en,bbeam1,step-profile-config2-bbeam1-gaokao2023en-exclusive0817,327,327,10,draft|draft_verify,175.29058456420898,175.0190258026123,0.0,833,30,828,10,0,0,1,1,0
gaokao2023en,bbeam1,step-profile-config2-bbeam1-gaokao2023en-exclusive0817,327,327,11,draft|draft_verify|target|target_rescue_verify,207.5958251953125,356.8129539489746,348.77514839172363,863,47,1752,22,863,45,1,2,1
gaokao2023en,bbeam1,step-profile-config2-bbeam1-gaokao2023en-exclusive0817,328,328,1,draft|draft_verify,188.93980979919434,31.270265579223633,0.0,89,42,77,1,0,0,1,1,0
gaokao2023en,bbeam1,step-profile-config2-bbeam1-gaokao2023en-exclusive0817,328,328,2,draft|draft_verify,98.75726699829102,30.715465545654297,0.0,131,22,101,2,0,0,1,1,0
gaokao2023en,bbeam1,step-profile-config2-bbeam1-gaokao2023en-exclusive0817,328,328,3,draft|draft_verify,38.774967193603516,30.900239944458008,0.0,153,8,111,3,0,0,1,1,0
gaokao2023en,bbeam1,step-profile-config2-bbeam1-gaokao2023en-exclusive0817,328,328,4,draft|draft_verify|target|target_rescue_verify,132.249116897583,101.49431228637695,272.7947235107422,161,29,294,8,161,39,1,2,1
gaokao2023en,bbeam1,step-profile-config2-bbeam1-gaokao2023en-exclusive0817,328,328,5,draft|draft_verify,29.518842697143555,50.37403106689453,0.0,200,6,160,5,0,0,1,1,0
gaokao2023en,bbeam1,step-profile-config2-bbeam1-gaokao2023en-exclusive0817,328,328,6,draft|draft_verify,107.11026191711426,55.155277252197266,0.0,206,22,184,6,0,0,1,1,0
gaokao2023en,bbeam1,step-profile-config2-bbeam1-gaokao2023en-exclusive0817,328,328,7,draft|draft_verify,153.25045585632324,62.78562545776367,0.0,228,33,219,7,0,0,1,1,0
gaokao2023en,bbeam1,step-profile-config2-bbeam1-gaokao2023en-exclusive0817,328,328,8,draft|draft_verify,63.082218170166016,65.54031372070312,0.0,261,13,233,8,0,0,1,1,0
gaokao2023en,bbeam1,step-profile-config2-bbeam1-gaokao2023en-exclusive0817,328,328,9,draft|draft_verify,85.2048397064209,69.08512115478516,0.0,274,16,251,9,0,0,1,1,0
gaokao2023en,bbeam1,step-profile-config2-bbeam1-gaokao2023en-exclusive0817,328,328,10,draft|draft_verify,137.42756843566895,86.85708045959473,0.0,290,32,285,10,0,0,1,1,0
gaokao2023en,bbeam1,step-profile-config2-bbeam1-gaokao2023en-exclusive0817,328,328,11,draft|draft_verify,99.59745407104492,83.91737937927246,0.0,322,23,310,11,0,0,1,1,0
gaokao2023en,bbeam1,step-profile-config2-bbeam1-gaokao2023en-exclusive0817,328,328,12,draft|draft_verify,56.459665298461914,96.64154052734375,0.0,345,13,324,12,0,0,1,1,0
gaokao2023en,bbeam1,step-profile-config2-bbeam1-gaokao2023en-exclusive0817,328,328,13,draft|draft_verify,76.49898529052734,91.5689468383789,0.0,358,16,342,13,0,0,1,1,0
gaokao2023en,bbeam1,step-profile-config2-bbeam1-gaokao2023en-exclusive0817,328,328,14,draft|draft_verify,174.2570400238037,93.55354309082031,0.0,374,37,381,14,0,0,1,1,0
gaokao2023en,bbeam1,step-profile-config2-bbeam1-gaokao2023en-exclusive0817,328,328,15,draft|draft_verify,25.96116065979004,125.93817710876465,0.0,411,5,388,15,0,0,1,1,0
gaokao2023en,bbeam1,step-profile-config2-bbeam1-gaokao2023en-exclusive0817,328,328,16,draft|draft_verify,68.10307502746582,126.50942802429199,0.0,416,14,404,16,0,0,1,1,0
gaokao2023en,bbeam1,step-profile-config2-bbeam1-gaokao2023en-exclusive0817,328,328,17,draft|draft_verify,44.53539848327637,131.02960586547852,0.0,430,9,415,17,0,0,1,1,0
gaokao2023en,bbeam1,step-profile-config2-bbeam1-gaokao2023en-exclusive0817,328,328,18,draft|draft_verify,124.23157691955566,127.75611877441406,0.0,439,26,443,18,0,0,1,1,0
gaokao2023en,bbeam1,step-profile-config2-bbeam1-gaokao2023en-exclusive0817,328,328,19,draft|draft_verify,121.03509902954102,128.07416915893555,0.0,465,23,468,19,0,0,1,1,0
gaokao2023en,bbeam1,step-profile-config2-bbeam1-gaokao2023en-exclusive0817,328,328,20,draft|draft_verify,63.23742866516113,143.91279220581055,0.0,488,13,482,20,0,0,1,1,0
gaokao2023en,bbeam1,step-profile-config2-bbeam1-gaokao2023en-exclusive0817,328,328,21,draft|draft_verify,75.91414451599121,137.6955509185791,0.0,501,16,500,21,0,0,1,1,0
gaokao2023en,bbeam1,step-profile-config2-bbeam1-gaokao2023en-exclusive0817,328,328,22,draft|draft_verify,177.9487133026123,129.7593116760254,0.0,517,38,540,22,0,0,1,1,0
gaokao2023en,bbeam1,step-profile-config2-bbeam1-gaokao2023en-exclusive0817,328,328,23,draft|draft_verify,31.585693359375,128.91650199890137,0.0,555,5,547,23,0,0,1,1,0
gaokao2023en,bbeam1,step-profile-config2-bbeam1-gaokao2023en-exclusive0817,328,328,24,draft|draft_verify,73.19188117980957,130.25832176208496,0.0,560,14,563,24,0,0,1,1,0
gaokao2023en,bbeam1,step-profile-config2-bbeam1-gaokao2023en-exclusive0817,328,328,25,draft|draft_verify,47.12843894958496,129.6403408050537,0.0,574,9,574,25,0,0,1,1,0
gaokao2023en,bbeam1,step-profile-config2-bbeam1-gaokao2023en-exclusive0817,328,328,26,draft|draft_verify,134.22322273254395,143.62859725952148,0.0,583,27,603,26,0,0,1,1,0
gaokao2023en,bbeam1,step-profile-config2-bbeam1-gaokao2023en-exclusive0817,328,328,27,draft|draft_verify,131.1197280883789,144.9899673461914,0.0,610,23,628,27,0,0,1,1,0
gaokao2023en,bbeam1,step-profile-config2-bbeam1-gaokao2023en-exclusive0817,328,328,28,draft|draft_verify,85.66808700561523,155.2126407623291,0.0,633,13,642,28,0,0,1,1,0
gaokao2023en,bbeam1,step-profile-config2-bbeam1-gaokao2023en-exclusive0817,328,328,29,draft|draft_verify,90.93022346496582,154.38246726989746,0.0,646,16,660,29,0,0,1,1,0
gaokao2023en,bbeam1,step-profile-config2-bbeam1-gaokao2023en-exclusive0817,328,328,30,draft|draft_verify|target|target_rescue_verify,193.71271133422852,315.4582977294922,411.7143154144287,662,39,1421,60,662,58,1,2,1
gaokao2023en,bbeam1,step-profile-config2-bbeam1-gaokao2023en-exclusive0817,328,328,31,draft|draft_verify,60.991525650024414,156.03232383728027,0.0,720,10,732,31,0,0,1,1,0
gaokao2023en,bbeam1,step-profile-config2-bbeam1-gaokao2023en-exclusive0817,328,328,32,draft|draft_verify,91.88294410705566,159.2717170715332,0.0,730,18,752,32,0,0,1,1,0
gaokao2023en,bbeam1,step-profile-config2-bbeam1-gaokao2023en-exclusive0817,328,328,33,draft|draft_verify,49.55267906188965,156.0819149017334,0.0,748,9,763,33,0,0,1,1,0
gaokao2023en,bbeam1,step-profile-config2-bbeam1-gaokao2023en-exclusive0817,328,328,34,draft|draft_verify,146.01612091064453,176.55205726623535,0.0,757,29,794,34,0,0,1,1,0
gaokao2023en,bbeam1,step-profile-config2-bbeam1-gaokao2023en-exclusive0817,328,328,35,draft|draft_verify,67.61026382446289,177.08921432495117,0.0,786,16,812,35,0,0,1,1,0
gaokao2023en,bbeam1,step-profile-config2-bbeam1-gaokao2023en-exclusive0817,328,328,36,draft|draft_verify,291.9924259185791,178.38001251220703,0.0,802,56,870,36,0,0,1,1,0
gaokao2023en,bbeam1,step-profile-config2-bbeam1-gaokao2023en-exclusive0817,328,328,37,draft|draft_verify,185.99939346313477,201.62272453308105,0.0,858,42,914,37,0,0,1,1,0
gaokao2023en,bbeam1,step-profile-config2-bbeam1-gaokao2023en-exclusive0817,328,328,38,draft|draft_verify,59.19623374938965,194.45085525512695,0.0,900,13,928,38,0,0,1,1,0
gaokao2023en,bbeam1,step-profile-config2-bbeam1-gaokao2023en-exclusive0817,328,328,39,draft|draft_verify,75.75845718383789,205.47819137573242,0.0,913,16,946,39,0,0,1,1,0
gaokao2023en,bbeam1,step-profile-config2-bbeam1-gaokao2023en-exclusive0817,328,328,40,draft|draft_verify,317.6093101501465,207.9911231994629,0.0,929,59,1007,40,0,0,1,1,0
gaokao2023en,bbeam1,step-profile-config2-bbeam1-gaokao2023en-exclusive0817,328,328,41,draft|draft_verify,51.14436149597168,206.54702186584473,0.0,988,10,1019,41,0,0,1,1,0
gaokao2023en,bbeam1,step-profile-config2-bbeam1-gaokao2023en-exclusive0817,328,328,42,draft|draft_verify,89.46609497070312,228.70182991027832,0.0,998,18,1039,42,0,0,1,1,0
gaokao2023en,bbeam1,step-profile-config2-bbeam1-gaokao2023en-exclusive0817,328,328,43,draft|draft_verify,49.0419864654541,232.1641445159912,0.0,1016,9,1050,43,0,0,1,1,0
gaokao2023en,bbeam1,step-profile-config2-bbeam1-gaokao2023en-exclusive0817,328,328,44,draft|draft_verify,167.52004623413086,231.2624454498291,0.0,1025,30,1082,44,0,0,1,1,0
gaokao2023en,bbeam1,step-profile-config2-bbeam1-gaokao2023en-exclusive0817,328,328,45,draft|draft_verify,77.45146751403809,241.00232124328613,0.0,1055,16,1100,45,0,0,1,1,0
gaokao2023en,bbeam1,step-profile-config2-bbeam1-gaokao2023en-exclusive0817,328,328,46,draft|draft_verify,297.6226806640625,259.6421241760254,0.0,1071,54,1156,46,0,0,1,1,0
gaokao2023en,bbeam1,step-profile-config2-bbeam1-gaokao2023en-exclusive0817,328,328,47,draft|draft_verify,232.59663581848145,255.77259063720703,0.0,1125,42,1200,47,0,0,1,1,0
gaokao2023en,bbeam1,step-profile-config2-bbeam1-gaokao2023en-exclusive0817,328,328,48,draft|draft_verify,73.7905502319336,262.41040229797363,0.0,1167,13,1214,48,0,0,1,1,0
gaokao2023en,bbeam1,step-profile-config2-bbeam1-gaokao2023en-exclusive0817,328,328,49,draft|draft_verify,78.51815223693848,251.62434577941895,0.0,1180,16,1232,49,0,0,1,1,0
gaokao2023en,bbeam1,step-profile-config2-bbeam1-gaokao2023en-exclusive0817,328,328,50,draft|draft_verify,242.51437187194824,284.35802459716797,0.0,1196,58,1292,50,0,0,1,1,0
gaokao2023en,bbeam1,step-profile-config2-bbeam1-gaokao2023en-exclusive0817,328,328,51,draft|draft_verify,68.40968132019043,285.54224967956543,0.0,1254,10,1304,51,0,0,1,1,0
gaokao2023en,bbeam1,step-profile-config2-bbeam1-gaokao2023en-exclusive0817,328,328,52,draft|draft_verify,112.14613914489746,281.57639503479004,0.0,1264,18,1324,52,0,0,1,1,0
gaokao2023en,bbeam1,step-profile-config2-bbeam1-gaokao2023en-exclusive0817,328,328,53,draft|draft_verify,40.73810577392578,280.7505130767822,0.0,1282,9,1335,53,0,0,1,1,0
gaokao2023en,bbeam1,step-profile-config2-bbeam1-gaokao2023en-exclusive0817,328,328,54,draft|draft_verify,125.05650520324707,280.76863288879395,0.0,1291,31,1368,54,0,0,1,1,0
gaokao2023en,bbeam1,step-profile-config2-bbeam1-gaokao2023en-exclusive0817,328,328,55,draft|draft_verify,67.1834945678711,283.1852436065674,0.0,1322,16,1386,55,0,0,1,1,0
gaokao2023en,bbeam1,step-profile-config2-bbeam1-gaokao2023en-exclusive0817,328,328,56,draft|draft_verify,300.08554458618164,317.24047660827637,0.0,1338,60,1448,56,0,0,1,1,0
gaokao2023en,bbeam1,step-profile-config2-bbeam1-gaokao2023en-exclusive0817,328,328,57,draft|draft_verify,214.02740478515625,316.84398651123047,0.0,1398,48,1498,57,0,0,1,1,0
gaokao2023en,bbeam1,step-profile-config2-bbeam1-gaokao2023en-exclusive0817,328,328,58,draft|draft_verify,62.841176986694336,318.648099899292,0.0,1446,13,1512,58,0,0,1,1,0
gaokao2023en,bbeam1,step-profile-config2-bbeam1-gaokao2023en-exclusive0817,328,328,59,draft|draft_verify,79.56218719482422,315.86718559265137,0.0,1459,16,1530,59,0,0,1,1,0
gaokao2023en,bbeam1,step-profile-config2-bbeam1-gaokao2023en-exclusive0817,328,328,60,draft|draft_verify,283.22482109069824,334.45215225219727,0.0,1475,59,1591,60,0,0,1,1,0
gaokao2023en,bbeam1,step-profile-config2-bbeam1-gaokao2023en-exclusive0817,328,328,61,draft|draft_verify,52.10566520690918,336.20285987854004,0.0,1534,10,1603,61,0,0,1,1,0
gaokao2023en,bbeam1,step-profile-config2-bbeam1-gaokao2023en-exclusive0817,328,328,62,draft|draft_verify,118.3464527130127,335.96253395080566,0.0,1544,18,1623,62,0,0,1,1,0
gaokao2023en,bbeam1,step-profile-config2-bbeam1-gaokao2023en-exclusive0817,328,328,63,draft|draft_verify,63.363075256347656,335.4825973510742,0.0,1562,9,1634,63,0,0,1,1,0
gaokao2023en,bbeam1,step-profile-config2-bbeam1-gaokao2023en-exclusive0817,328,328,64,draft|draft_verify,181.51092529296875,355.24702072143555,0.0,1571,32,1668,64,0,0,1,1,0
gaokao2023en,bbeam1,step-profile-config2-bbeam1-gaokao2023en-exclusive0817,328,328,65,draft|draft_verify,82.17644691467285,354.999303817749,0.0,1603,16,1686,65,0,0,1,1,0
gaokao2023en,bbeam1,step-profile-config2-bbeam1-gaokao2023en-exclusive0817,328,328,66,draft|draft_verify,284.49225425720215,369.4465160369873,0.0,1619,60,1748,66,0,0,1,1,0
gaokao2023en,bbeam1,step-profile-config2-bbeam1-gaokao2023en-exclusive0817,328,328,67,draft|draft_verify,239.50982093811035,391.04461669921875,0.0,1679,48,1798,67,0,0,1,1,0
gaokao2023en,bbeam1,step-profile-config2-bbeam1-gaokao2023en-exclusive0817,328,328,68,draft|draft_verify|target|backtracking_verify,47.09053039550781,799.0882396697998,793.5280799865723,1727,10,3738,136,1727,128,1,2,1
gaokao2023en,bbeam1,step-profile-config2-bbeam1-gaokao2023en-exclusive0817,328,328,69,draft|draft_verify|target|target_rescue_verify,937.6926422119141,811.4528656005859,723.5949039459229,1737,199,3929,138,1737,106,1,2,1
gaokao2023en,bbeam1,step-profile-config2-bbeam1-gaokao2023en-exclusive0817,328,328,70,draft|draft_verify|target|target_rescue_verify,16373.367547988892,832.9675197601318,234.4686985015869,1843,26,3893,140,1843,27,1,2,1
gaokao2023en,bbeam1,step-profile-config2-bbeam1-gaokao2023en-exclusive0817,328,328,71,draft|draft_verify,49.33881759643555,404.80828285217285,0.0,1870,8,1957,71,0,0,1,1,0
gaokao2023en,bbeam1,step-profile-config2-bbeam1-gaokao2023en-exclusive0817,329,329,1,draft|draft_verify,391.5126323699951,51.12791061401367,0.0,110,88,144,1,0,0,1,1,0
gaokao2023en,bbeam1,step-profile-config2-bbeam1-gaokao2023en-exclusive0817,329,329,2,draft|draft_verify|target|target_rescue_verify,2575.133800506592,227.81777381896973,475.691556930542,198,553,919,4,198,74,1,2,1
gaokao2023en,bbeam1,step-profile-config2-bbeam1-gaokao2023en-exclusive0817,329,329,3,draft|draft_verify|target|target_rescue_verify,2924.2541790008545,285.9208583831787,540.6744480133057,272,600,1127,6,272,83,1,2,1
gaokao2023en,bbeam1,step-profile-config2-bbeam1-gaokao2023en-exclusive0817,329,329,4,draft|draft_verify|target|backtracking_verify,289.89505767822266,189.88466262817383,467.1468734741211,355,51,739,8,355,74,1,2,1
gaokao2023en,bbeam1,step-profile-config2-bbeam1-gaokao2023en-exclusive0817,329,329,5,draft|draft_verify|target|target_rescue_verify,919.2636013031006,425.54402351379395,560.034990310669,835,204,1397,15,406,90,2,3,1
gaokao2023en,bbeam1,step-profile-config2-bbeam1-gaokao2023en-exclusive0817,329,329,6,draft|draft_verify|target|target_rescue_verify,9665.82727432251,785.3806018829346,919.8739528656006,1029,2153,3699,18,496,154,2,3,1
gaokao2023en,bbeam1,step-profile-config2-bbeam1-gaokao2023en-exclusive0817,329,329,7,draft|draft_verify|target|backtracking_verify,731.7335605621338,463.7782573699951,395.0366973876953,1287,157,2029,21,650,61,2,3,1
gaokao2023en,bbeam1,step-profile-config2-bbeam1-gaokao2023en-exclusive0817,329,329,8,draft|draft_verify|target|target_rescue_verify,6971.154689788818,1080.9118747711182,1435.1739883422852,2155,1526,5127,40,1412,234,3,5,2
gaokao2023en,bbeam1,step-profile-config2-bbeam1-gaokao2023en-exclusive0817,329,329,9,draft|draft_verify|target|backtracking_verify|target_rescue_verify,523.8986015319824,754.4209957122803,1163.7499332427979,1714,109,3557,36,1714,172,2,4,2
gaokao2023en,bbeam1,step-profile-config2-bbeam1-gaokao2023en-exclusive0817,329,329,10,draft|draft_verify|target|target_rescue_verify|backtracking_verify,1200.1688480377197,1322.164535522461,3449.15509223938,2812,237,6222,60,2812,577,3,6,3
gaokao2023en,bbeam1,step-profile-config2-bbeam1-gaokao2023en-exclusive0817,329,329,11,draft|draft_verify|target|backtracking_verify,1131.3457489013672,699.1333961486816,679.7270774841309,2142,222,3444,33,1071,111,2,3,1
gaokao2023en,bbeam1,step-profile-config2-bbeam1-gaokao2023en-exclusive0817,329,329,12,draft|draft_verify|target|target_rescue_verify,12942.872524261475,2073.7199783325195,2135.038137435913,3546,2747,9979,72,3546,333,3,6,3
gaokao2023en,bbeam1,step-profile-config2-bbeam1-gaokao2023en-exclusive0817,329,329,13,draft|draft_verify|target|target_rescue_verify,821.9306468963623,1682.2824478149414,1713.5567665100098,3879,177,8025,78,3879,270,3,6,3
gaokao2023en,bbeam1,step-profile-config2-bbeam1-gaokao2023en-exclusive0817,329,329,14,draft|draft_verify,285.5100631713867,307.4042797088623,0.0,1383,62,1417,14,0,0,1,1,0
gaokao2023en,bbeam1,step-profile-config2-bbeam1-gaokao2023en-exclusive0817,330,330,1,draft|draft_verify,124.06539916992188,47.183990478515625,0.0,162,27,135,1,0,0,1,1,0
gaokao2023en,bbeam1,step-profile-config2-bbeam1-gaokao2023en-exclusive0817,330,330,2,draft|draft_verify,271.4672088623047,59.9360466003418,0.0,189,60,197,2,0,0,1,1,0
gaokao2023en,bbeam1,step-profile-config2-bbeam1-gaokao2023en-exclusive0817,330,330,3,draft|draft_verify|target|backtracking_verify,137.71963119506836,166.11814498901367,798.4232902526855,249,31,561,6,249,132,1,2,1
gaokao2023en,bbeam1,step-profile-config2-bbeam1-gaokao2023en-exclusive0817,330,330,4,draft|draft_verify|target|target_rescue_verify,717.0360088348389,400.91824531555176,916.0258769989014,661,155,1422,16,661,137,2,4,2
gaokao2023en,bbeam1,step-profile-config2-bbeam1-gaokao2023en-exclusive0817,330,330,5,draft|draft_verify,621.0153102874756,133.26454162597656,0.0,436,134,524,5,0,0,1,1,0
gaokao2023en,bbeam1,step-profile-config2-bbeam1-gaokao2023en-exclusive0817,330,330,6,draft|draft_verify,268.8593864440918,134.9484920501709,0.0,570,55,581,6,0,0,1,1,0
gaokao2023en,bbeam1,step-profile-config2-bbeam1-gaokao2023en-exclusive0817,330,330,7,draft|draft_verify,402.44197845458984,153.81145477294922,0.0,625,83,666,7,0,0,1,1,0
gaokao2023en,bbeam1,step-profile-config2-bbeam1-gaokao2023en-exclusive0817,330,330,8,draft|draft_verify|target|target_rescue_verify,787.3532772064209,333.65845680236816,573.2386112213135,708,174,1599,16,708,89,1,2,1
gaokao2023en,bbeam1,step-profile-config2-bbeam1-gaokao2023en-exclusive0817,330,330,9,draft|draft_verify,96.03667259216309,175.34804344177246,0.0,797,16,775,9,0,0,1,1,0
gaokao2023en,bbeam1,step-profile-config2-bbeam1-gaokao2023en-exclusive0817,331,331,1,draft|draft_verify,183.22396278381348,31.26382827758789,0.0,137,44,127,1,0,0,1,1,0
gaokao2023en,bbeam1,step-profile-config2-bbeam1-gaokao2023en-exclusive0817,331,331,2,draft|draft_verify,264.41025733947754,60.51826477050781,0.0,181,64,193,2,0,0,1,1,0
gaokao2023en,bbeam1,step-profile-config2-bbeam1-gaokao2023en-exclusive0817,331,331,3,draft|draft_verify,329.09178733825684,77.00634002685547,0.0,245,75,270,3,0,0,1,1,0
gaokao2023en,bbeam1,step-profile-config2-bbeam1-gaokao2023en-exclusive0817,331,331,4,draft|draft_verify|target|target_rescue_verify,482.4674129486084,233.63184928894043,486.64283752441406,320,113,731,8,320,74,1,2,1
gaokao2023en,bbeam1,step-profile-config2-bbeam1-gaokao2023en-exclusive0817,331,331,5,draft|draft_verify,155.38763999938965,100.91590881347656,0.0,394,35,383,5,0,0,1,1,0
gaokao2023en,bbeam1,step-profile-config2-bbeam1-gaokao2023en-exclusive0817,331,331,6,draft|draft_verify,246.4773654937744,127.5477409362793,0.0,429,55,440,6,0,0,1,1,0
gaokao2023en,bbeam1,step-profile-config2-bbeam1-gaokao2023en-exclusive0817,331,331,7,draft|draft_verify|target|backtracking_verify,227.0834445953369,272.2499370574951,226.8693447113037,484,49,965,14,484,32,1,2,1
gaokao2023en,bbeam1,step-profile-config2-bbeam1-gaokao2023en-exclusive0817,331,331,8,draft|draft_verify|target|target_rescue_verify,2112.507104873657,858.0965995788574,11982.841968536377,1049,459,3969,24,533,2048,2,3,1
gaokao2023en,bbeam1,step-profile-config2-bbeam1-gaokao2023en-exclusive0817,331,331,9,draft|draft_verify,1272.7935314178467,181.46061897277832,0.0,556,270,788,9,0,0,1,1,0
gaokao2023en,bbeam1,step-profile-config2-bbeam1-gaokao2023en-exclusive0817,331,331,10,draft|draft_verify,270.40624618530273,179.79669570922852,0.0,826,57,847,10,0,0,1,1,0
gaokao2023en,bbeam1,step-profile-config2-bbeam1-gaokao2023en-exclusive0817,331,331,11,draft|draft_verify,955.9588432312012,229.4301986694336,0.0,883,196,1045,11,0,0,1,1,0
gaokao2023en,bbeam1,step-profile-config2-bbeam1-gaokao2023en-exclusive0817,331,331,12,draft|draft_verify|target|target_rescue_verify,319.5371627807617,466.0327434539795,384.69886779785156,1079,68,2215,24,1079,53,1,2,1
gaokao2023en,bbeam1,step-profile-config2-bbeam1-gaokao2023en-exclusive0817,331,331,13,draft|draft_verify,123.6870288848877,233.81900787353516,0.0,1132,23,1125,13,0,0,1,1,0
gaokao2023en,bbeam1,step-profile-config2-bbeam1-gaokao2023en-exclusive0817,332,332,1,draft|draft_verify,163.832426071167,50.62437057495117,0.0,153,35,134,1,0,0,1,1,0
gaokao2023en,bbeam1,step-profile-config2-bbeam1-gaokao2023en-exclusive0817,332,332,2,draft|draft_verify|target|target_rescue_verify,461.5132808685303,123.01230430603027,606.3196659088135,188,101,464,4,188,91,1,2,1
gaokao2023en,bbeam1,step-profile-config2-bbeam1-gaokao2023en-exclusive0817,332,332,3,draft|draft_verify|target|target_rescue_verify,403.9757251739502,172.74856567382812,634.3319416046143,279,85,634,6,279,91,1,2,1
gaokao2023en,bbeam1,step-profile-config2-bbeam1-gaokao2023en-exclusive0817,332,332,4,draft|draft_verify|target|target_rescue_verify,383.38160514831543,264.8608684539795,556.9617748260498,370,81,815,8,370,90,1,2,1
gaokao2023en,bbeam1,step-profile-config2-bbeam1-gaokao2023en-exclusive0817,332,332,5,draft|draft_verify|target|target_rescue_verify,512.9175186157227,267.3957347869873,350.5713939666748,460,111,991,10,460,52,1,2,1
gaokao2023en,bbeam1,step-profile-config2-bbeam1-gaokao2023en-exclusive0817,332,332,6,draft|draft_verify|target|backtracking_verify,354.3410301208496,324.0842819213867,2095.435380935669,512,68,1365,12,512,361,1,2,1
gaokao2023en,bbeam1,step-profile-config2-bbeam1-gaokao2023en-exclusive0817,332,332,7,draft|draft_verify|target|target_rescue_verify,278.62000465393066,264.3587589263916,426.0406494140625,580,44,1183,14,580,63,1,2,1
gaokao2023en,bbeam1,step-profile-config2-bbeam1-gaokao2023en-exclusive0817,332,332,8,draft|draft_verify|target|target_rescue_verify,338.8562202453613,286.78083419799805,203.73010635375977,643,72,1306,16,643,28,1,2,1
gaokao2023en,bbeam1,step-profile-config2-bbeam1-gaokao2023en-exclusive0817,332,332,9,draft|draft_verify,127.78973579406738,162.72401809692383,0.0,671,26,659,9,0,0,1,1,0
gaokao2023en,bbeam1,step-profile-config2-bbeam1-gaokao2023en-exclusive0817,333,333,1,draft|draft_verify|target|target_rescue_verify,444.760799407959,77.26526260375977,270.6470489501953,95,94,217,2,95,41,1,2,1
gaokao2023en,bbeam1,step-profile-config2-bbeam1-gaokao2023en-exclusive0817,333,333,2,draft|draft_verify,155.6715965270996,31.80694580078125,0.0,136,38,122,2,0,0,1,1,0
gaokao2023en,bbeam1,step-profile-config2-bbeam1-gaokao2023en-exclusive0817,333,333,3,draft|draft_verify,242.645263671875,51.64813995361328,0.0,174,57,181,3,0,0,1,1,0
gaokao2023en,bbeam1,step-profile-config2-bbeam1-gaokao2023en-exclusive0817,333,333,4,draft|draft_verify,241.1203384399414,61.43808364868164,0.0,231,56,239,4,0,0,1,1,0
gaokao2023en,bbeam1,step-profile-config2-bbeam1-gaokao2023en-exclusive0817,333,333,5,draft|draft_verify|target|backtracking_verify,549.9448776245117,181.52785301208496,279.9110412597656,287,126,648,10,287,40,1,2,1
gaokao2023en,bbeam1,step-profile-config2-bbeam1-gaokao2023en-exclusive0817,333,333,6,draft|draft_verify|target|target_rescue_verify,827.7163505554199,486.0341548919678,2114.0308380126953,740,192,1847,24,740,351,2,4,2
gaokao2023en,bbeam1,step-profile-config2-bbeam1-gaokao2023en-exclusive0817,333,333,7,draft|draft_verify|target|target_rescue_verify,676.9969463348389,453.4153938293457,174.33977127075195,1091,154,1802,21,661,22,2,3,1
gaokao2023en,bbeam1,step-profile-config2-bbeam1-gaokao2023en-exclusive0817,333,333,8,draft|draft_verify|target|target_rescue_verify,1021.350622177124,458.38093757629395,825.3538608551025,1182,199,2081,24,683,137,2,3,1
gaokao2023en,bbeam1,step-profile-config2-bbeam1-gaokao2023en-exclusive0817,333,333,9,draft|draft_verify,438.54355812072754,151.5810489654541,0.0,590,95,647,9,0,0,1,1,0
gaokao2023en,bbeam1,step-profile-config2-bbeam1-gaokao2023en-exclusive0817,333,333,10,draft|draft_verify,326.4944553375244,153.40018272399902,0.0,685,70,719,10,0,0,1,1,0
gaokao2023en,bbeam1,step-profile-config2-bbeam1-gaokao2023en-exclusive0817,333,333,11,draft|draft_verify|target|target_rescue_verify,456.2370777130127,327.7132511138916,321.0902214050293,755,100,1583,22,755,41,1,2,1
gaokao2023en,bbeam1,step-profile-config2-bbeam1-gaokao2023en-exclusive0817,333,333,12,draft|draft_verify,415.99011421203613,175.92620849609375,0.0,796,89,853,12,0,0,1,1,0
gaokao2023en,bbeam1,step-profile-config2-bbeam1-gaokao2023en-exclusive0817,333,333,13,draft|draft_verify,257.03907012939453,202.6350498199463,0.0,885,54,909,13,0,0,1,1,0
gaokao2023en,bbeam1,step-profile-config2-bbeam1-gaokao2023en-exclusive0817,334,334,1,draft|draft_verify,487.23912239074707,51.666975021362305,0.0,104,109,159,1,0,0,1,1,0
gaokao2023en,bbeam1,step-profile-config2-bbeam1-gaokao2023en-exclusive0817,334,334,2,draft|draft_verify,73.64749908447266,52.161216735839844,0.0,213,16,177,2,0,0,1,1,0
gaokao2023en,bbeam1,step-profile-config2-bbeam1-gaokao2023en-exclusive0817,334,334,3,draft|draft_verify,46.076059341430664,59.10849571228027,0.0,229,10,189,3,0,0,1,1,0
gaokao2023en,bbeam1,step-profile-config2-bbeam1-gaokao2023en-exclusive0817,334,334,4,draft|draft_verify,55.29594421386719,61.21563911437988,0.0,239,12,203,4,0,0,1,1,0
gaokao2023en,bbeam1,step-profile-config2-bbeam1-gaokao2023en-exclusive0817,334,334,5,draft|draft_verify|target|target_rescue_verify,370.73659896850586,138.43917846679688,64.22877311706543,251,78,490,10,251,2,1,2,1
gaokao2023en,bbeam1,step-profile-config2-bbeam1-gaokao2023en-exclusive0817,334,334,6,draft|draft_verify,78.37462425231934,59.76462364196777,0.0,253,16,225,6,0,0,1,1,0
gaokao2023en,bbeam1,step-profile-config2-bbeam1-gaokao2023en-exclusive0817,334,334,7,draft|draft_verify|target|backtracking_verify,177.52504348754883,157.23371505737305,239.98641967773438,269,37,525,14,269,34,1,2,1
gaokao2023en,bbeam1,step-profile-config2-bbeam1-gaokao2023en-exclusive0817,334,334,8,draft|draft_verify|target|target_rescue_verify,1047.0082759857178,354.11596298217773,1246.629238128662,609,226,1228,24,306,207,2,3,1
gaokao2023en,bbeam1,step-profile-config2-bbeam1-gaokao2023en-exclusive0817,334,334,9,draft|draft_verify,56.93387985229492,78.83214950561523,0.0,325,11,298,9,0,0,1,1,0
gaokao2023en,bbeam1,step-profile-config2-bbeam1-gaokao2023en-exclusive0817,334,334,10,draft|draft_verify,86.52687072753906,78.84526252746582,0.0,336,18,318,10,0,0,1,1,0
gaokao2023en,bbeam1,step-profile-config2-bbeam1-gaokao2023en-exclusive0817,334,334,11,draft|draft_verify,56.916236877441406,93.93572807312012,0.0,354,11,331,11,0,0,1,1,0
gaokao2023en,bbeam1,step-profile-config2-bbeam1-gaokao2023en-exclusive0817,334,334,12,draft|draft_verify,69.3197250366211,93.30487251281738,0.0,365,14,347,12,0,0,1,1,0
gaokao2023en,bbeam1,step-profile-config2-bbeam1-gaokao2023en-exclusive0817,334,334,13,draft|draft_verify,45.47739028930664,93.3377742767334,0.0,379,9,358,13,0,0,1,1,0
gaokao2023en,bbeam1,step-profile-config2-bbeam1-gaokao2023en-exclusive0817,334,334,14,draft|draft_verify,87.69369125366211,94.58017349243164,0.0,388,18,378,14,0,0,1,1,0
gaokao2023en,bbeam1,step-profile-config2-bbeam1-gaokao2023en-exclusive0817,334,334,15,draft|draft_verify,50.91142654418945,127.12550163269043,0.0,406,9,389,15,0,0,1,1,0
gaokao2023en,bbeam1,step-profile-config2-bbeam1-gaokao2023en-exclusive0817,334,334,16,draft|draft_verify,75.66308975219727,126.01447105407715,0.0,415,17,408,16,0,0,1,1,0
gaokao2023en,bbeam1,step-profile-config2-bbeam1-gaokao2023en-exclusive0817,334,334,17,draft|draft_verify|target|target_rescue_verify,241.6059970855713,255.38182258605957,191.18809700012207,432,57,899,34,432,22,1,2,1
gaokao2023en,bbeam1,step-profile-config2-bbeam1-gaokao2023en-exclusive0817,334,334,18,draft|draft_verify,56.76841735839844,126.95932388305664,0.0,454,11,445,18,0,0,1,1,0
gaokao2023en,bbeam1,step-profile-config2-bbeam1-gaokao2023en-exclusive0817,334,334,19,draft|draft_verify,90.03973007202148,127.93493270874023,0.0,465,18,465,19,0,0,1,1,0
gaokao2023en,bbeam1,step-profile-config2-bbeam1-gaokao2023en-exclusive0817,334,334,20,draft|draft_verify,54.29553985595703,128.47471237182617,0.0,483,11,478,20,0,0,1,1,0
gaokao2023en,bbeam1,step-profile-config2-bbeam1-gaokao2023en-exclusive0817,334,334,21,draft|draft_verify,71.11525535583496,147.71628379821777,0.0,494,15,495,21,0,0,1,1,0
gaokao2023en,bbeam1,step-profile-config2-bbeam1-gaokao2023en-exclusive0817,334,334,22,draft|draft_verify,56.59008026123047,145.12276649475098,0.0,509,9,506,22,0,0,1,1,0
gaokao2023en,bbeam1,step-profile-config2-bbeam1-gaokao2023en-exclusive0817,334,334,23,draft|draft_verify,96.78387641906738,131.7734718322754,0.0,518,16,524,23,0,0,1,1,0
gaokao2023en,bbeam1,step-profile-config2-bbeam1-gaokao2023en-exclusive0817,334,334,24,draft|draft_verify,122.62582778930664,131.6514015197754,0.0,534,25,551,24,0,0,1,1,0
gaokao2023en,bbeam1,step-profile-config2-bbeam1-gaokao2023en-exclusive0817,334,334,25,draft|draft_verify,186.63668632507324,132.4899196624756,0.0,559,35,588,25,0,0,1,1,0
gaokao2023en,bbeam1,step-profile-config2-bbeam1-gaokao2023en-exclusive0817,334,334,26,draft|draft_verify,395.54429054260254,153.43332290649414,0.0,594,79,669,26,0,0,1,1,0
gaokao2023en,bbeam1,step-profile-config2-bbeam1-gaokao2023en-exclusive0817,334,334,27,draft|draft_verify,45.789241790771484,153.96547317504883,0.0,673,10,681,27,0,0,1,1,0
gaokao2023en,bbeam1,step-profile-config2-bbeam1-gaokao2023en-exclusive0817,334,334,28,draft|draft_verify,83.05168151855469,155.66277503967285,0.0,683,17,700,28,0,0,1,1,0
gaokao2023en,bbeam1,step-profile-config2-bbeam1-gaokao2023en-exclusive0817,334,334,29,draft|draft_verify,110.96882820129395,162.5535488128662,0.0,700,26,728,29,0,0,1,1,0
gaokao2023en,bbeam1,step-profile-config2-bbeam1-gaokao2023en-exclusive0817,334,334,30,draft|draft_verify,48.25735092163086,156.08835220336914,0.0,726,11,741,30,0,0,1,1,0
gaokao2023en,bbeam1,step-profile-config2-bbeam1-gaokao2023en-exclusive0817,334,334,31,draft|draft_verify,67.0022964477539,156.53133392333984,0.0,737,16,759,31,0,0,1,1,0
gaokao2023en,bbeam1,step-profile-config2-bbeam1-gaokao2023en-exclusive0817,334,334,32,draft|draft_verify,88.37699890136719,176.57065391540527,0.0,753,18,779,32,0,0,1,1,0
gaokao2023en,bbeam1,step-profile-config2-bbeam1-gaokao2023en-exclusive0817,334,334,33,draft|draft_verify|target|target_rescue_verify,617.4294948577881,402.85515785217285,901.9536972045898,771,134,1834,66,771,138,1,2,1
gaokao2023en,bbeam1,step-profile-config2-bbeam1-gaokao2023en-exclusive0817,334,334,34,draft|draft_verify,290.6665802001953,206.29215240478516,0.0,909,62,983,34,0,0,1,1,0
gaokao2023en,bbeam1,step-profile-config2-bbeam1-gaokao2023en-exclusive0817,334,334,35,draft|draft_verify,29.494762420654297,204.64253425598145,0.0,971,4,989,35,0,0,1,1,0
gaokao2023en,bbeam1,step-profile-config2-bbeam1-gaokao2023en-exclusive0817,334,334,36,draft|draft_verify,45.12834548950195,203.38964462280273,0.0,975,8,999,36,0,0,1,1,0
gaokao2023en,bbeam1,step-profile-config2-bbeam1-gaokao2023en-exclusive0817,335,335,1,draft|draft_verify|target|backtracking_verify,343.37925910949707,82.96608924865723,300.2760410308838,119,79,254,2,119,45,1,2,1
gaokao2023en,bbeam1,step-profile-config2-bbeam1-gaokao2023en-exclusive0817,335,335,2,draft|draft_verify|target|target_rescue_verify,3151.1311531066895,581.7766189575195,3868.0202960968018,362,705,1879,8,362,661,2,4,2
gaokao2023en,bbeam1,step-profile-config2-bbeam1-gaokao2023en-exclusive0817,335,335,3,draft|draft_verify|target|target_rescue_verify,835.6566429138184,301.10907554626465,1969.3536758422852,463,174,1338,6,463,338,1,2,1
gaokao2023en,bbeam1,step-profile-config2-bbeam1-gaokao2023en-exclusive0817,336,336,1,draft|draft_verify|target|backtracking_verify,539.5779609680176,103.3015251159668,551.159143447876,126,101,334,2,126,89,1,2,1
gaokao2023en,bbeam1,step-profile-config2-bbeam1-gaokao2023en-exclusive0817,336,336,2,draft|draft_verify|target|target_rescue_verify,1081.1002254486084,293.5659885406494,944.1549777984619,442,235,1060,8,442,150,2,4,2
gaokao2023en,bbeam1,step-profile-config2-bbeam1-gaokao2023en-exclusive0817,336,336,3,draft|draft_verify|target|target_rescue_verify,852.6167869567871,418.1852340698242,1017.1618461608887,592,177,1323,12,592,164,2,4,2
gaokao2023en,bbeam1,step-profile-config2-bbeam1-gaokao2023en-exclusive0817,336,336,4,draft|draft_verify|target|target_rescue_verify,830.9688568115234,276.3044834136963,707.8197002410889,381,174,956,8,381,116,1,2,1
gaokao2023en,bbeam1,step-profile-config2-bbeam1-gaokao2023en-exclusive0817,336,336,5,draft|draft_verify|target|target_rescue_verify,268.18132400512695,267.4703598022461,208.62817764282227,497,58,988,10,497,28,1,2,1
gaokao2023en,bbeam1,step-profile-config2-bbeam1-gaokao2023en-exclusive0817,336,336,6,draft|draft_verify|target|target_rescue_verify,465.1627540588379,291.4736270904541,1057.1870803833008,525,112,1244,12,525,170,1,2,1
gaokao2023en,bbeam1,step-profile-config2-bbeam1-gaokao2023en-exclusive0817,336,336,7,draft|draft_verify,204.47158813476562,163.9108657836914,0.0,695,43,696,7,0,0,1,1,0
gaokao2023en,bbeam1,step-profile-config2-bbeam1-gaokao2023en-exclusive0817,336,336,8,draft|draft_verify,128.2646656036377,156.3708782196045,0.0,738,26,724,8,0,0,1,1,0
gaokao2023en,bbeam1,step-profile-config2-bbeam1-gaokao2023en-exclusive0817,337,337,1,draft|draft_verify,175.9939193725586,33.272743225097656,0.0,111,39,96,1,0,0,1,1,0
gaokao2023en,bbeam1,step-profile-config2-bbeam1-gaokao2023en-exclusive0817,337,337,2,draft|draft_verify|target|target_rescue_verify,9553.794622421265,509.6395015716553,291.3188934326172,150,2049,2279,4,150,35,1,2,1
gaokao2023en,bbeam1,step-profile-config2-bbeam1-gaokao2023en-exclusive0817,337,337,3,draft|draft_verify,381.8950653076172,65.71388244628906,0.0,185,78,213,3,0,0,1,1,0
gaokao2023en,bbeam1,step-profile-config2-bbeam1-gaokao2023en-exclusive0817,337,337,4,draft|draft_verify|target|target_rescue_verify,353.9614677429199,165.65418243408203,536.2284183502197,263,71,577,8,263,76,1,2,1
gaokao2023en,bbeam1,step-profile-config2-bbeam1-gaokao2023en-exclusive0817,337,337,5,draft|draft_verify|target|target_rescue_verify,289.81804847717285,250.9315013885498,674.3371486663818,339,59,740,10,339,95,1,2,1
gaokao2023en,bbeam1,step-profile-config2-bbeam1-gaokao2023en-exclusive0817,337,337,6,draft|draft_verify|target|target_rescue_verify,677.361011505127,258.3291530609131,478.8374900817871,434,137,990,12,434,73,1,2,1
gaokao2023en,bbeam1,step-profile-config2-bbeam1-gaokao2023en-exclusive0817,337,337,7,draft|draft_verify|target|target_rescue_verify,274.20830726623535,259.8748207092285,425.8005619049072,507,60,1055,14,507,65,1,2,1
gaokao2023en,bbeam1,step-profile-config2-bbeam1-gaokao2023en-exclusive0817,337,337,8,draft|draft_verify|target|target_rescue_verify,164.21103477478027,262.7379894256592,425.4121780395508,572,34,1163,16,572,65,1,2,1
gaokao2023en,bbeam1,step-profile-config2-bbeam1-gaokao2023en-exclusive0817,337,337,9,draft|draft_verify,315.765380859375,152.3284912109375,0.0,637,67,666,9,0,0,1,1,0
gaokao2023en,bbeam1,step-profile-config2-bbeam1-gaokao2023en-exclusive0817,337,337,10,draft|draft_verify,305.2194118499756,154.22892570495605,0.0,704,65,733,10,0,0,1,1,0
gaokao2023en,bbeam1,step-profile-config2-bbeam1-gaokao2023en-exclusive0817,337,337,11,draft|draft_verify,316.31016731262207,174.14617538452148,0.0,769,67,802,11,0,0,1,1,0
gaokao2023en,bbeam1,step-profile-config2-bbeam1-gaokao2023en-exclusive0817,337,337,12,draft|draft_verify,309.5228672027588,179.16297912597656,0.0,836,65,869,12,0,0,1,1,0
gaokao2023en,bbeam1,step-profile-config2-bbeam1-gaokao2023en-exclusive0817,337,337,13,draft|draft_verify,318.05944442749023,202.0714282989502,0.0,901,67,938,13,0,0,1,1,0
gaokao2023en,bbeam1,step-profile-config2-bbeam1-gaokao2023en-exclusive0817,337,337,14,draft|draft_verify,332.28182792663574,204.26678657531738,0.0,968,67,1007,14,0,0,1,1,0
gaokao2023en,bbeam1,step-profile-config2-bbeam1-gaokao2023en-exclusive0817,337,337,15,draft|draft_verify,312.6866817474365,229.2623519897461,0.0,1035,67,1076,15,0,0,1,1,0
gaokao2023en,bbeam1,step-profile-config2-bbeam1-gaokao2023en-exclusive0817,337,337,16,draft|draft_verify,322.58057594299316,240.2970790863037,0.0,1102,67,1145,16,0,0,1,1,0
gaokao2023en,bbeam1,step-profile-config2-bbeam1-gaokao2023en-exclusive0817,337,337,17,draft|draft_verify,429.9793243408203,258.7924003601074,0.0,1169,67,1214,17,0,0,1,1,0
gaokao2023en,bbeam1,step-profile-config2-bbeam1-gaokao2023en-exclusive0817,337,337,18,draft|draft_verify,283.6465835571289,272.1850872039795,0.0,1236,67,1283,18,0,0,1,1,0
gaokao2023en,bbeam1,step-profile-config2-bbeam1-gaokao2023en-exclusive0817,337,337,19,draft|draft_verify,312.1647834777832,279.5858383178711,0.0,1303,67,1352,19,0,0,1,1,0
gaokao2023en,bbeam1,step-profile-config2-bbeam1-gaokao2023en-exclusive0817,337,337,20,draft|draft_verify,310.2612495422363,308.5048198699951,0.0,1370,67,1421,20,0,0,1,1,0
gaokao2023en,bbeam1,step-profile-config2-bbeam1-gaokao2023en-exclusive0817,337,337,21,draft|draft_verify,312.3965263366699,318.67218017578125,0.0,1437,67,1490,21,0,0,1,1,0
gaokao2023en,bbeam1,step-profile-config2-bbeam1-gaokao2023en-exclusive0817,337,337,22,draft|draft_verify,306.15806579589844,331.0284614562988,0.0,1504,67,1559,22,0,0,1,1,0
gaokao2023en,bbeam1,step-profile-config2-bbeam1-gaokao2023en-exclusive0817,337,337,23,draft|draft_verify,303.1504154205322,332.7476978302002,0.0,1571,67,1628,23,0,0,1,1,0
gaokao2023en,bbeam1,step-profile-config2-bbeam1-gaokao2023en-exclusive0817,337,337,24,draft|draft_verify,309.22961235046387,355.4809093475342,0.0,1638,67,1697,24,0,0,1,1,0
gaokao2023en,bbeam1,step-profile-config2-bbeam1-gaokao2023en-exclusive0817,337,337,25,draft|draft_verify,359.8504066467285,365.1885986328125,0.0,1705,67,1766,25,0,0,1,1,0
gaokao2023en,bbeam1,step-profile-config2-bbeam1-gaokao2023en-exclusive0817,337,337,26,draft|draft_verify,356.0473918914795,391.5557861328125,0.0,1772,67,1835,26,0,0,1,1,0
gaokao2023en,bbeam1,step-profile-config2-bbeam1-gaokao2023en-exclusive0817,337,337,27,draft|draft_verify,303.4663200378418,405.90882301330566,0.0,1839,67,1904,27,0,0,1,1,0
gaokao2023en,bbeam1,step-profile-config2-bbeam1-gaokao2023en-exclusive0817,337,337,28,draft|draft_verify,347.3684787750244,407.4718952178955,0.0,1906,67,1973,28,0,0,1,1,0
gaokao2023en,bbeam1,step-profile-config2-bbeam1-gaokao2023en-exclusive0817,337,337,29,draft|draft_verify,321.9752311706543,408.0228805541992,0.0,1973,67,2042,29,0,0,1,1,0
gaokao2023en,bbeam1,step-profile-config2-bbeam1-gaokao2023en-exclusive0817,337,337,30,draft|draft_verify,318.6817169189453,423.84791374206543,0.0,2040,67,2111,30,0,0,1,1,0
gaokao2023en,bbeam1,step-profile-config2-bbeam1-gaokao2023en-exclusive0817,338,338,1,draft|draft_verify|target|target_rescue_verify,410.9182357788086,82.45587348937988,391.8190002441406,103,92,250,2,103,60,1,2,1
gaokao2023en,bbeam1,step-profile-config2-bbeam1-gaokao2023en-exclusive0817,338,338,2,draft|draft_verify,218.0044651031494,52.644968032836914,0.0,163,48,159,2,0,0,1,1,0
gaokao2023en,bbeam1,step-profile-config2-bbeam1-gaokao2023en-exclusive0817,338,338,3,draft|draft_verify,822.0722675323486,104.09998893737793,0.0,211,179,340,3,0,0,1,1,0
gaokao2023en,bbeam1,step-profile-config2-bbeam1-gaokao2023en-exclusive0817,338,338,4,draft|draft_verify,81.89177513122559,92.87428855895996,0.0,390,17,359,4,0,0,1,1,0
gaokao2023en,bbeam1,step-profile-config2-bbeam1-gaokao2023en-exclusive0817,338,338,5,draft|draft_verify,426.49364471435547,126.7249584197998,0.0,407,91,452,5,0,0,1,1,0
gaokao2023en,bbeam1,step-profile-config2-bbeam1-gaokao2023en-exclusive0817,338,338,6,draft|draft_verify,150.24447441101074,142.6255702972412,0.0,498,31,485,6,0,0,1,1,0
gaokao2023en,bbeam1,step-profile-config2-bbeam1-gaokao2023en-exclusive0817,338,338,7,draft|draft_verify,341.65191650390625,127.92563438415527,0.0,529,75,562,7,0,0,1,1,0
gaokao2023en,bbeam1,step-profile-config2-bbeam1-gaokao2023en-exclusive0817,338,338,8,draft|draft_verify,568.1970119476318,153.106689453125,0.0,604,134,698,8,0,0,1,1,0
gaokao2023en,bbeam1,step-profile-config2-bbeam1-gaokao2023en-exclusive0817,338,338,9,draft|draft_verify,243.79491806030273,155.0745964050293,0.0,738,43,743,9,0,0,1,1,0
gaokao2023en,bbeam1,step-profile-config2-bbeam1-gaokao2023en-exclusive0817,338,338,10,draft|draft_verify,276.84497833251953,176.58329010009766,0.0,781,57,802,10,0,0,1,1,0
gaokao2023en,bbeam1,step-profile-config2-bbeam1-gaokao2023en-exclusive0817,338,338,11,draft|draft_verify,206.72941207885742,178.2543659210205,0.0,838,35,839,11,0,0,1,1,0
gaokao2023en,bbeam1,step-profile-config2-bbeam1-gaokao2023en-exclusive0817,339,339,1,draft|draft_verify,214.32948112487793,35.19415855407715,0.0,94,39,79,1,0,0,1,1,0
gaokao2023en,bbeam1,step-profile-config2-bbeam1-gaokao2023en-exclusive0817,339,339,2,draft|draft_verify,529.3476581573486,53.31921577453613,0.0,133,103,184,2,0,0,1,1,0
gaokao2023en,bbeam1,step-profile-config2-bbeam1-gaokao2023en-exclusive0817,339,339,3,draft|draft_verify|target|backtracking_verify,258.5113048553467,124.34697151184082,120.52321434020996,236,56,437,6,236,10,1,2,1
gaokao2023en,bbeam1,step-profile-config2-bbeam1-gaokao2023en-exclusive0817,339,339,4,draft|draft_verify|target|target_rescue_verify,9134.997129440308,654.1416645050049,526.6067981719971,538,2095,2860,12,292,81,2,3,1
gaokao2023en,bbeam1,step-profile-config2-bbeam1-gaokao2023en-exclusive0817,339,339,5,draft|draft_verify|target|backtracking_verify,611.3080978393555,343.1432247161865,752.9845237731934,665,132,1155,15,373,124,2,3,1
gaokao2023en,bbeam1,step-profile-config2-bbeam1-gaokao2023en-exclusive0817,339,339,6,draft|draft_verify|target|target_rescue_verify,1459.5985412597656,780.665397644043,3117.952346801758,1294,316,3130,36,1294,492,3,6,3
gaokao2023en,bbeam1,step-profile-config2-bbeam1-gaokao2023en-exclusive0817,339,339,7,draft|draft_verify|target|target_rescue_verify,1492.3415184020996,533.1687927246094,1877.044677734375,1087,310,2228,21,638,320,2,3,1
gaokao2023en,bbeam1,step-profile-config2-bbeam1-gaokao2023en-exclusive0817,339,339,8,draft|draft_verify|target|target_rescue_verify,801.4326095581055,289.4620895385742,114.72868919372559,529,172,1159,16,529,12,1,2,1
gaokao2023en,bbeam1,step-profile-config2-bbeam1-gaokao2023en-exclusive0817,339,339,9,draft|draft_verify|target|backtracking_verify,293.0560111999512,262.0420455932617,813.5099411010742,541,63,1199,18,541,134,1,2,1
gaokao2023en,bbeam1,step-profile-config2-bbeam1-gaokao2023en-exclusive0817,339,339,10,draft|draft_verify|target|target_rescue_verify,821.8843936920166,453.11546325683594,454.46324348449707,1279,176,2015,30,604,70,2,3,1
gaokao2023en,bbeam1,step-profile-config2-bbeam1-gaokao2023en-exclusive0817,339,339,11,draft|draft_verify,107.79070854187012,159.38735008239746,0.0,757,22,743,11,0,0,1,1,0
gaokao2023en,bbeam1,step-profile-config2-bbeam1-gaokao2023en-exclusive0817,339,339,12,draft|draft_verify,149.00612831115723,165.10820388793945,0.0,779,31,776,12,0,0,1,1,0
gaokao2023en,bbeam1,step-profile-config2-bbeam1-gaokao2023en-exclusive0817,339,339,13,draft|draft_verify,62.02530860900879,175.5199432373047,0.0,810,11,789,13,0,0,1,1,0
gaokao2023en,bbeam1,step-profile-config2-bbeam1-gaokao2023en-exclusive0817,340,340,1,draft|draft_verify,376.178503036499,42.29736328125,0.0,79,69,94,1,0,0,1,1,0
gaokao2023en,bbeam1,step-profile-config2-bbeam1-gaokao2023en-exclusive0817,340,340,2,draft|draft_verify,192.0299530029297,47.3477840423584,0.0,148,39,135,2,0,0,1,1,0
gaokao2023en,bbeam1,step-profile-config2-bbeam1-gaokao2023en-exclusive0817,340,340,3,draft|draft_verify,68.17245483398438,50.384521484375,0.0,187,13,150,3,0,0,1,1,0
gaokao2023en,bbeam1,step-profile-config2-bbeam1-gaokao2023en-exclusive0817,340,340,4,draft|draft_verify,228.8341522216797,60.32729148864746,0.0,200,46,198,4,0,0,1,1,0
gaokao2023en,bbeam1,step-profile-config2-bbeam1-gaokao2023en-exclusive0817,340,340,5,draft|draft_verify,53.163766860961914,60.05501747131348,0.0,246,11,211,5,0,0,1,1,0
gaokao2023en,bbeam1,step-profile-config2-bbeam1-gaokao2023en-exclusive0817,340,340,6,draft|draft_verify,110.9769344329834,60.84179878234863,0.0,257,23,236,6,0,0,1,1,0
gaokao2023en,bbeam1,step-profile-config2-bbeam1-gaokao2023en-exclusive0817,340,340,7,draft|draft_verify,62.98637390136719,63.127994537353516,0.0,280,13,251,7,0,0,1,1,0
gaokao2023en,bbeam1,step-profile-config2-bbeam1-gaokao2023en-exclusive0817,340,340,8,draft|draft_verify,168.69544982910156,77.83126831054688,0.0,293,35,288,8,0,0,1,1,0
gaokao2023en,bbeam1,step-profile-config2-bbeam1-gaokao2023en-exclusive0817,340,340,9,draft|draft_verify,25.065183639526367,78.08375358581543,0.0,328,5,295,9,0,0,1,1,0
gaokao2023en,bbeam1,step-profile-config2-bbeam1-gaokao2023en-exclusive0817,340,340,10,draft|draft_verify,170.2880859375,93.71399879455566,0.0,333,37,334,10,0,0,1,1,0
gaokao2023en,bbeam1,step-profile-config2-bbeam1-gaokao2023en-exclusive0817,340,340,11,draft|draft_verify,26.208162307739258,92.96917915344238,0.0,370,5,341,11,0,0,1,1,0
gaokao2023en,bbeam1,step-profile-config2-bbeam1-gaokao2023en-exclusive0817,340,340,12,draft|draft_verify,225.04138946533203,127.73966789245605,0.0,375,48,391,12,0,0,1,1,0
gaokao2023en,bbeam1,step-profile-config2-bbeam1-gaokao2023en-exclusive0817,340,340,13,draft|draft_verify,113.04426193237305,125.21600723266602,0.0,423,27,420,13,0,0,1,1,0
gaokao2023en,bbeam1,step-profile-config2-bbeam1-gaokao2023en-exclusive0817,340,340,14,draft|draft_verify,89.12181854248047,125.63586235046387,0.0,450,22,444,14,0,0,1,1,0
gaokao2023en,bbeam1,step-profile-config2-bbeam1-gaokao2023en-exclusive0817,340,340,15,draft|draft_verify,312.27779388427734,127.40516662597656,0.0,472,71,517,15,0,0,1,1,0
gaokao2023en,bbeam1,step-profile-config2-bbeam1-gaokao2023en-exclusive0817,340,340,16,draft|draft_verify,126.37805938720703,127.7930736541748,0.0,543,29,548,16,0,0,1,1,0
gaokao2023en,bbeam1,step-profile-config2-bbeam1-gaokao2023en-exclusive0817,340,340,17,draft|draft_verify,119.45557594299316,128.20768356323242,0.0,572,21,571,17,0,0,1,1,0
gaokao2023en,bbeam1,step-profile-config2-bbeam1-gaokao2023en-exclusive0817,341,341,1,draft|draft_verify,445.61123847961426,51.10883712768555,0.0,116,90,152,1,0,0,1,1,0
gaokao2023en,bbeam1,step-profile-config2-bbeam1-gaokao2023en-exclusive0817,341,341,2,draft|draft_verify,225.45385360717773,60.19997596740723,0.0,206,53,207,2,0,0,1,1,0
gaokao2023en,bbeam1,step-profile-config2-bbeam1-gaokao2023en-exclusive0817,341,341,3,draft|draft_verify,49.56865310668945,60.15276908874512,0.0,259,8,217,3,0,0,1,1,0
gaokao2023en,bbeam1,step-profile-config2-bbeam1-gaokao2023en-exclusive0817,341,341,4,draft|draft_verify|target|backtracking_verify,382.4584484100342,157.10926055908203,456.82501792907715,267,77,568,8,267,53,1,2,1
gaokao2023en,bbeam1,step-profile-config2-bbeam1-gaokao2023en-exclusive0817,341,341,5,draft|draft_verify|target|backtracking_verify,81.3448429107666,232.96332359313965,102.3855209350586,664,16,894,15,344,8,2,3,1
gaokao2023en,bbeam1,step-profile-config2-bbeam1-gaokao2023en-exclusive0817,341,341,6,draft|draft_verify|target|target_rescue_verify,2818.3984756469727,569.474458694458,684.9973201751709,1032,636,2240,30,704,88,3,5,2
gaokao2023en,bbeam1,step-profile-config2-bbeam1-gaokao2023en-exclusive0817,341,341,7,draft|draft_verify,31.004667282104492,127.23851203918457,0.0,450,6,414,7,0,0,1,1,0
gaokao2023en,bbeam1,step-profile-config2-bbeam1-gaokao2023en-exclusive0817,341,341,8,draft|draft_verify,109.98868942260742,127.80594825744629,0.0,456,23,439,8,0,0,1,1,0
gaokao2023en,bbeam1,step-profile-config2-bbeam1-gaokao2023en-exclusive0817,341,341,9,draft|draft_verify|target|target_rescue_verify,410.63904762268066,268.64051818847656,447.7212429046631,479,78,1028,18,479,69,1,2,1
gaokao2023en,bbeam1,step-profile-config2-bbeam1-gaokao2023en-exclusive0817,341,341,10,draft|draft_verify,121.02937698364258,132.42053985595703,0.0,548,24,536,10,0,0,1,1,0
gaokao2023en,bbeam1,step-profile-config2-bbeam1-gaokao2023en-exclusive0817,341,341,11,draft|draft_verify,68.66836547851562,132.77888298034668,0.0,572,13,551,11,0,0,1,1,0
gaokao2023en,bbeam1,step-profile-config2-bbeam1-gaokao2023en-exclusive0817,341,341,12,draft|draft_verify,91.77088737487793,132.70068168640137,0.0,585,18,571,12,0,0,1,1,0
gaokao2023en,bbeam1,step-profile-config2-bbeam1-gaokao2023en-exclusive0817,341,341,13,draft|draft_verify,138.8106346130371,145.02882957458496,0.0,603,21,594,13,0,0,1,1,0
gaokao2023en,bbeam1,step-profile-config2-bbeam1-gaokao2023en-exclusive0817,341,341,14,draft|draft_verify,239.09759521484375,142.625093460083,0.0,624,37,633,14,0,0,1,1,0
gaokao2023en,bbeam1,step-profile-config2-bbeam1-gaokao2023en-exclusive0817,341,341,15,draft|draft_verify,717.4580097198486,153.91135215759277,0.0,661,9,644,15,0,0,1,1,0
gaokao2023en,bbeam1,step-profile-config2-bbeam1-gaokao2023en-exclusive0817,341,341,16,draft|draft_verify|target|backtracking_verify,216.72487258911133,308.9756965637207,350.7726192474365,670,44,1388,32,670,52,1,2,1
gaokao2023en,bbeam1,step-profile-config2-bbeam1-gaokao2023en-exclusive0817,341,341,17,draft|draft_verify|target|backtracking_verify,83.75263214111328,616.0268783569336,201.1113166809082,1436,18,2820,68,1436,18,2,4,2
gaokao2023en,bbeam1,step-profile-config2-bbeam1-gaokao2023en-exclusive0817,341,341,18,draft|draft_verify|target|target_rescue_verify,216.39418601989746,1242.5096035003662,472.306489944458,2908,40,5736,144,2908,40,4,8,4
gaokao2023en,bbeam1,step-profile-config2-bbeam1-gaokao2023en-exclusive0817,342,342,1,draft|draft_verify,488.0354404449463,50.39238929748535,0.0,91,113,150,1,0,0,1,1,0
gaokao2023en,bbeam1,step-profile-config2-bbeam1-gaokao2023en-exclusive0817,342,342,2,draft|draft_verify,222.8553295135498,61.894893646240234,0.0,204,50,202,2,0,0,1,1,0
gaokao2023en,bbeam1,step-profile-config2-bbeam1-gaokao2023en-exclusive0817,342,342,3,draft|draft_verify,378.2622814178467,77.68011093139648,0.0,254,93,297,3,0,0,1,1,0
gaokao2023en,bbeam1,step-profile-config2-bbeam1-gaokao2023en-exclusive0817,342,342,4,draft|draft_verify,341.0320281982422,104.52485084533691,0.0,347,73,372,4,0,0,1,1,0
gaokao2023en,bbeam1,step-profile-config2-bbeam1-gaokao2023en-exclusive0817,342,342,5,draft|draft_verify|target|target_rescue_verify,465.3003215789795,257.21120834350586,924.1626262664795,420,99,998,10,420,151,1,2,1
gaokao2023en,bbeam1,step-profile-config2-bbeam1-gaokao2023en-exclusive0817,342,342,6,draft|draft_verify|target|target_rescue_verify,266.43967628479004,268.45526695251465,367.145299911499,571,56,1168,12,571,58,1,2,1
gaokao2023en,bbeam1,step-profile-config2-bbeam1-gaokao2023en-exclusive0817,342,342,7,draft|draft_verify|target|target_rescue_verify,443.162202835083,307.2972297668457,464.9171829223633,629,96,1344,14,629,74,1,2,1
gaokao2023en,bbeam1,step-profile-config2-bbeam1-gaokao2023en-exclusive0817,342,342,8,draft|draft_verify,334.2928886413574,154.37054634094238,0.0,703,70,733,8,0,0,1,1,0
gaokao2023en,bbeam1,step-profile-config2-bbeam1-gaokao2023en-exclusive0817,342,342,9,draft|draft_verify,453.3982276916504,176.35035514831543,0.0,773,108,843,9,0,0,1,1,0
gaokao2023en,bbeam1,step-profile-config2-bbeam1-gaokao2023en-exclusive0817,342,342,10,draft|draft_verify,252.88963317871094,201.34639739990234,0.0,881,58,903,10,0,0,1,1,0
gaokao2023en,bbeam1,step-profile-config2-bbeam1-gaokao2023en-exclusive0817,342,342,11,draft|draft_verify|target|target_rescue_verify,260.08152961730957,405.2393436431885,349.61748123168945,939,65,1925,22,939,50,1,2,1
gaokao2023en,bbeam1,step-profile-config2-bbeam1-gaokao2023en-exclusive0817,342,342,12,draft|draft_verify,512.2959613800049,230.67927360534668,0.0,989,113,1070,12,0,0,1,1,0
gaokao2023en,bbeam1,step-profile-config2-bbeam1-gaokao2023en-exclusive0817,342,342,13,draft|draft_verify|target|backtracking_verify,263.6582851409912,462.9073143005371,243.9279556274414,1102,58,2237,26,1102,35,1,2,1
gaokao2023en,bbeam1,step-profile-config2-bbeam1-gaokao2023en-exclusive0817,342,342,14,draft|draft_verify|target|backtracking_verify,475.0025272369385,774.085283279419,329.8773765563965,2297,100,3523,42,1160,50,2,3,1
gaokao2023en,bbeam1,step-profile-config2-bbeam1-gaokao2023en-exclusive0817,342,342,15,draft|draft_verify|target|target_rescue_verify,1346.466302871704,1321.2227821350098,738.2173538208008,3607,291,6298,75,2420,110,3,5,2
gaokao2023en,bbeam1,step-profile-config2-bbeam1-gaokao2023en-exclusive0817,342,342,16,draft|draft_verify|target|target_rescue_verify|backtracking_verify,972.1682071685791,1967.3776626586914,8829.076290130615,3812,205,9168,96,3812,1483,3,6,3
gaokao2023en,bbeam1,step-profile-config2-bbeam1-gaokao2023en-exclusive0817,342,342,17,draft|draft_verify|target|target_rescue_verify,500.37264823913574,622.1623420715332,960.5622291564941,1340,108,2902,34,1340,158,1,2,1
gaokao2023en,bbeam1,step-profile-config2-bbeam1-gaokao2023en-exclusive0817,342,342,18,draft|draft_verify,109.70211029052734,315.48070907592773,0.0,1498,22,1500,18,0,0,1,1,0
gaokao2023en,bbeam1,step-profile-config2-bbeam1-gaokao2023en-exclusive0817,342,342,19,draft|draft_verify,637.5436782836914,329.8306465148926,0.0,1520,156,1658,19,0,0,1,1,0
gaokao2023en,bbeam1,step-profile-config2-bbeam1-gaokao2023en-exclusive0817,342,342,20,draft|draft_verify,123.19159507751465,356.2314510345459,0.0,1676,22,1682,20,0,0,1,1,0
gaokao2023en,bbeam1,step-profile-config2-bbeam1-gaokao2023en-exclusive0817,342,342,21,draft|draft_verify,783.8044166564941,395.4119682312012,0.0,1698,162,1846,21,0,0,1,1,0
gaokao2023en,bbeam1,step-profile-config2-bbeam1-gaokao2023en-exclusive0817,342,342,22,draft|draft_verify,113.64364624023438,399.5060920715332,0.0,1860,23,1871,22,0,0,1,1,0
gaokao2023en,bbeam1,step-profile-config2-bbeam1-gaokao2023en-exclusive0817,342,342,23,draft|draft_verify,742.2120571136475,410.07423400878906,0.0,1883,160,2033,23,0,0,1,1,0
gaokao2023en,bbeam1,step-profile-config2-bbeam1-gaokao2023en-exclusive0817,342,342,24,draft|draft_verify,110.90731620788574,446.25139236450195,0.0,2043,23,2058,24,0,0,1,1,0
gaokao2023en,bbeam1,step-profile-config2-bbeam1-gaokao2023en-exclusive0817,343,343,1,draft|draft_verify,394.61207389831543,56.1983585357666,0.0,124,78,148,1,0,0,1,1,0
gaokao2023en,bbeam1,step-profile-config2-bbeam1-gaokao2023en-exclusive0817,343,343,2,draft|draft_verify,117.37203598022461,50.32968521118164,0.0,202,24,174,2,0,0,1,1,0
gaokao2023en,bbeam1,step-profile-config2-bbeam1-gaokao2023en-exclusive0817,343,343,3,draft|draft_verify,52.681684494018555,59.01765823364258,0.0,226,11,187,3,0,0,1,1,0
gaokao2023en,bbeam1,step-profile-config2-bbeam1-gaokao2023en-exclusive0817,343,343,4,draft|draft_verify|target|target_rescue_verify,301.2213706970215,123.80647659301758,355.4575443267822,237,63,493,8,237,52,1,2,1
gaokao2023en,bbeam1,step-profile-config2-bbeam1-gaokao2023en-exclusive0817,343,343,5,draft|draft_verify,26.451826095581055,61.12098693847656,0.0,289,5,248,5,0,0,1,1,0
gaokao2023en,bbeam1,step-profile-config2-bbeam1-gaokao2023en-exclusive0817,343,343,6,draft|draft_verify|target|target_rescue_verify,221.49085998535156,162.02044486999512,318.15409660339355,294,46,594,12,294,48,1,2,1
gaokao2023en,bbeam1,step-profile-config2-bbeam1-gaokao2023en-exclusive0817,343,343,7,draft|draft_verify,42.99664497375488,78.44233512878418,0.0,342,8,308,7,0,0,1,1,0
gaokao2023en,bbeam1,step-profile-config2-bbeam1-gaokao2023en-exclusive0817,343,343,8,draft|draft_verify,138.153076171875,101.6390323638916,0.0,350,29,339,8,0,0,1,1,0
gaokao2023en,bbeam1,step-profile-config2-bbeam1-gaokao2023en-exclusive0817,343,343,9,draft|draft_verify,72.22294807434082,95.00956535339355,0.0,379,15,356,9,0,0,1,1,0
gaokao2023en,bbeam1,step-profile-config2-bbeam1-gaokao2023en-exclusive0817,343,343,10,draft|draft_verify,150.42829513549805,126.30462646484375,0.0,394,33,391,10,0,0,1,1,0
gaokao2023en,bbeam1,step-profile-config2-bbeam1-gaokao2023en-exclusive0817,343,343,11,draft|draft_verify,45.29380798339844,126.40786170959473,0.0,427,9,402,11,0,0,1,1,0
gaokao2023en,bbeam1,step-profile-config2-bbeam1-gaokao2023en-exclusive0817,343,343,12,draft|draft_verify,148.0104923248291,129.41741943359375,0.0,436,31,435,12,0,0,1,1,0
gaokao2023en,bbeam1,step-profile-config2-bbeam1-gaokao2023en-exclusive0817,343,343,13,draft|draft_verify,225.58140754699707,144.67430114746094,0.0,467,47,484,13,0,0,1,1,0
gaokao2023en,bbeam1,step-profile-config2-bbeam1-gaokao2023en-exclusive0817,343,343,14,draft|draft_verify,96.87972068786621,138.4725570678711,0.0,514,20,506,14,0,0,1,1,0
gaokao2023en,bbeam1,step-profile-config2-bbeam1-gaokao2023en-exclusive0817,343,343,15,draft|draft_verify,223.00481796264648,128.92746925354004,0.0,534,47,555,15,0,0,1,1,0
gaokao2023en,bbeam1,step-profile-config2-bbeam1-gaokao2023en-exclusive0817,343,343,16,draft|draft_verify,64.29195404052734,129.14419174194336,0.0,581,13,570,16,0,0,1,1,0
gaokao2023en,bbeam1,step-profile-config2-bbeam1-gaokao2023en-exclusive0817,343,343,17,draft|draft_verify,97.89156913757324,131.0582160949707,0.0,594,20,592,17,0,0,1,1,0
gaokao2023en,bbeam1,step-profile-config2-bbeam1-gaokao2023en-exclusive0817,343,343,18,draft|draft_verify,251.0983943939209,162.8439426422119,0.0,614,54,648,18,0,0,1,1,0
gaokao2023en,bbeam1,step-profile-config2-bbeam1-gaokao2023en-exclusive0817,343,343,19,draft|draft_verify,64.5437240600586,153.87606620788574,0.0,668,13,663,19,0,0,1,1,0
gaokao2023en,bbeam1,step-profile-config2-bbeam1-gaokao2023en-exclusive0817,343,343,20,draft|draft_verify,89.08820152282715,154.12592887878418,0.0,681,20,685,20,0,0,1,1,0
gaokao2023en,bbeam1,step-profile-config2-bbeam1-gaokao2023en-exclusive0817,343,343,21,draft|draft_verify|target|target_rescue_verify,246.72174453735352,14693.8796043396,365.72909355163574,701,59,1487,42,701,54,1,2,1
gaokao2023en,bbeam1,step-profile-config2-bbeam1-gaokao2023en-exclusive0817,343,343,22,draft|draft_verify,69.36430931091309,178.06077003479004,0.0,755,13,756,22,0,0,1,1,0
gaokao2023en,bbeam1,step-profile-config2-bbeam1-gaokao2023en-exclusive0817,343,343,23,draft|draft_verify,99.87616539001465,174.78132247924805,0.0,768,20,778,23,0,0,1,1,0
gaokao2023en,bbeam1,step-profile-config2-bbeam1-gaokao2023en-exclusive0817,343,343,24,draft|draft_verify|target|backtracking_verify,245.38779258728027,357.9444885253906,441.82538986206055,788,53,1666,48,788,53,1,2,1
gaokao2023en,bbeam1,step-profile-config2-bbeam1-gaokao2023en-exclusive0817,343,343,25,draft|draft_verify|target|target_rescue_verify,115.62299728393555,569.2956447601318,534.4741344451904,1682,23,2608,75,841,80,2,3,1
gaokao2023en,bbeam1,step-profile-config2-bbeam1-gaokao2023en-exclusive0817,343,343,26,draft|draft_verify,97.20921516418457,178.5280704498291,0.0,854,20,870,26,0,0,1,1,0
gaokao2023en,bbeam1,step-profile-config2-bbeam1-gaokao2023en-exclusive0817,343,343,27,draft|draft_verify,248.9147186279297,201.85542106628418,0.0,874,53,925,27,0,0,1,1,0
gaokao2023en,bbeam1,step-profile-config2-bbeam1-gaokao2023en-exclusive0817,343,343,28,draft|draft_verify,60.66298484802246,202.22043991088867,0.0,927,13,940,28,0,0,1,1,0
gaokao2023en,bbeam1,step-profile-config2-bbeam1-gaokao2023en-exclusive0817,343,343,29,draft|draft_verify,99.49874877929688,204.12945747375488,0.0,940,20,962,29,0,0,1,1,0
gaokao2023en,bbeam1,step-profile-config2-bbeam1-gaokao2023en-exclusive0817,343,343,30,draft|draft_verify,226.15528106689453,205.46817779541016,0.0,960,47,1011,30,0,0,1,1,0
gaokao2023en,bbeam1,step-profile-config2-bbeam1-gaokao2023en-exclusive0817,343,343,31,draft|draft_verify,82.20887184143066,226.98497772216797,0.0,1007,13,1026,31,0,0,1,1,0
gaokao2023en,bbeam1,step-profile-config2-bbeam1-gaokao2023en-exclusive0817,343,343,32,draft|draft_verify,98.73723983764648,221.03381156921387,0.0,1020,20,1048,32,0,0,1,1,0
gaokao2023en,bbeam1,step-profile-config2-bbeam1-gaokao2023en-exclusive0817,343,343,33,draft|draft_verify,258.6827278137207,225.87180137634277,0.0,1040,54,1104,33,0,0,1,1,0
gaokao2023en,bbeam1,step-profile-config2-bbeam1-gaokao2023en-exclusive0817,343,343,34,draft|draft_verify,75.00052452087402,230.7145595550537,0.0,1094,13,1119,34,0,0,1,1,0
gaokao2023en,bbeam1,step-profile-config2-bbeam1-gaokao2023en-exclusive0817,343,343,35,draft|draft_verify,101.16219520568848,231.72831535339355,0.0,1107,20,1141,35,0,0,1,1,0
gaokao2023en,bbeam1,step-profile-config2-bbeam1-gaokao2023en-exclusive0817,343,343,36,draft|draft_verify,298.97618293762207,258.4807872772217,0.0,1127,54,1197,36,0,0,1,1,0
gaokao2023en,bbeam1,step-profile-config2-bbeam1-gaokao2023en-exclusive0817,343,343,37,draft|draft_verify,80.38473129272461,261.7499828338623,0.0,1181,13,1212,37,0,0,1,1,0
gaokao2023en,bbeam1,step-profile-config2-bbeam1-gaokao2023en-exclusive0817,343,343,38,draft|draft_verify,96.65274620056152,264.56308364868164,0.0,1194,20,1234,38,0,0,1,1,0
gaokao2023en,bbeam1,step-profile-config2-bbeam1-gaokao2023en-exclusive0817,343,343,39,draft|draft_verify,246.64831161499023,272.8707790374756,0.0,1214,53,1289,39,0,0,1,1,0
gaokao2023en,bbeam1,step-profile-config2-bbeam1-gaokao2023en-exclusive0817,343,343,40,draft|draft_verify,66.05672836303711,276.8206596374512,0.0,1267,13,1304,40,0,0,1,1,0
gaokao2023en,bbeam1,step-profile-config2-bbeam1-gaokao2023en-exclusive0817,343,343,41,draft|draft_verify,97.02396392822266,280.2538871765137,0.0,1280,20,1326,41,0,0,1,1,0
gaokao2023en,bbeam1,step-profile-config2-bbeam1-gaokao2023en-exclusive0817,343,343,42,draft|draft_verify,249.23372268676758,282.3007106781006,0.0,1300,53,1381,42,0,0,1,1,0
gaokao2023en,bbeam1,step-profile-config2-bbeam1-gaokao2023en-exclusive0817,343,343,43,draft|draft_verify,65.6895637512207,284.6331596374512,0.0,1353,13,1396,43,0,0,1,1,0
gaokao2023en,bbeam1,step-profile-config2-bbeam1-gaokao2023en-exclusive0817,343,343,44,draft|draft_verify|target|backtracking_verify,100.65221786499023,625.281810760498,164.83664512634277,1366,20,2836,88,1366,20,1,2,1
gaokao2023en,bbeam1,step-profile-config2-bbeam1-gaokao2023en-exclusive0817,343,343,45,draft|draft_verify|target|backtracking_verify,508.44597816467285,953.7973403930664,358.16025733947754,2772,108,4422,135,1386,54,2,3,1
gaokao2023en,bbeam1,step-profile-config2-bbeam1-gaokao2023en-exclusive0817,343,343,46,draft|draft_verify|target|backtracking_verify,212.29124069213867,1588.9973640441895,238.68417739868164,4320,39,7445,230,2880,26,3,5,2
gaokao2023en,bbeam1,step-profile-config2-bbeam1-gaokao2023en-exclusive0817,343,343,47,draft|draft_verify|target|target_rescue_verify,2435.879707336426,3277.301073074341,837.9170894622803,7265,525,15530,470,7265,95,5,10,5
gaokao2023en,bbeam1,step-profile-config2-bbeam1-gaokao2023en-exclusive0817,343,343,48,draft|draft_verify,256.5326690673828,335.8957767486572,0.0,1472,54,1566,48,0,0,1,1,0
gaokao2023en,bbeam1,step-profile-config2-bbeam1-gaokao2023en-exclusive0817,343,343,49,draft|draft_verify,114.64786529541016,339.57529067993164,0.0,1526,23,1591,49,0,0,1,1,0
gaokao2023en,bbeam1,step-profile-config2-bbeam1-gaokao2023en-exclusive0817,343,343,50,draft|draft_verify,283.51449966430664,337.8608226776123,0.0,1549,62,1655,50,0,0,1,1,0
gaokao2023en,bbeam1,step-profile-config2-bbeam1-gaokao2023en-exclusive0817,343,343,51,draft|draft_verify,58.046817779541016,355.7126522064209,0.0,1611,10,1667,51,0,0,1,1,0
gaokao2023en,bbeam1,step-profile-config2-bbeam1-gaokao2023en-exclusive0817,344,344,1,draft|draft_verify,380.9080123901367,55.199623107910156,0.0,123,79,148,1,0,0,1,1,0
gaokao2023en,bbeam1,step-profile-config2-bbeam1-gaokao2023en-exclusive0817,344,344,2,draft|draft_verify|target|target_rescue_verify,487.75506019592285,128.42941284179688,417.0267581939697,202,102,462,4,202,60,1,2,1
gaokao2023en,bbeam1,step-profile-config2-bbeam1-gaokao2023en-exclusive0817,344,344,3,draft|draft_verify|target|target_rescue_verify,1385.2415084838867,217.9257869720459,511.43693923950195,262,309,814,6,262,81,1,2,1
gaokao2023en,bbeam1,step-profile-config2-bbeam1-gaokao2023en-exclusive0817,344,344,4,draft|draft_verify,317.5339698791504,93.71471405029297,0.0,343,67,362,4,0,0,1,1,0
gaokao2023en,bbeam1,step-profile-config2-bbeam1-gaokao2023en-exclusive0817,344,344,5,draft|draft_verify,74.45597648620605,93.68348121643066,0.0,410,14,378,5,0,0,1,1,0
gaokao2023en,bbeam1,step-profile-config2-bbeam1-gaokao2023en-exclusive0817,344,344,6,draft|draft_verify,69.15807723999023,125.59890747070312,0.0,424,14,394,6,0,0,1,1,0
gaokao2023en,bbeam1,step-profile-config2-bbeam1-gaokao2023en-exclusive0817,344,344,7,draft|draft_verify,640.831470489502,129.0304660797119,0.0,438,128,524,7,0,0,1,1,0
gaokao2023en,bbeam1,step-profile-config2-bbeam1-gaokao2023en-exclusive0817,345,345,1,draft|draft_verify,571.7694759368896,59.091806411743164,0.0,122,124,192,1,0,0,1,1,0
gaokao2023en,bbeam1,step-profile-config2-bbeam1-gaokao2023en-exclusive0817,345,345,2,draft|draft_verify,144.15812492370605,61.347007751464844,0.0,246,29,223,2,0,0,1,1,0
gaokao2023en,bbeam1,step-profile-config2-bbeam1-gaokao2023en-exclusive0817,345,345,3,draft|draft_verify|target|backtracking_verify,278.1217098236084,156.90112113952637,513.463020324707,275,56,587,6,275,81,1,2,1
gaokao2023en,bbeam1,step-profile-config2-bbeam1-gaokao2023en-exclusive0817,345,345,4,draft|draft_verify|target|target_rescue_verify|backtracking_verify,722.1322059631348,437.9160404205322,825.5658149719238,687,157,1461,16,687,122,2,4,2
gaokao2023en,bbeam1,step-profile-config2-bbeam1-gaokao2023en-exclusive0817,345,345,5,draft|draft_verify|target|target_rescue_verify,249.12261962890625,351.9618511199951,67.13008880615234,824,51,1132,15,392,3,2,3,1
gaokao2023en,bbeam1,step-profile-config2-bbeam1-gaokao2023en-exclusive0817,345,345,6,draft|draft_verify|target|target_rescue_verify,506.3929557800293,381.79659843444824,562.2670650482178,832,108,1279,18,395,76,2,3,1
gaokao2023en,bbeam1,step-profile-config2-bbeam1-gaokao2023en-exclusive0817,345,345,7,draft|draft_verify|target|target_rescue_verify,300.6010055541992,403.31506729125977,247.80964851379395,971,67,1417,21,471,34,2,3,1
gaokao2023en,bbeam1,step-profile-config2-bbeam1-gaokao2023en-exclusive0817,345,345,8,draft|draft_verify,249.97735023498535,132.1866512298584,0.0,536,57,553,8,0,0,1,1,0
gaokao2023en,bbeam1,step-profile-config2-bbeam1-gaokao2023en-exclusive0817,345,345,9,draft|draft_verify|target|target_rescue_verify,393.6004638671875,281.71730041503906,80.33585548400879,593,88,1204,18,593,6,1,2,1
gaokao2023en,bbeam1,step-profile-config2-bbeam1-gaokao2023en-exclusive0817,345,345,10,draft|draft_verify,265.9273147583008,132.7049732208252,0.0,599,57,620,10,0,0,1,1,0
gaokao2023en,bbeam1,step-profile-config2-bbeam1-gaokao2023en-exclusive0817,345,345,11,draft|draft_verify|target|target_rescue_verify,22275.779247283936,424.49331283569336,358.63733291625977,656,63,1355,22,656,48,1,2,1
gaokao2023en,bbeam1,step-profile-config2-bbeam1-gaokao2023en-exclusive0817,345,345,12,draft|draft_verify|target|target_rescue_verify,386.5165710449219,309.16333198547363,283.9188575744629,704,63,1449,24,704,42,1,2,1
gaokao2023en,bbeam1,step-profile-config2-bbeam1-gaokao2023en-exclusive0817,345,345,13,draft|draft_verify,226.1483669281006,155.77077865600586,0.0,746,48,764,13,0,0,1,1,0
gaokao2023en,bbeam1,step-profile-config2-bbeam1-gaokao2023en-exclusive0817,345,345,14,draft|draft_verify,186.6469383239746,174.7891902923584,0.0,794,39,805,14,0,0,1,1,0
gaokao2023en,bbeam1,step-profile-config2-bbeam1-gaokao2023en-exclusive0817,345,345,15,draft|draft_verify|target|backtracking_verify,144.94705200195312,354.2654514312744,228.4557819366455,833,34,1682,30,833,34,1,2,1
gaokao2023en,bbeam1,step-profile-config2-bbeam1-gaokao2023en-exclusive0817,345,345,16,draft|draft_verify|target|backtracking_verify,317.4090385437012,717.897891998291,431.29968643188477,1734,62,3496,64,1734,62,2,4,2
gaokao2023en,bbeam1,step-profile-config2-bbeam1-gaokao2023en-exclusive0817,345,345,17,draft|draft_verify|target|target_rescue_verify,2055.3195476531982,1666.8386459350586,992.5932884216309,3592,444,7590,136,3592,138,4,8,4
gaokao2023en,bbeam1,step-profile-config2-bbeam1-gaokao2023en-exclusive0817,345,345,18,draft|draft_verify,127.91180610656738,201.36308670043945,0.0,929,31,940,18,0,0,1,1,0
gaokao2023en,bbeam1,step-profile-config2-bbeam1-gaokao2023en-exclusive0817,345,345,19,draft|draft_verify,123.55542182922363,201.19380950927734,0.0,960,28,970,19,0,0,1,1,0
gaokao2023en,bbeam1,step-profile-config2-bbeam1-gaokao2023en-exclusive0817,345,345,20,draft|draft_verify,263.1387710571289,226.47976875305176,0.0,988,62,1034,20,0,0,1,1,0
gaokao2023en,bbeam1,step-profile-config2-bbeam1-gaokao2023en-exclusive0817,345,345,21,draft|draft_verify,128.10873985290527,228.36732864379883,0.0,1050,29,1065,21,0,0,1,1,0
gaokao2023en,bbeam1,step-profile-config2-bbeam1-gaokao2023en-exclusive0817,345,345,22,draft|draft_verify,171.67949676513672,230.03578186035156,0.0,1079,41,1108,22,0,0,1,1,0
gaokao2023en,bbeam1,step-profile-config2-bbeam1-gaokao2023en-exclusive0817,345,345,23,draft|draft_verify,125.091552734375,230.84783554077148,0.0,1120,29,1139,23,0,0,1,1,0
gaokao2023en,bbeam1,step-profile-config2-bbeam1-gaokao2023en-exclusive0817,345,345,24,draft|draft_verify,153.8393497467041,249.0861415863037,0.0,1149,35,1176,24,0,0,1,1,0
gaokao2023en,bbeam1,step-profile-config2-bbeam1-gaokao2023en-exclusive0817,345,345,25,draft|draft_verify,140.61498641967773,256.6821575164795,0.0,1184,29,1207,25,0,0,1,1,0
gaokao2023en,bbeam1,step-profile-config2-bbeam1-gaokao2023en-exclusive0817,345,345,26,draft|draft_verify,145.8117961883545,258.8932514190674,0.0,1213,35,1244,26,0,0,1,1,0
gaokao2023en,bbeam1,step-profile-config2-bbeam1-gaokao2023en-exclusive0817,345,345,27,draft|draft_verify,140.8674716949463,257.97343254089355,0.0,1248,29,1275,27,0,0,1,1,0
gaokao2023en,bbeam1,step-profile-config2-bbeam1-gaokao2023en-exclusive0817,345,345,28,draft|draft_verify,173.44164848327637,275.63953399658203,0.0,1277,35,1312,28,0,0,1,1,0
gaokao2023en,bbeam1,step-profile-config2-bbeam1-gaokao2023en-exclusive0817,345,345,29,draft|draft_verify,144.61541175842285,277.8024673461914,0.0,1312,29,1343,29,0,0,1,1,0
gaokao2023en,bbeam1,step-profile-config2-bbeam1-gaokao2023en-exclusive0817,345,345,30,draft|draft_verify,164.23940658569336,280.9317111968994,0.0,1341,35,1380,30,0,0,1,1,0
gaokao2023en,bbeam1,step-profile-config2-bbeam1-gaokao2023en-exclusive0817,345,345,31,draft|draft_verify,147.4621295928955,309.6790313720703,0.0,1376,31,1413,31,0,0,1,1,0
gaokao2023en,bbeam1,step-profile-config2-bbeam1-gaokao2023en-exclusive0817,345,345,32,draft|draft_verify,160.35151481628418,308.5751533508301,0.0,1407,35,1450,32,0,0,1,1,0
gaokao2023en,bbeam1,step-profile-config2-bbeam1-gaokao2023en-exclusive0817,345,345,33,draft|draft_verify,147.88460731506348,313.9767646789551,0.0,1442,31,1483,33,0,0,1,1,0
gaokao2023en,bbeam1,step-profile-config2-bbeam1-gaokao2023en-exclusive0817,345,345,34,draft|draft_verify,165.2052402496338,313.1413459777832,0.0,1473,35,1520,34,0,0,1,1,0
gaokao2023en,bbeam1,step-profile-config2-bbeam1-gaokao2023en-exclusive0817,345,345,35,draft|draft_verify,145.90954780578613,332.93771743774414,0.0,1508,31,1553,35,0,0,1,1,0
gaokao2023en,bbeam1,step-profile-config2-bbeam1-gaokao2023en-exclusive0817,345,345,36,draft|draft_verify,163.09833526611328,331.0129642486572,0.0,1539,35,1590,36,0,0,1,1,0
gaokao2023en,bbeam1,step-profile-config2-bbeam1-gaokao2023en-exclusive0817,345,345,37,draft|draft_verify,145.88284492492676,335.7579708099365,0.0,1574,31,1623,37,0,0,1,1,0
gaokao2023en,bbeam1,step-profile-config2-bbeam1-gaokao2023en-exclusive0817,345,345,38,draft|draft_verify,163.39421272277832,330.594539642334,0.0,1605,36,1661,38,0,0,1,1,0
gaokao2023en,bbeam1,step-profile-config2-bbeam1-gaokao2023en-exclusive0817,345,345,39,draft|draft_verify,151.96657180786133,351.95350646972656,0.0,1641,32,1695,39,0,0,1,1,0
gaokao2023en,bbeam1,step-profile-config2-bbeam1-gaokao2023en-exclusive0817,345,345,40,draft|draft_verify,168.00761222839355,364.44592475891113,0.0,1673,36,1733,40,0,0,1,1,0
gaokao2023en,bbeam1,step-profile-config2-bbeam1-gaokao2023en-exclusive0817,345,345,41,draft|draft_verify,154.0994644165039,365.7820224761963,0.0,1709,32,1767,41,0,0,1,1,0
gaokao2023en,bbeam1,step-profile-config2-bbeam1-gaokao2023en-exclusive0817,345,345,42,draft|draft_verify,172.5609302520752,391.1595344543457,0.0,1741,36,1805,42,0,0,1,1,0
gaokao2023en,bbeam1,step-profile-config2-bbeam1-gaokao2023en-exclusive0817,345,345,43,draft|draft_verify,154.24275398254395,392.0257091522217,0.0,1777,32,1839,43,0,0,1,1,0
gaokao2023en,bbeam1,step-profile-config2-bbeam1-gaokao2023en-exclusive0817,345,345,44,draft|draft_verify,154.56056594848633,397.568941116333,0.0,1809,36,1877,44,0,0,1,1,0
gaokao2023en,bbeam1,step-profile-config2-bbeam1-gaokao2023en-exclusive0817,345,345,45,draft|draft_verify,128.33333015441895,399.2581367492676,0.0,1845,32,1911,45,0,0,1,1,0
gaokao2023en,bbeam1,step-profile-config2-bbeam1-gaokao2023en-exclusive0817,345,345,46,draft|draft_verify,168.11275482177734,409.1970920562744,0.0,1877,36,1949,46,0,0,1,1,0
gaokao2023en,bbeam1,step-profile-config2-bbeam1-gaokao2023en-exclusive0817,345,345,47,draft|draft_verify,153.84483337402344,409.9459648132324,0.0,1913,32,1983,47,0,0,1,1,0
gaokao2023en,bbeam1,step-profile-config2-bbeam1-gaokao2023en-exclusive0817,345,345,48,draft|draft_verify,220.77679634094238,411.37099266052246,0.0,1945,36,2021,48,0,0,1,1,0
gaokao2023en,bbeam1,step-profile-config2-bbeam1-gaokao2023en-exclusive0817,345,345,49,draft|draft_verify,155.5631160736084,441.39862060546875,0.0,1981,32,2055,49,0,0,1,1,0
gaokao2023en,bbeam1,step-profile-config2-bbeam1-gaokao2023en-exclusive0817,345,345,50,draft|draft_verify,180.60803413391113,442.3501491546631,0.0,2013,36,2093,50,0,0,1,1,0
gaokao2023en,bbeam1,step-profile-config2-bbeam1-gaokao2023en-exclusive0817,346,346,1,draft|draft_verify,241.0273551940918,30.997753143310547,0.0,91,50,87,1,0,0,1,1,0
gaokao2023en,bbeam1,step-profile-config2-bbeam1-gaokao2023en-exclusive0817,346,346,2,draft|draft_verify|target|target_rescue_verify,351.6576290130615,86.1818790435791,274.57642555236816,141,77,290,4,141,35,1,2,1
gaokao2023en,bbeam1,step-profile-config2-bbeam1-gaokao2023en-exclusive0817,346,346,3,draft|draft_verify,76.07698440551758,56.757211685180664,0.0,176,16,142,3,0,0,1,1,0
gaokao2023en,bbeam1,step-profile-config2-bbeam1-gaokao2023en-exclusive0817,346,346,4,draft|draft_verify,305.3722381591797,68.98713111877441,0.0,192,68,212,4,0,0,1,1,0
gaokao2023en,bbeam1,step-profile-config2-bbeam1-gaokao2023en-exclusive0817,346,346,5,draft|draft_verify,122.21145629882812,68.30787658691406,0.0,260,26,240,5,0,0,1,1,0
gaokao2023en,bbeam1,step-profile-config2-bbeam1-gaokao2023en-exclusive0817,346,346,6,draft|draft_verify,275.1462459564209,87.9218578338623,0.0,286,60,302,6,0,0,1,1,0
gaokao2023en,bbeam1,step-profile-config2-bbeam1-gaokao2023en-exclusive0817,346,346,7,draft|draft_verify|target|backtracking_verify,29.94513511657715,168.26438903808594,92.54717826843262,346,6,622,14,346,8,1,2,1
gaokao2023en,bbeam1,step-profile-config2-bbeam1-gaokao2023en-exclusive0817,346,346,8,draft|draft_verify|target|backtracking_verify,827.4924755096436,381.2997341156006,575.9727954864502,706,186,1217,24,352,93,2,3,1
gaokao2023en,bbeam1,step-profile-config2-bbeam1-gaokao2023en-exclusive0817,346,346,9,draft|draft_verify|target|backtracking_verify,108.80255699157715,761.8396282196045,267.2555446624756,1337,21,2488,54,1337,21,3,6,3
gaokao2023en,bbeam1,step-profile-config2-bbeam1-gaokao2023en-exclusive0817,346,346,10,draft|draft_verify|target|target_rescue_verify,2058.1812858581543,1711.5318775177002,3029.2460918426514,2716,438,5910,120,2716,472,6,12,6
gaokao2023en,bbeam1,step-profile-config2-bbeam1-gaokao2023en-exclusive0817,346,346,11,draft|draft_verify,25.46095848083496,138.51189613342285,0.0,528,5,499,11,0,0,1,1,0
gaokao2023en,bbeam1,step-profile-config2-bbeam1-gaokao2023en-exclusive0817,346,346,12,draft|draft_verify,151.52478218078613,129.55832481384277,0.0,533,35,536,12,0,0,1,1,0
gaokao2023en,bbeam1,step-profile-config2-bbeam1-gaokao2023en-exclusive0817,346,346,13,draft|draft_verify,49.8967170715332,129.00090217590332,0.0,568,9,547,13,0,0,1,1,0
gaokao2023en,bbeam1,step-profile-config2-bbeam1-gaokao2023en-exclusive0817,346,346,14,draft|draft_verify,258.61072540283203,132.7667236328125,0.0,577,38,587,14,0,0,1,1,0
gaokao2023en,bbeam1,step-profile-config2-bbeam1-gaokao2023en-exclusive0817,346,346,15,draft|draft_verify,53.28869819641113,132.401704788208,0.0,615,8,597,15,0,0,1,1,0
gaokao2023en,bbeam1,step-profile-config2-bbeam1-gaokao2023en-exclusive0817,346,346,16,draft|draft_verify,20510.085582733154,169.7711944580078,0.0,623,38,637,16,0,0,1,1,0
gaokao2023en,bbeam1,step-profile-config2-bbeam1-gaokao2023en-exclusive0817,346,346,17,draft|draft_verify,194.45466995239258,153.76520156860352,0.0,661,34,673,17,0,0,1,1,0
gaokao2023en,bbeam1,step-profile-config2-bbeam1-gaokao2023en-exclusive0817,346,346,18,draft|draft_verify,34.73973274230957,151.46183967590332,0.0,695,7,682,18,0,0,1,1,0
gaokao2023en,bbeam1,step-profile-config2-bbeam1-gaokao2023en-exclusive0817,346,346,19,draft|draft_verify|target|target_rescue_verify,163.44690322875977,306.7793846130371,274.7361660003662,702,35,1432,38,702,29,1,2,1
gaokao2023en,bbeam1,step-profile-config2-bbeam1-gaokao2023en-exclusive0817,346,346,20,draft|draft_verify,40.39597511291504,153.2423496246338,0.0,731,8,723,20,0,0,1,1,0
gaokao2023en,bbeam1,step-profile-config2-bbeam1-gaokao2023en-exclusive0817,346,346,21,draft|draft_verify,196.57611846923828,153.83672714233398,0.0,739,42,766,21,0,0,1,1,0
gaokao2023en,bbeam1,step-profile-config2-bbeam1-gaokao2023en-exclusive0817,346,346,22,draft|draft_verify,140.2599811553955,174.84378814697266,0.0,781,30,798,22,0,0,1,1,0
gaokao2023en,bbeam1,step-profile-config2-bbeam1-gaokao2023en-exclusive0817,346,346,23,draft|draft_verify,105.9579849243164,174.72267150878906,0.0,811,22,822,23,0,0,1,1,0
gaokao2023en,bbeam1,step-profile-config2-bbeam1-gaokao2023en-exclusive0817,346,346,24,draft|draft_verify,46.47994041442871,175.5664348602295,0.0,833,10,834,24,0,0,1,1,0
gaokao2023en,bbeam1,step-profile-config2-bbeam1-gaokao2023en-exclusive0817,346,346,25,draft|draft_verify,85.53743362426758,183.2602024078369,0.0,843,20,856,25,0,0,1,1,0
gaokao2023en,bbeam1,step-profile-config2-bbeam1-gaokao2023en-exclusive0817,346,346,26,draft|draft_verify,304.1656017303467,200.3498077392578,0.0,863,67,925,26,0,0,1,1,0
gaokao2023en,bbeam1,step-profile-config2-bbeam1-gaokao2023en-exclusive0817,346,346,27,draft|draft_verify,413.9389991760254,204.04553413391113,0.0,930,95,1022,27,0,0,1,1,0
gaokao2023en,bbeam1,step-profile-config2-bbeam1-gaokao2023en-exclusive0817,346,346,28,draft|draft_verify,30.416250228881836,224.67684745788574,0.0,1025,6,1030,28,0,0,1,1,0
gaokao2023en,bbeam1,step-profile-config2-bbeam1-gaokao2023en-exclusive0817,346,346,29,draft|draft_verify,195.75834274291992,228.1959056854248,0.0,1031,46,1078,29,0,0,1,1,0
gaokao2023en,bbeam1,step-profile-config2-bbeam1-gaokao2023en-exclusive0817,346,346,30,draft|draft_verify|target|target_rescue_verify,128.7691593170166,486.5450859069824,486.82308197021484,1077,27,2260,60,1077,73,1,2,1
gaokao2023en,bbeam1,step-profile-config2-bbeam1-gaokao2023en-exclusive0817,346,346,31,draft|draft_verify|target|target_rescue_verify,259.1698169708252,515.2585506439209,313.4438991546631,1150,63,2420,62,1150,47,1,2,1
gaokao2023en,bbeam1,step-profile-config2-bbeam1-gaokao2023en-exclusive0817,346,346,32,draft|draft_verify,27.872562408447266,256.7451000213623,0.0,1197,5,1209,32,0,0,1,1,0
gaokao2023en,bbeam1,step-profile-config2-bbeam1-gaokao2023en-exclusive0817,346,346,33,draft|draft_verify,54.213762283325195,258.99696350097656,0.0,1202,10,1221,33,0,0,1,1,0
gaokao2023en,bbeam1,step-profile-config2-bbeam1-gaokao2023en-exclusive0817,347,347,1,draft|draft_verify|target|target_rescue_verify,439.2271041870117,139.75191116333008,863.806962966919,205,100,543,2,205,141,1,2,1
gaokao2023en,bbeam1,step-profile-config2-bbeam1-gaokao2023en-exclusive0817,347,347,2,draft|draft_verify|target|backtracking_verify,356.3692569732666,197.9506015777588,519.7896957397461,346,80,751,4,346,83,1,2,1
gaokao2023en,bbeam1,step-profile-config2-bbeam1-gaokao2023en-exclusive0817,347,347,3,draft|draft_verify|target|backtracking_verify|target_rescue_verify,9581.443548202515,915.2672290802002,1448.1275081634521,855,2107,3850,12,855,234,2,4,2
gaokao2023en,bbeam1,step-profile-config2-bbeam1-gaokao2023en-exclusive0817,347,347,4,draft|draft_verify|target|target_rescue_verify,1276.9300937652588,419.21281814575195,947.8061199188232,1042,287,1829,12,484,160,2,3,1
gaokao2023en,bbeam1,step-profile-config2-bbeam1-gaokao2023en-exclusive0817,347,347,5,draft|draft_verify|target|target_rescue_verify,9473.063230514526,901.2997150421143,1044.5294380187988,1364,2120,4165,15,644,176,2,3,1
gaokao2023en,bbeam1,step-profile-config2-bbeam1-gaokao2023en-exclusive0817,348,348,1,draft|draft_verify,752.2687911987305,78.03750038146973,0.0,206,166,318,1,0,0,1,1,0
gaokao2023en,bbeam1,step-profile-config2-bbeam1-gaokao2023en-exclusive0817,348,348,2,draft|draft_verify|target|target_rescue_verify,2573.7016201019287,338.9005661010742,865.7841682434082,372,589,1370,4,372,141,1,2,1
gaokao2023en,bbeam1,step-profile-config2-bbeam1-gaokao2023en-exclusive0817,348,348,3,draft|draft_verify|target|target_rescue_verify,660.9961986541748,257.627010345459,461.87758445739746,513,108,1106,6,513,72,1,2,1
gaokao2023en,bbeam1,step-profile-config2-bbeam1-gaokao2023en-exclusive0817,348,348,4,draft|draft_verify,637.0201110839844,154.97756004333496,0.0,585,136,673,4,0,0,1,1,0
gaokao2023en,bbeam1,step-profile-config2-bbeam1-gaokao2023en-exclusive0817,348,348,5,draft|draft_verify|target|backtracking_verify,518.829345703125,328.366756439209,259.03940200805664,721,106,1494,10,721,38,1,2,1
gaokao2023en,bbeam1,step-profile-config2-bbeam1-gaokao2023en-exclusive0817,348,348,6,draft|draft_verify|target|backtracking_verify,848.029613494873,431.6060543060303,1563.4465217590332,827,192,2028,12,827,270,1,2,1
gaokao2023en,bbeam1,step-profile-config2-bbeam1-gaokao2023en-exclusive0817,348,348,7,draft|draft_verify|target|backtracking_verify,1044.7092056274414,999.6528625488281,1877.929925918579,2116,238,4606,28,2116,304,2,4,2
gaokao2023en,bbeam1,step-profile-config2-bbeam1-gaokao2023en-exclusive0817,348,348,8,draft|draft_verify|target|target_rescue_verify,899.3980884552002,1549.7918128967285,1769.4871425628662,3561,200,7361,48,3561,279,3,6,3
gaokao2023en,bbeam1,step-profile-config2-bbeam1-gaokao2023en-exclusive0817,348,348,9,draft|draft_verify|target|target_rescue_verify,281.97526931762695,770.6854343414307,297.454833984375,2542,49,3771,27,1251,43,2,3,1
gaokao2023en,bbeam1,step-profile-config2-bbeam1-gaokao2023en-exclusive0817,349,349,1,draft|draft_verify,244.12178993225098,31.076669692993164,0.0,106,54,106,1,0,0,1,1,0
gaokao2023en,bbeam1,step-profile-config2-bbeam1-gaokao2023en-exclusive0817,349,349,2,draft|draft_verify|target|backtracking_verify,882.5540542602539,135.8470916748047,264.30511474609375,160,196,451,4,160,39,1,2,1
gaokao2023en,bbeam1,step-profile-config2-bbeam1-gaokao2023en-exclusive0817,349,349,3,draft|draft_verify|target|target_rescue_verify,999.5229244232178,298.2451915740967,405.22289276123047,555,196,1017,9,356,60,2,3,1
gaokao2023en,bbeam1,step-profile-config2-bbeam1-gaokao2023en-exclusive0817,349,349,4,draft|draft_verify|target|target_rescue_verify,408.4210395812988,321.4836120605469,581.2251567840576,663,90,1107,12,416,82,2,3,1
gaokao2023en,bbeam1,step-profile-config2-bbeam1-gaokao2023en-exclusive0817,349,349,5,draft|draft_verify|target|target_rescue_verify|backtracking_verify,879.1608810424805,443.0973529815674,1291.6169166564941,778,170,1753,20,778,211,2,4,2
gaokao2023en,bbeam1,step-profile-config2-bbeam1-gaokao2023en-exclusive0817,349,349,6,draft|draft_verify|target|backtracking_verify|target_rescue_verify,889.272928237915,410.14909744262695,562.9763603210449,715,201,1533,24,715,78,2,4,2
gaokao2023en,bbeam1,step-profile-config2-bbeam1-gaokao2023en-exclusive0817,349,349,7,draft|draft_verify|target|target_rescue_verify,781.3029289245605,639.9950981140137,1196.3839530944824,1219,172,2215,35,844,190,3,5,2
gaokao2023en,bbeam1,step-profile-config2-bbeam1-gaokao2023en-exclusive0817,349,349,8,draft|draft_verify,211.06529235839844,127.3956298828125,0.0,441,50,451,8,0,0,1,1,0
gaokao2023en,bbeam1,step-profile-config2-bbeam1-gaokao2023en-exclusive0817,349,349,9,draft|draft_verify,135.26463508605957,146.1954116821289,0.0,491,29,482,9,0,0,1,1,0
gaokao2023en,bbeam1,step-profile-config2-bbeam1-gaokao2023en-exclusive0817,349,349,10,draft|draft_verify,92.0863151550293,138.24033737182617,0.0,520,21,505,10,0,0,1,1,0
gaokao2023en,bbeam1,step-profile-config2-bbeam1-gaokao2023en-exclusive0817,349,349,11,draft|draft_verify|target|target_rescue_verify,255.87701797485352,257.12013244628906,350.2974510192871,541,62,1127,22,541,51,1,2,1
gaokao2023en,bbeam1,step-profile-config2-bbeam1-gaokao2023en-exclusive0817,349,349,12,draft|draft_verify|target|target_rescue_verify,247.6799488067627,267.0280933380127,219.36726570129395,592,51,1199,24,592,28,1,2,1
gaokao2023en,bbeam1,step-profile-config2-bbeam1-gaokao2023en-exclusive0817,349,349,13,draft|draft_verify,150.1007080078125,134.6578598022461,0.0,620,31,621,13,0,0,1,1,0
gaokao2023en,bbeam1,step-profile-config2-bbeam1-gaokao2023en-exclusive0817,350,350,1,draft|draft_verify|target|backtracking_verify,371.9503879547119,103.06763648986816,428.33542823791504,121,67,267,2,121,66,1,2,1
gaokao2023en,bbeam1,step-profile-config2-bbeam1-gaokao2023en-exclusive0817,350,350,2,draft|draft_verify|target|target_rescue_verify|backtracking_verify,740.8120632171631,265.6073570251465,1329.6153545379639,375,156,916,8,375,218,2,4,2
gaokao2023en,bbeam1,step-profile-config2-bbeam1-gaokao2023en-exclusive0817,350,350,3,draft|draft_verify|target|target_rescue_verify,1208.1875801086426,588.3595943450928,1923.2590198516846,865,262,2000,18,865,308,3,6,3
gaokao2023en,bbeam1,step-profile-config2-bbeam1-gaokao2023en-exclusive0817,350,350,4,draft|draft_verify|target|target_rescue_verify,689.2297267913818,456.79259300231934,670.4490184783936,821,149,1691,16,821,92,2,4,2
gaokao2023en,bbeam1,step-profile-config2-bbeam1-gaokao2023en-exclusive0817,350,350,5,draft|draft_verify|target|target_rescue_verify,739.9420738220215,288.24377059936523,1256.260633468628,482,162,1247,10,482,213,1,2,1
gaokao2023en,bbeam1,step-profile-config2-bbeam1-gaokao2023en-exclusive0817,350,350,6,draft|draft_verify,160.11977195739746,153.76996994018555,0.0,695,33,684,6,0,0,1,1,0
gaokao2023en,bbeam1,step-profile-config2-bbeam1-gaokao2023en-exclusive0817,350,350,7,draft|draft_verify,323.75431060791016,155.18832206726074,0.0,728,68,754,7,0,0,1,1,0
gaokao2023en,bbeam1,step-profile-config2-bbeam1-gaokao2023en-exclusive0817,351,351,1,draft|draft_verify,150.42471885681152,36.33379936218262,0.0,127,34,107,1,0,0,1,1,0
gaokao2023en,bbeam1,step-profile-config2-bbeam1-gaokao2023en-exclusive0817,351,351,2,draft|draft_verify,448.23551177978516,61.121463775634766,0.0,161,99,208,2,0,0,1,1,0
gaokao2023en,bbeam1,step-profile-config2-bbeam1-gaokao2023en-exclusive0817,351,351,3,draft|draft_verify|target|target_rescue_verify,511.3551616668701,183.2277774810791,862.673282623291,260,110,674,6,260,144,1,2,1
gaokao2023en,bbeam1,step-profile-config2-bbeam1-gaokao2023en-exclusive0817,351,351,4,draft|draft_verify,355.4646968841553,142.59576797485352,0.0,404,84,440,4,0,0,1,1,0
gaokao2023en,bbeam1,step-profile-config2-bbeam1-gaokao2023en-exclusive0817,351,351,5,draft|draft_verify,1165.3790473937988,154.84213829040527,0.0,488,264,706,5,0,0,1,1,0
gaokao2023en,bbeam1,step-profile-config2-bbeam1-gaokao2023en-exclusive0817,351,351,6,draft|draft_verify,173.43688011169434,155.2424430847168,0.0,752,41,749,6,0,0,1,1,0
gaokao2023en,bbeam1,step-profile-config2-bbeam1-gaokao2023en-exclusive0817,351,351,7,draft|draft_verify,379.5514106750488,175.49991607666016,0.0,793,79,830,7,0,0,1,1,0
gaokao2023en,bbeam1,step-profile-config2-bbeam1-gaokao2023en-exclusive0817,351,351,8,draft|draft_verify,444.89336013793945,201.41029357910156,0.0,872,93,925,8,0,0,1,1,0
gaokao2023en,bbeam1,step-profile-config2-bbeam1-gaokao2023en-exclusive0817,351,351,9,draft|draft_verify,158.16164016723633,201.4787197113037,0.0,965,32,959,9,0,0,1,1,0
gaokao2023en,bbeam1,step-profile-config2-bbeam1-gaokao2023en-exclusive0817,352,352,1,draft|draft_verify|target|backtracking_verify,352.327823638916,67.15083122253418,255.22732734680176,88,78,183,2,88,37,1,2,1
gaokao2023en,bbeam1,step-profile-config2-bbeam1-gaokao2023en-exclusive0817,352,352,2,draft|draft_verify|target|backtracking_verify,350.75879096984863,150.94661712646484,326.2903690338135,291,69,419,6,166,49,2,3,1
gaokao2023en,bbeam1,step-profile-config2-bbeam1-gaokao2023en-exclusive0817,352,352,3,draft|draft_verify|target|target_rescue_verify,1453.7456035614014,465.0440216064453,1775.3889560699463,575,323,1454,18,575,281,3,6,3
gaokao2023en,bbeam1,step-profile-config2-bbeam1-gaokao2023en-exclusive0817,352,352,4,draft|draft_verify,834.5522880554199,88.20486068725586,0.0,184,179,315,4,0,0,1,1,0
gaokao2023en,bbeam1,step-profile-config2-bbeam1-gaokao2023en-exclusive0817,352,352,5,draft|draft_verify,492.97189712524414,143.01776885986328,0.0,363,109,426,5,0,0,1,1,0
gaokao2023en,bbeam1,step-profile-config2-bbeam1-gaokao2023en-exclusive0817,352,352,6,draft|draft_verify|target|target_rescue_verify,793.9529418945312,280.14159202575684,564.6805763244629,472,177,1107,12,472,74,1,2,1
gaokao2023en,bbeam1,step-profile-config2-bbeam1-gaokao2023en-exclusive0817,352,352,7,draft|draft_verify|target|target_rescue_verify,3775.6447792053223,499.1564750671387,2630.401372909546,546,777,2229,14,546,444,1,2,1
gaokao2023en,bbeam1,step-profile-config2-bbeam1-gaokao2023en-exclusive0817,352,352,8,draft|draft_verify,536.6067886352539,228.0893325805664,0.0,990,113,1063,8,0,0,1,1,0
gaokao2023en,bbeam1,step-profile-config2-bbeam1-gaokao2023en-exclusive0817,352,352,9,draft|draft_verify,776.0312557220459,257.63916969299316,0.0,1103,153,1218,9,0,0,1,1,0
gaokao2023en,bbeam1,step-profile-config2-bbeam1-gaokao2023en-exclusive0817,352,352,10,draft|draft_verify,141.92628860473633,251.64794921875,0.0,1256,28,1248,10,0,0,1,1,0
gaokao2023en,bbeam1,step-profile-config2-bbeam1-gaokao2023en-exclusive0817,353,353,1,draft|draft_verify,232.49053955078125,30.99203109741211,0.0,126,50,122,1,0,0,1,1,0
gaokao2023en,bbeam1,step-profile-config2-bbeam1-gaokao2023en-exclusive0817,353,353,2,draft|draft_verify|target|target_rescue_verify,714.7338390350342,128.94725799560547,174.79991912841797,176,157,426,4,176,21,1,2,1
gaokao2023en,bbeam1,step-profile-config2-bbeam1-gaokao2023en-exclusive0817,353,353,3,draft|draft_verify|target|target_rescue_verify,226.52411460876465,126.16801261901855,219.9532985687256,197,50,375,6,197,31,1,2,1
gaokao2023en,bbeam1,step-profile-config2-bbeam1-gaokao2023en-exclusive0817,353,353,4,draft|draft_verify|target|target_rescue_verify,139.13273811340332,135.71691513061523,217.64850616455078,228,31,419,8,228,28,1,2,1
gaokao2023en,bbeam1,step-profile-config2-bbeam1-gaokao2023en-exclusive0817,353,353,5,draft|draft_verify|target|target_rescue_verify,101.24754905700684,8588.862419128418,171.94437980651855,256,21,464,10,256,23,1,2,1
gaokao2023en,bbeam1,step-profile-config2-bbeam1-gaokao2023en-exclusive0817,353,353,6,draft|draft_verify,213.70291709899902,88.61517906188965,0.0,279,43,278,6,0,0,1,1,0
gaokao2023en,bbeam1,step-profile-config2-bbeam1-gaokao2023en-exclusive0817,353,353,7,draft|draft_verify,190.5829906463623,92.22745895385742,0.0,322,39,319,7,0,0,1,1,0
gaokao2023en,bbeam1,step-profile-config2-bbeam1-gaokao2023en-exclusive0817,353,353,8,draft|draft_verify|target|target_rescue_verify,236.56582832336426,192.90637969970703,261.00945472717285,361,49,724,16,361,33,1,2,1
gaokao2023en,bbeam1,step-profile-config2-bbeam1-gaokao2023en-exclusive0817,353,353,9,draft|draft_verify,201.92265510559082,124.76420402526855,0.0,394,43,399,9,0,0,1,1,0
gaokao2023en,bbeam1,step-profile-config2-bbeam1-gaokao2023en-exclusive0817,353,353,10,draft|draft_verify,228.31106185913086,125.84280967712402,0.0,437,49,450,10,0,0,1,1,0
gaokao2023en,bbeam1,step-profile-config2-bbeam1-gaokao2023en-exclusive0817,353,353,11,draft|draft_verify,144.26875114440918,143.8271999359131,0.0,486,31,483,11,0,0,1,1,0
gaokao2023en,bbeam1,step-profile-config2-bbeam1-gaokao2023en-exclusive0817,353,353,12,draft|draft_verify|target|target_rescue_verify,94.5432186126709,265.40350914001465,218.32561492919922,517,20,1019,24,517,29,1,2,1
gaokao2023en,bbeam1,step-profile-config2-bbeam1-gaokao2023en-exclusive0817,353,353,13,draft|draft_verify,152.21881866455078,128.4322738647461,0.0,546,32,548,13,0,0,1,1,0
gaokao2023en,bbeam1,step-profile-config2-bbeam1-gaokao2023en-exclusive0817,353,353,14,draft|draft_verify|target|target_rescue_verify,109.1315746307373,255.19847869873047,106.69517517089844,578,23,1133,28,578,10,1,2,1
gaokao2023en,bbeam1,step-profile-config2-bbeam1-gaokao2023en-exclusive0817,353,353,15,draft|draft_verify|target|target_rescue_verify,205.71446418762207,262.9539966583252,351.46546363830566,588,44,1221,30,588,53,1,2,1
gaokao2023en,bbeam1,step-profile-config2-bbeam1-gaokao2023en-exclusive0817,353,353,16,draft|draft_verify,106.01401329040527,134.48739051818848,0.0,641,22,639,16,0,0,1,1,0
gaokao2023en,bbeam1,step-profile-config2-bbeam1-gaokao2023en-exclusive0817,353,353,17,draft|draft_verify|target|backtracking_verify,134.16242599487305,311.8109703063965,552.1712303161621,663,27,1398,34,663,89,1,2,1
gaokao2023en,bbeam1,step-profile-config2-bbeam1-gaokao2023en-exclusive0817,353,353,18,draft|draft_verify|target|target_rescue_verify,461.21907234191895,660.4042053222656,437.38651275634766,1442,95,2959,72,1442,60,2,4,2
gaokao2023en,bbeam1,step-profile-config2-bbeam1-gaokao2023en-exclusive0817,353,353,19,draft|draft_verify,104.81929779052734,175.140380859375,0.0,793,19,794,19,0,0,1,1,0
gaokao2023en,bbeam1,step-profile-config2-bbeam1-gaokao2023en-exclusive0817,354,354,1,draft|draft_verify,339.0543460845947,30.397653579711914,0.0,92,69,107,1,0,0,1,1,0
gaokao2023en,bbeam1,step-profile-config2-bbeam1-gaokao2023en-exclusive0817,354,354,2,draft|draft_verify,204.5116424560547,52.1090030670166,0.0,161,44,153,2,0,0,1,1,0
gaokao2023en,bbeam1,step-profile-config2-bbeam1-gaokao2023en-exclusive0817,354,354,3,draft|draft_verify,132.04050064086914,59.41581726074219,0.0,205,29,184,3,0,0,1,1,0
gaokao2023en,bbeam1,step-profile-config2-bbeam1-gaokao2023en-exclusive0817,354,354,4,draft|draft_verify|target|backtracking_verify,162.6431941986084,125.77605247497559,253.80635261535645,234,36,441,8,234,34,1,2,1
gaokao2023en,bbeam1,step-profile-config2-bbeam1-gaokao2023en-exclusive0817,354,354,5,draft|draft_verify|target|target_rescue_verify,497.50280380249023,217.23675727844238,115.64493179321289,538,101,777,15,270,8,2,3,1
gaokao2023en,bbeam1,step-profile-config2-bbeam1-gaokao2023en-exclusive0817,354,354,6,draft|draft_verify|target|backtracking_verify,117.6307201385498,190.81425666809082,96.99463844299316,560,24,736,18,278,8,2,3,1
gaokao2023en,bbeam1,step-profile-config2-bbeam1-gaokao2023en-exclusive0817,354,354,7,draft|draft_verify|target|target_rescue_verify,1459.9273204803467,536.7453098297119,867.9587841033936,870,280,1886,42,870,122,3,6,3
gaokao2023en,bbeam1,step-profile-config2-bbeam1-gaokao2023en-exclusive0817,354,354,8,draft|draft_verify|target|target_rescue_verify,10657.65380859375,1097.5642204284668,3267.9004669189453,992,2207,4469,48,992,523,3,6,3
gaokao2023en,bbeam1,step-profile-config2-bbeam1-gaokao2023en-exclusive0817,354,354,9,draft|draft_verify,162.81628608703613,145.84803581237793,0.0,497,35,494,9,0,0,1,1,0
gaokao2023en,bbeam1,step-profile-config2-bbeam1-gaokao2023en-exclusive0817,354,354,10,draft|draft_verify|target|target_rescue_verify,9330.902338027954,665.4214859008789,596.3578224182129,532,2048,3129,20,532,89,1,2,1
gaokao2023en,bbeam1,step-profile-config2-bbeam1-gaokao2023en-exclusive0817,354,354,11,draft|draft_verify|target|target_rescue_verify,426.6245365142822,308.00533294677734,538.3594036102295,621,87,1348,22,621,87,1,2,1
gaokao2023en,bbeam1,step-profile-config2-bbeam1-gaokao2023en-exclusive0817,354,354,12,draft|draft_verify,413.36894035339355,156.02684020996094,0.0,708,88,764,12,0,0,1,1,0
gaokao2023en,bbeam1,step-profile-config2-bbeam1-gaokao2023en-exclusive0817,354,354,13,draft|draft_verify,396.8620300292969,181.5640926361084,0.0,796,88,854,13,0,0,1,1,0
gaokao2023en,bbeam1,step-profile-config2-bbeam1-gaokao2023en-exclusive0817,354,354,14,draft|draft_verify,408.9384078979492,208.54854583740234,0.0,884,87,943,14,0,0,1,1,0
gaokao2023en,bbeam1,step-profile-config2-bbeam1-gaokao2023en-exclusive0817,354,354,15,draft|draft_verify,450.9563446044922,224.5926856994629,0.0,971,87,1032,15,0,0,1,1,0
gaokao2023en,bbeam1,step-profile-config2-bbeam1-gaokao2023en-exclusive0817,354,354,16,draft|draft_verify,413.8774871826172,235.11719703674316,0.0,1058,88,1122,16,0,0,1,1,0
gaokao2023en,bbeam1,step-profile-config2-bbeam1-gaokao2023en-exclusive0817,354,354,17,draft|draft_verify,438.39526176452637,257.3542594909668,0.0,1146,88,1212,17,0,0,1,1,0
gaokao2023en,bbeam1,step-profile-config2-bbeam1-gaokao2023en-exclusive0817,354,354,18,draft|draft_verify,431.1718940734863,280.63416481018066,0.0,1234,87,1301,18,0,0,1,1,0
gaokao2023en,bbeam1,step-profile-config2-bbeam1-gaokao2023en-exclusive0817,354,354,19,draft|draft_verify,469.50554847717285,282.73916244506836,0.0,1321,92,1395,19,0,0,1,1,0
gaokao2023en,bbeam1,step-profile-config2-bbeam1-gaokao2023en-exclusive0817,354,354,20,draft|draft_verify,431.7500591278076,314.97669219970703,0.0,1413,89,1486,20,0,0,1,1,0
gaokao2023en,bbeam1,step-profile-config2-bbeam1-gaokao2023en-exclusive0817,354,354,21,draft|draft_verify,483.4778308868408,336.0886573791504,0.0,1502,88,1576,21,0,0,1,1,0
gaokao2023en,bbeam1,step-profile-config2-bbeam1-gaokao2023en-exclusive0817,354,354,22,draft|draft_verify,438.2967948913574,349.9588966369629,0.0,1590,92,1670,22,0,0,1,1,0
gaokao2023en,bbeam1,step-profile-config2-bbeam1-gaokao2023en-exclusive0817,354,354,23,draft|draft_verify,428.73144149780273,361.8509769439697,0.0,1682,91,1763,23,0,0,1,1,0
gaokao2023en,bbeam1,step-profile-config2-bbeam1-gaokao2023en-exclusive0817,354,354,24,draft|draft_verify,412.19353675842285,394.8547840118408,0.0,1773,88,1853,24,0,0,1,1,0
gaokao2023en,bbeam1,step-profile-config2-bbeam1-gaokao2023en-exclusive0817,354,354,25,draft|draft_verify,435.12773513793945,406.4960479736328,0.0,1861,92,1947,25,0,0,1,1,0
gaokao2023en,bbeam1,step-profile-config2-bbeam1-gaokao2023en-exclusive0817,354,354,26,draft|draft_verify,477.0042896270752,421.2322235107422,0.0,1953,89,2038,26,0,0,1,1,0
gaokao2023en,bbeam1,step-profile-config2-bbeam1-gaokao2023en-exclusive0817,354,354,27,draft|draft_verify,465.5613899230957,431.55574798583984,0.0,2042,90,2130,27,0,0,1,1,0
gaokao2023en,bbeam1,step-profile-config2-bbeam1-gaokao2023en-exclusive0817,355,355,1,draft|draft_verify|target|backtracking_verify,342.24963188171387,84.56540107727051,408.2622528076172,115,72,250,2,115,56,1,2,1
gaokao2023en,bbeam1,step-profile-config2-bbeam1-gaokao2023en-exclusive0817,355,355,2,draft|draft_verify|target|target_rescue_verify,492.7973747253418,187.31307983398438,614.243745803833,358,109,591,6,187,93,2,3,1
gaokao2023en,bbeam1,step-profile-config2-bbeam1-gaokao2023en-exclusive0817,355,355,3,draft|draft_verify,184.14568901062012,65.61613082885742,0.0,199,42,190,3,0,0,1,1,0
gaokao2023en,bbeam1,step-profile-config2-bbeam1-gaokao2023en-exclusive0817,355,355,4,draft|draft_verify,167.72961616516113,68.81570816040039,0.0,241,35,227,4,0,0,1,1,0
gaokao2023en,bbeam1,step-profile-config2-bbeam1-gaokao2023en-exclusive0817,355,355,5,draft|draft_verify,117.66600608825684,68.90320777893066,0.0,276,28,256,5,0,0,1,1,0
gaokao2023en,bbeam1,step-profile-config2-bbeam1-gaokao2023en-exclusive0817,355,355,6,draft|draft_verify,172.6818084716797,87.72969245910645,0.0,304,36,294,6,0,0,1,1,0
gaokao2023en,bbeam1,step-profile-config2-bbeam1-gaokao2023en-exclusive0817,355,355,7,draft|draft_verify,132.95793533325195,104.17699813842773,0.0,340,28,323,7,0,0,1,1,0
gaokao2023en,bbeam1,step-profile-config2-bbeam1-gaokao2023en-exclusive0817,355,355,8,draft|draft_verify,177.83808708190918,95.84474563598633,0.0,368,38,363,8,0,0,1,1,0
gaokao2023en,bbeam1,step-profile-config2-bbeam1-gaokao2023en-exclusive0817,355,355,9,draft|draft_verify,94.51603889465332,96.10414505004883,0.0,406,20,384,9,0,0,1,1,0
gaokao2023en,bbeam1,step-profile-config2-bbeam1-gaokao2023en-exclusive0817,355,355,10,draft|draft_verify,3182.0404529571533,144.98209953308105,0.0,426,38,424,10,0,0,1,1,0
gaokao2023en,bbeam1,step-profile-config2-bbeam1-gaokao2023en-exclusive0817,355,355,11,draft|draft_verify,84.95855331420898,130.57637214660645,0.0,464,18,443,11,0,0,1,1,0
gaokao2023en,bbeam1,step-profile-config2-bbeam1-gaokao2023en-exclusive0817,355,355,12,draft|draft_verify,158.63537788391113,144.9146270751953,0.0,482,36,481,12,0,0,1,1,0
gaokao2023en,bbeam1,step-profile-config2-bbeam1-gaokao2023en-exclusive0817,355,355,13,draft|draft_verify,92.80729293823242,137.17079162597656,0.0,518,20,502,13,0,0,1,1,0
gaokao2023en,bbeam1,step-profile-config2-bbeam1-gaokao2023en-exclusive0817,355,355,14,draft|draft_verify,191.73574447631836,134.25517082214355,0.0,538,38,542,14,0,0,1,1,0
gaokao2023en,bbeam1,step-profile-config2-bbeam1-gaokao2023en-exclusive0817,355,355,15,draft|draft_verify,60.15968322753906,128.58152389526367,0.0,576,10,553,15,0,0,1,1,0
gaokao2023en,bbeam1,step-profile-config2-bbeam1-gaokao2023en-exclusive0817,355,355,16,draft|draft_verify,152.55331993103027,132.38120079040527,0.0,586,38,593,16,0,0,1,1,0
gaokao2023en,bbeam1,step-profile-config2-bbeam1-gaokao2023en-exclusive0817,355,355,17,draft|draft_verify,137.1457576751709,132.77363777160645,0.0,624,28,622,17,0,0,1,1,0
gaokao2023en,bbeam1,step-profile-config2-bbeam1-gaokao2023en-exclusive0817,355,355,18,draft|draft_verify,162.47010231018066,155.68089485168457,0.0,652,36,660,18,0,0,1,1,0
gaokao2023en,bbeam1,step-profile-config2-bbeam1-gaokao2023en-exclusive0817,355,355,19,draft|draft_verify,122.70569801330566,156.57782554626465,0.0,688,20,681,19,0,0,1,1,0
gaokao2023en,bbeam1,step-profile-config2-bbeam1-gaokao2023en-exclusive0817,355,355,20,draft|draft_verify,225.61335563659668,164.72506523132324,0.0,708,38,721,20,0,0,1,1,0
gaokao2023en,bbeam1,step-profile-config2-bbeam1-gaokao2023en-exclusive0817,355,355,21,draft|draft_verify,71.12979888916016,156.43763542175293,0.0,746,10,732,21,0,0,1,1,0
gaokao2023en,bbeam1,step-profile-config2-bbeam1-gaokao2023en-exclusive0817,355,355,22,draft|draft_verify,181.976318359375,174.9136447906494,0.0,756,38,772,22,0,0,1,1,0
gaokao2023en,bbeam1,step-profile-config2-bbeam1-gaokao2023en-exclusive0817,355,355,23,draft|draft_verify,109.41386222839355,177.14619636535645,0.0,794,18,791,23,0,0,1,1,0
gaokao2023en,bbeam1,step-profile-config2-bbeam1-gaokao2023en-exclusive0817,355,355,24,draft|draft_verify,214.57314491271973,175.91571807861328,0.0,812,36,829,24,0,0,1,1,0
gaokao2023en,bbeam1,step-profile-config2-bbeam1-gaokao2023en-exclusive0817,355,355,25,draft|draft_verify,98.92797470092773,190.3233528137207,0.0,848,20,850,25,0,0,1,1,0
gaokao2023en,bbeam1,step-profile-config2-bbeam1-gaokao2023en-exclusive0817,355,355,26,draft|draft_verify,203.77087593078613,200.46329498291016,0.0,868,38,890,26,0,0,1,1,0
gaokao2023en,bbeam1,step-profile-config2-bbeam1-gaokao2023en-exclusive0817,355,355,27,draft|draft_verify,62.967538833618164,201.94745063781738,0.0,906,10,901,27,0,0,1,1,0
gaokao2023en,bbeam1,step-profile-config2-bbeam1-gaokao2023en-exclusive0817,355,355,28,draft|draft_verify,200.89197158813477,202.52180099487305,0.0,916,38,941,28,0,0,1,1,0
gaokao2023en,bbeam1,step-profile-config2-bbeam1-gaokao2023en-exclusive0817,355,355,29,draft|draft_verify,167.13666915893555,203.06015014648438,0.0,954,28,970,29,0,0,1,1,0
gaokao2023en,bbeam1,step-profile-config2-bbeam1-gaokao2023en-exclusive0817,355,355,30,draft|draft_verify,162.37926483154297,212.25595474243164,0.0,982,36,1008,30,0,0,1,1,0
gaokao2023en,bbeam1,step-profile-config2-bbeam1-gaokao2023en-exclusive0817,355,355,31,draft|draft_verify,110.0308895111084,226.05252265930176,0.0,1018,20,1029,31,0,0,1,1,0
gaokao2023en,bbeam1,step-profile-config2-bbeam1-gaokao2023en-exclusive0817,355,355,32,draft|draft_verify,215.61074256896973,230.30805587768555,0.0,1038,38,1069,32,0,0,1,1,0
gaokao2023en,bbeam1,step-profile-config2-bbeam1-gaokao2023en-exclusive0817,355,355,33,draft|draft_verify,59.99016761779785,225.47578811645508,0.0,1076,10,1080,33,0,0,1,1,0
gaokao2023en,bbeam1,step-profile-config2-bbeam1-gaokao2023en-exclusive0817,355,355,34,draft|draft_verify,190.02842903137207,231.65297508239746,0.0,1086,38,1120,34,0,0,1,1,0
gaokao2023en,bbeam1,step-profile-config2-bbeam1-gaokao2023en-exclusive0817,355,355,35,draft|draft_verify,100.06999969482422,232.76686668395996,0.0,1124,18,1139,35,0,0,1,1,0
gaokao2023en,bbeam1,step-profile-config2-bbeam1-gaokao2023en-exclusive0817,355,355,36,draft|draft_verify,179.94284629821777,260.03026962280273,0.0,1142,36,1177,36,0,0,1,1,0
gaokao2023en,bbeam1,step-profile-config2-bbeam1-gaokao2023en-exclusive0817,355,355,37,draft|draft_verify,93.78337860107422,257.5500011444092,0.0,1178,20,1198,37,0,0,1,1,0
gaokao2023en,bbeam1,step-profile-config2-bbeam1-gaokao2023en-exclusive0817,355,355,38,draft|draft_verify,181.70785903930664,260.8323097229004,0.0,1198,38,1238,38,0,0,1,1,0
gaokao2023en,bbeam1,step-profile-config2-bbeam1-gaokao2023en-exclusive0817,355,355,39,draft|draft_verify,55.450439453125,263.3357048034668,0.0,1236,10,1249,39,0,0,1,1,0
gaokao2023en,bbeam1,step-profile-config2-bbeam1-gaokao2023en-exclusive0817,355,355,40,draft|draft_verify,185.1348876953125,277.618408203125,0.0,1246,38,1289,40,0,0,1,1,0
gaokao2023en,bbeam1,step-profile-config2-bbeam1-gaokao2023en-exclusive0817,355,355,41,draft|draft_verify,88.82451057434082,279.7412872314453,0.0,1284,18,1308,41,0,0,1,1,0
gaokao2023en,bbeam1,step-profile-config2-bbeam1-gaokao2023en-exclusive0817,355,355,42,draft|draft_verify,178.17330360412598,281.7220687866211,0.0,1302,36,1346,42,0,0,1,1,0
gaokao2023en,bbeam1,step-profile-config2-bbeam1-gaokao2023en-exclusive0817,355,355,43,draft|draft_verify,100.2054214477539,292.33551025390625,0.0,1338,20,1367,43,0,0,1,1,0
gaokao2023en,bbeam1,step-profile-config2-bbeam1-gaokao2023en-exclusive0817,355,355,44,draft|draft_verify,207.26752281188965,281.635046005249,0.0,1358,38,1407,44,0,0,1,1,0
gaokao2023en,bbeam1,step-profile-config2-bbeam1-gaokao2023en-exclusive0817,355,355,45,draft|draft_verify,50.53305625915527,308.269739151001,0.0,1396,10,1418,45,0,0,1,1,0
gaokao2023en,bbeam1,step-profile-config2-bbeam1-gaokao2023en-exclusive0817,355,355,46,draft|draft_verify,176.58424377441406,321.96545600891113,0.0,1406,38,1458,46,0,0,1,1,0
gaokao2023en,bbeam1,step-profile-config2-bbeam1-gaokao2023en-exclusive0817,355,355,47,draft|draft_verify,134.4447135925293,316.0743713378906,0.0,1444,28,1487,47,0,0,1,1,0
gaokao2023en,bbeam1,step-profile-config2-bbeam1-gaokao2023en-exclusive0817,355,355,48,draft|draft_verify,157.22036361694336,320.6591606140137,0.0,1472,36,1525,48,0,0,1,1,0
gaokao2023en,bbeam1,step-profile-config2-bbeam1-gaokao2023en-exclusive0817,355,355,49,draft|draft_verify,111.59920692443848,335.8154296875,0.0,1508,20,1546,49,0,0,1,1,0
gaokao2023en,bbeam1,step-profile-config2-bbeam1-gaokao2023en-exclusive0817,355,355,50,draft|draft_verify,207.89813995361328,335.38079261779785,0.0,1528,38,1586,50,0,0,1,1,0
gaokao2023en,bbeam1,step-profile-config2-bbeam1-gaokao2023en-exclusive0817,355,355,51,draft|draft_verify,50.40574073791504,334.81788635253906,0.0,1566,10,1597,51,0,0,1,1,0
gaokao2023en,bbeam1,step-profile-config2-bbeam1-gaokao2023en-exclusive0817,355,355,52,draft|draft_verify,174.01862144470215,338.7007713317871,0.0,1576,38,1637,52,0,0,1,1,0
gaokao2023en,bbeam1,step-profile-config2-bbeam1-gaokao2023en-exclusive0817,355,355,53,draft|draft_verify,119.52924728393555,329.79583740234375,0.0,1614,18,1656,53,0,0,1,1,0
gaokao2023en,bbeam1,step-profile-config2-bbeam1-gaokao2023en-exclusive0817,355,355,54,draft|draft_verify,230.1168441772461,355.621337890625,0.0,1632,36,1694,54,0,0,1,1,0
gaokao2023en,bbeam1,step-profile-config2-bbeam1-gaokao2023en-exclusive0817,355,355,55,draft|draft_verify,131.84022903442383,356.6124439239502,0.0,1668,20,1715,55,0,0,1,1,0
gaokao2023en,bbeam1,step-profile-config2-bbeam1-gaokao2023en-exclusive0817,355,355,56,draft|draft_verify,219.16675567626953,368.92056465148926,0.0,1688,38,1755,56,0,0,1,1,0
gaokao2023en,bbeam1,step-profile-config2-bbeam1-gaokao2023en-exclusive0817,355,355,57,draft|draft_verify,64.89229202270508,368.757963180542,0.0,1726,10,1766,57,0,0,1,1,0
gaokao2023en,bbeam1,step-profile-config2-bbeam1-gaokao2023en-exclusive0817,355,355,58,draft|draft_verify,221.18449211120605,395.81990242004395,0.0,1736,38,1806,58,0,0,1,1,0
gaokao2023en,bbeam1,step-profile-config2-bbeam1-gaokao2023en-exclusive0817,355,355,59,draft|draft_verify,92.85926818847656,393.41259002685547,0.0,1774,18,1825,59,0,0,1,1,0
gaokao2023en,bbeam1,step-profile-config2-bbeam1-gaokao2023en-exclusive0817,355,355,60,draft|draft_verify,170.84407806396484,403.4464359283447,0.0,1792,36,1863,60,0,0,1,1,0
gaokao2023en,bbeam1,step-profile-config2-bbeam1-gaokao2023en-exclusive0817,355,355,61,draft|draft_verify,94.00582313537598,399.69706535339355,0.0,1828,20,1884,61,0,0,1,1,0
gaokao2023en,bbeam1,step-profile-config2-bbeam1-gaokao2023en-exclusive0817,355,355,62,draft|draft_verify,186.5863800048828,408.968448638916,0.0,1848,38,1924,62,0,0,1,1,0
gaokao2023en,bbeam1,step-profile-config2-bbeam1-gaokao2023en-exclusive0817,355,355,63,draft|draft_verify,54.49962615966797,408.62536430358887,0.0,1886,10,1935,63,0,0,1,1,0
gaokao2023en,bbeam1,step-profile-config2-bbeam1-gaokao2023en-exclusive0817,355,355,64,draft|draft_verify,182.24096298217773,409.4538688659668,0.0,1896,38,1975,64,0,0,1,1,0
gaokao2023en,bbeam1,step-profile-config2-bbeam1-gaokao2023en-exclusive0817,355,355,65,draft|draft_verify,92.26250648498535,420.57347297668457,0.0,1934,18,1994,65,0,0,1,1,0
gaokao2023en,bbeam1,step-profile-config2-bbeam1-gaokao2023en-exclusive0817,355,355,66,draft|draft_verify,185.17184257507324,411.4384651184082,0.0,1952,36,2032,66,0,0,1,1,0
gaokao2023en,bbeam1,step-profile-config2-bbeam1-gaokao2023en-exclusive0817,355,355,67,draft|draft_verify,103.1649112701416,439.75162506103516,0.0,1988,20,2053,67,0,0,1,1,0
gaokao2023en,bbeam1,step-profile-config2-bbeam1-gaokao2023en-exclusive0817,355,355,68,draft|draft_verify,184.06224250793457,439.96405601501465,0.0,2008,38,2093,68,0,0,1,1,0
gaokao2023en,bbeam1,step-profile-config2-bbeam1-gaokao2023en-exclusive0817,355,355,69,draft|draft_verify,56.539297103881836,433.8531494140625,0.0,2046,10,2104,69,0,0,1,1,0
gaokao2023en,bbeam1,step-profile-config2-bbeam1-gaokao2023en-exclusive0817,356,356,1,draft|draft_verify|target|target_rescue_verify,453.4740447998047,103.60956192016602,671.2403297424316,98,95,292,2,98,110,1,2,1
gaokao2023en,bbeam1,step-profile-config2-bbeam1-gaokao2023en-exclusive0817,356,356,2,draft|draft_verify|target|target_rescue_verify,2653.3682346343994,499.03082847595215,7588.618516921997,208,593,2204,4,208,1301,1,2,1
gaokao2023en,bbeam1,step-profile-config2-bbeam1-gaokao2023en-exclusive0817,357,357,1,draft|draft_verify,107.42926597595215,31.464099884033203,0.0,127,24,98,1,0,0,1,1,0
gaokao2023en,bbeam1,step-profile-config2-bbeam1-gaokao2023en-exclusive0817,357,357,2,draft|draft_verify,81.99906349182129,31.795978546142578,0.0,151,20,120,2,0,0,1,1,0
gaokao2023en,bbeam1,step-profile-config2-bbeam1-gaokao2023en-exclusive0817,357,357,3,draft|draft_verify,82.32402801513672,51.33366584777832,0.0,171,20,142,3,0,0,1,1,0
gaokao2023en,bbeam1,step-profile-config2-bbeam1-gaokao2023en-exclusive0817,357,357,4,draft|draft_verify,276.74078941345215,60.96529960632324,0.0,191,63,207,4,0,0,1,1,0
gaokao2023en,bbeam1,step-profile-config2-bbeam1-gaokao2023en-exclusive0817,357,357,5,draft|draft_verify,22.190093994140625,60.533761978149414,0.0,254,5,214,5,0,0,1,1,0
gaokao2023en,bbeam1,step-profile-config2-bbeam1-gaokao2023en-exclusive0817,357,357,6,draft|draft_verify,169.57998275756836,61.942338943481445,0.0,259,36,252,6,0,0,1,1,0
gaokao2023en,bbeam1,step-profile-config2-bbeam1-gaokao2023en-exclusive0817,357,357,7,draft|draft_verify,111.1750602722168,83.4493637084961,0.0,295,23,277,7,0,0,1,1,0
gaokao2023en,bbeam1,step-profile-config2-bbeam1-gaokao2023en-exclusive0817,357,357,8,draft|draft_verify,58.78448486328125,86.34090423583984,0.0,318,12,291,8,0,0,1,1,0
gaokao2023en,bbeam1,step-profile-config2-bbeam1-gaokao2023en-exclusive0817,357,357,9,draft|draft_verify,298.92516136169434,101.17125511169434,0.0,330,63,356,9,0,0,1,1,0
gaokao2023en,bbeam1,step-profile-config2-bbeam1-gaokao2023en-exclusive0817,357,357,10,draft|draft_verify,164.9949550628662,126.55210494995117,0.0,393,35,393,10,0,0,1,1,0
gaokao2023en,bbeam1,step-profile-config2-bbeam1-gaokao2023en-exclusive0817,357,357,11,draft|draft_verify,57.58547782897949,126.52873992919922,0.0,428,12,407,11,0,0,1,1,0
gaokao2023en,bbeam1,step-profile-config2-bbeam1-gaokao2023en-exclusive0817,357,357,12,draft|draft_verify,255.20873069763184,135.15615463256836,0.0,440,55,464,12,0,0,1,1,0
gaokao2023en,bbeam1,step-profile-config2-bbeam1-gaokao2023en-exclusive0817,357,357,13,draft|draft_verify,158.63943099975586,146.62957191467285,0.0,495,30,496,13,0,0,1,1,0
gaokao2023en,bbeam1,step-profile-config2-bbeam1-gaokao2023en-exclusive0817,357,357,14,draft|draft_verify,98.44827651977539,128.5378932952881,0.0,525,17,515,14,0,0,1,1,0
gaokao2023en,bbeam1,step-profile-config2-bbeam1-gaokao2023en-exclusive0817,357,357,15,draft|draft_verify,69.29588317871094,134.89270210266113,0.0,542,13,530,15,0,0,1,1,0
gaokao2023en,bbeam1,step-profile-config2-bbeam1-gaokao2023en-exclusive0817,357,357,16,draft|draft_verify,238.5690212249756,140.1970386505127,0.0,555,49,581,16,0,0,1,1,0
gaokao2023en,bbeam1,step-profile-config2-bbeam1-gaokao2023en-exclusive0817,357,357,17,draft|draft_verify,87.14461326599121,134.13500785827637,0.0,604,18,601,17,0,0,1,1,0
gaokao2023en,bbeam1,step-profile-config2-bbeam1-gaokao2023en-exclusive0817,357,357,18,draft|draft_verify,64.40043449401855,131.38294219970703,0.0,622,13,616,18,0,0,1,1,0
gaokao2023en,bbeam1,step-profile-config2-bbeam1-gaokao2023en-exclusive0817,357,357,19,draft|draft_verify,214.5366668701172,156.49652481079102,0.0,635,40,658,19,0,0,1,1,0
gaokao2023en,bbeam1,step-profile-config2-bbeam1-gaokao2023en-exclusive0817,357,357,20,draft|draft_verify,151.05175971984863,154.77991104125977,0.0,675,30,690,20,0,0,1,1,0
gaokao2023en,bbeam1,step-profile-config2-bbeam1-gaokao2023en-exclusive0817,357,357,21,draft|draft_verify|target|target_rescue_verify,302.837610244751,331.5093517303467,473.8495349884033,705,57,1492,42,705,51,1,2,1
gaokao2023en,bbeam1,step-profile-config2-bbeam1-gaokao2023en-exclusive0817,357,357,22,draft|draft_verify,41.702985763549805,167.022705078125,0.0,756,7,752,22,0,0,1,1,0
gaokao2023en,bbeam1,step-profile-config2-bbeam1-gaokao2023en-exclusive0817,358,358,1,draft|draft_verify|target|target_rescue_verify,335.3159427642822,64.19587135314941,349.4687080383301,86,74,189,2,86,51,1,2,1
gaokao2023en,bbeam1,step-profile-config2-bbeam1-gaokao2023en-exclusive0817,358,358,2,draft|draft_verify,453.6774158477783,64.86749649047852,0.0,137,102,187,2,0,0,1,1,0
gaokao2023en,bbeam1,step-profile-config2-bbeam1-gaokao2023en-exclusive0817,358,358,3,draft|draft_verify,168.17688941955566,62.51692771911621,0.0,239,36,225,3,0,0,1,1,0
gaokao2023en,bbeam1,step-profile-config2-bbeam1-gaokao2023en-exclusive0817,358,358,4,draft|draft_verify,183.81023406982422,88.02127838134766,0.0,275,38,265,4,0,0,1,1,0
gaokao2023en,bbeam1,step-profile-config2-bbeam1-gaokao2023en-exclusive0817,358,358,5,draft|draft_verify,13878.28779220581,89.48040008544922,0.0,313,53,320,5,0,0,1,1,0
gaokao2023en,bbeam1,step-profile-config2-bbeam1-gaokao2023en-exclusive0817,358,358,6,draft|draft_verify,56.72407150268555,109.53307151794434,0.0,366,11,333,6,0,0,1,1,0
gaokao2023en,bbeam1,step-profile-config2-bbeam1-gaokao2023en-exclusive0817,358,358,7,draft|draft_verify|target|target_rescue_verify,9678.570985794067,613.5461330413818,374.38011169433594,377,2048,2764,14,377,46,1,2,1
gaokao2023en,bbeam1,step-profile-config2-bbeam1-gaokao2023en-exclusive0817,358,358,8,draft|draft_verify,298.67053031921387,126.99294090270996,0.0,423,46,429,8,0,0,1,1,0
gaokao2023en,bbeam1,step-profile-config2-bbeam1-gaokao2023en-exclusive0817,358,358,9,draft|draft_verify,216.52960777282715,128.1726360321045,0.0,469,46,477,9,0,0,1,1,0
gaokao2023en,bbeam1,step-profile-config2-bbeam1-gaokao2023en-exclusive0817,358,358,10,draft|draft_verify,256.73627853393555,128.6451816558838,0.0,515,46,525,10,0,0,1,1,0
gaokao2023en,bbeam1,step-profile-config2-bbeam1-gaokao2023en-exclusive0817,358,358,11,draft|draft_verify,224.55620765686035,132.4782371520996,0.0,561,46,573,11,0,0,1,1,0
gaokao2023en,bbeam1,step-profile-config2-bbeam1-gaokao2023en-exclusive0817,358,358,12,draft|draft_verify|target|backtracking_verify,211.83180809020996,266.0825252532959,342.72098541259766,607,46,1248,24,607,52,1,2,1
gaokao2023en,bbeam1,step-profile-config2-bbeam1-gaokao2023en-exclusive0817,358,358,13,draft|draft_verify|target|target_rescue_verify,238.2955551147461,311.8607997894287,352.75983810424805,653,48,1342,26,653,48,1,2,1
gaokao2023en,bbeam1,step-profile-config2-bbeam1-gaokao2023en-exclusive0817,358,358,14,draft|draft_verify,162.40525245666504,161.0705852508545,0.0,701,33,706,14,0,0,1,1,0
gaokao2023en,bbeam1,step-profile-config2-bbeam1-gaokao2023en-exclusive0817,359,359,1,draft|draft_verify,206.1288356781006,77.08024978637695,0.0,283,43,272,1,0,0,1,1,0
gaokao2023en,bbeam1,step-profile-config2-bbeam1-gaokao2023en-exclusive0817,359,359,2,draft|draft_verify|target|backtracking_verify,998.3692169189453,274.1127014160156,960.5751037597656,326,213,914,4,326,153,1,2,1
gaokao2023en,bbeam1,step-profile-config2-bbeam1-gaokao2023en-exclusive0817,359,359,3,draft|draft_verify|target|target_rescue_verify,1683.0427646636963,426.19943618774414,940.3445720672607,1018,365,1923,9,539,151,2,3,1
gaokao2023en,bbeam1,step-profile-config2-bbeam1-gaokao2023en-exclusive0817,359,359,4,draft|draft_verify|target|target_rescue_verify,1722.3515510559082,552.208662033081,1112.7753257751465,1396,371,2491,12,690,179,2,3,1
gaokao2023en,bbeam1,step-profile-config2-bbeam1-gaokao2023en-exclusive0817,359,359,5,draft|draft_verify,186.24234199523926,156.09073638916016,0.0,742,41,737,5,0,0,1,1,0
gaokao2023en,bbeam1,step-profile-config2-bbeam1-gaokao2023en-exclusive0817,359,359,6,draft|draft_verify,1015.6519412994385,194.6091651916504,0.0,783,221,960,6,0,0,1,1,0
gaokao2023en,bbeam1,step-profile-config2-bbeam1-gaokao2023en-exclusive0817,359,359,7,draft|draft_verify,345.91102600097656,228.54304313659668,0.0,1004,68,1030,7,0,0,1,1,0
gaokao2023en,bbeam1,step-profile-config2-bbeam1-gaokao2023en-exclusive0817,359,359,8,draft|draft_verify,1169.2836284637451,266.69955253601074,0.0,1072,219,1251,8,0,0,1,1,0
gaokao2023en,bbeam1,step-profile-config2-bbeam1-gaokao2023en-exclusive0817,359,359,9,draft|draft_verify,1217.7889347076416,315.8087730407715,0.0,1291,203,1456,9,0,0,1,1,0
gaokao2023en,bbeam1,step-profile-config2-bbeam1-gaokao2023en-exclusive0817,359,359,10,draft|draft_verify,1003.2956600189209,352.5726795196533,0.0,1494,207,1665,10,0,0,1,1,0
gaokao2023en,bbeam1,step-profile-config2-bbeam1-gaokao2023en-exclusive0817,359,359,11,draft|draft_verify,964.4453525543213,395.97344398498535,0.0,1701,207,1874,11,0,0,1,1,0
gaokao2023en,bbeam1,step-profile-config2-bbeam1-gaokao2023en-exclusive0817,359,359,12,draft|draft_verify,923.0773448944092,433.9461326599121,0.0,1908,207,2083,12,0,0,1,1,0
gaokao2023en,bbeam1,step-profile-config2-bbeam1-gaokao2023en-exclusive0817,360,360,1,draft|draft_verify,255.71942329406738,33.00833702087402,0.0,111,57,114,1,0,0,1,1,0
gaokao2023en,bbeam1,step-profile-config2-bbeam1-gaokao2023en-exclusive0817,360,360,2,draft|draft_verify,308.1018924713135,52.892446517944336,0.0,168,68,184,2,0,0,1,1,0
gaokao2023en,bbeam1,step-profile-config2-bbeam1-gaokao2023en-exclusive0817,360,360,3,draft|draft_verify,116.1646842956543,61.50412559509277,0.0,236,27,213,3,0,0,1,1,0
gaokao2023en,bbeam1,step-profile-config2-bbeam1-gaokao2023en-exclusive0817,360,360,4,draft|draft_verify,137.6655101776123,60.837745666503906,0.0,263,30,245,4,0,0,1,1,0
gaokao2023en,bbeam1,step-profile-config2-bbeam1-gaokao2023en-exclusive0817,360,360,5,draft|draft_verify,221.43030166625977,78.49407196044922,0.0,293,46,293,5,0,0,1,1,0
gaokao2023en,bbeam1,step-profile-config2-bbeam1-gaokao2023en-exclusive0817,360,360,6,draft|draft_verify,293.7743663787842,103.83296012878418,0.0,339,63,358,6,0,0,1,1,0
gaokao2023en,bbeam1,step-profile-config2-bbeam1-gaokao2023en-exclusive0817,361,361,1,draft|draft_verify,202.16083526611328,30.007123947143555,0.0,104,45,95,1,0,0,1,1,0
gaokao2023en,bbeam1,step-profile-config2-bbeam1-gaokao2023en-exclusive0817,361,361,2,draft|draft_verify,348.7575054168701,51.25141143798828,0.0,149,79,176,2,0,0,1,1,0
gaokao2023en,bbeam1,step-profile-config2-bbeam1-gaokao2023en-exclusive0817,361,361,3,draft|draft_verify,95.21746635437012,63.93241882324219,0.0,228,18,196,3,0,0,1,1,0
gaokao2023en,bbeam1,step-profile-config2-bbeam1-gaokao2023en-exclusive0817,361,361,4,draft|draft_verify,74.68986511230469,65.66405296325684,0.0,246,15,213,4,0,0,1,1,0
gaokao2023en,bbeam1,step-profile-config2-bbeam1-gaokao2023en-exclusive0817,361,361,5,draft|draft_verify,147.28665351867676,68.61472129821777,0.0,261,29,244,5,0,0,1,1,0
gaokao2023en,bbeam1,step-profile-config2-bbeam1-gaokao2023en-exclusive0817,361,361,6,draft|draft_verify,119.93885040283203,79.6966552734375,0.0,290,24,270,6,0,0,1,1,0
gaokao2023en,bbeam1,step-profile-config2-bbeam1-gaokao2023en-exclusive0817,362,362,1,draft|draft_verify|target|backtracking_verify,118.20793151855469,105.17001152038574,285.9046459197998,164,19,277,2,164,38,1,2,1
gaokao2023en,bbeam1,step-profile-config2-bbeam1-gaokao2023en-exclusive0817,362,362,2,draft|draft_verify|target|target_rescue_verify|backtracking_verify,562.6373291015625,251.9845962524414,580.6753635406494,385,102,743,8,385,83,2,4,2
gaokao2023en,bbeam1,step-profile-config2-bbeam1-gaokao2023en-exclusive0817,362,362,3,draft|draft_verify|target|target_rescue_verify,421.35071754455566,408.9345932006836,605.2207946777344,707,79,1264,18,707,81,3,6,3
gaokao2023en,bbeam1,step-profile-config2-bbeam1-gaokao2023en-exclusive0817,362,362,4,draft|draft_verify|target|target_rescue_verify,409.3294143676758,364.1533851623535,558.4123134613037,788,87,1227,20,521,82,3,5,2
gaokao2023en,bbeam1,step-profile-config2-bbeam1-gaokao2023en-exclusive0817,362,362,5,draft|draft_verify|target|target_rescue_verify,322.1020698547363,273.6239433288574,306.9651126861572,591,65,847,15,291,44,2,3,1
gaokao2023en,bbeam1,step-profile-config2-bbeam1-gaokao2023en-exclusive0817,362,362,6,draft|draft_verify,105.23509979248047,84.02633666992188,0.0,326,22,299,6,0,0,1,1,0
gaokao2023en,bbeam1,step-profile-config2-bbeam1-gaokao2023en-exclusive0817,362,362,7,draft|draft_verify,57.169437408447266,81.64739608764648,0.0,348,12,312,7,0,0,1,1,0
gaokao2023en,bbeam1,step-profile-config2-bbeam1-gaokao2023en-exclusive0817,362,362,8,draft|draft_verify|target|target_rescue_verify,169.99173164367676,194.28634643554688,140.4557228088379,360,36,678,16,360,16,1,2,1
gaokao2023en,bbeam1,step-profile-config2-bbeam1-gaokao2023en-exclusive0817,362,362,9,draft|draft_verify,96.41242027282715,103.51800918579102,0.0,376,20,350,9,0,0,1,1,0
gaokao2023en,bbeam1,step-profile-config2-bbeam1-gaokao2023en-exclusive0817,362,362,10,draft|draft_verify,99.10225868225098,93.61577033996582,0.0,396,19,371,10,0,0,1,1,0
gaokao2023en,bbeam1,step-profile-config2-bbeam1-gaokao2023en-exclusive0817,363,363,1,draft|draft_verify|target|target_rescue_verify,358.506441116333,80.13606071472168,159.77787971496582,126,79,239,2,126,16,1,2,1
gaokao2023en,bbeam1,step-profile-config2-bbeam1-gaokao2023en-exclusive0817,363,363,2,draft|draft_verify|target|backtracking_verify,144.59633827209473,84.66529846191406,281.6178798675537,142,32,253,4,142,41,1,2,1
gaokao2023en,bbeam1,step-profile-config2-bbeam1-gaokao2023en-exclusive0817,363,363,3,draft|draft_verify|target|backtracking_verify,335.24179458618164,168.26963424682617,277.10986137390137,357,74,495,9,174,40,2,3,1
gaokao2023en,bbeam1,step-profile-config2-bbeam1-gaokao2023en-exclusive0817,363,363,4,draft|draft_verify|target|target_rescue_verify,12618.66545677185,414.3855571746826,1196.1007118225098,645,181,1356,24,645,173,3,6,3
gaokao2023en,bbeam1,step-profile-config2-bbeam1-gaokao2023en-exclusive0817,363,363,5,draft|draft_verify|target|target_rescue_verify,316.2806034088135,177.50215530395508,531.9380760192871,279,67,600,10,279,67,1,2,1
gaokao2023en,bbeam1,step-profile-config2-bbeam1-gaokao2023en-exclusive0817,363,363,6,draft|draft_verify,233.2763671875,101.53412818908691,0.0,346,44,346,6,0,0,1,1,0
gaokao2023en,bbeam1,step-profile-config2-bbeam1-gaokao2023en-exclusive0817,363,363,7,draft|draft_verify,97.25260734558105,95.44205665588379,0.0,390,19,367,7,0,0,1,1,0
gaokao2023en,bbeam1,step-profile-config2-bbeam1-gaokao2023en-exclusive0817,364,364,1,draft|draft_verify,113.31963539123535,32.724857330322266,0.0,128,24,98,1,0,0,1,1,0
gaokao2023en,bbeam1,step-profile-config2-bbeam1-gaokao2023en-exclusive0817,364,364,2,draft|draft_verify,355.0610542297363,52.915096282958984,0.0,152,79,179,2,0,0,1,1,0
gaokao2023en,bbeam1,step-profile-config2-bbeam1-gaokao2023en-exclusive0817,364,364,3,draft|draft_verify,178.3146858215332,60.52827835083008,0.0,231,37,218,3,0,0,1,1,0
gaokao2023en,bbeam1,step-profile-config2-bbeam1-gaokao2023en-exclusive0817,364,364,4,draft|draft_verify,441.1125183105469,78.05252075195312,0.0,268,98,318,4,0,0,1,1,0
gaokao2023en,bbeam1,step-profile-config2-bbeam1-gaokao2023en-exclusive0817,364,364,5,draft|draft_verify,154.08825874328613,96.09866142272949,0.0,366,25,345,5,0,0,1,1,0
gaokao2023en,bbeam1,step-profile-config2-bbeam1-gaokao2023en-exclusive0817,365,365,1,draft|draft_verify,157.99832344055176,34.999847412109375,0.0,106,35,87,1,0,0,1,1,0
gaokao2023en,bbeam1,step-profile-config2-bbeam1-gaokao2023en-exclusive0817,365,365,2,draft|draft_verify,270.0369358062744,51.24974250793457,0.0,141,61,150,2,0,0,1,1,0
gaokao2023en,bbeam1,step-profile-config2-bbeam1-gaokao2023en-exclusive0817,365,365,3,draft|draft_verify,277.37951278686523,61.003923416137695,0.0,202,62,214,3,0,0,1,1,0
gaokao2023en,bbeam1,step-profile-config2-bbeam1-gaokao2023en-exclusive0817,365,365,4,draft|draft_verify,321.57301902770996,79.08058166503906,0.0,264,70,286,4,0,0,1,1,0
gaokao2023en,bbeam1,step-profile-config2-bbeam1-gaokao2023en-exclusive0817,365,365,5,draft|draft_verify,186.05566024780273,93.05500984191895,0.0,334,38,326,5,0,0,1,1,0
gaokao2023en,bbeam1,step-profile-config2-bbeam1-gaokao2023en-exclusive0817,366,366,1,draft|draft_verify,176.8665313720703,29.34861183166504,0.0,100,38,84,1,0,0,1,1,0
gaokao2023en,bbeam1,step-profile-config2-bbeam1-gaokao2023en-exclusive0817,366,366,2,draft|draft_verify|target|target_rescue_verify,455.49702644348145,127.7017593383789,876.8022060394287,138,94,406,4,138,140,1,2,1
gaokao2023en,bbeam1,step-profile-config2-bbeam1-gaokao2023en-exclusive0817,366,366,3,draft|draft_verify,456.41136169433594,103.81889343261719,0.0,278,98,326,3,0,0,1,1,0
gaokao2023en,bbeam1,step-profile-config2-bbeam1-gaokao2023en-exclusive0817,366,366,4,draft|draft_verify,93.44649314880371,93.99247169494629,0.0,376,18,346,4,0,0,1,1,0
gaokao2023en,bbeam1,step-profile-config2-bbeam1-gaokao2023en-exclusive0817,367,367,1,draft|draft_verify|target|target_rescue_verify,333.6665630340576,156.86583518981934,263.03648948669434,275,68,547,2,275,37,1,2,1
gaokao2023en,bbeam1,step-profile-config2-bbeam1-gaokao2023en-exclusive0817,367,367,2,draft|draft_verify|target|backtracking_verify,776.0879993438721,208.39190483093262,384.58871841430664,312,162,739,4,312,57,1,2,1
gaokao2023en,bbeam1,step-profile-config2-bbeam1-gaokao2023en-exclusive0817,367,367,3,draft|draft_verify|target|target_rescue_verify,1108.6604595184326,548.0754375457764,1899.113655090332,843,220,2017,12,843,311,2,4,2
gaokao2023en,bbeam1,step-profile-config2-bbeam1-gaokao2023en-exclusive0817,367,367,4,draft|draft_verify|target|backtracking_verify|target_rescue_verify,941.1356449127197,587.4793529510498,1431.6904544830322,1154,203,2538,16,1154,219,2,4,2
gaokao2023en,bbeam1,step-profile-config2-bbeam1-gaokao2023en-exclusive0817,367,367,5,draft|draft_verify|target|target_rescue_verify,1196.218490600586,777.9457569122314,894.2384719848633,1988,260,3406,25,1250,138,3,5,2
gaokao2023en,bbeam1,step-profile-config2-bbeam1-gaokao2023en-exclusive0817,367,367,6,draft|draft_verify,314.7461414337158,178.61080169677734,0.0,839,68,863,6,0,0,1,1,0
gaokao2023en,bbeam1,step-profile-config2-bbeam1-gaokao2023en-exclusive0817,367,367,7,draft|draft_verify|target|backtracking_verify,426.37109756469727,411.15641593933105,359.6022129058838,907,88,1872,14,907,54,1,2,1
gaokao2023en,bbeam1,step-profile-config2-bbeam1-gaokao2023en-exclusive0817,367,367,8,draft|draft_verify|target|target_rescue_verify,390.4573917388916,615.6492233276367,311.74755096435547,1956,82,2953,24,995,40,2,3,1
gaokao2023en,bbeam1,step-profile-config2-bbeam1-gaokao2023en-exclusive0817,368,368,1,draft|draft_verify,127.09331512451172,48.68435859680176,0.0,161,28,136,1,0,0,1,1,0
gaokao2023en,bbeam1,step-profile-config2-bbeam1-gaokao2023en-exclusive0817,368,368,2,draft|draft_verify,77.63791084289551,51.444053649902344,0.0,189,16,154,2,0,0,1,1,0
gaokao2023en,bbeam1,step-profile-config2-bbeam1-gaokao2023en-exclusive0817,368,368,3,draft|draft_verify,167.54412651062012,63.91620635986328,0.0,205,37,193,3,0,0,1,1,0
gaokao2023en,bbeam1,step-profile-config2-bbeam1-gaokao2023en-exclusive0817,368,368,4,draft|draft_verify,181.3662052154541,61.77330017089844,0.0,242,37,232,4,0,0,1,1,0
gaokao2023en,bbeam1,step-profile-config2-bbeam1-gaokao2023en-exclusive0817,368,368,5,draft|draft_verify,116.09053611755371,83.2517147064209,0.0,279,25,259,5,0,0,1,1,0
gaokao2023en,bbeam1,step-profile-config2-bbeam1-gaokao2023en-exclusive0817,368,368,6,draft|draft_verify,180.0999641418457,83.59265327453613,0.0,304,31,292,6,0,0,1,1,0
gaokao2023en,bbeam1,step-profile-config2-bbeam1-gaokao2023en-exclusive0817,368,368,7,draft|draft_verify,131.67381286621094,79.35237884521484,0.0,335,26,320,7,0,0,1,1,0
gaokao2023en,bbeam1,step-profile-config2-bbeam1-gaokao2023en-exclusive0817,368,368,8,draft|draft_verify,88.15479278564453,101.30071640014648,0.0,361,18,340,8,0,0,1,1,0
gaokao2023en,bbeam1,step-profile-config2-bbeam1-gaokao2023en-exclusive0817,368,368,9,draft|draft_verify,96.65226936340332,100.49104690551758,0.0,379,18,360,9,0,0,1,1,0
gaokao2023en,bbeam1,step-profile-config2-bbeam1-gaokao2023en-exclusive0817,369,369,1,draft|draft_verify,128.2353401184082,34.53350067138672,0.0,97,29,72,1,0,0,1,1,0
gaokao2023en,bbeam1,step-profile-config2-bbeam1-gaokao2023en-exclusive0817,369,369,2,draft|draft_verify,248.26931953430176,51.697731018066406,0.0,126,56,130,2,0,0,1,1,0
gaokao2023en,bbeam1,step-profile-config2-bbeam1-gaokao2023en-exclusive0817,369,369,3,draft|draft_verify,95.25775909423828,52.100419998168945,0.0,182,21,153,3,0,0,1,1,0
gaokao2023en,bbeam1,step-profile-config2-bbeam1-gaokao2023en-exclusive0817,369,369,4,draft|draft_verify,119.7957992553711,55.73391914367676,0.0,203,23,178,4,0,0,1,1,0
gaokao2023en,bbeam1,step-profile-config2-bbeam1-gaokao2023en-exclusive0817,369,369,5,draft|draft_verify,82.12709426879883,60.6083869934082,0.0,226,16,196,5,0,0,1,1,0
gaokao2023en,bbeam1,step-profile-config2-bbeam1-gaokao2023en-exclusive0817,369,369,6,draft|draft_verify,124.75848197937012,60.44483184814453,0.0,242,25,223,6,0,0,1,1,0
gaokao2023en,bbeam1,step-profile-config2-bbeam1-gaokao2023en-exclusive0817,369,369,7,draft|draft_verify,81.15673065185547,62.531471252441406,0.0,267,16,241,7,0,0,1,1,0
gaokao2023en,bbeam1,step-profile-config2-bbeam1-gaokao2023en-exclusive0817,369,369,8,draft|draft_verify|target|target_rescue_verify,283.90026092529297,164.05844688415527,262.94541358947754,283,60,580,16,283,34,1,2,1
gaokao2023en,bbeam1,step-profile-config2-bbeam1-gaokao2023en-exclusive0817,369,369,9,draft|draft_verify,94.69461441040039,77.71086692810059,0.0,317,19,298,9,0,0,1,1,0
gaokao2023en,bbeam1,step-profile-config2-bbeam1-gaokao2023en-exclusive0817,369,369,10,draft|draft_verify,175.19354820251465,94.79546546936035,0.0,336,37,337,10,0,0,1,1,0
gaokao2023en,bbeam1,step-profile-config2-bbeam1-gaokao2023en-exclusive0817,369,369,11,draft|draft_verify|target|target_rescue_verify,232.56802558898926,258.06570053100586,340.46101570129395,373,49,777,22,373,50,1,2,1
gaokao2023en,bbeam1,step-profile-config2-bbeam1-gaokao2023en-exclusive0817,369,369,12,draft|draft_verify,138.84639739990234,126.47390365600586,0.0,423,29,419,12,0,0,1,1,0
gaokao2023en,bbeam1,step-profile-config2-bbeam1-gaokao2023en-exclusive0817,370,370,1,draft|draft_verify|target|backtracking_verify,151.2589454650879,53.02834510803223,244.49849128723145,71,33,102,2,71,35,1,2,1
gaokao2023en,bbeam1,step-profile-config2-bbeam1-gaokao2023en-exclusive0817,370,370,2,draft|draft_verify|target|target_rescue_verify,512.9246711730957,100.79002380371094,379.69183921813965,210,113,329,6,104,58,2,3,1
gaokao2023en,bbeam1,step-profile-config2-bbeam1-gaokao2023en-exclusive0817,370,370,3,draft|draft_verify|target|backtracking_verify,376.2331008911133,117.64216423034668,504.5175552368164,147,83,352,6,147,75,1,2,1
gaokao2023en,bbeam1,step-profile-config2-bbeam1-gaokao2023en-exclusive0817,370,370,4,draft|draft_verify|target|target_rescue_verify,370.3949451446533,176.3019561767578,873.4936714172363,230,80,582,8,230,138,1,2,1
gaokao2023en,bbeam1,step-profile-config2-bbeam1-gaokao2023en-exclusive0817,370,370,5,draft|draft_verify|target|target_rescue_verify,9560.698747634888,648.284912109375,433.35509300231934,368,2049,2759,10,368,67,1,2,1
gaokao2023en,bbeam1,step-profile-config2-bbeam1-gaokao2023en-exclusive0817,370,370,6,draft|draft_verify,121.08373641967773,126.07288360595703,0.0,435,25,416,6,0,0,1,1,0
gaokao2023en,bbeam1,step-profile-config2-bbeam1-gaokao2023en-exclusive0817,371,371,1,draft|draft_verify,394.21844482421875,14907.488107681274,0.0,113,87,146,1,0,0,1,1,0
gaokao2023en,bbeam1,step-profile-config2-bbeam1-gaokao2023en-exclusive0817,371,371,2,draft|draft_verify,289.19386863708496,71.02084159851074,0.0,200,46,194,2,0,0,1,1,0
gaokao2023en,bbeam1,step-profile-config2-bbeam1-gaokao2023en-exclusive0817,371,371,3,draft|draft_verify|target|target_rescue_verify,440.97328186035156,188.16637992858887,1069.305658340454,246,92,663,6,246,179,1,2,1
gaokao2023en,bbeam1,step-profile-config2-bbeam1-gaokao2023en-exclusive0817,371,371,4,draft|draft_verify,327.0144462585449,127.06470489501953,0.0,425,77,454,4,0,0,1,1,0
gaokao2023en,bbeam1,step-profile-config2-bbeam1-gaokao2023en-exclusive0817,371,371,5,draft|draft_verify,253.51572036743164,137.29619979858398,0.0,502,54,510,5,0,0,1,1,0
gaokao2023en,bbeam1,step-profile-config2-bbeam1-gaokao2023en-exclusive0817,371,371,6,draft|draft_verify,149.6880054473877,129.06646728515625,0.0,556,30,542,6,0,0,1,1,0
gaokao2023en,bbeam1,step-profile-config2-bbeam1-gaokao2023en-exclusive0817,372,372,1,draft|draft_verify,276.5235900878906,64.11170959472656,0.0,193,66,205,1,0,0,1,1,0
gaokao2023en,bbeam1,step-profile-config2-bbeam1-gaokao2023en-exclusive0817,372,372,2,draft|draft_verify,130.7849884033203,61.045169830322266,0.0,259,31,238,2,0,0,1,1,0
gaokao2023en,bbeam1,step-profile-config2-bbeam1-gaokao2023en-exclusive0817,372,372,3,draft|draft_verify,317.4550533294678,78.79972457885742,0.0,290,70,310,3,0,0,1,1,0
gaokao2023en,bbeam1,step-profile-config2-bbeam1-gaokao2023en-exclusive0817,372,372,4,draft|draft_verify,740.8289909362793,143.99361610412598,0.0,360,162,474,4,0,0,1,1,0
gaokao2023en,bbeam1,step-profile-config2-bbeam1-gaokao2023en-exclusive0817,372,372,5,draft|draft_verify,738.1863594055176,134.28211212158203,0.0,522,160,636,5,0,0,1,1,0
gaokao2023en,bbeam1,step-profile-config2-bbeam1-gaokao2023en-exclusive0817,372,372,6,draft|draft_verify|target|target_rescue_verify,507.8768730163574,313.5197162628174,812.6404285430908,682,126,1530,12,682,128,1,2,1
gaokao2023en,bbeam1,step-profile-config2-bbeam1-gaokao2023en-exclusive0817,372,372,7,draft|draft_verify,147.28641510009766,176.85222625732422,0.0,810,29,797,7,0,0,1,1,0
gaokao2023en,bbeam1,step-profile-config2-bbeam1-gaokao2023en-exclusive0817,373,373,1,draft|draft_verify,254.96411323547363,51.702022552490234,0.0,132,57,136,1,0,0,1,1,0
gaokao2023en,bbeam1,step-profile-config2-bbeam1-gaokao2023en-exclusive0817,373,373,2,draft|draft_verify|target|target_rescue_verify,385.62655448913574,142.73452758789062,376.1565685272217,189,77,407,4,189,54,1,2,1
gaokao2023en,bbeam1,step-profile-config2-bbeam1-gaokao2023en-exclusive0817,373,373,3,draft|draft_verify,213.21511268615723,61.565399169921875,0.0,243,51,245,3,0,0,1,1,0
gaokao2023en,bbeam1,step-profile-config2-bbeam1-gaokao2023en-exclusive0817,373,373,4,draft|draft_verify,240.96155166625977,86.5635871887207,0.0,294,58,305,4,0,0,1,1,0
gaokao2023en,bbeam1,step-profile-config2-bbeam1-gaokao2023en-exclusive0817,373,373,5,draft|draft_verify,233.51645469665527,99.68447685241699,0.0,352,54,361,5,0,0,1,1,0
gaokao2023en,bbeam1,step-profile-config2-bbeam1-gaokao2023en-exclusive0817,373,373,6,draft|draft_verify,57.518959045410156,107.73158073425293,0.0,406,14,377,6,0,0,1,1,0
gaokao2023en,bbeam1,step-profile-config2-bbeam1-gaokao2023en-exclusive0817,373,373,7,draft|draft_verify,37.91189193725586,126.71208381652832,0.0,420,7,386,7,0,0,1,1,0
gaokao2023en,bbeam1,step-profile-config2-bbeam1-gaokao2023en-exclusive0817,374,374,1,draft|draft_verify,73.79770278930664,31.176328659057617,0.0,157,16,119,1,0,0,1,1,0
gaokao2023en,bbeam1,step-profile-config2-bbeam1-gaokao2023en-exclusive0817,374,374,2,draft|draft_verify,293.7166690826416,58.75825881958008,0.0,173,68,189,2,0,0,1,1,0
gaokao2023en,bbeam1,step-profile-config2-bbeam1-gaokao2023en-exclusive0817,374,374,3,draft|draft_verify|target|target_rescue_verify,554.3479919433594,222.853422164917,1701.3750076293945,241,126,781,6,241,273,1,2,1
gaokao2023en,bbeam1,step-profile-config2-bbeam1-gaokao2023en-exclusive0817,374,374,4,draft|draft_verify,274.1360664367676,128.89480590820312,0.0,514,65,531,4,0,0,1,1,0
gaokao2023en,bbeam1,step-profile-config2-bbeam1-gaokao2023en-exclusive0817,374,374,5,draft|draft_verify,102.28562355041504,128.85141372680664,0.0,579,20,553,5,0,0,1,1,0
gaokao2023en,bbeam1,step-profile-config2-bbeam1-gaokao2023en-exclusive0817,375,375,1,draft|draft_verify,245.1467514038086,78.1562328338623,0.0,273,54,273,1,0,0,1,1,0
gaokao2023en,bbeam1,step-profile-config2-bbeam1-gaokao2023en-exclusive0817,375,375,2,draft|draft_verify,122.93577194213867,78.74727249145508,0.0,327,29,304,2,0,0,1,1,0
gaokao2023en,bbeam1,step-profile-config2-bbeam1-gaokao2023en-exclusive0817,375,375,3,draft|draft_verify,53.26986312866211,78.15980911254883,0.0,356,11,317,3,0,0,1,1,0
gaokao2023en,bbeam1,step-profile-config2-bbeam1-gaokao2023en-exclusive0817,375,375,4,draft|draft_verify,401.8588066101074,126.40666961669922,0.0,367,92,411,4,0,0,1,1,0
gaokao2023en,bbeam1,step-profile-config2-bbeam1-gaokao2023en-exclusive0817,375,375,5,draft|draft_verify,72.3121166229248,126.35588645935059,0.0,459,16,429,5,0,0,1,1,0
gaokao2023en,bbeam1,step-profile-config2-bbeam1-gaokao2023en-exclusive0817,375,375,6,draft|draft_verify,761.6655826568604,131.55174255371094,0.0,475,168,599,6,0,0,1,1,0
gaokao2023en,bbeam1,step-profile-config2-bbeam1-gaokao2023en-exclusive0817,375,375,7,draft|draft_verify,59.46660041809082,132.11727142333984,0.0,643,12,613,7,0,0,1,1,0
gaokao2023en,bbeam1,step-profile-config2-bbeam1-gaokao2023en-exclusive0817,375,375,8,draft|draft_verify,193.52173805236816,151.76773071289062,0.0,655,43,658,8,0,0,1,1,0
gaokao2023en,bbeam1,step-profile-config2-bbeam1-gaokao2023en-exclusive0817,375,375,9,draft|draft_verify,74.36513900756836,151.67522430419922,0.0,698,16,676,9,0,0,1,1,0
gaokao2023en,bbeam1,step-profile-config2-bbeam1-gaokao2023en-exclusive0817,375,375,10,draft|draft_verify,75.1640796661377,152.91833877563477,0.0,714,16,694,10,0,0,1,1,0
gaokao2023en,bbeam1,step-profile-config2-bbeam1-gaokao2023en-exclusive0817,375,375,11,draft|draft_verify|target|backtracking_verify,105.43656349182129,308.5801601409912,264.85133171081543,730,19,1439,22,730,28,1,2,1
gaokao2023en,bbeam1,step-profile-config2-bbeam1-gaokao2023en-exclusive0817,375,375,12,draft|draft_verify|target|target_rescue_verify,182.05595016479492,309.89956855773926,303.2872676849365,749,38,1500,24,749,28,1,2,1
gaokao2023en,bbeam1,step-profile-config2-bbeam1-gaokao2023en-exclusive0817,376,376,1,draft|draft_verify|target|target_rescue_verify,214.6017551422119,103.8658618927002,450.2673149108887,182,47,357,2,182,54,1,2,1
gaokao2023en,bbeam1,step-profile-config2-bbeam1-gaokao2023en-exclusive0817,376,376,2,draft|draft_verify|target|target_rescue_verify,330.491304397583,216.37511253356934,2154.9601554870605,236,72,764,4,236,325,1,2,1
gaokao2023en,bbeam1,step-profile-config2-bbeam1-gaokao2023en-exclusive0817,376,376,3,draft|draft_verify|target|target_rescue_verify,267.7314281463623,271.1200714111328,360.5036735534668,561,56,1117,6,561,41,1,2,1
gaokao2023en,bbeam1,step-profile-config2-bbeam1-gaokao2023en-exclusive0817,376,376,4,draft|draft_verify|target|backtracking_verify,163.01918029785156,262.3097896575928,300.3387451171875,602,34,1174,8,602,34,1,2,1
gaokao2023en,bbeam1,step-profile-config2-bbeam1-gaokao2023en-exclusive0817,376,376,5,draft|draft_verify|target|target_rescue_verify,346.5414047241211,568.6171054840088,884.4091892242432,1272,72,2556,20,1272,128,2,4,2
gaokao2023en,bbeam1,step-profile-config2-bbeam1-gaokao2023en-exclusive0817,376,376,6,draft|draft_verify|target|backtracking_verify,548.7589836120605,612.8895282745361,508.1791877746582,1400,116,2808,24,1400,72,2,4,2
gaokao2023en,bbeam1,step-profile-config2-bbeam1-gaokao2023en-exclusive0817,376,376,7,draft|draft_verify|target|target_rescue_verify,540.8720970153809,1234.473466873169,853.6248207092285,2988,112,5860,56,2988,116,4,8,4
gaokao2023en,bbeam1,step-profile-config2-bbeam1-gaokao2023en-exclusive0817,376,376,8,draft|draft_verify|target|target_rescue_verify,810.0876808166504,702.5041580200195,994.0948486328125,1532,170,3228,32,1532,158,2,4,2
gaokao2023en,bbeam1,step-profile-config2-bbeam1-gaokao2023en-exclusive0817,376,376,9,draft|draft_verify|target|target_rescue_verify,338.08255195617676,380.95569610595703,823.1453895568848,845,76,1823,18,845,135,1,2,1
gaokao2023en,bbeam1,step-profile-config2-bbeam1-gaokao2023en-exclusive0817,376,376,10,draft|draft_verify,200.29139518737793,203.36604118347168,0.0,980,48,991,10,0,0,1,1,0
gaokao2023en,bbeam1,step-profile-config2-bbeam1-gaokao2023en-exclusive0817,376,376,11,draft|draft_verify,134.93108749389648,205.0952911376953,0.0,1028,27,1020,11,0,0,1,1,0
gaokao2023en,bbeam1,step-profile-config2-bbeam1-gaokao2023en-exclusive0817,377,377,1,draft|draft_verify|target|backtracking_verify,84.23495292663574,62.92581558227539,155.89094161987305,118,18,164,2,118,18,1,2,1
gaokao2023en,bbeam1,step-profile-config2-bbeam1-gaokao2023en-exclusive0817,377,377,2,draft|draft_verify|target|target_rescue_verify,597.0988273620605,225.97241401672363,1036.3268852233887,272,136,626,8,272,154,2,4,2
gaokao2023en,bbeam1,step-profile-config2-bbeam1-gaokao2023en-exclusive0817,377,377,3,draft|draft_verify,365.01073837280273,69.24200057983398,0.0,213,82,245,3,0,0,1,1,0
gaokao2023en,bbeam1,step-profile-config2-bbeam1-gaokao2023en-exclusive0817,377,377,4,draft|draft_verify|target|target_rescue_verify,415.0576591491699,20606.86159133911,344.0682888031006,295,89,630,8,295,47,1,2,1
gaokao2023en,bbeam1,step-profile-config2-bbeam1-gaokao2023en-exclusive0817,377,377,5,draft|draft_verify,1021.9123363494873,138.99803161621094,0.0,342,223,519,5,0,0,1,1,0
gaokao2023en,bbeam1,step-profile-config2-bbeam1-gaokao2023en-exclusive0817,377,377,6,draft|draft_verify,101.79638862609863,128.59368324279785,0.0,565,21,542,6,0,0,1,1,0
gaokao2023en,bbeam1,step-profile-config2-bbeam1-gaokao2023en-exclusive0817,378,378,1,draft|draft_verify,296.314001083374,58.47883224487305,0.0,170,69,185,1,0,0,1,1,0
gaokao2023en,bbeam1,step-profile-config2-bbeam1-gaokao2023en-exclusive0817,378,378,2,draft|draft_verify,126.35278701782227,59.346914291381836,0.0,239,29,215,2,0,0,1,1,0
gaokao2023en,bbeam1,step-profile-config2-bbeam1-gaokao2023en-exclusive0817,378,378,3,draft|draft_verify,214.34307098388672,77.58617401123047,0.0,268,48,265,3,0,0,1,1,0
gaokao2023en,bbeam1,step-profile-config2-bbeam1-gaokao2023en-exclusive0817,378,378,4,draft|draft_verify,206.04300498962402,77.55041122436523,0.0,316,46,313,4,0,0,1,1,0
gaokao2023en,bbeam1,step-profile-config2-bbeam1-gaokao2023en-exclusive0817,378,378,5,draft|draft_verify,197.33476638793945,93.16110610961914,0.0,362,42,357,5,0,0,1,1,0
gaokao2023en,bbeam1,step-profile-config2-bbeam1-gaokao2023en-exclusive0817,379,379,1,draft|draft_verify,180.90343475341797,60.75000762939453,0.0,213,40,199,1,0,0,1,1,0
gaokao2023en,bbeam1,step-profile-config2-bbeam1-gaokao2023en-exclusive0817,379,379,2,draft|draft_verify,287.2500419616699,78.50289344787598,0.0,253,62,262,2,0,0,1,1,0
gaokao2023en,bbeam1,step-profile-config2-bbeam1-gaokao2023en-exclusive0817,379,379,3,draft|draft_verify,296.2369918823242,92.97800064086914,0.0,315,63,326,3,0,0,1,1,0
gaokao2023en,bbeam1,step-profile-config2-bbeam1-gaokao2023en-exclusive0817,379,379,4,draft|draft_verify|target|target_rescue_verify,307.6624870300293,251.29389762878418,485.16845703125,378,67,794,8,378,73,1,2,1
gaokao2023en,bbeam1,step-profile-config2-bbeam1-gaokao2023en-exclusive0817,379,379,5,draft|draft_verify,227.48112678527832,128.279447555542,0.0,451,49,450,5,0,0,1,1,0
gaokao2023en,bbeam1,step-profile-config2-bbeam1-gaokao2023en-exclusive0817,379,379,6,draft|draft_verify,291.52393341064453,129.09483909606934,0.0,500,63,514,6,0,0,1,1,0
gaokao2023en,bbeam1,step-profile-config2-bbeam1-gaokao2023en-exclusive0817,379,379,7,draft|draft_verify,302.8576374053955,132.66468048095703,0.0,563,64,579,7,0,0,1,1,0
gaokao2023en,bbeam1,step-profile-config2-bbeam1-gaokao2023en-exclusive0817,379,379,8,draft|draft_verify,350.9485721588135,153.1813144683838,0.0,627,74,654,8,0,0,1,1,0
gaokao2023en,bbeam1,step-profile-config2-bbeam1-gaokao2023en-exclusive0817,379,379,9,draft|draft_verify,230.15475273132324,160.8879566192627,0.0,701,49,704,9,0,0,1,1,0
gaokao2023en,bbeam1,step-profile-config2-bbeam1-gaokao2023en-exclusive0817,379,379,10,draft|draft_verify,189.04662132263184,155.80058097839355,0.0,750,38,743,10,0,0,1,1,0
gaokao2023en,bbeam1,step-profile-config2-bbeam1-gaokao2023en-exclusive0817,379,379,11,draft|draft_verify,114.6392822265625,158.1587791442871,0.0,788,23,768,11,0,0,1,1,0
gaokao2023en,bbeam1,step-profile-config2-bbeam1-gaokao2023en-exclusive0817,380,380,1,draft|draft_verify,114.89224433898926,31.17537498474121,0.0,129,25,100,1,0,0,1,1,0
gaokao2023en,bbeam1,step-profile-config2-bbeam1-gaokao2023en-exclusive0817,380,380,2,draft|draft_verify,369.71521377563477,59.21220779418945,0.0,154,84,186,2,0,0,1,1,0
gaokao2023en,bbeam1,step-profile-config2-bbeam1-gaokao2023en-exclusive0817,380,380,3,draft|draft_verify|target|target_rescue_verify,925.9350299835205,222.0017910003662,741.5940761566162,238,204,702,6,238,122,1,2,1
gaokao2023en,bbeam1,step-profile-config2-bbeam1-gaokao2023en-exclusive0817,380,380,4,draft|draft_verify|target|target_rescue_verify,364.7606372833252,220.51095962524414,366.72425270080566,360,79,760,8,360,57,1,2,1
gaokao2023en,bbeam1,step-profile-config2-bbeam1-gaokao2023en-exclusive0817,380,380,5,draft|draft_verify,346.83918952941895,128.1142234802246,0.0,417,75,446,5,0,0,1,1,0
gaokao2023en,bbeam1,step-profile-config2-bbeam1-gaokao2023en-exclusive0817,380,380,6,draft|draft_verify,151.23558044433594,127.94661521911621,0.0,492,30,478,6,0,0,1,1,0
gaokao2023en,bbeam1,step-profile-config2-bbeam1-gaokao2023en-exclusive0817,381,381,1,draft|draft_verify,133.84079933166504,32.72533416748047,0.0,82,30,58,1,0,0,1,1,0
gaokao2023en,bbeam1,step-profile-config2-bbeam1-gaokao2023en-exclusive0817,381,381,2,draft|draft_verify,130.47075271606445,29.145240783691406,0.0,112,28,88,2,0,0,1,1,0
gaokao2023en,bbeam1,step-profile-config2-bbeam1-gaokao2023en-exclusive0817,381,381,3,draft|draft_verify,170.06969451904297,35.331010818481445,0.0,140,38,128,3,0,0,1,1,0
gaokao2023en,bbeam1,step-profile-config2-bbeam1-gaokao2023en-exclusive0817,381,381,4,draft|draft_verify,443.7108039855957,60.874223709106445,0.0,178,97,227,4,0,0,1,1,0
gaokao2023en,bbeam1,step-profile-config2-bbeam1-gaokao2023en-exclusive0817,381,381,5,draft|draft_verify,296.7495918273926,79.40030097961426,0.0,275,63,292,5,0,0,1,1,0
gaokao2023en,bbeam1,step-profile-config2-bbeam1-gaokao2023en-exclusive0817,381,381,6,draft|draft_verify,236.69004440307617,103.59454154968262,0.0,338,51,345,6,0,0,1,1,0
gaokao2023en,bbeam1,step-profile-config2-bbeam1-gaokao2023en-exclusive0817,381,381,7,draft|draft_verify,445.66893577575684,126.5115737915039,0.0,389,99,446,7,0,0,1,1,0
gaokao2023en,bbeam1,step-profile-config2-bbeam1-gaokao2023en-exclusive0817,381,381,8,draft|draft_verify,140.20085334777832,127.8986930847168,0.0,488,32,480,8,0,0,1,1,0
gaokao2023en,bbeam1,step-profile-config2-bbeam1-gaokao2023en-exclusive0817,382,382,1,draft|draft_verify|target|backtracking_verify,360.29982566833496,118.76726150512695,256.9925785064697,202,80,415,2,202,39,1,2,1
gaokao2023en,bbeam1,step-profile-config2-bbeam1-gaokao2023en-exclusive0817,382,382,2,draft|draft_verify|target|target_rescue_verify,191.209077835083,204.16784286499023,428.8153648376465,523,43,757,6,282,65,2,3,1
gaokao2023en,bbeam1,step-profile-config2-bbeam1-gaokao2023en-exclusive0817,382,382,3,draft|draft_verify|target|target_rescue_verify,120.6049919128418,135.76006889343262,239.31503295898438,260,29,485,6,260,36,1,2,1
gaokao2023en,bbeam1,step-profile-config2-bbeam1-gaokao2023en-exclusive0817,382,382,4,draft|draft_verify,138.22507858276367,86.76576614379883,0.0,296,29,277,4,0,0,1,1,0
gaokao2023en,bbeam1,step-profile-config2-bbeam1-gaokao2023en-exclusive0817,382,382,5,draft|draft_verify,108.07251930236816,83.88471603393555,0.0,325,23,302,5,0,0,1,1,0
gaokao2023en,bbeam1,step-profile-config2-bbeam1-gaokao2023en-exclusive0817,382,382,6,draft|draft_verify,141.77680015563965,100.47602653503418,0.0,348,30,334,6,0,0,1,1,0
gaokao2023en,bbeam1,step-profile-config2-bbeam1-gaokao2023en-exclusive0817,382,382,7,draft|draft_verify,45.89080810546875,100.20756721496582,0.0,378,9,345,7,0,0,1,1,0
gaokao2023en,bbeam1,step-profile-config2-bbeam1-gaokao2023en-exclusive0817,382,382,8,draft|draft_verify,345.6757068634033,125.98371505737305,0.0,387,73,420,8,0,0,1,1,0
gaokao2023en,bbeam1,step-profile-config2-bbeam1-gaokao2023en-exclusive0817,382,382,9,draft|draft_verify,334.5978260040283,143.76425743103027,0.0,460,72,494,9,0,0,1,1,0
gaokao2023en,bbeam1,step-profile-config2-bbeam1-gaokao2023en-exclusive0817,382,382,10,draft|draft_verify|target|target_rescue_verify,339.8127555847168,258.45813751220703,473.33288192749023,532,73,1137,20,532,72,1,2,1
gaokao2023en,bbeam1,step-profile-config2-bbeam1-gaokao2023en-exclusive0817,382,382,11,draft|draft_verify,336.6122245788574,151.46589279174805,0.0,604,72,642,11,0,0,1,1,0
gaokao2023en,bbeam1,step-profile-config2-bbeam1-gaokao2023en-exclusive0817,382,382,12,draft|draft_verify,330.9612274169922,154.22463417053223,0.0,676,72,716,12,0,0,1,1,0
gaokao2023en,bbeam1,step-profile-config2-bbeam1-gaokao2023en-exclusive0817,382,382,13,draft|draft_verify,346.0423946380615,174.50809478759766,0.0,748,72,790,13,0,0,1,1,0
gaokao2023en,bbeam1,step-profile-config2-bbeam1-gaokao2023en-exclusive0817,382,382,14,draft|draft_verify,163.52510452270508,174.43108558654785,0.0,820,34,826,14,0,0,1,1,0
gaokao2023en,bbeam1,step-profile-config2-bbeam1-gaokao2023en-exclusive0817,382,382,15,draft|draft_verify,60.09626388549805,175.74048042297363,0.0,854,12,839,15,0,0,1,1,0
gaokao2023en,bbeam1,step-profile-config2-bbeam1-gaokao2023en-exclusive0817,383,383,1,draft|draft_verify,167.96422004699707,59.615373611450195,0.0,228,36,211,1,0,0,1,1,0
gaokao2023en,bbeam1,step-profile-config2-bbeam1-gaokao2023en-exclusive0817,383,383,2,draft|draft_verify,81.56585693359375,59.16929244995117,0.0,264,17,230,2,0,0,1,1,0
gaokao2023en,bbeam1,step-profile-config2-bbeam1-gaokao2023en-exclusive0817,383,383,3,draft|draft_verify,86.14015579223633,60.08768081665039,0.0,281,18,250,3,0,0,1,1,0
gaokao2023en,bbeam1,step-profile-config2-bbeam1-gaokao2023en-exclusive0817,383,383,4,draft|draft_verify,71.7616081237793,75.81686973571777,0.0,299,15,267,4,0,0,1,1,0
gaokao2023en,bbeam1,step-profile-config2-bbeam1-gaokao2023en-exclusive0817,383,383,5,draft|draft_verify,71.77901268005371,76.03096961975098,0.0,314,15,284,5,0,0,1,1,0
gaokao2023en,bbeam1,step-profile-config2-bbeam1-gaokao2023en-exclusive0817,383,383,6,draft|draft_verify,52.628517150878906,76.70831680297852,0.0,329,11,297,6,0,0,1,1,0
gaokao2023en,bbeam1,step-profile-config2-bbeam1-gaokao2023en-exclusive0817,383,383,7,draft|draft_verify,43.49231719970703,77.25334167480469,0.0,340,9,308,7,0,0,1,1,0
gaokao2023en,bbeam1,step-profile-config2-bbeam1-gaokao2023en-exclusive0817,383,383,8,draft|draft_verify,95.48377990722656,93.28532218933105,0.0,349,20,330,8,0,0,1,1,0
gaokao2023en,bbeam1,step-profile-config2-bbeam1-gaokao2023en-exclusive0817,383,383,9,draft|draft_verify,117.4461841583252,92.9710865020752,0.0,369,18,350,9,0,0,1,1,0
gaokao2023en,bbeam1,step-profile-config2-bbeam1-gaokao2023en-exclusive0817,383,383,10,draft|draft_verify,92.19002723693848,92.73123741149902,0.0,387,14,366,10,0,0,1,1,0
gaokao2023en,bbeam1,step-profile-config2-bbeam1-gaokao2023en-exclusive0817,383,383,11,draft|draft_verify,118.32547187805176,124.90057945251465,0.0,401,18,386,11,0,0,1,1,0
gaokao2023en,bbeam1,step-profile-config2-bbeam1-gaokao2023en-exclusive0817,383,383,12,draft|draft_verify,34301.44500732422,182.09123611450195,0.0,419,12,400,12,0,0,1,1,0
gaokao2023en,bbeam1,step-profile-config2-bbeam1-gaokao2023en-exclusive0817,383,383,13,draft|draft_verify,76.8885612487793,132.84993171691895,0.0,431,9,411,13,0,0,1,1,0
gaokao2023en,bbeam1,step-profile-config2-bbeam1-gaokao2023en-exclusive0817,383,383,14,draft|draft_verify,72.84712791442871,125.24032592773438,0.0,440,15,428,14,0,0,1,1,0
gaokao2023en,bbeam1,step-profile-config2-bbeam1-gaokao2023en-exclusive0817,383,383,15,draft|draft_verify,73.12440872192383,124.69696998596191,0.0,455,15,445,15,0,0,1,1,0
gaokao2023en,bbeam1,step-profile-config2-bbeam1-gaokao2023en-exclusive0817,383,383,16,draft|draft_verify,54.476261138916016,124.96709823608398,0.0,470,11,458,16,0,0,1,1,0
gaokao2023en,bbeam1,step-profile-config2-bbeam1-gaokao2023en-exclusive0817,383,383,17,draft|draft_verify,46.59914970397949,126.42812728881836,0.0,481,9,469,17,0,0,1,1,0
gaokao2023en,bbeam1,step-profile-config2-bbeam1-gaokao2023en-exclusive0817,383,383,18,draft|draft_verify,106.39786720275879,145.75791358947754,0.0,490,22,492,18,0,0,1,1,0
gaokao2023en,bbeam1,step-profile-config2-bbeam1-gaokao2023en-exclusive0817,383,383,19,draft|draft_verify,63.86566162109375,138.25631141662598,0.0,512,12,506,19,0,0,1,1,0
gaokao2023en,bbeam1,step-profile-config2-bbeam1-gaokao2023en-exclusive0817,383,383,20,draft|draft_verify,105.06772994995117,130.01203536987305,0.0,524,21,529,20,0,0,1,1,0
gaokao2023en,bbeam1,step-profile-config2-bbeam1-gaokao2023en-exclusive0817,383,383,21,draft|draft_verify,43.05076599121094,129.03785705566406,0.0,545,8,539,21,0,0,1,1,0
gaokao2023en,bbeam1,step-profile-config2-bbeam1-gaokao2023en-exclusive0817,383,383,22,draft|draft_verify,51.1624813079834,129.17041778564453,0.0,553,10,551,22,0,0,1,1,0
gaokao2023en,bbeam1,step-profile-config2-bbeam1-gaokao2023en-exclusive0817,383,383,23,draft|draft_verify,34.351348876953125,128.16262245178223,0.0,563,7,560,23,0,0,1,1,0
gaokao2023en,bbeam1,step-profile-config2-bbeam1-gaokao2023en-exclusive0817,383,383,24,draft|draft_verify,44.01063919067383,127.8986930847168,0.0,570,9,571,24,0,0,1,1,0
gaokao2023en,bbeam1,step-profile-config2-bbeam1-gaokao2023en-exclusive0817,383,383,25,draft|draft_verify,74.81741905212402,130.55658340454102,0.0,579,16,589,25,0,0,1,1,0
gaokao2023en,bbeam1,step-profile-config2-bbeam1-gaokao2023en-exclusive0817,383,383,26,draft|draft_verify,51.14436149597168,131.08181953430176,0.0,595,11,602,26,0,0,1,1,0
gaokao2023en,bbeam1,step-profile-config2-bbeam1-gaokao2023en-exclusive0817,383,383,27,draft|draft_verify,33.82062911987305,131.2549114227295,0.0,606,7,611,27,0,0,1,1,0
gaokao2023en,bbeam1,step-profile-config2-bbeam1-gaokao2023en-exclusive0817,383,383,28,draft|draft_verify,56.31375312805176,131.61230087280273,0.0,613,12,625,28,0,0,1,1,0
gaokao2023en,bbeam1,step-profile-config2-bbeam1-gaokao2023en-exclusive0817,383,383,29,draft|draft_verify,43.59102249145508,132.34782218933105,0.0,625,9,636,29,0,0,1,1,0
gaokao2023en,bbeam1,step-profile-config2-bbeam1-gaokao2023en-exclusive0817,383,383,30,draft|draft_verify,85.26039123535156,158.64229202270508,0.0,634,18,656,30,0,0,1,1,0
gaokao2023en,bbeam1,step-profile-config2-bbeam1-gaokao2023en-exclusive0817,383,383,31,draft|draft_verify,74.5384693145752,152.7080535888672,0.0,652,16,674,31,0,0,1,1,0
gaokao2023en,bbeam1,step-profile-config2-bbeam1-gaokao2023en-exclusive0817,383,383,32,draft|draft_verify,34.13701057434082,152.65226364135742,0.0,668,7,683,32,0,0,1,1,0
gaokao2023en,bbeam1,step-profile-config2-bbeam1-gaokao2023en-exclusive0817,383,383,33,draft|draft_verify,47.68824577331543,153.79810333251953,0.0,675,9,694,33,0,0,1,1,0
gaokao2023en,bbeam1,step-profile-config2-bbeam1-gaokao2023en-exclusive0817,384,384,1,draft|draft_verify,332.54218101501465,55.2515983581543,0.0,160,76,183,1,0,0,1,1,0
gaokao2023en,bbeam1,step-profile-config2-bbeam1-gaokao2023en-exclusive0817,384,384,2,draft|draft_verify,44.30413246154785,60.50753593444824,0.0,236,9,194,2,0,0,1,1,0
gaokao2023en,bbeam1,step-profile-config2-bbeam1-gaokao2023en-exclusive0817,384,384,3,draft|draft_verify|target|target_rescue_verify,538.3594036102295,167.04845428466797,638.5622024536133,245,116,608,6,245,100,1,2,1
gaokao2023en,bbeam1,step-profile-config2-bbeam1-gaokao2023en-exclusive0817,384,384,4,draft|draft_verify,356.32944107055664,104.22825813293457,0.0,345,75,373,4,0,0,1,1,0
gaokao2023en,bbeam1,step-profile-config2-bbeam1-gaokao2023en-exclusive0817,384,384,5,draft|draft_verify,357.8195571899414,142.0283317565918,0.0,420,75,450,5,0,0,1,1,0
gaokao2023en,bbeam1,step-profile-config2-bbeam1-gaokao2023en-exclusive0817,384,384,6,draft|draft_verify,355.7312488555908,128.57341766357422,0.0,495,75,527,6,0,0,1,1,0
gaokao2023en,bbeam1,step-profile-config2-bbeam1-gaokao2023en-exclusive0817,384,384,7,draft|draft_verify,365.9365177154541,132.87353515625,0.0,570,73,602,7,0,0,1,1,0
gaokao2023en,bbeam1,step-profile-config2-bbeam1-gaokao2023en-exclusive0817,384,384,8,draft|draft_verify,156.3723087310791,134.57679748535156,0.0,643,32,636,8,0,0,1,1,0
gaokao2023en,bbeam1,step-profile-config2-bbeam1-gaokao2023en-exclusive0817,384,384,9,draft|draft_verify,58.15696716308594,159.1782569885254,0.0,675,10,648,9,0,0,1,1,0
